schema_version,snapshot_id,capture_timestamp,source_timestamp,expiry,spot,current_atm,session_anchor_atm,range_low,range_high,rows_captured,source_is_stale,nifty_futures,futures_vwap,india_vix,range_ce_oi,range_pe_oi,range_oi_pcr,range_ce_exchange_change_oi,range_pe_exchange_change_oi,range_exchange_change_oi_pcr,range_ce_interval_oi_change,range_pe_interval_oi_change,range_ce_interval_volume,range_pe_interval_volume,max_ce_oi_strike,max_ce_oi,max_pe_oi_strike,max_pe_oi,max_ce_interval_add_strike,max_ce_interval_add,max_pe_interval_add_strike,max_pe_interval_add,atm_ce_ltp,atm_pe_ltp,atm_straddle_ltp,atm_ce_bid,atm_ce_ask,atm_pe_bid,atm_pe_ask,atm_straddle_bid,atm_straddle_ask,atm_straddle_mid,atm_ce_iv,atm_pe_iv,atm_quotes_executable,true_futures_context_available,trade_ready_data,quality_notes
2.1.0,20260828_111310_089,2026-08-28T11:13:10+05:30,2026-08-28T11:13:10+05:30,2026-09-01,24158.7,24150,24150,23550,24750,25,False,,,10.72,2120320.0,2120232.0,1.0,553926.0,1078845.0,1.9476,0.0,0.0,9475.0,12641.0,24300,264193.0,24200,281680.0,,,,,144.3,56.25,200.55,144.15,144.5,56.45,56.6,200.6,201.1,200.85,12.3,6.95,True,False,True,true one-minute NIFTY futures OHLCV/VWAP unavailable; scheduled-event status not supplied
2.1.0,20260828_111402_999,2026-08-28T11:14:02+05:30,2026-08-28T11:14:02+05:30,2026-09-01,24159.45,24150,24150,23550,24750,25,False,,,10.74,2124409.0,2111494.0,0.9939,558015.0,1070107.0,1.9177,4089.0,-8738.0,79111.0,90245.0,24300,265081.0,24200,279497.0,24400,1351.0,23900,1831.0,145.9,55.8,201.7,145.35,145.7,56.05,56.2,201.4,201.9,201.65,12.29,7.04,True,False,True,true one-minute NIFTY futures OHLCV/VWAP unavailable; scheduled-event status not supplied
2.1.0,20260828_111503_000,2026-08-28T11:15:03+05:30,2026-08-28T11:15:03+05:30,2026-09-01,24162.0,24150,24150,23550,24750,25,False,,,10.76,2105393.0,2110385.0,1.0024,538999.0,1068998.0,1.9833,-19016.0,-1109.0,132439.0,154716.0,24300,261389.0,24200,279476.0,24750,155.0,24000,1279.0,148.05,54.5,202.55,147.75,148.05,54.35,54.5,202.1,202.55,202.325,12.36,6.99,True,False,True,true one-minute NIFTY futures OHLCV/VWAP unavailable; scheduled-event status not supplied
2.1.0,20260828_111603_000,2026-08-28T11:16:03+05:30,2026-08-28T11:16:03+05:30,2026-09-01,24160.85,24150,24150,23550,24750,25,False,,,10.77,2109280.0,2110547.0,1.0006,542886.0,1069160.0,1.9694,3887.0,162.0,51717.0,70801.0,24300,261191.0,24200,280376.0,24250,1423.0,24100,1771.0,146.05,55.7,201.75,145.8,146.15,55.75,55.9,201.55,202.05,201.8,12.31,7.06,True,False,True,true one-minute NIFTY futures OHLCV/VWAP unavailable; scheduled-event status not supplied
2.1.0,20260828_111703_000,2026-08-28T11:17:03+05:30,2026-08-28T11:17:03+05:30,2026-09-01,24159.2,24150,24150,23550,24750,25,False,,,10.74,2109223.0,2116738.0,1.0036,542829.0,1075351.0,1.981,-57.0,6191.0,70354.0,115271.0,24300,260831.0,24200,282408.0,24250,807.0,24150,2697.0,144.35,56.85,201.2,144.5,144.8,56.5,56.65,201.0,201.45,201.225,12.21,7.12,True,False,True,true one-minute NIFTY futures OHLCV/VWAP unavailable; scheduled-event status not supplied
2.1.0,20260828_111803_000,2026-08-28T11:18:03+05:30,2026-08-28T11:18:03+05:30,2026-09-01,24153.75,24150,24150,23550,24750,25,False,,,10.75,2113820.0,2118138.0,1.002,547426.0,1076751.0,1.9669,4597.0,1400.0,61619.0,88654.0,24300,261651.0,24200,284721.0,24200,1259.0,24200,2313.0,141.2,58.4,199.6,139.75,140.0,59.3,59.45,199.05,199.45,199.25,12.08,7.13,True,False,True,true one-minute NIFTY futures OHLCV/VWAP unavailable; scheduled-event status not supplied
2.1.0,20260828_111903_000,2026-08-28T11:19:03+05:30,2026-08-28T11:19:03+05:30,2026-09-01,24149.45,24150,24150,23550,24750,25,False,,,10.75,2119344.0,2110686.0,0.9959,552950.0,1069299.0,1.9338,5524.0,-7452.0,68762.0,120390.0,24300,262141.0,24200,282330.0,24200,1163.0,23750,168.0,138.45,60.7,199.15,137.9,138.25,60.8,60.95,198.7,199.2,198.95,12.12,7.1,True,False,True,true one-minute NIFTY futures OHLCV/VWAP unavailable; scheduled-event status not supplied
2.1.0,20260828_112003_000,2026-08-28T11:20:03+05:30,2026-08-28T11:20:03+05:30,2026-09-01,24151.65,24150,24150,23550,24750,25,False,,,10.76,2127455.0,2103152.0,0.9886,561061.0,1061765.0,1.8924,8111.0,-7534.0,47276.0,67600.0,24300,264570.0,24200,281327.0,24300,2429.0,23550,618.0,137.35,61.1,198.45,137.15,137.35,61.05,61.25,198.2,198.6,198.4,11.96,7.18,True,False,True,true one-minute NIFTY futures OHLCV/VWAP unavailable; scheduled-event status not supplied
2.1.0,20260828_112103_000,2026-08-28T11:21:03+05:30,2026-08-28T11:21:03+05:30,2026-09-01,24147.0,24150,24150,23550,24750,25,False,,,10.77,2137085.0,2102218.0,0.9837,570691.0,1060831.0,1.8589,9630.0,-934.0,55113.0,73773.0,24300,266151.0,24200,281815.0,24200,2395.0,24000,556.0,135.0,62.5,197.5,135.0,135.2,62.5,62.7,197.5,197.9,197.7,11.9,7.17,True,False,True,true one-minute NIFTY futures OHLCV/VWAP unavailable; scheduled-event status not supplied
2.1.0,20260828_112203_000,2026-08-28T11:22:03+05:30,2026-08-28T11:22:03+05:30,2026-09-01,24144.45,24150,24150,23550,24750,25,False,,,10.81,2140128.0,2089003.0,0.9761,573734.0,1047616.0,1.826,3043.0,-13215.0,94485.0,152437.0,24300,267121.0,24200,278212.0,24150,1374.0,23900,519.0,132.35,64.15,196.5,132.4,132.75,64.15,64.3,196.55,197.05,196.8,11.8,7.22,True,False,True,true one-minute NIFTY futures OHLCV/VWAP unavailable; scheduled-event status not supplied
2.1.0,20260828_112303_000,2026-08-28T11:23:03+05:30,2026-08-28T11:23:03+05:30,2026-09-01,24143.85,24150,24150,23550,24750,25,False,,,10.82,2146315.0,2069563.0,0.9642,579921.0,1028176.0,1.773,6187.0,-19440.0,100226.0,157936.0,24300,267865.0,24200,273249.0,24100,1753.0,23750,792.0,134.25,62.85,197.1,134.1,134.25,62.6,62.7,196.7,196.95,196.825,12.05,7.02,True,False,True,true one-minute NIFTY futures OHLCV/VWAP unavailable; scheduled-event status not supplied
2.1.0,20260828_112403_001,2026-08-28T11:24:03+05:30,2026-08-28T11:24:03+05:30,2026-09-01,24140.6,24150,24150,23550,24750,25,False,,,10.84,2163591.0,2066253.0,0.955,597197.0,1024866.0,1.7161,17276.0,-3310.0,85218.0,115805.0,24300,270053.0,24200,271944.0,24400,4701.0,23750,287.0,130.15,66.2,196.35,130.15,130.35,66.0,66.2,196.15,196.55,196.35,11.75,7.24,True,False,True,true one-minute NIFTY futures OHLCV/VWAP unavailable; scheduled-event status not supplied
2.1.0,20260828_112503_000,2026-08-28T11:25:03+05:30,2026-08-28T11:25:03+05:30,2026-09-01,24139.95,24150,24150,23550,24750,25,False,,,10.84,2165143.0,2064054.0,0.9533,598749.0,1022667.0,1.708,1552.0,-2199.0,69341.0,123975.0,24300,269398.0,24200,272658.0,24400,1382.0,24000,1088.0,131.5,64.95,196.45,131.5,131.6,64.8,64.85,196.3,196.45,196.375,12.03,7.02,True,False,True,true one-minute NIFTY futures OHLCV/VWAP unavailable; scheduled-event status not supplied
2.1.0,20260828_112602_999,2026-08-28T11:26:02+05:30,2026-08-28T11:26:02+05:30,2026-09-01,24138.9,24150,24150,23550,24750,25,False,,,10.85,2173113.0,2066705.0,0.951,606719.0,1025318.0,1.6899,7970.0,2651.0,64165.0,130718.0,24300,269989.0,24200,272953.0,24150,2483.0,24100,2094.0,131.25,65.85,197.1,130.9,131.2,65.7,65.85,196.6,197.05,196.825,12.01,7.06,True,False,True,true one-minute NIFTY futures OHLCV/VWAP unavailable; scheduled-event status not supplied
2.1.0,20260828_112702_999,2026-08-28T11:27:02+05:30,2026-08-28T11:27:02+05:30,2026-09-01,24129.15,24150,24150,23550,24750,25,False,,,10.82,2178533.0,2055186.0,0.9434,612139.0,1013799.0,1.6562,5420.0,-11519.0,142885.0,242812.0,24300,270886.0,24200,268854.0,24500,2035.0,23950,91.0,123.9,70.55,194.45,123.7,124.0,70.7,70.85,194.4,194.85,194.625,11.8,7.07,True,False,True,true one-minute NIFTY futures OHLCV/VWAP unavailable; scheduled-event status not supplied
2.1.0,20260828_112803_000,2026-08-28T11:28:03+05:30,2026-08-28T11:28:03+05:30,2026-09-01,24129.85,24150,24150,23550,24750,25,False,,,10.85,2180969.0,2014638.0,0.9237,614575.0,973251.0,1.5836,2436.0,-40548.0,111838.0,212685.0,24300,270880.0,24200,258504.0,24450,2222.0,24000,3503.0,122.7,71.55,194.25,122.75,123.05,71.2,71.35,193.95,194.4,194.175,11.65,7.2,True,False,True,true one-minute NIFTY futures OHLCV/VWAP unavailable; scheduled-event status not supplied
2.1.0,20260828_112903_000,2026-08-28T11:29:03+05:30,2026-08-28T11:29:03+05:30,2026-09-01,24124.3,24100,24150,23550,24750,25,False,,,10.86,2189737.0,1998650.0,0.9127,623343.0,957263.0,1.5357,8768.0,-15988.0,126479.0,247394.0,24300,271334.0,24200,256089.0,24100,2133.0,24000,711.0,152.2,55.65,207.85,152.3,152.5,55.7,55.85,208.0,208.35,208.175,12.2,7.64,True,False,True,true one-minute NIFTY futures OHLCV/VWAP unavailable; scheduled-event status not supplied
2.1.0,20260828_113003_000,2026-08-28T11:30:03+05:30,2026-08-28T11:30:03+05:30,2026-09-01,24116.8,24100,24150,23550,24750,25,False,,,10.86,2208715.0,1963752.0,0.8891,642321.0,922365.0,1.436,18978.0,-34898.0,187425.0,349556.0,24300,274963.0,24200,248541.0,24150,3844.0,23700,2052.0,148.3,57.85,206.15,148.5,148.9,57.55,57.7,206.05,206.6,206.325,12.18,7.55,True,False,True,true one-minute NIFTY futures OHLCV/VWAP unavailable; scheduled-event status not supplied
2.1.0,20260828_113103_000,2026-08-28T11:31:03+05:30,2026-08-28T11:31:03+05:30,2026-09-01,24120.25,24100,24150,23550,24750,25,False,,,10.88,2221480.0,1930388.0,0.869,655086.0,889001.0,1.3571,12765.0,-33364.0,138165.0,234466.0,24300,277894.0,24100,243605.0,24100,3880.0,24350,233.0,150.45,56.2,206.65,150.05,150.35,56.35,56.45,206.4,206.8,206.6,12.25,7.54,True,False,True,true one-minute NIFTY futures OHLCV/VWAP unavailable; scheduled-event status not supplied
2.1.0,20260828_113203_000,2026-08-28T11:32:03+05:30,2026-08-28T11:32:03+05:30,2026-09-01,24122.65,24100,24150,23550,24750,25,False,,,10.85,2242560.0,1930337.0,0.8608,676166.0,888950.0,1.3147,21080.0,-51.0,83754.0,151912.0,24300,280923.0,24100,244226.0,24200,4349.0,24200,641.0,151.2,55.75,206.95,151.05,151.4,55.75,55.95,206.8,207.35,207.075,12.27,7.5,True,False,True,true one-minute NIFTY futures OHLCV/VWAP unavailable; scheduled-event status not supplied
2.1.0,20260828_113303_000,2026-08-28T11:33:03+05:30,2026-08-28T11:33:03+05:30,2026-09-01,24117.5,24100,24150,23550,24750,25,False,,,10.86,2254821.0,1919135.0,0.8511,688427.0,877748.0,1.275,12261.0,-11202.0,109099.0,203726.0,24300,282459.0,24100,242565.0,24100,3814.0,23850,122.0,149.6,57.3,206.9,149.55,149.9,57.0,57.1,206.55,207.0,206.775,12.28,7.51,True,False,True,true one-minute NIFTY futures OHLCV/VWAP unavailable; scheduled-event status not supplied
2.1.0,20260828_113403_000,2026-08-28T11:34:03+05:30,2026-08-28T11:34:03+05:30,2026-09-01,24106.55,24100,24150,23550,24750,25,False,,,10.99,2269765.0,1925194.0,0.8482,703371.0,883807.0,1.2565,14944.0,6059.0,162097.0,396942.0,24300,283912.0,24200,242423.0,24100,2903.0,24150,3148.0,140.0,65.75,205.75,139.5,139.85,65.9,66.0,205.4,205.85,205.625,12.01,7.85,True,False,True,true one-minute NIFTY futures OHLCV/VWAP unavailable; scheduled-event status not supplied
2.1.0,20260828_113503_000,2026-08-28T11:35:03+05:30,2026-08-28T11:35:03+05:30,2026-09-01,24108.3,24100,24150,23550,24750,25,False,,,10.91,2286416.0,1822481.0,0.7971,720022.0,781094.0,1.0848,16651.0,-102713.0,202139.0,388454.0,24300,283398.0,24200,227164.0,24100,4720.0,23700,127.0,141.0,62.7,203.7,141.0,141.25,62.55,62.7,203.55,203.95,203.75,12.12,7.58,True,False,True,true one-minute NIFTY futures OHLCV/VWAP unavailable; scheduled-event status not supplied
2.1.0,20260828_113603_000,2026-08-28T11:36:03+05:30,2026-08-28T11:36:03+05:30,2026-09-01,24095.45,24100,24150,23550,24750,25,False,,,10.92,2322007.0,1807555.0,0.7784,755613.0,766168.0,1.014,35591.0,-14926.0,200851.0,354825.0,24200,287236.0,24100,224843.0,24200,6833.0,24450,960.0,133.35,70.05,203.4,133.5,133.9,69.45,69.6,202.95,203.5,203.225,11.96,7.76,True,False,True,true one-minute NIFTY futures OHLCV/VWAP unavailable; scheduled-event status not supplied
2.1.0,20260828_113703_000,2026-08-28T11:37:03+05:30,2026-08-28T11:37:03+05:30,2026-09-01,24095.5,24100,24150,23550,24750,25,False,,,10.93,2345210.0,1768406.0,0.7541,778816.0,727019.0,0.9335,23203.0,-39149.0,160159.0,329191.0,24200,295975.0,24100,218961.0,24200,8739.0,23850,827.0,136.45,67.7,204.15,136.05,136.4,67.7,67.85,203.75,204.25,204.0,12.21,7.61,True,False,True,true one-minute NIFTY futures OHLCV/VWAP unavailable; scheduled-event status not supplied
2.1.0,20260828_113803_000,2026-08-28T11:38:03+05:30,2026-08-28T11:38:03+05:30,2026-09-01,24101.3,24100,24150,23550,24750,25,False,,,10.9,2361785.0,1752735.0,0.7421,795391.0,711348.0,0.8943,16575.0,-15671.0,131269.0,238398.0,24200,298860.0,24100,216026.0,24100,3883.0,23800,1753.0,137.15,67.05,204.2,136.95,137.2,66.9,66.95,203.85,204.15,204.0,12.02,7.77,True,False,True,true one-minute NIFTY futures OHLCV/VWAP unavailable; scheduled-event status not supplied
2.1.0,20260828_113903_000,2026-08-28T11:39:03+05:30,2026-08-28T11:39:03+05:30,2026-09-01,24102.4,24100,24150,23550,24750,25,False,,,10.93,2383510.0,1746223.0,0.7326,817116.0,704836.0,0.8626,21725.0,-6512.0,118566.0,167302.0,24200,301856.0,24100,216936.0,24100,3797.0,24050,1630.0,138.15,65.4,203.55,138.2,138.55,65.25,65.45,203.45,204.0,203.725,12.09,7.66,True,False,True,true one-minute NIFTY futures OHLCV/VWAP unavailable; scheduled-event status not supplied
2.1.0,20260828_114003_000,2026-08-28T11:40:03+05:30,2026-08-28T11:40:03+05:30,2026-09-01,24101.9,24100,24150,23550,24750,25,False,,,10.88,2390366.0,1750547.0,0.7323,823972.0,709160.0,0.8607,6856.0,4324.0,99138.0,150541.0,24200,301928.0,24100,221416.0,24150,2122.0,24100,4480.0,136.3,66.4,202.7,136.55,136.8,66.05,66.25,202.6,203.05,202.825,11.9,7.71,True,False,True,true one-minute NIFTY futures OHLCV/VWAP unavailable; scheduled-event status not supplied
2.1.0,20260828_114103_000,2026-08-28T11:41:03+05:30,2026-08-28T11:41:03+05:30,2026-09-01,24103.25,24100,24150,23550,24750,25,False,,,10.85,2405674.0,1757803.0,0.7307,839280.0,716416.0,0.8536,15308.0,7256.0,59402.0,83948.0,24200,305358.0,24100,222871.0,24200,3430.0,24000,2201.0,138.2,64.85,203.05,138.4,138.75,64.55,64.7,202.95,203.45,203.2,12.12,7.55,True,False,True,true one-minute NIFTY futures OHLCV/VWAP unavailable; scheduled-event status not supplied
2.1.0,20260828_114203_000,2026-08-28T11:42:03+05:30,2026-08-28T11:42:03+05:30,2026-09-01,24102.25,24100,24150,23550,24750,25,False,,,10.83,2414923.0,1761374.0,0.7294,848529.0,719987.0,0.8485,9249.0,3571.0,60876.0,83491.0,24200,308319.0,24100,223817.0,24200,2961.0,24000,1183.0,136.4,65.6,202.0,136.35,136.7,65.7,65.9,202.05,202.6,202.325,11.86,7.75,True,False,True,true one-minute NIFTY futures OHLCV/VWAP unavailable; scheduled-event status not supplied
2.1.0,20260828_114302_999,2026-08-28T11:43:02+05:30,2026-08-28T11:43:02+05:30,2026-09-01,24099.0,24100,24150,23550,24750,25,False,,,10.82,2422736.0,1764121.0,0.7282,856342.0,722734.0,0.844,7813.0,2747.0,90419.0,166545.0,24200,309079.0,24100,225243.0,24400,1292.0,24100,1426.0,135.3,67.7,203.0,135.1,135.3,67.55,67.75,202.65,203.05,202.85,11.94,7.71,True,False,True,true one-minute NIFTY futures OHLCV/VWAP unavailable; scheduled-event status not supplied
2.1.0,20260828_114403_001,2026-08-28T11:44:03+05:30,2026-08-28T11:44:03+05:30,2026-09-01,24101.95,24100,24150,23550,24750,25,False,,,10.85,2427380.0,1776030.0,0.7317,860986.0,734643.0,0.8533,4644.0,11909.0,47910.0,91893.0,24200,309305.0,24100,228362.0,24100,2636.0,24100,3119.0,136.7,66.9,203.6,136.25,136.5,67.0,67.05,203.25,203.55,203.4,11.88,7.82,True,False,True,true one-minute NIFTY futures OHLCV/VWAP unavailable; scheduled-event status not supplied
2.1.0,20260828_114503_001,2026-08-28T11:45:03+05:30,2026-08-28T11:45:03+05:30,2026-09-01,24105.65,24100,24150,23550,24750,25,False,,,10.84,2436770.0,1770890.0,0.7267,870376.0,729503.0,0.8381,9390.0,-5140.0,48864.0,92086.0,24200,310991.0,24100,228157.0,24100,1840.0,24050,1319.0,136.7,66.2,202.9,136.7,137.05,66.2,66.35,202.9,203.4,203.15,11.74,7.88,True,False,True,true one-minute NIFTY futures OHLCV/VWAP unavailable; scheduled-event status not supplied
2.1.0,20260828_114603_000,2026-08-28T11:46:03+05:30,2026-08-28T11:46:03+05:30,2026-09-01,24102.7,24100,24150,23550,24750,25,False,,,10.85,2450506.0,1770564.0,0.7225,884112.0,729177.0,0.8248,13736.0,-326.0,65225.0,124536.0,24200,313531.0,24100,228394.0,24200,2540.0,24150,804.0,137.55,65.5,203.05,137.55,137.65,65.4,65.6,202.95,203.25,203.1,12.02,7.64,True,False,True,true one-minute NIFTY futures OHLCV/VWAP unavailable; scheduled-event status not supplied
2.1.0,20260828_114703_000,2026-08-28T11:47:03+05:30,2026-08-28T11:47:03+05:30,2026-09-01,24101.45,24100,24150,23550,24750,25,False,,,10.86,2455428.0,1778758.0,0.7244,889034.0,737371.0,0.8294,4922.0,8194.0,35110.0,56670.0,24200,313916.0,24100,230291.0,24100,1287.0,24100,1897.0,136.55,66.15,202.7,136.15,136.4,66.0,66.05,202.15,202.45,202.3,11.96,7.68,True,False,True,true one-minute NIFTY futures OHLCV/VWAP unavailable; scheduled-event status not supplied
2.1.0,20260828_114803_000,2026-08-28T11:48:03+05:30,2026-08-28T11:48:03+05:30,2026-09-01,24102.1,24100,24150,23550,24750,25,False,,,10.85,2462993.0,1781917.0,0.7235,896599.0,740530.0,0.8259,7565.0,3159.0,33876.0,54073.0,24200,314601.0,24100,231204.0,24100,2241.0,24100,913.0,136.3,66.15,202.45,136.0,136.2,65.95,66.1,201.95,202.3,202.125,11.9,7.64,True,False,True,true one-minute NIFTY futures OHLCV/VWAP unavailable; scheduled-event status not supplied
2.1.0,20260828_114903_000,2026-08-28T11:49:03+05:30,2026-08-28T11:49:03+05:30,2026-09-01,24103.35,24100,24150,23550,24750,25,False,,,10.85,2464881.0,1782743.0,0.7233,898487.0,741356.0,0.8251,1888.0,826.0,33447.0,54392.0,24200,314267.0,24100,233287.0,24250,580.0,24100,2083.0,136.6,66.1,202.7,136.7,136.75,66.0,66.1,202.7,202.85,202.775,11.89,7.74,True,False,True,true one-minute NIFTY futures OHLCV/VWAP unavailable; scheduled-event status not supplied
2.1.0,20260828_115003_000,2026-08-28T11:50:03+05:30,2026-08-28T11:50:03+05:30,2026-09-01,24106.45,24100,24150,23550,24750,25,False,,,10.86,2469807.0,1780997.0,0.7211,903413.0,739610.0,0.8187,4926.0,-1746.0,38487.0,61754.0,24200,315017.0,24100,233438.0,24200,750.0,23550,205.0,138.35,64.5,202.85,137.9,138.25,64.65,64.8,202.55,203.05,202.8,11.95,7.69,True,False,True,true one-minute NIFTY futures OHLCV/VWAP unavailable; scheduled-event status not supplied
2.1.0,20260828_115102_999,2026-08-28T11:51:02+05:30,2026-08-28T11:51:02+05:30,2026-09-01,24108.4,24100,24150,23550,24750,25,False,,,10.93,2470720.0,1778528.0,0.7198,904326.0,737141.0,0.8151,913.0,-2469.0,64624.0,108752.0,24200,315364.0,24100,231907.0,24500,618.0,24000,383.0,140.7,62.5,203.2,140.55,140.7,62.4,62.5,202.95,203.2,203.075,12.1,7.55,True,False,True,true one-minute NIFTY futures OHLCV/VWAP unavailable; scheduled-event status not supplied
2.1.0,20260828_115203_000,2026-08-28T11:52:03+05:30,2026-08-28T11:52:03+05:30,2026-09-01,24105.45,24100,24150,23550,24750,25,False,,,10.93,2475736.0,1765013.0,0.7129,909342.0,723626.0,0.7958,5016.0,-13515.0,62256.0,73646.0,24200,317182.0,24100,227007.0,24200,1818.0,23800,141.0,138.6,64.35,202.95,138.6,138.75,64.2,64.4,202.8,203.15,202.975,11.89,7.72,True,False,True,true one-minute NIFTY futures OHLCV/VWAP unavailable; scheduled-event status not supplied
2.1.0,20260828_115303_000,2026-08-28T11:53:03+05:30,2026-08-28T11:53:03+05:30,2026-09-01,24103.85,24100,24150,23550,24750,25,False,,,10.92,2478864.0,1771373.0,0.7146,912470.0,729986.0,0.8,3128.0,6360.0,30545.0,48937.0,24200,317561.0,24100,229034.0,24150,1052.0,24100,2027.0,136.45,66.2,202.65,136.6,136.9,66.1,66.25,202.7,203.15,202.925,11.91,7.75,True,False,True,true one-minute NIFTY futures OHLCV/VWAP unavailable; scheduled-event status not supplied
2.1.0,20260828_115403_000,2026-08-28T11:54:03+05:30,2026-08-28T11:54:03+05:30,2026-09-01,24099.25,24100,24150,23550,24750,25,False,,,10.95,2479966.0,1774266.0,0.7154,913572.0,732879.0,0.8022,1102.0,2893.0,51669.0,88588.0,24200,317264.0,24100,231322.0,24550,937.0,24100,2288.0,135.1,67.7,202.8,135.05,135.25,67.65,67.8,202.7,203.05,202.875,11.99,7.74,True,False,True,true one-minute NIFTY futures OHLCV/VWAP unavailable; scheduled-event status not supplied
2.1.0,20260828_115503_000,2026-08-28T11:55:03+05:30,2026-08-28T11:55:03+05:30,2026-09-01,24097.95,24100,24150,23550,24750,25,False,,,10.97,2483923.0,1778613.0,0.716,917529.0,737226.0,0.8035,3957.0,4347.0,36014.0,81062.0,24200,317410.0,24100,232498.0,24100,1471.0,24000,1619.0,135.25,68.05,203.3,135.0,135.35,67.75,67.95,202.75,203.3,203.025,11.96,7.7,True,False,True,true one-minute NIFTY futures OHLCV/VWAP unavailable; scheduled-event status not supplied
2.1.0,20260828_115603_000,2026-08-28T11:56:03+05:30,2026-08-28T11:56:03+05:30,2026-09-01,24096.05,24100,24150,23550,24750,25,False,,,10.97,2486165.0,1777207.0,0.7148,919771.0,735820.0,0.8,2242.0,-1406.0,36522.0,106405.0,24200,318257.0,24100,232323.0,24200,847.0,24000,660.0,135.3,68.0,203.3,134.95,135.25,68.0,68.1,202.95,203.35,203.15,12.15,7.56,True,False,True,true one-minute NIFTY futures OHLCV/VWAP unavailable; scheduled-event status not supplied
2.1.0,20260828_115702_999,2026-08-28T11:57:02+05:30,2026-08-28T11:57:02+05:30,2026-09-01,24085.15,24100,24150,23550,24750,25,False,,,11.09,2478302.0,1756933.0,0.7089,911908.0,715546.0,0.7847,-7863.0,-20274.0,208150.0,352954.0,24200,316796.0,24100,229250.0,24700,1555.0,24050,629.0,123.9,77.15,201.05,124.0,124.35,77.2,77.4,201.2,201.75,201.475,11.66,7.97,True,False,True,true one-minute NIFTY futures OHLCV/VWAP unavailable; scheduled-event status not supplied
2.1.0,20260828_115803_000,2026-08-28T11:58:03+05:30,2026-08-28T11:58:03+05:30,2026-09-01,24077.6,24100,24150,23550,24750,25,False,,,11.06,2476033.0,1665493.0,0.6726,909639.0,624106.0,0.6861,-2269.0,-91440.0,215787.0,498880.0,24200,316874.0,24100,209580.0,24000,1631.0,23850,4252.0,120.5,80.0,200.5,120.6,120.75,80.05,80.25,200.65,201.0,200.825,11.67,7.93,True,False,True,true one-minute NIFTY futures OHLCV/VWAP unavailable; scheduled-event status not supplied
2.1.0,20260828_115903_000,2026-08-28T11:59:03+05:30,2026-08-28T11:59:03+05:30,2026-09-01,24085.0,24100,24150,23550,24750,25,False,,,11.01,2483233.0,1647058.0,0.6633,916839.0,605671.0,0.6606,7200.0,-18435.0,126762.0,251874.0,24200,318658.0,24100,206760.0,24100,2504.0,24000,1815.0,126.25,75.05,201.3,126.1,126.25,74.75,74.85,200.85,201.1,200.975,11.78,7.8,True,False,True,true one-minute NIFTY futures OHLCV/VWAP unavailable; scheduled-event status not supplied
2.1.0,20260828_120003_000,2026-08-28T12:00:03+05:30,2026-08-28T12:00:03+05:30,2026-09-01,24085.1,24100,24150,23550,24750,25,False,,,11.01,2504809.0,1652744.0,0.6598,938415.0,611357.0,0.6515,21576.0,5686.0,131190.0,155219.0,24200,319503.0,24100,207375.0,24500,9475.0,24050,2398.0,124.2,75.2,199.4,124.2,124.55,75.2,75.35,199.4,199.9,199.65,11.67,7.78,True,False,True,true one-minute NIFTY futures OHLCV/VWAP unavailable; scheduled-event status not supplied
2.1.0,20260828_120103_000,2026-08-28T12:01:03+05:30,2026-08-28T12:01:03+05:30,2026-09-01,24083.8,24100,24150,23550,24750,25,False,,,11.01,2525368.0,1664544.0,0.6591,958974.0,623157.0,0.6498,20559.0,11800.0,76545.0,108635.0,24200,320013.0,24100,210011.0,24500,7128.0,24050,3116.0,123.2,76.3,199.5,123.2,123.5,76.3,76.45,199.5,199.95,199.725,11.69,7.77,True,False,True,true one-minute NIFTY futures OHLCV/VWAP unavailable; scheduled-event status not supplied
2.1.0,20260828_120203_000,2026-08-28T12:02:03+05:30,2026-08-28T12:02:03+05:30,2026-09-01,24083.8,24100,24150,23550,24750,25,False,,,11.01,2536224.0,1674391.0,0.6602,969830.0,633004.0,0.6527,10856.0,9847.0,64120.0,89737.0,24200,319458.0,24100,211153.0,24100,3442.0,24000,3035.0,124.2,75.25,199.45,123.75,124.0,75.25,75.4,199.0,199.4,199.2,11.69,7.74,True,False,True,true one-minute NIFTY futures OHLCV/VWAP unavailable; scheduled-event status not supplied
2.1.0,20260828_120303_000,2026-08-28T12:03:03+05:30,2026-08-28T12:03:03+05:30,2026-09-01,24083.7,24100,24150,23550,24750,25,False,,,11.0,2546450.0,1678549.0,0.6592,980056.0,637162.0,0.6501,10226.0,4158.0,55381.0,60121.0,24200,319325.0,24100,213648.0,24100,2418.0,24100,2495.0,122.7,75.4,198.1,122.7,123.0,75.2,75.35,197.9,198.35,198.125,11.63,7.72,True,False,True,true one-minute NIFTY futures OHLCV/VWAP unavailable; scheduled-event status not supplied
2.1.0,20260828_120403_000,2026-08-28T12:04:03+05:30,2026-08-28T12:04:03+05:30,2026-09-01,24080.9,24100,24150,23550,24750,25,False,,,11.03,2559050.0,1679165.0,0.6562,992656.0,637778.0,0.6425,12600.0,616.0,62302.0,87842.0,24200,321269.0,24100,214184.0,24100,2211.0,24000,1174.0,121.1,76.85,197.95,121.0,121.2,76.85,77.0,197.85,198.2,198.025,11.58,7.77,True,False,True,true one-minute NIFTY futures OHLCV/VWAP unavailable; scheduled-event status not supplied
2.1.0,20260828_120503_000,2026-08-28T12:05:03+05:30,2026-08-28T12:05:03+05:30,2026-09-01,24090.25,24100,24150,23550,24750,25,False,,,10.97,2553391.0,1663048.0,0.6513,986997.0,621661.0,0.6299,-5659.0,-16117.0,100665.0,221440.0,24200,319166.0,24100,208865.0,24550,376.0,23600,397.0,126.5,72.25,198.75,126.2,126.5,72.15,72.25,198.35,198.75,198.55,11.7,7.68,True,False,True,true one-minute NIFTY futures OHLCV/VWAP unavailable; scheduled-event status not supplied
2.1.0,20260828_120603_000,2026-08-28T12:06:03+05:30,2026-08-28T12:06:03+05:30,2026-09-01,24086.5,24100,24150,23550,24750,25,False,,,11.05,2566177.0,1674925.0,0.6527,999783.0,633538.0,0.6337,12786.0,11877.0,56716.0,93855.0,24200,321736.0,24100,212365.0,24100,3648.0,24100,3500.0,125.05,74.0,199.05,124.5,124.85,74.05,74.15,198.55,199.0,198.775,11.61,7.77,True,False,True,true one-minute NIFTY futures OHLCV/VWAP unavailable; scheduled-event status not supplied
2.1.0,20260828_120703_000,2026-08-28T12:07:03+05:30,2026-08-28T12:07:03+05:30,2026-09-01,24089.65,24100,24150,23550,24750,25,False,,,10.99,2571272.0,1686566.0,0.6559,1004878.0,645179.0,0.642,5095.0,11641.0,43279.0,69676.0,24200,322548.0,24100,214071.0,24150,1875.0,24000,2685.0,127.25,71.95,199.2,126.85,126.9,72.0,72.05,198.85,198.95,198.9,11.63,7.74,True,False,True,true one-minute NIFTY futures OHLCV/VWAP unavailable; scheduled-event status not supplied
2.1.0,20260828_120803_000,2026-08-28T12:08:03+05:30,2026-08-28T12:08:03+05:30,2026-09-01,24094.45,24100,24150,23550,24750,25,False,,,10.95,2576640.0,1672363.0,0.649,1010246.0,630976.0,0.6246,5368.0,-14203.0,65036.0,101517.0,24200,324200.0,24100,209529.0,24200,1652.0,23600,222.0,128.55,69.8,198.35,128.35,128.55,69.8,70.0,198.15,198.55,198.35,11.67,7.68,True,False,True,true one-minute NIFTY futures OHLCV/VWAP unavailable; scheduled-event status not supplied
2.1.0,20260828_120903_000,2026-08-28T12:09:03+05:30,2026-08-28T12:09:03+05:30,2026-09-01,24094.7,24100,24150,23550,24750,25,False,,,10.95,2584952.0,1656450.0,0.6408,1018558.0,615063.0,0.6039,8312.0,-15913.0,99929.0,110986.0,24200,324364.0,24100,205427.0,24300,2625.0,23700,521.0,128.2,70.5,198.7,128.0,128.3,70.3,70.45,198.3,198.75,198.525,11.52,7.79,True,False,True,true one-minute NIFTY futures OHLCV/VWAP unavailable; scheduled-event status not supplied
2.1.0,20260828_121003_000,2026-08-28T12:10:03+05:30,2026-08-28T12:10:03+05:30,2026-09-01,24086.55,24100,24150,23550,24750,25,False,,,11.05,2586803.0,1666494.0,0.6442,1020409.0,625107.0,0.6126,1851.0,10044.0,80327.0,132838.0,24200,323368.0,24100,208839.0,24500,1077.0,24100,3412.0,124.9,73.9,198.8,125.15,125.45,73.65,73.8,198.8,199.25,199.025,11.57,7.82,True,False,True,true one-minute NIFTY futures OHLCV/VWAP unavailable; scheduled-event status not supplied
2.1.0,20260828_121102_999,2026-08-28T12:11:02+05:30,2026-08-28T12:11:02+05:30,2026-09-01,24083.05,24100,24150,23550,24750,25,False,,,11.06,2581557.0,1680003.0,0.6508,1015163.0,638616.0,0.6291,-5246.0,13509.0,67947.0,152991.0,24200,322478.0,24100,209341.0,24700,305.0,24050,5560.0,122.5,76.25,198.75,122.55,122.85,76.25,76.45,198.8,199.3,199.05,11.55,7.87,True,False,True,true one-minute NIFTY futures OHLCV/VWAP unavailable; scheduled-event status not supplied
2.1.0,20260828_121203_001,2026-08-28T12:12:03+05:30,2026-08-28T12:12:03+05:30,2026-09-01,24078.65,24100,24150,23550,24750,25,False,,,11.08,2583376.0,1686039.0,0.6526,1016982.0,644652.0,0.6339,1819.0,6036.0,59707.0,157015.0,24200,322556.0,24100,212117.0,24000,721.0,24100,2776.0,121.95,77.45,199.4,122.3,122.45,77.25,77.45,199.55,199.9,199.725,11.8,7.74,True,False,True,true one-minute NIFTY futures OHLCV/VWAP unavailable; scheduled-event status not supplied
2.1.0,20260828_121303_000,2026-08-28T12:13:03+05:30,2026-08-28T12:13:03+05:30,2026-09-01,24080.25,24100,24150,23550,24750,25,False,,,11.07,2582619.0,1689204.0,0.6541,1016225.0,647817.0,0.6375,-757.0,3165.0,45253.0,102992.0,24200,322739.0,24100,212643.0,24250,750.0,24050,1885.0,122.25,77.1,199.35,122.25,122.55,77.1,77.3,199.35,199.85,199.6,11.73,7.78,True,False,True,true one-minute NIFTY futures OHLCV/VWAP unavailable; scheduled-event status not supplied
2.1.0,20260828_121403_000,2026-08-28T12:14:03+05:30,2026-08-28T12:14:03+05:30,2026-09-01,24086.1,24100,24150,23550,24750,25,False,,,11.07,2583138.0,1683538.0,0.6517,1016744.0,642151.0,0.6316,519.0,-5666.0,46948.0,90925.0,24200,321645.0,24100,210857.0,24500,1079.0,23750,338.0,125.95,74.1,200.05,125.8,126.0,74.1,74.25,199.9,200.25,200.075,11.83,7.68,True,False,True,true one-minute NIFTY futures OHLCV/VWAP unavailable; scheduled-event status not supplied
2.1.0,20260828_121503_000,2026-08-28T12:15:03+05:30,2026-08-28T12:15:03+05:30,2026-09-01,24086.4,24100,24150,23550,24750,25,False,,,11.1,2586846.0,1678244.0,0.6488,1020452.0,636857.0,0.6241,3708.0,-5294.0,50589.0,91908.0,24200,321643.0,24100,208954.0,24100,1031.0,23950,572.0,126.25,73.3,199.55,125.95,126.25,73.15,73.3,199.1,199.55,199.325,11.9,7.61,True,False,True,true one-minute NIFTY futures OHLCV/VWAP unavailable; scheduled-event status not supplied
2.1.0,20260828_121603_000,2026-08-28T12:16:03+05:30,2026-08-28T12:16:03+05:30,2026-09-01,24087.65,24100,24150,23550,24750,25,False,,,11.1,2592795.0,1690968.0,0.6522,1026401.0,649581.0,0.6329,5949.0,12724.0,34910.0,67394.0,24200,321716.0,24100,210260.0,24100,1429.0,24050,2640.0,127.0,72.45,199.45,126.45,126.75,72.9,73.1,199.35,199.85,199.6,11.82,7.66,True,False,True,true one-minute NIFTY futures OHLCV/VWAP unavailable; scheduled-event status not supplied
2.1.0,20260828_121703_000,2026-08-28T12:17:03+05:30,2026-08-28T12:17:03+05:30,2026-09-01,24086.35,24100,24150,23550,24750,25,False,,,11.12,2599010.0,1691323.0,0.6508,1032616.0,649936.0,0.6294,6215.0,355.0,40461.0,70406.0,24200,322164.0,24100,210405.0,24100,1480.0,23950,431.0,124.5,74.9,199.4,124.65,124.8,74.8,74.95,199.45,199.75,199.6,11.69,7.81,True,False,True,true one-minute NIFTY futures OHLCV/VWAP unavailable; scheduled-event status not supplied
2.1.0,20260828_121803_000,2026-08-28T12:18:03+05:30,2026-08-28T12:18:03+05:30,2026-09-01,24088.25,24100,24150,23550,24750,25,False,,,11.1,2603475.0,1697442.0,0.652,1037081.0,656055.0,0.6326,4465.0,6119.0,28853.0,47427.0,24200,322764.0,24100,212148.0,24150,946.0,24100,1743.0,125.7,73.3,199.0,125.8,126.0,73.25,73.45,199.05,199.45,199.25,11.66,7.8,True,False,True,true one-minute NIFTY futures OHLCV/VWAP unavailable; scheduled-event status not supplied
2.1.0,20260828_121903_000,2026-08-28T12:19:03+05:30,2026-08-28T12:19:03+05:30,2026-09-01,24088.95,24100,24150,23550,24750,25,False,,,11.11,2609090.0,1695577.0,0.6499,1042696.0,654190.0,0.6274,5615.0,-1865.0,28609.0,37815.0,24200,323950.0,24100,211176.0,24200,1186.0,24250,145.0,126.0,73.85,199.85,125.6,125.95,73.65,73.85,199.25,199.8,199.525,11.63,7.81,True,False,True,true one-minute NIFTY futures OHLCV/VWAP unavailable; scheduled-event status not supplied
2.1.0,20260828_122003_000,2026-08-28T12:20:03+05:30,2026-08-28T12:20:03+05:30,2026-09-01,24089.75,24100,24150,23550,24750,25,False,,,11.08,2611414.0,1697486.0,0.65,1045020.0,656099.0,0.6278,2324.0,1909.0,24722.0,39289.0,24200,324075.0,24100,212207.0,24300,562.0,24100,1031.0,126.7,72.2,198.9,126.7,126.8,72.2,72.35,198.9,199.15,199.025,11.7,7.71,True,False,True,true one-minute NIFTY futures OHLCV/VWAP unavailable; scheduled-event status not supplied
2.1.0,20260828_122103_000,2026-08-28T12:21:03+05:30,2026-08-28T12:21:03+05:30,2026-09-01,24093.4,24100,24150,23550,24750,25,False,,,11.01,2617857.0,1688568.0,0.645,1051463.0,647181.0,0.6155,6443.0,-8918.0,70986.0,121877.0,24200,325440.0,24100,209935.0,24200,1365.0,23800,767.0,128.35,70.9,199.25,128.1,128.4,70.7,70.9,198.8,199.3,199.05,11.63,7.76,True,False,True,true one-minute NIFTY futures OHLCV/VWAP unavailable; scheduled-event status not supplied
2.1.0,20260828_122203_000,2026-08-28T12:22:03+05:30,2026-08-28T12:22:03+05:30,2026-09-01,24092.4,24100,24150,23550,24750,25,False,,,11.07,2624284.0,1692277.0,0.6449,1057890.0,650890.0,0.6153,6427.0,3709.0,40409.0,57584.0,24200,326455.0,24100,210946.0,24100,1293.0,24000,1241.0,127.3,72.2,199.5,126.7,126.8,72.2,72.4,198.9,199.2,199.05,11.66,7.79,True,False,True,true one-minute NIFTY futures OHLCV/VWAP unavailable; scheduled-event status not supplied
2.1.0,20260828_122303_000,2026-08-28T12:23:03+05:30,2026-08-28T12:23:03+05:30,2026-09-01,24089.7,24100,24150,23550,24750,25,False,,,11.14,2630598.0,1689404.0,0.6422,1064204.0,648017.0,0.6089,6314.0,-2873.0,38570.0,58655.0,24200,327031.0,24100,210534.0,24500,1034.0,23900,197.0,124.35,74.35,198.7,124.25,124.5,74.4,74.6,198.65,199.1,198.875,11.52,7.93,True,False,True,true one-minute NIFTY futures OHLCV/VWAP unavailable; scheduled-event status not supplied
2.1.0,20260828_122402_999,2026-08-28T12:24:02+05:30,2026-08-28T12:24:02+05:30,2026-09-01,24085.3,24100,24150,23550,24750,25,False,,,11.11,2632395.0,1690148.0,0.6421,1066001.0,648761.0,0.6086,1797.0,744.0,51280.0,100911.0,24200,326566.0,24100,208083.0,24300,1542.0,23950,1020.0,122.05,76.45,198.5,122.3,122.5,76.15,76.4,198.45,198.9,198.675,11.46,7.95,True,False,True,true one-minute NIFTY futures OHLCV/VWAP unavailable; scheduled-event status not supplied
2.1.0,20260828_122503_000,2026-08-28T12:25:03+05:30,2026-08-28T12:25:03+05:30,2026-09-01,24086.75,24100,24150,23550,24750,25,False,,,11.11,2634364.0,1697410.0,0.6443,1067970.0,656023.0,0.6143,1969.0,7262.0,47991.0,95087.0,24200,325784.0,24100,208573.0,24300,1176.0,24000,1209.0,124.5,75.0,199.5,123.95,124.25,75.1,75.25,199.05,199.5,199.275,11.57,7.93,True,False,True,true one-minute NIFTY futures OHLCV/VWAP unavailable; scheduled-event status not supplied
2.1.0,20260828_122603_000,2026-08-28T12:26:03+05:30,2026-08-28T12:26:03+05:30,2026-09-01,24088.6,24100,24150,23550,24750,25,False,,,11.11,2634866.0,1703185.0,0.6464,1068472.0,661798.0,0.6194,502.0,5775.0,28888.0,55639.0,24200,327098.0,24100,209136.0,24200,1314.0,24050,1618.0,124.4,74.9,199.3,124.25,124.55,75.0,75.2,199.25,199.75,199.5,11.57,7.91,True,False,True,true one-minute NIFTY futures OHLCV/VWAP unavailable; scheduled-event status not supplied
2.1.0,20260828_122703_000,2026-08-28T12:27:03+05:30,2026-08-28T12:27:03+05:30,2026-09-01,24091.5,24100,24150,23550,24750,25,False,,,11.11,2640637.0,1701022.0,0.6442,1074243.0,659635.0,0.614,5771.0,-2163.0,22638.0,35544.0,24200,327815.0,24100,208268.0,24100,1685.0,23750,278.0,125.4,74.15,199.55,125.05,125.25,74.0,74.15,199.05,199.4,199.225,11.55,7.93,True,False,True,true one-minute NIFTY futures OHLCV/VWAP unavailable; scheduled-event status not supplied
2.1.0,20260828_122803_000,2026-08-28T12:28:03+05:30,2026-08-28T12:28:03+05:30,2026-09-01,24092.7,24100,24150,23550,24750,25,False,,,11.1,2641230.0,1694128.0,0.6414,1074836.0,652741.0,0.6073,593.0,-6894.0,44704.0,74679.0,24200,328072.0,24100,206347.0,24150,813.0,24300,333.0,126.35,72.7,199.05,126.15,126.45,72.55,72.75,198.7,199.2,198.95,11.57,7.87,True,False,True,true one-minute NIFTY futures OHLCV/VWAP unavailable; scheduled-event status not supplied
2.1.0,20260828_122903_000,2026-08-28T12:29:03+05:30,2026-08-28T12:29:03+05:30,2026-09-01,24092.1,24100,24150,23550,24750,25,False,,,11.09,2644310.0,1698647.0,0.6424,1077916.0,657260.0,0.6098,3080.0,4519.0,24351.0,34597.0,24200,328717.0,24100,207644.0,24500,1051.0,24100,1297.0,126.8,72.15,198.95,126.45,126.7,72.45,72.65,198.9,199.35,199.125,11.55,7.88,True,False,True,true one-minute NIFTY futures OHLCV/VWAP unavailable; scheduled-event status not supplied
2.1.0,20260828_123003_000,2026-08-28T12:30:03+05:30,2026-08-28T12:30:03+05:30,2026-09-01,24095.35,24100,24150,23550,24750,25,False,,,11.0,2642265.0,1701315.0,0.6439,1075871.0,659928.0,0.6134,-2045.0,2668.0,41286.0,56017.0,24200,328756.0,24100,209034.0,24500,453.0,24100,1390.0,128.8,70.25,199.05,128.75,128.8,70.3,70.5,199.05,199.3,199.175,11.7,7.74,True,False,True,true one-minute NIFTY futures OHLCV/VWAP unavailable; scheduled-event status not supplied
2.1.0,20260828_123103_000,2026-08-28T12:31:03+05:30,2026-08-28T12:31:03+05:30,2026-09-01,24095.8,24100,24150,23550,24750,25,False,,,10.98,2646713.0,1700143.0,0.6424,1080319.0,658756.0,0.6098,4448.0,-1172.0,52955.0,70670.0,24200,329421.0,24100,210587.0,24400,1316.0,24100,1553.0,127.65,71.35,199.0,127.4,127.75,71.1,71.25,198.5,199.0,198.75,11.4,7.99,True,False,True,true one-minute NIFTY futures OHLCV/VWAP unavailable; scheduled-event status not supplied
2.1.0,20260828_123202_999,2026-08-28T12:32:02+05:30,2026-08-28T12:32:02+05:30,2026-09-01,24098.35,24100,24150,23550,24750,25,False,,,10.99,2644969.0,1700361.0,0.6429,1078575.0,658974.0,0.611,-1744.0,218.0,46444.0,79763.0,24200,329169.0,24100,211962.0,24350,127.0,24100,1375.0,129.1,69.75,198.85,129.0,129.15,69.55,69.65,198.55,198.8,198.675,11.46,7.86,True,False,True,true one-minute NIFTY futures OHLCV/VWAP unavailable; scheduled-event status not supplied
2.1.0,20260828_123303_001,2026-08-28T12:33:03+05:30,2026-08-28T12:33:03+05:30,2026-09-01,24099.95,24100,24150,23550,24750,25,False,,,10.99,2652116.0,1693154.0,0.6384,1085722.0,651767.0,0.6003,7147.0,-7207.0,52690.0,75699.0,24200,330156.0,24100,210595.0,24300,1965.0,23550,177.0,129.55,68.95,198.5,129.25,129.55,68.9,69.1,198.15,198.65,198.4,11.5,7.83,True,False,True,true one-minute NIFTY futures OHLCV/VWAP unavailable; scheduled-event status not supplied
2.1.0,20260828_123403_000,2026-08-28T12:34:03+05:30,2026-08-28T12:34:03+05:30,2026-09-01,24100.3,24100,24150,23550,24750,25,False,,,10.99,2661031.0,1688740.0,0.6346,1094637.0,647353.0,0.5914,8915.0,-4414.0,62631.0,73818.0,24200,331671.0,24100,210197.0,24150,3053.0,23900,807.0,128.45,70.05,198.5,127.8,128.1,70.3,70.45,198.1,198.55,198.325,11.38,7.97,True,False,True,true one-minute NIFTY futures OHLCV/VWAP unavailable; scheduled-event status not supplied
2.1.0,20260828_123503_000,2026-08-28T12:35:03+05:30,2026-08-28T12:35:03+05:30,2026-09-01,24102.25,24100,24150,23550,24750,25,False,,,10.98,2660628.0,1696253.0,0.6375,1094234.0,654866.0,0.5985,-403.0,7513.0,47973.0,59771.0,24200,331342.0,24100,213411.0,24150,987.0,24100,3214.0,128.8,69.25,198.05,128.8,129.1,69.05,69.15,197.85,198.25,198.05,11.29,8.0,True,False,True,true one-minute NIFTY futures OHLCV/VWAP unavailable; scheduled-event status not supplied
2.1.0,20260828_123602_999,2026-08-28T12:36:02+05:30,2026-08-28T12:36:02+05:30,2026-09-01,24101.9,24100,24150,23550,24750,25,False,,,10.98,2663542.0,1696043.0,0.6368,1097148.0,654656.0,0.5967,2914.0,-210.0,53016.0,69400.0,24200,331854.0,24100,214441.0,24150,1164.0,24100,1030.0,128.4,70.2,198.6,128.25,128.4,70.0,70.2,198.25,198.6,198.425,11.33,8.01,True,False,True,true one-minute NIFTY futures OHLCV/VWAP unavailable; scheduled-event status not supplied
2.1.0,20260828_123703_000,2026-08-28T12:37:03+05:30,2026-08-28T12:37:03+05:30,2026-09-01,24104.1,24100,24150,23550,24750,25,False,,,11.0,2661797.0,1704769.0,0.6405,1095403.0,663382.0,0.6056,-1745.0,8726.0,38894.0,45573.0,24200,331794.0,24100,216350.0,24350,417.0,24100,1909.0,129.0,69.95,198.95,128.7,129.0,69.65,69.85,198.35,198.85,198.6,11.26,8.1,True,False,True,true one-minute NIFTY futures OHLCV/VWAP unavailable; scheduled-event status not supplied
2.1.0,20260828_123803_000,2026-08-28T12:38:03+05:30,2026-08-28T12:38:03+05:30,2026-09-01,24102.6,24100,24150,23550,24750,25,False,,,11.03,2664935.0,1702391.0,0.6388,1098541.0,661004.0,0.6017,3138.0,-2378.0,45478.0,67042.0,24200,333354.0,24100,216350.0,24200,1560.0,23950,78.0,127.6,70.5,198.1,127.6,127.85,70.6,70.75,198.2,198.6,198.4,11.15,8.14,True,False,True,true one-minute NIFTY futures OHLCV/VWAP unavailable; scheduled-event status not supplied
2.1.0,20260828_123903_000,2026-08-28T12:39:03+05:30,2026-08-28T12:39:03+05:30,2026-09-01,24103.7,24100,24150,23550,24750,25,False,,,11.0,2667361.0,1701680.0,0.638,1100967.0,660293.0,0.5997,2426.0,-711.0,20382.0,34658.0,24200,333348.0,24100,215140.0,24400,582.0,24200,980.0,127.7,70.4,198.1,127.65,127.8,70.3,70.4,197.95,198.2,198.075,11.2,8.07,True,False,True,true one-minute NIFTY futures OHLCV/VWAP unavailable; scheduled-event status not supplied
2.1.0,20260828_124003_000,2026-08-28T12:40:03+05:30,2026-08-28T12:40:03+05:30,2026-09-01,24105.85,24100,24150,23550,24750,25,False,,,10.99,2669100.0,1704749.0,0.6387,1102706.0,663362.0,0.6016,1739.0,3069.0,32873.0,39547.0,24200,333202.0,24100,216300.0,24600,482.0,24100,1160.0,128.8,69.7,198.5,128.8,129.0,69.5,69.7,198.3,198.7,198.5,11.2,8.12,True,False,True,true one-minute NIFTY futures OHLCV/VWAP unavailable; scheduled-event status not supplied
2.1.0,20260828_124103_000,2026-08-28T12:41:03+05:30,2026-08-28T12:41:03+05:30,2026-09-01,24106.1,24100,24150,23550,24750,25,False,,,10.99,2667675.0,1705349.0,0.6393,1101281.0,663962.0,0.6029,-1425.0,600.0,35648.0,43150.0,24200,333202.0,24100,215946.0,24500,613.0,24150,714.0,129.95,68.55,198.5,129.7,130.0,68.3,68.45,198.0,198.45,198.225,11.32,8.0,True,False,True,true one-minute NIFTY futures OHLCV/VWAP unavailable; scheduled-event status not supplied
2.1.0,20260828_124203_000,2026-08-28T12:42:03+05:30,2026-08-28T12:42:03+05:30,2026-09-01,24105.1,24100,24150,23550,24750,25,False,,,10.98,2661080.0,1704983.0,0.6407,1094686.0,663596.0,0.6062,-6595.0,-366.0,85071.0,119327.0,24200,332093.0,24100,216096.0,24550,108.0,24050,540.0,130.15,68.3,198.45,129.8,130.15,68.3,68.45,198.1,198.6,198.35,11.24,8.02,True,False,True,true one-minute NIFTY futures OHLCV/VWAP unavailable; scheduled-event status not supplied
2.1.0,20260828_124303_000,2026-08-28T12:43:03+05:30,2026-08-28T12:43:03+05:30,2026-09-01,24105.65,24100,24150,23550,24750,25,False,,,10.97,2663094.0,1695368.0,0.6366,1096700.0,653981.0,0.5963,2014.0,-9615.0,31476.0,41144.0,24200,332192.0,24100,211561.0,24300,1471.0,24150,1488.0,130.65,67.7,198.35,130.35,130.65,67.7,67.9,198.05,198.55,198.3,11.22,8.03,True,False,True,true one-minute NIFTY futures OHLCV/VWAP unavailable; scheduled-event status not supplied
2.1.0,20260828_124403_000,2026-08-28T12:44:03+05:30,2026-08-28T12:44:03+05:30,2026-09-01,24107.05,24100,24150,23550,24750,25,False,,,10.96,2663459.0,1699766.0,0.6382,1097065.0,658379.0,0.6001,365.0,4398.0,24580.0,34078.0,24200,332139.0,24100,214854.0,24100,277.0,24100,3293.0,130.7,67.65,198.35,130.5,130.65,67.65,67.8,198.15,198.45,198.3,11.32,7.99,True,False,True,true one-minute NIFTY futures OHLCV/VWAP unavailable; scheduled-event status not supplied
2.1.0,20260828_124502_999,2026-08-28T12:45:02+05:30,2026-08-28T12:45:02+05:30,2026-09-01,24104.7,24100,24150,23550,24750,25,False,,,10.98,2662623.0,1700398.0,0.6386,1096229.0,659011.0,0.6012,-836.0,632.0,45579.0,45577.0,24200,332241.0,24100,216459.0,24500,909.0,24100,1605.0,128.65,69.5,198.15,128.15,128.45,69.4,69.6,197.55,198.05,197.8,11.11,8.12,True,False,True,true one-minute NIFTY futures OHLCV/VWAP unavailable; scheduled-event status not supplied
2.1.0,20260828_124602_999,2026-08-28T12:46:02+05:30,2026-08-28T12:46:02+05:30,2026-09-01,24103.25,24100,24150,23550,24750,25,False,,,10.98,2657635.0,1706235.0,0.642,1091241.0,664848.0,0.6093,-4988.0,5837.0,51743.0,85720.0,24200,330349.0,24100,215632.0,24300,478.0,24150,4611.0,128.55,69.85,198.4,128.25,128.55,69.65,69.85,197.9,198.4,198.15,11.25,8.06,True,False,True,true one-minute NIFTY futures OHLCV/VWAP unavailable; scheduled-event status not supplied
2.1.0,20260828_124702_999,2026-08-28T12:47:02+05:30,2026-08-28T12:47:02+05:30,2026-09-01,24106.6,24100,24150,23550,24750,25,False,,,10.95,2653719.0,1718537.0,0.6476,1087325.0,677150.0,0.6228,-3916.0,12302.0,28552.0,45498.0,24200,330224.0,24100,219428.0,24350,300.0,24100,3796.0,130.4,68.05,198.45,130.25,130.55,67.75,67.85,198.0,198.4,198.2,11.26,8.0,True,False,True,true one-minute NIFTY futures OHLCV/VWAP unavailable; scheduled-event status not supplied
2.1.0,20260828_124803_000,2026-08-28T12:48:03+05:30,2026-08-28T12:48:03+05:30,2026-09-01,24106.25,24100,24150,23550,24750,25,False,,,10.92,2653368.0,1722671.0,0.6492,1086974.0,681284.0,0.6268,-351.0,4134.0,39392.0,53750.0,24200,330224.0,24100,221008.0,24700,243.0,24050,2108.0,130.25,68.2,198.45,129.75,130.05,68.3,68.5,198.05,198.55,198.3,11.31,8.01,True,False,True,true one-minute NIFTY futures OHLCV/VWAP unavailable; scheduled-event status not supplied
2.1.0,20260828_124903_000,2026-08-28T12:49:03+05:30,2026-08-28T12:49:03+05:30,2026-09-01,24107.15,24100,24150,23550,24750,25,False,,,10.93,2658500.0,1719922.0,0.647,1092106.0,678535.0,0.6213,5132.0,-2749.0,39467.0,54936.0,24200,331261.0,24100,220755.0,24200,1037.0,23800,608.0,131.85,66.85,198.7,131.6,131.95,66.7,66.8,198.3,198.75,198.525,11.36,7.94,True,False,True,true one-minute NIFTY futures OHLCV/VWAP unavailable; scheduled-event status not supplied
2.1.0,20260828_125003_000,2026-08-28T12:50:03+05:30,2026-08-28T12:50:03+05:30,2026-09-01,24108.4,24100,24150,23550,24750,25,False,,,10.92,2660028.0,1723248.0,0.6478,1093634.0,681861.0,0.6235,1528.0,3326.0,31475.0,39872.0,24200,331620.0,24100,221710.0,24550,592.0,24000,1139.0,131.2,66.8,198.0,130.95,131.15,66.8,67.0,197.75,198.15,197.95,11.25,7.97,True,False,True,true one-minute NIFTY futures OHLCV/VWAP unavailable; scheduled-event status not supplied
2.1.0,20260828_125103_000,2026-08-28T12:51:03+05:30,2026-08-28T12:51:03+05:30,2026-09-01,24106.7,24100,24150,23550,24750,25,False,,,10.95,2661795.0,1723563.0,0.6475,1095401.0,682176.0,0.6228,1767.0,315.0,29582.0,40953.0,24200,332046.0,24100,221431.0,24550,1249.0,23700,928.0,129.9,68.45,198.35,129.65,129.9,68.3,68.45,197.95,198.35,198.15,11.25,8.03,True,False,True,true one-minute NIFTY futures OHLCV/VWAP unavailable; scheduled-event status not supplied
2.1.0,20260828_125202_999,2026-08-28T12:52:02+05:30,2026-08-28T12:52:02+05:30,2026-09-01,24107.55,24100,24150,23550,24750,25,False,,,10.92,2662213.0,1725745.0,0.6482,1095819.0,684358.0,0.6245,418.0,2182.0,24110.0,28140.0,24200,332742.0,24100,222114.0,24100,957.0,23700,1378.0,131.15,67.35,198.5,130.8,131.1,67.25,67.4,198.05,198.5,198.275,11.25,8.03,True,False,True,true one-minute NIFTY futures OHLCV/VWAP unavailable; scheduled-event status not supplied
2.1.0,20260828_125503_000,2026-08-28T12:55:03+05:30,2026-08-28T12:55:03+05:30,2026-09-01,24105.7,24100,24150,23550,24750,25,False,,,10.92,2656905.0,1722674.0,0.6484,1090511.0,681287.0,0.6247,-689.0,-5792.0,42153.0,58199.0,24200,332722.0,24100,222023.0,24200,1014.0,23700,128.0,128.35,68.95,197.3,128.2,128.4,68.95,69.15,197.15,197.55,197.35,11.11,8.13,True,False,True,true one-minute NIFTY futures OHLCV/VWAP unavailable; scheduled-event status not supplied
2.1.0,20260828_125602_999,2026-08-28T12:56:02+05:30,2026-08-28T12:56:02+05:30,2026-09-01,24103.8,24100,24150,23550,24750,25,False,,,10.98,2654429.0,1726468.0,0.6504,1088035.0,685081.0,0.6296,-2476.0,3794.0,71183.0,120630.0,24200,332510.0,24100,223976.0,24600,185.0,24100,1953.0,128.2,70.15,198.35,127.75,128.05,70.1,70.3,197.85,198.35,198.1,11.22,8.12,True,False,True,true one-minute NIFTY futures OHLCV/VWAP unavailable; scheduled-event status not supplied
2.1.0,20260828_125703_000,2026-08-28T12:57:03+05:30,2026-08-28T12:57:03+05:30,2026-09-01,24103.05,24100,24150,23550,24750,25,False,,,10.93,2642998.0,1734202.0,0.6561,1076604.0,692815.0,0.6435,-11431.0,7734.0,31661.0,62605.0,24200,330636.0,24100,225663.0,24300,616.0,24000,3170.0,128.45,69.25,197.7,128.0,128.3,69.25,69.45,197.25,197.75,197.5,11.25,8.04,True,False,True,true one-minute NIFTY futures OHLCV/VWAP unavailable; scheduled-event status not supplied
2.1.0,20260828_125803_000,2026-08-28T12:58:03+05:30,2026-08-28T12:58:03+05:30,2026-09-01,24101.05,24100,24150,23550,24750,25,False,,,10.98,2641839.0,1744333.0,0.6603,1075445.0,702946.0,0.6536,-1159.0,10131.0,35054.0,56637.0,24200,330448.0,24100,230413.0,24600,81.0,24100,4750.0,127.05,71.2,198.25,126.8,127.05,71.0,71.2,197.8,198.25,198.025,11.18,8.11,True,False,True,true one-minute NIFTY futures OHLCV/VWAP unavailable; scheduled-event status not supplied
2.1.0,20260828_125903_000,2026-08-28T12:59:03+05:30,2026-08-28T12:59:03+05:30,2026-09-01,24100.15,24100,24150,23550,24750,25,False,,,10.99,2639142.0,1747753.0,0.6622,1072748.0,706366.0,0.6585,-2697.0,3420.0,39407.0,75268.0,24200,330071.0,24100,231865.0,24600,666.0,24100,1452.0,124.5,72.8,197.3,124.6,124.85,72.7,72.85,197.3,197.7,197.5,11.15,8.16,True,False,True,true one-minute NIFTY futures OHLCV/VWAP unavailable; scheduled-event status not supplied
2.1.0,20260828_130003_000,2026-08-28T13:00:03+05:30,2026-08-28T13:00:03+05:30,2026-09-01,24098.2,24100,24150,23550,24750,25,False,,,10.99,2635040.0,1742900.0,0.6614,1068646.0,701513.0,0.6565,-4102.0,-4853.0,48326.0,96398.0,24200,329548.0,24100,230518.0,24600,343.0,23700,296.0,124.2,72.75,196.95,124.2,124.45,72.55,72.75,196.75,197.2,196.975,11.17,8.13,True,False,True,true one-minute NIFTY futures OHLCV/VWAP unavailable; scheduled-event status not supplied
2.1.0,20260828_130103_000,2026-08-28T13:01:03+05:30,2026-08-28T13:01:03+05:30,2026-09-01,24097.15,24100,24150,23550,24750,25,False,,,11.01,2629810.0,1748447.0,0.6649,1063416.0,707060.0,0.6649,-5230.0,5547.0,39548.0,83035.0,24200,329240.0,24100,231865.0,24150,294.0,24000,2025.0,125.7,72.05,197.75,125.45,125.55,72.0,72.15,197.45,197.7,197.575,11.25,8.03,True,False,True,true one-minute NIFTY futures OHLCV/VWAP unavailable; scheduled-event status not supplied
2.1.0,20260828_130203_000,2026-08-28T13:02:03+05:30,2026-08-28T13:02:03+05:30,2026-09-01,24095.7,24100,24150,23550,24750,25,False,,,11.01,2629255.0,1763420.0,0.6707,1062861.0,722033.0,0.6793,-555.0,14973.0,31579.0,69379.0,24200,329067.0,24100,236034.0,24400,556.0,24100,4169.0,124.7,73.0,197.7,124.7,124.75,72.75,73.0,197.45,197.75,197.6,11.25,8.07,True,False,True,true one-minute NIFTY futures OHLCV/VWAP unavailable; scheduled-event status not supplied
2.1.0,20260828_130303_001,2026-08-28T13:03:03+05:30,2026-08-28T13:03:03+05:30,2026-09-01,24096.0,24100,24150,23550,24750,25,False,,,11.02,2629405.0,1768909.0,0.6727,1063011.0,727522.0,0.6844,150.0,5489.0,45089.0,97207.0,24200,328697.0,24100,237719.0,24500,258.0,24050,1721.0,124.05,73.0,197.05,124.5,124.6,72.8,72.95,197.3,197.55,197.425,11.22,8.07,True,False,True,true one-minute NIFTY futures OHLCV/VWAP unavailable; scheduled-event status not supplied
2.1.0,20260828_130403_041,2026-08-28T13:04:03+05:30,2026-08-28T13:04:03+05:30,2026-09-01,24097.6,24100,24150,23550,24750,25,False,,,11.0,2628161.0,1767344.0,0.6725,1061767.0,725957.0,0.6837,-1244.0,-1565.0,35785.0,76987.0,24200,329612.0,24100,237196.0,24200,915.0,23600,1641.0,125.5,71.7,197.2,125.3,125.45,71.6,71.75,196.9,197.2,197.05,11.28,7.96,True,False,True,true one-minute NIFTY futures OHLCV/VWAP unavailable; scheduled-event status not supplied
2.1.0,20260828_130503_000,2026-08-28T13:05:03+05:30,2026-08-28T13:05:03+05:30,2026-09-01,24093.5,24100,24150,23550,24750,25,False,,,11.01,2627934.0,1772610.0,0.6745,1061540.0,731223.0,0.6888,-227.0,5266.0,28755.0,56486.0,24200,329574.0,24100,239430.0,24750,408.0,24100,2234.0,123.95,72.9,196.85,123.5,123.8,72.8,73.0,196.3,196.8,196.55,11.28,7.94,True,False,True,true one-minute NIFTY futures OHLCV/VWAP unavailable; scheduled-event status not supplied
2.1.0,20260828_130603_004,2026-08-28T13:06:03+05:30,2026-08-28T13:06:03+05:30,2026-09-01,24090.75,24100,24150,23550,24750,25,False,,,11.01,2628256.0,1777164.0,0.6762,1061862.0,735777.0,0.6929,322.0,4554.0,23856.0,52280.0,24200,329271.0,24100,241645.0,24500,325.0,24100,2215.0,123.7,73.0,196.7,123.7,123.9,72.7,72.9,196.4,196.8,196.6,11.43,7.86,True,False,True,true one-minute NIFTY futures OHLCV/VWAP unavailable; scheduled-event status not supplied
2.1.0,20260828_130703_001,2026-08-28T13:07:03+05:30,2026-08-28T13:07:03+05:30,2026-09-01,24094.25,24100,24150,23550,24750,25,False,,,11.01,2630129.0,1782018.0,0.6775,1063735.0,740631.0,0.6963,1873.0,4854.0,31423.0,59149.0,24200,330479.0,24100,243129.0,24200,1208.0,24100,1484.0,124.5,72.45,196.95,124.2,124.5,72.25,72.4,196.45,196.9,196.675,11.31,7.95,True,False,True,true one-minute NIFTY futures OHLCV/VWAP unavailable; scheduled-event status not supplied
2.1.0,20260828_130803_000,2026-08-28T13:08:03+05:30,2026-08-28T13:08:03+05:30,2026-09-01,24098.95,24100,24150,23550,24750,25,False,,,10.93,2629161.0,1784353.0,0.6787,1062767.0,742966.0,0.6991,-968.0,2335.0,37458.0,96861.0,24200,330398.0,24100,242327.0,24150,493.0,24000,1822.0,127.3,69.0,196.3,127.25,127.6,69.0,69.2,196.25,196.8,196.525,11.43,7.77,True,False,True,true one-minute NIFTY futures OHLCV/VWAP unavailable; scheduled-event status not supplied
2.1.0,20260828_130903_004,2026-08-28T13:09:03+05:30,2026-08-28T13:09:03+05:30,2026-09-01,24098.4,24100,24150,23550,24750,25,False,,,10.89,2627704.0,1770386.0,0.6737,1061310.0,728999.0,0.6869,-1457.0,-13967.0,71579.0,110004.0,24200,329636.0,24100,237060.0,24300,257.0,23650,187.0,126.85,69.5,196.35,126.6,126.9,69.55,69.7,196.15,196.6,196.375,11.34,7.86,True,False,True,true one-minute NIFTY futures OHLCV/VWAP unavailable; scheduled-event status not supplied
2.1.0,20260828_131003_000,2026-08-28T13:10:03+05:30,2026-08-28T13:10:03+05:30,2026-09-01,24103.3,24100,24150,23550,24750,25,False,,,10.85,2639728.0,1759812.0,0.6667,1073334.0,718425.0,0.6693,12024.0,-10574.0,55570.0,85403.0,24200,330910.0,24100,235489.0,24100,2338.0,23650,160.0,130.45,66.35,196.8,130.1,130.3,66.45,66.5,196.55,196.8,196.675,11.46,7.75,True,False,True,true one-minute NIFTY futures OHLCV/VWAP unavailable; scheduled-event status not supplied
2.1.0,20260828_131103_000,2026-08-28T13:11:03+05:30,2026-08-28T13:11:03+05:30,2026-09-01,24104.35,24100,24150,23550,24750,25,False,,,10.87,2643063.0,1764989.0,0.6678,1076669.0,723602.0,0.6721,3335.0,5177.0,44265.0,53987.0,24200,331194.0,24100,238172.0,24400,1329.0,24100,2683.0,130.0,66.7,196.7,129.65,130.0,66.55,66.7,196.2,196.7,196.45,11.31,7.83,True,False,True,true one-minute NIFTY futures OHLCV/VWAP unavailable; scheduled-event status not supplied
2.1.0,20260828_131203_000,2026-08-28T13:12:03+05:30,2026-08-28T13:12:03+05:30,2026-09-01,24108.75,24100,24150,23550,24750,25,False,,,10.8,2648794.0,1767376.0,0.6672,1082400.0,725989.0,0.6707,5731.0,2387.0,79400.0,158739.0,24200,332319.0,24100,237485.0,24150,1361.0,24150,934.0,132.65,63.6,196.25,132.45,132.8,63.5,63.7,195.95,196.5,196.225,11.34,7.72,True,False,True,true one-minute NIFTY futures OHLCV/VWAP unavailable; scheduled-event status not supplied
2.1.0,20260828_131303_000,2026-08-28T13:13:03+05:30,2026-08-28T13:13:03+05:30,2026-09-01,24104.1,24100,24150,23550,24750,25,False,,,10.81,2654063.0,1743210.0,0.6568,1087669.0,701823.0,0.6453,5269.0,-24166.0,79630.0,104968.0,24200,333783.0,24100,232481.0,24300,2344.0,24550,5.0,128.85,67.25,196.1,128.6,128.95,67.2,67.35,195.8,196.3,196.05,11.25,7.87,True,False,True,true one-minute NIFTY futures OHLCV/VWAP unavailable; scheduled-event status not supplied
2.1.0,20260828_131403_000,2026-08-28T13:14:03+05:30,2026-08-28T13:14:03+05:30,2026-09-01,24105.25,24100,24150,23550,24750,25,False,,,10.8,2663803.0,1739911.0,0.6532,1097409.0,698524.0,0.6365,9740.0,-3299.0,38126.0,57748.0,24200,336167.0,24100,232574.0,24200,2384.0,23650,354.0,128.95,67.3,196.25,128.65,128.95,67.15,67.3,195.8,196.25,196.025,11.2,7.9,True,False,True,true one-minute NIFTY futures OHLCV/VWAP unavailable; scheduled-event status not supplied
2.1.0,20260828_131503_001,2026-08-28T13:15:03+05:30,2026-08-28T13:15:03+05:30,2026-09-01,24103.55,24100,24150,23550,24750,25,False,,,10.77,2665554.0,1744981.0,0.6546,1099160.0,703594.0,0.6401,1751.0,5070.0,26482.0,41645.0,24200,336381.0,24100,234872.0,24150,663.0,24100,2298.0,128.0,67.8,195.8,128.0,128.1,67.75,68.0,195.75,196.1,195.925,11.11,8.0,True,False,True,true one-minute NIFTY futures OHLCV/VWAP unavailable; scheduled-event status not supplied
2.1.0,20260828_131603_000,2026-08-28T13:16:03+05:30,2026-08-28T13:16:03+05:30,2026-09-01,24104.9,24100,24150,23550,24750,25,False,,,10.79,2667694.0,1741009.0,0.6526,1101300.0,699622.0,0.6353,2140.0,-3972.0,34392.0,63893.0,24200,337019.0,24100,233574.0,24100,965.0,23700,228.0,129.75,67.15,196.9,129.45,129.75,67.0,67.15,196.45,196.9,196.675,11.31,7.87,True,False,True,true one-minute NIFTY futures OHLCV/VWAP unavailable; scheduled-event status not supplied
2.1.0,20260828_131703_001,2026-08-28T13:17:03+05:30,2026-08-28T13:17:03+05:30,2026-09-01,24102.45,24100,24150,23550,24750,25,False,,,10.79,2664057.0,1750346.0,0.657,1097663.0,708959.0,0.6459,-3637.0,9337.0,26147.0,40635.0,24200,336454.0,24100,236027.0,24450,111.0,24100,2453.0,128.15,68.0,196.15,128.25,128.45,68.0,68.15,196.25,196.6,196.425,11.3,7.89,True,False,True,true one-minute NIFTY futures OHLCV/VWAP unavailable; scheduled-event status not supplied
2.1.0,20260828_131803_000,2026-08-28T13:18:03+05:30,2026-08-28T13:18:03+05:30,2026-09-01,24104.1,24100,24150,23550,24750,25,False,,,10.8,2665868.0,1751688.0,0.6571,1099474.0,710301.0,0.646,1811.0,1342.0,19406.0,37478.0,24200,336595.0,24100,236971.0,24150,574.0,24100,944.0,128.95,67.5,196.45,128.6,128.85,67.6,67.7,196.2,196.55,196.375,11.28,7.9,True,False,True,true one-minute NIFTY futures OHLCV/VWAP unavailable; scheduled-event status not supplied
2.1.0,20260828_131903_011,2026-08-28T13:19:03+05:30,2026-08-28T13:19:03+05:30,2026-09-01,24107.9,24100,24150,23550,24750,25,False,,,10.81,2666752.0,1751407.0,0.6568,1100358.0,710020.0,0.6453,884.0,-281.0,34303.0,52156.0,24200,336534.0,24100,236473.0,24600,408.0,24200,540.0,130.45,66.55,197.0,130.25,130.6,66.6,66.8,196.85,197.4,197.125,11.29,7.93,True,False,True,true one-minute NIFTY futures OHLCV/VWAP unavailable; scheduled-event status not supplied
2.1.0,20260828_132003_000,2026-08-28T13:20:03+05:30,2026-08-28T13:20:03+05:30,2026-09-01,24107.2,24100,24150,23550,24750,25,False,,,10.8,2663588.0,1748330.0,0.6564,1097194.0,706943.0,0.6443,-3164.0,-3077.0,76814.0,78176.0,24200,336266.0,24100,235807.0,24250,293.0,23750,215.0,132.0,65.25,197.25,131.8,132.0,65.25,65.45,197.05,197.45,197.25,11.34,7.9,True,False,True,true one-minute NIFTY futures OHLCV/VWAP unavailable; scheduled-event status not supplied
2.1.0,20260828_132103_000,2026-08-28T13:21:03+05:30,2026-08-28T13:21:03+05:30,2026-09-01,24108.45,24100,24150,23550,24750,25,False,,,10.8,2665946.0,1746608.0,0.6552,1099552.0,705221.0,0.6414,2358.0,-1722.0,45981.0,57284.0,24200,336127.0,24100,234953.0,24300,1146.0,23700,372.0,132.3,64.85,197.15,132.35,132.6,64.75,64.85,197.1,197.45,197.275,11.31,7.9,True,False,True,true one-minute NIFTY futures OHLCV/VWAP unavailable; scheduled-event status not supplied
2.1.0,20260828_132203_000,2026-08-28T13:22:03+05:30,2026-08-28T13:22:03+05:30,2026-09-01,24108.55,24100,24150,23550,24750,25,False,,,10.8,2663106.0,1751571.0,0.6577,1096712.0,710184.0,0.6476,-2840.0,4963.0,27818.0,31185.0,24200,335468.0,24100,237809.0,24300,326.0,24100,2856.0,132.0,64.95,196.95,131.55,131.9,65.1,65.2,196.65,197.1,196.875,11.28,7.89,True,False,True,true one-minute NIFTY futures OHLCV/VWAP unavailable; scheduled-event status not supplied
2.1.0,20260828_132303_000,2026-08-28T13:23:03+05:30,2026-08-28T13:23:03+05:30,2026-09-01,24111.35,24100,24150,23550,24750,25,False,,,10.77,2657473.0,1754126.0,0.6601,1091079.0,712739.0,0.6532,-5633.0,2555.0,115730.0,141853.0,24200,334608.0,24100,240137.0,24600,398.0,24100,2328.0,135.4,62.0,197.4,135.4,135.7,61.85,61.95,197.25,197.65,197.45,11.46,7.75,True,False,True,true one-minute NIFTY futures OHLCV/VWAP unavailable; scheduled-event status not supplied
2.1.0,20260828_132403_000,2026-08-28T13:24:03+05:30,2026-08-28T13:24:03+05:30,2026-09-01,24109.35,24100,24150,23550,24750,25,False,,,10.76,2663198.0,1733023.0,0.6507,1096804.0,691636.0,0.6306,5725.0,-21103.0,72934.0,70482.0,24200,335672.0,24100,231309.0,24100,1618.0,23850,395.0,131.5,64.8,196.3,131.45,131.75,64.5,64.65,195.95,196.4,196.175,11.31,7.82,True,False,True,true one-minute NIFTY futures OHLCV/VWAP unavailable; scheduled-event status not supplied
2.1.0,20260828_132503_000,2026-08-28T13:25:03+05:30,2026-08-28T13:25:03+05:30,2026-09-01,24110.15,24100,24150,23550,24750,25,False,,,10.77,2664150.0,1735768.0,0.6515,1097756.0,694381.0,0.6325,952.0,2745.0,58772.0,53096.0,24200,334941.0,24100,236103.0,24250,1085.0,24100,4794.0,134.9,62.8,197.7,134.5,134.8,62.75,62.95,197.25,197.75,197.5,11.61,7.63,True,False,True,true one-minute NIFTY futures OHLCV/VWAP unavailable; scheduled-event status not supplied
2.1.0,20260828_132603_000,2026-08-28T13:26:03+05:30,2026-08-28T13:26:03+05:30,2026-09-01,24109.6,24100,24150,23550,24750,25,False,,,10.77,2663935.0,1742309.0,0.654,1097541.0,700922.0,0.6386,-215.0,6541.0,41423.0,40522.0,24200,334643.0,24100,237044.0,24000,1877.0,24150,1351.0,134.9,62.75,197.65,134.85,135.0,62.7,62.75,197.55,197.75,197.65,11.52,7.72,True,False,True,true one-minute NIFTY futures OHLCV/VWAP unavailable; scheduled-event status not supplied
2.1.0,20260828_132702_999,2026-08-28T13:27:02+05:30,2026-08-28T13:27:02+05:30,2026-09-01,24113.4,24100,24150,23550,24750,25,False,,,10.76,2661913.0,1746019.0,0.6559,1095519.0,704632.0,0.6432,-2022.0,3710.0,92960.0,96973.0,24200,334525.0,24100,238598.0,24150,468.0,24100,1554.0,138.05,60.15,198.2,138.05,138.25,60.0,60.15,198.05,198.4,198.225,11.68,7.57,True,False,True,true one-minute NIFTY futures OHLCV/VWAP unavailable; scheduled-event status not supplied
2.1.0,20260828_132803_000,2026-08-28T13:28:03+05:30,2026-08-28T13:28:03+05:30,2026-09-01,24101.9,24100,24150,23550,24750,25,False,,,10.81,2645195.0,1726402.0,0.6527,1078801.0,685015.0,0.635,-16718.0,-19617.0,204001.0,177312.0,24200,330535.0,24100,231369.0,24250,578.0,23700,309.0,130.35,65.65,196.0,129.9,130.25,65.7,65.9,195.6,196.15,195.875,11.41,7.74,True,False,True,true one-minute NIFTY futures OHLCV/VWAP unavailable; scheduled-event status not supplied
2.1.0,20260828_132903_000,2026-08-28T13:29:03+05:30,2026-08-28T13:29:03+05:30,2026-09-01,24099.95,24100,24150,23550,24750,25,False,,,10.84,2635561.0,1721746.0,0.6533,1069167.0,680359.0,0.6363,-9634.0,-4656.0,100137.0,152380.0,24200,331190.0,24100,232383.0,24200,655.0,23750,1508.0,128.85,67.9,196.75,128.7,129.0,67.6,67.8,196.3,196.8,196.55,11.44,7.78,True,False,True,true one-minute NIFTY futures OHLCV/VWAP unavailable; scheduled-event status not supplied
2.1.0,20260828_133003_000,2026-08-28T13:30:03+05:30,2026-08-28T13:30:03+05:30,2026-09-01,24096.6,24100,24150,23550,24750,25,False,,,10.83,2624681.0,1733041.0,0.6603,1058287.0,691654.0,0.6536,-10880.0,11295.0,81445.0,137052.0,24200,329134.0,24100,235524.0,24700,349.0,24000,3289.0,127.55,68.4,195.95,127.5,127.85,68.25,68.4,195.75,196.25,196.0,11.4,7.77,True,False,True,true one-minute NIFTY futures OHLCV/VWAP unavailable; scheduled-event status not supplied
2.1.0,20260828_133102_999,2026-08-28T13:31:02+05:30,2026-08-28T13:31:02+05:30,2026-09-01,24099.75,24100,24150,23550,24750,25,False,,,10.76,2614390.0,1741359.0,0.6661,1047996.0,699972.0,0.6679,-10291.0,8318.0,56769.0,96130.0,24200,326111.0,24100,237606.0,24400,624.0,24050,3275.0,130.65,66.4,197.05,130.3,130.65,66.25,66.4,196.55,197.05,196.8,11.65,7.61,True,False,True,true one-minute NIFTY futures OHLCV/VWAP unavailable; scheduled-event status not supplied
2.1.0,20260828_133203_000,2026-08-28T13:32:03+05:30,2026-08-28T13:32:03+05:30,2026-09-01,24100.25,24100,24150,23550,24750,25,False,,,10.74,2610727.0,1749119.0,0.67,1044333.0,707732.0,0.6777,-3663.0,7760.0,64262.0,91292.0,24200,324944.0,24100,238011.0,24500,607.0,24050,1721.0,130.45,65.75,196.2,130.4,130.65,65.6,65.75,196.0,196.4,196.2,11.57,7.63,True,False,True,true one-minute NIFTY futures OHLCV/VWAP unavailable; scheduled-event status not supplied
2.1.0,20260828_133303_000,2026-08-28T13:33:03+05:30,2026-08-28T13:33:03+05:30,2026-09-01,24103.5,24100,24150,23550,24750,25,False,,,10.75,2612965.0,1759482.0,0.6734,1046571.0,718095.0,0.6861,2238.0,10363.0,63465.0,105143.0,24200,325816.0,24100,241679.0,24200,872.0,24100,3668.0,134.4,62.1,196.5,134.4,134.75,61.8,61.95,196.2,196.7,196.45,11.8,7.4,True,False,True,true one-minute NIFTY futures OHLCV/VWAP unavailable; scheduled-event status not supplied
2.1.0,20260828_133403_002,2026-08-28T13:34:03+05:30,2026-08-28T13:34:03+05:30,2026-09-01,24109.05,24100,24150,23550,24750,25,False,,,10.75,2603586.0,1752839.0,0.6732,1037192.0,711452.0,0.6859,-9379.0,-6643.0,131686.0,170233.0,24200,324144.0,24100,240117.0,24700,439.0,23950,686.0,139.45,58.3,197.75,139.7,140.0,58.1,58.25,197.8,198.25,198.025,11.92,7.32,True,False,True,true one-minute NIFTY futures OHLCV/VWAP unavailable; scheduled-event status not supplied
2.1.0,20260828_133502_999,2026-08-28T13:35:02+05:30,2026-08-28T13:35:02+05:30,2026-09-01,24110.4,24100,24150,23550,24750,25,False,,,10.74,2601179.0,1740741.0,0.6692,1034785.0,699354.0,0.6758,-2407.0,-12098.0,80696.0,88683.0,24200,322726.0,24100,238603.0,24400,3160.0,24300,311.0,137.05,60.35,197.4,136.7,136.9,60.45,60.55,197.15,197.45,197.3,11.58,7.58,True,False,True,true one-minute NIFTY futures OHLCV/VWAP unavailable; scheduled-event status not supplied
2.1.0,20260828_133603_000,2026-08-28T13:36:03+05:30,2026-08-28T13:36:03+05:30,2026-09-01,24108.85,24100,24150,23550,24750,25,False,,,10.75,2607323.0,1742118.0,0.6682,1040929.0,700731.0,0.6732,6144.0,1377.0,52220.0,60786.0,24200,323189.0,24100,239745.0,24400,1754.0,24100,1142.0,134.7,62.3,197.0,134.75,134.95,62.4,62.5,197.15,197.45,197.3,11.53,7.69,True,False,True,true one-minute NIFTY futures OHLCV/VWAP unavailable; scheduled-event status not supplied
2.1.0,20260828_133703_000,2026-08-28T13:37:03+05:30,2026-08-28T13:37:03+05:30,2026-09-01,24109.35,24100,24150,23550,24750,25,False,,,10.74,2615488.0,1743380.0,0.6666,1049094.0,701993.0,0.6691,8165.0,1262.0,50155.0,59079.0,24200,323977.0,24100,240692.0,24400,5548.0,24000,996.0,137.95,60.15,198.1,137.6,137.95,60.25,60.4,197.85,198.35,198.1,11.83,7.48,True,False,True,true one-minute NIFTY futures OHLCV/VWAP unavailable; scheduled-event status not supplied
2.1.0,20260828_133802_999,2026-08-28T13:38:02+05:30,2026-08-28T13:38:02+05:30,2026-09-01,24112.0,24100,24150,23550,24750,25,False,,,10.74,2615276.0,1753517.0,0.6705,1048882.0,712130.0,0.6789,-212.0,10137.0,83454.0,82939.0,24200,324720.0,24100,244635.0,24200,743.0,24100,3943.0,137.7,60.15,197.85,137.8,138.15,60.0,60.1,197.8,198.25,198.025,11.64,7.57,True,False,True,true one-minute NIFTY futures OHLCV/VWAP unavailable; scheduled-event status not supplied
2.1.0,20260828_133903_002,2026-08-28T13:39:03+05:30,2026-08-28T13:39:03+05:30,2026-09-01,24112.3,24100,24150,23550,24750,25,False,,,10.71,2620495.0,1748952.0,0.6674,1054101.0,707565.0,0.6712,5219.0,-4565.0,42535.0,44557.0,24200,326041.0,24100,242405.0,24200,1321.0,24200,563.0,137.8,60.4,198.2,137.45,137.8,60.35,60.45,197.8,198.25,198.025,11.62,7.63,True,False,True,true one-minute NIFTY futures OHLCV/VWAP unavailable; scheduled-event status not supplied
2.1.0,20260828_134003_000,2026-08-28T13:40:03+05:30,2026-08-28T13:40:03+05:30,2026-09-01,24111.5,24100,24150,23550,24750,25,False,,,10.73,2625259.0,1747281.0,0.6656,1058865.0,705894.0,0.6667,4764.0,-1671.0,36748.0,31718.0,24200,327200.0,24100,240709.0,24200,1159.0,24050,1095.0,137.55,60.05,197.6,137.55,137.95,59.9,60.0,197.45,197.95,197.7,11.68,7.54,True,False,True,true one-minute NIFTY futures OHLCV/VWAP unavailable; scheduled-event status not supplied
2.1.0,20260828_134103_000,2026-08-28T13:41:03+05:30,2026-08-28T13:41:03+05:30,2026-09-01,24117.1,24100,24150,23550,24750,25,False,,,10.71,2618665.0,1753075.0,0.6695,1052271.0,711688.0,0.6763,-6594.0,5794.0,125082.0,113770.0,24200,326112.0,24100,242204.0,24450,220.0,24100,1495.0,140.8,57.55,198.35,140.95,141.25,57.4,57.5,198.35,198.75,198.55,11.71,7.51,True,False,True,true one-minute NIFTY futures OHLCV/VWAP unavailable; scheduled-event status not supplied
2.1.0,20260828_134203_000,2026-08-28T13:42:03+05:30,2026-08-28T13:42:03+05:30,2026-09-01,24111.5,24100,24150,23550,24750,25,False,,,10.71,2617108.0,1740876.0,0.6652,1050714.0,699489.0,0.6657,-1557.0,-12199.0,87848.0,72308.0,24200,324205.0,24100,239118.0,24100,2816.0,24250,231.0,135.65,60.85,196.5,135.6,135.9,60.75,60.9,196.35,196.8,196.575,11.4,7.68,True,False,True,true one-minute NIFTY futures OHLCV/VWAP unavailable; scheduled-event status not supplied
2.1.0,20260828_134303_000,2026-08-28T13:43:03+05:30,2026-08-28T13:43:03+05:30,2026-09-01,24112.25,24100,24150,23550,24750,25,False,,,10.71,2611766.0,1740355.0,0.6664,1045372.0,698968.0,0.6686,-5342.0,-521.0,52211.0,69830.0,24200,324174.0,24100,238180.0,24100,798.0,24000,888.0,136.65,60.45,197.1,136.3,136.65,60.4,60.55,196.7,197.2,196.95,11.6,7.58,True,False,True,true one-minute NIFTY futures OHLCV/VWAP unavailable; scheduled-event status not supplied
2.1.0,20260828_134403_000,2026-08-28T13:44:03+05:30,2026-08-28T13:44:03+05:30,2026-09-01,24112.45,24100,24150,23550,24750,25,False,,,10.73,2612434.0,1748667.0,0.6694,1046040.0,707280.0,0.6762,668.0,8312.0,34938.0,35189.0,24200,323911.0,24100,240146.0,24350,651.0,24100,1966.0,136.5,60.45,196.95,136.15,136.45,60.3,60.5,196.45,196.95,196.7,11.46,7.65,True,False,True,true one-minute NIFTY futures OHLCV/VWAP unavailable; scheduled-event status not supplied
2.1.0,20260828_134503_000,2026-08-28T13:45:03+05:30,2026-08-28T13:45:03+05:30,2026-09-01,24113.35,24100,24150,23550,24750,25,False,,,10.74,2613452.0,1750579.0,0.6698,1047058.0,709192.0,0.6773,1018.0,1912.0,24278.0,30670.0,24200,324904.0,24100,240742.0,24200,993.0,24150,746.0,137.45,59.45,196.9,137.15,137.45,59.25,59.4,196.4,196.85,196.625,11.52,7.58,True,False,True,true one-minute NIFTY futures OHLCV/VWAP unavailable; scheduled-event status not supplied
2.1.0,20260828_134603_000,2026-08-28T13:46:03+05:30,2026-08-28T13:46:03+05:30,2026-09-01,24112.35,24100,24150,23550,24750,25,False,,,10.73,2616297.0,1752658.0,0.6699,1049903.0,711271.0,0.6775,2845.0,2079.0,29435.0,33989.0,24200,325134.0,24100,242278.0,24300,808.0,24100,1536.0,136.45,60.35,196.8,136.6,136.9,60.3,60.45,196.9,197.35,197.125,11.52,7.65,True,False,True,true one-minute NIFTY futures OHLCV/VWAP unavailable; scheduled-event status not supplied
2.1.0,20260828_134703_000,2026-08-28T13:47:03+05:30,2026-08-28T13:47:03+05:30,2026-09-01,24111.35,24100,24150,23550,24750,25,False,,,10.76,2617277.0,1753942.0,0.6701,1050883.0,712555.0,0.6781,980.0,1284.0,37849.0,37911.0,24200,325625.0,24100,243234.0,24200,491.0,24100,956.0,135.5,61.0,196.5,135.3,135.65,61.0,61.15,196.3,196.8,196.55,11.49,7.64,True,False,True,true one-minute NIFTY futures OHLCV/VWAP unavailable; scheduled-event status not supplied
2.1.0,20260828_134803_000,2026-08-28T13:48:03+05:30,2026-08-28T13:48:03+05:30,2026-09-01,24107.05,24100,24150,23550,24750,25,False,,,10.7,2614166.0,1754525.0,0.6712,1047772.0,713138.0,0.6806,-3111.0,583.0,55170.0,50725.0,24200,325628.0,24100,242078.0,24100,520.0,24050,1168.0,132.7,62.6,195.3,132.7,132.95,62.45,62.6,195.15,195.55,195.35,11.35,7.67,True,False,True,true one-minute NIFTY futures OHLCV/VWAP unavailable; scheduled-event status not supplied
2.1.0,20260828_134903_000,2026-08-28T13:49:03+05:30,2026-08-28T13:49:03+05:30,2026-09-01,24103.8,24100,24150,23550,24750,25,False,,,10.74,2594711.0,1750524.0,0.6747,1028317.0,709137.0,0.6896,-19455.0,-4001.0,102373.0,137730.0,24200,322337.0,24100,240160.0,24300,1680.0,24150,470.0,132.45,64.1,196.55,131.55,131.85,64.45,64.6,196.0,196.45,196.225,11.6,7.61,True,False,True,true one-minute NIFTY futures OHLCV/VWAP unavailable; scheduled-event status not supplied
2.1.0,20260828_135003_000,2026-08-28T13:50:03+05:30,2026-08-28T13:50:03+05:30,2026-09-01,24104.0,24100,24150,23550,24750,25,False,,,10.78,2593620.0,1758294.0,0.6779,1027226.0,716907.0,0.6979,-1091.0,7770.0,39167.0,71099.0,24200,321156.0,24100,242239.0,24100,946.0,24100,2079.0,131.05,64.75,195.8,131.05,131.35,64.55,64.75,195.6,196.1,195.85,11.51,7.66,True,False,True,true one-minute NIFTY futures OHLCV/VWAP unavailable; scheduled-event status not supplied
2.1.0,20260828_135103_000,2026-08-28T13:51:03+05:30,2026-08-28T13:51:03+05:30,2026-09-01,24104.95,24100,24150,23550,24750,25,False,,,10.79,2598582.0,1762629.0,0.6783,1032188.0,721242.0,0.6988,4962.0,4335.0,35667.0,51321.0,24200,322550.0,24100,243785.0,24100,1403.0,24000,2671.0,131.8,64.6,196.4,131.8,131.9,64.5,64.7,196.3,196.6,196.45,11.5,7.71,True,False,True,true one-minute NIFTY futures OHLCV/VWAP unavailable; scheduled-event status not supplied
2.1.0,20260828_135203_000,2026-08-28T13:52:03+05:30,2026-08-28T13:52:03+05:30,2026-09-01,24099.95,24100,24150,23550,24750,25,False,,,10.85,2604514.0,1761034.0,0.6761,1038120.0,719647.0,0.6932,5932.0,-1595.0,69390.0,106088.0,24200,323595.0,24100,243215.0,24100,1622.0,24200,184.0,130.5,66.35,196.85,130.15,130.5,66.15,66.35,196.3,196.85,196.575,11.63,7.66,True,False,True,true one-minute NIFTY futures OHLCV/VWAP unavailable; scheduled-event status not supplied
2.1.0,20260828_135303_000,2026-08-28T13:53:03+05:30,2026-08-28T13:53:03+05:30,2026-09-01,24104.65,24100,24150,23550,24750,25,False,,,10.8,2597809.0,1765652.0,0.6797,1031415.0,724265.0,0.7022,-6705.0,4618.0,48071.0,80616.0,24200,322452.0,24100,244568.0,24500,143.0,24100,1353.0,133.35,63.6,196.95,132.6,132.9,63.55,63.7,196.15,196.6,196.375,11.55,7.66,True,False,True,true one-minute NIFTY futures OHLCV/VWAP unavailable; scheduled-event status not supplied
2.1.0,20260828_135403_000,2026-08-28T13:54:03+05:30,2026-08-28T13:54:03+05:30,2026-09-01,24103.65,24100,24150,23550,24750,25,False,,,10.8,2603083.0,1763809.0,0.6776,1036689.0,722422.0,0.6969,5274.0,-1843.0,28006.0,39582.0,24200,322917.0,24100,244075.0,24100,1214.0,23950,363.0,131.8,64.6,196.4,131.6,131.85,64.4,64.55,196.0,196.4,196.2,11.55,7.64,True,False,True,true one-minute NIFTY futures OHLCV/VWAP unavailable; scheduled-event status not supplied
2.1.0,20260828_135503_000,2026-08-28T13:55:03+05:30,2026-08-28T13:55:03+05:30,2026-09-01,24103.3,24100,24150,23550,24750,25,False,,,10.82,2605978.0,1769620.0,0.6791,1039584.0,728233.0,0.7005,2895.0,5811.0,15565.0,27812.0,24200,323037.0,24100,246054.0,24300,531.0,24100,1979.0,131.2,65.1,196.3,131.2,131.5,65.0,65.2,196.2,196.7,196.45,11.51,7.71,True,False,True,true one-minute NIFTY futures OHLCV/VWAP unavailable; scheduled-event status not supplied
2.1.0,20260828_135603_000,2026-08-28T13:56:03+05:30,2026-08-28T13:56:03+05:30,2026-09-01,24100.65,24100,24150,23550,24750,25,False,,,10.95,2607021.0,1771782.0,0.6796,1040627.0,730395.0,0.7019,1043.0,2162.0,41314.0,71029.0,24200,322758.0,24100,246993.0,24350,660.0,24100,939.0,130.4,65.95,196.35,130.5,130.8,65.7,65.85,196.2,196.65,196.425,11.63,7.6,True,False,True,true one-minute NIFTY futures OHLCV/VWAP unavailable; scheduled-event status not supplied
2.1.0,20260828_135703_000,2026-08-28T13:57:03+05:30,2026-08-28T13:57:03+05:30,2026-09-01,24102.75,24100,24150,23550,24750,25,False,,,10.94,2603972.0,1779491.0,0.6834,1037578.0,738104.0,0.7114,-3049.0,7709.0,25424.0,53388.0,24200,322422.0,24100,249003.0,24500,279.0,24100,2010.0,131.7,65.0,196.7,131.8,132.0,64.65,64.85,196.45,196.85,196.65,11.59,7.66,True,False,True,true one-minute NIFTY futures OHLCV/VWAP unavailable; scheduled-event status not supplied
2.1.0,20260828_135803_000,2026-08-28T13:58:03+05:30,2026-08-28T13:58:03+05:30,2026-09-01,24106.25,24100,24150,23550,24750,25,False,,,10.96,2605089.0,1781149.0,0.6837,1038695.0,739762.0,0.7122,1117.0,1658.0,38480.0,66721.0,24200,322344.0,24100,248757.0,24150,796.0,24000,1030.0,134.15,62.75,196.9,133.95,134.2,62.5,62.65,196.45,196.85,196.65,11.57,7.61,True,False,True,true one-minute NIFTY futures OHLCV/VWAP unavailable; scheduled-event status not supplied
2.1.0,20260828_135903_000,2026-08-28T13:59:03+05:30,2026-08-28T13:59:03+05:30,2026-09-01,24110.25,24100,24150,23550,24750,25,False,,,10.95,2609258.0,1769923.0,0.6783,1042864.0,728536.0,0.6986,4169.0,-11226.0,73007.0,96282.0,24200,322970.0,24100,244028.0,24100,1419.0,23550,240.0,136.4,60.55,196.95,136.05,136.4,60.6,60.75,196.65,197.15,196.9,11.66,7.54,True,False,True,true one-minute NIFTY futures OHLCV/VWAP unavailable; scheduled-event status not supplied
2.1.0,20260828_140003_000,2026-08-28T14:00:03+05:30,2026-08-28T14:00:03+05:30,2026-09-01,24111.55,24100,24150,23550,24750,25,False,,,10.95,2608843.0,1759273.0,0.6743,1042449.0,717886.0,0.6887,-415.0,-10650.0,52664.0,54507.0,24200,323630.0,24100,242072.0,24400,847.0,23800,129.0,136.1,60.3,196.4,136.0,136.15,60.45,60.55,196.45,196.7,196.575,11.61,7.6,True,False,True,true one-minute NIFTY futures OHLCV/VWAP unavailable; scheduled-event status not supplied
2.1.0,20260828_140103_001,2026-08-28T14:01:03+05:30,2026-08-28T14:01:03+05:30,2026-09-01,24109.25,24100,24150,23550,24750,25,False,,,10.92,2607411.0,1765251.0,0.677,1041017.0,723864.0,0.6953,-1432.0,5978.0,61541.0,64813.0,24200,323202.0,24100,245148.0,24300,379.0,24100,3076.0,136.4,61.35,197.75,136.1,136.4,61.25,61.35,197.35,197.75,197.55,11.62,7.63,True,False,True,true one-minute NIFTY futures OHLCV/VWAP unavailable; scheduled-event status not supplied
2.1.0,20260828_140202_999,2026-08-28T14:02:02+05:30,2026-08-28T14:02:02+05:30,2026-09-01,24109.05,24100,24150,23550,24750,25,False,,,10.95,2601592.0,1765225.0,0.6785,1035198.0,723838.0,0.6992,-5819.0,-26.0,40647.0,51278.0,24200,322012.0,24100,245403.0,24550,202.0,24150,1202.0,135.75,61.45,197.2,135.35,135.65,61.45,61.6,196.8,197.25,197.025,11.62,7.64,True,False,True,true one-minute NIFTY futures OHLCV/VWAP unavailable; scheduled-event status not supplied
2.1.0,20260828_140303_000,2026-08-28T14:03:03+05:30,2026-08-28T14:03:03+05:30,2026-09-01,24111.1,24100,24150,23550,24750,25,False,,,10.8,2598110.0,1771977.0,0.682,1031716.0,730590.0,0.7081,-3482.0,6752.0,33712.0,40079.0,24200,321302.0,24100,247590.0,24300,314.0,24100,2187.0,135.6,61.6,197.2,135.8,136.15,61.2,61.3,197.0,197.45,197.225,11.57,7.66,True,False,True,true one-minute NIFTY futures OHLCV/VWAP unavailable; scheduled-event status not supplied
2.1.0,20260828_140402_999,2026-08-28T14:04:02+05:30,2026-08-28T14:04:02+05:30,2026-09-01,24106.1,24100,24150,23550,24750,25,False,,,10.79,2598553.0,1770146.0,0.6812,1032159.0,728759.0,0.7061,443.0,-1831.0,38708.0,51368.0,24200,321848.0,24100,246062.0,24200,546.0,24000,602.0,133.1,63.1,196.2,132.9,133.15,63.3,63.5,196.2,196.65,196.425,11.47,7.72,True,False,True,true one-minute NIFTY futures OHLCV/VWAP unavailable; scheduled-event status not supplied
2.1.0,20260828_140503_000,2026-08-28T14:05:03+05:30,2026-08-28T14:05:03+05:30,2026-09-01,24103.4,24100,24150,23550,24750,25,False,,,10.79,2596238.0,1768271.0,0.6811,1029844.0,726884.0,0.7058,-2315.0,-1875.0,51339.0,76939.0,24200,320648.0,24100,245883.0,24600,238.0,24000,636.0,131.1,64.9,196.0,131.05,131.15,64.8,64.9,195.85,196.05,195.95,11.47,7.74,True,False,True,true one-minute NIFTY futures OHLCV/VWAP unavailable; scheduled-event status not supplied
2.1.0,20260828_140603_000,2026-08-28T14:06:03+05:30,2026-08-28T14:06:03+05:30,2026-09-01,24101.5,24100,24150,23550,24750,25,False,,,10.81,2595032.0,1770643.0,0.6823,1028638.0,729256.0,0.709,-1206.0,2372.0,31383.0,60503.0,24200,320676.0,24100,245157.0,24450,237.0,24050,1210.0,129.85,66.0,195.85,129.95,130.2,65.8,65.9,195.75,196.1,195.925,11.51,7.69,True,False,True,true one-minute NIFTY futures OHLCV/VWAP unavailable; scheduled-event status not supplied
2.1.0,20260828_140703_004,2026-08-28T14:07:03+05:30,2026-08-28T14:07:03+05:30,2026-09-01,24099.85,24100,24150,23550,24750,25,False,,,10.82,2595596.0,1770992.0,0.6823,1029202.0,729605.0,0.7089,564.0,349.0,28564.0,66217.0,24200,320775.0,24100,244654.0,24100,950.0,24050,1545.0,130.7,65.4,196.1,130.35,130.7,65.4,65.55,195.75,196.25,196.0,11.57,7.63,True,False,True,true one-minute NIFTY futures OHLCV/VWAP unavailable; scheduled-event status not supplied
2.1.0,20260828_140803_001,2026-08-28T14:08:03+05:30,2026-08-28T14:08:03+05:30,2026-09-01,24105.75,24100,24150,23550,24750,25,False,,,10.8,2597278.0,1776134.0,0.6838,1030884.0,734747.0,0.7127,1682.0,5142.0,36688.0,62201.0,24200,321367.0,24100,247696.0,24200,592.0,24100,3042.0,133.9,62.8,196.7,133.5,133.6,62.75,62.9,196.25,196.5,196.375,11.72,7.52,True,False,True,true one-minute NIFTY futures OHLCV/VWAP unavailable; scheduled-event status not supplied
2.1.0,20260828_140903_000,2026-08-28T14:09:03+05:30,2026-08-28T14:09:03+05:30,2026-09-01,24103.95,24100,24150,23550,24750,25,False,,,10.8,2599947.0,1773316.0,0.6821,1033553.0,731929.0,0.7082,2669.0,-2818.0,26268.0,33258.0,24200,322514.0,24100,247451.0,24200,1147.0,23800,143.0,132.6,63.7,196.3,132.2,132.5,63.65,63.8,195.85,196.3,196.075,11.63,7.58,True,False,True,true one-minute NIFTY futures OHLCV/VWAP unavailable; scheduled-event status not supplied
2.1.0,20260828_141003_000,2026-08-28T14:10:03+05:30,2026-08-28T14:10:03+05:30,2026-09-01,24103.35,24100,24150,23550,24750,25,False,,,10.82,2602509.0,1775914.0,0.6824,1036115.0,734527.0,0.7089,2562.0,2598.0,24925.0,38457.0,24200,322224.0,24100,248307.0,24400,1329.0,24100,856.0,132.1,64.5,196.6,131.7,132.05,64.4,64.55,196.1,196.6,196.35,11.51,7.68,True,False,True,true one-minute NIFTY futures OHLCV/VWAP unavailable; scheduled-event status not supplied
2.1.0,20260828_141103_000,2026-08-28T14:11:03+05:30,2026-08-28T14:11:03+05:30,2026-09-01,24109.2,24100,24150,23550,24750,25,False,,,10.77,2600968.0,1776391.0,0.683,1034574.0,735004.0,0.7104,-1541.0,477.0,37439.0,57966.0,24200,322003.0,24100,249592.0,24100,383.0,24100,1285.0,135.45,61.6,197.05,135.1,135.45,61.45,61.6,196.55,197.05,196.8,11.63,7.57,True,False,True,true one-minute NIFTY futures OHLCV/VWAP unavailable; scheduled-event status not supplied
2.1.0,20260828_141203_000,2026-08-28T14:12:03+05:30,2026-08-28T14:12:03+05:30,2026-09-01,24110.35,24100,24150,23550,24750,25,False,,,10.78,2599385.0,1769075.0,0.6806,1032991.0,727688.0,0.7044,-1583.0,-7316.0,50407.0,53279.0,24200,321628.0,24100,247770.0,24400,1020.0,23800,297.0,135.0,61.8,196.8,134.95,135.25,61.65,61.8,196.6,197.05,196.825,11.61,7.64,True,False,True,true one-minute NIFTY futures OHLCV/VWAP unavailable; scheduled-event status not supplied
2.1.0,20260828_141303_000,2026-08-28T14:13:03+05:30,2026-08-28T14:13:03+05:30,2026-09-01,24109.6,24100,24150,23550,24750,25,False,,,10.77,2598749.0,1770879.0,0.6814,1032355.0,729492.0,0.7066,-636.0,1804.0,56409.0,53359.0,24200,322051.0,24100,249396.0,24700,459.0,24100,1626.0,135.25,62.0,197.25,134.9,135.25,61.85,62.0,196.75,197.25,197.0,11.55,7.68,True,False,True,true one-minute NIFTY futures OHLCV/VWAP unavailable; scheduled-event status not supplied
2.1.0,20260828_141402_999,2026-08-28T14:14:02+05:30,2026-08-28T14:14:02+05:30,2026-09-01,24111.1,24100,24150,23550,24750,25,False,,,10.78,2598880.0,1771566.0,0.6817,1032486.0,730179.0,0.7072,131.0,687.0,32090.0,40023.0,24200,322185.0,24100,249767.0,24100,877.0,23800,733.0,135.2,61.6,196.8,135.35,135.5,61.55,61.65,196.9,197.15,197.025,11.55,7.64,True,False,True,true one-minute NIFTY futures OHLCV/VWAP unavailable; scheduled-event status not supplied
2.1.0,20260828_141503_000,2026-08-28T14:15:03+05:30,2026-08-28T14:15:03+05:30,2026-09-01,24112.25,24100,24150,23550,24750,25,False,,,10.8,2600781.0,1773435.0,0.6819,1034387.0,732048.0,0.7077,1901.0,1869.0,29778.0,34030.0,24200,322804.0,24100,250321.0,24500,829.0,24150,710.0,135.3,61.6,196.9,135.2,135.35,61.6,61.75,196.8,197.1,196.95,11.47,7.72,True,False,True,true one-minute NIFTY futures OHLCV/VWAP unavailable; scheduled-event status not supplied
2.1.0,20260828_141603_000,2026-08-28T14:16:03+05:30,2026-08-28T14:16:03+05:30,2026-09-01,24108.95,24100,24150,23550,24750,25,False,,,10.8,2601044.0,1772978.0,0.6816,1034650.0,731591.0,0.7071,263.0,-457.0,40407.0,44998.0,24200,323169.0,24100,250007.0,24100,684.0,24200,691.0,132.0,63.85,195.85,132.0,132.1,63.95,64.0,195.95,196.1,196.025,11.34,7.82,True,False,True,true one-minute NIFTY futures OHLCV/VWAP unavailable; scheduled-event status not supplied
2.1.0,20260828_141702_999,2026-08-28T14:17:02+05:30,2026-08-28T14:17:02+05:30,2026-09-01,24115.3,24100,24150,23550,24750,25,False,,,10.78,2595739.0,1772676.0,0.6829,1029345.0,731289.0,0.7104,-5305.0,-302.0,61707.0,75221.0,24200,322719.0,24100,249532.0,24600,351.0,24150,657.0,136.4,61.05,197.45,136.1,136.4,60.9,61.05,197.0,197.45,197.225,11.41,7.77,True,False,True,true one-minute NIFTY futures OHLCV/VWAP unavailable; scheduled-event status not supplied
2.1.0,20260828_141803_000,2026-08-28T14:18:03+05:30,2026-08-28T14:18:03+05:30,2026-09-01,24116.9,24100,24150,23550,24750,25,False,,,10.8,2596371.0,1772113.0,0.6825,1029977.0,730726.0,0.7095,632.0,-563.0,36234.0,43714.0,24200,323331.0,24100,249976.0,24200,612.0,23750,507.0,137.5,59.75,197.25,137.3,137.5,59.8,59.9,197.1,197.4,197.25,11.47,7.73,True,False,True,true one-minute NIFTY futures OHLCV/VWAP unavailable; scheduled-event status not supplied
2.1.0,20260828_141903_000,2026-08-28T14:19:03+05:30,2026-08-28T14:19:03+05:30,2026-09-01,24114.45,24100,24150,23550,24750,25,False,,,10.78,2597691.0,1770471.0,0.6816,1031297.0,729084.0,0.707,1320.0,-1642.0,56120.0,64089.0,24200,323526.0,24100,249202.0,24400,675.0,24200,872.0,135.1,60.9,196.0,135.1,135.4,60.75,60.9,195.85,196.3,196.075,11.35,7.77,True,False,True,true one-minute NIFTY futures OHLCV/VWAP unavailable; scheduled-event status not supplied
2.1.0,20260828_142002_999,2026-08-28T14:20:02+05:30,2026-08-28T14:20:02+05:30,2026-09-01,24110.0,24100,24150,23550,24750,25,False,,,10.81,2595736.0,1769899.0,0.6818,1029342.0,728512.0,0.7077,-1955.0,-572.0,45134.0,55660.0,24200,323296.0,24100,248241.0,24500,556.0,24050,785.0,133.85,62.0,195.85,133.85,134.2,61.85,62.0,195.7,196.2,195.95,11.51,7.64,True,False,True,true one-minute NIFTY futures OHLCV/VWAP unavailable; scheduled-event status not supplied
2.1.0,20260828_142102_999,2026-08-28T14:21:02+05:30,2026-08-28T14:21:02+05:30,2026-09-01,24111.6,24100,24150,23550,24750,25,False,,,10.82,2590314.0,1778274.0,0.6865,1023920.0,736887.0,0.7197,-5422.0,8375.0,31504.0,33777.0,24200,321903.0,24100,252124.0,24650,154.0,24100,3883.0,135.25,61.5,196.75,134.95,135.25,61.35,61.5,196.3,196.75,196.525,11.52,7.68,True,False,True,true one-minute NIFTY futures OHLCV/VWAP unavailable; scheduled-event status not supplied
2.1.0,20260828_142203_000,2026-08-28T14:22:03+05:30,2026-08-28T14:22:03+05:30,2026-09-01,24113.6,24100,24150,23550,24750,25,False,,,10.81,2585887.0,1782967.0,0.6895,1019493.0,741580.0,0.7274,-4427.0,4693.0,33700.0,32273.0,24200,320375.0,24100,253847.0,24400,78.0,24000,1772.0,135.0,61.7,196.7,134.65,135.0,61.7,61.9,196.35,196.9,196.625,11.37,7.8,True,False,True,true one-minute NIFTY futures OHLCV/VWAP unavailable; scheduled-event status not supplied
2.1.0,20260828_142303_000,2026-08-28T14:23:03+05:30,2026-08-28T14:23:03+05:30,2026-09-01,24112.1,24100,24150,23550,24750,25,False,,,10.83,2586635.0,1772939.0,0.6854,1020241.0,731552.0,0.717,748.0,-10028.0,41169.0,56138.0,24200,320858.0,24100,250311.0,24400,884.0,23600,6.0,132.0,63.7,195.7,132.0,132.05,63.85,63.9,195.85,195.95,195.9,11.15,7.97,True,False,True,true one-minute NIFTY futures OHLCV/VWAP unavailable; scheduled-event status not supplied
2.1.0,20260828_142403_000,2026-08-28T14:24:03+05:30,2026-08-28T14:24:03+05:30,2026-09-01,24113.65,24100,24150,23550,24750,25,False,,,10.82,2588516.0,1770816.0,0.6841,1022122.0,729429.0,0.7136,1881.0,-2123.0,28696.0,39202.0,24200,321375.0,24100,250110.0,24100,639.0,24300,252.0,134.25,62.05,196.3,133.8,134.0,62.05,62.2,195.85,196.2,196.025,11.3,7.83,True,False,True,true one-minute NIFTY futures OHLCV/VWAP unavailable; scheduled-event status not supplied
2.1.0,20260828_142503_000,2026-08-28T14:25:03+05:30,2026-08-28T14:25:03+05:30,2026-09-01,24116.0,24100,24150,23550,24750,25,False,,,10.79,2587141.0,1770559.0,0.6844,1020747.0,729172.0,0.7144,-1375.0,-257.0,21249.0,26425.0,24200,321235.0,24100,250617.0,24450,364.0,24100,507.0,135.35,61.35,196.7,134.8,135.0,61.4,61.6,196.2,196.6,196.4,11.28,7.86,True,False,True,true one-minute NIFTY futures OHLCV/VWAP unavailable; scheduled-event status not supplied
2.1.0,20260828_142602_999,2026-08-28T14:26:02+05:30,2026-08-28T14:26:02+05:30,2026-09-01,24116.0,24100,24150,23550,24750,25,False,,,10.79,2589557.0,1770717.0,0.6838,1023163.0,729330.0,0.7128,2416.0,158.0,26412.0,29544.0,24200,321340.0,24100,250988.0,24300,559.0,24100,371.0,135.3,61.25,196.55,134.7,134.95,61.55,61.65,196.25,196.6,196.425,11.32,7.81,True,False,True,true one-minute NIFTY futures OHLCV/VWAP unavailable; scheduled-event status not supplied
2.1.0,20260828_142702_999,2026-08-28T14:27:02+05:30,2026-08-28T14:27:02+05:30,2026-09-01,24115.4,24100,24150,23550,24750,25,False,,,10.81,2585591.0,1772320.0,0.6855,1019197.0,730933.0,0.7172,-3966.0,1603.0,34303.0,36904.0,24200,320742.0,24100,251067.0,24150,146.0,24150,1077.0,135.95,60.65,196.6,136.05,136.35,60.55,60.65,196.6,197.0,196.8,11.47,7.71,True,False,True,true one-minute NIFTY futures OHLCV/VWAP unavailable; scheduled-event status not supplied
2.1.0,20260828_142803_000,2026-08-28T14:28:03+05:30,2026-08-28T14:28:03+05:30,2026-09-01,24115.75,24100,24150,23550,24750,25,False,,,10.81,2578773.0,1776965.0,0.6891,1012379.0,735578.0,0.7266,-6818.0,4645.0,39541.0,42256.0,24200,319083.0,24100,254641.0,24700,201.0,24100,3574.0,136.95,59.7,196.65,136.9,136.95,59.7,59.85,196.6,196.8,196.7,11.44,7.74,True,False,True,true one-minute NIFTY futures OHLCV/VWAP unavailable; scheduled-event status not supplied
2.1.0,20260828_142903_003,2026-08-28T14:29:03+05:30,2026-08-28T14:29:03+05:30,2026-09-01,24118.0,24100,24150,23550,24750,25,False,,,10.85,2573488.0,1779354.0,0.6914,1007094.0,737967.0,0.7328,-5285.0,2389.0,65592.0,75991.0,24200,318203.0,24100,256031.0,24500,392.0,24150,1858.0,138.55,59.15,197.7,138.05,138.4,59.1,59.25,197.15,197.65,197.4,11.49,7.72,True,False,True,true one-minute NIFTY futures OHLCV/VWAP unavailable; scheduled-event status not supplied
2.1.0,20260828_143002_999,2026-08-28T14:30:02+05:30,2026-08-28T14:30:02+05:30,2026-09-01,24119.75,24100,24150,23550,24750,25,False,,,10.9,2566294.0,1771067.0,0.6901,999900.0,729680.0,0.7298,-7194.0,-8287.0,132304.0,130584.0,24200,317592.0,24100,255470.0,23800,490.0,24300,361.0,141.15,57.35,198.5,140.75,141.1,57.2,57.4,197.95,198.5,198.225,11.57,7.64,True,False,True,true one-minute NIFTY futures OHLCV/VWAP unavailable; scheduled-event status not supplied
2.1.0,20260828_143103_000,2026-08-28T14:31:03+05:30,2026-08-28T14:31:03+05:30,2026-09-01,24121.25,24100,24150,23550,24750,25,False,,,10.89,2565754.0,1760314.0,0.6861,999360.0,718927.0,0.7194,-540.0,-10753.0,101753.0,86253.0,24200,316808.0,24100,254322.0,24350,2544.0,24300,348.0,140.4,57.65,198.05,140.4,140.7,57.65,57.8,198.05,198.5,198.275,11.57,7.71,True,False,True,true one-minute NIFTY futures OHLCV/VWAP unavailable; scheduled-event status not supplied
2.1.0,20260828_143203_000,2026-08-28T14:32:03+05:30,2026-08-28T14:32:03+05:30,2026-09-01,24117.75,24100,24150,23550,24750,25,False,,,10.88,2561395.0,1758227.0,0.6864,995001.0,716840.0,0.7204,-4359.0,-2087.0,95633.0,76290.0,24200,315310.0,24100,255416.0,24500,1013.0,24200,1181.0,137.95,59.35,197.3,137.8,138.0,59.15,59.3,196.95,197.3,197.125,11.44,7.72,True,False,True,true one-minute NIFTY futures OHLCV/VWAP unavailable; scheduled-event status not supplied
2.1.0,20260828_143303_000,2026-08-28T14:33:03+05:30,2026-08-28T14:33:03+05:30,2026-09-01,24116.0,24100,24150,23550,24750,25,False,,,10.91,2545673.0,1763846.0,0.6929,979279.0,722459.0,0.7377,-15722.0,5619.0,56468.0,66992.0,24200,313204.0,24100,257380.0,24700,125.0,24000,2151.0,137.25,59.4,196.65,137.3,137.65,59.25,59.4,196.55,197.05,196.8,11.52,7.68,True,False,True,true one-minute NIFTY futures OHLCV/VWAP unavailable; scheduled-event status not supplied
2.1.0,20260828_143403_000,2026-08-28T14:34:03+05:30,2026-08-28T14:34:03+05:30,2026-09-01,24118.1,24100,24150,23550,24750,25,False,,,10.92,2541663.0,1763671.0,0.6939,975269.0,722284.0,0.7406,-4010.0,-175.0,51952.0,67218.0,24200,312293.0,24100,260079.0,24400,540.0,24100,2699.0,139.7,58.15,197.85,139.35,139.65,58.15,58.25,197.5,197.9,197.7,11.58,7.63,True,False,True,true one-minute NIFTY futures OHLCV/VWAP unavailable; scheduled-event status not supplied
2.1.0,20260828_143503_003,2026-08-28T14:35:03+05:30,2026-08-28T14:35:03+05:30,2026-09-01,24121.55,24100,24150,23550,24750,25,False,,,10.81,2537475.0,1755918.0,0.692,971081.0,714531.0,0.7358,-4188.0,-7753.0,140752.0,168733.0,24200,311036.0,24100,255931.0,24300,265.0,24150,1189.0,142.4,56.2,198.6,142.4,142.75,56.0,56.2,198.4,198.95,198.675,11.67,7.58,True,False,True,true one-minute NIFTY futures OHLCV/VWAP unavailable; scheduled-event status not supplied
2.1.0,20260828_143603_000,2026-08-28T14:36:03+05:30,2026-08-28T14:36:03+05:30,2026-09-01,24117.1,24100,24150,23550,24750,25,False,,,10.82,2532602.0,1730685.0,0.6834,966208.0,689298.0,0.7134,-4873.0,-25233.0,72293.0,81350.0,24200,309954.0,24100,251652.0,24500,2600.0,23950,243.0,139.45,57.8,197.25,139.45,139.75,57.6,57.8,197.05,197.55,197.3,11.63,7.58,True,False,True,true one-minute NIFTY futures OHLCV/VWAP unavailable; scheduled-event status not supplied
2.1.0,20260828_143703_000,2026-08-28T14:37:03+05:30,2026-08-28T14:37:03+05:30,2026-09-01,24119.7,24100,24150,23550,24750,25,False,,,10.82,2532289.0,1738546.0,0.6866,965895.0,697159.0,0.7218,-313.0,7861.0,45054.0,49594.0,24200,310179.0,24100,254681.0,24150,587.0,24100,3029.0,141.2,56.7,197.9,140.9,141.3,56.55,56.75,197.45,198.05,197.75,11.64,7.57,True,False,True,true one-minute NIFTY futures OHLCV/VWAP unavailable; scheduled-event status not supplied
2.1.0,20260828_143803_000,2026-08-28T14:38:03+05:30,2026-08-28T14:38:03+05:30,2026-09-01,24121.15,24100,24150,23550,24750,25,False,,,10.77,2525839.0,1737595.0,0.6879,959445.0,696208.0,0.7256,-6450.0,-951.0,79081.0,76548.0,24200,308274.0,24100,255262.0,24700,109.0,24150,1389.0,142.9,55.2,198.1,142.9,143.25,55.25,55.4,198.15,198.65,198.4,11.84,7.46,True,False,True,true one-minute NIFTY futures OHLCV/VWAP unavailable; scheduled-event status not supplied
2.1.0,20260828_143903_000,2026-08-28T14:39:03+05:30,2026-08-28T14:39:03+05:30,2026-09-01,24121.05,24100,24150,23550,24750,25,False,,,10.75,2521782.0,1738773.0,0.6895,955388.0,697386.0,0.73,-4057.0,1178.0,45023.0,39280.0,24200,307623.0,24100,256938.0,24450,291.0,24100,1676.0,143.9,54.95,198.85,143.9,144.0,54.8,54.95,198.7,198.95,198.825,11.88,7.45,True,False,True,true one-minute NIFTY futures OHLCV/VWAP unavailable; scheduled-event status not supplied
2.1.0,20260828_144003_000,2026-08-28T14:40:03+05:30,2026-08-28T14:40:03+05:30,2026-09-01,24119.3,24100,24150,23550,24750,25,False,,,10.82,2514547.0,1745521.0,0.6942,948153.0,704134.0,0.7426,-7235.0,6748.0,66685.0,49496.0,24200,304969.0,24100,259150.0,24300,1957.0,24100,2212.0,141.1,56.8,197.9,141.1,141.4,56.6,56.8,197.7,198.2,197.95,11.63,7.6,True,False,True,true one-minute NIFTY futures OHLCV/VWAP unavailable; scheduled-event status not supplied
2.1.0,20260828_144103_000,2026-08-28T14:41:03+05:30,2026-08-28T14:41:03+05:30,2026-09-01,24118.55,24100,24150,23550,24750,25,False,,,10.87,2510629.0,1739754.0,0.693,944235.0,698367.0,0.7396,-3918.0,-5767.0,80964.0,84971.0,24200,303210.0,24100,256385.0,24300,1279.0,24000,774.0,138.85,58.5,197.35,138.2,138.55,58.8,58.95,197.0,197.5,197.25,11.52,7.7,True,False,True,true one-minute NIFTY futures OHLCV/VWAP unavailable; scheduled-event status not supplied
2.1.0,20260828_144203_000,2026-08-28T14:42:03+05:30,2026-08-28T14:42:03+05:30,2026-09-01,24115.6,24100,24150,23550,24750,25,False,,,10.9,2508400.0,1742919.0,0.6948,942006.0,701532.0,0.7447,-2229.0,3165.0,50141.0,50651.0,24200,302942.0,24100,258069.0,24150,1115.0,24100,1684.0,136.75,59.7,196.45,136.55,136.6,59.7,59.8,196.25,196.4,196.325,11.45,7.71,True,False,True,true one-minute NIFTY futures OHLCV/VWAP unavailable; scheduled-event status not supplied
2.1.0,20260828_144302_999,2026-08-28T14:43:02+05:30,2026-08-28T14:43:02+05:30,2026-09-01,24116.65,24100,24150,23550,24750,25,False,,,10.87,2502330.0,1741603.0,0.696,935936.0,700216.0,0.7481,-6070.0,-1316.0,72022.0,76288.0,24300,300249.0,24100,258053.0,24300,1167.0,24000,724.0,138.05,59.4,197.45,137.8,138.15,59.3,59.5,197.1,197.65,197.375,11.51,7.76,True,False,True,true one-minute NIFTY futures OHLCV/VWAP unavailable; scheduled-event status not supplied
2.1.0,20260828_144403_000,2026-08-28T14:44:03+05:30,2026-08-28T14:44:03+05:30,2026-09-01,24119.9,24100,24150,23550,24750,25,False,,,10.89,2502786.0,1741499.0,0.6958,936392.0,700112.0,0.7477,456.0,-104.0,30288.0,36527.0,24300,301019.0,24100,258025.0,24100,836.0,24000,641.0,139.4,58.8,198.2,139.1,139.4,58.8,58.9,197.9,198.3,198.1,11.6,7.72,True,False,True,true one-minute NIFTY futures OHLCV/VWAP unavailable; scheduled-event status not supplied
2.1.0,20260828_144503_000,2026-08-28T14:45:03+05:30,2026-08-28T14:45:03+05:30,2026-09-01,24118.6,24100,24150,23550,24750,25,False,,,10.92,2505127.0,1733575.0,0.692,938733.0,692188.0,0.7374,2341.0,-7924.0,51412.0,46023.0,24300,304243.0,24100,254976.0,24300,3224.0,23950,108.0,140.8,58.05,198.85,140.85,141.0,58.05,58.2,198.9,199.2,199.05,11.59,7.72,True,False,True,true one-minute NIFTY futures OHLCV/VWAP unavailable; scheduled-event status not supplied
2.1.0,20260828_144603_000,2026-08-28T14:46:03+05:30,2026-08-28T14:46:03+05:30,2026-09-01,24116.25,24100,24150,23550,24750,25,False,,,10.91,2500310.0,1739397.0,0.6957,933916.0,698010.0,0.7474,-4817.0,5822.0,29652.0,35980.0,24300,304511.0,24100,256116.0,24300,268.0,23800,3640.0,138.8,59.25,198.05,138.8,138.95,59.15,59.3,197.95,198.25,198.1,11.63,7.69,True,False,True,true one-minute NIFTY futures OHLCV/VWAP unavailable; scheduled-event status not supplied
2.1.0,20260828_144703_000,2026-08-28T14:47:03+05:30,2026-08-28T14:47:03+05:30,2026-09-01,24114.8,24100,24150,23550,24750,25,False,,,10.9,2495701.0,1743835.0,0.6987,929307.0,702448.0,0.7559,-4609.0,4438.0,38991.0,49924.0,24300,303567.0,24100,258231.0,24450,736.0,24100,2115.0,137.35,59.9,197.25,137.35,137.7,59.9,60.0,197.25,197.7,197.475,11.58,7.68,True,False,True,true one-minute NIFTY futures OHLCV/VWAP unavailable; scheduled-event status not supplied
2.1.0,20260828_144803_000,2026-08-28T14:48:03+05:30,2026-08-28T14:48:03+05:30,2026-09-01,24117.75,24100,24150,23550,24750,25,False,,,10.94,2490745.0,1747027.0,0.7014,924351.0,705640.0,0.7634,-4956.0,3192.0,34325.0,41593.0,24300,302794.0,24100,259528.0,23800,10.0,24100,1297.0,140.2,59.05,199.25,139.95,140.3,58.8,58.95,198.75,199.25,199.0,11.81,7.63,True,False,True,true one-minute NIFTY futures OHLCV/VWAP unavailable; scheduled-event status not supplied
2.1.0,20260828_144903_000,2026-08-28T14:49:03+05:30,2026-08-28T14:49:03+05:30,2026-09-01,24123.45,24100,24150,23550,24750,25,False,,,10.87,2478328.0,1729002.0,0.6976,911934.0,687615.0,0.754,-12417.0,-18025.0,100159.0,104161.0,24300,301592.0,24100,253715.0,24550,59.0,24250,304.0,143.95,56.2,200.15,143.5,143.9,56.2,56.35,199.7,200.25,199.975,11.73,7.66,True,False,True,true one-minute NIFTY futures OHLCV/VWAP unavailable; scheduled-event status not supplied
2.1.0,20260828_145002_999,2026-08-28T14:50:02+05:30,2026-08-28T14:50:02+05:30,2026-09-01,24128.8,24150,24150,23550,24750,25,False,,,10.79,2460015.0,1724305.0,0.7009,893621.0,682918.0,0.7642,-18313.0,-4697.0,167343.0,154686.0,24300,299929.0,24100,250620.0,24500,347.0,24200,934.0,115.75,71.1,186.85,115.45,115.7,71.1,71.3,186.55,187.0,186.775,11.41,7.02,True,False,True,true one-minute NIFTY futures OHLCV/VWAP unavailable; scheduled-event status not supplied
2.1.0,20260828_145103_000,2026-08-28T14:51:03+05:30,2026-08-28T14:51:03+05:30,2026-09-01,24135.0,24150,24150,23550,24750,25,False,,,10.79,2455208.0,1714929.0,0.6985,888814.0,673542.0,0.7578,-4807.0,-9376.0,273512.0,262825.0,24300,301459.0,24100,248914.0,24300,1530.0,23800,687.0,123.4,65.8,189.2,123.85,124.05,65.8,65.95,189.65,190.0,189.825,11.78,6.98,True,False,True,true one-minute NIFTY futures OHLCV/VWAP unavailable; scheduled-event status not supplied
2.1.0,20260828_145203_000,2026-08-28T14:52:03+05:30,2026-08-28T14:52:03+05:30,2026-09-01,24131.8,24150,24150,23550,24750,25,False,,,10.82,2393284.0,1675746.0,0.7002,826890.0,634359.0,0.7672,-61924.0,-39183.0,268312.0,213594.0,24300,295970.0,24100,233975.0,23700,5.0,23900,1768.0,119.5,68.4,187.9,119.3,119.55,68.2,68.25,187.5,187.8,187.65,11.54,7.03,True,False,True,true one-minute NIFTY futures OHLCV/VWAP unavailable; scheduled-event status not supplied
2.1.0,20260828_145303_000,2026-08-28T14:53:03+05:30,2026-08-28T14:53:03+05:30,2026-09-01,24135.7,24150,24150,23550,24750,25,False,,,10.79,2388279.0,1690776.0,0.7079,821885.0,649389.0,0.7901,-5005.0,15030.0,118574.0,95321.0,24300,294179.0,24100,240945.0,24250,1111.0,24100,6970.0,122.75,66.0,188.75,122.75,123.0,66.0,66.2,188.75,189.2,188.975,11.6,7.06,True,False,True,true one-minute NIFTY futures OHLCV/VWAP unavailable; scheduled-event status not supplied
2.1.0,20260828_145403_000,2026-08-28T14:54:03+05:30,2026-08-28T14:54:03+05:30,2026-09-01,24136.3,24150,24150,23550,24750,25,False,,,10.82,2383487.0,1695200.0,0.7112,817093.0,653813.0,0.8002,-4792.0,4424.0,150730.0,102840.0,24300,293895.0,24100,242442.0,24350,642.0,24100,1497.0,122.8,65.8,188.6,122.75,123.0,65.8,65.9,188.55,188.9,188.725,11.61,7.03,True,False,True,true one-minute NIFTY futures OHLCV/VWAP unavailable; scheduled-event status not supplied
2.1.0,20260828_145503_000,2026-08-28T14:55:03+05:30,2026-08-28T14:55:03+05:30,2026-09-01,24138.85,24150,24150,23550,24750,25,False,,,10.83,2371389.0,1696219.0,0.7153,804995.0,654832.0,0.8135,-12098.0,1019.0,113762.0,86338.0,24300,294217.0,24100,244242.0,24300,322.0,24100,1800.0,124.3,64.95,189.25,123.95,124.25,65.4,65.55,189.35,189.8,189.575,11.67,7.0,True,False,True,true one-minute NIFTY futures OHLCV/VWAP unavailable; scheduled-event status not supplied
2.1.0,20260828_145603_000,2026-08-28T14:56:03+05:30,2026-08-28T14:56:03+05:30,2026-09-01,24136.05,24150,24150,23550,24750,25,False,,,10.8,2353098.0,1697893.0,0.7216,786704.0,656506.0,0.8345,-18291.0,1674.0,120015.0,80024.0,24300,293670.0,24100,243945.0,24600,243.0,24200,3172.0,122.1,66.3,188.4,122.1,122.25,66.5,66.7,188.6,188.95,188.775,11.55,7.05,True,False,True,true one-minute NIFTY futures OHLCV/VWAP unavailable; scheduled-event status not supplied
2.1.0,20260828_145703_000,2026-08-28T14:57:03+05:30,2026-08-28T14:57:03+05:30,2026-09-01,24132.0,24150,24150,23550,24750,25,False,,,10.81,2347352.0,1708538.0,0.7279,780958.0,667151.0,0.8543,-5746.0,10645.0,102400.0,85592.0,24300,292507.0,24100,248331.0,24200,343.0,24100,4386.0,119.85,67.1,186.95,119.7,119.95,67.1,67.25,186.8,187.2,187.0,11.56,6.94,True,False,True,true one-minute NIFTY futures OHLCV/VWAP unavailable; scheduled-event status not supplied
2.1.0,20260828_145803_002,2026-08-28T14:58:03+05:30,2026-08-28T14:58:03+05:30,2026-09-01,24131.15,24150,24150,23550,24750,25,False,,,10.82,2333725.0,1717006.0,0.7357,767331.0,675619.0,0.8805,-13627.0,8468.0,109041.0,89309.0,24300,289719.0,24100,251732.0,24600,862.0,24100,3401.0,119.9,67.0,186.9,120.4,120.5,66.7,66.9,187.1,187.4,187.25,11.55,6.93,True,False,True,true one-minute NIFTY futures OHLCV/VWAP unavailable; scheduled-event status not supplied
2.1.0,20260828_145902_999,2026-08-28T14:59:02+05:30,2026-08-28T14:59:02+05:30,2026-09-01,24129.0,24150,24150,23550,24750,25,False,,,10.8,2337982.0,1718874.0,0.7352,771588.0,677487.0,0.878,4257.0,1868.0,70996.0,67752.0,24300,290172.0,24100,252191.0,24250,1094.0,24000,886.0,118.4,68.1,186.5,118.2,118.55,68.0,68.1,186.2,186.65,186.425,11.48,6.97,True,False,True,true one-minute NIFTY futures OHLCV/VWAP unavailable; scheduled-event status not supplied
2.1.0,20260828_150002_999,2026-08-28T15:00:02+05:30,2026-08-28T15:00:02+05:30,2026-09-01,24125.65,24150,24150,23550,24750,25,False,,,10.79,2334139.0,1718629.0,0.7363,767745.0,677242.0,0.8821,-3843.0,-245.0,108461.0,80133.0,24300,289651.0,24100,249866.0,24600,676.0,24000,1478.0,114.15,70.4,184.55,114.3,114.55,70.3,70.45,184.6,185.0,184.8,11.31,7.0,True,False,True,true one-minute NIFTY futures OHLCV/VWAP unavailable; scheduled-event status not supplied
2.1.0,20260828_150103_000,2026-08-28T15:01:03+05:30,2026-08-28T15:01:03+05:30,2026-09-01,24120.0,24100,24150,23550,24750,25,False,,,10.82,2297421.0,1717836.0,0.7477,731027.0,676449.0,0.9253,-36718.0,-793.0,197969.0,225372.0,24300,284219.0,24100,250629.0,24650,182.0,24000,3694.0,143.8,55.0,198.8,143.65,144.0,55.0,55.15,198.65,199.15,198.9,11.77,7.54,True,False,True,true one-minute NIFTY futures OHLCV/VWAP unavailable; scheduled-event status not supplied
2.1.0,20260828_150203_000,2026-08-28T15:02:03+05:30,2026-08-28T15:02:03+05:30,2026-09-01,24117.55,24100,24150,23550,24750,25,False,,,10.86,2291288.0,1727241.0,0.7538,724894.0,685854.0,0.9461,-6133.0,9405.0,109938.0,170930.0,24300,283572.0,24100,255271.0,24500,886.0,24100,4642.0,141.85,56.25,198.1,141.8,142.15,56.1,56.3,197.9,198.45,198.175,11.89,7.43,True,False,True,true one-minute NIFTY futures OHLCV/VWAP unavailable; scheduled-event status not supplied
2.1.0,20260828_150303_000,2026-08-28T15:03:03+05:30,2026-08-28T15:03:03+05:30,2026-09-01,24108.3,24100,24150,23550,24750,25,False,,,10.88,2271553.0,1726539.0,0.7601,705159.0,685152.0,0.9716,-19735.0,-702.0,204638.0,313922.0,24300,282411.0,24100,256879.0,24750,121.0,24100,1608.0,133.3,61.45,194.75,134.25,134.65,61.3,61.5,195.55,196.15,195.85,11.6,7.56,True,False,True,true one-minute NIFTY futures OHLCV/VWAP unavailable; scheduled-event status not supplied
2.1.0,20260828_150403_000,2026-08-28T15:04:03+05:30,2026-08-28T15:04:03+05:30,2026-09-01,24106.35,24100,24150,23550,24750,25,False,,,10.91,2274569.0,1716936.0,0.7548,708175.0,675549.0,0.9539,3016.0,-9603.0,126434.0,228867.0,24300,282831.0,24100,254192.0,24150,1485.0,24000,1551.0,135.0,60.8,195.8,134.25,134.55,61.2,61.4,195.45,195.95,195.7,11.7,7.55,True,False,True,true one-minute NIFTY futures OHLCV/VWAP unavailable; scheduled-event status not supplied
2.1.0,20260828_150503_000,2026-08-28T15:05:03+05:30,2026-08-28T15:05:03+05:30,2026-09-01,24109.5,24100,24150,23550,24750,25,False,,,10.95,2266327.0,1710079.0,0.7546,699933.0,668692.0,0.9554,-8242.0,-6857.0,104056.0,151360.0,24300,281026.0,24100,252765.0,24150,537.0,24050,579.0,137.85,59.55,197.4,137.6,138.0,59.3,59.45,196.9,197.45,197.175,11.89,7.45,True,False,True,true one-minute NIFTY futures OHLCV/VWAP unavailable; scheduled-event status not supplied
2.1.0,20260828_150603_000,2026-08-28T15:06:03+05:30,2026-08-28T15:06:03+05:30,2026-09-01,24110.05,24100,24150,23550,24750,25,False,,,10.92,2268095.0,1708536.0,0.7533,701701.0,667149.0,0.9508,1768.0,-1543.0,85225.0,136113.0,24300,280902.0,24100,253049.0,24750,3681.0,23550,369.0,138.1,58.55,196.65,137.65,137.85,59.0,59.15,196.65,197.0,196.825,11.76,7.48,True,False,True,true one-minute NIFTY futures OHLCV/VWAP unavailable; scheduled-event status not supplied
2.1.0,20260828_150702_999,2026-08-28T15:07:02+05:30,2026-08-28T15:07:02+05:30,2026-09-01,24110.9,24100,24150,23550,24750,25,False,,,10.93,2265284.0,1699717.0,0.7503,698890.0,658330.0,0.942,-2811.0,-8819.0,81035.0,122918.0,24300,281905.0,24100,251134.0,24300,1003.0,23700,410.0,140.1,56.95,197.05,140.0,140.3,56.85,57.0,196.85,197.3,197.075,12.02,7.31,True,False,True,true one-minute NIFTY futures OHLCV/VWAP unavailable; scheduled-event status not supplied
2.1.0,20260828_150802_999,2026-08-28T15:08:02+05:30,2026-08-28T15:08:02+05:30,2026-09-01,24112.9,24100,24150,23550,24750,25,False,,,10.9,2264343.0,1701906.0,0.7516,697949.0,660519.0,0.9464,-941.0,2189.0,66140.0,78724.0,24300,284857.0,24100,253333.0,24300,2952.0,24100,2199.0,140.95,56.75,197.7,140.35,140.7,56.75,56.8,197.1,197.5,197.3,12.04,7.29,True,False,True,true one-minute NIFTY futures OHLCV/VWAP unavailable; scheduled-event status not supplied
2.1.0,20260828_150903_000,2026-08-28T15:09:03+05:30,2026-08-28T15:09:03+05:30,2026-09-01,24120.75,24100,24150,23550,24750,25,False,,,10.78,2260453.0,1697487.0,0.7509,694059.0,656100.0,0.9453,-3890.0,-4419.0,102996.0,142407.0,24300,285043.0,24100,251920.0,24700,226.0,24000,285.0,145.95,53.1,199.05,146.05,146.4,52.9,53.0,198.95,199.4,199.175,12.16,7.25,True,False,True,true one-minute NIFTY futures OHLCV/VWAP unavailable; scheduled-event status not supplied
2.1.0,20260828_151003_000,2026-08-28T15:10:03+05:30,2026-08-28T15:10:03+05:30,2026-09-01,24122.9,24100,24150,23550,24750,25,False,,,10.81,2252350.0,1665367.0,0.7394,685956.0,623980.0,0.9097,-8103.0,-32120.0,163580.0,135172.0,24300,285836.0,24100,238898.0,24300,793.0,23550,976.0,149.75,52.2,201.95,149.8,150.0,52.05,52.2,201.85,202.2,202.025,12.44,7.35,True,False,True,true one-minute NIFTY futures OHLCV/VWAP unavailable; scheduled-event status not supplied
2.1.0,20260828_151103_000,2026-08-28T15:11:03+05:30,2026-08-28T15:11:03+05:30,2026-09-01,24127.95,24150,24150,23550,24750,25,False,,,10.82,2230593.0,1660235.0,0.7443,664199.0,618848.0,0.9317,-21757.0,-5132.0,157795.0,118606.0,24300,281240.0,24100,239351.0,23900,24.0,24250,697.0,120.0,69.35,189.35,119.65,119.8,69.6,69.7,189.25,189.5,189.375,11.69,7.03,True,False,True,true one-minute NIFTY futures OHLCV/VWAP unavailable; scheduled-event status not supplied
2.1.0,20260828_151203_001,2026-08-28T15:12:03+05:30,2026-08-28T15:12:03+05:30,2026-09-01,24153.95,24150,24150,23550,24750,25,False,,,10.71,2201384.0,1647722.0,0.7485,634990.0,606335.0,0.9549,-29209.0,-12513.0,391396.0,340821.0,24300,277436.0,24100,235162.0,24600,360.0,23750,601.0,138.95,56.2,195.15,139.1,139.45,56.25,56.4,195.35,195.85,195.6,12.5,6.66,True,False,True,true one-minute NIFTY futures OHLCV/VWAP unavailable; scheduled-event status not supplied
2.1.0,20260828_151303_000,2026-08-28T15:13:03+05:30,2026-08-28T15:13:03+05:30,2026-09-01,24153.2,24150,24150,23550,24750,25,False,,,10.71,2076383.0,1621439.0,0.7809,509989.0,580052.0,1.1374,-125001.0,-26283.0,493682.0,330247.0,24300,265892.0,24100,229774.0,23650,1.0,23900,1125.0,135.55,56.85,192.4,137.05,137.45,56.1,56.2,193.15,193.65,193.4,12.29,6.77,True,False,True,true one-minute NIFTY futures OHLCV/VWAP unavailable; scheduled-event status not supplied
2.1.0,20260828_151402_999,2026-08-28T15:14:02+05:30,2026-08-28T15:14:02+05:30,2026-09-01,24147.65,24150,24150,23550,24750,25,False,,,10.72,2056834.0,1626077.0,0.7906,490440.0,584690.0,1.1922,-19549.0,4638.0,257434.0,213407.0,24300,261907.0,24100,236259.0,24400,1206.0,24100,6485.0,130.85,59.85,190.7,130.9,131.25,59.65,59.8,190.55,191.05,190.8,11.61,7.02,True,False,True,true one-minute NIFTY futures OHLCV/VWAP unavailable; scheduled-event status not supplied
2.1.0,20260828_151503_000,2026-08-28T15:15:03+05:30,2026-08-28T15:15:03+05:30,2026-09-01,24142.45,24150,24150,23550,24750,25,False,,,10.61,2046252.0,1622884.0,0.7931,479858.0,581497.0,1.2118,-10582.0,-3193.0,133405.0,149021.0,24300,260081.0,24100,234966.0,24550,1716.0,23850,2661.0,133.75,58.7,192.45,133.7,134.1,58.55,58.7,192.25,192.8,192.525,12.34,6.73,True,False,True,true one-minute NIFTY futures OHLCV/VWAP unavailable; scheduled-event status not supplied
2.1.0,20260828_151603_000,2026-08-28T15:16:03+05:30,2026-08-28T15:16:03+05:30,2026-09-01,24142.45,24150,24150,23550,24750,25,False,,,10.72,2021144.0,1624067.0,0.8035,454750.0,582680.0,1.2813,-25108.0,1183.0,261033.0,201390.0,24300,256202.0,24100,236931.0,24750,538.0,24100,1965.0,132.1,58.4,190.5,131.65,132.05,58.2,58.3,189.85,190.35,190.1,12.18,6.61,True,False,True,true one-minute NIFTY futures OHLCV/VWAP unavailable; scheduled-event status not supplied
2.1.0,20260828_151703_000,2026-08-28T15:17:03+05:30,2026-08-28T15:17:03+05:30,2026-09-01,24142.45,24150,24150,23550,24750,25,False,,,10.75,2014440.0,1617820.0,0.8031,448046.0,576433.0,1.2865,-6704.0,-6247.0,115699.0,128046.0,24300,255121.0,24100,235498.0,24450,658.0,23850,883.0,133.95,56.85,190.8,134.15,134.45,56.2,56.35,190.35,190.8,190.575,12.25,6.45,True,False,True,true one-minute NIFTY futures OHLCV/VWAP unavailable; scheduled-event status not supplied
2.1.0,20260828_151803_000,2026-08-28T15:18:03+05:30,2026-08-28T15:18:03+05:30,2026-09-01,24142.45,24150,24150,23550,24750,25,False,,,10.74,2013822.0,1611988.0,0.8005,447428.0,570601.0,1.2753,-618.0,-5832.0,97075.0,88950.0,24300,255484.0,24100,236587.0,24550,783.0,24100,1089.0,129.35,59.75,189.1,129.2,129.5,59.55,59.7,188.75,189.2,188.975,11.89,6.74,True,False,True,true one-minute NIFTY futures OHLCV/VWAP unavailable; scheduled-event status not supplied
2.1.0,20260828_151903_000,2026-08-28T15:19:03+05:30,2026-08-28T15:19:03+05:30,2026-09-01,24142.45,24150,24150,23550,24750,25,False,,,10.76,2006559.0,1609500.0,0.8021,440165.0,568113.0,1.2907,-7263.0,-2488.0,62037.0,69223.0,24300,254282.0,24100,236029.0,24750,354.0,24150,1055.0,130.3,58.9,189.2,130.45,130.6,58.9,59.1,189.35,189.7,189.525,12.01,6.67,True,False,True,true one-minute NIFTY futures OHLCV/VWAP unavailable; scheduled-event status not supplied
2.1.0,20260828_152003_000,2026-08-28T15:20:03+05:30,2026-08-28T15:20:03+05:30,2026-09-01,24142.45,24150,24150,23550,24750,25,False,,,10.76,1996858.0,1601646.0,0.8021,430464.0,560259.0,1.3015,-9701.0,-7854.0,61442.0,57402.0,24300,253758.0,24100,234675.0,24400,366.0,23900,721.0,130.55,59.0,189.55,130.55,130.9,58.8,58.95,189.35,189.85,189.6,12.07,6.67,True,False,True,true one-minute NIFTY futures OHLCV/VWAP unavailable; scheduled-event status not supplied
2.1.0,20260828_152102_999,2026-08-28T15:21:02+05:30,2026-08-28T15:21:02+05:30,2026-09-01,24142.45,24150,24150,23550,24750,25,False,,,10.72,1969994.0,1571650.0,0.7978,403600.0,530263.0,1.3138,-26864.0,-29996.0,353721.0,339784.0,24300,252522.0,24100,222892.0,24750,1065.0,23550,2689.0,141.35,49.4,190.75,141.3,141.65,49.3,49.5,190.6,191.15,190.875,12.91,5.92,True,False,True,true one-minute NIFTY futures OHLCV/VWAP unavailable; scheduled-event status not supplied
2.1.0,20260828_152203_004,2026-08-28T15:22:03+05:30,2026-08-28T15:22:03+05:30,2026-09-01,24142.45,24150,24150,23550,24750,25,False,,,10.69,1935663.0,1552076.0,0.8018,369269.0,510689.0,1.383,-34331.0,-19574.0,316498.0,276880.0,24300,247794.0,24100,216451.0,24550,778.0,23750,564.0,142.85,49.05,191.9,142.35,142.75,49.2,49.35,191.55,192.1,191.825,13.14,5.81,True,False,True,true one-minute NIFTY futures OHLCV/VWAP unavailable; scheduled-event status not supplied
2.1.0,20260828_152303_000,2026-08-28T15:23:03+05:30,2026-08-28T15:23:03+05:30,2026-09-01,24142.45,24150,24150,23550,24750,25,False,,,10.69,1904966.0,1538755.0,0.8078,338572.0,497368.0,1.469,-30697.0,-13321.0,211997.0,141456.0,24300,246315.0,24100,213797.0,23850,24.0,24200,481.0,140.15,49.9,190.05,140.3,140.55,49.9,50.05,190.2,190.6,190.4,12.94,5.84,True,False,True,true one-minute NIFTY futures OHLCV/VWAP unavailable; scheduled-event status not supplied
2.1.0,20260828_152403_000,2026-08-28T15:24:03+05:30,2026-08-28T15:24:03+05:30,2026-09-01,24142.45,24150,24150,23550,24750,25,False,,,10.72,1893129.0,1535229.0,0.8109,326735.0,493842.0,1.5114,-11837.0,-3526.0,96808.0,89622.0,24300,245502.0,24100,212989.0,24500,181.0,24000,1390.0,138.85,51.2,190.05,138.85,139.1,51.15,51.3,190.0,190.4,190.2,12.82,5.99,True,False,True,true one-minute NIFTY futures OHLCV/VWAP unavailable; scheduled-event status not supplied
2.1.0,20260828_152502_999,2026-08-28T15:25:02+05:30,2026-08-28T15:25:02+05:30,2026-09-01,24142.45,24150,24150,23550,24750,25,False,,,10.68,1878788.0,1524649.0,0.8115,312394.0,483262.0,1.547,-14341.0,-10580.0,134785.0,118602.0,24300,243943.0,24100,211538.0,24550,2434.0,23600,392.0,142.45,50.15,192.6,141.95,142.3,49.85,50.0,191.8,192.3,192.05,13.11,5.84,True,False,True,true one-minute NIFTY futures OHLCV/VWAP unavailable; scheduled-event status not supplied
2.1.0,20260828_152603_000,2026-08-28T15:26:03+05:30,2026-08-28T15:26:03+05:30,2026-09-01,24142.45,24150,24150,23550,24750,25,False,,,10.66,1859439.0,1522727.0,0.8189,293045.0,481340.0,1.6425,-19349.0,-1922.0,107104.0,75618.0,24300,241804.0,24100,210012.0,23850,8.0,24000,828.0,139.95,50.0,189.95,139.85,139.95,49.85,50.0,189.7,189.95,189.825,12.91,5.84,True,False,True,true one-minute NIFTY futures OHLCV/VWAP unavailable; scheduled-event status not supplied
2.1.0,20260828_152703_000,2026-08-28T15:27:03+05:30,2026-08-28T15:27:03+05:30,2026-09-01,24142.45,24150,24150,23550,24750,25,False,,,10.65,1837861.0,1513649.0,0.8236,271467.0,472262.0,1.7397,-21578.0,-9078.0,144960.0,111414.0,24300,240356.0,24100,208031.0,24750,1831.0,24000,977.0,138.45,51.3,189.75,138.1,138.5,51.25,51.4,189.35,189.9,189.625,12.66,6.01,True,False,True,true one-minute NIFTY futures OHLCV/VWAP unavailable; scheduled-event status not supplied
2.1.0,20260828_152742_562,2026-08-28T15:27:42+05:30,2026-08-28T15:27:42+05:30,2026-09-01,24142.45,24150,24150,23550,24750,25,False,,,10.66,1837858.0,1513646.0,0.8236,271464.0,472259.0,1.7397,-3.0,-3.0,51352.0,61475.0,24300,240356.0,24100,208031.0,,,,,139.45,48.7,188.15,139.05,139.25,48.55,48.75,187.6,188.0,187.8,12.82,5.79,True,False,True,true one-minute NIFTY futures OHLCV/VWAP unavailable; scheduled-event status not supplied
2.1.0,20260828_152803_000,2026-08-28T15:28:03+05:30,2026-08-28T15:28:03+05:30,2026-09-01,24142.45,24150,24150,23550,24750,25,False,,,10.57,1829719.0,1500300.0,0.82,263325.0,458913.0,1.7428,-8139.0,-13346.0,26913.0,33231.0,24300,239716.0,24100,205013.0,24550,132.0,23800,400.0,139.05,49.2,188.25,139.05,139.1,49.25,49.4,188.3,188.5,188.4,12.77,5.81,True,False,True,true one-minute NIFTY futures OHLCV/VWAP unavailable; scheduled-event status not supplied
2.1.0,20260828_152903_001,2026-08-28T15:29:03+05:30,2026-08-28T15:29:03+05:30,2026-09-01,24142.45,24150,24150,23550,24750,25,False,,,10.58,1815273.0,1488978.0,0.8203,248879.0,447591.0,1.7984,-14446.0,-11322.0,116134.0,129427.0,24300,235810.0,24100,200686.0,24700,262.0,23900,1401.0,139.4,49.3,188.7,138.15,138.6,49.3,49.5,187.45,188.1,187.775,12.76,5.78,True,False,True,true one-minute NIFTY futures OHLCV/VWAP unavailable; scheduled-event status not supplied
