schema_version,snapshot_id,capture_timestamp,source_timestamp,timezone,source,underlying,expiry,lot_size,chain_hash,source_age_seconds,source_is_stale,spot,nifty_index_last,nifty_day_open,nifty_day_high,nifty_day_low,nifty_previous_close,india_vix,current_atm,session_anchor_atm,strike,strike_distance_from_spot,moneyness,interval_seconds,ce_interval_seconds,pe_interval_seconds,ce_identifier,ce_oi,ce_exchange_change_oi,ce_exchange_pchange_oi,ce_interval_oi_change,ce_volume_cumulative,ce_interval_volume,ce_volume_counter_reset,ce_ltp,ce_price_change,ce_price_pchange,ce_iv,ce_iv_valid,ce_bid,ce_bid_qty,ce_ask,ce_ask_qty,ce_total_buy_qty,ce_total_sell_qty,ce_mid,ce_spread,ce_spread_pct,ce_intrinsic,ce_extrinsic_ltp,pe_identifier,pe_oi,pe_exchange_change_oi,pe_exchange_pchange_oi,pe_interval_oi_change,pe_volume_cumulative,pe_interval_volume,pe_volume_counter_reset,pe_ltp,pe_price_change,pe_price_pchange,pe_iv,pe_iv_valid,pe_bid,pe_bid_qty,pe_ask,pe_ask_qty,pe_total_buy_qty,pe_total_sell_qty,pe_mid,pe_spread,pe_spread_pct,pe_intrinsic,pe_extrinsic_ltp,strike_oi_pcr,exchange_change_oi_ce_minus_pe
2.1.0,20260828_151103_000,2026-08-28T15:11:03+05:30,2026-08-28T15:11:03+05:30,Asia/Kolkata,UPSTOX,NIFTY,2026-09-01,65,5adbcd5a084c18f0,0.0,False,24127.95,24127.75,24122.6,24188.3,24076.85,24090.85,10.82,24150,24150,23900,-227.95,BELOW_SPOT,,60.0,60.0,NSE_FO|46981,6510,2910,,24,88455,493,False,314.35,0.6,0.1912,15.64,True,313.45,195,314.3,260,,,313.875,0.85,0.0027,227.95,86.4,NSE_FO|46982,104594,36611,,324,1759372,5245,False,14.55,-4.7,-24.4156,8.88,True,14.55,2405,14.6,7605,,,14.575,0.05,0.0034,0.0,14.55,16.0667,-33701
2.1.0,20260828_151103_000,2026-08-28T15:11:03+05:30,2026-08-28T15:11:03+05:30,Asia/Kolkata,UPSTOX,NIFTY,2026-09-01,65,5adbcd5a084c18f0,0.0,False,24127.95,24127.75,24122.6,24188.3,24076.85,24090.85,10.82,24150,24150,23950,-177.95,BELOW_SPOT,,60.0,60.0,NSE_FO|46983,3353,1178,,-170,75267,420,False,270.0,0.75,0.2786,14.59,True,270.05,130,270.4,195,,,270.225,0.35,0.0013,177.95,92.05,NSE_FO|46984,58788,26970,,-1113,1492961,5483,False,19.95,-5.6,-21.9178,8.54,True,19.95,5525,20.05,5005,,,20.0,0.1,0.005,0.0,19.95,17.533,-25792
2.1.0,20260828_151103_000,2026-08-28T15:11:03+05:30,2026-08-28T15:11:03+05:30,Asia/Kolkata,UPSTOX,NIFTY,2026-09-01,65,5adbcd5a084c18f0,0.0,False,24127.95,24127.75,24122.6,24188.3,24076.85,24090.85,10.82,24150,24150,24000,-127.95,BELOW_SPOT,,60.0,60.0,NSE_FO|46985,37120,11063,,-313,689923,2723,False,228.25,0.5,0.2195,13.73,True,227.65,455,228.0,65,,,227.825,0.35,0.0015,127.95,100.3,NSE_FO|46986,201035,91717,,-1546,3992768,13677,False,27.9,-7.2,-20.5128,8.19,True,27.9,1885,27.95,1625,,,27.925,0.05,0.0018,0.0,27.9,5.4158,-80654
2.1.0,20260828_151103_000,2026-08-28T15:11:03+05:30,2026-08-28T15:11:03+05:30,Asia/Kolkata,UPSTOX,NIFTY,2026-09-01,65,5adbcd5a084c18f0,0.0,False,24127.95,24127.75,24122.6,24188.3,24076.85,24090.85,10.82,24150,24150,24050,-77.95,BELOW_SPOT,,60.0,60.0,NSE_FO|46987,22172,11749,,-62,628193,2493,False,188.0,-3.3,-1.725,12.92,True,187.95,520,188.4,260,,,188.175,0.45,0.0024,77.95,110.05,NSE_FO|46988,105248,68302,,-877,2965857,8442,False,37.7,-8.95,-19.1854,7.81,True,37.85,715,37.95,1105,,,37.9,0.1,0.0026,0.0,37.7,4.7469,-56553
2.1.0,20260828_151103_000,2026-08-28T15:11:03+05:30,2026-08-28T15:11:03+05:30,Asia/Kolkata,UPSTOX,NIFTY,2026-09-01,65,5adbcd5a084c18f0,0.0,False,24127.95,24127.75,24122.6,24188.3,24076.85,24090.85,10.82,24150,24150,24100,-27.95,BELOW_SPOT,,60.0,60.0,NSE_FO|46989,137879,91394,,-1380,3241747,14342,False,151.4,-3.85,-2.4799,12.21,True,151.15,455,151.5,130,,,151.325,0.35,0.0023,27.95,123.45,NSE_FO|46990,239351,155168,,453,6925517,30164,False,52.25,-9.9,-15.9292,7.46,True,52.3,390,52.35,520,,,52.325,0.05,0.001,0.0,52.25,1.7359,-63774
2.1.0,20260828_151103_000,2026-08-28T15:11:03+05:30,2026-08-28T15:11:03+05:30,Asia/Kolkata,UPSTOX,NIFTY,2026-09-01,65,5adbcd5a084c18f0,0.0,False,24127.95,24127.75,24122.6,24188.3,24076.85,24090.85,10.82,24150,24150,24150,22.05,ATM,,60.0,60.0,NSE_FO|46991,143412,83175,,-3318,3563626,17728,False,120.0,-6.85,-5.4001,11.69,True,119.65,195,119.8,2665,,,119.725,0.15,0.0013,0.0,120.0,NSE_FO|46992,132296,78046,,-1581,5311272,15462,False,69.35,-9.6,-12.1596,7.03,True,69.6,1365,69.7,325,,,69.65,0.1,0.0014,22.05,47.3,0.9225,5129
2.1.0,20260828_151103_000,2026-08-28T15:11:03+05:30,2026-08-28T15:11:03+05:30,Asia/Kolkata,UPSTOX,NIFTY,2026-09-01,65,5adbcd5a084c18f0,0.0,False,24127.95,24127.75,24122.6,24188.3,24076.85,24090.85,10.82,24150,24150,24200,72.05,ABOVE_SPOT,,60.0,60.0,NSE_FO|46993,255608,101920,,-1478,4797964,21985,False,92.0,-6.75,-6.8354,11.26,True,91.7,585,91.9,1690,,,91.8,0.2,0.0022,0.0,92.0,NSE_FO|46994,157926,56748,,-231,4411421,12417,False,91.75,-11.05,-10.749,6.45,True,91.8,520,92.0,780,,,91.9,0.2,0.0022,72.05,19.7,0.6178,45172
2.1.0,20260828_151103_000,2026-08-28T15:11:03+05:30,2026-08-28T15:11:03+05:30,Asia/Kolkata,UPSTOX,NIFTY,2026-09-01,65,5adbcd5a084c18f0,0.0,False,24127.95,24127.75,24122.6,24188.3,24076.85,24090.85,10.82,24150,24150,24250,122.05,ABOVE_SPOT,,60.0,60.0,NSE_FO|46995,152774,63762,,-1248,2565986,13992,False,69.35,-7.55,-9.8179,10.97,True,69.05,1170,69.25,2015,,,69.15,0.2,0.0029,0.0,69.35,NSE_FO|46996,52879,12349,,697,1371067,4202,False,119.3,-9.55,-7.4117,5.71,True,119.1,195,119.3,390,,,119.2,0.2,0.0017,122.05,-2.75,0.3461,51413
2.1.0,20260828_151103_000,2026-08-28T15:11:03+05:30,2026-08-28T15:11:03+05:30,Asia/Kolkata,UPSTOX,NIFTY,2026-09-01,65,5adbcd5a084c18f0,0.0,False,24127.95,24127.75,24122.6,24188.3,24076.85,24090.85,10.82,24150,24150,24300,172.05,ABOVE_SPOT,,60.0,60.0,NSE_FO|46997,281240,77910,,-4596,3351249,18022,False,50.8,-7.15,-12.3382,10.73,True,50.8,3965,50.9,390,,,50.85,0.1,0.002,0.0,50.8,NSE_FO|46998,69094,-6946,,-441,1447121,3536,False,149.95,-12.4,-7.6378,4.06,True,150.1,1040,150.4,65,,,150.25,0.3,0.002,172.05,-22.1,0.2457,84856
2.1.0,20260828_151103_000,2026-08-28T15:11:03+05:30,2026-08-28T15:11:03+05:30,Asia/Kolkata,UPSTOX,NIFTY,2026-09-01,65,5adbcd5a084c18f0,0.0,False,24127.95,24127.75,24122.6,24188.3,24076.85,24090.85,10.82,24150,24150,24350,222.05,ABOVE_SPOT,,60.0,60.0,NSE_FO|46999,164585,41270,,5,1748163,8448,False,36.5,-7.05,-16.1883,10.59,True,36.35,3510,36.45,650,,,36.4,0.1,0.0027,0.0,36.5,NSE_FO|47000,23909,-1631,,-133,322472,998,False,186.6,-8.4,-4.3077,0.0,False,186.35,325,186.75,455,,,186.55,0.4,0.0021,222.05,-35.45,0.1453,42901
2.1.0,20260828_151103_000,2026-08-28T15:11:03+05:30,2026-08-28T15:11:03+05:30,Asia/Kolkata,UPSTOX,NIFTY,2026-09-01,65,5adbcd5a084c18f0,0.0,False,24127.95,24127.75,24122.6,24188.3,24076.85,24090.85,10.82,24150,24150,24400,272.05,ABOVE_SPOT,,60.0,60.0,NSE_FO|47001,209733,21520,,-845,2213597,12896,False,25.7,-6.1,-19.1824,10.5,True,25.65,5330,25.75,13390,,,25.7,0.1,0.0039,0.0,25.7,NSE_FO|47002,29977,-4826,,-35,327596,815,False,225.3,-9.35,-3.9847,0.0,False,224.6,195,225.15,585,,,224.875,0.55,0.0024,272.05,-46.75,0.1429,26346
2.1.0,20260828_151203_001,2026-08-28T15:12:03+05:30,2026-08-28T15:12:03+05:30,Asia/Kolkata,UPSTOX,NIFTY,2026-09-01,65,b2d9661d809dffb9,0.0,False,24153.95,24154.2,24122.6,24188.3,24076.85,24090.85,10.71,24150,24150,23900,-253.95,BELOW_SPOT,,60.0,60.0,NSE_FO|46981,6457,2857,,-53,89363,908,False,344.45,30.7,9.7849,16.86,True,346.15,195,347.2,260,,,346.675,1.05,0.003,253.95,90.5,NSE_FO|46982,104505,36522,,-89,1777314,17942,False,11.25,-8.0,-41.5584,8.82,True,11.05,5265,11.1,2665,,,11.075,0.05,0.0045,0.0,11.25,16.1848,-33665
2.1.0,20260828_151203_001,2026-08-28T15:12:03+05:30,2026-08-28T15:12:03+05:30,Asia/Kolkata,UPSTOX,NIFTY,2026-09-01,65,b2d9661d809dffb9,0.0,False,24153.95,24154.2,24122.6,24188.3,24076.85,24090.85,10.71,24150,24150,23950,-203.95,BELOW_SPOT,,60.0,60.0,NSE_FO|46983,3281,1106,,-72,76046,779,False,299.7,30.45,11.3092,16.43,True,300.0,390,301.0,195,,,300.5,1.0,0.0033,203.95,95.75,NSE_FO|46984,58544,26726,,-244,1509378,16417,False,15.2,-10.35,-40.5088,8.26,True,15.1,1300,15.15,650,,,15.125,0.05,0.0033,0.0,15.2,17.8433,-25620
2.1.0,20260828_151203_001,2026-08-28T15:12:03+05:30,2026-08-28T15:12:03+05:30,Asia/Kolkata,UPSTOX,NIFTY,2026-09-01,65,b2d9661d809dffb9,0.0,False,24153.95,24154.2,24122.6,24188.3,24076.85,24090.85,10.71,24150,24150,24000,-153.95,BELOW_SPOT,,60.0,60.0,NSE_FO|46985,36447,10390,,-673,698876,8953,False,254.25,26.5,11.6356,14.77,True,256.75,65,257.3,130,,,257.025,0.55,0.0021,153.95,100.3,NSE_FO|46986,199407,90089,,-1628,4032403,39635,False,21.55,-13.55,-38.604,8.04,True,21.0,585,21.05,3250,,,21.025,0.05,0.0024,0.0,21.55,5.4711,-79699
2.1.0,20260828_151203_001,2026-08-28T15:12:03+05:30,2026-08-28T15:12:03+05:30,Asia/Kolkata,UPSTOX,NIFTY,2026-09-01,65,b2d9661d809dffb9,0.0,False,24153.95,24154.2,24122.6,24188.3,24076.85,24090.85,10.71,24150,24150,24050,-103.95,BELOW_SPOT,,60.0,60.0,NSE_FO|46987,21096,10673,,-1076,636343,8150,False,213.65,22.35,11.6832,14.21,True,213.45,65,214.05,325,,,213.75,0.6,0.0028,103.95,109.7,NSE_FO|46988,103991,67045,,-1257,2993499,27642,False,29.2,-17.45,-37.4062,7.4,True,29.15,195,29.25,2535,,,29.2,0.1,0.0034,0.0,29.2,4.9294,-56372
2.1.0,20260828_151203_001,2026-08-28T15:12:03+05:30,2026-08-28T15:12:03+05:30,Asia/Kolkata,UPSTOX,NIFTY,2026-09-01,65,b2d9661d809dffb9,0.0,False,24153.95,24154.2,24122.6,24188.3,24076.85,24090.85,10.71,24150,24150,24100,-53.95,BELOW_SPOT,,60.0,60.0,NSE_FO|46989,134604,88119,,-3275,3287723,45976,False,173.55,18.3,11.7874,13.01,True,175.8,455,176.3,130,,,176.05,0.5,0.0028,53.95,119.6,NSE_FO|46990,235162,150979,,-4189,6993805,68288,False,41.55,-20.6,-33.1456,7.1,True,39.85,2665,40.0,3120,,,39.925,0.15,0.0038,0.0,41.55,1.7471,-62860
2.1.0,20260828_151203_001,2026-08-28T15:12:03+05:30,2026-08-28T15:12:03+05:30,Asia/Kolkata,UPSTOX,NIFTY,2026-09-01,65,b2d9661d809dffb9,0.0,False,24153.95,24154.2,24122.6,24188.3,24076.85,24090.85,10.71,24150,24150,24150,-3.95,ATM,,60.0,60.0,NSE_FO|46991,139226,78989,,-4186,3610456,46830,False,138.95,12.1,9.5388,12.5,True,139.1,130,139.45,455,,,139.275,0.35,0.0025,3.95,135.0,NSE_FO|46992,129750,75500,,-2546,5359815,48543,False,56.2,-22.75,-28.8157,6.66,True,56.25,390,56.4,2080,,,56.325,0.15,0.0027,0.0,56.2,0.9319,3489
2.1.0,20260828_151203_001,2026-08-28T15:12:03+05:30,2026-08-28T15:12:03+05:30,Asia/Kolkata,UPSTOX,NIFTY,2026-09-01,65,b2d9661d809dffb9,0.0,False,24153.95,24154.2,24122.6,24188.3,24076.85,24090.85,10.71,24150,24150,24200,46.05,ABOVE_SPOT,,60.0,60.0,NSE_FO|46993,250439,96751,,-5169,4860298,62334,False,107.85,9.1,9.2152,11.93,True,109.7,130,110.0,325,,,109.85,0.3,0.0027,0.0,107.85,NSE_FO|46994,157515,56337,,-411,4449420,37999,False,74.45,-28.35,-27.5778,5.97,True,73.05,130,73.2,975,,,73.125,0.15,0.0021,46.05,28.4,0.629,40414
2.1.0,20260828_151203_001,2026-08-28T15:12:03+05:30,2026-08-28T15:12:03+05:30,Asia/Kolkata,UPSTOX,NIFTY,2026-09-01,65,b2d9661d809dffb9,0.0,False,24153.95,24154.2,24122.6,24188.3,24076.85,24090.85,10.71,24150,24150,24250,96.05,ABOVE_SPOT,,60.0,60.0,NSE_FO|46995,149040,60028,,-3734,2598042,32056,False,83.1,6.2,8.0624,11.36,True,83.45,390,83.7,1300,,,83.575,0.25,0.003,0.0,83.1,NSE_FO|46996,52890,12360,,11,1383223,12156,False,97.6,-31.25,-24.253,5.37,True,96.75,65,97.1,845,,,96.925,0.35,0.0036,96.05,1.55,0.3549,47668
2.1.0,20260828_151203_001,2026-08-28T15:12:03+05:30,2026-08-28T15:12:03+05:30,Asia/Kolkata,UPSTOX,NIFTY,2026-09-01,65,b2d9661d809dffb9,0.0,False,24153.95,24154.2,24122.6,24188.3,24076.85,24090.85,10.71,24150,24150,24300,146.05,ABOVE_SPOT,,60.0,60.0,NSE_FO|46997,277436,74106,,-3804,3395869,44620,False,61.65,3.7,6.3848,11.22,True,61.8,1300,61.95,910,,,61.875,0.15,0.0024,0.0,61.65,NSE_FO|46998,69026,-7014,,-68,1457931,10810,False,126.0,-36.35,-22.3899,0.0,False,125.75,65,126.0,650,,,125.875,0.25,0.002,146.05,-20.05,0.2488,81120
2.1.0,20260828_151203_001,2026-08-28T15:12:03+05:30,2026-08-28T15:12:03+05:30,Asia/Kolkata,UPSTOX,NIFTY,2026-09-01,65,b2d9661d809dffb9,0.0,False,24153.95,24154.2,24122.6,24188.3,24076.85,24090.85,10.71,24150,24150,24350,196.05,ABOVE_SPOT,,60.0,60.0,NSE_FO|46999,163077,39762,,-1508,1770827,22664,False,43.9,0.35,0.8037,10.8,True,44.5,1495,44.65,1235,,,44.575,0.15,0.0034,0.0,43.9,NSE_FO|47000,23790,-1750,,-119,324794,2322,False,161.45,-33.55,-17.2051,0.0,False,158.2,65,158.45,130,,,158.325,0.25,0.0016,196.05,-34.6,0.1459,41512
2.1.0,20260828_151203_001,2026-08-28T15:12:03+05:30,2026-08-28T15:12:03+05:30,Asia/Kolkata,UPSTOX,NIFTY,2026-09-01,65,b2d9661d809dffb9,0.0,False,24153.95,24154.2,24122.6,24188.3,24076.85,24090.85,10.71,24150,24150,24400,246.05,ABOVE_SPOT,,60.0,60.0,NSE_FO|47001,208648,20435,,-1085,2244724,31127,False,31.1,-0.7,-2.2013,10.74,True,31.25,650,31.3,3445,,,31.275,0.05,0.0016,0.0,31.1,NSE_FO|47002,29795,-5008,,-182,330529,2933,False,196.2,-38.45,-16.3861,0.0,False,195.95,130,196.6,195,,,196.275,0.65,0.0033,246.05,-49.85,0.1428,25443
2.1.0,20260828_151303_000,2026-08-28T15:13:03+05:30,2026-08-28T15:13:03+05:30,Asia/Kolkata,UPSTOX,NIFTY,2026-09-01,65,055050c4c28167ef,0.0,False,24153.2,24155.7,24122.6,24188.3,24076.85,24090.85,10.71,24150,24150,23900,-253.2,BELOW_SPOT,,60.0,60.0,NSE_FO|46981,6289,2689,,-168,90005,642,False,339.8,26.05,8.3028,16.89,True,339.2,325,340.2,455,,,339.7,1.0,0.0029,253.2,86.6,NSE_FO|46982,105630,37647,,1125,1793713,16399,False,11.4,-7.85,-40.7792,8.82,True,11.5,10205,11.55,2665,,,11.525,0.05,0.0043,0.0,11.4,16.796,-34958
2.1.0,20260828_151303_000,2026-08-28T15:13:03+05:30,2026-08-28T15:13:03+05:30,Asia/Kolkata,UPSTOX,NIFTY,2026-09-01,65,055050c4c28167ef,0.0,False,24153.2,24155.7,24122.6,24188.3,24076.85,24090.85,10.71,24150,24150,23950,-203.2,BELOW_SPOT,,60.0,60.0,NSE_FO|46983,2992,817,,-289,76698,652,False,295.6,26.35,9.7864,15.87,True,294.35,390,295.15,130,,,294.75,0.8,0.0027,203.2,92.4,NSE_FO|46984,58611,26793,,67,1522333,12955,False,15.6,-9.95,-38.9432,8.39,True,15.6,5395,15.7,5395,,,15.65,0.1,0.0064,0.0,15.6,19.5892,-25976
2.1.0,20260828_151303_000,2026-08-28T15:13:03+05:30,2026-08-28T15:13:03+05:30,Asia/Kolkata,UPSTOX,NIFTY,2026-09-01,65,055050c4c28167ef,0.0,False,24153.2,24155.7,24122.6,24188.3,24076.85,24090.85,10.71,24150,24150,24000,-153.2,BELOW_SPOT,,60.0,60.0,NSE_FO|46985,32287,6230,,-4160,705537,6661,False,250.55,22.8,10.011,14.76,True,250.2,65,250.75,260,,,250.475,0.55,0.0022,153.2,97.35,NSE_FO|46986,192033,82715,,-7374,4068503,36100,False,21.95,-13.15,-37.4644,8.01,True,21.9,1170,21.95,2470,,,21.925,0.05,0.0023,0.0,21.95,5.9477,-76485
2.1.0,20260828_151303_000,2026-08-28T15:13:03+05:30,2026-08-28T15:13:03+05:30,Asia/Kolkata,UPSTOX,NIFTY,2026-09-01,65,055050c4c28167ef,0.0,False,24153.2,24155.7,24122.6,24188.3,24076.85,24090.85,10.71,24150,24150,24050,-103.2,BELOW_SPOT,,60.0,60.0,NSE_FO|46987,18160,7737,,-2936,643657,7314,False,209.05,17.75,9.2786,13.83,True,209.1,650,209.65,260,,,209.375,0.55,0.0026,103.2,105.85,NSE_FO|46988,99600,62654,,-4391,3020266,26767,False,29.85,-16.8,-36.0129,7.6,True,29.95,130,30.0,2860,,,29.975,0.05,0.0017,0.0,29.85,5.4846,-54917
2.1.0,20260828_151303_000,2026-08-28T15:13:03+05:30,2026-08-28T15:13:03+05:30,Asia/Kolkata,UPSTOX,NIFTY,2026-09-01,65,055050c4c28167ef,0.0,False,24153.2,24155.7,24122.6,24188.3,24076.85,24090.85,10.71,24150,24150,24100,-53.2,BELOW_SPOT,,60.0,60.0,NSE_FO|46989,114333,67848,,-20271,3334337,46614,False,169.6,14.35,9.2432,12.99,True,169.35,260,169.6,260,,,169.475,0.25,0.0015,53.2,116.4,NSE_FO|46990,229774,145591,,-5388,7053822,60017,False,42.3,-19.85,-31.9389,7.24,True,42.15,260,42.25,8060,,,42.2,0.1,0.0024,0.0,42.3,2.0097,-77743
2.1.0,20260828_151303_000,2026-08-28T15:13:03+05:30,2026-08-28T15:13:03+05:30,Asia/Kolkata,UPSTOX,NIFTY,2026-09-01,65,055050c4c28167ef,0.0,False,24153.2,24155.7,24122.6,24188.3,24076.85,24090.85,10.71,24150,24150,24150,-3.2,ATM,,60.0,60.0,NSE_FO|46991,121723,61486,,-17503,3661813,51357,False,135.55,8.7,6.8585,12.29,True,137.05,325,137.45,845,,,137.25,0.4,0.0029,3.2,132.35,NSE_FO|46992,129908,75658,,158,5401926,42111,False,56.85,-22.1,-27.9924,6.77,True,56.1,65,56.2,845,,,56.15,0.1,0.0018,0.0,56.85,1.0672,-14172
2.1.0,20260828_151303_000,2026-08-28T15:13:03+05:30,2026-08-28T15:13:03+05:30,Asia/Kolkata,UPSTOX,NIFTY,2026-09-01,65,055050c4c28167ef,0.0,False,24153.2,24155.7,24122.6,24188.3,24076.85,24090.85,10.71,24150,24150,24200,46.8,ABOVE_SPOT,,60.0,60.0,NSE_FO|46993,231073,77385,,-19366,4929347,69049,False,105.8,7.05,7.1392,11.72,True,105.5,715,105.75,390,,,105.625,0.25,0.0024,0.0,105.8,NSE_FO|46994,154303,53125,,-3212,4490560,41140,False,76.0,-26.8,-26.07,6.21,True,75.95,65,76.0,65,,,75.975,0.05,0.0007,46.8,29.2,0.6678,24260
2.1.0,20260828_151303_000,2026-08-28T15:13:03+05:30,2026-08-28T15:13:03+05:30,Asia/Kolkata,UPSTOX,NIFTY,2026-09-01,65,055050c4c28167ef,0.0,False,24153.2,24155.7,24122.6,24188.3,24076.85,24090.85,10.71,24150,24150,24250,96.8,ABOVE_SPOT,,60.0,60.0,NSE_FO|46995,137816,48804,,-11224,2641977,43935,False,80.1,3.2,4.1612,11.27,True,79.75,2730,79.95,455,,,79.85,0.2,0.0025,0.0,80.1,NSE_FO|46996,53380,12850,,490,1395558,12335,False,100.3,-28.55,-22.1575,5.46,True,100.7,260,100.95,715,,,100.825,0.25,0.0025,96.8,3.5,0.3873,35954
2.1.0,20260828_151303_000,2026-08-28T15:13:03+05:30,2026-08-28T15:13:03+05:30,Asia/Kolkata,UPSTOX,NIFTY,2026-09-01,65,055050c4c28167ef,0.0,False,24153.2,24155.7,24122.6,24188.3,24076.85,24090.85,10.71,24150,24150,24300,146.8,ABOVE_SPOT,,60.0,60.0,NSE_FO|46997,265892,62562,,-11544,3452139,56270,False,59.25,1.3,2.2433,11.0,True,59.0,3900,59.2,5070,,,59.1,0.2,0.0034,0.0,59.25,NSE_FO|46998,68070,-7970,,-956,1469895,11964,False,129.55,-32.8,-20.2033,3.91,True,129.25,325,129.6,910,,,129.425,0.35,0.0027,146.8,-17.25,0.256,70532
2.1.0,20260828_151303_000,2026-08-28T15:13:03+05:30,2026-08-28T15:13:03+05:30,Asia/Kolkata,UPSTOX,NIFTY,2026-09-01,65,055050c4c28167ef,0.0,False,24153.2,24155.7,24122.6,24188.3,24076.85,24090.85,10.71,24150,24150,24350,196.8,ABOVE_SPOT,,60.0,60.0,NSE_FO|46999,159570,36255,,-3507,1799038,28211,False,42.3,-1.25,-2.8703,10.71,True,42.35,2340,42.45,325,,,42.4,0.1,0.0024,0.0,42.3,NSE_FO|47000,23651,-1889,,-139,326529,1735,False,163.15,-31.85,-16.3333,0.0,False,162.9,390,163.3,130,,,163.1,0.4,0.0025,196.8,-33.65,0.1482,38144
2.1.0,20260828_151303_000,2026-08-28T15:13:03+05:30,2026-08-28T15:13:03+05:30,Asia/Kolkata,UPSTOX,NIFTY,2026-09-01,65,055050c4c28167ef,0.0,False,24153.2,24155.7,24122.6,24188.3,24076.85,24090.85,10.71,24150,24150,24400,246.8,ABOVE_SPOT,,60.0,60.0,NSE_FO|47001,202491,14278,,-6157,2293694,48970,False,29.85,-1.95,-6.1321,10.54,True,29.8,5135,29.85,260,,,29.825,0.05,0.0017,0.0,29.85,NSE_FO|47002,29544,-5259,,-251,333105,2576,False,199.9,-34.75,-14.8093,0.0,False,199.55,390,200.1,455,,,199.825,0.55,0.0028,246.8,-46.9,0.1459,19537
2.1.0,20260828_151402_999,2026-08-28T15:14:02+05:30,2026-08-28T15:14:02+05:30,Asia/Kolkata,UPSTOX,NIFTY,2026-09-01,65,0ec12ee9273ce9e4,0.0,False,24147.65,24147.65,24122.6,24188.3,24076.85,24090.85,10.72,24150,24150,23900,-247.65,BELOW_SPOT,,59.0,59.0,NSE_FO|46981,6162,2562,,-127,90510,505,False,334.05,20.3,6.4701,15.73,True,333.55,325,334.5,520,,,334.025,0.95,0.0028,247.65,86.4,NSE_FO|46982,106441,38458,,811,1805907,12194,False,12.35,-6.9,-35.8442,8.99,True,12.35,6760,12.4,4745,,,12.375,0.05,0.004,0.0,12.35,17.2738,-35896
2.1.0,20260828_151402_999,2026-08-28T15:14:02+05:30,2026-08-28T15:14:02+05:30,Asia/Kolkata,UPSTOX,NIFTY,2026-09-01,65,0ec12ee9273ce9e4,0.0,False,24147.65,24147.65,24122.6,24188.3,24076.85,24090.85,10.72,24150,24150,23950,-197.65,BELOW_SPOT,,59.0,59.0,NSE_FO|46983,2901,726,,-91,77125,427,False,287.7,18.45,6.8524,15.02,True,287.75,325,288.6,325,,,288.175,0.85,0.0029,197.65,90.05,NSE_FO|46984,57859,26041,,-752,1529344,7011,False,17.05,-8.5,-33.2681,8.59,True,17.0,1950,17.05,2210,,,17.025,0.05,0.0029,0.0,17.05,19.9445,-25315
2.1.0,20260828_151402_999,2026-08-28T15:14:02+05:30,2026-08-28T15:14:02+05:30,Asia/Kolkata,UPSTOX,NIFTY,2026-09-01,65,0ec12ee9273ce9e4,0.0,False,24147.65,24147.65,24122.6,24188.3,24076.85,24090.85,10.72,24150,24150,24000,-147.65,BELOW_SPOT,,59.0,59.0,NSE_FO|46985,33076,7019,,789,710858,5321,False,245.2,17.45,7.6619,13.85,True,245.2,130,245.5,325,,,245.35,0.3,0.0012,147.65,97.55,NSE_FO|46986,193472,84154,,1439,4092533,24030,False,23.35,-11.75,-33.4758,8.27,True,23.35,7150,23.45,8190,,,23.4,0.1,0.0043,0.0,23.35,5.8493,-77135
2.1.0,20260828_151402_999,2026-08-28T15:14:02+05:30,2026-08-28T15:14:02+05:30,Asia/Kolkata,UPSTOX,NIFTY,2026-09-01,65,0ec12ee9273ce9e4,0.0,False,24147.65,24147.65,24122.6,24188.3,24076.85,24090.85,10.72,24150,24150,24050,-97.65,BELOW_SPOT,,59.0,59.0,NSE_FO|46987,17809,7386,,-351,646729,3072,False,203.3,12.0,6.2729,13.08,True,203.65,650,204.2,455,,,203.925,0.55,0.0027,97.65,105.65,NSE_FO|46988,96205,59259,,-3395,3038858,18592,False,32.3,-14.35,-30.761,7.81,True,32.0,65,32.05,1040,,,32.025,0.05,0.0016,0.0,32.3,5.402,-51873
2.1.0,20260828_151402_999,2026-08-28T15:14:02+05:30,2026-08-28T15:14:02+05:30,Asia/Kolkata,UPSTOX,NIFTY,2026-09-01,65,0ec12ee9273ce9e4,0.0,False,24147.65,24147.65,24122.6,24188.3,24076.85,24090.85,10.72,24150,24150,24100,-47.65,BELOW_SPOT,,59.0,59.0,NSE_FO|46989,110651,64166,,-3682,3352353,18016,False,165.55,10.3,6.6345,12.22,True,165.1,130,165.55,845,,,165.325,0.45,0.0027,47.65,117.9,NSE_FO|46990,236259,152076,,6485,7095214,41392,False,44.3,-17.85,-28.7208,7.51,True,44.25,325,44.3,780,,,44.275,0.05,0.0011,0.0,44.3,2.1352,-87910
2.1.0,20260828_151402_999,2026-08-28T15:14:02+05:30,2026-08-28T15:14:02+05:30,Asia/Kolkata,UPSTOX,NIFTY,2026-09-01,65,0ec12ee9273ce9e4,0.0,False,24147.65,24147.65,24122.6,24188.3,24076.85,24090.85,10.72,24150,24150,24150,2.35,ATM,,59.0,59.0,NSE_FO|46991,118206,57969,,-3517,3687092,25279,False,130.85,4.0,3.1533,11.61,True,130.9,650,131.25,1170,,,131.075,0.35,0.0027,0.0,130.85,NSE_FO|46992,131909,77659,,2001,5430621,28695,False,59.85,-19.1,-24.1925,7.02,True,59.65,2990,59.8,780,,,59.725,0.15,0.0025,2.35,57.5,1.1159,-19690
2.1.0,20260828_151402_999,2026-08-28T15:14:02+05:30,2026-08-28T15:14:02+05:30,Asia/Kolkata,UPSTOX,NIFTY,2026-09-01,65,0ec12ee9273ce9e4,0.0,False,24147.65,24147.65,24122.6,24188.3,24076.85,24090.85,10.72,24150,24150,24200,52.35,ABOVE_SPOT,,59.0,59.0,NSE_FO|46993,227623,73935,,-3450,4971008,41661,False,101.05,2.3,2.3291,11.18,True,101.05,2015,101.35,780,,,101.2,0.3,0.003,0.0,101.05,NSE_FO|46994,157092,55914,,2789,4512425,21865,False,80.05,-22.75,-22.1304,6.48,True,79.9,845,80.0,325,,,79.95,0.1,0.0013,52.35,27.7,0.6901,18021
2.1.0,20260828_151402_999,2026-08-28T15:14:02+05:30,2026-08-28T15:14:02+05:30,Asia/Kolkata,UPSTOX,NIFTY,2026-09-01,65,0ec12ee9273ce9e4,0.0,False,24147.65,24147.65,24122.6,24188.3,24076.85,24090.85,10.72,24150,24150,24250,102.35,ABOVE_SPOT,,59.0,59.0,NSE_FO|46995,137434,48422,,-382,2663831,21854,False,76.4,-0.5,-0.6502,10.76,True,76.4,975,76.65,2340,,,76.525,0.25,0.0033,0.0,76.4,NSE_FO|46996,53165,12635,,-215,1401491,5933,False,103.85,-25.0,-19.4024,5.86,True,103.85,845,104.1,195,,,103.975,0.25,0.0024,102.35,1.5,0.3868,35787
2.1.0,20260828_151402_999,2026-08-28T15:14:02+05:30,2026-08-28T15:14:02+05:30,Asia/Kolkata,UPSTOX,NIFTY,2026-09-01,65,0ec12ee9273ce9e4,0.0,False,24147.65,24147.65,24122.6,24188.3,24076.85,24090.85,10.72,24150,24150,24300,152.35,ABOVE_SPOT,,59.0,59.0,NSE_FO|46997,261907,58577,,-3985,3481806,29667,False,55.75,-2.2,-3.7964,10.56,True,55.75,910,55.9,390,,,55.825,0.15,0.0027,0.0,55.75,NSE_FO|46998,67979,-8061,,-91,1476553,6658,False,134.65,-27.7,-17.0619,4.47,True,134.05,65,134.35,390,,,134.2,0.3,0.0022,152.35,-17.7,0.2596,66638
2.1.0,20260828_151402_999,2026-08-28T15:14:02+05:30,2026-08-28T15:14:02+05:30,Asia/Kolkata,UPSTOX,NIFTY,2026-09-01,65,0ec12ee9273ce9e4,0.0,False,24147.65,24147.65,24122.6,24188.3,24076.85,24090.85,10.72,24150,24150,24350,202.35,ABOVE_SPOT,,59.0,59.0,NSE_FO|46999,158040,34725,,-1530,1815765,16727,False,39.9,-3.65,-8.3812,10.29,True,39.75,975,39.9,5135,,,39.825,0.15,0.0038,0.0,39.9,NSE_FO|47000,23689,-1851,,38,327857,1328,False,168.15,-26.85,-13.7692,0.0,False,167.7,260,168.1,195,,,167.9,0.4,0.0024,202.35,-34.2,0.1499,36576
2.1.0,20260828_151402_999,2026-08-28T15:14:02+05:30,2026-08-28T15:14:02+05:30,Asia/Kolkata,UPSTOX,NIFTY,2026-09-01,65,0ec12ee9273ce9e4,0.0,False,24147.65,24147.65,24122.6,24188.3,24076.85,24090.85,10.72,24150,24150,24400,252.35,ABOVE_SPOT,,59.0,59.0,NSE_FO|47001,203697,15484,,1206,2327405,33711,False,27.85,-3.95,-12.4214,10.21,True,27.75,4095,27.85,2925,,,27.8,0.1,0.0036,0.0,27.85,NSE_FO|47002,29349,-5454,,-195,334694,1589,False,205.95,-28.7,-12.231,0.0,False,205.0,65,205.4,130,,,205.2,0.4,0.0019,252.35,-46.4,0.1441,20938
2.1.0,20260828_151503_000,2026-08-28T15:15:03+05:30,2026-08-28T15:15:03+05:30,Asia/Kolkata,UPSTOX,NIFTY,2026-09-01,65,9ad6aa212cc7a470,0.0,False,24142.45,24142.45,24122.6,24188.3,24076.85,24090.85,10.61,24150,24150,23900,-242.45,BELOW_SPOT,,61.0,61.0,NSE_FO|46981,6110,2510,,-52,90857,347,False,337.3,23.55,7.506,16.85,True,336.9,520,337.3,520,,,337.1,0.4,0.0012,242.45,94.85,NSE_FO|46982,106550,38567,,109,1812941,7034,False,12.5,-6.75,-35.0649,8.88,True,12.45,1300,12.5,6305,,,12.475,0.05,0.004,0.0,12.5,17.4386,-36057
2.1.0,20260828_151503_000,2026-08-28T15:15:03+05:30,2026-08-28T15:15:03+05:30,Asia/Kolkata,UPSTOX,NIFTY,2026-09-01,65,9ad6aa212cc7a470,0.0,False,24142.45,24142.45,24122.6,24188.3,24076.85,24090.85,10.61,24150,24150,23950,-192.45,BELOW_SPOT,,61.0,61.0,NSE_FO|46983,2893,718,,-8,77285,160,False,293.0,23.75,8.8208,15.9,True,293.15,260,294.0,195,,,293.575,0.85,0.0029,192.45,100.55,NSE_FO|46984,57489,25671,,-370,1534123,4779,False,16.85,-8.7,-34.0509,8.5,True,16.75,5265,16.85,2730,,,16.8,0.1,0.006,0.0,16.85,19.8718,-24953
2.1.0,20260828_151503_000,2026-08-28T15:15:03+05:30,2026-08-28T15:15:03+05:30,Asia/Kolkata,UPSTOX,NIFTY,2026-09-01,65,9ad6aa212cc7a470,0.0,False,24142.45,24142.45,24122.6,24188.3,24076.85,24090.85,10.61,24150,24150,24000,-142.45,BELOW_SPOT,,61.0,61.0,NSE_FO|46985,33427,7370,,351,712776,1918,False,248.25,20.5,9.0011,14.83,True,247.95,650,248.15,1300,,,248.05,0.2,0.0008,142.45,105.8,NSE_FO|46986,192071,82753,,-1401,4110715,18182,False,23.3,-11.8,-33.6182,8.1,True,23.35,910,23.4,325,,,23.375,0.05,0.0021,0.0,23.3,5.746,-75383
2.1.0,20260828_151503_000,2026-08-28T15:15:03+05:30,2026-08-28T15:15:03+05:30,Asia/Kolkata,UPSTOX,NIFTY,2026-09-01,65,9ad6aa212cc7a470,0.0,False,24142.45,24142.45,24122.6,24188.3,24076.85,24090.85,10.61,24150,24150,24050,-92.45,BELOW_SPOT,,61.0,61.0,NSE_FO|46987,17790,7367,,-19,648489,1760,False,207.45,16.15,8.4422,13.85,True,207.8,650,208.0,195,,,207.9,0.2,0.001,92.45,115.0,NSE_FO|46988,95790,58844,,-415,3052359,13501,False,31.45,-15.2,-32.5831,7.64,True,31.35,2860,31.5,3185,,,31.425,0.15,0.0048,0.0,31.45,5.3845,-51477
2.1.0,20260828_151503_000,2026-08-28T15:15:03+05:30,2026-08-28T15:15:03+05:30,Asia/Kolkata,UPSTOX,NIFTY,2026-09-01,65,9ad6aa212cc7a470,0.0,False,24142.45,24142.45,24122.6,24188.3,24076.85,24090.85,10.61,24150,24150,24100,-42.45,BELOW_SPOT,,61.0,61.0,NSE_FO|46989,109137,62652,,-1514,3362807,10454,False,169.25,14.0,9.0177,12.95,True,168.9,455,169.1,195,,,169.0,0.2,0.0012,42.45,126.8,NSE_FO|46990,234966,150783,,-1293,7125075,29861,False,43.05,-19.1,-30.7321,7.23,True,43.05,7540,43.2,12805,,,43.125,0.15,0.0035,0.0,43.05,2.1529,-88131
2.1.0,20260828_151503_000,2026-08-28T15:15:03+05:30,2026-08-28T15:15:03+05:30,Asia/Kolkata,UPSTOX,NIFTY,2026-09-01,65,9ad6aa212cc7a470,0.0,False,24142.45,24142.45,24122.6,24188.3,24076.85,24090.85,10.61,24150,24150,24150,7.55,ATM,,61.0,61.0,NSE_FO|46991,116358,56121,,-1848,3701951,14859,False,133.75,6.9,5.4395,12.34,True,133.7,845,134.1,1560,,,133.9,0.4,0.003,0.0,133.75,NSE_FO|46992,133535,79285,,1626,5453333,22712,False,58.7,-20.25,-25.6491,6.73,True,58.55,1365,58.7,1495,,,58.625,0.15,0.0026,7.55,51.15,1.1476,-23164
2.1.0,20260828_151503_000,2026-08-28T15:15:03+05:30,2026-08-28T15:15:03+05:30,Asia/Kolkata,UPSTOX,NIFTY,2026-09-01,65,9ad6aa212cc7a470,0.0,False,24142.45,24142.45,24122.6,24188.3,24076.85,24090.85,10.61,24150,24150,24200,57.55,ABOVE_SPOT,,61.0,61.0,NSE_FO|46993,222776,69088,,-4847,4995062,24054,False,104.2,5.45,5.519,11.72,True,104.15,520,104.4,845,,,104.275,0.25,0.0024,0.0,104.2,NSE_FO|46994,155051,53873,,-2041,4532873,20448,False,77.45,-25.35,-24.6595,6.07,True,77.5,260,77.65,130,,,77.575,0.15,0.0019,57.55,19.9,0.696,15215
2.1.0,20260828_151503_000,2026-08-28T15:15:03+05:30,2026-08-28T15:15:03+05:30,Asia/Kolkata,UPSTOX,NIFTY,2026-09-01,65,9ad6aa212cc7a470,0.0,False,24142.45,24142.45,24122.6,24188.3,24076.85,24090.85,10.61,24150,24150,24250,107.55,ABOVE_SPOT,,61.0,61.0,NSE_FO|46995,135513,46501,,-1921,2675592,11761,False,78.25,1.35,1.7555,11.31,True,78.15,3835,78.4,715,,,78.275,0.25,0.0032,0.0,78.25,NSE_FO|46996,52985,12455,,-180,1406252,4761,False,102.45,-26.4,-20.4889,5.18,True,102.45,130,102.5,1300,,,102.475,0.05,0.0005,107.55,-5.1,0.391,34046
2.1.0,20260828_151503_000,2026-08-28T15:15:03+05:30,2026-08-28T15:15:03+05:30,Asia/Kolkata,UPSTOX,NIFTY,2026-09-01,65,9ad6aa212cc7a470,0.0,False,24142.45,24142.45,24122.6,24188.3,24076.85,24090.85,10.61,24150,24150,24300,157.55,ABOVE_SPOT,,61.0,61.0,NSE_FO|46997,260081,56751,,-1826,3497297,15491,False,57.7,-0.25,-0.4314,10.93,True,57.8,65,57.9,4485,,,57.85,0.1,0.0017,0.0,57.7,NSE_FO|46998,68025,-8015,,46,1480556,4003,False,131.0,-31.35,-19.3101,2.99,True,130.4,520,130.75,780,,,130.575,0.35,0.0027,157.55,-26.55,0.2616,64766
2.1.0,20260828_151503_000,2026-08-28T15:15:03+05:30,2026-08-28T15:15:03+05:30,Asia/Kolkata,UPSTOX,NIFTY,2026-09-01,65,9ad6aa212cc7a470,0.0,False,24142.45,24142.45,24122.6,24188.3,24076.85,24090.85,10.61,24150,24150,24350,207.55,ABOVE_SPOT,,61.0,61.0,NSE_FO|46999,157409,34094,,-631,1824115,8350,False,41.05,-2.5,-5.7405,10.67,True,40.8,260,40.9,2600,,,40.85,0.1,0.0024,0.0,41.05,NSE_FO|47000,23870,-1670,,181,328681,824,False,164.75,-30.25,-15.5128,0.0,False,164.75,260,165.15,260,,,164.95,0.4,0.0024,207.55,-42.8,0.1516,35764
2.1.0,20260828_151503_000,2026-08-28T15:15:03+05:30,2026-08-28T15:15:03+05:30,Asia/Kolkata,UPSTOX,NIFTY,2026-09-01,65,9ad6aa212cc7a470,0.0,False,24142.45,24142.45,24122.6,24188.3,24076.85,24090.85,10.61,24150,24150,24400,257.55,ABOVE_SPOT,,61.0,61.0,NSE_FO|47001,203535,15322,,-162,2338810,11405,False,28.8,-3.0,-9.434,10.48,True,28.7,1950,28.75,520,,,28.725,0.05,0.0017,0.0,28.8,NSE_FO|47002,29171,-5632,,-178,335778,1084,False,202.0,-32.65,-13.9143,0.0,False,201.45,65,201.75,325,,,201.6,0.3,0.0015,257.55,-55.55,0.1433,20954
2.1.0,20260828_151603_000,2026-08-28T15:16:03+05:30,2026-08-28T15:16:03+05:30,Asia/Kolkata,UPSTOX,NIFTY,2026-09-01,65,5c7de8c5f9bc1998,0.0,False,24142.45,24142.45,24122.6,24188.3,24076.85,24090.85,10.72,24150,24150,23900,-242.45,BELOW_SPOT,,60.0,60.0,NSE_FO|46981,6070,2470,,-40,91458,601,False,335.0,21.25,6.7729,16.53,True,334.8,195,335.7,520,,,335.25,0.9,0.0027,242.45,92.55,NSE_FO|46982,108008,40025,,1458,1824995,12054,False,12.1,-7.15,-37.1429,8.79,True,12.1,16315,12.2,5070,,,12.15,0.1,0.0082,0.0,12.1,17.7937,-37555
2.1.0,20260828_151603_000,2026-08-28T15:16:03+05:30,2026-08-28T15:16:03+05:30,Asia/Kolkata,UPSTOX,NIFTY,2026-09-01,65,5c7de8c5f9bc1998,0.0,False,24142.45,24142.45,24122.6,24188.3,24076.85,24090.85,10.72,24150,24150,23950,-192.45,BELOW_SPOT,,60.0,60.0,NSE_FO|46983,2902,727,,9,77717,432,False,289.7,20.45,7.5952,15.66,True,290.3,260,291.05,260,,,290.675,0.75,0.0026,192.45,97.25,NSE_FO|46984,57474,25656,,-15,1541060,6937,False,16.6,-8.95,-35.0294,8.36,True,16.45,2080,16.5,1235,,,16.475,0.05,0.003,0.0,16.6,19.805,-24929
2.1.0,20260828_151603_000,2026-08-28T15:16:03+05:30,2026-08-28T15:16:03+05:30,Asia/Kolkata,UPSTOX,NIFTY,2026-09-01,65,5c7de8c5f9bc1998,0.0,False,24142.45,24142.45,24122.6,24188.3,24076.85,24090.85,10.72,24150,24150,24000,-142.45,BELOW_SPOT,,60.0,60.0,NSE_FO|46985,32664,6607,,-763,716126,3350,False,245.95,18.2,7.9912,14.74,True,246.35,65,246.95,195,,,246.65,0.6,0.0024,142.45,103.5,NSE_FO|46986,191830,82512,,-241,4135975,25260,False,23.0,-12.1,-34.4729,7.98,True,22.9,260,22.95,585,,,22.925,0.05,0.0022,0.0,23.0,5.8728,-75905
2.1.0,20260828_151603_000,2026-08-28T15:16:03+05:30,2026-08-28T15:16:03+05:30,Asia/Kolkata,UPSTOX,NIFTY,2026-09-01,65,5c7de8c5f9bc1998,0.0,False,24142.45,24142.45,24122.6,24188.3,24076.85,24090.85,10.72,24150,24150,24050,-92.45,BELOW_SPOT,,60.0,60.0,NSE_FO|46987,17353,6930,,-437,652324,3835,False,205.4,14.1,7.3706,13.66,True,204.55,455,205.0,130,,,204.775,0.45,0.0022,92.45,112.95,NSE_FO|46988,94696,57750,,-1094,3066259,13900,False,31.15,-15.5,-33.2262,7.55,True,31.15,2470,31.25,4680,,,31.2,0.1,0.0032,0.0,31.15,5.457,-50820
2.1.0,20260828_151603_000,2026-08-28T15:16:03+05:30,2026-08-28T15:16:03+05:30,Asia/Kolkata,UPSTOX,NIFTY,2026-09-01,65,5c7de8c5f9bc1998,0.0,False,24142.45,24142.45,24122.6,24188.3,24076.85,24090.85,10.72,24150,24150,24100,-42.45,BELOW_SPOT,,60.0,60.0,NSE_FO|46989,106941,60456,,-2196,3381953,19146,False,166.6,11.35,7.3108,12.88,True,166.15,455,166.6,715,,,166.375,0.45,0.0027,42.45,124.15,NSE_FO|46990,236931,152748,,1965,7162515,37440,False,43.0,-19.15,-30.8126,7.1,True,43.0,9490,43.15,3900,,,43.075,0.15,0.0035,0.0,43.0,2.2155,-92292
2.1.0,20260828_151603_000,2026-08-28T15:16:03+05:30,2026-08-28T15:16:03+05:30,Asia/Kolkata,UPSTOX,NIFTY,2026-09-01,65,5c7de8c5f9bc1998,0.0,False,24142.45,24142.45,24122.6,24188.3,24076.85,24090.85,10.72,24150,24150,24150,7.55,ATM,,60.0,60.0,NSE_FO|46991,113834,53597,,-2524,3728623,26672,False,132.1,5.25,4.1387,12.18,True,131.65,1040,132.05,975,,,131.85,0.4,0.003,0.0,132.1,NSE_FO|46992,133637,79387,,102,5482374,29041,False,58.4,-20.55,-26.0291,6.61,True,58.2,3575,58.3,65,,,58.25,0.1,0.0017,7.55,50.85,1.174,-25790
2.1.0,20260828_151603_000,2026-08-28T15:16:03+05:30,2026-08-28T15:16:03+05:30,Asia/Kolkata,UPSTOX,NIFTY,2026-09-01,65,5c7de8c5f9bc1998,0.0,False,24142.45,24142.45,24122.6,24188.3,24076.85,24090.85,10.72,24150,24150,24200,57.55,ABOVE_SPOT,,60.0,60.0,NSE_FO|46993,217422,63734,,-5354,5036999,41937,False,101.15,2.4,2.4304,11.57,True,101.25,1170,101.55,1950,,,101.4,0.3,0.003,0.0,101.15,NSE_FO|46994,154685,53507,,-366,4555959,23086,False,78.35,-24.45,-23.784,5.92,True,77.35,390,77.55,650,,,77.45,0.2,0.0026,57.55,20.8,0.7115,10227
2.1.0,20260828_151603_000,2026-08-28T15:16:03+05:30,2026-08-28T15:16:03+05:30,Asia/Kolkata,UPSTOX,NIFTY,2026-09-01,65,5c7de8c5f9bc1998,0.0,False,24142.45,24142.45,24122.6,24188.3,24076.85,24090.85,10.72,24150,24150,24250,107.55,ABOVE_SPOT,,60.0,60.0,NSE_FO|46995,134670,45658,,-843,2701636,26044,False,76.55,-0.35,-0.4551,11.17,True,76.2,1885,76.45,1170,,,76.325,0.25,0.0033,0.0,76.55,NSE_FO|46996,52990,12460,,5,1414015,7763,False,102.3,-26.55,-20.6054,5.05,True,102.25,650,102.5,325,,,102.375,0.25,0.0024,107.55,-5.25,0.3935,33198
2.1.0,20260828_151603_000,2026-08-28T15:16:03+05:30,2026-08-28T15:16:03+05:30,Asia/Kolkata,UPSTOX,NIFTY,2026-09-01,65,5c7de8c5f9bc1998,0.0,False,24142.45,24142.45,24122.6,24188.3,24076.85,24090.85,10.72,24150,24150,24300,157.55,ABOVE_SPOT,,60.0,60.0,NSE_FO|46997,256202,52872,,-3879,3527270,29973,False,55.65,-2.3,-3.9689,10.82,True,55.85,845,56.0,13845,,,55.925,0.15,0.0027,0.0,55.65,NSE_FO|46998,68014,-8026,,-11,1486617,6061,False,131.85,-30.5,-18.7866,0.0,False,131.25,195,131.4,195,,,131.325,0.15,0.0011,157.55,-25.7,0.2655,60898
2.1.0,20260828_151603_000,2026-08-28T15:16:03+05:30,2026-08-28T15:16:03+05:30,Asia/Kolkata,UPSTOX,NIFTY,2026-09-01,65,5c7de8c5f9bc1998,0.0,False,24142.45,24142.45,24122.6,24188.3,24076.85,24090.85,10.72,24150,24150,24350,207.55,ABOVE_SPOT,,60.0,60.0,NSE_FO|46999,154433,31118,,-2976,1846584,22469,False,39.55,-4.0,-9.1848,10.54,True,39.5,1235,39.6,975,,,39.55,0.1,0.0025,0.0,39.55,NSE_FO|47000,23836,-1704,,-34,330465,1784,False,165.75,-29.25,-15.0,0.0,False,165.55,195,165.95,520,,,165.75,0.4,0.0024,207.55,-41.8,0.1543,32822
2.1.0,20260828_151603_000,2026-08-28T15:16:03+05:30,2026-08-28T15:16:03+05:30,Asia/Kolkata,UPSTOX,NIFTY,2026-09-01,65,5c7de8c5f9bc1998,0.0,False,24142.45,24142.45,24122.6,24188.3,24076.85,24090.85,10.72,24150,24150,24400,257.55,ABOVE_SPOT,,60.0,60.0,NSE_FO|47001,203272,15059,,-263,2363237,24427,False,27.4,-4.4,-13.8365,10.35,True,27.35,780,27.4,845,,,27.375,0.05,0.0018,0.0,27.4,NSE_FO|47002,29009,-5794,,-162,337229,1451,False,202.85,-31.8,-13.5521,0.0,False,203.0,325,203.45,390,,,203.225,0.45,0.0022,257.55,-54.7,0.1427,20853
2.1.0,20260828_151703_000,2026-08-28T15:17:03+05:30,2026-08-28T15:17:03+05:30,Asia/Kolkata,UPSTOX,NIFTY,2026-09-01,65,7020c618635816a2,0.0,False,24142.45,24142.45,24122.6,24188.3,24076.85,24090.85,10.75,24150,24150,23900,-242.45,BELOW_SPOT,,60.0,60.0,NSE_FO|46981,6105,2505,,35,91630,172,False,337.7,23.95,7.6335,17.1,True,338.15,130,339.1,845,,,338.625,0.95,0.0028,242.45,95.25,NSE_FO|46982,107559,39576,,-449,1832758,7763,False,11.75,-7.5,-38.961,8.68,True,11.65,8840,11.75,9685,,,11.7,0.1,0.0085,0.0,11.75,17.6182,-37071
2.1.0,20260828_151703_000,2026-08-28T15:17:03+05:30,2026-08-28T15:17:03+05:30,Asia/Kolkata,UPSTOX,NIFTY,2026-09-01,65,7020c618635816a2,0.0,False,24142.45,24142.45,24122.6,24188.3,24076.85,24090.85,10.75,24150,24150,23950,-192.45,BELOW_SPOT,,60.0,60.0,NSE_FO|46983,2906,731,,4,77908,191,False,293.1,23.85,8.8579,15.91,True,292.6,715,293.55,390,,,293.075,0.95,0.0032,192.45,100.65,NSE_FO|46984,55913,24095,,-1561,1548017,6957,False,16.05,-9.5,-37.182,8.29,True,15.9,5525,16.0,2860,,,15.95,0.1,0.0063,0.0,16.05,19.2405,-23364
2.1.0,20260828_151703_000,2026-08-28T15:17:03+05:30,2026-08-28T15:17:03+05:30,Asia/Kolkata,UPSTOX,NIFTY,2026-09-01,65,7020c618635816a2,0.0,False,24142.45,24142.45,24122.6,24188.3,24076.85,24090.85,10.75,24150,24150,24000,-142.45,BELOW_SPOT,,60.0,60.0,NSE_FO|46985,32480,6423,,-184,717856,1730,False,249.2,21.45,9.4182,14.86,True,249.2,130,249.55,650,,,249.375,0.35,0.0014,142.45,106.75,NSE_FO|46986,190631,81313,,-1199,4152235,16260,False,22.2,-12.9,-36.7521,7.87,True,22.15,975,22.2,520,,,22.175,0.05,0.0023,0.0,22.2,5.8692,-74890
2.1.0,20260828_151703_000,2026-08-28T15:17:03+05:30,2026-08-28T15:17:03+05:30,Asia/Kolkata,UPSTOX,NIFTY,2026-09-01,65,7020c618635816a2,0.0,False,24142.45,24142.45,24122.6,24188.3,24076.85,24090.85,10.75,24150,24150,24050,-92.45,BELOW_SPOT,,60.0,60.0,NSE_FO|46987,17399,6976,,46,653593,1269,False,206.6,15.3,7.9979,13.81,True,206.5,65,206.95,260,,,206.725,0.45,0.0022,92.45,114.15,NSE_FO|46988,92988,56042,,-1708,3081728,15469,False,30.3,-16.35,-35.0482,7.43,True,30.3,130,30.35,455,,,30.325,0.05,0.0016,0.0,30.3,5.3444,-49066
2.1.0,20260828_151703_000,2026-08-28T15:17:03+05:30,2026-08-28T15:17:03+05:30,Asia/Kolkata,UPSTOX,NIFTY,2026-09-01,65,7020c618635816a2,0.0,False,24142.45,24142.45,24122.6,24188.3,24076.85,24090.85,10.75,24150,24150,24100,-42.45,BELOW_SPOT,,60.0,60.0,NSE_FO|46989,106711,60226,,-230,3389493,7540,False,168.65,13.4,8.6312,12.99,True,168.25,650,168.65,195,,,168.45,0.4,0.0024,42.45,126.2,NSE_FO|46990,235498,151315,,-1433,7185188,22673,False,41.85,-20.3,-32.6629,7.0,True,41.85,3900,41.95,195,,,41.9,0.1,0.0024,0.0,41.85,2.2069,-91089
2.1.0,20260828_151703_000,2026-08-28T15:17:03+05:30,2026-08-28T15:17:03+05:30,Asia/Kolkata,UPSTOX,NIFTY,2026-09-01,65,7020c618635816a2,0.0,False,24142.45,24142.45,24122.6,24188.3,24076.85,24090.85,10.75,24150,24150,24150,7.55,ATM,,60.0,60.0,NSE_FO|46991,111965,51728,,-1869,3739980,11357,False,133.95,7.1,5.5972,12.25,True,134.15,195,134.45,325,,,134.3,0.3,0.0022,0.0,133.95,NSE_FO|46992,133549,79299,,-88,5498054,15680,False,56.85,-22.1,-27.9924,6.45,True,56.2,2080,56.35,260,,,56.275,0.15,0.0027,7.55,49.3,1.1928,-27571
2.1.0,20260828_151703_000,2026-08-28T15:17:03+05:30,2026-08-28T15:17:03+05:30,Asia/Kolkata,UPSTOX,NIFTY,2026-09-01,65,7020c618635816a2,0.0,False,24142.45,24142.45,24122.6,24188.3,24076.85,24090.85,10.75,24150,24150,24200,57.55,ABOVE_SPOT,,60.0,60.0,NSE_FO|46993,216135,62447,,-1287,5055054,18055,False,103.5,4.75,4.8101,11.61,True,103.2,975,103.5,2535,,,103.35,0.3,0.0029,0.0,103.5,NSE_FO|46994,155348,54170,,663,4570146,14187,False,75.95,-26.85,-26.1187,5.81,True,75.8,1690,76.0,3705,,,75.9,0.2,0.0026,57.55,18.4,0.7188,8277
2.1.0,20260828_151703_000,2026-08-28T15:17:03+05:30,2026-08-28T15:17:03+05:30,Asia/Kolkata,UPSTOX,NIFTY,2026-09-01,65,7020c618635816a2,0.0,False,24142.45,24142.45,24122.6,24188.3,24076.85,24090.85,10.75,24150,24150,24250,107.55,ABOVE_SPOT,,60.0,60.0,NSE_FO|46995,133838,44826,,-832,2711862,10226,False,77.45,0.55,0.7152,11.19,True,77.6,130,77.8,1300,,,77.7,0.2,0.0026,0.0,77.45,NSE_FO|46996,52907,12377,,-83,1417142,3127,False,100.45,-28.4,-22.0411,4.84,True,100.05,325,100.2,260,,,100.125,0.15,0.0015,107.55,-7.1,0.3953,32449
2.1.0,20260828_151703_000,2026-08-28T15:17:03+05:30,2026-08-28T15:17:03+05:30,Asia/Kolkata,UPSTOX,NIFTY,2026-09-01,65,7020c618635816a2,0.0,False,24142.45,24142.45,24122.6,24188.3,24076.85,24090.85,10.75,24150,24150,24300,157.55,ABOVE_SPOT,,60.0,60.0,NSE_FO|46997,255121,51791,,-1081,3541833,14563,False,56.65,-1.3,-2.2433,10.83,True,56.6,4225,56.8,3965,,,56.7,0.2,0.0035,0.0,56.65,NSE_FO|46998,67649,-8391,,-365,1489497,2880,False,130.0,-32.35,-19.9261,0.0,False,129.05,455,129.4,715,,,129.225,0.35,0.0027,157.55,-27.55,0.2652,60182
2.1.0,20260828_151703_000,2026-08-28T15:17:03+05:30,2026-08-28T15:17:03+05:30,Asia/Kolkata,UPSTOX,NIFTY,2026-09-01,65,7020c618635816a2,0.0,False,24142.45,24142.45,24122.6,24188.3,24076.85,24090.85,10.75,24150,24150,24350,207.55,ABOVE_SPOT,,60.0,60.0,NSE_FO|46999,153158,29843,,-1275,1853545,6961,False,40.25,-3.3,-7.5775,10.54,True,40.15,2665,40.3,3380,,,40.225,0.15,0.0037,0.0,40.25,NSE_FO|47000,23883,-1657,,47,331017,552,False,163.35,-31.65,-16.2308,0.0,False,162.95,390,163.35,260,,,163.15,0.4,0.0025,207.55,-44.2,0.1559,31500
2.1.0,20260828_151703_000,2026-08-28T15:17:03+05:30,2026-08-28T15:17:03+05:30,Asia/Kolkata,UPSTOX,NIFTY,2026-09-01,65,7020c618635816a2,0.0,False,24142.45,24142.45,24122.6,24188.3,24076.85,24090.85,10.75,24150,24150,24400,257.55,ABOVE_SPOT,,60.0,60.0,NSE_FO|47001,203879,15666,,607,2374775,11538,False,27.95,-3.85,-12.1069,10.39,True,27.9,3900,28.0,1690,,,27.95,0.1,0.0036,0.0,27.95,NSE_FO|47002,28944,-5859,,-65,337723,494,False,201.2,-33.45,-14.2553,0.0,False,200.1,455,200.65,195,,,200.375,0.55,0.0027,257.55,-56.35,0.142,21525
2.1.0,20260828_151803_000,2026-08-28T15:18:03+05:30,2026-08-28T15:18:03+05:30,Asia/Kolkata,UPSTOX,NIFTY,2026-09-01,65,cbfd1f0542db0482,0.0,False,24142.45,24142.45,24122.6,24188.3,24076.85,24090.85,10.74,24150,24150,23900,-242.45,BELOW_SPOT,,60.0,60.0,NSE_FO|46981,6086,2486,,-19,91758,128,False,331.5,17.75,5.6574,16.3,True,330.55,520,331.55,260,,,331.05,1.0,0.003,242.45,89.05,NSE_FO|46982,107249,39266,,-310,1838909,6151,False,12.3,-6.95,-36.1039,8.8,True,12.2,9555,12.3,14235,,,12.25,0.1,0.0082,0.0,12.3,17.6222,-36780
2.1.0,20260828_151803_000,2026-08-28T15:18:03+05:30,2026-08-28T15:18:03+05:30,Asia/Kolkata,UPSTOX,NIFTY,2026-09-01,65,cbfd1f0542db0482,0.0,False,24142.45,24142.45,24122.6,24188.3,24076.85,24090.85,10.74,24150,24150,23950,-192.45,BELOW_SPOT,,60.0,60.0,NSE_FO|46983,2912,737,,6,78029,121,False,286.7,17.45,6.481,15.3,True,285.75,260,286.6,455,,,286.175,0.85,0.003,192.45,94.25,NSE_FO|46984,55584,23766,,-329,1551175,3158,False,16.8,-8.75,-34.2466,8.41,True,16.7,4225,16.8,3185,,,16.75,0.1,0.006,0.0,16.8,19.0879,-23029
2.1.0,20260828_151803_000,2026-08-28T15:18:03+05:30,2026-08-28T15:18:03+05:30,Asia/Kolkata,UPSTOX,NIFTY,2026-09-01,65,cbfd1f0542db0482,0.0,False,24142.45,24142.45,24122.6,24188.3,24076.85,24090.85,10.74,24150,24150,24000,-142.45,BELOW_SPOT,,60.0,60.0,NSE_FO|46985,32233,6176,,-247,719408,1552,False,242.3,14.55,6.3886,14.27,True,242.55,390,243.2,130,,,242.875,0.65,0.0027,142.45,99.85,NSE_FO|46986,189329,80011,,-1302,4163469,11234,False,23.4,-11.7,-33.3333,8.04,True,23.4,195,23.45,650,,,23.425,0.05,0.0021,0.0,23.4,5.8738,-73835
2.1.0,20260828_151803_000,2026-08-28T15:18:03+05:30,2026-08-28T15:18:03+05:30,Asia/Kolkata,UPSTOX,NIFTY,2026-09-01,65,cbfd1f0542db0482,0.0,False,24142.45,24142.45,24122.6,24188.3,24076.85,24090.85,10.74,24150,24150,24050,-92.45,BELOW_SPOT,,60.0,60.0,NSE_FO|46987,17345,6922,,-54,655081,1488,False,201.45,10.15,5.3058,13.39,True,201.35,390,201.85,195,,,201.6,0.5,0.0025,92.45,109.0,NSE_FO|46988,92323,55377,,-665,3089808,8080,False,31.8,-14.85,-31.8328,7.61,True,31.85,1365,31.9,65,,,31.875,0.05,0.0016,0.0,31.8,5.3227,-48455
2.1.0,20260828_151803_000,2026-08-28T15:18:03+05:30,2026-08-28T15:18:03+05:30,Asia/Kolkata,UPSTOX,NIFTY,2026-09-01,65,cbfd1f0542db0482,0.0,False,24142.45,24142.45,24122.6,24188.3,24076.85,24090.85,10.74,24150,24150,24100,-42.45,BELOW_SPOT,,60.0,60.0,NSE_FO|46989,105654,59169,,-1057,3395587,6094,False,163.15,7.9,5.0886,12.53,True,163.45,195,163.55,130,,,163.5,0.1,0.0006,42.45,120.7,NSE_FO|46990,236587,152404,,1089,7201686,16498,False,44.1,-18.05,-29.0426,7.22,True,44.0,9360,44.15,6435,,,44.075,0.15,0.0034,0.0,44.1,2.2393,-93235
2.1.0,20260828_151803_000,2026-08-28T15:18:03+05:30,2026-08-28T15:18:03+05:30,Asia/Kolkata,UPSTOX,NIFTY,2026-09-01,65,cbfd1f0542db0482,0.0,False,24142.45,24142.45,24122.6,24188.3,24076.85,24090.85,10.74,24150,24150,24150,7.55,ATM,,60.0,60.0,NSE_FO|46991,112595,52358,,630,3749118,9138,False,129.35,2.5,1.9708,11.89,True,129.2,325,129.5,715,,,129.35,0.3,0.0023,0.0,129.35,NSE_FO|46992,133338,79088,,-211,5507958,9904,False,59.75,-19.2,-24.3192,6.74,True,59.55,2470,59.7,585,,,59.625,0.15,0.0025,7.55,52.2,1.1842,-26730
2.1.0,20260828_151803_000,2026-08-28T15:18:03+05:30,2026-08-28T15:18:03+05:30,Asia/Kolkata,UPSTOX,NIFTY,2026-09-01,65,cbfd1f0542db0482,0.0,False,24142.45,24142.45,24122.6,24188.3,24076.85,24090.85,10.74,24150,24150,24200,57.55,ABOVE_SPOT,,60.0,60.0,NSE_FO|46993,215769,62081,,-366,5071177,16123,False,99.2,0.45,0.4557,11.32,True,99.1,195,99.2,455,,,99.15,0.1,0.001,0.0,99.2,NSE_FO|46994,154578,53400,,-770,4579153,9007,False,79.7,-23.1,-22.4708,6.16,True,79.45,1430,79.7,2015,,,79.575,0.25,0.0031,57.55,22.15,0.7164,8681
2.1.0,20260828_151803_000,2026-08-28T15:18:03+05:30,2026-08-28T15:18:03+05:30,Asia/Kolkata,UPSTOX,NIFTY,2026-09-01,65,cbfd1f0542db0482,0.0,False,24142.45,24142.45,24122.6,24188.3,24076.85,24090.85,10.74,24150,24150,24250,107.55,ABOVE_SPOT,,60.0,60.0,NSE_FO|46995,133136,44124,,-702,2721259,9397,False,74.55,-2.35,-3.0559,10.94,True,74.2,260,74.35,1365,,,74.275,0.15,0.002,0.0,74.55,NSE_FO|46996,52691,12161,,-216,1419631,2489,False,104.85,-24.0,-18.6263,5.3,True,104.4,845,104.65,195,,,104.525,0.25,0.0024,107.55,-2.7,0.3958,31963
2.1.0,20260828_151803_000,2026-08-28T15:18:03+05:30,2026-08-28T15:18:03+05:30,Asia/Kolkata,UPSTOX,NIFTY,2026-09-01,65,cbfd1f0542db0482,0.0,False,24142.45,24142.45,24122.6,24188.3,24076.85,24090.85,10.74,24150,24150,24300,157.55,ABOVE_SPOT,,60.0,60.0,NSE_FO|46997,255484,52154,,363,3554283,12450,False,54.4,-3.55,-6.126,10.64,True,54.05,5265,54.25,4420,,,54.15,0.2,0.0037,0.0,54.4,NSE_FO|46998,67719,-8321,,70,1491890,2393,False,134.3,-28.05,-17.2775,3.39,True,134.1,1170,134.5,390,,,134.3,0.4,0.003,157.55,-23.25,0.2651,60475
2.1.0,20260828_151803_000,2026-08-28T15:18:03+05:30,2026-08-28T15:18:03+05:30,Asia/Kolkata,UPSTOX,NIFTY,2026-09-01,65,cbfd1f0542db0482,0.0,False,24142.45,24142.45,24122.6,24188.3,24076.85,24090.85,10.74,24150,24150,24350,207.55,ABOVE_SPOT,,60.0,60.0,NSE_FO|46999,152779,29464,,-379,1860870,7325,False,38.4,-5.15,-11.8255,10.4,True,38.5,1625,38.65,2080,,,38.575,0.15,0.0039,0.0,38.4,NSE_FO|47000,23864,-1676,,-19,331431,414,False,169.35,-25.65,-13.1538,0.0,False,168.7,260,169.05,130,,,168.875,0.35,0.0021,207.55,-38.2,0.1562,31140
2.1.0,20260828_151803_000,2026-08-28T15:18:03+05:30,2026-08-28T15:18:03+05:30,Asia/Kolkata,UPSTOX,NIFTY,2026-09-01,65,cbfd1f0542db0482,0.0,False,24142.45,24142.45,24122.6,24188.3,24076.85,24090.85,10.74,24150,24150,24400,257.55,ABOVE_SPOT,,60.0,60.0,NSE_FO|47001,204227,16014,,348,2384941,10166,False,26.85,-4.95,-15.566,10.28,True,26.85,2080,26.95,3835,,,26.9,0.1,0.0037,0.0,26.85,NSE_FO|47002,28817,-5986,,-127,338226,503,False,206.3,-28.35,-12.0818,0.0,False,206.4,325,206.85,195,,,206.625,0.45,0.0022,257.55,-51.25,0.1411,22000
2.1.0,20260828_151903_000,2026-08-28T15:19:03+05:30,2026-08-28T15:19:03+05:30,Asia/Kolkata,UPSTOX,NIFTY,2026-09-01,65,eb51605a0818d8d5,0.0,False,24142.45,24142.45,24122.6,24188.3,24076.85,24090.85,10.76,24150,24150,23900,-242.45,BELOW_SPOT,,60.0,60.0,NSE_FO|46981,6078,2478,,-8,91844,86,False,332.85,19.1,6.0876,16.46,True,332.8,130,333.0,130,,,332.9,0.2,0.0006,242.45,90.4,NSE_FO|46982,105768,37785,,-1481,1844413,5504,False,12.2,-7.05,-36.6234,8.79,True,12.15,10010,12.25,5785,,,12.2,0.1,0.0082,0.0,12.2,17.4018,-35307
2.1.0,20260828_151903_000,2026-08-28T15:19:03+05:30,2026-08-28T15:19:03+05:30,Asia/Kolkata,UPSTOX,NIFTY,2026-09-01,65,eb51605a0818d8d5,0.0,False,24142.45,24142.45,24122.6,24188.3,24076.85,24090.85,10.76,24150,24150,23950,-192.45,BELOW_SPOT,,60.0,60.0,NSE_FO|46983,2916,741,,4,78130,101,False,288.5,19.25,7.1495,15.48,True,287.85,130,288.6,195,,,288.225,0.75,0.0026,192.45,96.05,NSE_FO|46984,55266,23448,,-318,1554265,3090,False,16.75,-8.8,-34.4423,8.38,True,16.7,2145,16.75,975,,,16.725,0.05,0.003,0.0,16.75,18.9527,-22707
2.1.0,20260828_151903_000,2026-08-28T15:19:03+05:30,2026-08-28T15:19:03+05:30,Asia/Kolkata,UPSTOX,NIFTY,2026-09-01,65,eb51605a0818d8d5,0.0,False,24142.45,24142.45,24122.6,24188.3,24076.85,24090.85,10.76,24150,24150,24000,-142.45,BELOW_SPOT,,60.0,60.0,NSE_FO|46985,32308,6251,,75,720591,1183,False,243.9,16.15,7.0911,14.47,True,243.85,195,244.5,520,,,244.175,0.65,0.0027,142.45,101.45,NSE_FO|46986,189448,80130,,119,4171437,7968,False,23.2,-11.9,-33.9031,8.03,True,23.15,6500,23.2,130,,,23.175,0.05,0.0022,0.0,23.2,5.8638,-73879
2.1.0,20260828_151903_000,2026-08-28T15:19:03+05:30,2026-08-28T15:19:03+05:30,Asia/Kolkata,UPSTOX,NIFTY,2026-09-01,65,eb51605a0818d8d5,0.0,False,24142.45,24142.45,24122.6,24188.3,24076.85,24090.85,10.76,24150,24150,24050,-92.45,BELOW_SPOT,,60.0,60.0,NSE_FO|46987,17176,6753,,-169,655917,836,False,203.3,12.0,6.2729,13.5,True,202.8,715,203.0,975,,,202.9,0.2,0.001,92.45,110.85,NSE_FO|46988,92207,55261,,-116,3094880,5072,False,31.5,-15.15,-32.4759,7.58,True,31.4,4940,31.5,650,,,31.45,0.1,0.0032,0.0,31.5,5.3684,-48508
2.1.0,20260828_151903_000,2026-08-28T15:19:03+05:30,2026-08-28T15:19:03+05:30,Asia/Kolkata,UPSTOX,NIFTY,2026-09-01,65,eb51605a0818d8d5,0.0,False,24142.45,24142.45,24122.6,24188.3,24076.85,24090.85,10.76,24150,24150,24100,-42.45,BELOW_SPOT,,60.0,60.0,NSE_FO|46989,104682,58197,,-972,3400065,4478,False,165.0,9.75,6.2802,12.66,True,164.65,910,165.0,9685,,,164.825,0.35,0.0021,42.45,122.55,NSE_FO|46990,236029,151846,,-558,7217140,15454,False,43.45,-18.7,-30.0885,7.16,True,43.4,260,43.45,2730,,,43.425,0.05,0.0012,0.0,43.45,2.2547,-93649
2.1.0,20260828_151903_000,2026-08-28T15:19:03+05:30,2026-08-28T15:19:03+05:30,Asia/Kolkata,UPSTOX,NIFTY,2026-09-01,65,eb51605a0818d8d5,0.0,False,24142.45,24142.45,24122.6,24188.3,24076.85,24090.85,10.76,24150,24150,24150,7.55,ATM,,60.0,60.0,NSE_FO|46991,111191,50954,,-1404,3755523,6405,False,130.3,3.45,2.7197,12.01,True,130.45,130,130.6,390,,,130.525,0.15,0.0011,0.0,130.3,NSE_FO|46992,134393,80143,,1055,5516999,9041,False,58.9,-20.05,-25.3958,6.67,True,58.9,2600,59.1,4160,,,59.0,0.2,0.0034,7.55,51.35,1.2087,-29189
2.1.0,20260828_151903_000,2026-08-28T15:19:03+05:30,2026-08-28T15:19:03+05:30,Asia/Kolkata,UPSTOX,NIFTY,2026-09-01,65,eb51605a0818d8d5,0.0,False,24142.45,24142.45,24122.6,24188.3,24076.85,24090.85,10.76,24150,24150,24200,57.55,ABOVE_SPOT,,60.0,60.0,NSE_FO|46993,213990,60302,,-1779,5081114,9937,False,99.8,1.05,1.0633,11.44,True,99.85,260,100.0,14170,,,99.925,0.15,0.0015,0.0,99.8,NSE_FO|46994,154152,52974,,-426,4586986,7833,False,78.55,-24.25,-23.5895,6.03,True,78.55,1560,78.75,975,,,78.65,0.2,0.0025,57.55,21.0,0.7204,7328
2.1.0,20260828_151903_000,2026-08-28T15:19:03+05:30,2026-08-28T15:19:03+05:30,Asia/Kolkata,UPSTOX,NIFTY,2026-09-01,65,eb51605a0818d8d5,0.0,False,24142.45,24142.45,24122.6,24188.3,24076.85,24090.85,10.76,24150,24150,24250,107.55,ABOVE_SPOT,,60.0,60.0,NSE_FO|46995,132482,43470,,-654,2727116,5857,False,75.35,-1.55,-2.0156,11.04,True,75.2,1105,75.4,2145,,,75.3,0.2,0.0027,0.0,75.35,NSE_FO|46996,52558,12028,,-133,1421929,2298,False,103.05,-25.8,-20.0233,5.13,True,103.05,195,103.3,1170,,,103.175,0.25,0.0024,107.55,-4.5,0.3967,31442
2.1.0,20260828_151903_000,2026-08-28T15:19:03+05:30,2026-08-28T15:19:03+05:30,Asia/Kolkata,UPSTOX,NIFTY,2026-09-01,65,eb51605a0818d8d5,0.0,False,24142.45,24142.45,24122.6,24188.3,24076.85,24090.85,10.76,24150,24150,24300,157.55,ABOVE_SPOT,,60.0,60.0,NSE_FO|46997,254282,50952,,-1202,3561448,7165,False,54.65,-3.3,-5.6946,10.7,True,54.6,3900,54.75,455,,,54.675,0.15,0.0027,0.0,54.65,NSE_FO|46998,67772,-8268,,53,1493798,1908,False,132.85,-29.5,-18.1706,2.56,True,132.8,325,133.0,325,,,132.9,0.2,0.0015,157.55,-24.7,0.2665,59220
2.1.0,20260828_151903_000,2026-08-28T15:19:03+05:30,2026-08-28T15:19:03+05:30,Asia/Kolkata,UPSTOX,NIFTY,2026-09-01,65,eb51605a0818d8d5,0.0,False,24142.45,24142.45,24122.6,24188.3,24076.85,24090.85,10.76,24150,24150,24350,207.55,ABOVE_SPOT,,60.0,60.0,NSE_FO|46999,152456,29141,,-323,1865589,4719,False,38.85,-4.7,-10.7922,10.44,True,38.7,520,38.75,65,,,38.725,0.05,0.0013,0.0,38.85,NSE_FO|47000,23781,-1759,,-83,331734,303,False,167.45,-27.55,-14.1282,0.0,False,167.45,195,167.9,585,,,167.675,0.45,0.0027,207.55,-40.1,0.156,30900
2.1.0,20260828_151903_000,2026-08-28T15:19:03+05:30,2026-08-28T15:19:03+05:30,Asia/Kolkata,UPSTOX,NIFTY,2026-09-01,65,eb51605a0818d8d5,0.0,False,24142.45,24142.45,24122.6,24188.3,24076.85,24090.85,10.76,24150,24150,24400,257.55,ABOVE_SPOT,,60.0,60.0,NSE_FO|47001,203402,15189,,-825,2390742,5801,False,27.15,-4.65,-14.6226,10.33,True,27.05,4290,27.2,14950,,,27.125,0.15,0.0055,0.0,27.15,NSE_FO|47002,28715,-6088,,-102,338547,321,False,204.95,-29.7,-12.6571,0.0,False,204.5,455,205.0,260,,,204.75,0.5,0.0024,257.55,-52.6,0.1412,21277
2.1.0,20260828_152003_000,2026-08-28T15:20:03+05:30,2026-08-28T15:20:03+05:30,Asia/Kolkata,UPSTOX,NIFTY,2026-09-01,65,2149734d85b6cf9e,0.0,False,24142.45,24142.45,24122.6,24188.3,24076.85,24090.85,10.76,24150,24150,23900,-242.45,BELOW_SPOT,,60.0,60.0,NSE_FO|46981,6069,2469,,-9,91913,69,False,334.05,20.3,6.4701,16.65,True,333.2,520,334.0,390,,,333.6,0.8,0.0024,242.45,91.6,NSE_FO|46982,106489,38506,,721,1850921,6508,False,12.25,-7.0,-36.3636,8.8,True,12.25,1105,12.3,3120,,,12.275,0.05,0.0041,0.0,12.25,17.5464,-36037
2.1.0,20260828_152003_000,2026-08-28T15:20:03+05:30,2026-08-28T15:20:03+05:30,Asia/Kolkata,UPSTOX,NIFTY,2026-09-01,65,2149734d85b6cf9e,0.0,False,24142.45,24142.45,24122.6,24188.3,24076.85,24090.85,10.76,24150,24150,23950,-192.45,BELOW_SPOT,,60.0,60.0,NSE_FO|46983,2864,689,,-52,78270,140,False,288.5,19.25,7.1495,15.53,True,288.0,845,288.9,130,,,288.45,0.9,0.0031,192.45,96.05,NSE_FO|46984,54492,22674,,-774,1556497,2232,False,16.8,-8.75,-34.2466,8.41,True,16.75,2145,16.8,520,,,16.775,0.05,0.003,0.0,16.8,19.0265,-21985
2.1.0,20260828_152003_000,2026-08-28T15:20:03+05:30,2026-08-28T15:20:03+05:30,Asia/Kolkata,UPSTOX,NIFTY,2026-09-01,65,2149734d85b6cf9e,0.0,False,24142.45,24142.45,24122.6,24188.3,24076.85,24090.85,10.76,24150,24150,24000,-142.45,BELOW_SPOT,,60.0,60.0,NSE_FO|46985,32121,6064,,-187,721355,764,False,245.15,17.4,7.64,14.53,True,244.6,390,245.2,325,,,244.9,0.6,0.0024,142.45,102.7,NSE_FO|46986,188305,78987,,-1143,4178509,7072,False,23.25,-11.85,-33.7607,8.04,True,23.25,650,23.3,4745,,,23.275,0.05,0.0021,0.0,23.25,5.8624,-72923
2.1.0,20260828_152003_000,2026-08-28T15:20:03+05:30,2026-08-28T15:20:03+05:30,Asia/Kolkata,UPSTOX,NIFTY,2026-09-01,65,2149734d85b6cf9e,0.0,False,24142.45,24142.45,24122.6,24188.3,24076.85,24090.85,10.76,24150,24150,24050,-92.45,BELOW_SPOT,,60.0,60.0,NSE_FO|46987,16757,6334,,-419,656560,643,False,203.45,12.15,6.3513,13.56,True,203.0,715,203.55,390,,,203.275,0.55,0.0027,92.45,111.0,NSE_FO|46988,92307,55361,,100,3098758,3878,False,31.6,-15.05,-32.2615,7.55,True,31.45,1105,31.55,2535,,,31.5,0.1,0.0032,0.0,31.6,5.5086,-49027
2.1.0,20260828_152003_000,2026-08-28T15:20:03+05:30,2026-08-28T15:20:03+05:30,Asia/Kolkata,UPSTOX,NIFTY,2026-09-01,65,2149734d85b6cf9e,0.0,False,24142.45,24142.45,24122.6,24188.3,24076.85,24090.85,10.76,24150,24150,24100,-42.45,BELOW_SPOT,,60.0,60.0,NSE_FO|46989,103818,57333,,-864,3403826,3761,False,164.9,9.65,6.2158,12.75,True,164.8,520,165.2,260,,,165.0,0.4,0.0024,42.45,122.45,NSE_FO|46990,234675,150492,,-1354,7225902,8762,False,43.4,-18.75,-30.1689,7.17,True,43.35,6175,43.5,17030,,,43.425,0.15,0.0035,0.0,43.4,2.2604,-93159
2.1.0,20260828_152003_000,2026-08-28T15:20:03+05:30,2026-08-28T15:20:03+05:30,Asia/Kolkata,UPSTOX,NIFTY,2026-09-01,65,2149734d85b6cf9e,0.0,False,24142.45,24142.45,24122.6,24188.3,24076.85,24090.85,10.76,24150,24150,24150,7.55,ATM,,60.0,60.0,NSE_FO|46991,108553,48316,,-2638,3763459,7936,False,130.55,3.7,2.9168,12.07,True,130.55,520,130.9,325,,,130.725,0.35,0.0027,0.0,130.55,NSE_FO|46992,133021,78771,,-1372,5524395,7396,False,59.0,-19.95,-25.2692,6.67,True,58.8,2730,58.95,195,,,58.875,0.15,0.0025,7.55,51.45,1.2254,-30455
2.1.0,20260828_152003_000,2026-08-28T15:20:03+05:30,2026-08-28T15:20:03+05:30,Asia/Kolkata,UPSTOX,NIFTY,2026-09-01,65,2149734d85b6cf9e,0.0,False,24142.45,24142.45,24122.6,24188.3,24076.85,24090.85,10.76,24150,24150,24200,57.55,ABOVE_SPOT,,60.0,60.0,NSE_FO|46993,212534,58846,,-1456,5090049,8935,False,100.55,1.8,1.8228,11.46,True,100.35,130,100.55,455,,,100.45,0.2,0.002,0.0,100.55,NSE_FO|46994,153544,52366,,-608,4591687,4701,False,78.35,-24.45,-23.784,6.03,True,78.3,1170,78.5,910,,,78.4,0.2,0.0026,57.55,20.8,0.7224,6480
2.1.0,20260828_152003_000,2026-08-28T15:20:03+05:30,2026-08-28T15:20:03+05:30,Asia/Kolkata,UPSTOX,NIFTY,2026-09-01,65,2149734d85b6cf9e,0.0,False,24142.45,24142.45,24122.6,24188.3,24076.85,24090.85,10.76,24150,24150,24250,107.55,ABOVE_SPOT,,60.0,60.0,NSE_FO|46995,131648,42636,,-834,2732357,5241,False,75.5,-1.4,-1.8205,11.04,True,75.25,1495,75.45,195,,,75.35,0.2,0.0027,0.0,75.5,NSE_FO|46996,52057,11527,,-501,1423649,1720,False,103.0,-25.85,-20.0621,5.13,True,103.0,455,103.25,585,,,103.125,0.25,0.0024,107.55,-4.55,0.3954,31109
2.1.0,20260828_152003_000,2026-08-28T15:20:03+05:30,2026-08-28T15:20:03+05:30,Asia/Kolkata,UPSTOX,NIFTY,2026-09-01,65,2149734d85b6cf9e,0.0,False,24142.45,24142.45,24122.6,24188.3,24076.85,24090.85,10.76,24150,24150,24300,157.55,ABOVE_SPOT,,60.0,60.0,NSE_FO|46997,253758,50428,,-524,3568806,7358,False,55.0,-2.95,-5.0906,10.72,True,54.9,130,55.0,1235,,,54.95,0.1,0.0018,0.0,55.0,NSE_FO|46998,67432,-8608,,-340,1494921,1123,False,132.75,-29.6,-18.2322,2.44,True,132.75,65,132.9,65,,,132.825,0.15,0.0011,157.55,-24.8,0.2657,59036
2.1.0,20260828_152003_000,2026-08-28T15:20:03+05:30,2026-08-28T15:20:03+05:30,Asia/Kolkata,UPSTOX,NIFTY,2026-09-01,65,2149734d85b6cf9e,0.0,False,24142.45,24142.45,24122.6,24188.3,24076.85,24090.85,10.76,24150,24150,24350,207.55,ABOVE_SPOT,,60.0,60.0,NSE_FO|46999,151913,28598,,-543,1871097,5508,False,38.95,-4.6,-10.5626,10.48,True,39.1,845,39.15,2600,,,39.125,0.05,0.0013,0.0,38.95,NSE_FO|47000,23775,-1765,,-6,332047,313,False,166.95,-28.05,-14.3846,0.0,False,167.0,650,167.4,520,,,167.2,0.4,0.0024,207.55,-40.6,0.1565,30363
2.1.0,20260828_152003_000,2026-08-28T15:20:03+05:30,2026-08-28T15:20:03+05:30,Asia/Kolkata,UPSTOX,NIFTY,2026-09-01,65,2149734d85b6cf9e,0.0,False,24142.45,24142.45,24122.6,24188.3,24076.85,24090.85,10.76,24150,24150,24400,257.55,ABOVE_SPOT,,60.0,60.0,NSE_FO|47001,203768,15555,,366,2396202,5460,False,27.25,-4.55,-14.3082,10.35,True,27.15,5850,27.3,6630,,,27.225,0.15,0.0055,0.0,27.25,NSE_FO|47002,28626,-6177,,-89,338789,242,False,204.5,-30.15,-12.8489,0.0,False,204.5,325,204.95,130,,,204.725,0.45,0.0022,257.55,-53.05,0.1405,21732
2.1.0,20260828_152102_999,2026-08-28T15:21:02+05:30,2026-08-28T15:21:02+05:30,Asia/Kolkata,UPSTOX,NIFTY,2026-09-01,65,a980180f461db4f0,0.0,False,24142.45,24142.45,24122.6,24188.3,24076.85,24090.85,10.72,24150,24150,23900,-242.45,BELOW_SPOT,,59.0,59.0,NSE_FO|46981,6052,2452,,-17,93005,1092,False,351.95,38.2,12.1753,18.2,True,349.7,195,350.8,520,,,350.25,1.1,0.0031,242.45,109.5,NSE_FO|46982,108869,40886,,2380,1872168,21247,False,9.55,-9.7,-50.3896,8.33,True,9.6,1300,9.65,4030,,,9.625,0.05,0.0052,0.0,9.55,17.9889,-38434
2.1.0,20260828_152102_999,2026-08-28T15:21:02+05:30,2026-08-28T15:21:02+05:30,Asia/Kolkata,UPSTOX,NIFTY,2026-09-01,65,a980180f461db4f0,0.0,False,24142.45,24142.45,24122.6,24188.3,24076.85,24090.85,10.72,24150,24150,23950,-192.45,BELOW_SPOT,,59.0,59.0,NSE_FO|46983,2648,473,,-216,78874,604,False,304.6,35.35,13.1291,17.03,True,304.35,260,305.35,130,,,304.85,1.0,0.0033,192.45,112.15,NSE_FO|46984,53818,22000,,-674,1571184,14687,False,13.1,-12.45,-48.728,7.86,True,12.9,910,12.95,2275,,,12.925,0.05,0.0039,0.0,13.1,20.324,-21527
2.1.0,20260828_152102_999,2026-08-28T15:21:02+05:30,2026-08-28T15:21:02+05:30,Asia/Kolkata,UPSTOX,NIFTY,2026-09-01,65,a980180f461db4f0,0.0,False,24142.45,24142.45,24122.6,24188.3,24076.85,24090.85,10.72,24150,24150,24000,-142.45,BELOW_SPOT,,59.0,59.0,NSE_FO|46985,30320,4263,,-1801,726531,5176,False,259.2,31.45,13.809,15.9,True,258.5,260,259.15,195,,,258.825,0.65,0.0025,142.45,116.75,NSE_FO|46986,184112,74794,,-4193,4213762,35253,False,18.55,-16.55,-47.151,7.45,True,18.5,2990,18.55,65,,,18.525,0.05,0.0027,0.0,18.55,6.0723,-70531
2.1.0,20260828_152102_999,2026-08-28T15:21:02+05:30,2026-08-28T15:21:02+05:30,Asia/Kolkata,UPSTOX,NIFTY,2026-09-01,65,a980180f461db4f0,0.0,False,24142.45,24142.45,24122.6,24188.3,24076.85,24090.85,10.72,24150,24150,24050,-92.45,BELOW_SPOT,,59.0,59.0,NSE_FO|46987,15424,5001,,-1333,661466,4906,False,216.7,25.4,13.2776,14.72,True,216.8,260,217.35,195,,,217.075,0.55,0.0025,92.45,124.25,NSE_FO|46988,89458,52512,,-2849,3119051,20293,False,25.25,-21.4,-45.8735,6.96,True,25.3,650,25.4,1885,,,25.35,0.1,0.0039,0.0,25.25,5.7999,-47511
2.1.0,20260828_152102_999,2026-08-28T15:21:02+05:30,2026-08-28T15:21:02+05:30,Asia/Kolkata,UPSTOX,NIFTY,2026-09-01,65,a980180f461db4f0,0.0,False,24142.45,24142.45,24122.6,24188.3,24076.85,24090.85,10.72,24150,24150,24100,-42.45,BELOW_SPOT,,59.0,59.0,NSE_FO|46989,100762,54277,,-3056,3428839,25013,False,177.3,22.05,14.2029,13.73,True,177.4,390,177.85,195,,,177.625,0.45,0.0025,42.45,134.85,NSE_FO|46990,222892,138709,,-11783,7281645,55743,False,35.7,-26.45,-42.5583,6.45,True,35.55,3770,35.7,2015,,,35.625,0.15,0.0042,0.0,35.7,2.2121,-84432
2.1.0,20260828_152102_999,2026-08-28T15:21:02+05:30,2026-08-28T15:21:02+05:30,Asia/Kolkata,UPSTOX,NIFTY,2026-09-01,65,a980180f461db4f0,0.0,False,24142.45,24142.45,24122.6,24188.3,24076.85,24090.85,10.72,24150,24150,24150,7.55,ATM,,59.0,59.0,NSE_FO|46991,103672,43435,,-4881,3799652,36193,False,141.35,14.5,11.4308,12.91,True,141.3,585,141.65,130,,,141.475,0.35,0.0025,0.0,141.35,NSE_FO|46992,127501,73251,,-5520,5572498,48103,False,49.4,-29.55,-37.4288,5.92,True,49.3,3120,49.5,1820,,,49.4,0.2,0.004,7.55,41.85,1.2298,-29816
2.1.0,20260828_152102_999,2026-08-28T15:21:02+05:30,2026-08-28T15:21:02+05:30,Asia/Kolkata,UPSTOX,NIFTY,2026-09-01,65,a980180f461db4f0,0.0,False,24142.45,24142.45,24122.6,24188.3,24076.85,24090.85,10.72,24150,24150,24200,57.55,ABOVE_SPOT,,59.0,59.0,NSE_FO|46993,207668,53980,,-4866,5146371,56322,False,109.65,10.9,11.038,12.25,True,109.35,455,109.65,455,,,109.5,0.3,0.0027,0.0,109.65,NSE_FO|46994,150587,49409,,-2957,4633672,41985,False,67.65,-35.15,-34.1926,5.1,True,67.5,2080,67.65,130,,,67.575,0.15,0.0022,57.55,10.1,0.7251,4571
2.1.0,20260828_152102_999,2026-08-28T15:21:02+05:30,2026-08-28T15:21:02+05:30,Asia/Kolkata,UPSTOX,NIFTY,2026-09-01,65,a980180f461db4f0,0.0,False,24142.45,24142.45,24122.6,24188.3,24076.85,24090.85,10.72,24150,24150,24250,107.55,ABOVE_SPOT,,59.0,59.0,NSE_FO|46995,128748,39736,,-2900,2768435,36078,False,82.9,6.0,7.8023,11.73,True,82.8,195,83.0,520,,,82.9,0.2,0.0024,0.0,82.9,NSE_FO|46996,51565,11035,,-492,1435329,11680,False,90.55,-38.3,-29.7245,3.8,True,90.45,455,90.7,195,,,90.575,0.25,0.0028,107.55,-17.0,0.4005,28701
2.1.0,20260828_152102_999,2026-08-28T15:21:02+05:30,2026-08-28T15:21:02+05:30,Asia/Kolkata,UPSTOX,NIFTY,2026-09-01,65,a980180f461db4f0,0.0,False,24142.45,24142.45,24122.6,24188.3,24076.85,24090.85,10.72,24150,24150,24300,157.55,ABOVE_SPOT,,59.0,59.0,NSE_FO|46997,252522,49192,,-1236,3614416,45610,False,60.65,2.7,4.6592,11.28,True,60.9,6500,61.1,585,,,61.0,0.2,0.0033,0.0,60.65,NSE_FO|46998,66387,-9653,,-1045,1505229,10308,False,119.85,-42.5,-26.178,0.0,False,118.7,455,119.05,650,,,118.875,0.35,0.0029,157.55,-37.7,0.2629,58845
2.1.0,20260828_152102_999,2026-08-28T15:21:02+05:30,2026-08-28T15:21:02+05:30,Asia/Kolkata,UPSTOX,NIFTY,2026-09-01,65,a980180f461db4f0,0.0,False,24142.45,24142.45,24122.6,24188.3,24076.85,24090.85,10.72,24150,24150,24350,207.55,ABOVE_SPOT,,59.0,59.0,NSE_FO|46999,149849,26534,,-2064,1896707,25610,False,43.5,-0.05,-0.1148,11.0,True,43.3,2275,43.5,4225,,,43.4,0.2,0.0046,0.0,43.5,NSE_FO|47000,23601,-1939,,-174,334652,2605,False,152.6,-42.4,-21.7436,0.0,False,152.65,195,153.05,260,,,152.85,0.4,0.0026,207.55,-54.95,0.1575,28473
2.1.0,20260828_152102_999,2026-08-28T15:21:02+05:30,2026-08-28T15:21:02+05:30,Asia/Kolkata,UPSTOX,NIFTY,2026-09-01,65,a980180f461db4f0,0.0,False,24142.45,24142.45,24122.6,24188.3,24076.85,24090.85,10.72,24150,24150,24400,257.55,ABOVE_SPOT,,59.0,59.0,NSE_FO|47001,199510,11297,,-4258,2424659,28457,False,30.6,-1.2,-3.7736,10.76,True,30.5,5720,30.65,2275,,,30.575,0.15,0.0049,0.0,30.6,NSE_FO|47002,28422,-6381,,-204,340655,1866,False,189.05,-45.6,-19.4332,0.0,False,188.1,195,188.55,260,,,188.325,0.45,0.0024,257.55,-68.5,0.1425,17678
2.1.0,20260828_152203_004,2026-08-28T15:22:03+05:30,2026-08-28T15:22:03+05:30,Asia/Kolkata,UPSTOX,NIFTY,2026-09-01,65,bb8a35d0893f1e36,0.0,False,24142.45,24142.45,24122.6,24188.3,24076.85,24090.85,10.69,24150,24150,23900,-242.45,BELOW_SPOT,,61.0,61.0,NSE_FO|46981,5706,2106,,-346,93898,893,False,352.0,38.25,12.1912,18.66,True,352.25,260,352.95,195,,,352.6,0.7,0.002,242.45,109.55,NSE_FO|46982,106524,38541,,-2345,1895092,22924,False,9.55,-9.7,-50.3896,8.29,True,9.55,14625,9.6,5590,,,9.575,0.05,0.0052,0.0,9.55,18.6688,-36435
2.1.0,20260828_152203_004,2026-08-28T15:22:03+05:30,2026-08-28T15:22:03+05:30,Asia/Kolkata,UPSTOX,NIFTY,2026-09-01,65,bb8a35d0893f1e36,0.0,False,24142.45,24142.45,24122.6,24188.3,24076.85,24090.85,10.69,24150,24150,23950,-192.45,BELOW_SPOT,,61.0,61.0,NSE_FO|46983,2617,442,,-31,79194,320,False,306.35,37.1,13.779,17.41,True,305.6,260,306.35,1755,,,305.975,0.75,0.0025,192.45,113.9,NSE_FO|46984,53445,21627,,-373,1582849,11665,False,13.15,-12.4,-48.5323,7.83,True,13.15,3315,13.2,2730,,,13.175,0.05,0.0038,0.0,13.15,20.4222,-21185
2.1.0,20260828_152203_004,2026-08-28T15:22:03+05:30,2026-08-28T15:22:03+05:30,Asia/Kolkata,UPSTOX,NIFTY,2026-09-01,65,bb8a35d0893f1e36,0.0,False,24142.45,24142.45,24122.6,24188.3,24076.85,24090.85,10.69,24150,24150,24000,-142.45,BELOW_SPOT,,61.0,61.0,NSE_FO|46985,28936,2879,,-1384,730309,3778,False,261.4,33.65,14.775,16.17,True,261.45,1560,262.0,13325,,,261.725,0.55,0.0021,142.45,118.95,NSE_FO|46986,180996,71678,,-3116,4242668,28906,False,18.45,-16.65,-47.4359,7.42,True,18.35,3770,18.45,6370,,,18.4,0.1,0.0054,0.0,18.45,6.255,-68799
2.1.0,20260828_152203_004,2026-08-28T15:22:03+05:30,2026-08-28T15:22:03+05:30,Asia/Kolkata,UPSTOX,NIFTY,2026-09-01,65,bb8a35d0893f1e36,0.0,False,24142.45,24142.45,24122.6,24188.3,24076.85,24090.85,10.69,24150,24150,24050,-92.45,BELOW_SPOT,,61.0,61.0,NSE_FO|46987,14673,4250,,-751,665738,4272,False,219.15,27.85,14.5583,15.03,True,218.55,65,219.05,260,,,218.8,0.5,0.0023,92.45,126.7,NSE_FO|46988,85821,48875,,-3637,3136008,16957,False,25.3,-21.35,-45.7663,6.88,True,25.25,3510,25.35,455,,,25.3,0.1,0.004,0.0,25.3,5.8489,-44625
2.1.0,20260828_152203_004,2026-08-28T15:22:03+05:30,2026-08-28T15:22:03+05:30,Asia/Kolkata,UPSTOX,NIFTY,2026-09-01,65,bb8a35d0893f1e36,0.0,False,24142.45,24142.45,24122.6,24188.3,24076.85,24090.85,10.69,24150,24150,24100,-42.45,BELOW_SPOT,,61.0,61.0,NSE_FO|46989,96042,49557,,-4720,3452133,23294,False,179.5,24.25,15.62,14.02,True,179.25,65,179.5,65,,,179.375,0.25,0.0014,42.45,137.05,NSE_FO|46990,216451,132268,,-6441,7326756,45111,False,35.4,-26.75,-43.041,6.42,True,35.35,975,35.5,5590,,,35.425,0.15,0.0042,0.0,35.4,2.2537,-82711
2.1.0,20260828_152203_004,2026-08-28T15:22:03+05:30,2026-08-28T15:22:03+05:30,Asia/Kolkata,UPSTOX,NIFTY,2026-09-01,65,bb8a35d0893f1e36,0.0,False,24142.45,24142.45,24122.6,24188.3,24076.85,24090.85,10.69,24150,24150,24150,7.55,ATM,,61.0,61.0,NSE_FO|46991,99554,39317,,-4118,3825091,25439,False,142.85,16.0,12.6133,13.14,True,142.35,715,142.75,130,,,142.55,0.4,0.0028,0.0,142.85,NSE_FO|46992,127144,72894,,-357,5606989,34491,False,49.05,-29.9,-37.8721,5.81,True,49.2,975,49.35,2860,,,49.275,0.15,0.003,7.55,41.5,1.2771,-33577
2.1.0,20260828_152203_004,2026-08-28T15:22:03+05:30,2026-08-28T15:22:03+05:30,Asia/Kolkata,UPSTOX,NIFTY,2026-09-01,65,bb8a35d0893f1e36,0.0,False,24142.45,24142.45,24122.6,24188.3,24076.85,24090.85,10.69,24150,24150,24200,57.55,ABOVE_SPOT,,61.0,61.0,NSE_FO|46993,200934,47246,,-6734,5192799,46428,False,111.25,12.5,12.6582,12.39,True,111.0,585,111.25,1235,,,111.125,0.25,0.0022,0.0,111.25,NSE_FO|46994,150159,48981,,-428,4667950,34278,False,67.15,-35.65,-34.679,5.04,True,67.05,130,67.2,1235,,,67.125,0.15,0.0022,57.55,9.6,0.7473,-1735
2.1.0,20260828_152203_004,2026-08-28T15:22:03+05:30,2026-08-28T15:22:03+05:30,Asia/Kolkata,UPSTOX,NIFTY,2026-09-01,65,bb8a35d0893f1e36,0.0,False,24142.45,24142.45,24122.6,24188.3,24076.85,24090.85,10.69,24150,24150,24250,107.55,ABOVE_SPOT,,61.0,61.0,NSE_FO|46995,128055,39043,,-693,2798886,30451,False,83.95,7.05,9.1678,11.85,True,84.0,520,84.2,130,,,84.1,0.2,0.0024,0.0,83.95,NSE_FO|46996,51521,10991,,-44,1446716,11387,False,90.0,-38.85,-30.1513,3.63,True,89.8,195,89.95,260,,,89.875,0.15,0.0017,107.55,-17.55,0.4023,28052
2.1.0,20260828_152203_004,2026-08-28T15:22:03+05:30,2026-08-28T15:22:03+05:30,Asia/Kolkata,UPSTOX,NIFTY,2026-09-01,65,bb8a35d0893f1e36,0.0,False,24142.45,24142.45,24122.6,24188.3,24076.85,24090.85,10.69,24150,24150,24300,157.55,ABOVE_SPOT,,61.0,61.0,NSE_FO|46997,247794,44464,,-4728,3656108,41692,False,61.6,3.65,6.2985,11.35,True,61.45,4810,61.7,4095,,,61.575,0.25,0.0041,0.0,61.6,NSE_FO|46998,66484,-9556,,97,1515169,9940,False,118.2,-44.15,-27.1943,0.0,False,118.1,260,118.45,455,,,118.275,0.35,0.003,157.55,-39.35,0.2683,54020
2.1.0,20260828_152203_004,2026-08-28T15:22:03+05:30,2026-08-28T15:22:03+05:30,Asia/Kolkata,UPSTOX,NIFTY,2026-09-01,65,bb8a35d0893f1e36,0.0,False,24142.45,24142.45,24122.6,24188.3,24076.85,24090.85,10.69,24150,24150,24350,207.55,ABOVE_SPOT,,61.0,61.0,NSE_FO|46999,148342,25027,,-1507,1920785,24078,False,44.1,0.55,1.2629,11.05,True,44.1,4225,44.25,1755,,,44.175,0.15,0.0034,0.0,44.1,NSE_FO|47000,23750,-1790,,149,337886,3234,False,150.7,-44.3,-22.7179,0.0,False,150.7,130,151.0,455,,,150.85,0.3,0.002,207.55,-56.85,0.1601,26817
2.1.0,20260828_152203_004,2026-08-28T15:22:03+05:30,2026-08-28T15:22:03+05:30,Asia/Kolkata,UPSTOX,NIFTY,2026-09-01,65,bb8a35d0893f1e36,0.0,False,24142.45,24142.45,24122.6,24188.3,24076.85,24090.85,10.69,24150,24150,24400,257.55,ABOVE_SPOT,,61.0,61.0,NSE_FO|47001,196636,8423,,-2874,2451929,27270,False,30.95,-0.85,-2.673,10.8,True,30.95,2470,31.05,1495,,,31.0,0.1,0.0032,0.0,30.95,NSE_FO|47002,28258,-6545,,-164,342725,2070,False,187.25,-47.4,-20.2003,0.0,False,187.2,520,187.3,325,,,187.25,0.1,0.0005,257.55,-70.3,0.1437,14968
2.1.0,20260828_152303_000,2026-08-28T15:23:03+05:30,2026-08-28T15:23:03+05:30,Asia/Kolkata,UPSTOX,NIFTY,2026-09-01,65,b57c8d65a71a6511,0.0,False,24142.45,24142.45,24122.6,24188.3,24076.85,24090.85,10.69,24150,24150,23900,-242.45,BELOW_SPOT,,60.0,60.0,NSE_FO|46981,5368,1768,,-338,94435,537,False,349.05,35.3,11.251,18.14,True,349.05,260,349.55,2405,,,349.3,0.5,0.0014,242.45,106.6,NSE_FO|46982,103249,35266,,-3275,1906630,11538,False,9.7,-9.55,-49.6104,8.27,True,9.65,5460,9.7,3445,,,9.675,0.05,0.0052,0.0,9.7,19.2342,-33498
2.1.0,20260828_152303_000,2026-08-28T15:23:03+05:30,2026-08-28T15:23:03+05:30,Asia/Kolkata,UPSTOX,NIFTY,2026-09-01,65,b57c8d65a71a6511,0.0,False,24142.45,24142.45,24122.6,24188.3,24076.85,24090.85,10.69,24150,24150,23950,-192.45,BELOW_SPOT,,60.0,60.0,NSE_FO|46983,2482,307,,-135,79508,314,False,302.9,33.65,12.4977,17.15,True,302.9,455,303.8,195,,,303.35,0.9,0.003,192.45,110.45,NSE_FO|46984,53055,21237,,-390,1587788,4939,False,13.25,-12.3,-48.1409,7.83,True,13.15,4875,13.2,195,,,13.175,0.05,0.0038,0.0,13.25,21.3759,-20930
2.1.0,20260828_152303_000,2026-08-28T15:23:03+05:30,2026-08-28T15:23:03+05:30,Asia/Kolkata,UPSTOX,NIFTY,2026-09-01,65,b57c8d65a71a6511,0.0,False,24142.45,24142.45,24122.6,24188.3,24076.85,24090.85,10.69,24150,24150,24000,-142.45,BELOW_SPOT,,60.0,60.0,NSE_FO|46985,28638,2581,,-298,732266,1957,False,258.4,30.65,13.4577,15.93,True,258.35,325,258.8,455,,,258.575,0.45,0.0017,142.45,115.95,NSE_FO|46986,180001,70683,,-995,4255726,13058,False,18.75,-16.35,-46.5812,7.43,True,18.6,1625,18.7,2860,,,18.65,0.1,0.0054,0.0,18.75,6.2854,-68102
2.1.0,20260828_152303_000,2026-08-28T15:23:03+05:30,2026-08-28T15:23:03+05:30,Asia/Kolkata,UPSTOX,NIFTY,2026-09-01,65,b57c8d65a71a6511,0.0,False,24142.45,24142.45,24122.6,24188.3,24076.85,24090.85,10.69,24150,24150,24050,-92.45,BELOW_SPOT,,60.0,60.0,NSE_FO|46987,14084,3661,,-589,668030,2292,False,216.5,25.2,13.173,14.77,True,216.05,1300,216.4,585,,,216.225,0.35,0.0016,92.45,124.05,NSE_FO|46988,84385,47439,,-1436,3145397,9389,False,25.8,-20.85,-44.6945,6.93,True,25.7,65,25.75,195,,,25.725,0.05,0.0019,0.0,25.8,5.9916,-43778
2.1.0,20260828_152303_000,2026-08-28T15:23:03+05:30,2026-08-28T15:23:03+05:30,Asia/Kolkata,UPSTOX,NIFTY,2026-09-01,65,b57c8d65a71a6511,0.0,False,24142.45,24142.45,24122.6,24188.3,24076.85,24090.85,10.69,24150,24150,24100,-42.45,BELOW_SPOT,,60.0,60.0,NSE_FO|46989,94770,48285,,-1272,3461981,9848,False,175.9,20.65,13.3011,13.79,True,175.5,260,175.95,520,,,175.725,0.45,0.0026,42.45,133.45,NSE_FO|46990,213797,129614,,-2654,7350052,23296,False,36.3,-25.85,-41.5929,6.45,True,36.15,1300,36.3,2730,,,36.225,0.15,0.0041,0.0,36.3,2.256,-81329
2.1.0,20260828_152303_000,2026-08-28T15:23:03+05:30,2026-08-28T15:23:03+05:30,Asia/Kolkata,UPSTOX,NIFTY,2026-09-01,65,b57c8d65a71a6511,0.0,False,24142.45,24142.45,24122.6,24188.3,24076.85,24090.85,10.69,24150,24150,24150,7.55,ATM,,60.0,60.0,NSE_FO|46991,96404,36167,,-3150,3841062,15971,False,140.15,13.3,10.4848,12.94,True,140.3,585,140.55,1495,,,140.425,0.25,0.0018,0.0,140.15,NSE_FO|46992,125834,71584,,-1310,5624529,17540,False,49.9,-29.05,-36.7954,5.84,True,49.9,1625,50.05,845,,,49.975,0.15,0.003,7.55,42.35,1.3053,-35417
2.1.0,20260828_152303_000,2026-08-28T15:23:03+05:30,2026-08-28T15:23:03+05:30,Asia/Kolkata,UPSTOX,NIFTY,2026-09-01,65,b57c8d65a71a6511,0.0,False,24142.45,24142.45,24122.6,24188.3,24076.85,24090.85,10.69,24150,24150,24200,57.55,ABOVE_SPOT,,60.0,60.0,NSE_FO|46993,196522,42834,,-4412,5221883,29084,False,108.25,9.5,9.6203,12.21,True,108.7,650,108.9,65,,,108.8,0.2,0.0018,0.0,108.25,NSE_FO|46994,150640,49462,,481,4690157,22207,False,68.9,-33.9,-32.9767,5.11,True,68.3,780,68.5,455,,,68.4,0.2,0.0029,57.55,11.35,0.7665,-6628
2.1.0,20260828_152303_000,2026-08-28T15:23:03+05:30,2026-08-28T15:23:03+05:30,Asia/Kolkata,UPSTOX,NIFTY,2026-09-01,65,b57c8d65a71a6511,0.0,False,24142.45,24142.45,24122.6,24188.3,24076.85,24090.85,10.69,24150,24150,24250,107.55,ABOVE_SPOT,,60.0,60.0,NSE_FO|46995,125956,36944,,-2099,2819928,21042,False,82.25,5.35,6.9571,11.67,True,82.15,455,82.35,65,,,82.25,0.2,0.0024,0.0,82.25,NSE_FO|46996,51551,11021,,30,1452872,6156,False,91.65,-37.2,-28.8708,3.81,True,91.4,780,91.65,260,,,91.525,0.25,0.0027,107.55,-15.9,0.4093,25923
2.1.0,20260828_152303_000,2026-08-28T15:23:03+05:30,2026-08-28T15:23:03+05:30,Asia/Kolkata,UPSTOX,NIFTY,2026-09-01,65,b57c8d65a71a6511,0.0,False,24142.45,24142.45,24122.6,24188.3,24076.85,24090.85,10.69,24150,24150,24300,157.55,ABOVE_SPOT,,60.0,60.0,NSE_FO|46997,246315,42985,,-1479,3683874,27766,False,60.15,2.2,3.7964,11.26,True,60.2,2340,60.4,2795,,,60.3,0.2,0.0033,0.0,60.15,NSE_FO|46998,65962,-10078,,-522,1520573,5404,False,119.85,-42.5,-26.178,0.0,False,119.7,130,119.85,130,,,119.775,0.15,0.0013,157.55,-37.7,0.2678,53063
2.1.0,20260828_152303_000,2026-08-28T15:23:03+05:30,2026-08-28T15:23:03+05:30,Asia/Kolkata,UPSTOX,NIFTY,2026-09-01,65,b57c8d65a71a6511,0.0,False,24142.45,24142.45,24122.6,24188.3,24076.85,24090.85,10.69,24150,24150,24350,207.55,ABOVE_SPOT,,60.0,60.0,NSE_FO|46999,145856,22541,,-2486,1937756,16971,False,42.8,-0.75,-1.7222,10.93,True,43.0,4225,43.1,195,,,43.05,0.1,0.0023,0.0,42.8,NSE_FO|47000,23554,-1986,,-196,339204,1318,False,152.55,-42.45,-21.7692,0.0,False,152.55,520,153.0,260,,,152.775,0.45,0.0029,207.55,-55.0,0.1615,24527
2.1.0,20260828_152303_000,2026-08-28T15:23:03+05:30,2026-08-28T15:23:03+05:30,Asia/Kolkata,UPSTOX,NIFTY,2026-09-01,65,b57c8d65a71a6511,0.0,False,24142.45,24142.45,24122.6,24188.3,24076.85,24090.85,10.69,24150,24150,24400,257.55,ABOVE_SPOT,,60.0,60.0,NSE_FO|47001,192398,4185,,-4238,2473508,21579,False,30.1,-1.7,-5.3459,10.7,True,30.0,1820,30.1,2405,,,30.05,0.1,0.0033,0.0,30.1,NSE_FO|47002,28060,-6743,,-198,343704,979,False,189.25,-45.4,-19.348,0.0,False,188.9,260,189.25,65,,,189.075,0.35,0.0019,257.55,-68.3,0.1458,10928
2.1.0,20260828_152403_000,2026-08-28T15:24:03+05:30,2026-08-28T15:24:03+05:30,Asia/Kolkata,UPSTOX,NIFTY,2026-09-01,65,3b1b74c518a4e8cd,0.0,False,24142.45,24142.45,24122.6,24188.3,24076.85,24090.85,10.72,24150,24150,23900,-242.45,BELOW_SPOT,,60.0,60.0,NSE_FO|46981,5152,1552,,-216,94663,228,False,347.55,33.8,10.7729,18.14,True,347.55,390,347.9,390,,,347.725,0.35,0.001,242.45,105.1,NSE_FO|46982,102713,34730,,-536,1911915,5285,False,10.25,-9.0,-46.7532,8.41,True,10.15,10920,10.2,4030,,,10.175,0.05,0.0049,0.0,10.25,19.9365,-33178
2.1.0,20260828_152403_000,2026-08-28T15:24:03+05:30,2026-08-28T15:24:03+05:30,Asia/Kolkata,UPSTOX,NIFTY,2026-09-01,65,3b1b74c518a4e8cd,0.0,False,24142.45,24142.45,24122.6,24188.3,24076.85,24090.85,10.72,24150,24150,23950,-192.45,BELOW_SPOT,,60.0,60.0,NSE_FO|46983,2424,249,,-58,79755,247,False,301.9,32.65,12.1263,16.97,True,301.0,325,301.95,195,,,301.475,0.95,0.0032,192.45,109.45,NSE_FO|46984,52369,20551,,-686,1592486,4698,False,13.85,-11.7,-45.7926,7.97,True,13.85,5980,13.95,11895,,,13.9,0.1,0.0072,0.0,13.85,21.6044,-20302
2.1.0,20260828_152403_000,2026-08-28T15:24:03+05:30,2026-08-28T15:24:03+05:30,Asia/Kolkata,UPSTOX,NIFTY,2026-09-01,65,3b1b74c518a4e8cd,0.0,False,24142.45,24142.45,24122.6,24188.3,24076.85,24090.85,10.72,24150,24150,24000,-142.45,BELOW_SPOT,,60.0,60.0,NSE_FO|46985,28239,2182,,-399,733509,1243,False,256.85,29.1,12.7772,15.72,True,256.65,130,257.35,325,,,257.0,0.7,0.0027,142.45,114.4,NSE_FO|46986,181391,72073,,1390,4265320,9594,False,19.55,-15.55,-44.302,7.55,True,19.45,3640,19.55,4810,,,19.5,0.1,0.0051,0.0,19.55,6.4234,-69891
2.1.0,20260828_152403_000,2026-08-28T15:24:03+05:30,2026-08-28T15:24:03+05:30,Asia/Kolkata,UPSTOX,NIFTY,2026-09-01,65,3b1b74c518a4e8cd,0.0,False,24142.45,24142.45,24122.6,24188.3,24076.85,24090.85,10.72,24150,24150,24050,-92.45,BELOW_SPOT,,60.0,60.0,NSE_FO|46987,13786,3363,,-298,668997,967,False,214.65,23.35,12.206,14.66,True,214.65,1300,215.0,520,,,214.825,0.35,0.0016,92.45,122.2,NSE_FO|46988,83772,46826,,-613,3150012,4615,False,26.75,-19.9,-42.6581,7.05,True,26.7,65,26.75,1885,,,26.725,0.05,0.0019,0.0,26.75,6.0766,-43463
2.1.0,20260828_152403_000,2026-08-28T15:24:03+05:30,2026-08-28T15:24:03+05:30,Asia/Kolkata,UPSTOX,NIFTY,2026-09-01,65,3b1b74c518a4e8cd,0.0,False,24142.45,24142.45,24122.6,24188.3,24076.85,24090.85,10.72,24150,24150,24100,-42.45,BELOW_SPOT,,60.0,60.0,NSE_FO|46989,93851,47366,,-919,3466454,4473,False,175.1,19.85,12.7858,13.64,True,174.7,65,175.1,260,,,174.9,0.4,0.0023,42.45,132.65,NSE_FO|46990,212989,128806,,-808,7363695,13643,False,37.25,-24.9,-40.0644,6.57,True,37.15,1365,37.25,5395,,,37.2,0.1,0.0027,0.0,37.25,2.2694,-81440
2.1.0,20260828_152403_000,2026-08-28T15:24:03+05:30,2026-08-28T15:24:03+05:30,Asia/Kolkata,UPSTOX,NIFTY,2026-09-01,65,3b1b74c518a4e8cd,0.0,False,24142.45,24142.45,24122.6,24188.3,24076.85,24090.85,10.72,24150,24150,24150,7.55,ATM,,60.0,60.0,NSE_FO|46991,94671,34434,,-1733,3847715,6653,False,138.85,12.0,9.46,12.82,True,138.85,195,139.1,195,,,138.975,0.25,0.0018,0.0,138.85,NSE_FO|46992,125181,70931,,-653,5636033,11504,False,51.2,-27.75,-35.1488,5.99,True,51.15,2275,51.3,260,,,51.225,0.15,0.0029,7.55,43.65,1.3223,-36497
2.1.0,20260828_152403_000,2026-08-28T15:24:03+05:30,2026-08-28T15:24:03+05:30,Asia/Kolkata,UPSTOX,NIFTY,2026-09-01,65,3b1b74c518a4e8cd,0.0,False,24142.45,24142.45,24122.6,24188.3,24076.85,24090.85,10.72,24150,24150,24200,57.55,ABOVE_SPOT,,60.0,60.0,NSE_FO|46993,195067,41379,,-1455,5234539,12656,False,107.9,9.15,9.2658,12.15,True,107.65,1170,107.9,325,,,107.775,0.25,0.0023,0.0,107.9,NSE_FO|46994,151434,50256,,794,4702192,12035,False,69.75,-33.05,-32.1498,5.24,True,69.7,1105,69.9,1170,,,69.8,0.2,0.0029,57.55,12.2,0.7763,-8877
2.1.0,20260828_152403_000,2026-08-28T15:24:03+05:30,2026-08-28T15:24:03+05:30,Asia/Kolkata,UPSTOX,NIFTY,2026-09-01,65,3b1b74c518a4e8cd,0.0,False,24142.45,24142.45,24122.6,24188.3,24076.85,24090.85,10.72,24150,24150,24250,107.55,ABOVE_SPOT,,60.0,60.0,NSE_FO|46995,124140,35128,,-1816,2830655,10727,False,81.4,4.5,5.8518,11.6,True,81.05,1105,81.3,1105,,,81.175,0.25,0.0031,0.0,81.4,NSE_FO|46996,51463,10933,,-88,1456773,3901,False,92.85,-36.0,-27.9395,3.98,True,93.0,1235,93.25,455,,,93.125,0.25,0.0027,107.55,-14.7,0.4146,24195
2.1.0,20260828_152403_000,2026-08-28T15:24:03+05:30,2026-08-28T15:24:03+05:30,Asia/Kolkata,UPSTOX,NIFTY,2026-09-01,65,3b1b74c518a4e8cd,0.0,False,24142.45,24142.45,24122.6,24188.3,24076.85,24090.85,10.72,24150,24150,24300,157.55,ABOVE_SPOT,,60.0,60.0,NSE_FO|46997,245502,42172,,-813,3697214,13340,False,59.3,1.35,2.3296,11.17,True,59.35,650,59.4,260,,,59.375,0.05,0.0008,0.0,59.3,NSE_FO|46998,65560,-10480,,-402,1523881,3308,False,121.3,-41.05,-25.2849,0.0,False,121.3,715,121.7,845,,,121.5,0.4,0.0033,157.55,-36.25,0.267,52652
2.1.0,20260828_152403_000,2026-08-28T15:24:03+05:30,2026-08-28T15:24:03+05:30,Asia/Kolkata,UPSTOX,NIFTY,2026-09-01,65,3b1b74c518a4e8cd,0.0,False,24142.45,24142.45,24122.6,24188.3,24076.85,24090.85,10.72,24150,24150,24350,207.55,ABOVE_SPOT,,60.0,60.0,NSE_FO|46999,145333,22018,,-523,1944299,6543,False,42.4,-1.15,-2.6406,10.83,True,42.4,650,42.45,1690,,,42.425,0.05,0.0012,0.0,42.4,NSE_FO|47000,23541,-1999,,-13,339900,696,False,154.5,-40.5,-20.7692,0.0,False,154.5,455,154.95,130,,,154.725,0.45,0.0029,207.55,-53.05,0.162,24017
2.1.0,20260828_152403_000,2026-08-28T15:24:03+05:30,2026-08-28T15:24:03+05:30,Asia/Kolkata,UPSTOX,NIFTY,2026-09-01,65,3b1b74c518a4e8cd,0.0,False,24142.45,24142.45,24122.6,24188.3,24076.85,24090.85,10.72,24150,24150,24400,257.55,ABOVE_SPOT,,60.0,60.0,NSE_FO|47001,191848,3635,,-550,2481626,8118,False,29.7,-2.1,-6.6038,10.67,True,29.55,4550,29.7,4745,,,29.625,0.15,0.0051,0.0,29.7,NSE_FO|47002,28012,-6791,,-48,344331,627,False,190.9,-43.75,-18.6448,0.0,False,191.0,195,191.3,195,,,191.15,0.3,0.0016,257.55,-66.65,0.146,10426
2.1.0,20260828_152502_999,2026-08-28T15:25:02+05:30,2026-08-28T15:25:02+05:30,Asia/Kolkata,UPSTOX,NIFTY,2026-09-01,65,1c550670783667bf,0.0,False,24142.45,24142.45,24122.6,24188.3,24076.85,24090.85,10.68,24150,24150,23900,-242.45,BELOW_SPOT,,59.0,59.0,NSE_FO|46981,5006,1406,,-146,95027,364,False,352.15,38.4,12.239,18.42,True,351.2,260,352.2,195,,,351.7,1.0,0.0028,242.45,109.7,NSE_FO|46982,102368,34385,,-345,1917550,5635,False,9.9,-9.35,-48.5714,8.36,True,9.9,15210,9.95,325,,,9.925,0.05,0.005,0.0,9.9,20.4491,-32979
2.1.0,20260828_152502_999,2026-08-28T15:25:02+05:30,2026-08-28T15:25:02+05:30,Asia/Kolkata,UPSTOX,NIFTY,2026-09-01,65,1c550670783667bf,0.0,False,24142.45,24142.45,24122.6,24188.3,24076.85,24090.85,10.68,24150,24150,23950,-192.45,BELOW_SPOT,,59.0,59.0,NSE_FO|46983,2350,175,,-74,80175,420,False,306.3,37.05,13.7604,17.39,True,305.25,390,306.15,260,,,305.7,0.9,0.0029,192.45,113.85,NSE_FO|46984,51592,19774,,-777,1599224,6738,False,13.55,-12.0,-46.9667,7.86,True,13.5,1755,13.55,3055,,,13.525,0.05,0.0037,0.0,13.55,21.954,-19599
2.1.0,20260828_152502_999,2026-08-28T15:25:02+05:30,2026-08-28T15:25:02+05:30,Asia/Kolkata,UPSTOX,NIFTY,2026-09-01,65,1c550670783667bf,0.0,False,24142.45,24142.45,24122.6,24188.3,24076.85,24090.85,10.68,24150,24150,24000,-142.45,BELOW_SPOT,,59.0,59.0,NSE_FO|46985,27738,1681,,-501,735335,1826,False,260.75,33.0,14.4896,16.02,True,261.05,130,261.35,390,,,261.2,0.3,0.0011,142.45,118.3,NSE_FO|46986,180340,71022,,-1051,4278441,13121,False,18.95,-16.15,-46.0114,7.45,True,18.8,3185,18.9,5200,,,18.85,0.1,0.0053,0.0,18.95,6.5016,-69341
2.1.0,20260828_152502_999,2026-08-28T15:25:02+05:30,2026-08-28T15:25:02+05:30,Asia/Kolkata,UPSTOX,NIFTY,2026-09-01,65,1c550670783667bf,0.0,False,24142.45,24142.45,24122.6,24188.3,24076.85,24090.85,10.68,24150,24150,24050,-92.45,BELOW_SPOT,,59.0,59.0,NSE_FO|46987,13475,3052,,-311,671396,2399,False,218.85,27.55,14.4015,15.0,True,218.35,260,218.75,455,,,218.55,0.4,0.0018,92.45,126.4,NSE_FO|46988,82171,45225,,-1601,3161429,11417,False,26.05,-20.6,-44.1586,6.96,True,26.0,910,26.05,1560,,,26.025,0.05,0.0019,0.0,26.05,6.098,-42173
2.1.0,20260828_152502_999,2026-08-28T15:25:02+05:30,2026-08-28T15:25:02+05:30,Asia/Kolkata,UPSTOX,NIFTY,2026-09-01,65,1c550670783667bf,0.0,False,24142.45,24142.45,24122.6,24188.3,24076.85,24090.85,10.68,24150,24150,24100,-42.45,BELOW_SPOT,,59.0,59.0,NSE_FO|46989,92868,46383,,-983,3473136,6682,False,178.7,23.45,15.1047,13.96,True,178.4,975,178.7,780,,,178.55,0.3,0.0017,42.45,136.25,NSE_FO|46990,211538,127355,,-1451,7384279,20584,False,36.25,-25.9,-41.6734,6.44,True,35.9,325,36.0,51025,,,35.95,0.1,0.0028,0.0,36.25,2.2778,-80972
2.1.0,20260828_152502_999,2026-08-28T15:25:02+05:30,2026-08-28T15:25:02+05:30,Asia/Kolkata,UPSTOX,NIFTY,2026-09-01,65,1c550670783667bf,0.0,False,24142.45,24142.45,24122.6,24188.3,24076.85,24090.85,10.68,24150,24150,24150,7.55,ATM,,59.0,59.0,NSE_FO|46991,93328,33091,,-1343,3856060,8345,False,142.45,15.6,12.298,13.11,True,141.95,195,142.3,260,,,142.125,0.35,0.0025,0.0,142.45,NSE_FO|46992,124034,69784,,-1147,5652506,16473,False,50.15,-28.8,-36.4788,5.84,True,49.85,780,50.0,5980,,,49.925,0.15,0.003,7.55,42.6,1.329,-36693
2.1.0,20260828_152502_999,2026-08-28T15:25:02+05:30,2026-08-28T15:25:02+05:30,Asia/Kolkata,UPSTOX,NIFTY,2026-09-01,65,1c550670783667bf,0.0,False,24142.45,24142.45,24122.6,24188.3,24076.85,24090.85,10.68,24150,24150,24200,57.55,ABOVE_SPOT,,59.0,59.0,NSE_FO|46993,191421,37733,,-3646,5250198,15659,False,110.3,11.55,11.6962,12.34,True,110.35,260,110.6,260,,,110.475,0.25,0.0023,0.0,110.3,NSE_FO|46994,149686,48508,,-1748,4715714,13522,False,68.3,-34.5,-33.5603,5.08,True,68.05,1430,68.25,195,,,68.15,0.2,0.0029,57.55,10.75,0.782,-10775
2.1.0,20260828_152502_999,2026-08-28T15:25:02+05:30,2026-08-28T15:25:02+05:30,Asia/Kolkata,UPSTOX,NIFTY,2026-09-01,65,1c550670783667bf,0.0,False,24142.45,24142.45,24122.6,24188.3,24076.85,24090.85,10.68,24150,24150,24250,107.55,ABOVE_SPOT,,59.0,59.0,NSE_FO|46995,121019,32007,,-3121,2845473,14818,False,83.35,6.45,8.3875,11.8,True,83.3,1170,83.5,195,,,83.4,0.2,0.0024,0.0,83.35,NSE_FO|46996,51162,10632,,-301,1460982,4209,False,90.8,-38.05,-29.5305,3.72,True,90.8,325,91.05,585,,,90.925,0.25,0.0027,107.55,-16.75,0.4228,21375
2.1.0,20260828_152502_999,2026-08-28T15:25:02+05:30,2026-08-28T15:25:02+05:30,Asia/Kolkata,UPSTOX,NIFTY,2026-09-01,65,1c550670783667bf,0.0,False,24142.45,24142.45,24122.6,24188.3,24076.85,24090.85,10.68,24150,24150,24300,157.55,ABOVE_SPOT,,59.0,59.0,NSE_FO|46997,243943,40613,,-1559,3712996,15782,False,61.05,3.1,5.3494,11.32,True,61.05,780,61.2,2665,,,61.125,0.15,0.0025,0.0,61.05,NSE_FO|46998,65118,-10922,,-442,1526915,3034,False,118.85,-43.5,-26.794,0.0,False,118.55,455,118.85,455,,,118.7,0.3,0.0025,157.55,-38.7,0.2669,51535
2.1.0,20260828_152502_999,2026-08-28T15:25:02+05:30,2026-08-28T15:25:02+05:30,Asia/Kolkata,UPSTOX,NIFTY,2026-09-01,65,1c550670783667bf,0.0,False,24142.45,24142.45,24122.6,24188.3,24076.85,24090.85,10.68,24150,24150,24350,207.55,ABOVE_SPOT,,59.0,59.0,NSE_FO|46999,143497,20182,,-1836,1958157,13858,False,43.7,0.15,0.3444,10.97,True,43.55,3055,43.7,2340,,,43.625,0.15,0.0034,0.0,43.7,NSE_FO|47000,23331,-2209,,-210,340763,863,False,151.7,-43.3,-22.2051,0.0,False,151.05,325,151.5,845,,,151.275,0.45,0.003,207.55,-55.85,0.1626,22391
2.1.0,20260828_152502_999,2026-08-28T15:25:02+05:30,2026-08-28T15:25:02+05:30,Asia/Kolkata,UPSTOX,NIFTY,2026-09-01,65,1c550670783667bf,0.0,False,24142.45,24142.45,24122.6,24188.3,24076.85,24090.85,10.68,24150,24150,24400,257.55,ABOVE_SPOT,,59.0,59.0,NSE_FO|47001,190298,2085,,-1550,2492573,10947,False,30.3,-1.5,-4.717,10.74,True,30.3,1365,30.4,1300,,,30.35,0.1,0.0033,0.0,30.3,NSE_FO|47002,27858,-6945,,-154,345128,797,False,188.05,-46.6,-19.8594,0.0,False,187.4,195,187.85,130,,,187.625,0.45,0.0024,257.55,-69.5,0.1464,9030
2.1.0,20260828_152603_000,2026-08-28T15:26:03+05:30,2026-08-28T15:26:03+05:30,Asia/Kolkata,UPSTOX,NIFTY,2026-09-01,65,a237ea551029517b,0.0,False,24142.45,24142.45,24122.6,24188.3,24076.85,24090.85,10.66,24150,24150,23900,-242.45,BELOW_SPOT,,61.0,61.0,NSE_FO|46981,4993,1393,,-13,95118,91,False,349.1,35.35,11.2669,18.42,True,349.5,130,350.0,520,,,349.75,0.5,0.0014,242.45,106.65,NSE_FO|46982,102578,34595,,210,1920418,2868,False,10.0,-9.25,-48.0519,8.36,True,9.9,5525,9.95,3250,,,9.925,0.05,0.005,0.0,10.0,20.5444,-33202
2.1.0,20260828_152603_000,2026-08-28T15:26:03+05:30,2026-08-28T15:26:03+05:30,Asia/Kolkata,UPSTOX,NIFTY,2026-09-01,65,a237ea551029517b,0.0,False,24142.45,24142.45,24122.6,24188.3,24076.85,24090.85,10.66,24150,24150,23950,-192.45,BELOW_SPOT,,61.0,61.0,NSE_FO|46983,2261,86,,-89,80300,125,False,303.05,33.8,12.5534,17.16,True,303.45,195,304.4,455,,,303.925,0.95,0.0031,192.45,110.6,NSE_FO|46984,52413,20595,,821,1603018,3794,False,13.5,-12.05,-47.1624,7.89,True,13.45,585,13.5,2015,,,13.475,0.05,0.0037,0.0,13.5,23.1813,-20509
2.1.0,20260828_152603_000,2026-08-28T15:26:03+05:30,2026-08-28T15:26:03+05:30,Asia/Kolkata,UPSTOX,NIFTY,2026-09-01,65,a237ea551029517b,0.0,False,24142.45,24142.45,24122.6,24188.3,24076.85,24090.85,10.66,24150,24150,24000,-142.45,BELOW_SPOT,,61.0,61.0,NSE_FO|46985,27240,1183,,-498,736529,1194,False,259.0,31.25,13.7212,15.86,True,258.8,195,259.5,195,,,259.15,0.7,0.0027,142.45,116.55,NSE_FO|46986,181168,71850,,828,4287577,9136,False,19.05,-16.05,-45.7265,7.48,True,18.9,25220,19.0,10465,,,18.95,0.1,0.0053,0.0,19.05,6.6508,-70667
2.1.0,20260828_152603_000,2026-08-28T15:26:03+05:30,2026-08-28T15:26:03+05:30,Asia/Kolkata,UPSTOX,NIFTY,2026-09-01,65,a237ea551029517b,0.0,False,24142.45,24142.45,24122.6,24188.3,24076.85,24090.85,10.66,24150,24150,24050,-92.45,BELOW_SPOT,,61.0,61.0,NSE_FO|46987,13146,2723,,-329,672408,1012,False,215.7,24.4,12.7548,14.8,True,216.35,585,216.65,910,,,216.5,0.3,0.0014,92.45,123.25,NSE_FO|46988,81458,44512,,-713,3168608,7179,False,26.05,-20.6,-44.1586,6.97,True,26.0,65,26.1,3965,,,26.05,0.1,0.0038,0.0,26.05,6.1964,-41789
2.1.0,20260828_152603_000,2026-08-28T15:26:03+05:30,2026-08-28T15:26:03+05:30,Asia/Kolkata,UPSTOX,NIFTY,2026-09-01,65,a237ea551029517b,0.0,False,24142.45,24142.45,24122.6,24188.3,24076.85,24090.85,10.66,24150,24150,24100,-42.45,BELOW_SPOT,,61.0,61.0,NSE_FO|46989,91445,44960,,-1423,3478728,5592,False,176.25,21.0,13.5266,13.76,True,175.95,130,176.25,195,,,176.1,0.3,0.0017,42.45,133.8,NSE_FO|46990,210012,125829,,-1526,7395931,11652,False,36.2,-25.95,-41.7538,6.45,True,36.15,260,36.2,325,,,36.175,0.05,0.0014,0.0,36.2,2.2966,-80869
2.1.0,20260828_152603_000,2026-08-28T15:26:03+05:30,2026-08-28T15:26:03+05:30,Asia/Kolkata,UPSTOX,NIFTY,2026-09-01,65,a237ea551029517b,0.0,False,24142.45,24142.45,24122.6,24188.3,24076.85,24090.85,10.66,24150,24150,24150,7.55,ATM,,61.0,61.0,NSE_FO|46991,91588,31351,,-1740,3864822,8762,False,139.95,13.1,10.3272,12.91,True,139.85,650,139.95,325,,,139.9,0.1,0.0007,0.0,139.95,NSE_FO|46992,123209,68959,,-825,5662174,9668,False,50.0,-28.95,-36.6688,5.84,True,49.85,1170,50.0,130,,,49.925,0.15,0.003,7.55,42.45,1.3453,-37608
2.1.0,20260828_152603_000,2026-08-28T15:26:03+05:30,2026-08-28T15:26:03+05:30,Asia/Kolkata,UPSTOX,NIFTY,2026-09-01,65,a237ea551029517b,0.0,False,24142.45,24142.45,24122.6,24188.3,24076.85,24090.85,10.66,24150,24150,24200,57.55,ABOVE_SPOT,,61.0,61.0,NSE_FO|46993,189403,35715,,-2018,5265666,15468,False,108.4,9.65,9.7722,12.21,True,108.3,585,108.6,585,,,108.45,0.3,0.0028,0.0,108.4,NSE_FO|46994,150189,49011,,503,4727825,12111,False,68.15,-34.65,-33.7062,5.06,True,67.85,455,68.05,1235,,,67.95,0.2,0.0029,57.55,10.6,0.793,-13296
2.1.0,20260828_152603_000,2026-08-28T15:26:03+05:30,2026-08-28T15:26:03+05:30,Asia/Kolkata,UPSTOX,NIFTY,2026-09-01,65,a237ea551029517b,0.0,False,24142.45,24142.45,24122.6,24188.3,24076.85,24090.85,10.66,24150,24150,24250,107.55,ABOVE_SPOT,,61.0,61.0,NSE_FO|46995,118222,29210,,-2797,2857195,11722,False,81.45,4.55,5.9168,11.6,True,81.55,65,81.7,1040,,,81.625,0.15,0.0018,0.0,81.45,NSE_FO|46996,51160,10630,,-2,1464037,3055,False,90.6,-38.25,-29.6857,3.74,True,90.65,260,90.9,65,,,90.775,0.25,0.0028,107.55,-16.95,0.4327,18580
2.1.0,20260828_152603_000,2026-08-28T15:26:03+05:30,2026-08-28T15:26:03+05:30,Asia/Kolkata,UPSTOX,NIFTY,2026-09-01,65,a237ea551029517b,0.0,False,24142.45,24142.45,24122.6,24188.3,24076.85,24090.85,10.66,24150,24150,24300,157.55,ABOVE_SPOT,,61.0,61.0,NSE_FO|46997,241804,38474,,-2139,3728228,15232,False,59.35,1.4,2.4159,11.14,True,59.2,7475,59.35,455,,,59.275,0.15,0.0025,0.0,59.35,NSE_FO|46998,64572,-11468,,-546,1530319,3404,False,118.5,-43.85,-27.0095,0.0,False,118.5,585,118.75,455,,,118.625,0.25,0.0021,157.55,-39.05,0.267,49942
2.1.0,20260828_152603_000,2026-08-28T15:26:03+05:30,2026-08-28T15:26:03+05:30,Asia/Kolkata,UPSTOX,NIFTY,2026-09-01,65,a237ea551029517b,0.0,False,24142.45,24142.45,24122.6,24188.3,24076.85,24090.85,10.66,24150,24150,24350,207.55,ABOVE_SPOT,,61.0,61.0,NSE_FO|46999,141692,18377,,-1805,1967279,9122,False,41.95,-1.6,-3.6739,10.8,True,41.95,585,42.1,1820,,,42.025,0.15,0.0036,0.0,41.95,NSE_FO|47000,23308,-2232,,-23,341219,456,False,151.25,-43.75,-22.4359,0.0,False,151.3,715,151.75,130,,,151.525,0.45,0.003,207.55,-56.3,0.1645,20609
2.1.0,20260828_152603_000,2026-08-28T15:26:03+05:30,2026-08-28T15:26:03+05:30,Asia/Kolkata,UPSTOX,NIFTY,2026-09-01,65,a237ea551029517b,0.0,False,24142.45,24142.45,24122.6,24188.3,24076.85,24090.85,10.66,24150,24150,24400,257.55,ABOVE_SPOT,,61.0,61.0,NSE_FO|47001,187860,-353,,-2438,2503269,10696,False,29.1,-2.7,-8.4906,10.54,True,28.95,1820,29.1,5135,,,29.025,0.15,0.0052,0.0,29.1,NSE_FO|47002,27783,-7020,,-75,345833,705,False,187.8,-46.85,-19.9659,0.0,False,188.05,975,188.45,130,,,188.25,0.4,0.0021,257.55,-69.75,0.1479,6667
2.1.0,20260828_152703_000,2026-08-28T15:27:03+05:30,2026-08-28T15:27:03+05:30,Asia/Kolkata,UPSTOX,NIFTY,2026-09-01,65,76ddee5efb6e4814,0.0,False,24142.45,24142.45,24122.6,24188.3,24076.85,24090.85,10.65,24150,24150,23900,-242.45,BELOW_SPOT,,60.0,60.0,NSE_FO|46981,4953,1353,,-40,95285,167,False,347.1,33.35,10.6295,18.08,True,346.7,130,347.65,195,,,347.175,0.95,0.0027,242.45,104.65,NSE_FO|46982,101927,33944,,-651,1927505,7087,False,10.7,-8.55,-44.4156,8.48,True,10.65,2080,10.7,6370,,,10.675,0.05,0.0047,0.0,10.7,20.5788,-32591
2.1.0,20260828_152703_000,2026-08-28T15:27:03+05:30,2026-08-28T15:27:03+05:30,Asia/Kolkata,UPSTOX,NIFTY,2026-09-01,65,76ddee5efb6e4814,0.0,False,24142.45,24142.45,24122.6,24188.3,24076.85,24090.85,10.65,24150,24150,23950,-192.45,BELOW_SPOT,,60.0,60.0,NSE_FO|46983,2206,31,,-55,80396,96,False,302.0,32.75,12.1634,16.85,True,300.7,130,301.75,130,,,301.225,1.05,0.0035,192.45,109.55,NSE_FO|46984,52959,21141,,546,1607778,4760,False,14.35,-11.2,-43.8356,8.03,True,14.4,5915,14.45,260,,,14.425,0.05,0.0035,0.0,14.35,24.0068,-21110
2.1.0,20260828_152703_000,2026-08-28T15:27:03+05:30,2026-08-28T15:27:03+05:30,Asia/Kolkata,UPSTOX,NIFTY,2026-09-01,65,76ddee5efb6e4814,0.0,False,24142.45,24142.45,24122.6,24188.3,24076.85,24090.85,10.65,24150,24150,24000,-142.45,BELOW_SPOT,,60.0,60.0,NSE_FO|46985,26894,837,,-346,737909,1380,False,256.45,28.7,12.6015,15.57,True,256.5,195,257.0,65,,,256.75,0.5,0.0019,142.45,114.0,NSE_FO|46986,182145,72827,,977,4306563,18986,False,20.2,-14.9,-42.4501,7.64,True,20.15,650,20.2,4160,,,20.175,0.05,0.0025,0.0,20.2,6.7727,-71990
2.1.0,20260828_152703_000,2026-08-28T15:27:03+05:30,2026-08-28T15:27:03+05:30,Asia/Kolkata,UPSTOX,NIFTY,2026-09-01,65,76ddee5efb6e4814,0.0,False,24142.45,24142.45,24122.6,24188.3,24076.85,24090.85,10.65,24150,24150,24050,-92.45,BELOW_SPOT,,60.0,60.0,NSE_FO|46987,12849,2426,,-297,673638,1230,False,214.3,23.0,12.023,14.5,True,214.3,130,214.85,325,,,214.575,0.55,0.0026,92.45,121.85,NSE_FO|46988,80968,44022,,-490,3174217,5609,False,27.25,-19.4,-41.5863,7.11,True,27.15,3055,27.3,3055,,,27.225,0.15,0.0055,0.0,27.25,6.3015,-41596
2.1.0,20260828_152703_000,2026-08-28T15:27:03+05:30,2026-08-28T15:27:03+05:30,Asia/Kolkata,UPSTOX,NIFTY,2026-09-01,65,76ddee5efb6e4814,0.0,False,24142.45,24142.45,24122.6,24188.3,24076.85,24090.85,10.65,24150,24150,24100,-42.45,BELOW_SPOT,,60.0,60.0,NSE_FO|46989,90133,43648,,-1312,3486151,7423,False,174.5,19.25,12.3994,13.51,True,174.3,390,174.5,260,,,174.4,0.2,0.0011,42.45,132.05,NSE_FO|46990,208031,123848,,-1981,7414309,18378,False,37.55,-24.6,-39.5817,6.61,True,37.45,260,37.55,1820,,,37.5,0.1,0.0027,0.0,37.55,2.308,-80200
2.1.0,20260828_152703_000,2026-08-28T15:27:03+05:30,2026-08-28T15:27:03+05:30,Asia/Kolkata,UPSTOX,NIFTY,2026-09-01,65,76ddee5efb6e4814,0.0,False,24142.45,24142.45,24122.6,24188.3,24076.85,24090.85,10.65,24150,24150,24150,7.55,ATM,,60.0,60.0,NSE_FO|46991,89084,28847,,-2504,3874096,9274,False,138.45,11.6,9.1447,12.66,True,138.1,715,138.5,1170,,,138.3,0.4,0.0029,0.0,138.45,NSE_FO|46992,121333,67083,,-1876,5674391,12217,False,51.3,-27.65,-35.0222,6.01,True,51.25,1170,51.4,910,,,51.325,0.15,0.0029,7.55,43.75,1.362,-38236
2.1.0,20260828_152703_000,2026-08-28T15:27:03+05:30,2026-08-28T15:27:03+05:30,Asia/Kolkata,UPSTOX,NIFTY,2026-09-01,65,76ddee5efb6e4814,0.0,False,24142.45,24142.45,24122.6,24188.3,24076.85,24090.85,10.65,24150,24150,24200,57.55,ABOVE_SPOT,,60.0,60.0,NSE_FO|46993,183632,29944,,-5771,5286611,20945,False,107.0,8.25,8.3544,11.96,True,106.7,780,106.95,195,,,106.825,0.25,0.0023,0.0,107.0,NSE_FO|46994,147124,45946,,-3065,4744154,16329,False,69.55,-33.25,-32.3444,5.26,True,69.6,1495,69.85,975,,,69.725,0.25,0.0036,57.55,12.0,0.8012,-16002
2.1.0,20260828_152703_000,2026-08-28T15:27:03+05:30,2026-08-28T15:27:03+05:30,Asia/Kolkata,UPSTOX,NIFTY,2026-09-01,65,76ddee5efb6e4814,0.0,False,24142.45,24142.45,24122.6,24188.3,24076.85,24090.85,10.65,24150,24150,24250,107.55,ABOVE_SPOT,,60.0,60.0,NSE_FO|46995,115226,26214,,-2996,2870366,13171,False,80.2,3.3,4.2913,11.43,True,80.25,130,80.5,455,,,80.375,0.25,0.0031,0.0,80.2,NSE_FO|46996,50874,10344,,-286,1467441,3404,False,92.65,-36.2,-28.0947,4.01,True,92.5,390,92.65,455,,,92.575,0.15,0.0016,107.55,-14.9,0.4415,15870
2.1.0,20260828_152703_000,2026-08-28T15:27:03+05:30,2026-08-28T15:27:03+05:30,Asia/Kolkata,UPSTOX,NIFTY,2026-09-01,65,76ddee5efb6e4814,0.0,False,24142.45,24142.45,24122.6,24188.3,24076.85,24090.85,10.65,24150,24150,24300,157.55,ABOVE_SPOT,,60.0,60.0,NSE_FO|46997,240356,37026,,-1448,3748351,20123,False,58.5,0.55,0.9491,10.99,True,57.85,2340,58.0,3055,,,57.925,0.15,0.0026,0.0,58.5,NSE_FO|46998,63792,-12248,,-780,1533984,3665,False,120.9,-41.45,-25.5313,0.0,False,120.8,520,121.15,325,,,120.975,0.35,0.0029,157.55,-36.65,0.2654,49274
2.1.0,20260828_152703_000,2026-08-28T15:27:03+05:30,2026-08-28T15:27:03+05:30,Asia/Kolkata,UPSTOX,NIFTY,2026-09-01,65,76ddee5efb6e4814,0.0,False,24142.45,24142.45,24122.6,24188.3,24076.85,24090.85,10.65,24150,24150,24350,207.55,ABOVE_SPOT,,60.0,60.0,NSE_FO|46999,141517,18202,,-175,1980920,13641,False,41.0,-2.55,-5.8553,10.62,True,41.0,975,41.05,65,,,41.025,0.05,0.0012,0.0,41.0,NSE_FO|47000,23015,-2525,,-293,343180,1961,False,154.4,-40.6,-20.8205,0.0,False,153.75,520,154.15,65,,,153.95,0.4,0.0026,207.55,-53.15,0.1626,20727
2.1.0,20260828_152703_000,2026-08-28T15:27:03+05:30,2026-08-28T15:27:03+05:30,Asia/Kolkata,UPSTOX,NIFTY,2026-09-01,65,76ddee5efb6e4814,0.0,False,24142.45,24142.45,24122.6,24188.3,24076.85,24090.85,10.65,24150,24150,24400,257.55,ABOVE_SPOT,,60.0,60.0,NSE_FO|47001,184359,-3854,,-3501,2516653,13384,False,28.45,-3.35,-10.5346,10.44,True,28.45,2015,28.5,455,,,28.475,0.05,0.0018,0.0,28.45,NSE_FO|47002,27615,-7188,,-168,346901,1068,False,190.5,-44.15,-18.8153,0.0,False,190.15,260,190.65,65,,,190.4,0.5,0.0026,257.55,-67.05,0.1498,3334
2.1.0,20260828_152742_562,2026-08-28T15:27:42+05:30,2026-08-28T15:27:42+05:30,Asia/Kolkata,UPSTOX,NIFTY,2026-09-01,65,79bada6aaec2a21d,0.0,False,24142.45,24142.45,24122.6,24188.3,24076.85,24090.85,10.66,24150,24150,23900,-242.45,BELOW_SPOT,,,,NSE_FO|46981,4953,1353,,0,95314,29,False,349.95,36.2,11.5378,18.37,True,348.85,130,349.8,195,,,349.325,0.95,0.0027,242.45,107.5,NSE_FO|46982,101927,33944,,0,1930869,3364,False,9.9,-9.35,-48.5714,8.38,True,9.85,14365,9.95,7735,,,9.9,0.1,0.0101,0.0,9.9,20.5788,-32591
2.1.0,20260828_152742_562,2026-08-28T15:27:42+05:30,2026-08-28T15:27:42+05:30,Asia/Kolkata,UPSTOX,NIFTY,2026-09-01,65,79bada6aaec2a21d,0.0,False,24142.45,24142.45,24122.6,24188.3,24076.85,24090.85,10.66,24150,24150,23950,-192.45,BELOW_SPOT,,,,NSE_FO|46983,2206,31,,0,80438,42,False,303.1,33.85,12.572,17.03,True,302.7,585,303.7,195,,,303.2,1.0,0.0033,192.45,110.65,NSE_FO|46984,52959,21141,,0,1609902,2124,False,13.4,-12.15,-47.5538,7.89,True,13.4,1755,13.45,1885,,,13.425,0.05,0.0037,0.0,13.4,24.0068,-21110
2.1.0,20260828_152742_562,2026-08-28T15:27:42+05:30,2026-08-28T15:27:42+05:30,Asia/Kolkata,UPSTOX,NIFTY,2026-09-01,65,79bada6aaec2a21d,0.0,False,24142.45,24142.45,24122.6,24188.3,24076.85,24090.85,10.66,24150,24150,24000,-142.45,BELOW_SPOT,,,,NSE_FO|46985,26894,837,,0,738435,526,False,259.0,31.25,13.7212,15.82,True,258.35,260,258.9,520,,,258.625,0.55,0.0021,142.45,116.55,NSE_FO|46986,182145,72827,,0,4314202,7639,False,18.8,-16.3,-46.4387,7.48,True,18.8,6695,18.9,4810,,,18.85,0.1,0.0053,0.0,18.8,6.7727,-71990
2.1.0,20260828_152742_562,2026-08-28T15:27:42+05:30,2026-08-28T15:27:42+05:30,Asia/Kolkata,UPSTOX,NIFTY,2026-09-01,65,79bada6aaec2a21d,0.0,False,24142.45,24142.45,24122.6,24188.3,24076.85,24090.85,10.66,24150,24150,24050,-92.45,BELOW_SPOT,,,,NSE_FO|46987,12849,2426,,0,674269,631,False,214.95,23.65,12.3628,14.72,True,215.4,195,216.0,715,,,215.7,0.6,0.0028,92.45,122.5,NSE_FO|46988,80968,44022,,0,3180735,6518,False,25.55,-21.1,-45.2304,6.93,True,25.6,3120,25.75,1430,,,25.675,0.15,0.0058,0.0,25.55,6.3015,-41596
2.1.0,20260828_152742_562,2026-08-28T15:27:42+05:30,2026-08-28T15:27:42+05:30,Asia/Kolkata,UPSTOX,NIFTY,2026-09-01,65,79bada6aaec2a21d,0.0,False,24142.45,24142.45,24122.6,24188.3,24076.85,24090.85,10.66,24150,24150,24100,-42.45,BELOW_SPOT,,,,NSE_FO|46989,90133,43648,,0,3488970,2819,False,175.5,20.25,13.0435,13.64,True,175.1,390,175.5,455,,,175.3,0.4,0.0023,42.45,133.05,NSE_FO|46990,208031,123848,,0,7425152,10843,False,35.75,-26.4,-42.4779,6.45,True,35.55,1235,35.7,1560,,,35.625,0.15,0.0042,0.0,35.75,2.308,-80200
2.1.0,20260828_152742_562,2026-08-28T15:27:42+05:30,2026-08-28T15:27:42+05:30,Asia/Kolkata,UPSTOX,NIFTY,2026-09-01,65,79bada6aaec2a21d,0.0,False,24142.45,24142.45,24122.6,24188.3,24076.85,24090.85,10.66,24150,24150,24150,7.55,ATM,,,,NSE_FO|46991,89084,28847,,0,3877532,3436,False,139.45,12.6,9.933,12.82,True,139.05,260,139.25,130,,,139.15,0.2,0.0014,0.0,139.45,NSE_FO|46992,121333,67083,,0,5683528,9137,False,48.7,-30.25,-38.3154,5.79,True,48.55,65,48.75,780,,,48.65,0.2,0.0041,7.55,41.15,1.362,-38236
2.1.0,20260828_152742_562,2026-08-28T15:27:42+05:30,2026-08-28T15:27:42+05:30,Asia/Kolkata,UPSTOX,NIFTY,2026-09-01,65,79bada6aaec2a21d,0.0,False,24142.45,24142.45,24122.6,24188.3,24076.85,24090.85,10.66,24150,24150,24200,57.55,ABOVE_SPOT,,,,NSE_FO|46993,183632,29944,,0,5293464,6853,False,107.3,8.55,8.6582,12.04,True,107.15,715,107.5,1755,,,107.325,0.35,0.0033,0.0,107.3,NSE_FO|46994,147124,45946,,0,4751544,7390,False,67.35,-35.45,-34.4844,5.04,True,66.85,455,67.05,715,,,66.95,0.2,0.003,57.55,9.8,0.8012,-16002
2.1.0,20260828_152742_562,2026-08-28T15:27:42+05:30,2026-08-28T15:27:42+05:30,Asia/Kolkata,UPSTOX,NIFTY,2026-09-01,65,79bada6aaec2a21d,0.0,False,24142.45,24142.45,24122.6,24188.3,24076.85,24090.85,10.66,24150,24150,24250,107.55,ABOVE_SPOT,,,,NSE_FO|46995,115226,26214,,0,2874955,4589,False,80.4,3.5,4.5514,11.5,True,80.4,195,80.6,260,,,80.5,0.2,0.0025,0.0,80.4,NSE_FO|46996,50874,10344,,0,1469436,1995,False,90.0,-38.85,-30.1513,3.65,True,89.85,130,90.05,455,,,89.95,0.2,0.0022,107.55,-17.55,0.4415,15870
2.1.0,20260828_152742_562,2026-08-28T15:27:42+05:30,2026-08-28T15:27:42+05:30,Asia/Kolkata,UPSTOX,NIFTY,2026-09-01,65,79bada6aaec2a21d,0.0,False,24142.45,24142.45,24122.6,24188.3,24076.85,24090.85,10.66,24150,24150,24300,157.55,ABOVE_SPOT,,,,NSE_FO|46997,240356,37026,,0,3754921,6570,False,58.2,0.25,0.4314,11.02,True,58.0,1625,58.15,390,,,58.075,0.15,0.0026,0.0,58.2,NSE_FO|46998,63792,-12248,,0,1536033,2049,False,117.6,-44.75,-27.5639,0.0,False,117.7,65,117.85,390,,,117.775,0.15,0.0013,157.55,-39.95,0.2654,49274
2.1.0,20260828_152742_562,2026-08-28T15:27:42+05:30,2026-08-28T15:27:42+05:30,Asia/Kolkata,UPSTOX,NIFTY,2026-09-01,65,79bada6aaec2a21d,0.0,False,24142.45,24142.45,24122.6,24188.3,24076.85,24090.85,10.66,24150,24150,24350,207.55,ABOVE_SPOT,,,,NSE_FO|46999,141517,18202,,0,1987086,6166,False,40.75,-2.8,-6.4294,10.6,True,40.65,1040,40.8,2600,,,40.725,0.15,0.0037,0.0,40.75,NSE_FO|47000,23015,-2525,,0,343410,230,False,150.3,-44.7,-22.9231,0.0,False,150.65,260,151.1,585,,,150.875,0.45,0.003,207.55,-57.25,0.1626,20727
2.1.0,20260828_152742_562,2026-08-28T15:27:42+05:30,2026-08-28T15:27:42+05:30,Asia/Kolkata,UPSTOX,NIFTY,2026-09-01,65,79bada6aaec2a21d,0.0,False,24142.45,24142.45,24122.6,24188.3,24076.85,24090.85,10.66,24150,24150,24400,257.55,ABOVE_SPOT,,,,NSE_FO|47001,184359,-3854,,0,2520775,4122,False,28.1,-3.7,-11.6352,10.44,True,28.0,130,28.1,1235,,,28.05,0.1,0.0036,0.0,28.1,NSE_FO|47002,27615,-7188,,0,347300,399,False,187.0,-47.65,-20.3068,0.0,False,187.15,390,187.55,130,,,187.35,0.4,0.0021,257.55,-70.55,0.1498,3334
2.1.0,20260828_152803_000,2026-08-28T15:28:03+05:30,2026-08-28T15:28:03+05:30,Asia/Kolkata,UPSTOX,NIFTY,2026-09-01,65,117d19e7de2d010a,0.0,False,24142.45,24142.45,24122.6,24188.3,24076.85,24090.85,10.57,24150,24150,23900,-242.45,BELOW_SPOT,,21.0,21.0,NSE_FO|46981,4961,1361,,8,95338,24,False,349.85,36.1,11.506,18.3,True,349.0,195,349.85,195,,,349.425,0.85,0.0024,242.45,107.4,NSE_FO|46982,102160,34177,,233,1932402,1533,False,10.0,-9.25,-48.0519,8.41,True,10.05,8515,10.15,5785,,,10.1,0.1,0.0099,0.0,10.0,20.5926,-32816
2.1.0,20260828_152803_000,2026-08-28T15:28:03+05:30,2026-08-28T15:28:03+05:30,Asia/Kolkata,UPSTOX,NIFTY,2026-09-01,65,117d19e7de2d010a,0.0,False,24142.45,24142.45,24122.6,24188.3,24076.85,24090.85,10.57,24150,24150,23950,-192.45,BELOW_SPOT,,21.0,21.0,NSE_FO|46983,2183,8,,-23,80459,21,False,303.15,33.9,12.5905,17.06,True,303.2,195,304.2,520,,,303.7,1.0,0.0033,192.45,110.7,NSE_FO|46984,52497,20679,,-462,1611113,1211,False,13.6,-11.95,-46.771,7.92,True,13.65,650,13.7,2275,,,13.675,0.05,0.0037,0.0,13.6,24.0481,-20671
2.1.0,20260828_152803_000,2026-08-28T15:28:03+05:30,2026-08-28T15:28:03+05:30,Asia/Kolkata,UPSTOX,NIFTY,2026-09-01,65,117d19e7de2d010a,0.0,False,24142.45,24142.45,24122.6,24188.3,24076.85,24090.85,10.57,24150,24150,24000,-142.45,BELOW_SPOT,,21.0,21.0,NSE_FO|46985,26654,597,,-240,738633,198,False,258.2,30.45,13.3699,15.82,True,258.2,325,258.85,130,,,258.525,0.65,0.0025,142.45,115.75,NSE_FO|46986,179913,70595,,-2232,4318749,4547,False,19.1,-16.0,-45.584,7.52,True,19.1,1235,19.15,1560,,,19.125,0.05,0.0026,0.0,19.1,6.7499,-69998
2.1.0,20260828_152803_000,2026-08-28T15:28:03+05:30,2026-08-28T15:28:03+05:30,Asia/Kolkata,UPSTOX,NIFTY,2026-09-01,65,117d19e7de2d010a,0.0,False,24142.45,24142.45,24122.6,24188.3,24076.85,24090.85,10.57,24150,24150,24050,-92.45,BELOW_SPOT,,21.0,21.0,NSE_FO|46987,12630,2207,,-219,674507,238,False,215.75,24.45,12.781,14.69,True,215.5,260,216.1,130,,,215.8,0.6,0.0028,92.45,123.3,NSE_FO|46988,80185,43239,,-783,3182801,2066,False,26.05,-20.6,-44.1586,6.99,True,26.0,1170,26.05,195,,,26.025,0.05,0.0019,0.0,26.05,6.3488,-41032
2.1.0,20260828_152803_000,2026-08-28T15:28:03+05:30,2026-08-28T15:28:03+05:30,Asia/Kolkata,UPSTOX,NIFTY,2026-09-01,65,117d19e7de2d010a,0.0,False,24142.45,24142.45,24122.6,24188.3,24076.85,24090.85,10.57,24150,24150,24100,-42.45,BELOW_SPOT,,21.0,21.0,NSE_FO|46989,89422,42937,,-711,3490026,1056,False,175.3,20.05,12.9147,13.67,True,175.3,130,175.7,130,,,175.5,0.4,0.0023,42.45,132.85,NSE_FO|46990,205013,120830,,-3018,7429541,4389,False,36.05,-26.1,-41.9952,6.46,True,36.0,1625,36.15,1625,,,36.075,0.15,0.0042,0.0,36.05,2.2926,-77893
2.1.0,20260828_152803_000,2026-08-28T15:28:03+05:30,2026-08-28T15:28:03+05:30,Asia/Kolkata,UPSTOX,NIFTY,2026-09-01,65,117d19e7de2d010a,0.0,False,24142.45,24142.45,24122.6,24188.3,24076.85,24090.85,10.57,24150,24150,24150,7.55,ATM,,21.0,21.0,NSE_FO|46991,88704,28467,,-380,3879063,1531,False,139.05,12.2,9.6177,12.77,True,139.05,520,139.1,585,,,139.075,0.05,0.0004,0.0,139.05,NSE_FO|46992,118989,64739,,-2344,5688423,4895,False,49.2,-29.75,-37.6821,5.81,True,49.25,455,49.4,650,,,49.325,0.15,0.003,7.55,41.65,1.3414,-36272
2.1.0,20260828_152803_000,2026-08-28T15:28:03+05:30,2026-08-28T15:28:03+05:30,Asia/Kolkata,UPSTOX,NIFTY,2026-09-01,65,117d19e7de2d010a,0.0,False,24142.45,24142.45,24122.6,24188.3,24076.85,24090.85,10.57,24150,24150,24200,57.55,ABOVE_SPOT,,21.0,21.0,NSE_FO|46993,182316,28628,,-1316,5298782,5318,False,107.35,8.6,8.7089,12.08,True,107.2,1885,107.5,4810,,,107.35,0.3,0.0028,0.0,107.35,NSE_FO|46994,144943,43765,,-2181,4757483,5939,False,67.25,-35.55,-34.5817,5.05,True,67.35,910,67.55,455,,,67.45,0.2,0.003,57.55,9.7,0.795,-15137
2.1.0,20260828_152803_000,2026-08-28T15:28:03+05:30,2026-08-28T15:28:03+05:30,Asia/Kolkata,UPSTOX,NIFTY,2026-09-01,65,117d19e7de2d010a,0.0,False,24142.45,24142.45,24122.6,24188.3,24076.85,24090.85,10.57,24150,24150,24250,107.55,ABOVE_SPOT,,21.0,21.0,NSE_FO|46995,114691,25679,,-535,2877639,2684,False,80.5,3.6,4.6814,11.51,True,80.35,715,80.4,65,,,80.375,0.05,0.0006,0.0,80.5,NSE_FO|46996,50511,9981,,-363,1470836,1400,False,90.05,-38.8,-30.1125,3.66,True,90.15,455,90.45,260,,,90.3,0.3,0.0033,107.55,-17.5,0.4404,15698
2.1.0,20260828_152803_000,2026-08-28T15:28:03+05:30,2026-08-28T15:28:03+05:30,Asia/Kolkata,UPSTOX,NIFTY,2026-09-01,65,117d19e7de2d010a,0.0,False,24142.45,24142.45,24122.6,24188.3,24076.85,24090.85,10.57,24150,24150,24300,157.55,ABOVE_SPOT,,21.0,21.0,NSE_FO|46997,239716,36386,,-640,3759427,4506,False,58.35,0.4,0.6903,11.02,True,58.2,1820,58.35,585,,,58.275,0.15,0.0026,0.0,58.35,NSE_FO|46998,63367,-12673,,-425,1537071,1038,False,117.85,-44.5,-27.4099,0.0,False,117.85,455,117.9,325,,,117.875,0.05,0.0004,157.55,-39.7,0.2643,49059
2.1.0,20260828_152803_000,2026-08-28T15:28:03+05:30,2026-08-28T15:28:03+05:30,Asia/Kolkata,UPSTOX,NIFTY,2026-09-01,65,117d19e7de2d010a,0.0,False,24142.45,24142.45,24122.6,24188.3,24076.85,24090.85,10.57,24150,24150,24350,207.55,ABOVE_SPOT,,21.0,21.0,NSE_FO|46999,141481,18166,,-36,1989095,2009,False,40.8,-2.75,-6.3146,10.65,True,40.8,1105,40.95,2795,,,40.875,0.15,0.0037,0.0,40.8,NSE_FO|47000,22948,-2592,,-67,343594,184,False,151.3,-43.7,-22.4103,0.0,False,151.0,65,151.35,325,,,151.175,0.35,0.0023,207.55,-56.25,0.1622,20758
2.1.0,20260828_152803_000,2026-08-28T15:28:03+05:30,2026-08-28T15:28:03+05:30,Asia/Kolkata,UPSTOX,NIFTY,2026-09-01,65,117d19e7de2d010a,0.0,False,24142.45,24142.45,24122.6,24188.3,24076.85,24090.85,10.57,24150,24150,24400,257.55,ABOVE_SPOT,,21.0,21.0,NSE_FO|47001,183762,-4451,,-597,2522788,2013,False,28.1,-3.7,-11.6352,10.42,True,28.1,975,28.15,585,,,28.125,0.05,0.0018,0.0,28.1,NSE_FO|47002,27653,-7150,,38,347422,122,False,187.15,-47.5,-20.2429,0.0,False,187.7,65,187.9,195,,,187.8,0.2,0.0011,257.55,-70.4,0.1505,2699
2.1.0,20260828_152903_001,2026-08-28T15:29:03+05:30,2026-08-28T15:29:03+05:30,Asia/Kolkata,UPSTOX,NIFTY,2026-09-01,65,d783dcb1f5e360f7,0.0,False,24142.45,24142.45,24122.6,24188.3,24076.85,24090.85,10.58,24150,24150,23900,-242.45,BELOW_SPOT,,60.0,60.0,NSE_FO|46981,5043,1443,,82,95715,377,False,349.1,35.35,11.2669,18.34,True,348.05,130,349.1,130,,,348.575,1.05,0.003,242.45,106.65,NSE_FO|46982,103561,35578,,1401,1940456,8054,False,10.1,-9.15,-47.5325,8.33,True,9.95,10270,10.05,6370,,,10.0,0.1,0.01,0.0,10.1,20.5356,-34135
2.1.0,20260828_152903_001,2026-08-28T15:29:03+05:30,2026-08-28T15:29:03+05:30,Asia/Kolkata,UPSTOX,NIFTY,2026-09-01,65,d783dcb1f5e360f7,0.0,False,24142.45,24142.45,24122.6,24188.3,24076.85,24090.85,10.58,24150,24150,23950,-192.45,BELOW_SPOT,,60.0,60.0,NSE_FO|46983,2193,18,,10,80577,118,False,303.75,34.5,12.8134,17.09,True,302.0,130,303.0,845,,,302.5,1.0,0.0033,192.45,111.3,NSE_FO|46984,52405,20587,,-92,1615167,4054,False,13.55,-12.0,-46.9667,7.89,True,13.55,4550,13.6,260,,,13.575,0.05,0.0037,0.0,13.55,23.8965,-20569
2.1.0,20260828_152903_001,2026-08-28T15:29:03+05:30,2026-08-28T15:29:03+05:30,Asia/Kolkata,UPSTOX,NIFTY,2026-09-01,65,d783dcb1f5e360f7,0.0,False,24142.45,24142.45,24122.6,24188.3,24076.85,24090.85,10.58,24150,24150,24000,-142.45,BELOW_SPOT,,60.0,60.0,NSE_FO|46985,25937,-120,,-717,740463,1830,False,258.5,30.75,13.5016,15.84,True,258.3,455,258.95,195,,,258.625,0.65,0.0025,142.45,116.05,NSE_FO|46986,179437,70119,,-476,4333692,14943,False,19.05,-16.05,-45.7265,7.47,True,19.05,65,19.1,6565,,,19.075,0.05,0.0026,0.0,19.05,6.9182,-70239
2.1.0,20260828_152903_001,2026-08-28T15:29:03+05:30,2026-08-28T15:29:03+05:30,Asia/Kolkata,UPSTOX,NIFTY,2026-09-01,65,d783dcb1f5e360f7,0.0,False,24142.45,24142.45,24122.6,24188.3,24076.85,24090.85,10.58,24150,24150,24050,-92.45,BELOW_SPOT,,60.0,60.0,NSE_FO|46987,12355,1932,,-275,675713,1206,False,215.1,23.8,12.4412,14.73,True,214.6,195,215.25,130,,,214.925,0.65,0.003,92.45,122.65,NSE_FO|46988,77926,40980,,-2259,3192383,9582,False,26.0,-20.65,-44.2658,6.93,True,25.95,325,26.0,9750,,,25.975,0.05,0.0019,0.0,26.0,6.3072,-39048
2.1.0,20260828_152903_001,2026-08-28T15:29:03+05:30,2026-08-28T15:29:03+05:30,Asia/Kolkata,UPSTOX,NIFTY,2026-09-01,65,d783dcb1f5e360f7,0.0,False,24142.45,24142.45,24122.6,24188.3,24076.85,24090.85,10.58,24150,24150,24100,-42.45,BELOW_SPOT,,60.0,60.0,NSE_FO|46989,88502,42017,,-920,3496676,6650,False,175.0,19.75,12.7214,13.58,True,174.85,260,175.35,195,,,175.1,0.5,0.0029,42.45,132.55,NSE_FO|46990,200686,116503,,-4327,7451227,21686,False,35.95,-26.2,-42.1561,6.41,True,35.7,975,35.85,5980,,,35.775,0.15,0.0042,0.0,35.95,2.2676,-74486
2.1.0,20260828_152903_001,2026-08-28T15:29:03+05:30,2026-08-28T15:29:03+05:30,Asia/Kolkata,UPSTOX,NIFTY,2026-09-01,65,d783dcb1f5e360f7,0.0,False,24142.45,24142.45,24122.6,24188.3,24076.85,24090.85,10.58,24150,24150,24150,7.55,ATM,,60.0,60.0,NSE_FO|46991,86688,26451,,-2016,3890021,10958,False,139.4,12.55,9.8936,12.76,True,138.15,585,138.6,1170,,,138.375,0.45,0.0033,0.0,139.4,NSE_FO|46992,117214,62964,,-1775,5704705,16282,False,49.3,-29.65,-37.5554,5.78,True,49.3,1820,49.5,715,,,49.4,0.2,0.004,7.55,41.75,1.3521,-36513
2.1.0,20260828_152903_001,2026-08-28T15:29:03+05:30,2026-08-28T15:29:03+05:30,Asia/Kolkata,UPSTOX,NIFTY,2026-09-01,65,d783dcb1f5e360f7,0.0,False,24142.45,24142.45,24122.6,24188.3,24076.85,24090.85,10.58,24150,24150,24200,57.55,ABOVE_SPOT,,60.0,60.0,NSE_FO|46993,178012,24324,,-4304,5320982,22200,False,107.05,8.3,8.4051,12.08,True,106.7,65,107.0,1690,,,106.85,0.3,0.0028,0.0,107.05,NSE_FO|46994,142069,40891,,-2874,4777946,20463,False,67.25,-35.55,-34.5817,5.0,True,67.6,455,67.75,195,,,67.675,0.15,0.0022,57.55,9.7,0.7981,-16567
2.1.0,20260828_152903_001,2026-08-28T15:29:03+05:30,2026-08-28T15:29:03+05:30,Asia/Kolkata,UPSTOX,NIFTY,2026-09-01,65,d783dcb1f5e360f7,0.0,False,24142.45,24142.45,24122.6,24188.3,24076.85,24090.85,10.58,24150,24150,24250,107.55,ABOVE_SPOT,,60.0,60.0,NSE_FO|46995,113672,24660,,-1019,2887736,10097,False,80.7,3.8,4.9415,11.46,True,79.7,780,79.95,780,,,79.825,0.25,0.0031,0.0,80.7,NSE_FO|46996,49930,9400,,-581,1475861,5025,False,90.45,-38.4,-29.8021,3.63,True,90.5,390,90.8,585,,,90.65,0.3,0.0033,107.55,-17.1,0.4392,15260
2.1.0,20260828_152903_001,2026-08-28T15:29:03+05:30,2026-08-28T15:29:03+05:30,Asia/Kolkata,UPSTOX,NIFTY,2026-09-01,65,d783dcb1f5e360f7,0.0,False,24142.45,24142.45,24122.6,24188.3,24076.85,24090.85,10.58,24150,24150,24300,157.55,ABOVE_SPOT,,60.0,60.0,NSE_FO|46997,235810,32480,,-3906,3776865,17438,False,58.1,0.15,0.2588,10.99,True,58.0,1755,58.15,2015,,,58.075,0.15,0.0026,0.0,58.1,NSE_FO|46998,62959,-13081,,-408,1542366,5295,False,118.4,-43.95,-27.0711,0.0,False,118.45,260,118.8,715,,,118.625,0.35,0.003,157.55,-39.15,0.267,45561
2.1.0,20260828_152903_001,2026-08-28T15:29:03+05:30,2026-08-28T15:29:03+05:30,Asia/Kolkata,UPSTOX,NIFTY,2026-09-01,65,d783dcb1f5e360f7,0.0,False,24142.45,24142.45,24122.6,24188.3,24076.85,24090.85,10.58,24150,24150,24350,207.55,ABOVE_SPOT,,60.0,60.0,NSE_FO|46999,140325,17010,,-1156,1996429,7334,False,41.1,-2.45,-5.6257,10.64,True,41.0,325,41.1,130,,,41.05,0.1,0.0024,0.0,41.1,NSE_FO|47000,22671,-2869,,-277,344594,1000,False,151.75,-43.25,-22.1795,0.0,False,150.95,195,151.45,650,,,151.2,0.5,0.0033,207.55,-55.8,0.1616,19879
2.1.0,20260828_152903_001,2026-08-28T15:29:03+05:30,2026-08-28T15:29:03+05:30,Asia/Kolkata,UPSTOX,NIFTY,2026-09-01,65,d783dcb1f5e360f7,0.0,False,24142.45,24142.45,24122.6,24188.3,24076.85,24090.85,10.58,24150,24150,24400,257.55,ABOVE_SPOT,,60.0,60.0,NSE_FO|47001,183729,-4484,,-33,2531589,8801,False,28.35,-3.45,-10.8491,10.42,True,28.15,910,28.2,260,,,28.175,0.05,0.0018,0.0,28.35,NSE_FO|47002,27641,-7162,,-12,348196,774,False,188.35,-46.3,-19.7315,0.0,False,187.9,65,188.45,130,,,188.175,0.55,0.0029,257.55,-69.2,0.1504,2678
