time,spot,or_h,or_l,or_cond,day_h,day_l,loc,px,vol,pos,final,notes,adx,adx_m,dmu,conf,dte,choppy,fade_hi,fade_lo,fb_lo,fb_hi,action,strat,reason,in_trade
09:15:31,23512.45,,,,23592.85,23487.3,0.238,OBSERVING,STRONG_SELL_PREMIUM,RANGE,NO_TRADE,NO_TRADE:OR_NOT_ESTABLISHED,0.0,0,0.0,NONE,0,0,0,0,0,0,NO_TRADE,,NO_TRADE:OR_NOT_ESTABLISHED,
09:15:44,23505.9,,,,23592.85,23487.3,0.176,OBSERVING,STRONG_SELL_PREMIUM,RANGE,NO_TRADE,NO_TRADE:OR_NOT_ESTABLISHED,0.0,0,0.0,NONE,0,0,0,0,0,0,NO_TRADE,,NO_TRADE:OR_NOT_ESTABLISHED,
09:15:59,23490.75,,,,23592.85,23487.3,0.033,OBSERVING,STRONG_SELL_PREMIUM,RANGE,NO_TRADE,NO_TRADE:OR_NOT_ESTABLISHED,0.0,0,0.0,NONE,0,0,0,0,0,0,NO_TRADE,,NO_TRADE:OR_NOT_ESTABLISHED,
09:16:14,23503.55,,,,23592.85,23487.3,0.154,OBSERVING,STRONG_SELL_PREMIUM,STRONG_RANGE,NO_TRADE,NO_TRADE:OR_NOT_ESTABLISHED,0.0,0,0.0,NONE,0,0,0,0,0,0,NO_TRADE,,NO_TRADE:OR_NOT_ESTABLISHED,
09:16:29,23506.6,,,,23592.85,23487.3,0.183,OBSERVING,STRONG_SELL_PREMIUM,STRONG_RANGE,NO_TRADE,NO_TRADE:OR_NOT_ESTABLISHED,0.0,0,0.0,NONE,0,0,0,0,0,0,NO_TRADE,,NO_TRADE:OR_NOT_ESTABLISHED,
09:16:44,23511.1,,,,23592.85,23487.3,0.225,OBSERVING,STRONG_SELL_PREMIUM,STRONG_RANGE,NO_TRADE,NO_TRADE:OR_NOT_ESTABLISHED,0.0,0,0.0,NONE,0,0,0,0,0,0,NO_TRADE,,NO_TRADE:OR_NOT_ESTABLISHED,
09:16:59,23511.2,,,,23592.85,23487.3,0.226,OBSERVING,STRONG_SELL_PREMIUM,STRONG_RANGE,NO_TRADE,NO_TRADE:OR_NOT_ESTABLISHED,0.0,0,0.0,NONE,0,0,0,0,0,0,NO_TRADE,,NO_TRADE:OR_NOT_ESTABLISHED,
09:17:14,23517.0,,,,23592.85,23487.3,0.281,OBSERVING,STRONG_SELL_PREMIUM,STRONG_RANGE,NO_TRADE,NO_TRADE:OR_NOT_ESTABLISHED,0.0,0,0.0,NONE,0,0,0,0,0,0,NO_TRADE,,NO_TRADE:OR_NOT_ESTABLISHED,
09:17:30,23519.1,,,,23592.85,23487.3,0.301,OBSERVING,STRONG_SELL_PREMIUM,STRONG_RANGE,NO_TRADE,NO_TRADE:OR_NOT_ESTABLISHED,0.0,0,0.0,NONE,0,0,0,0,0,0,NO_TRADE,,NO_TRADE:OR_NOT_ESTABLISHED,
09:17:44,23522.95,,,,23592.85,23487.3,0.338,OBSERVING,STRONG_SELL_PREMIUM,STRONG_RANGE,NO_TRADE,NO_TRADE:OR_NOT_ESTABLISHED,0.0,0,0.0,NONE,0,0,0,0,0,0,NO_TRADE,,NO_TRADE:OR_NOT_ESTABLISHED,
09:17:59,23506.35,,,,23592.85,23487.3,0.180,OBSERVING,STRONG_SELL_PREMIUM,STRONG_RANGE,NO_TRADE,NO_TRADE:OR_NOT_ESTABLISHED,0.0,0,0.0,NONE,0,0,0,0,0,0,NO_TRADE,,NO_TRADE:OR_NOT_ESTABLISHED,
09:18:15,23493.8,,,,23592.85,23487.3,0.062,OBSERVING,STRONG_SELL_PREMIUM,STRONG_RANGE,NO_TRADE,NO_TRADE:OR_NOT_ESTABLISHED,0.0,0,0.0,NONE,0,0,0,0,0,0,NO_TRADE,,NO_TRADE:OR_NOT_ESTABLISHED,
09:18:30,23500.2,,,,23592.85,23487.3,0.122,OBSERVING,STRONG_SELL_PREMIUM,STRONG_RANGE,NO_TRADE,NO_TRADE:OR_NOT_ESTABLISHED,0.0,0,0.0,NONE,0,0,0,0,0,0,NO_TRADE,,NO_TRADE:OR_NOT_ESTABLISHED,
09:18:45,23498.45,,,,23592.85,23487.3,0.106,OBSERVING,STRONG_SELL_PREMIUM,STRONG_RANGE,NO_TRADE,NO_TRADE:OR_NOT_ESTABLISHED,0.0,0,0.0,NONE,0,0,0,0,0,0,NO_TRADE,,NO_TRADE:OR_NOT_ESTABLISHED,
09:19:00,23494.95,,,,23592.85,23487.3,0.072,OBSERVING,STRONG_SELL_PREMIUM,STRONG_RANGE,NO_TRADE,NO_TRADE:OR_NOT_ESTABLISHED,0.0,0,0.0,NONE,0,0,0,0,0,0,NO_TRADE,,NO_TRADE:OR_NOT_ESTABLISHED,
09:19:15,23499.1,,,,23592.85,23487.3,0.112,OBSERVING,STRONG_SELL_PREMIUM,STRONG_RANGE,NO_TRADE,NO_TRADE:OR_NOT_ESTABLISHED,0.0,0,0.0,NONE,0,0,0,0,0,0,NO_TRADE,,NO_TRADE:OR_NOT_ESTABLISHED,
09:19:30,23504.4,,,,23592.85,23487.3,0.162,OBSERVING,STRONG_SELL_PREMIUM,STRONG_RANGE,NO_TRADE,NO_TRADE:OR_NOT_ESTABLISHED,0.0,0,0.0,NONE,0,0,0,0,0,0,NO_TRADE,,NO_TRADE:OR_NOT_ESTABLISHED,
09:19:46,23497.0,,,,23592.85,23487.3,0.092,OBSERVING,STRONG_SELL_PREMIUM,STRONG_RANGE,NO_TRADE,NO_TRADE:OR_NOT_ESTABLISHED,0.0,0,0.0,NONE,0,0,0,0,0,0,NO_TRADE,,NO_TRADE:OR_NOT_ESTABLISHED,
09:20:01,23498.0,,,,23592.85,23487.3,0.101,OBSERVING,STRONG_SELL_PREMIUM,STRONG_RANGE,NO_TRADE,NO_TRADE:OR_NOT_ESTABLISHED,0.0,0,0.0,NONE,0,0,0,0,0,0,NO_TRADE,,NO_TRADE:OR_NOT_ESTABLISHED,
09:20:15,23497.0,,,,23592.85,23487.3,0.092,OBSERVING,STRONG_SELL_PREMIUM,STRONG_RANGE,NO_TRADE,NO_TRADE:OR_NOT_ESTABLISHED,0.0,0,0.0,NONE,0,0,0,0,0,0,NO_TRADE,,NO_TRADE:OR_NOT_ESTABLISHED,
09:20:30,23498.15,,,,23592.85,23487.3,0.103,OBSERVING,STRONG_SELL_PREMIUM,STRONG_RANGE,NO_TRADE,NO_TRADE:OR_NOT_ESTABLISHED,0.0,0,0.0,NONE,0,0,0,0,0,0,NO_TRADE,,NO_TRADE:OR_NOT_ESTABLISHED,
09:20:45,23496.0,,,,23592.85,23487.3,0.082,OBSERVING,STRONG_SELL_PREMIUM,STRONG_RANGE,NO_TRADE,NO_TRADE:OR_NOT_ESTABLISHED,0.0,0,0.0,NONE,0,0,0,0,0,0,NO_TRADE,,NO_TRADE:OR_NOT_ESTABLISHED,
09:21:00,23495.95,,,,23592.85,23487.3,0.082,OBSERVING,STRONG_SELL_PREMIUM,STRONG_RANGE,NO_TRADE,NO_TRADE:OR_NOT_ESTABLISHED,0.0,0,0.0,NONE,0,0,0,0,0,0,NO_TRADE,,NO_TRADE:OR_NOT_ESTABLISHED,
09:21:15,23496.4,,,,23592.85,23487.3,0.086,OBSERVING,STRONG_SELL_PREMIUM,STRONG_RANGE,NO_TRADE,NO_TRADE:OR_NOT_ESTABLISHED,0.0,0,0.0,NONE,0,0,0,0,0,0,NO_TRADE,,NO_TRADE:OR_NOT_ESTABLISHED,
09:21:31,23497.65,,,,23592.85,23487.3,0.098,OBSERVING,STRONG_SELL_PREMIUM,STRONG_RANGE,NO_TRADE,NO_TRADE:OR_NOT_ESTABLISHED,0.0,0,0.0,NONE,0,0,0,0,0,0,NO_TRADE,,NO_TRADE:OR_NOT_ESTABLISHED,
09:21:45,23500.95,,,,23592.85,23487.3,0.129,OBSERVING,STRONG_SELL_PREMIUM,STRONG_RANGE,NO_TRADE,NO_TRADE:OR_NOT_ESTABLISHED,0.0,0,0.0,NONE,0,0,0,0,0,0,NO_TRADE,,NO_TRADE:OR_NOT_ESTABLISHED,
09:22:00,23500.6,,,,23592.85,23481.45,0.172,OBSERVING,STRONG_SELL_PREMIUM,STRONG_RANGE,NO_TRADE,NO_TRADE:OR_NOT_ESTABLISHED,0.0,0,0.0,NONE,0,0,0,0,0,0,NO_TRADE,,NO_TRADE:OR_NOT_ESTABLISHED,
09:22:15,23498.9,,,,23592.85,23481.45,0.157,OBSERVING,STRONG_SELL_PREMIUM,STRONG_RANGE,NO_TRADE,NO_TRADE:OR_NOT_ESTABLISHED,0.0,0,0.0,NONE,0,0,0,0,0,0,NO_TRADE,,NO_TRADE:OR_NOT_ESTABLISHED,
09:22:31,23493.3,,,,23592.85,23481.45,0.106,OBSERVING,STRONG_SELL_PREMIUM,STRONG_RANGE,NO_TRADE,NO_TRADE:OR_NOT_ESTABLISHED,0.0,0,0.0,NONE,0,0,0,0,0,0,NO_TRADE,,NO_TRADE:OR_NOT_ESTABLISHED,
09:22:46,23489.25,,,,23592.85,23481.45,0.070,OBSERVING,STRONG_SELL_PREMIUM,STRONG_RANGE,NO_TRADE,NO_TRADE:OR_NOT_ESTABLISHED,0.0,0,0.0,NONE,0,0,0,0,0,0,NO_TRADE,,NO_TRADE:OR_NOT_ESTABLISHED,
09:23:01,23480.2,,,,23592.85,23476.35,0.033,OBSERVING,STRONG_SELL_PREMIUM,STRONG_RANGE,NO_TRADE,NO_TRADE:OR_NOT_ESTABLISHED,0.0,0,0.0,NONE,0,0,0,0,0,0,NO_TRADE,,NO_TRADE:OR_NOT_ESTABLISHED,
09:23:16,23485.15,,,,23592.85,23476.35,0.076,OBSERVING,STRONG_SELL_PREMIUM,STRONG_RANGE,NO_TRADE,NO_TRADE:OR_NOT_ESTABLISHED,0.0,0,0.0,NONE,0,0,0,0,0,0,NO_TRADE,,NO_TRADE:OR_NOT_ESTABLISHED,
09:23:31,23478.0,,,,23592.85,23476.35,0.014,OBSERVING,STRONG_SELL_PREMIUM,STRONG_RANGE,NO_TRADE,NO_TRADE:OR_NOT_ESTABLISHED,0.0,0,0.0,NONE,0,0,0,0,0,0,NO_TRADE,,NO_TRADE:OR_NOT_ESTABLISHED,
09:23:46,23483.8,,,,23592.85,23476.35,0.064,OBSERVING,STRONG_SELL_PREMIUM,STRONG_RANGE,NO_TRADE,NO_TRADE:OR_NOT_ESTABLISHED,0.0,0,0.0,NONE,0,0,0,0,0,0,NO_TRADE,,NO_TRADE:OR_NOT_ESTABLISHED,
09:24:01,23489.4,,,,23592.85,23473.15,0.136,OBSERVING,STRONG_SELL_PREMIUM,STRONG_RANGE,NO_TRADE,NO_TRADE:OR_NOT_ESTABLISHED,0.0,0,0.0,NONE,0,0,0,0,0,0,NO_TRADE,,NO_TRADE:OR_NOT_ESTABLISHED,
09:24:16,23490.35,,,,23592.85,23473.15,0.144,OBSERVING,STRONG_SELL_PREMIUM,STRONG_RANGE,NO_TRADE,NO_TRADE:OR_NOT_ESTABLISHED,0.0,0,0.0,NONE,0,0,0,0,0,0,NO_TRADE,,NO_TRADE:OR_NOT_ESTABLISHED,
09:24:31,23486.1,,,,23592.85,23473.15,0.108,OBSERVING,STRONG_SELL_PREMIUM,STRONG_RANGE,NO_TRADE,NO_TRADE:OR_NOT_ESTABLISHED,0.0,0,0.0,NONE,0,0,0,0,0,0,NO_TRADE,,NO_TRADE:OR_NOT_ESTABLISHED,
09:24:46,23479.55,,,,23592.85,23473.15,0.053,OBSERVING,STRONG_SELL_PREMIUM,STRONG_RANGE,NO_TRADE,NO_TRADE:OR_NOT_ESTABLISHED,0.0,0,0.0,NONE,0,0,0,0,0,0,NO_TRADE,,NO_TRADE:OR_NOT_ESTABLISHED,
09:25:01,23474.05,,,,23592.85,23462.7,0.087,OBSERVING,STRONG_SELL_PREMIUM,STRONG_RANGE,NO_TRADE,NO_TRADE:OR_NOT_ESTABLISHED,0.0,0,0.0,NONE,0,0,0,0,0,0,NO_TRADE,,NO_TRADE:OR_NOT_ESTABLISHED,
09:25:16,23468.95,,,,23592.85,23462.7,0.048,OBSERVING,STRONG_SELL_PREMIUM,STRONG_RANGE,NO_TRADE,NO_TRADE:OR_NOT_ESTABLISHED,0.0,0,0.0,NONE,0,0,0,0,0,0,NO_TRADE,,NO_TRADE:OR_NOT_ESTABLISHED,
09:25:31,23465.3,,,,23592.85,23462.7,0.020,OBSERVING,STRONG_SELL_PREMIUM,STRONG_RANGE,NO_TRADE,NO_TRADE:OR_NOT_ESTABLISHED,0.0,0,0.0,NONE,0,0,0,0,0,0,NO_TRADE,,NO_TRADE:OR_NOT_ESTABLISHED,
09:25:46,23466.9,,,,23592.85,23462.7,0.032,OBSERVING,STRONG_SELL_PREMIUM,STRONG_RANGE,NO_TRADE,NO_TRADE:OR_NOT_ESTABLISHED,0.0,0,0.0,NONE,0,0,0,0,0,0,NO_TRADE,,NO_TRADE:OR_NOT_ESTABLISHED,
09:26:01,23466.05,,,,23592.85,23457.05,0.066,OBSERVING,STRONG_SELL_PREMIUM,STRONG_RANGE,NO_TRADE,NO_TRADE:OR_NOT_ESTABLISHED,0.0,0,0.0,NONE,0,0,0,0,0,0,NO_TRADE,,NO_TRADE:OR_NOT_ESTABLISHED,
09:26:16,23459.35,,,,23592.85,23457.05,0.017,OBSERVING,STRONG_SELL_PREMIUM,STRONG_RANGE,NO_TRADE,NO_TRADE:OR_NOT_ESTABLISHED,0.0,0,0.0,NONE,0,0,0,0,0,0,NO_TRADE,,NO_TRADE:OR_NOT_ESTABLISHED,
09:26:31,23463.05,,,,23592.85,23457.05,0.044,OBSERVING,STRONG_SELL_PREMIUM,STRONG_RANGE,NO_TRADE,NO_TRADE:OR_NOT_ESTABLISHED,0.0,0,0.0,NONE,0,0,0,0,0,0,NO_TRADE,,NO_TRADE:OR_NOT_ESTABLISHED,
09:26:46,23467.5,,,,23592.85,23457.05,0.077,OBSERVING,STRONG_SELL_PREMIUM,STRONG_RANGE,NO_TRADE,NO_TRADE:OR_NOT_ESTABLISHED,0.0,0,0.0,NONE,0,0,0,0,0,0,NO_TRADE,,NO_TRADE:OR_NOT_ESTABLISHED,
09:27:01,23460.0,,,,23592.85,23457.05,0.022,OBSERVING,STRONG_SELL_PREMIUM,STRONG_RANGE,NO_TRADE,NO_TRADE:OR_NOT_ESTABLISHED,0.0,0,0.0,NONE,0,0,0,0,0,0,NO_TRADE,,NO_TRADE:OR_NOT_ESTABLISHED,
09:27:16,23460.0,,,,23592.85,23457.05,0.022,OBSERVING,STRONG_SELL_PREMIUM,STRONG_RANGE,NO_TRADE,NO_TRADE:OR_NOT_ESTABLISHED,0.0,0,0.0,NONE,0,0,0,0,0,0,NO_TRADE,,NO_TRADE:OR_NOT_ESTABLISHED,
09:27:31,23464.4,,,,23592.85,23457.05,0.054,OBSERVING,STRONG_SELL_PREMIUM,STRONG_RANGE,NO_TRADE,NO_TRADE:OR_NOT_ESTABLISHED,0.0,0,0.0,NONE,0,0,0,0,0,0,NO_TRADE,,NO_TRADE:OR_NOT_ESTABLISHED,
09:27:46,23464.6,,,,23592.85,23457.05,0.056,OBSERVING,STRONG_SELL_PREMIUM,STRONG_RANGE,NO_TRADE,NO_TRADE:OR_NOT_ESTABLISHED,0.0,0,0.0,NONE,0,0,0,0,0,0,NO_TRADE,,NO_TRADE:OR_NOT_ESTABLISHED,
09:28:01,23460.1,,,,23592.85,23453.65,0.046,OBSERVING,STRONG_SELL_PREMIUM,STRONG_RANGE,NO_TRADE,NO_TRADE:OR_NOT_ESTABLISHED,0.0,0,0.0,NONE,0,0,0,0,0,0,NO_TRADE,,NO_TRADE:OR_NOT_ESTABLISHED,
09:28:16,23460.1,,,,23592.85,23453.65,0.046,OBSERVING,STRONG_SELL_PREMIUM,STRONG_RANGE,NO_TRADE,NO_TRADE:OR_NOT_ESTABLISHED,0.0,0,0.0,NONE,0,0,0,0,0,0,NO_TRADE,,NO_TRADE:OR_NOT_ESTABLISHED,
09:28:31,23458.05,,,,23592.85,23453.65,0.032,OBSERVING,STRONG_SELL_PREMIUM,STRONG_RANGE,NO_TRADE,NO_TRADE:OR_NOT_ESTABLISHED,0.0,0,0.0,NONE,0,0,0,0,0,0,NO_TRADE,,NO_TRADE:OR_NOT_ESTABLISHED,
09:28:46,23460.8,,,,23592.85,23453.65,0.051,OBSERVING,STRONG_SELL_PREMIUM,STRONG_RANGE,NO_TRADE,NO_TRADE:OR_NOT_ESTABLISHED,0.0,0,0.0,NONE,0,0,0,0,0,0,NO_TRADE,,NO_TRADE:OR_NOT_ESTABLISHED,
09:29:01,23456.35,,,,23592.85,23452.05,0.031,OBSERVING,STRONG_SELL_PREMIUM,STRONG_RANGE,NO_TRADE,NO_TRADE:OR_NOT_ESTABLISHED,0.0,0,0.0,NONE,0,0,0,0,0,0,NO_TRADE,,NO_TRADE:OR_NOT_ESTABLISHED,
09:29:16,23453.1,,,,23592.85,23452.05,0.007,OBSERVING,STRONG_SELL_PREMIUM,STRONG_RANGE,NO_TRADE,NO_TRADE:OR_NOT_ESTABLISHED,0.0,0,0.0,NONE,0,0,0,0,0,0,NO_TRADE,,NO_TRADE:OR_NOT_ESTABLISHED,
09:29:31,23454.55,,,,23592.85,23452.05,0.018,OBSERVING,STRONG_SELL_PREMIUM,STRONG_RANGE,NO_TRADE,NO_TRADE:OR_NOT_ESTABLISHED,0.0,0,0.0,NONE,0,0,0,0,0,0,NO_TRADE,,NO_TRADE:OR_NOT_ESTABLISHED,
09:29:46,23456.35,,,,23592.85,23452.05,0.031,OBSERVING,STRONG_SELL_PREMIUM,STRONG_RANGE,NO_TRADE,NO_TRADE:OR_NOT_ESTABLISHED,0.0,0,0.0,NONE,0,0,0,0,0,0,NO_TRADE,,NO_TRADE:OR_NOT_ESTABLISHED,
09:30:02,23462.35,,,,23592.85,23452.05,0.073,OBSERVING,NEUTRAL,STRONG_RANGE,NO_TRADE,NO_TRADE:OR_NOT_ESTABLISHED,0.0,0,258.98,NONE,0,0,0,0,0,0,NO_TRADE,,NO_TRADE:OR_NOT_ESTABLISHED,
09:30:17,23456.9,,,,23592.85,23452.05,0.034,OBSERVING,NEUTRAL,STRONG_RANGE,NO_TRADE,NO_TRADE:OR_NOT_ESTABLISHED,0.0,0,258.98,NONE,0,0,0,0,0,0,NO_TRADE,,NO_TRADE:OR_NOT_ESTABLISHED,
09:30:32,23462.65,,,,23592.85,23452.05,0.075,OBSERVING,NEUTRAL,STRONG_RANGE,NO_TRADE,NO_TRADE:OR_NOT_ESTABLISHED,0.0,0,258.98,NONE,0,0,0,0,0,0,NO_TRADE,,NO_TRADE:OR_NOT_ESTABLISHED,
09:30:47,23463.45,,,,23592.85,23452.05,0.081,OBSERVING,NEUTRAL,STRONG_RANGE,NO_TRADE,NO_TRADE:OR_NOT_ESTABLISHED,0.0,0,258.98,NONE,0,0,0,0,0,0,NO_TRADE,,NO_TRADE:OR_NOT_ESTABLISHED,
09:31:02,23463.1,,,,23592.85,23451.9,0.079,OBSERVING,NEUTRAL,STRONG_RANGE,NO_TRADE,NO_TRADE:OR_NOT_ESTABLISHED,0.0,0,259.26,NONE,0,0,0,0,0,0,NO_TRADE,,NO_TRADE:OR_NOT_ESTABLISHED,
09:31:17,23461.4,,,,23592.85,23451.9,0.067,OBSERVING,NEUTRAL,STRONG_RANGE,NO_TRADE,NO_TRADE:OR_NOT_ESTABLISHED,0.0,0,259.26,NONE,0,0,0,0,0,0,NO_TRADE,,NO_TRADE:OR_NOT_ESTABLISHED,
09:31:32,23459.85,,,,23592.85,23451.9,0.056,OBSERVING,NEUTRAL,STRONG_RANGE,NO_TRADE,NO_TRADE:OR_NOT_ESTABLISHED,0.0,0,259.26,NONE,0,0,0,0,0,0,NO_TRADE,,NO_TRADE:OR_NOT_ESTABLISHED,
09:31:47,23456.35,,,,23592.85,23451.9,0.032,OBSERVING,NEUTRAL,STRONG_RANGE,NO_TRADE,NO_TRADE:OR_NOT_ESTABLISHED,0.0,0,259.26,NONE,0,0,0,0,0,0,NO_TRADE,,NO_TRADE:OR_NOT_ESTABLISHED,
09:32:02,23450.6,,,,23592.85,23446.45,0.028,OBSERVING,NEUTRAL,STRONG_RANGE,NO_TRADE,NO_TRADE:OR_NOT_ESTABLISHED,0.0,0,269.28,NONE,0,0,0,0,0,0,NO_TRADE,,NO_TRADE:OR_NOT_ESTABLISHED,
09:32:17,23447.75,,,,23592.85,23446.45,0.009,OBSERVING,NEUTRAL,RANGE,NO_TRADE,NO_TRADE:OR_NOT_ESTABLISHED,0.0,0,269.28,NONE,0,0,0,0,0,0,NO_TRADE,,NO_TRADE:OR_NOT_ESTABLISHED,
09:32:32,23453.75,,,,23592.85,23446.45,0.050,OBSERVING,NEUTRAL,STRONG_RANGE,NO_TRADE,NO_TRADE:OR_NOT_ESTABLISHED,0.0,0,269.28,NONE,0,0,0,0,0,0,NO_TRADE,,NO_TRADE:OR_NOT_ESTABLISHED,
09:32:47,23454.75,,,,23592.85,23446.45,0.057,OBSERVING,NEUTRAL,STRONG_RANGE,NO_TRADE,NO_TRADE:OR_NOT_ESTABLISHED,0.0,0,269.28,NONE,0,0,0,0,0,0,NO_TRADE,,NO_TRADE:OR_NOT_ESTABLISHED,
09:33:02,23456.55,,,,23592.85,23446.45,0.069,OBSERVING,NEUTRAL,STRONG_RANGE,NO_TRADE,NO_TRADE:OR_NOT_ESTABLISHED,0.0,0,269.28,NONE,0,0,0,0,0,0,NO_TRADE,,NO_TRADE:OR_NOT_ESTABLISHED,
09:33:18,23450.75,,,,23592.85,23446.45,0.029,OBSERVING,NEUTRAL,STRONG_RANGE,NO_TRADE,NO_TRADE:OR_NOT_ESTABLISHED,0.0,0,269.28,NONE,0,0,0,0,0,0,NO_TRADE,,NO_TRADE:OR_NOT_ESTABLISHED,
09:33:33,23448.8,,,,23592.85,23446.45,0.016,OBSERVING,NEUTRAL,RANGE,NO_TRADE,NO_TRADE:OR_NOT_ESTABLISHED,0.0,0,269.28,NONE,0,0,0,0,0,0,NO_TRADE,,NO_TRADE:OR_NOT_ESTABLISHED,
09:33:48,23452.3,,,,23592.85,23446.45,0.040,OBSERVING,NEUTRAL,STRONG_RANGE,NO_TRADE,NO_TRADE:OR_NOT_ESTABLISHED,0.0,0,269.28,NONE,0,0,0,0,0,0,NO_TRADE,,NO_TRADE:OR_NOT_ESTABLISHED,
09:34:03,23457.7,23592.85,23457.05,VERY_WIDE,23592.85,23446.45,0.077,RANGE,NEUTRAL,STRONG_RANGE,NO_TRADE,NO_TRADE:BEFORE_09:45,0.0,0,269.28,HIGH,0,0,0,0,0,0,NO_TRADE,,NO_TRADE:BEFORE_09:45,
09:34:18,23457.75,23592.85,23457.05,VERY_WIDE,23592.85,23446.45,0.077,RANGE,NEUTRAL,STRONG_RANGE,NO_TRADE,NO_TRADE:BEFORE_09:45,0.0,0,269.28,HIGH,0,0,0,0,0,0,NO_TRADE,,NO_TRADE:BEFORE_09:45,
09:34:33,23457.2,23592.85,23457.05,VERY_WIDE,23592.85,23446.45,0.073,RANGE,NEUTRAL,STRONG_RANGE,NO_TRADE,NO_TRADE:BEFORE_09:45,0.0,0,269.28,HIGH,0,0,0,0,0,0,NO_TRADE,,NO_TRADE:BEFORE_09:45,
09:34:48,23457.65,23592.85,23457.05,VERY_WIDE,23592.85,23446.45,0.077,RANGE,NEUTRAL,STRONG_RANGE,NO_TRADE,NO_TRADE:BEFORE_09:45,0.0,0,269.28,HIGH,0,0,0,0,0,0,NO_TRADE,,NO_TRADE:BEFORE_09:45,
09:35:03,23457.85,23592.85,23457.05,VERY_WIDE,23592.85,23446.45,0.078,RANGE,NEUTRAL,STRONG_RANGE,NO_TRADE,NO_TRADE:BEFORE_09:45,0.0,0,269.28,HIGH,0,0,0,0,0,0,NO_TRADE,,NO_TRADE:BEFORE_09:45,
09:35:18,23462.9,23592.85,23457.05,VERY_WIDE,23592.85,23446.45,0.112,RANGE,NEUTRAL,STRONG_RANGE,NO_TRADE,NO_TRADE:BEFORE_09:45,0.0,0,269.28,HIGH,0,0,0,0,0,0,NO_TRADE,,NO_TRADE:BEFORE_09:45,
09:35:33,23461.7,23592.85,23457.05,VERY_WIDE,23592.85,23446.45,0.104,RANGE,NEUTRAL,STRONG_RANGE,NO_TRADE,NO_TRADE:BEFORE_09:45,0.0,0,269.28,HIGH,0,0,0,0,0,0,NO_TRADE,,NO_TRADE:BEFORE_09:45,
09:35:48,23454.9,23592.85,23457.05,VERY_WIDE,23592.85,23446.45,0.058,RANGE,NEUTRAL,STRONG_RANGE,NO_TRADE,NO_TRADE:BEFORE_09:45,0.0,0,269.28,HIGH,0,0,0,0,0,0,NO_TRADE,,NO_TRADE:BEFORE_09:45,
09:36:03,23452.35,23592.85,23457.05,VERY_WIDE,23592.85,23441.85,0.070,RANGE,NEUTRAL,STRONG_RANGE,NO_TRADE,NO_TRADE:BEFORE_09:45,0.0,0,277.74,HIGH,0,0,0,0,0,0,NO_TRADE,,NO_TRADE:BEFORE_09:45,
09:36:18,23446.45,23592.85,23457.05,VERY_WIDE,23592.85,23441.85,0.030,RANGE,NEUTRAL,RANGE,NO_TRADE,NO_TRADE:BEFORE_09:45,0.0,0,277.74,HIGH,0,0,0,0,0,0,NO_TRADE,,NO_TRADE:BEFORE_09:45,
09:36:33,23446.95,23592.85,23457.05,VERY_WIDE,23592.85,23441.85,0.034,RANGE,NEUTRAL,RANGE,NO_TRADE,NO_TRADE:BEFORE_09:45,0.0,0,277.74,HIGH,0,0,0,0,0,0,NO_TRADE,,NO_TRADE:BEFORE_09:45,
09:36:48,23448.5,23592.85,23457.05,VERY_WIDE,23592.85,23441.85,0.044,RANGE,NEUTRAL,RANGE,NO_TRADE,NO_TRADE:BEFORE_09:45,0.0,0,277.74,HIGH,0,0,0,0,0,0,NO_TRADE,,NO_TRADE:BEFORE_09:45,
09:37:03,23443.2,23592.85,23457.05,VERY_WIDE,23592.85,23439.05,0.027,RANGE,NEUTRAL,RANGE,NO_TRADE,NO_TRADE:BEFORE_09:45,0.0,0,282.9,HIGH,0,0,0,0,0,0,NO_TRADE,,NO_TRADE:BEFORE_09:45,
09:37:18,23445.05,23592.85,23457.05,VERY_WIDE,23592.85,23439.05,0.039,RANGE,NEUTRAL,RANGE,NO_TRADE,NO_TRADE:BEFORE_09:45,0.0,0,282.9,HIGH,0,0,0,0,0,0,NO_TRADE,,NO_TRADE:BEFORE_09:45,
09:37:33,23443.15,23592.85,23457.05,VERY_WIDE,23592.85,23439.05,0.027,RANGE,NEUTRAL,RANGE,NO_TRADE,NO_TRADE:BEFORE_09:45,0.0,0,282.5,HIGH,0,0,0,0,0,0,NO_TRADE,,NO_TRADE:BEFORE_09:45,
09:37:48,23442.5,23592.85,23457.05,VERY_WIDE,23592.85,23439.05,0.022,RANGE,NEUTRAL,RANGE,NO_TRADE,NO_TRADE:BEFORE_09:45,0.0,0,280.95,HIGH,0,0,0,0,0,0,NO_TRADE,,NO_TRADE:BEFORE_09:45,
09:38:03,23441.5,23592.85,23457.05,VERY_WIDE,23592.85,23439.05,0.016,RANGE,NEUTRAL,RANGE,NO_TRADE,NO_TRADE:BEFORE_09:45,0.0,0,279.42,HIGH,0,0,0,0,0,0,NO_TRADE,,NO_TRADE:BEFORE_09:45,
09:38:18,23446.95,23592.85,23457.05,VERY_WIDE,23592.85,23439.05,0.051,RANGE,NEUTRAL,RANGE,NO_TRADE,NO_TRADE:BEFORE_09:45,0.0,0,277.92,HIGH,0,0,0,0,0,0,NO_TRADE,,NO_TRADE:BEFORE_09:45,
09:38:33,23441.9,23592.85,23457.05,VERY_WIDE,23592.85,23439.05,0.019,RANGE,NEUTRAL,RANGE,NO_TRADE,NO_TRADE:BEFORE_09:45,0.0,0,276.44,HIGH,0,0,0,0,0,0,NO_TRADE,,NO_TRADE:BEFORE_09:45,
09:38:48,23442.15,23592.85,23457.05,VERY_WIDE,23592.85,23439.05,0.020,RANGE,NEUTRAL,RANGE,NO_TRADE,NO_TRADE:BEFORE_09:45,0.0,0,274.98,HIGH,0,0,0,0,0,0,NO_TRADE,,NO_TRADE:BEFORE_09:45,
09:39:03,23442.1,23592.85,23457.05,VERY_WIDE,23592.85,23439.05,0.020,RANGE,NEUTRAL,RANGE,NO_TRADE,NO_TRADE:BEFORE_09:45,0.0,0,273.54,HIGH,0,0,0,0,0,0,NO_TRADE,,NO_TRADE:BEFORE_09:45,
09:39:18,23445.4,23592.85,23457.05,VERY_WIDE,23592.85,23439.05,0.041,RANGE,NEUTRAL,RANGE,NO_TRADE,NO_TRADE:BEFORE_09:45,0.0,0,272.13,HIGH,0,0,0,0,0,0,NO_TRADE,,NO_TRADE:BEFORE_09:45,
09:39:33,23443.35,23592.85,23457.05,VERY_WIDE,23592.85,23439.05,0.028,RANGE,NEUTRAL,RANGE,NO_TRADE,NO_TRADE:BEFORE_09:45,0.0,0,270.74,HIGH,0,0,0,0,0,0,NO_TRADE,,NO_TRADE:BEFORE_09:45,
09:39:48,23453.25,23592.85,23457.05,VERY_WIDE,23592.85,23439.05,0.092,RANGE,NEUTRAL,STRONG_RANGE,NO_TRADE,NO_TRADE:BEFORE_09:45,0.0,0,269.38,HIGH,0,0,0,0,0,0,NO_TRADE,,NO_TRADE:BEFORE_09:45,
09:40:03,23456.45,23592.85,23457.05,VERY_WIDE,23592.85,23439.05,0.113,RANGE,NEUTRAL,STRONG_RANGE,NO_TRADE,NO_TRADE:BEFORE_09:45,0.0,0,268.02,HIGH,0,0,0,0,0,0,NO_TRADE,,NO_TRADE:BEFORE_09:45,
09:40:18,23453.3,23592.85,23457.05,VERY_WIDE,23592.85,23439.05,0.093,RANGE,NEUTRAL,STRONG_RANGE,NO_TRADE,NO_TRADE:BEFORE_09:45,0.0,0,266.7,HIGH,0,0,0,0,0,0,NO_TRADE,,NO_TRADE:BEFORE_09:45,
09:40:33,23454.9,23592.85,23457.05,VERY_WIDE,23592.85,23439.05,0.103,RANGE,NEUTRAL,STRONG_RANGE,NO_TRADE,NO_TRADE:BEFORE_09:45,0.0,0,265.39,HIGH,0,0,0,0,0,0,NO_TRADE,,NO_TRADE:BEFORE_09:45,
09:40:48,23455.05,23592.85,23457.05,VERY_WIDE,23592.85,23439.05,0.104,RANGE,NEUTRAL,STRONG_RANGE,NO_TRADE,NO_TRADE:BEFORE_09:45,0.0,0,264.1,HIGH,0,0,0,0,0,0,NO_TRADE,,NO_TRADE:BEFORE_09:45,
09:41:03,23451.2,23592.85,23457.05,VERY_WIDE,23592.85,23439.05,0.079,RANGE,NEUTRAL,STRONG_RANGE,NO_TRADE,NO_TRADE:BEFORE_09:45,0.0,0,262.83,HIGH,0,0,0,0,0,0,NO_TRADE,,NO_TRADE:BEFORE_09:45,
09:41:18,23449.9,23592.85,23457.05,VERY_WIDE,23592.85,23439.05,0.071,RANGE,NEUTRAL,RANGE,NO_TRADE,NO_TRADE:BEFORE_09:45,0.0,0,261.58,HIGH,0,0,0,0,0,0,NO_TRADE,,NO_TRADE:BEFORE_09:45,
09:41:33,23450.8,23592.85,23457.05,VERY_WIDE,23592.85,23439.05,0.076,RANGE,NEUTRAL,STRONG_RANGE,NO_TRADE,NO_TRADE:BEFORE_09:45,0.0,0,260.34,HIGH,0,0,0,0,0,0,NO_TRADE,,NO_TRADE:BEFORE_09:45,
09:41:49,23453.4,23592.85,23457.05,VERY_WIDE,23592.85,23439.05,0.093,RANGE,NEUTRAL,STRONG_RANGE,NO_TRADE,NO_TRADE:BEFORE_09:45,0.0,0,259.12,HIGH,0,0,0,0,0,0,NO_TRADE,,NO_TRADE:BEFORE_09:45,
09:42:04,23454.05,23592.85,23457.05,VERY_WIDE,23592.85,23439.05,0.098,RANGE,NEUTRAL,STRONG_RANGE,NO_TRADE,NO_TRADE:BEFORE_09:45,0.0,0,257.92,HIGH,0,0,0,0,0,0,NO_TRADE,,NO_TRADE:BEFORE_09:45,
09:42:19,23457.95,23592.85,23457.05,VERY_WIDE,23592.85,23439.05,0.123,RANGE,NEUTRAL,STRONG_RANGE,NO_TRADE,NO_TRADE:BEFORE_09:45,0.0,0,256.73,HIGH,0,0,0,0,0,0,NO_TRADE,,NO_TRADE:BEFORE_09:45,
09:42:34,23453.15,23592.85,23457.05,VERY_WIDE,23592.85,23439.05,0.092,RANGE,NEUTRAL,STRONG_RANGE,NO_TRADE,NO_TRADE:BEFORE_09:45,0.0,0,255.56,HIGH,0,0,0,0,0,0,NO_TRADE,,NO_TRADE:BEFORE_09:45,
09:42:49,23455.45,23592.85,23457.05,VERY_WIDE,23592.85,23439.05,0.107,RANGE,NEUTRAL,STRONG_RANGE,NO_TRADE,NO_TRADE:BEFORE_09:45,0.0,0,254.41,HIGH,0,0,0,0,0,0,NO_TRADE,,NO_TRADE:BEFORE_09:45,
09:43:04,23455.6,23592.85,23457.05,VERY_WIDE,23592.85,23439.05,0.108,RANGE,NEUTRAL,STRONG_RANGE,NO_TRADE,NO_TRADE:BEFORE_09:45,0.0,0,253.27,HIGH,0,0,0,0,0,0,NO_TRADE,,NO_TRADE:BEFORE_09:45,
09:43:19,23458.3,23592.85,23457.05,VERY_WIDE,23592.85,23439.05,0.125,RANGE,NEUTRAL,STRONG_RANGE,NO_TRADE,NO_TRADE:BEFORE_09:45,0.0,0,252.15,HIGH,0,0,0,0,0,0,NO_TRADE,,NO_TRADE:BEFORE_09:45,
09:43:34,23461.25,23592.85,23457.05,VERY_WIDE,23592.85,23439.05,0.144,RANGE,NEUTRAL,STRONG_RANGE,NO_TRADE,NO_TRADE:BEFORE_09:45,0.0,0,251.04,HIGH,0,0,0,0,0,0,NO_TRADE,,NO_TRADE:BEFORE_09:45,
09:43:49,23465.45,23592.85,23457.05,VERY_WIDE,23592.85,23439.05,0.172,RANGE,NEUTRAL,STRONG_RANGE,NO_TRADE,NO_TRADE:BEFORE_09:45,0.0,0,249.95,HIGH,0,0,0,0,0,0,NO_TRADE,,NO_TRADE:BEFORE_09:45,
09:44:04,23462.3,23592.85,23457.05,VERY_WIDE,23592.85,23439.05,0.151,RANGE,NEUTRAL,STRONG_RANGE,NO_TRADE,NO_TRADE:BEFORE_09:45,0.0,0,248.87,HIGH,0,0,0,0,0,0,NO_TRADE,,NO_TRADE:BEFORE_09:45,
09:44:19,23464.0,23592.85,23457.05,VERY_WIDE,23592.85,23439.05,0.162,RANGE,NEUTRAL,STRONG_RANGE,NO_TRADE,NO_TRADE:BEFORE_09:45,0.0,0,247.8,HIGH,0,0,0,0,0,0,NO_TRADE,,NO_TRADE:BEFORE_09:45,
09:44:34,23459.9,23592.85,23457.05,VERY_WIDE,23592.85,23439.05,0.136,RANGE,NEUTRAL,STRONG_RANGE,NO_TRADE,NO_TRADE:BEFORE_09:45,0.0,0,246.75,HIGH,0,0,0,0,0,0,NO_TRADE,,NO_TRADE:BEFORE_09:45,
09:44:49,23450.95,23592.85,23457.05,VERY_WIDE,23592.85,23439.05,0.077,RANGE,NEUTRAL,STRONG_RANGE,NO_TRADE,NO_TRADE:BEFORE_09:45,0.0,0,245.7,HIGH,0,0,0,0,0,0,NO_TRADE,,NO_TRADE:BEFORE_09:45,
09:45:04,23445.55,23592.85,23457.05,VERY_WIDE,23592.85,23434.35,0.071,RANGE,NEUTRAL,RANGE,NO_TRADE,RANGE_WIDE_OR_VERY_WIDE_NO_TRADE,0.0,0,252.15,HIGH,0,0,0,0,0,0,NO_TRADE,,RANGE_WIDE_OR_VERY_WIDE_NO_TRADE,
09:45:19,23440.1,23592.85,23457.05,VERY_WIDE,23592.85,23434.35,0.036,RANGE,NEUTRAL,RANGE,NO_TRADE,RANGE_WIDE_OR_VERY_WIDE_NO_TRADE,0.0,0,251.11,HIGH,0,0,0,0,0,0,NO_TRADE,,RANGE_WIDE_OR_VERY_WIDE_NO_TRADE,
09:45:34,23437.85,23592.85,23457.05,VERY_WIDE,23592.85,23434.35,0.022,RANGE,NEUTRAL,RANGE,NO_TRADE,RANGE_WIDE_OR_VERY_WIDE_NO_TRADE,0.0,0,250.08,HIGH,0,0,0,0,0,0,NO_TRADE,,RANGE_WIDE_OR_VERY_WIDE_NO_TRADE,
09:45:49,23437.9,23592.85,23457.05,VERY_WIDE,23592.85,23434.35,0.022,RANGE,NEUTRAL,RANGE,NO_TRADE,RANGE_WIDE_OR_VERY_WIDE_NO_TRADE,0.0,0,249.07,HIGH,0,0,0,0,0,0,NO_TRADE,,RANGE_WIDE_OR_VERY_WIDE_NO_TRADE,
09:46:04,23440.2,23592.85,23457.05,VERY_WIDE,23592.85,23434.35,0.037,RANGE,NEUTRAL,RANGE,NO_TRADE,RANGE_WIDE_OR_VERY_WIDE_NO_TRADE,0.0,0,248.06,HIGH,0,0,0,0,0,0,NO_TRADE,,RANGE_WIDE_OR_VERY_WIDE_NO_TRADE,
09:46:19,23443.05,23592.85,23457.05,VERY_WIDE,23592.85,23434.35,0.055,RANGE,NEUTRAL,RANGE,NO_TRADE,RANGE_WIDE_OR_VERY_WIDE_NO_TRADE,0.0,0,247.07,HIGH,0,0,0,0,0,0,NO_TRADE,,RANGE_WIDE_OR_VERY_WIDE_NO_TRADE,
09:46:34,23442.55,23592.85,23457.05,VERY_WIDE,23592.85,23434.35,0.052,RANGE,NEUTRAL,RANGE,NO_TRADE,RANGE_WIDE_OR_VERY_WIDE_NO_TRADE,0.0,0,246.09,HIGH,0,0,0,0,0,0,NO_TRADE,,RANGE_WIDE_OR_VERY_WIDE_NO_TRADE,
09:46:49,23439.8,23592.85,23457.05,VERY_WIDE,23592.85,23434.35,0.034,RANGE,NEUTRAL,RANGE,NO_TRADE,RANGE_WIDE_OR_VERY_WIDE_NO_TRADE,0.0,0,245.12,HIGH,0,0,0,0,0,0,NO_TRADE,,RANGE_WIDE_OR_VERY_WIDE_NO_TRADE,
09:47:04,23437.0,23592.85,23457.05,VERY_WIDE,23592.85,23432.75,0.027,DOWNTREND,NEUTRAL,RANGE,NO_TRADE,NO_TRADE:ADX_IMMATURE_NO_DIRECTIONAL_CREDIT,0.0,0,246.62,MEDIUM,0,0,0,0,0,0,NO_TRADE,,NO_TRADE:ADX_IMMATURE_NO_DIRECTIONAL_CREDIT,
09:47:19,23438.75,23592.85,23457.05,VERY_WIDE,23592.85,23432.75,0.037,DOWNTREND,NEUTRAL,RANGE,NO_TRADE,NO_TRADE:ADX_IMMATURE_NO_DIRECTIONAL_CREDIT,0.0,0,245.66,MEDIUM,0,0,0,0,0,0,NO_TRADE,,NO_TRADE:ADX_IMMATURE_NO_DIRECTIONAL_CREDIT,
09:47:34,23439.7,23592.85,23457.05,VERY_WIDE,23592.85,23432.75,0.043,DOWNTREND,NEUTRAL,RANGE,NO_TRADE,NO_TRADE:ADX_IMMATURE_NO_DIRECTIONAL_CREDIT,0.0,0,244.71,MEDIUM,0,0,0,0,0,0,NO_TRADE,,NO_TRADE:ADX_IMMATURE_NO_DIRECTIONAL_CREDIT,
09:47:49,23436.55,23592.85,23457.05,VERY_WIDE,23592.85,23432.75,0.024,DOWNTREND,NEUTRAL,RANGE,NO_TRADE,NO_TRADE:ADX_IMMATURE_NO_DIRECTIONAL_CREDIT,0.0,0,243.78,MEDIUM,0,0,0,0,0,0,NO_TRADE,,NO_TRADE:ADX_IMMATURE_NO_DIRECTIONAL_CREDIT,
09:48:04,23436.05,23592.85,23457.05,VERY_WIDE,23592.85,23423.1,0.076,DOWNTREND,NEUTRAL,RANGE,NO_TRADE,NO_TRADE:ADX_IMMATURE_NO_DIRECTIONAL_CREDIT,0.0,0,257.5,MEDIUM,0,0,0,0,0,0,NO_TRADE,,NO_TRADE:ADX_IMMATURE_NO_DIRECTIONAL_CREDIT,
09:48:20,23433.8,23592.85,23457.05,VERY_WIDE,23592.85,23423.1,0.063,DOWNTREND,NEUTRAL,RANGE,NO_TRADE,NO_TRADE:ADX_IMMATURE_NO_DIRECTIONAL_CREDIT,0.0,0,256.53,MEDIUM,0,0,0,0,0,0,NO_TRADE,,NO_TRADE:ADX_IMMATURE_NO_DIRECTIONAL_CREDIT,
09:48:35,23427.6,23592.85,23457.05,VERY_WIDE,23592.85,23423.1,0.027,DOWNTREND,NEUTRAL,RANGE,NO_TRADE,NO_TRADE:ADX_IMMATURE_NO_DIRECTIONAL_CREDIT,0.0,0,255.56,MEDIUM,0,0,0,0,0,0,NO_TRADE,,NO_TRADE:ADX_IMMATURE_NO_DIRECTIONAL_CREDIT,
09:48:50,23427.4,23592.85,23457.05,VERY_WIDE,23592.85,23423.1,0.025,DOWNTREND,NEUTRAL,RANGE,NO_TRADE,NO_TRADE:ADX_IMMATURE_NO_DIRECTIONAL_CREDIT,0.0,0,254.62,MEDIUM,0,0,0,0,0,0,NO_TRADE,,NO_TRADE:ADX_IMMATURE_NO_DIRECTIONAL_CREDIT,
09:49:05,23426.3,23592.85,23457.05,VERY_WIDE,23592.85,23415.4,0.061,DOWNTREND,NEUTRAL,RANGE,NO_TRADE,NO_TRADE:ADX_IMMATURE_NO_DIRECTIONAL_CREDIT,0.0,0,265.19,MEDIUM,0,0,0,0,0,0,NO_TRADE,,NO_TRADE:ADX_IMMATURE_NO_DIRECTIONAL_CREDIT,
09:49:20,23425.9,23592.85,23457.05,VERY_WIDE,23592.85,23415.4,0.059,DOWNTREND,NEUTRAL,RANGE,NO_TRADE,NO_TRADE:ADX_IMMATURE_NO_DIRECTIONAL_CREDIT,0.0,0,264.22,MEDIUM,0,0,0,0,0,0,NO_TRADE,,NO_TRADE:ADX_IMMATURE_NO_DIRECTIONAL_CREDIT,
09:49:35,23419.0,23592.85,23457.05,VERY_WIDE,23592.85,23415.4,0.020,DOWNTREND,NEUTRAL,RANGE,NO_TRADE,NO_TRADE:ADX_IMMATURE_NO_DIRECTIONAL_CREDIT,0.0,0,263.26,MEDIUM,0,0,0,0,0,0,NO_TRADE,,NO_TRADE:ADX_IMMATURE_NO_DIRECTIONAL_CREDIT,
09:49:50,23416.5,23592.85,23457.05,VERY_WIDE,23592.85,23415.4,0.006,DOWNTREND,NEUTRAL,RANGE,NO_TRADE,NO_TRADE:ADX_IMMATURE_NO_DIRECTIONAL_CREDIT,0.0,0,262.32,MEDIUM,0,0,0,0,0,0,NO_TRADE,,NO_TRADE:ADX_IMMATURE_NO_DIRECTIONAL_CREDIT,
09:50:05,23416.7,23592.85,23457.05,VERY_WIDE,23592.85,23413.8,0.016,DOWNTREND,NEUTRAL,RANGE,NO_TRADE,NO_TRADE:ADX_IMMATURE_NO_DIRECTIONAL_CREDIT,0.0,0,263.73,MEDIUM,0,0,0,0,0,0,NO_TRADE,,NO_TRADE:ADX_IMMATURE_NO_DIRECTIONAL_CREDIT,
09:50:20,23414.9,23592.85,23457.05,VERY_WIDE,23592.85,23413.8,0.006,DOWNTREND,NEUTRAL,BEARISH,NO_TRADE,NO_TRADE:ADX_IMMATURE_NO_DIRECTIONAL_CREDIT,0.0,0,262.8,MEDIUM,0,0,0,0,0,0,NO_TRADE,,NO_TRADE:ADX_IMMATURE_NO_DIRECTIONAL_CREDIT,
09:50:35,23421.9,23592.85,23457.05,VERY_WIDE,23592.85,23413.8,0.045,DOWNTREND,NEUTRAL,BEARISH,NO_TRADE,NO_TRADE:ADX_IMMATURE_NO_DIRECTIONAL_CREDIT,0.0,0,261.87,MEDIUM,0,0,0,0,0,0,NO_TRADE,,NO_TRADE:ADX_IMMATURE_NO_DIRECTIONAL_CREDIT,
09:50:50,23423.25,23592.85,23457.05,VERY_WIDE,23592.85,23413.8,0.053,DOWNTREND,NEUTRAL,BEARISH,NO_TRADE,NO_TRADE:ADX_IMMATURE_NO_DIRECTIONAL_CREDIT,0.0,0,260.96,MEDIUM,0,0,0,0,0,0,NO_TRADE,,NO_TRADE:ADX_IMMATURE_NO_DIRECTIONAL_CREDIT,
09:51:05,23423.25,23592.85,23457.05,VERY_WIDE,23592.85,23413.8,0.053,DOWNTREND,NEUTRAL,BEARISH,NO_TRADE,NO_TRADE:ADX_IMMATURE_NO_DIRECTIONAL_CREDIT,0.0,0,260.06,MEDIUM,0,0,0,0,0,0,NO_TRADE,,NO_TRADE:ADX_IMMATURE_NO_DIRECTIONAL_CREDIT,
09:51:20,23421.8,23592.85,23457.05,VERY_WIDE,23592.85,23413.8,0.045,DOWNTREND,NEUTRAL,BEARISH,NO_TRADE,NO_TRADE:ADX_IMMATURE_NO_DIRECTIONAL_CREDIT,0.0,0,259.16,MEDIUM,0,0,0,0,0,0,NO_TRADE,,NO_TRADE:ADX_IMMATURE_NO_DIRECTIONAL_CREDIT,
09:51:35,23420.7,23592.85,23457.05,VERY_WIDE,23592.85,23413.8,0.039,DOWNTREND,NEUTRAL,BEARISH,NO_TRADE,NO_TRADE:ADX_IMMATURE_NO_DIRECTIONAL_CREDIT,0.0,0,258.27,MEDIUM,0,0,0,0,0,0,NO_TRADE,,NO_TRADE:ADX_IMMATURE_NO_DIRECTIONAL_CREDIT,
09:51:50,23422.35,23592.85,23457.05,VERY_WIDE,23592.85,23413.8,0.048,DOWNTREND,NEUTRAL,BEARISH,NO_TRADE,NO_TRADE:ADX_IMMATURE_NO_DIRECTIONAL_CREDIT,0.0,0,257.39,MEDIUM,0,0,0,0,0,0,NO_TRADE,,NO_TRADE:ADX_IMMATURE_NO_DIRECTIONAL_CREDIT,
09:52:05,23421.15,23592.85,23457.05,VERY_WIDE,23592.85,23407.65,0.073,DOWNTREND,NEUTRAL,BEARISH,NO_TRADE,NO_TRADE:ADX_IMMATURE_NO_DIRECTIONAL_CREDIT,0.0,0,265.33,MEDIUM,0,0,0,0,0,0,NO_TRADE,,NO_TRADE:ADX_IMMATURE_NO_DIRECTIONAL_CREDIT,
09:52:20,23420.9,23592.85,23457.05,VERY_WIDE,23592.85,23407.65,0.072,DOWNTREND,NEUTRAL,BEARISH,NO_TRADE,NO_TRADE:ADX_IMMATURE_NO_DIRECTIONAL_CREDIT,0.0,0,264.43,MEDIUM,0,0,0,0,0,0,NO_TRADE,,NO_TRADE:ADX_IMMATURE_NO_DIRECTIONAL_CREDIT,
09:52:35,23420.05,23592.85,23457.05,VERY_WIDE,23592.85,23407.65,0.067,DOWNTREND,NEUTRAL,BEARISH,NO_TRADE,NO_TRADE:ADX_IMMATURE_NO_DIRECTIONAL_CREDIT,0.0,0,263.55,MEDIUM,0,0,0,0,0,0,NO_TRADE,,NO_TRADE:ADX_IMMATURE_NO_DIRECTIONAL_CREDIT,
09:52:50,23411.95,23592.85,23457.05,VERY_WIDE,23592.85,23407.65,0.023,DOWNTREND,NEUTRAL,BEARISH,NO_TRADE,NO_TRADE:ADX_IMMATURE_NO_DIRECTIONAL_CREDIT,0.0,0,262.68,MEDIUM,0,0,0,0,0,0,NO_TRADE,,NO_TRADE:ADX_IMMATURE_NO_DIRECTIONAL_CREDIT,
09:53:05,23412.6,23592.85,23457.05,VERY_WIDE,23592.85,23407.65,0.027,DOWNTREND,NEUTRAL,BEARISH,NO_TRADE,NO_TRADE:ADX_IMMATURE_NO_DIRECTIONAL_CREDIT,0.0,0,261.82,MEDIUM,0,0,0,0,0,0,NO_TRADE,,NO_TRADE:ADX_IMMATURE_NO_DIRECTIONAL_CREDIT,
09:53:20,23412.5,23592.85,23457.05,VERY_WIDE,23592.85,23407.65,0.026,DOWNTREND,NEUTRAL,BEARISH,NO_TRADE,NO_TRADE:ADX_IMMATURE_NO_DIRECTIONAL_CREDIT,0.0,0,260.96,MEDIUM,0,0,0,0,0,0,NO_TRADE,,NO_TRADE:ADX_IMMATURE_NO_DIRECTIONAL_CREDIT,
09:53:35,23412.4,23592.85,23457.05,VERY_WIDE,23592.85,23407.65,0.026,DOWNTREND,NEUTRAL,BEARISH,NO_TRADE,NO_TRADE:ADX_IMMATURE_NO_DIRECTIONAL_CREDIT,0.0,0,260.11,MEDIUM,0,0,0,0,0,0,NO_TRADE,,NO_TRADE:ADX_IMMATURE_NO_DIRECTIONAL_CREDIT,
09:53:50,23412.2,23592.85,23457.05,VERY_WIDE,23592.85,23407.65,0.025,DOWNTREND,NEUTRAL,BEARISH,NO_TRADE,NO_TRADE:ADX_IMMATURE_NO_DIRECTIONAL_CREDIT,0.0,0,259.27,MEDIUM,0,0,0,0,0,0,NO_TRADE,,NO_TRADE:ADX_IMMATURE_NO_DIRECTIONAL_CREDIT,
09:54:05,23410.65,23592.85,23457.05,VERY_WIDE,23592.85,23402.6,0.042,DOWNTREND,NEUTRAL,BEARISH,NO_TRADE,NO_TRADE:ADX_IMMATURE_NO_DIRECTIONAL_CREDIT,0.0,0,265.49,MEDIUM,0,0,0,0,0,0,NO_TRADE,,NO_TRADE:ADX_IMMATURE_NO_DIRECTIONAL_CREDIT,
09:54:20,23414.7,23592.85,23457.05,VERY_WIDE,23592.85,23402.6,0.064,DOWNTREND,NEUTRAL,BEARISH,NO_TRADE,NO_TRADE:ADX_IMMATURE_NO_DIRECTIONAL_CREDIT,0.0,0,264.64,MEDIUM,0,0,0,0,0,0,NO_TRADE,,NO_TRADE:ADX_IMMATURE_NO_DIRECTIONAL_CREDIT,
09:54:35,23413.3,23592.85,23457.05,VERY_WIDE,23592.85,23402.6,0.056,DOWNTREND,NEUTRAL,BEARISH,NO_TRADE,NO_TRADE:ADX_IMMATURE_NO_DIRECTIONAL_CREDIT,0.0,0,263.8,MEDIUM,0,0,0,0,0,0,NO_TRADE,,NO_TRADE:ADX_IMMATURE_NO_DIRECTIONAL_CREDIT,
09:54:50,23410.9,23592.85,23457.05,VERY_WIDE,23592.85,23402.6,0.044,DOWNTREND,NEUTRAL,BEARISH,NO_TRADE,NO_TRADE:ADX_IMMATURE_NO_DIRECTIONAL_CREDIT,0.0,0,262.98,MEDIUM,0,0,0,0,0,0,NO_TRADE,,NO_TRADE:ADX_IMMATURE_NO_DIRECTIONAL_CREDIT,
09:55:05,23403.05,23592.85,23457.05,VERY_WIDE,23592.85,23387.2,0.077,DOWNTREND,NEUTRAL,BEARISH,NO_TRADE,NO_TRADE:ADX_IMMATURE_NO_DIRECTIONAL_CREDIT,0.0,0,283.37,MEDIUM,0,0,0,0,0,0,NO_TRADE,,NO_TRADE:ADX_IMMATURE_NO_DIRECTIONAL_CREDIT,
09:55:20,23393.4,23592.85,23457.05,VERY_WIDE,23592.85,23387.2,0.030,DOWNTREND,NEUTRAL,BEARISH,NO_TRADE,NO_TRADE:ADX_IMMATURE_NO_DIRECTIONAL_CREDIT,0.0,0,282.5,MEDIUM,0,0,0,0,0,0,NO_TRADE,,NO_TRADE:ADX_IMMATURE_NO_DIRECTIONAL_CREDIT,
09:55:35,23388.8,23592.85,23457.05,VERY_WIDE,23592.85,23387.2,0.008,RANGE,NEUTRAL,UNCLEAR,NO_TRADE,NO_TRADE:STRADDLE_EXPLOSION,0.0,0,281.62,NONE,0,0,0,0,0,0,NO_TRADE,,NO_TRADE:STRADDLE_EXPLOSION,
09:55:50,23391.1,23592.85,23457.05,VERY_WIDE,23592.85,23387.2,0.019,RANGE,NEUTRAL,UNCLEAR,NO_TRADE,NO_TRADE:STRADDLE_EXPLOSION,0.0,0,280.76,NONE,0,0,0,0,0,0,NO_TRADE,,NO_TRADE:STRADDLE_EXPLOSION,
09:56:05,23390.15,23592.85,23457.05,VERY_WIDE,23592.85,23378.6,0.054,RANGE,NEUTRAL,UNCLEAR,NO_TRADE,NO_TRADE:STRADDLE_EXPLOSION,0.0,0,291.61,NONE,0,0,0,0,0,0,NO_TRADE,,NO_TRADE:STRADDLE_EXPLOSION,
09:56:20,23388.55,23592.85,23457.05,VERY_WIDE,23592.85,23378.6,0.046,RANGE,NEUTRAL,UNCLEAR,NO_TRADE,NO_TRADE:STRADDLE_EXPLOSION,0.0,0,290.72,NONE,0,0,0,0,0,0,NO_TRADE,,NO_TRADE:STRADDLE_EXPLOSION,
09:56:35,23382.8,23592.85,23457.05,VERY_WIDE,23592.85,23378.6,0.020,RANGE,NEUTRAL,UNCLEAR,NO_TRADE,NO_TRADE:STRADDLE_EXPLOSION,0.0,0,289.85,NONE,0,0,0,0,0,0,NO_TRADE,,NO_TRADE:STRADDLE_EXPLOSION,
09:56:50,23385.4,23592.85,23457.05,VERY_WIDE,23592.85,23378.6,0.032,RANGE,NEUTRAL,UNCLEAR,NO_TRADE,NO_TRADE:STRADDLE_EXPLOSION,0.0,0,288.98,NONE,0,0,0,0,0,0,NO_TRADE,,NO_TRADE:STRADDLE_EXPLOSION,
09:57:05,23379.25,23592.85,23457.05,VERY_WIDE,23592.85,23374.55,0.022,RANGE,NEUTRAL,UNCLEAR,NO_TRADE,NO_TRADE:STRADDLE_EXPLOSION,0.0,0,293.56,NONE,0,0,0,0,0,0,NO_TRADE,,NO_TRADE:STRADDLE_EXPLOSION,
09:57:20,23383.1,23592.85,23457.05,VERY_WIDE,23592.85,23374.55,0.039,RANGE,NEUTRAL,UNCLEAR,NO_TRADE,NO_TRADE:STRADDLE_EXPLOSION,0.0,0,292.7,NONE,0,0,0,0,0,0,NO_TRADE,,NO_TRADE:STRADDLE_EXPLOSION,
09:57:35,23378.4,23592.85,23457.05,VERY_WIDE,23592.85,23374.55,0.018,RANGE,NEUTRAL,UNCLEAR,NO_TRADE,NO_TRADE:STRADDLE_EXPLOSION,0.0,0,291.83,NONE,0,0,0,0,0,0,NO_TRADE,,NO_TRADE:STRADDLE_EXPLOSION,
09:57:50,23381.95,23592.85,23457.05,VERY_WIDE,23592.85,23374.55,0.034,RANGE,NEUTRAL,UNCLEAR,NO_TRADE,NO_TRADE:STRADDLE_EXPLOSION,0.0,0,290.97,NONE,0,0,0,0,0,0,NO_TRADE,,NO_TRADE:STRADDLE_EXPLOSION,
09:58:05,23376.95,23592.85,23457.05,VERY_WIDE,23592.85,23371.85,0.023,RANGE,NEUTRAL,UNCLEAR,NO_TRADE,NO_TRADE:STRADDLE_EXPLOSION,0.0,0,293.72,NONE,0,0,0,0,0,0,NO_TRADE,,NO_TRADE:STRADDLE_EXPLOSION,
09:58:20,23375.8,23592.85,23457.05,VERY_WIDE,23592.85,23371.85,0.018,RANGE,NEUTRAL,UNCLEAR,NO_TRADE,NO_TRADE:STRADDLE_EXPLOSION,0.0,0,292.87,NONE,0,0,0,0,0,0,NO_TRADE,,NO_TRADE:STRADDLE_EXPLOSION,
09:58:35,23376.75,23592.85,23457.05,VERY_WIDE,23592.85,23371.85,0.022,RANGE,NEUTRAL,UNCLEAR,NO_TRADE,NO_TRADE:STRADDLE_EXPLOSION,0.0,0,292.02,NONE,0,0,0,0,0,0,NO_TRADE,,NO_TRADE:STRADDLE_EXPLOSION,
09:58:50,23378.0,23592.85,23457.05,VERY_WIDE,23592.85,23371.85,0.028,RANGE,NEUTRAL,UNCLEAR,NO_TRADE,NO_TRADE:STRADDLE_EXPLOSION,0.0,0,291.19,NONE,0,0,0,0,0,0,NO_TRADE,,NO_TRADE:STRADDLE_EXPLOSION,
09:59:06,23386.45,23592.85,23457.05,VERY_WIDE,23592.85,23371.85,0.066,RANGE,NEUTRAL,UNCLEAR,NO_TRADE,NO_TRADE:STRADDLE_EXPLOSION,0.0,0,290.36,NONE,0,0,0,0,0,0,NO_TRADE,,NO_TRADE:STRADDLE_EXPLOSION,
09:59:21,23392.15,23592.85,23457.05,VERY_WIDE,23592.85,23371.85,0.092,RANGE,NEUTRAL,UNCLEAR,NO_TRADE,NO_TRADE:STRADDLE_EXPLOSION,0.0,0,289.54,NONE,0,0,0,0,0,0,NO_TRADE,,NO_TRADE:STRADDLE_EXPLOSION,
09:59:36,23394.7,23592.85,23457.05,VERY_WIDE,23592.85,23371.85,0.103,RANGE,NEUTRAL,UNCLEAR,NO_TRADE,NO_TRADE:STRADDLE_EXPLOSION,0.0,0,288.72,NONE,0,0,0,0,0,0,NO_TRADE,,NO_TRADE:STRADDLE_EXPLOSION,
09:59:51,23394.65,23592.85,23457.05,VERY_WIDE,23592.85,23371.85,0.103,RANGE,NEUTRAL,UNCLEAR,NO_TRADE,NO_TRADE:STRADDLE_EXPLOSION,0.0,0,287.91,NONE,0,0,0,0,0,0,NO_TRADE,,NO_TRADE:STRADDLE_EXPLOSION,
10:00:06,23390.75,23592.85,23457.05,VERY_WIDE,23592.85,23371.85,0.086,RANGE,NEUTRAL,UNCLEAR,NO_TRADE,NO_TRADE:STRADDLE_EXPLOSION,0.0,0,287.11,NONE,0,0,0,0,0,0,NO_TRADE,,NO_TRADE:STRADDLE_EXPLOSION,
10:00:21,23387.5,23592.85,23457.05,VERY_WIDE,23592.85,23371.85,0.071,RANGE,NEUTRAL,UNCLEAR,NO_TRADE,NO_TRADE:STRADDLE_EXPLOSION,0.0,0,286.32,NONE,0,0,0,0,0,0,NO_TRADE,,NO_TRADE:STRADDLE_EXPLOSION,
10:00:36,23383.3,23592.85,23457.05,VERY_WIDE,23592.85,23371.85,0.052,RANGE,NEUTRAL,UNCLEAR,NO_TRADE,NO_TRADE:STRADDLE_EXPLOSION,0.0,0,285.53,NONE,0,0,0,0,0,0,NO_TRADE,,NO_TRADE:STRADDLE_EXPLOSION,
10:00:51,23385.6,23592.85,23457.05,VERY_WIDE,23592.85,23371.85,0.062,RANGE,NEUTRAL,UNCLEAR,NO_TRADE,NO_TRADE:STRADDLE_EXPLOSION,0.0,0,284.75,NONE,0,0,0,0,0,0,NO_TRADE,,NO_TRADE:STRADDLE_EXPLOSION,
10:01:06,23381.8,23592.85,23457.05,VERY_WIDE,23592.85,23371.85,0.045,RANGE,NEUTRAL,UNCLEAR,NO_TRADE,NO_TRADE:STRADDLE_EXPLOSION,0.0,0,283.97,NONE,0,0,0,0,0,0,NO_TRADE,,NO_TRADE:STRADDLE_EXPLOSION,
10:01:21,23380.4,23592.85,23457.05,VERY_WIDE,23592.85,23371.85,0.039,RANGE,NEUTRAL,UNCLEAR,NO_TRADE,NO_TRADE:STRADDLE_EXPLOSION,0.0,0,283.2,NONE,0,0,0,0,0,0,NO_TRADE,,NO_TRADE:STRADDLE_EXPLOSION,
10:01:36,23380.3,23592.85,23457.05,VERY_WIDE,23592.85,23371.85,0.038,RANGE,NEUTRAL,UNCLEAR,NO_TRADE,NO_TRADE:STRADDLE_EXPLOSION,0.0,0,282.44,NONE,0,0,0,0,0,0,NO_TRADE,,NO_TRADE:STRADDLE_EXPLOSION,
10:01:51,23380.55,23592.85,23457.05,VERY_WIDE,23592.85,23371.85,0.039,RANGE,NEUTRAL,UNCLEAR,NO_TRADE,NO_TRADE:STRADDLE_EXPLOSION,0.0,0,281.68,NONE,0,0,0,0,0,0,NO_TRADE,,NO_TRADE:STRADDLE_EXPLOSION,
10:02:06,23384.3,23592.85,23457.05,VERY_WIDE,23592.85,23371.85,0.056,RANGE,NEUTRAL,UNCLEAR,NO_TRADE,NO_TRADE:STRADDLE_EXPLOSION,0.0,0,280.93,NONE,0,0,0,0,0,0,NO_TRADE,,NO_TRADE:STRADDLE_EXPLOSION,
10:02:21,23388.1,23592.85,23457.05,VERY_WIDE,23592.85,23371.85,0.074,RANGE,NEUTRAL,UNCLEAR,NO_TRADE,NO_TRADE:STRADDLE_EXPLOSION,0.0,0,280.18,NONE,0,0,0,0,0,0,NO_TRADE,,NO_TRADE:STRADDLE_EXPLOSION,
10:02:36,23389.05,23592.85,23457.05,VERY_WIDE,23592.85,23371.85,0.078,RANGE,NEUTRAL,UNCLEAR,NO_TRADE,NO_TRADE:STRADDLE_EXPLOSION,0.0,0,279.45,NONE,0,0,0,0,0,0,NO_TRADE,,NO_TRADE:STRADDLE_EXPLOSION,
10:02:51,23390.35,23592.85,23457.05,VERY_WIDE,23592.85,23371.85,0.084,RANGE,NEUTRAL,UNCLEAR,NO_TRADE,NO_TRADE:STRADDLE_EXPLOSION,0.0,0,278.72,NONE,0,0,0,0,0,0,NO_TRADE,,NO_TRADE:STRADDLE_EXPLOSION,
10:03:06,23391.95,23592.85,23457.05,VERY_WIDE,23592.85,23371.85,0.091,RANGE,NEUTRAL,UNCLEAR,NO_TRADE,NO_TRADE:STRADDLE_EXPLOSION,0.0,0,277.99,NONE,0,0,0,0,0,0,NO_TRADE,,NO_TRADE:STRADDLE_EXPLOSION,
10:03:21,23389.2,23592.85,23457.05,VERY_WIDE,23592.85,23371.85,0.079,RANGE,NEUTRAL,UNCLEAR,NO_TRADE,NO_TRADE:STRADDLE_EXPLOSION,0.0,0,277.27,NONE,0,0,0,0,0,0,NO_TRADE,,NO_TRADE:STRADDLE_EXPLOSION,
10:03:36,23385.4,23592.85,23457.05,VERY_WIDE,23592.85,23371.85,0.061,RANGE,NEUTRAL,UNCLEAR,NO_TRADE,NO_TRADE:STRADDLE_EXPLOSION,0.0,0,276.55,NONE,0,0,0,0,0,0,NO_TRADE,,NO_TRADE:STRADDLE_EXPLOSION,
10:03:51,23381.65,23592.85,23457.05,VERY_WIDE,23592.85,23371.85,0.044,RANGE,NEUTRAL,UNCLEAR,NO_TRADE,NO_TRADE:STRADDLE_EXPLOSION,0.0,0,275.84,NONE,0,0,0,0,0,0,NO_TRADE,,NO_TRADE:STRADDLE_EXPLOSION,
10:04:06,23376.3,23592.85,23457.05,VERY_WIDE,23592.85,23371.85,0.020,RANGE,NEUTRAL,UNCLEAR,NO_TRADE,NO_TRADE:STRADDLE_EXPLOSION,0.0,0,275.14,NONE,0,0,0,0,0,0,NO_TRADE,,NO_TRADE:STRADDLE_EXPLOSION,
10:04:21,23378.55,23592.85,23457.05,VERY_WIDE,23592.85,23371.85,0.030,DOWNTREND,NEUTRAL,BEARISH,NO_TRADE,NO_TRADE:ADX_IMMATURE_NO_DIRECTIONAL_CREDIT,0.0,0,274.44,MEDIUM,0,0,0,0,0,0,NO_TRADE,,NO_TRADE:ADX_IMMATURE_NO_DIRECTIONAL_CREDIT,
10:04:36,23381.85,23592.85,23457.05,VERY_WIDE,23592.85,23371.85,0.045,DOWNTREND,NEUTRAL,BEARISH,NO_TRADE,NO_TRADE:ADX_IMMATURE_NO_DIRECTIONAL_CREDIT,0.0,0,273.74,MEDIUM,0,0,0,0,0,0,NO_TRADE,,NO_TRADE:ADX_IMMATURE_NO_DIRECTIONAL_CREDIT,
10:04:52,23383.6,23592.85,23457.05,VERY_WIDE,23592.85,23371.85,0.053,DOWNTREND,NEUTRAL,BEARISH,NO_TRADE,NO_TRADE:ADX_IMMATURE_NO_DIRECTIONAL_CREDIT,0.0,0,273.05,MEDIUM,0,0,0,0,0,0,NO_TRADE,,NO_TRADE:ADX_IMMATURE_NO_DIRECTIONAL_CREDIT,
10:05:07,23384.9,23592.85,23457.05,VERY_WIDE,23592.85,23371.85,0.059,DOWNTREND,NEUTRAL,BEARISH,NO_TRADE,NO_TRADE:ADX_IMMATURE_NO_DIRECTIONAL_CREDIT,0.0,0,272.37,MEDIUM,0,0,0,0,0,0,NO_TRADE,,NO_TRADE:ADX_IMMATURE_NO_DIRECTIONAL_CREDIT,
10:05:22,23387.5,23592.85,23457.05,VERY_WIDE,23592.85,23371.85,0.071,DOWNTREND,NEUTRAL,BEARISH,NO_TRADE,NO_TRADE:ADX_IMMATURE_NO_DIRECTIONAL_CREDIT,0.0,0,271.69,MEDIUM,0,0,0,0,0,0,NO_TRADE,,NO_TRADE:ADX_IMMATURE_NO_DIRECTIONAL_CREDIT,
10:05:37,23388.25,23592.85,23457.05,VERY_WIDE,23592.85,23371.85,0.074,DOWNTREND,NEUTRAL,BEARISH,NO_TRADE,NO_TRADE:ADX_IMMATURE_NO_DIRECTIONAL_CREDIT,0.0,0,271.01,MEDIUM,0,0,0,0,0,0,NO_TRADE,,NO_TRADE:ADX_IMMATURE_NO_DIRECTIONAL_CREDIT,
10:05:52,23392.9,23592.85,23457.05,VERY_WIDE,23592.85,23371.85,0.095,DOWNTREND,NEUTRAL,BEARISH,NO_TRADE,NO_TRADE:ADX_IMMATURE_NO_DIRECTIONAL_CREDIT,0.0,0,270.35,MEDIUM,0,0,0,0,0,0,NO_TRADE,,NO_TRADE:ADX_IMMATURE_NO_DIRECTIONAL_CREDIT,
10:06:07,23390.55,23592.85,23457.05,VERY_WIDE,23592.85,23371.85,0.085,DOWNTREND,NEUTRAL,BEARISH,NO_TRADE,NO_TRADE:ADX_IMMATURE_NO_DIRECTIONAL_CREDIT,0.0,0,269.69,MEDIUM,0,0,0,0,0,0,NO_TRADE,,NO_TRADE:ADX_IMMATURE_NO_DIRECTIONAL_CREDIT,
10:06:22,23386.65,23592.85,23457.05,VERY_WIDE,23592.85,23371.85,0.067,DOWNTREND,NEUTRAL,BEARISH,NO_TRADE,NO_TRADE:ADX_IMMATURE_NO_DIRECTIONAL_CREDIT,0.0,0,269.03,MEDIUM,0,0,0,0,0,0,NO_TRADE,,NO_TRADE:ADX_IMMATURE_NO_DIRECTIONAL_CREDIT,
10:06:37,23381.3,23592.85,23457.05,VERY_WIDE,23592.85,23371.85,0.043,DOWNTREND,NEUTRAL,BEARISH,NO_TRADE,NO_TRADE:ADX_IMMATURE_NO_DIRECTIONAL_CREDIT,0.0,0,268.37,MEDIUM,0,0,0,0,0,0,NO_TRADE,,NO_TRADE:ADX_IMMATURE_NO_DIRECTIONAL_CREDIT,
10:06:52,23381.5,23592.85,23457.05,VERY_WIDE,23592.85,23371.85,0.044,DOWNTREND,NEUTRAL,BEARISH,NO_TRADE,NO_TRADE:ADX_IMMATURE_NO_DIRECTIONAL_CREDIT,0.0,0,267.72,MEDIUM,0,0,0,0,0,0,NO_TRADE,,NO_TRADE:ADX_IMMATURE_NO_DIRECTIONAL_CREDIT,
10:07:07,23381.5,23592.85,23457.05,VERY_WIDE,23592.85,23371.85,0.044,DOWNTREND,NEUTRAL,BEARISH,NO_TRADE,NO_TRADE:ADX_IMMATURE_NO_DIRECTIONAL_CREDIT,0.0,0,267.08,MEDIUM,0,0,0,0,0,0,NO_TRADE,,NO_TRADE:ADX_IMMATURE_NO_DIRECTIONAL_CREDIT,
10:07:22,23381.95,23592.85,23457.05,VERY_WIDE,23592.85,23371.85,0.046,DOWNTREND,NEUTRAL,BEARISH,NO_TRADE,NO_TRADE:ADX_IMMATURE_NO_DIRECTIONAL_CREDIT,0.0,0,266.44,MEDIUM,0,0,0,0,0,0,NO_TRADE,,NO_TRADE:ADX_IMMATURE_NO_DIRECTIONAL_CREDIT,
10:07:37,23382.7,23592.85,23457.05,VERY_WIDE,23592.85,23371.85,0.049,DOWNTREND,NEUTRAL,BEARISH,NO_TRADE,NO_TRADE:ADX_IMMATURE_NO_DIRECTIONAL_CREDIT,0.0,0,265.8,MEDIUM,0,0,0,0,0,0,NO_TRADE,,NO_TRADE:ADX_IMMATURE_NO_DIRECTIONAL_CREDIT,
10:07:52,23382.85,23592.85,23457.05,VERY_WIDE,23592.85,23371.85,0.050,DOWNTREND,NEUTRAL,BEARISH,NO_TRADE,NO_TRADE:ADX_IMMATURE_NO_DIRECTIONAL_CREDIT,0.0,0,265.17,MEDIUM,0,0,0,0,0,0,NO_TRADE,,NO_TRADE:ADX_IMMATURE_NO_DIRECTIONAL_CREDIT,
10:08:07,23384.95,23592.85,23457.05,VERY_WIDE,23592.85,23371.85,0.059,DOWNTREND,NEUTRAL,BEARISH,NO_TRADE,NO_TRADE:ADX_IMMATURE_NO_DIRECTIONAL_CREDIT,0.0,0,264.55,MEDIUM,0,0,0,0,0,0,NO_TRADE,,NO_TRADE:ADX_IMMATURE_NO_DIRECTIONAL_CREDIT,
10:08:22,23386.15,23592.85,23457.05,VERY_WIDE,23592.85,23371.85,0.065,DOWNTREND,NEUTRAL,BEARISH,NO_TRADE,NO_TRADE:ADX_IMMATURE_NO_DIRECTIONAL_CREDIT,0.0,0,263.92,MEDIUM,0,0,0,0,0,0,NO_TRADE,,NO_TRADE:ADX_IMMATURE_NO_DIRECTIONAL_CREDIT,
10:08:37,23384.5,23592.85,23457.05,VERY_WIDE,23592.85,23371.85,0.057,DOWNTREND,NEUTRAL,BEARISH,NO_TRADE,NO_TRADE:ADX_IMMATURE_NO_DIRECTIONAL_CREDIT,0.0,0,263.31,MEDIUM,0,0,0,0,0,0,NO_TRADE,,NO_TRADE:ADX_IMMATURE_NO_DIRECTIONAL_CREDIT,
10:08:52,23382.65,23592.85,23457.05,VERY_WIDE,23592.85,23371.85,0.049,DOWNTREND,NEUTRAL,BEARISH,NO_TRADE,NO_TRADE:ADX_IMMATURE_NO_DIRECTIONAL_CREDIT,0.0,0,262.69,MEDIUM,0,0,0,0,0,0,NO_TRADE,,NO_TRADE:ADX_IMMATURE_NO_DIRECTIONAL_CREDIT,
10:09:07,23379.4,23592.85,23457.05,VERY_WIDE,23592.85,23371.85,0.034,DOWNTREND,NEUTRAL,BEARISH,NO_TRADE,NO_TRADE:ADX_IMMATURE_NO_DIRECTIONAL_CREDIT,0.0,0,262.08,MEDIUM,0,0,0,0,0,0,NO_TRADE,,NO_TRADE:ADX_IMMATURE_NO_DIRECTIONAL_CREDIT,
10:09:22,23377.6,23592.85,23457.05,VERY_WIDE,23592.85,23371.85,0.026,DOWNTREND,NEUTRAL,BEARISH,NO_TRADE,NO_TRADE:ADX_IMMATURE_NO_DIRECTIONAL_CREDIT,0.0,0,261.48,MEDIUM,0,0,0,0,0,0,NO_TRADE,,NO_TRADE:ADX_IMMATURE_NO_DIRECTIONAL_CREDIT,
10:09:37,23376.65,23592.85,23457.05,VERY_WIDE,23592.85,23371.85,0.022,DOWNTREND,NEUTRAL,BEARISH,NO_TRADE,NO_TRADE:ADX_IMMATURE_NO_DIRECTIONAL_CREDIT,0.0,0,260.88,MEDIUM,0,0,0,0,0,0,NO_TRADE,,NO_TRADE:ADX_IMMATURE_NO_DIRECTIONAL_CREDIT,
10:09:52,23373.95,23592.85,23457.05,VERY_WIDE,23592.85,23371.85,0.010,DOWNTREND,NEUTRAL,BEARISH,NO_TRADE,NO_TRADE:ADX_IMMATURE_NO_DIRECTIONAL_CREDIT,0.0,0,260.28,MEDIUM,0,0,0,0,0,0,NO_TRADE,,NO_TRADE:ADX_IMMATURE_NO_DIRECTIONAL_CREDIT,
10:10:07,23375.1,23592.85,23457.05,VERY_WIDE,23592.85,23369.7,0.024,DOWNTREND,NEUTRAL,BEARISH,NO_TRADE,NO_TRADE:ADX_IMMATURE_NO_DIRECTIONAL_CREDIT,0.0,0,262.21,MEDIUM,0,0,0,0,0,0,NO_TRADE,,NO_TRADE:ADX_IMMATURE_NO_DIRECTIONAL_CREDIT,
10:10:22,23373.9,23592.85,23457.05,VERY_WIDE,23592.85,23369.7,0.019,DOWNTREND,NEUTRAL,BEARISH,NO_TRADE,NO_TRADE:ADX_IMMATURE_NO_DIRECTIONAL_CREDIT,0.0,0,261.62,MEDIUM,0,0,0,0,0,0,NO_TRADE,,NO_TRADE:ADX_IMMATURE_NO_DIRECTIONAL_CREDIT,
10:10:37,23373.15,23592.85,23457.05,VERY_WIDE,23592.85,23369.7,0.015,DOWNTREND,NEUTRAL,BEARISH,NO_TRADE,NO_TRADE:ADX_IMMATURE_NO_DIRECTIONAL_CREDIT,0.0,0,261.03,MEDIUM,0,0,0,0,0,0,NO_TRADE,,NO_TRADE:ADX_IMMATURE_NO_DIRECTIONAL_CREDIT,
10:10:52,23372.0,23592.85,23457.05,VERY_WIDE,23592.85,23369.7,0.010,DOWNTREND,NEUTRAL,BEARISH,NO_TRADE,NO_TRADE:ADX_IMMATURE_NO_DIRECTIONAL_CREDIT,0.0,0,260.45,MEDIUM,0,0,0,0,0,0,NO_TRADE,,NO_TRADE:ADX_IMMATURE_NO_DIRECTIONAL_CREDIT,
10:11:07,23376.5,23592.85,23457.05,VERY_WIDE,23592.85,23369.65,0.031,DOWNTREND,NEUTRAL,BEARISH,NO_TRADE,NO_TRADE:ADX_IMMATURE_NO_DIRECTIONAL_CREDIT,0.0,0,259.92,MEDIUM,0,0,0,0,0,0,NO_TRADE,,NO_TRADE:ADX_IMMATURE_NO_DIRECTIONAL_CREDIT,
10:11:23,23380.75,23592.85,23457.05,VERY_WIDE,23592.85,23369.65,0.050,DOWNTREND,NEUTRAL,BEARISH,NO_TRADE,NO_TRADE:ADX_IMMATURE_NO_DIRECTIONAL_CREDIT,0.0,0,259.34,MEDIUM,0,0,0,0,0,0,NO_TRADE,,NO_TRADE:ADX_IMMATURE_NO_DIRECTIONAL_CREDIT,
10:11:38,23385.0,23592.85,23457.05,VERY_WIDE,23592.85,23369.65,0.069,DOWNTREND,NEUTRAL,BEARISH,NO_TRADE,NO_TRADE:ADX_IMMATURE_NO_DIRECTIONAL_CREDIT,0.0,0,258.77,MEDIUM,0,0,0,0,0,0,NO_TRADE,,NO_TRADE:ADX_IMMATURE_NO_DIRECTIONAL_CREDIT,
10:11:53,23389.4,23592.85,23457.05,VERY_WIDE,23592.85,23369.65,0.088,DOWNTREND,NEUTRAL,BEARISH,NO_TRADE,NO_TRADE:ADX_IMMATURE_NO_DIRECTIONAL_CREDIT,0.0,0,258.2,MEDIUM,0,0,0,0,0,0,NO_TRADE,,NO_TRADE:ADX_IMMATURE_NO_DIRECTIONAL_CREDIT,
10:12:08,23394.05,23592.85,23457.05,VERY_WIDE,23592.85,23369.65,0.109,DOWNTREND,NEUTRAL,BEARISH,NO_TRADE,NO_TRADE:ADX_IMMATURE_NO_DIRECTIONAL_CREDIT,0.0,0,257.63,MEDIUM,0,0,0,0,0,0,NO_TRADE,,NO_TRADE:ADX_IMMATURE_NO_DIRECTIONAL_CREDIT,
10:12:23,23386.85,23592.85,23457.05,VERY_WIDE,23592.85,23369.65,0.077,DOWNTREND,NEUTRAL,BEARISH,NO_TRADE,NO_TRADE:ADX_IMMATURE_NO_DIRECTIONAL_CREDIT,0.0,0,257.07,MEDIUM,0,0,0,0,0,0,NO_TRADE,,NO_TRADE:ADX_IMMATURE_NO_DIRECTIONAL_CREDIT,
10:12:38,23388.85,23592.85,23457.05,VERY_WIDE,23592.85,23369.65,0.086,DOWNTREND,NEUTRAL,BEARISH,NO_TRADE,NO_TRADE:ADX_IMMATURE_NO_DIRECTIONAL_CREDIT,0.0,0,256.51,MEDIUM,0,0,0,0,0,0,NO_TRADE,,NO_TRADE:ADX_IMMATURE_NO_DIRECTIONAL_CREDIT,
10:12:53,23392.05,23592.85,23457.05,VERY_WIDE,23592.85,23369.65,0.100,DOWNTREND,NEUTRAL,BEARISH,NO_TRADE,NO_TRADE:ADX_IMMATURE_NO_DIRECTIONAL_CREDIT,0.0,0,255.95,MEDIUM,0,0,0,0,0,0,NO_TRADE,,NO_TRADE:ADX_IMMATURE_NO_DIRECTIONAL_CREDIT,
10:13:08,23395.0,23592.85,23457.05,VERY_WIDE,23592.85,23369.65,0.114,DOWNTREND,NEUTRAL,BEARISH,NO_TRADE,NO_TRADE:ADX_IMMATURE_NO_DIRECTIONAL_CREDIT,0.0,0,255.4,MEDIUM,0,0,0,0,0,0,NO_TRADE,,NO_TRADE:ADX_IMMATURE_NO_DIRECTIONAL_CREDIT,
10:13:23,23397.5,23592.85,23457.05,VERY_WIDE,23592.85,23369.65,0.125,DOWNTREND,NEUTRAL,BEARISH,NO_TRADE,NO_TRADE:ADX_IMMATURE_NO_DIRECTIONAL_CREDIT,0.0,0,254.85,MEDIUM,0,0,0,0,0,0,NO_TRADE,,NO_TRADE:ADX_IMMATURE_NO_DIRECTIONAL_CREDIT,
10:13:38,23394.4,23592.85,23457.05,VERY_WIDE,23592.85,23369.65,0.111,DOWNTREND,NEUTRAL,BEARISH,NO_TRADE,NO_TRADE:ADX_IMMATURE_NO_DIRECTIONAL_CREDIT,0.0,0,254.31,MEDIUM,0,0,0,0,0,0,NO_TRADE,,NO_TRADE:ADX_IMMATURE_NO_DIRECTIONAL_CREDIT,
10:13:53,23395.2,23592.85,23457.05,VERY_WIDE,23592.85,23369.65,0.114,DOWNTREND,NEUTRAL,BEARISH,NO_TRADE,NO_TRADE:ADX_IMMATURE_NO_DIRECTIONAL_CREDIT,0.0,0,253.76,MEDIUM,0,0,0,0,0,0,NO_TRADE,,NO_TRADE:ADX_IMMATURE_NO_DIRECTIONAL_CREDIT,
10:14:08,23394.55,23592.85,23457.05,VERY_WIDE,23592.85,23369.65,0.112,DOWNTREND,NEUTRAL,BEARISH,NO_TRADE,NO_TRADE:ADX_IMMATURE_NO_DIRECTIONAL_CREDIT,0.0,0,253.22,MEDIUM,0,0,0,0,0,0,NO_TRADE,,NO_TRADE:ADX_IMMATURE_NO_DIRECTIONAL_CREDIT,
10:14:23,23389.05,23592.85,23457.05,VERY_WIDE,23592.85,23369.65,0.087,DOWNTREND,NEUTRAL,BEARISH,NO_TRADE,NO_TRADE:ADX_IMMATURE_NO_DIRECTIONAL_CREDIT,0.0,0,252.69,MEDIUM,0,0,0,0,0,0,NO_TRADE,,NO_TRADE:ADX_IMMATURE_NO_DIRECTIONAL_CREDIT,
10:14:38,23389.8,23592.85,23457.05,VERY_WIDE,23592.85,23369.65,0.090,DOWNTREND,NEUTRAL,BEARISH,NO_TRADE,NO_TRADE:ADX_IMMATURE_NO_DIRECTIONAL_CREDIT,0.0,0,252.16,MEDIUM,0,0,0,0,0,0,NO_TRADE,,NO_TRADE:ADX_IMMATURE_NO_DIRECTIONAL_CREDIT,
10:14:53,23390.15,23592.85,23457.05,VERY_WIDE,23592.85,23369.65,0.092,DOWNTREND,NEUTRAL,BEARISH,NO_TRADE,NO_TRADE:ADX_IMMATURE_NO_DIRECTIONAL_CREDIT,0.0,0,251.63,MEDIUM,0,0,0,0,0,0,NO_TRADE,,NO_TRADE:ADX_IMMATURE_NO_DIRECTIONAL_CREDIT,
10:15:08,23386.05,23592.85,23457.05,VERY_WIDE,23592.85,23369.65,0.073,DOWNTREND,NEUTRAL,BEARISH,NO_TRADE,NO_TRADE:ADX_IMMATURE_NO_DIRECTIONAL_CREDIT,0.0,0,251.11,MEDIUM,0,0,0,0,0,0,NO_TRADE,,NO_TRADE:ADX_IMMATURE_NO_DIRECTIONAL_CREDIT,
10:15:23,23384.6,23592.85,23457.05,VERY_WIDE,23592.85,23369.65,0.067,DOWNTREND,NEUTRAL,BEARISH,NO_TRADE,NO_TRADE:ADX_IMMATURE_NO_DIRECTIONAL_CREDIT,0.0,0,250.58,MEDIUM,0,0,0,0,0,0,NO_TRADE,,NO_TRADE:ADX_IMMATURE_NO_DIRECTIONAL_CREDIT,
10:15:38,23378.35,23592.85,23457.05,VERY_WIDE,23592.85,23369.65,0.039,DOWNTREND,NEUTRAL,BEARISH,NO_TRADE,NO_TRADE:ADX_IMMATURE_NO_DIRECTIONAL_CREDIT,0.0,0,250.06,MEDIUM,0,0,0,0,0,0,NO_TRADE,,NO_TRADE:ADX_IMMATURE_NO_DIRECTIONAL_CREDIT,
10:15:53,23379.6,23592.85,23457.05,VERY_WIDE,23592.85,23369.65,0.045,DOWNTREND,NEUTRAL,BEARISH,NO_TRADE,NO_TRADE:ADX_IMMATURE_NO_DIRECTIONAL_CREDIT,0.0,0,249.55,MEDIUM,0,0,0,0,0,0,NO_TRADE,,NO_TRADE:ADX_IMMATURE_NO_DIRECTIONAL_CREDIT,
10:16:08,23381.05,23592.85,23457.05,VERY_WIDE,23592.85,23369.65,0.051,DOWNTREND,NEUTRAL,BEARISH,NO_TRADE,NO_TRADE:ADX_IMMATURE_NO_DIRECTIONAL_CREDIT,0.0,0,249.04,MEDIUM,0,0,0,0,0,0,NO_TRADE,,NO_TRADE:ADX_IMMATURE_NO_DIRECTIONAL_CREDIT,
10:16:23,23384.65,23592.85,23457.05,VERY_WIDE,23592.85,23369.65,0.067,DOWNTREND,NEUTRAL,BEARISH,NO_TRADE,NO_TRADE:ADX_IMMATURE_NO_DIRECTIONAL_CREDIT,0.0,0,248.53,MEDIUM,0,0,0,0,0,0,NO_TRADE,,NO_TRADE:ADX_IMMATURE_NO_DIRECTIONAL_CREDIT,
10:16:38,23385.95,23592.85,23457.05,VERY_WIDE,23592.85,23369.65,0.073,DOWNTREND,NEUTRAL,BEARISH,NO_TRADE,NO_TRADE:ADX_IMMATURE_NO_DIRECTIONAL_CREDIT,0.0,0,248.02,MEDIUM,0,0,0,0,0,0,NO_TRADE,,NO_TRADE:ADX_IMMATURE_NO_DIRECTIONAL_CREDIT,
10:16:53,23384.05,23592.85,23457.05,VERY_WIDE,23592.85,23369.65,0.065,DOWNTREND,NEUTRAL,BEARISH,NO_TRADE,NO_TRADE:ADX_IMMATURE_NO_DIRECTIONAL_CREDIT,0.0,0,247.52,MEDIUM,0,0,0,0,0,0,NO_TRADE,,NO_TRADE:ADX_IMMATURE_NO_DIRECTIONAL_CREDIT,
10:17:08,23379.25,23592.85,23457.05,VERY_WIDE,23592.85,23369.65,0.043,DOWNTREND,NEUTRAL,BEARISH,NO_TRADE,NO_TRADE:ADX_IMMATURE_NO_DIRECTIONAL_CREDIT,0.0,0,247.02,MEDIUM,0,0,0,0,0,0,NO_TRADE,,NO_TRADE:ADX_IMMATURE_NO_DIRECTIONAL_CREDIT,
10:17:23,23376.45,23592.85,23457.05,VERY_WIDE,23592.85,23369.65,0.030,DOWNTREND,NEUTRAL,BEARISH,NO_TRADE,NO_TRADE:ADX_IMMATURE_NO_DIRECTIONAL_CREDIT,0.0,0,246.53,MEDIUM,0,0,0,0,0,0,NO_TRADE,,NO_TRADE:ADX_IMMATURE_NO_DIRECTIONAL_CREDIT,
10:17:38,23377.55,23592.85,23457.05,VERY_WIDE,23592.85,23369.65,0.035,DOWNTREND,NEUTRAL,BEARISH,NO_TRADE,NO_TRADE:ADX_IMMATURE_NO_DIRECTIONAL_CREDIT,0.0,0,246.03,MEDIUM,0,0,0,0,0,0,NO_TRADE,,NO_TRADE:ADX_IMMATURE_NO_DIRECTIONAL_CREDIT,
10:17:53,23383.35,23592.85,23457.05,VERY_WIDE,23592.85,23369.65,0.061,DOWNTREND,NEUTRAL,BEARISH,NO_TRADE,NO_TRADE:ADX_IMMATURE_NO_DIRECTIONAL_CREDIT,0.0,0,245.55,MEDIUM,0,0,0,0,0,0,NO_TRADE,,NO_TRADE:ADX_IMMATURE_NO_DIRECTIONAL_CREDIT,
10:18:09,23385.4,23592.85,23457.05,VERY_WIDE,23592.85,23369.65,0.071,DOWNTREND,NEUTRAL,BEARISH,NO_TRADE,NO_TRADE:ADX_IMMATURE_NO_DIRECTIONAL_CREDIT,0.0,0,245.06,MEDIUM,0,0,0,0,0,0,NO_TRADE,,NO_TRADE:ADX_IMMATURE_NO_DIRECTIONAL_CREDIT,
10:18:24,23386.95,23592.85,23457.05,VERY_WIDE,23592.85,23369.65,0.078,DOWNTREND,NEUTRAL,BEARISH,NO_TRADE,NO_TRADE:ADX_IMMATURE_NO_DIRECTIONAL_CREDIT,0.0,0,244.57,MEDIUM,0,0,0,0,0,0,NO_TRADE,,NO_TRADE:ADX_IMMATURE_NO_DIRECTIONAL_CREDIT,
10:18:39,23387.6,23592.85,23457.05,VERY_WIDE,23592.85,23369.65,0.080,DOWNTREND,NEUTRAL,BEARISH,NO_TRADE,NO_TRADE:ADX_IMMATURE_NO_DIRECTIONAL_CREDIT,0.0,0,244.09,MEDIUM,0,0,0,0,0,0,NO_TRADE,,NO_TRADE:ADX_IMMATURE_NO_DIRECTIONAL_CREDIT,
10:18:54,23392.7,23592.85,23457.05,VERY_WIDE,23592.85,23369.65,0.103,DOWNTREND,NEUTRAL,BEARISH,NO_TRADE,NO_TRADE:ADX_IMMATURE_NO_DIRECTIONAL_CREDIT,0.0,0,243.61,MEDIUM,0,0,0,0,0,0,NO_TRADE,,NO_TRADE:ADX_IMMATURE_NO_DIRECTIONAL_CREDIT,
10:19:09,23387.65,23592.85,23457.05,VERY_WIDE,23592.85,23369.65,0.081,DOWNTREND,NEUTRAL,BEARISH,NO_TRADE,NO_TRADE:ADX_IMMATURE_NO_DIRECTIONAL_CREDIT,0.0,0,243.13,MEDIUM,0,0,0,0,0,0,NO_TRADE,,NO_TRADE:ADX_IMMATURE_NO_DIRECTIONAL_CREDIT,
10:19:24,23389.4,23592.85,23457.05,VERY_WIDE,23592.85,23369.65,0.088,DOWNTREND,NEUTRAL,BEARISH,NO_TRADE,NO_TRADE:ADX_IMMATURE_NO_DIRECTIONAL_CREDIT,0.0,0,242.66,MEDIUM,0,0,0,0,0,0,NO_TRADE,,NO_TRADE:ADX_IMMATURE_NO_DIRECTIONAL_CREDIT,
10:19:39,23388.55,23592.85,23457.05,VERY_WIDE,23592.85,23369.65,0.085,DOWNTREND,NEUTRAL,BEARISH,NO_TRADE,NO_TRADE:ADX_IMMATURE_NO_DIRECTIONAL_CREDIT,0.0,0,242.19,MEDIUM,0,0,0,0,0,0,NO_TRADE,,NO_TRADE:ADX_IMMATURE_NO_DIRECTIONAL_CREDIT,
10:19:54,23388.55,23592.85,23457.05,VERY_WIDE,23592.85,23369.65,0.085,DOWNTREND,NEUTRAL,BEARISH,NO_TRADE,NO_TRADE:ADX_IMMATURE_NO_DIRECTIONAL_CREDIT,0.0,0,241.72,MEDIUM,0,0,0,0,0,0,NO_TRADE,,NO_TRADE:ADX_IMMATURE_NO_DIRECTIONAL_CREDIT,
10:20:09,23390.0,23592.85,23457.05,VERY_WIDE,23592.85,23369.65,0.091,DOWNTREND,NEUTRAL,BEARISH,NO_TRADE,NO_TRADE:ADX_IMMATURE_NO_DIRECTIONAL_CREDIT,0.0,0,241.26,MEDIUM,0,0,0,0,0,0,NO_TRADE,,NO_TRADE:ADX_IMMATURE_NO_DIRECTIONAL_CREDIT,
10:20:24,23387.15,23592.85,23457.05,VERY_WIDE,23592.85,23369.65,0.078,DOWNTREND,NEUTRAL,BEARISH,NO_TRADE,NO_TRADE:ADX_IMMATURE_NO_DIRECTIONAL_CREDIT,0.0,0,240.8,MEDIUM,0,0,0,0,0,0,NO_TRADE,,NO_TRADE:ADX_IMMATURE_NO_DIRECTIONAL_CREDIT,
10:20:39,23380.75,23592.85,23457.05,VERY_WIDE,23592.85,23369.65,0.050,DOWNTREND,NEUTRAL,BEARISH,NO_TRADE,NO_TRADE:ADX_IMMATURE_NO_DIRECTIONAL_CREDIT,0.0,0,240.33,MEDIUM,0,0,0,0,0,0,NO_TRADE,,NO_TRADE:ADX_IMMATURE_NO_DIRECTIONAL_CREDIT,
10:20:54,23381.35,23592.85,23457.05,VERY_WIDE,23592.85,23369.65,0.052,DOWNTREND,NEUTRAL,BEARISH,NO_TRADE,NO_TRADE:ADX_IMMATURE_NO_DIRECTIONAL_CREDIT,0.0,0,239.88,MEDIUM,0,0,0,0,0,0,NO_TRADE,,NO_TRADE:ADX_IMMATURE_NO_DIRECTIONAL_CREDIT,
10:21:09,23374.95,23592.85,23457.05,VERY_WIDE,23592.85,23369.65,0.024,DOWNTREND,NEUTRAL,BEARISH,NO_TRADE,NO_TRADE:ADX_IMMATURE_NO_DIRECTIONAL_CREDIT,0.0,0,239.42,MEDIUM,0,0,0,0,0,0,NO_TRADE,,NO_TRADE:ADX_IMMATURE_NO_DIRECTIONAL_CREDIT,
10:21:24,23371.8,23592.85,23457.05,VERY_WIDE,23592.85,23369.65,0.010,DOWNTREND,NEUTRAL,BEARISH,NO_TRADE,NO_TRADE:ADX_IMMATURE_NO_DIRECTIONAL_CREDIT,0.0,0,238.97,MEDIUM,0,0,0,0,0,0,NO_TRADE,,NO_TRADE:ADX_IMMATURE_NO_DIRECTIONAL_CREDIT,
10:21:39,23372.6,23592.85,23457.05,VERY_WIDE,23592.85,23369.65,0.013,DOWNTREND,NEUTRAL,BEARISH,NO_TRADE,NO_TRADE:ADX_IMMATURE_NO_DIRECTIONAL_CREDIT,0.0,0,238.52,MEDIUM,0,0,0,0,0,0,NO_TRADE,,NO_TRADE:ADX_IMMATURE_NO_DIRECTIONAL_CREDIT,
10:21:54,23376.1,23592.85,23457.05,VERY_WIDE,23592.85,23369.65,0.029,DOWNTREND,NEUTRAL,BEARISH,NO_TRADE,NO_TRADE:ADX_IMMATURE_NO_DIRECTIONAL_CREDIT,0.0,0,238.07,MEDIUM,0,0,0,0,0,0,NO_TRADE,,NO_TRADE:ADX_IMMATURE_NO_DIRECTIONAL_CREDIT,
10:22:09,23380.65,23592.85,23457.05,VERY_WIDE,23592.85,23369.65,0.049,DOWNTREND,NEUTRAL,BEARISH,NO_TRADE,NO_TRADE:ADX_IMMATURE_NO_DIRECTIONAL_CREDIT,0.0,0,237.63,MEDIUM,0,0,0,0,0,0,NO_TRADE,,NO_TRADE:ADX_IMMATURE_NO_DIRECTIONAL_CREDIT,
10:22:24,23380.75,23592.85,23457.05,VERY_WIDE,23592.85,23369.65,0.050,DOWNTREND,NEUTRAL,BEARISH,NO_TRADE,NO_TRADE:ADX_IMMATURE_NO_DIRECTIONAL_CREDIT,0.0,0,237.19,MEDIUM,0,0,0,0,0,0,NO_TRADE,,NO_TRADE:ADX_IMMATURE_NO_DIRECTIONAL_CREDIT,
10:22:39,23382.8,23592.85,23457.05,VERY_WIDE,23592.85,23369.65,0.059,DOWNTREND,NEUTRAL,BEARISH,NO_TRADE,NO_TRADE:ADX_IMMATURE_NO_DIRECTIONAL_CREDIT,0.0,0,236.74,MEDIUM,0,0,0,0,0,0,NO_TRADE,,NO_TRADE:ADX_IMMATURE_NO_DIRECTIONAL_CREDIT,
10:22:54,23385.55,23592.85,23457.05,VERY_WIDE,23592.85,23369.65,0.071,DOWNTREND,NEUTRAL,BEARISH,NO_TRADE,NO_TRADE:ADX_IMMATURE_NO_DIRECTIONAL_CREDIT,0.0,0,236.31,MEDIUM,0,0,0,0,0,0,NO_TRADE,,NO_TRADE:ADX_IMMATURE_NO_DIRECTIONAL_CREDIT,
10:23:09,23375.0,23592.85,23457.05,VERY_WIDE,23592.85,23369.65,0.024,DOWNTREND,NEUTRAL,BEARISH,NO_TRADE,NO_TRADE:ADX_IMMATURE_NO_DIRECTIONAL_CREDIT,0.0,0,235.87,MEDIUM,0,0,0,0,0,0,NO_TRADE,,NO_TRADE:ADX_IMMATURE_NO_DIRECTIONAL_CREDIT,
10:23:24,23376.05,23592.85,23457.05,VERY_WIDE,23592.85,23369.65,0.029,DOWNTREND,NEUTRAL,BEARISH,NO_TRADE,NO_TRADE:ADX_IMMATURE_NO_DIRECTIONAL_CREDIT,0.0,0,235.44,MEDIUM,0,0,0,0,0,0,NO_TRADE,,NO_TRADE:ADX_IMMATURE_NO_DIRECTIONAL_CREDIT,
10:23:39,23381.25,23592.85,23457.05,VERY_WIDE,23592.85,23369.65,0.052,DOWNTREND,NEUTRAL,BEARISH,NO_TRADE,NO_TRADE:ADX_IMMATURE_NO_DIRECTIONAL_CREDIT,0.0,0,235.01,MEDIUM,0,0,0,0,0,0,NO_TRADE,,NO_TRADE:ADX_IMMATURE_NO_DIRECTIONAL_CREDIT,
10:23:54,23381.05,23592.85,23457.05,VERY_WIDE,23592.85,23369.65,0.051,DOWNTREND,NEUTRAL,BEARISH,NO_TRADE,NO_TRADE:ADX_IMMATURE_NO_DIRECTIONAL_CREDIT,0.0,0,234.58,MEDIUM,0,0,0,0,0,0,NO_TRADE,,NO_TRADE:ADX_IMMATURE_NO_DIRECTIONAL_CREDIT,
10:24:10,23383.2,23592.85,23457.05,VERY_WIDE,23592.85,23369.65,0.061,DOWNTREND,NEUTRAL,BEARISH,NO_TRADE,NO_TRADE:ADX_IMMATURE_NO_DIRECTIONAL_CREDIT,0.0,0,234.15,MEDIUM,0,0,0,0,0,0,NO_TRADE,,NO_TRADE:ADX_IMMATURE_NO_DIRECTIONAL_CREDIT,
10:24:25,23383.0,23592.85,23457.05,VERY_WIDE,23592.85,23369.65,0.060,DOWNTREND,NEUTRAL,BEARISH,NO_TRADE,NO_TRADE:ADX_IMMATURE_NO_DIRECTIONAL_CREDIT,0.0,0,233.73,MEDIUM,0,0,0,0,0,0,NO_TRADE,,NO_TRADE:ADX_IMMATURE_NO_DIRECTIONAL_CREDIT,
10:24:40,23384.35,23592.85,23457.05,VERY_WIDE,23592.85,23369.65,0.066,DOWNTREND,NEUTRAL,BEARISH,NO_TRADE,NO_TRADE:ADX_IMMATURE_NO_DIRECTIONAL_CREDIT,0.0,0,233.31,MEDIUM,0,0,0,0,0,0,NO_TRADE,,NO_TRADE:ADX_IMMATURE_NO_DIRECTIONAL_CREDIT,
10:24:55,23384.5,23592.85,23457.05,VERY_WIDE,23592.85,23369.65,0.067,DOWNTREND,NEUTRAL,BEARISH,NO_TRADE,NO_TRADE:ADX_IMMATURE_NO_DIRECTIONAL_CREDIT,0.0,0,232.89,MEDIUM,0,0,0,0,0,0,NO_TRADE,,NO_TRADE:ADX_IMMATURE_NO_DIRECTIONAL_CREDIT,
10:25:10,23378.65,23592.85,23457.05,VERY_WIDE,23592.85,23369.65,0.040,DOWNTREND,NEUTRAL,BEARISH,NO_TRADE,NO_TRADE:ADX_IMMATURE_NO_DIRECTIONAL_CREDIT,0.0,0,232.47,MEDIUM,0,0,0,0,0,0,NO_TRADE,,NO_TRADE:ADX_IMMATURE_NO_DIRECTIONAL_CREDIT,
10:25:25,23379.1,23592.85,23457.05,VERY_WIDE,23592.85,23369.65,0.042,DOWNTREND,NEUTRAL,BEARISH,NO_TRADE,NO_TRADE:ADX_IMMATURE_NO_DIRECTIONAL_CREDIT,0.0,0,232.06,MEDIUM,0,0,0,0,0,0,NO_TRADE,,NO_TRADE:ADX_IMMATURE_NO_DIRECTIONAL_CREDIT,
10:25:40,23376.2,23592.85,23457.05,VERY_WIDE,23592.85,23369.65,0.029,DOWNTREND,NEUTRAL,BEARISH,NO_TRADE,NO_TRADE:ADX_IMMATURE_NO_DIRECTIONAL_CREDIT,0.0,0,231.65,MEDIUM,0,0,0,0,0,0,NO_TRADE,,NO_TRADE:ADX_IMMATURE_NO_DIRECTIONAL_CREDIT,
10:25:55,23375.7,23592.85,23457.05,VERY_WIDE,23592.85,23369.65,0.027,DOWNTREND,NEUTRAL,BEARISH,NO_TRADE,NO_TRADE:ADX_IMMATURE_NO_DIRECTIONAL_CREDIT,0.0,0,231.24,MEDIUM,0,0,0,0,0,0,NO_TRADE,,NO_TRADE:ADX_IMMATURE_NO_DIRECTIONAL_CREDIT,
10:26:10,23377.3,23592.85,23457.05,VERY_WIDE,23592.85,23369.65,0.034,DOWNTREND,NEUTRAL,BEARISH,NO_TRADE,NO_TRADE:ADX_IMMATURE_NO_DIRECTIONAL_CREDIT,0.0,0,230.83,MEDIUM,0,0,0,0,0,0,NO_TRADE,,NO_TRADE:ADX_IMMATURE_NO_DIRECTIONAL_CREDIT,
10:26:25,23377.3,23592.85,23457.05,VERY_WIDE,23592.85,23369.65,0.034,DOWNTREND,NEUTRAL,BEARISH,NO_TRADE,NO_TRADE:ADX_IMMATURE_NO_DIRECTIONAL_CREDIT,0.0,0,230.43,MEDIUM,0,0,0,0,0,0,NO_TRADE,,NO_TRADE:ADX_IMMATURE_NO_DIRECTIONAL_CREDIT,
10:26:40,23375.55,23592.85,23457.05,VERY_WIDE,23592.85,23369.65,0.026,DOWNTREND,NEUTRAL,BEARISH,NO_TRADE,NO_TRADE:ADX_IMMATURE_NO_DIRECTIONAL_CREDIT,0.0,0,230.03,MEDIUM,0,0,0,0,0,0,NO_TRADE,,NO_TRADE:ADX_IMMATURE_NO_DIRECTIONAL_CREDIT,
10:26:55,23383.65,23592.85,23457.05,VERY_WIDE,23592.85,23369.65,0.063,DOWNTREND,NEUTRAL,BEARISH,NO_TRADE,NO_TRADE:ADX_IMMATURE_NO_DIRECTIONAL_CREDIT,0.0,0,229.63,MEDIUM,0,0,0,0,0,0,NO_TRADE,,NO_TRADE:ADX_IMMATURE_NO_DIRECTIONAL_CREDIT,
10:27:10,23381.35,23592.85,23457.05,VERY_WIDE,23592.85,23369.65,0.052,DOWNTREND,NEUTRAL,BEARISH,NO_TRADE,NO_TRADE:ADX_IMMATURE_NO_DIRECTIONAL_CREDIT,0.0,0,229.22,MEDIUM,0,0,0,0,0,0,NO_TRADE,,NO_TRADE:ADX_IMMATURE_NO_DIRECTIONAL_CREDIT,
10:27:25,23381.85,23592.85,23457.05,VERY_WIDE,23592.85,23369.65,0.055,DOWNTREND,NEUTRAL,BEARISH,NO_TRADE,NO_TRADE:ADX_IMMATURE_NO_DIRECTIONAL_CREDIT,0.0,0,228.83,MEDIUM,0,0,0,0,0,0,NO_TRADE,,NO_TRADE:ADX_IMMATURE_NO_DIRECTIONAL_CREDIT,
10:27:40,23378.45,23592.85,23457.05,VERY_WIDE,23592.85,23369.65,0.039,DOWNTREND,NEUTRAL,BEARISH,NO_TRADE,NO_TRADE:ADX_IMMATURE_NO_DIRECTIONAL_CREDIT,0.0,0,228.43,MEDIUM,0,0,0,0,0,0,NO_TRADE,,NO_TRADE:ADX_IMMATURE_NO_DIRECTIONAL_CREDIT,
10:27:55,23379.3,23592.85,23457.05,VERY_WIDE,23592.85,23369.65,0.043,DOWNTREND,NEUTRAL,BEARISH,NO_TRADE,NO_TRADE:ADX_IMMATURE_NO_DIRECTIONAL_CREDIT,0.0,0,228.04,MEDIUM,0,0,0,0,0,0,NO_TRADE,,NO_TRADE:ADX_IMMATURE_NO_DIRECTIONAL_CREDIT,
10:28:10,23374.65,23592.85,23457.05,VERY_WIDE,23592.85,23365.35,0.041,DOWNTREND,NEUTRAL,BEARISH,NO_TRADE,NO_TRADE:ADX_IMMATURE_NO_DIRECTIONAL_CREDIT,0.0,0,232.04,MEDIUM,0,0,0,0,0,0,NO_TRADE,,NO_TRADE:ADX_IMMATURE_NO_DIRECTIONAL_CREDIT,
10:28:25,23373.45,23592.85,23457.05,VERY_WIDE,23592.85,23365.35,0.036,DOWNTREND,NEUTRAL,BEARISH,NO_TRADE,NO_TRADE:ADX_IMMATURE_NO_DIRECTIONAL_CREDIT,0.0,0,231.64,MEDIUM,0,0,0,0,0,0,NO_TRADE,,NO_TRADE:ADX_IMMATURE_NO_DIRECTIONAL_CREDIT,
10:28:40,23371.6,23592.85,23457.05,VERY_WIDE,23592.85,23365.35,0.027,DOWNTREND,NEUTRAL,BEARISH,NO_TRADE,NO_TRADE:ADX_IMMATURE_NO_DIRECTIONAL_CREDIT,0.0,0,231.25,MEDIUM,0,0,0,0,0,0,NO_TRADE,,NO_TRADE:ADX_IMMATURE_NO_DIRECTIONAL_CREDIT,
10:28:55,23366.55,23592.85,23457.05,VERY_WIDE,23592.85,23365.35,0.005,DOWNTREND,NEUTRAL,BEARISH,NO_TRADE,NO_TRADE:ADX_IMMATURE_NO_DIRECTIONAL_CREDIT,0.0,0,230.85,MEDIUM,0,0,0,0,0,0,NO_TRADE,,NO_TRADE:ADX_IMMATURE_NO_DIRECTIONAL_CREDIT,
10:29:10,23365.95,23592.85,23457.05,VERY_WIDE,23592.85,23361.1,0.021,DOWNTREND,NEUTRAL,BEARISH,NO_TRADE,NO_TRADE:ADX_IMMATURE_NO_DIRECTIONAL_CREDIT,0.0,0,234.77,MEDIUM,0,0,0,0,0,0,NO_TRADE,,NO_TRADE:ADX_IMMATURE_NO_DIRECTIONAL_CREDIT,
10:29:25,23366.1,23592.85,23457.05,VERY_WIDE,23592.85,23361.1,0.022,DOWNTREND,NEUTRAL,BEARISH,NO_TRADE,NO_TRADE:ADX_IMMATURE_NO_DIRECTIONAL_CREDIT,0.0,0,234.37,MEDIUM,0,0,0,0,0,0,NO_TRADE,,NO_TRADE:ADX_IMMATURE_NO_DIRECTIONAL_CREDIT,
10:29:40,23365.25,23592.85,23457.05,VERY_WIDE,23592.85,23361.1,0.018,DOWNTREND,NEUTRAL,BEARISH,NO_TRADE,NO_TRADE:ADX_IMMATURE_NO_DIRECTIONAL_CREDIT,0.0,0,233.98,MEDIUM,0,0,0,0,0,0,NO_TRADE,,NO_TRADE:ADX_IMMATURE_NO_DIRECTIONAL_CREDIT,
10:29:55,23361.95,23592.85,23457.05,VERY_WIDE,23592.85,23361.1,0.004,DOWNTREND,NEUTRAL,BEARISH,NO_TRADE,NO_TRADE:ADX_IMMATURE_NO_DIRECTIONAL_CREDIT,0.0,0,233.59,MEDIUM,0,0,0,0,0,0,NO_TRADE,,NO_TRADE:ADX_IMMATURE_NO_DIRECTIONAL_CREDIT,
10:30:10,23357.95,23592.85,23457.05,VERY_WIDE,23592.85,23351.45,0.027,DOWNTREND,NEUTRAL,BEARISH,NO_TRADE,NO_TRADE:ADX_IMMATURE_NO_DIRECTIONAL_CREDIT,0.0,0,242.91,MEDIUM,0,0,0,0,0,0,NO_TRADE,,NO_TRADE:ADX_IMMATURE_NO_DIRECTIONAL_CREDIT,
10:30:25,23353.2,23592.85,23457.05,VERY_WIDE,23592.85,23351.45,0.007,DOWNTREND,NEUTRAL,BEARISH,NO_TRADE,NO_TRADE:ADX_IMMATURE_NO_DIRECTIONAL_CREDIT,0.0,0,242.5,MEDIUM,0,0,0,0,0,0,NO_TRADE,,NO_TRADE:ADX_IMMATURE_NO_DIRECTIONAL_CREDIT,
10:30:41,23361.95,23592.85,23457.05,VERY_WIDE,23592.85,23351.45,0.043,DOWNTREND,NEUTRAL,BEARISH,NO_TRADE,NO_TRADE:ADX_IMMATURE_NO_DIRECTIONAL_CREDIT,0.0,0,242.1,MEDIUM,0,0,0,0,0,0,NO_TRADE,,NO_TRADE:ADX_IMMATURE_NO_DIRECTIONAL_CREDIT,
10:30:56,23364.0,23592.85,23457.05,VERY_WIDE,23592.85,23351.45,0.052,DOWNTREND,NEUTRAL,BEARISH,NO_TRADE,NO_TRADE:ADX_IMMATURE_NO_DIRECTIONAL_CREDIT,0.0,0,241.7,MEDIUM,0,0,0,0,0,0,NO_TRADE,,NO_TRADE:ADX_IMMATURE_NO_DIRECTIONAL_CREDIT,
10:31:11,23368.3,23592.85,23457.05,VERY_WIDE,23592.85,23351.45,0.070,DOWNTREND,NEUTRAL,BEARISH,NO_TRADE,NO_TRADE:ADX_IMMATURE_NO_DIRECTIONAL_CREDIT,0.0,0,241.3,MEDIUM,0,0,0,0,0,0,NO_TRADE,,NO_TRADE:ADX_IMMATURE_NO_DIRECTIONAL_CREDIT,
10:31:26,23366.65,23592.85,23457.05,VERY_WIDE,23592.85,23351.45,0.063,DOWNTREND,NEUTRAL,BEARISH,NO_TRADE,NO_TRADE:ADX_IMMATURE_NO_DIRECTIONAL_CREDIT,0.0,0,240.91,MEDIUM,0,0,0,0,0,0,NO_TRADE,,NO_TRADE:ADX_IMMATURE_NO_DIRECTIONAL_CREDIT,
10:31:41,23365.0,23592.85,23457.05,VERY_WIDE,23592.85,23351.45,0.056,DOWNTREND,NEUTRAL,BEARISH,NO_TRADE,NO_TRADE:ADX_IMMATURE_NO_DIRECTIONAL_CREDIT,0.0,0,240.51,MEDIUM,0,0,0,0,0,0,NO_TRADE,,NO_TRADE:ADX_IMMATURE_NO_DIRECTIONAL_CREDIT,
10:31:56,23362.1,23592.85,23457.05,VERY_WIDE,23592.85,23351.45,0.044,DOWNTREND,NEUTRAL,BEARISH,NO_TRADE,NO_TRADE:ADX_IMMATURE_NO_DIRECTIONAL_CREDIT,0.0,0,240.12,MEDIUM,0,0,0,0,0,0,NO_TRADE,,NO_TRADE:ADX_IMMATURE_NO_DIRECTIONAL_CREDIT,
10:32:11,23361.5,23592.85,23457.05,VERY_WIDE,23592.85,23351.45,0.042,DOWNTREND,NEUTRAL,BEARISH,NO_TRADE,NO_TRADE:ADX_IMMATURE_NO_DIRECTIONAL_CREDIT,0.0,0,239.72,MEDIUM,0,0,0,0,0,0,NO_TRADE,,NO_TRADE:ADX_IMMATURE_NO_DIRECTIONAL_CREDIT,
10:32:26,23361.1,23592.85,23457.05,VERY_WIDE,23592.85,23351.45,0.040,DOWNTREND,NEUTRAL,BEARISH,NO_TRADE,NO_TRADE:ADX_IMMATURE_NO_DIRECTIONAL_CREDIT,0.0,0,239.34,MEDIUM,0,0,0,0,0,0,NO_TRADE,,NO_TRADE:ADX_IMMATURE_NO_DIRECTIONAL_CREDIT,
10:32:41,23360.4,23592.85,23457.05,VERY_WIDE,23592.85,23351.45,0.037,DOWNTREND,NEUTRAL,BEARISH,NO_TRADE,NO_TRADE:ADX_IMMATURE_NO_DIRECTIONAL_CREDIT,0.0,0,238.96,MEDIUM,0,0,0,0,0,0,NO_TRADE,,NO_TRADE:ADX_IMMATURE_NO_DIRECTIONAL_CREDIT,
10:32:56,23363.15,23592.85,23457.05,VERY_WIDE,23592.85,23351.45,0.048,DOWNTREND,NEUTRAL,BEARISH,NO_TRADE,NO_TRADE:ADX_IMMATURE_NO_DIRECTIONAL_CREDIT,0.0,0,238.57,MEDIUM,0,0,0,0,0,0,NO_TRADE,,NO_TRADE:ADX_IMMATURE_NO_DIRECTIONAL_CREDIT,
10:33:11,23364.25,23592.85,23457.05,VERY_WIDE,23592.85,23351.45,0.053,DOWNTREND,NEUTRAL,BEARISH,NO_TRADE,NO_TRADE:ADX_IMMATURE_NO_DIRECTIONAL_CREDIT,0.0,0,238.19,MEDIUM,0,0,0,0,0,0,NO_TRADE,,NO_TRADE:ADX_IMMATURE_NO_DIRECTIONAL_CREDIT,
10:33:26,23365.75,23592.85,23457.05,VERY_WIDE,23592.85,23351.45,0.059,DOWNTREND,NEUTRAL,BEARISH,NO_TRADE,NO_TRADE:ADX_IMMATURE_NO_DIRECTIONAL_CREDIT,0.0,0,237.81,MEDIUM,0,0,0,0,0,0,NO_TRADE,,NO_TRADE:ADX_IMMATURE_NO_DIRECTIONAL_CREDIT,
10:33:41,23365.4,23592.85,23457.05,VERY_WIDE,23592.85,23351.45,0.058,DOWNTREND,NEUTRAL,BEARISH,NO_TRADE,NO_TRADE:ADX_IMMATURE_NO_DIRECTIONAL_CREDIT,0.0,0,237.43,MEDIUM,0,0,0,0,0,0,NO_TRADE,,NO_TRADE:ADX_IMMATURE_NO_DIRECTIONAL_CREDIT,
10:33:56,23365.55,23592.85,23457.05,VERY_WIDE,23592.85,23351.45,0.058,DOWNTREND,NEUTRAL,BEARISH,NO_TRADE,NO_TRADE:ADX_IMMATURE_NO_DIRECTIONAL_CREDIT,0.0,0,237.05,MEDIUM,0,0,0,0,0,0,NO_TRADE,,NO_TRADE:ADX_IMMATURE_NO_DIRECTIONAL_CREDIT,
10:34:11,23366.0,23592.85,23457.05,VERY_WIDE,23592.85,23351.45,0.060,DOWNTREND,NEUTRAL,BEARISH,NO_TRADE,NO_TRADE:ADX_IMMATURE_NO_DIRECTIONAL_CREDIT,0.0,0,236.68,MEDIUM,0,0,0,0,0,0,NO_TRADE,,NO_TRADE:ADX_IMMATURE_NO_DIRECTIONAL_CREDIT,
10:34:26,23365.1,23592.85,23457.05,VERY_WIDE,23592.85,23351.45,0.057,DOWNTREND,NEUTRAL,BEARISH,NO_TRADE,NO_TRADE:ADX_IMMATURE_NO_DIRECTIONAL_CREDIT,0.0,0,236.3,MEDIUM,0,0,0,0,0,0,NO_TRADE,,NO_TRADE:ADX_IMMATURE_NO_DIRECTIONAL_CREDIT,
10:34:41,23363.25,23592.85,23457.05,VERY_WIDE,23592.85,23351.45,0.049,DOWNTREND,NEUTRAL,BEARISH,NO_TRADE,NO_TRADE:ADX_IMMATURE_NO_DIRECTIONAL_CREDIT,0.0,0,235.93,MEDIUM,0,0,0,0,0,0,NO_TRADE,,NO_TRADE:ADX_IMMATURE_NO_DIRECTIONAL_CREDIT,
10:34:56,23364.8,23592.85,23457.05,VERY_WIDE,23592.85,23351.45,0.055,DOWNTREND,NEUTRAL,BEARISH,NO_TRADE,NO_TRADE:ADX_IMMATURE_NO_DIRECTIONAL_CREDIT,0.0,0,235.56,MEDIUM,0,0,0,0,0,0,NO_TRADE,,NO_TRADE:ADX_IMMATURE_NO_DIRECTIONAL_CREDIT,
10:35:11,23365.45,23592.85,23457.05,VERY_WIDE,23592.85,23351.45,0.058,DOWNTREND,NEUTRAL,BEARISH,NO_TRADE,NO_TRADE:ADX_IMMATURE_NO_DIRECTIONAL_CREDIT,0.0,0,235.19,MEDIUM,0,0,0,0,0,0,NO_TRADE,,NO_TRADE:ADX_IMMATURE_NO_DIRECTIONAL_CREDIT,
10:35:26,23367.0,23592.85,23457.05,VERY_WIDE,23592.85,23351.45,0.064,DOWNTREND,NEUTRAL,BEARISH,NO_TRADE,NO_TRADE:ADX_IMMATURE_NO_DIRECTIONAL_CREDIT,0.0,0,234.83,MEDIUM,0,0,0,0,0,0,NO_TRADE,,NO_TRADE:ADX_IMMATURE_NO_DIRECTIONAL_CREDIT,
10:35:41,23367.3,23592.85,23457.05,VERY_WIDE,23592.85,23351.45,0.066,DOWNTREND,NEUTRAL,BEARISH,NO_TRADE,NO_TRADE:ADX_IMMATURE_NO_DIRECTIONAL_CREDIT,0.0,0,234.46,MEDIUM,0,0,0,0,0,0,NO_TRADE,,NO_TRADE:ADX_IMMATURE_NO_DIRECTIONAL_CREDIT,
10:35:56,23367.8,23592.85,23457.05,VERY_WIDE,23592.85,23351.45,0.068,DOWNTREND,NEUTRAL,BEARISH,NO_TRADE,NO_TRADE:ADX_IMMATURE_NO_DIRECTIONAL_CREDIT,0.0,0,234.1,MEDIUM,0,0,0,0,0,0,NO_TRADE,,NO_TRADE:ADX_IMMATURE_NO_DIRECTIONAL_CREDIT,
10:36:11,23370.45,23592.85,23457.05,VERY_WIDE,23592.85,23351.45,0.079,DOWNTREND,NEUTRAL,BEARISH,NO_TRADE,NO_TRADE:ADX_IMMATURE_NO_DIRECTIONAL_CREDIT,0.0,0,233.74,MEDIUM,0,0,0,0,0,0,NO_TRADE,,NO_TRADE:ADX_IMMATURE_NO_DIRECTIONAL_CREDIT,
10:36:26,23368.8,23592.85,23457.05,VERY_WIDE,23592.85,23351.45,0.072,DOWNTREND,NEUTRAL,BEARISH,NO_TRADE,NO_TRADE:ADX_IMMATURE_NO_DIRECTIONAL_CREDIT,0.0,0,233.38,MEDIUM,0,0,0,0,0,0,NO_TRADE,,NO_TRADE:ADX_IMMATURE_NO_DIRECTIONAL_CREDIT,
10:36:41,23372.65,23592.85,23457.05,VERY_WIDE,23592.85,23351.45,0.088,DOWNTREND,NEUTRAL,BEARISH,NO_TRADE,NO_TRADE:ADX_IMMATURE_NO_DIRECTIONAL_CREDIT,0.0,0,233.02,MEDIUM,0,0,0,0,0,0,NO_TRADE,,NO_TRADE:ADX_IMMATURE_NO_DIRECTIONAL_CREDIT,
10:36:56,23372.85,23592.85,23457.05,VERY_WIDE,23592.85,23351.45,0.089,DOWNTREND,NEUTRAL,BEARISH,NO_TRADE,NO_TRADE:ADX_IMMATURE_NO_DIRECTIONAL_CREDIT,0.0,0,232.66,MEDIUM,0,0,0,0,0,0,NO_TRADE,,NO_TRADE:ADX_IMMATURE_NO_DIRECTIONAL_CREDIT,
10:37:11,23374.05,23592.85,23457.05,VERY_WIDE,23592.85,23351.45,0.094,DOWNTREND,NEUTRAL,BEARISH,NO_TRADE,NO_TRADE:ADX_IMMATURE_NO_DIRECTIONAL_CREDIT,0.0,0,232.31,MEDIUM,0,0,0,0,0,0,NO_TRADE,,NO_TRADE:ADX_IMMATURE_NO_DIRECTIONAL_CREDIT,
10:37:26,23372.8,23592.85,23457.05,VERY_WIDE,23592.85,23351.45,0.088,DOWNTREND,NEUTRAL,BEARISH,NO_TRADE,NO_TRADE:ADX_IMMATURE_NO_DIRECTIONAL_CREDIT,0.0,0,231.96,MEDIUM,0,0,0,0,0,0,NO_TRADE,,NO_TRADE:ADX_IMMATURE_NO_DIRECTIONAL_CREDIT,
10:37:42,23373.4,23592.85,23457.05,VERY_WIDE,23592.85,23351.45,0.091,DOWNTREND,NEUTRAL,BEARISH,NO_TRADE,NO_TRADE:ADX_IMMATURE_NO_DIRECTIONAL_CREDIT,0.0,0,231.6,MEDIUM,0,0,0,0,0,0,NO_TRADE,,NO_TRADE:ADX_IMMATURE_NO_DIRECTIONAL_CREDIT,
10:37:57,23371.85,23592.85,23457.05,VERY_WIDE,23592.85,23351.45,0.085,DOWNTREND,NEUTRAL,BEARISH,NO_TRADE,NO_TRADE:ADX_IMMATURE_NO_DIRECTIONAL_CREDIT,0.0,0,231.25,MEDIUM,0,0,0,0,0,0,NO_TRADE,,NO_TRADE:ADX_IMMATURE_NO_DIRECTIONAL_CREDIT,
10:38:12,23373.9,23592.85,23457.05,VERY_WIDE,23592.85,23351.45,0.093,DOWNTREND,NEUTRAL,BEARISH,NO_TRADE,NO_TRADE:ADX_IMMATURE_NO_DIRECTIONAL_CREDIT,0.0,0,230.9,MEDIUM,0,0,0,0,0,0,NO_TRADE,,NO_TRADE:ADX_IMMATURE_NO_DIRECTIONAL_CREDIT,
10:38:27,23372.65,23592.85,23457.05,VERY_WIDE,23592.85,23351.45,0.088,DOWNTREND,NEUTRAL,BEARISH,NO_TRADE,NO_TRADE:ADX_IMMATURE_NO_DIRECTIONAL_CREDIT,0.0,0,230.56,MEDIUM,0,0,0,0,0,0,NO_TRADE,,NO_TRADE:ADX_IMMATURE_NO_DIRECTIONAL_CREDIT,
10:38:42,23369.2,23592.85,23457.05,VERY_WIDE,23592.85,23351.45,0.074,DOWNTREND,NEUTRAL,BEARISH,NO_TRADE,NO_TRADE:ADX_IMMATURE_NO_DIRECTIONAL_CREDIT,0.0,0,230.21,MEDIUM,0,0,0,0,0,0,NO_TRADE,,NO_TRADE:ADX_IMMATURE_NO_DIRECTIONAL_CREDIT,
10:38:57,23369.65,23592.85,23457.05,VERY_WIDE,23592.85,23351.45,0.075,DOWNTREND,NEUTRAL,BEARISH,NO_TRADE,NO_TRADE:ADX_IMMATURE_NO_DIRECTIONAL_CREDIT,0.0,0,229.87,MEDIUM,0,0,0,0,0,0,NO_TRADE,,NO_TRADE:ADX_IMMATURE_NO_DIRECTIONAL_CREDIT,
10:39:12,23368.9,23592.85,23457.05,VERY_WIDE,23592.85,23351.45,0.072,DOWNTREND,NEUTRAL,BEARISH,NO_TRADE,NO_TRADE:ADX_IMMATURE_NO_DIRECTIONAL_CREDIT,0.0,0,229.53,MEDIUM,0,0,0,0,0,0,NO_TRADE,,NO_TRADE:ADX_IMMATURE_NO_DIRECTIONAL_CREDIT,
10:39:27,23366.8,23592.85,23457.05,VERY_WIDE,23592.85,23351.45,0.064,DOWNTREND,NEUTRAL,BEARISH,NO_TRADE,NO_TRADE:ADX_IMMATURE_NO_DIRECTIONAL_CREDIT,0.0,0,229.19,MEDIUM,0,0,0,0,0,0,NO_TRADE,,NO_TRADE:ADX_IMMATURE_NO_DIRECTIONAL_CREDIT,
10:39:42,23372.95,23592.85,23457.05,VERY_WIDE,23592.85,23351.45,0.089,DOWNTREND,NEUTRAL,BEARISH,NO_TRADE,NO_TRADE:ADX_IMMATURE_NO_DIRECTIONAL_CREDIT,0.0,0,228.85,MEDIUM,0,0,0,0,0,0,NO_TRADE,,NO_TRADE:ADX_IMMATURE_NO_DIRECTIONAL_CREDIT,
10:39:57,23371.5,23592.85,23457.05,VERY_WIDE,23592.85,23351.45,0.083,DOWNTREND,NEUTRAL,BEARISH,NO_TRADE,NO_TRADE:ADX_IMMATURE_NO_DIRECTIONAL_CREDIT,0.0,0,228.51,MEDIUM,0,0,0,0,0,0,NO_TRADE,,NO_TRADE:ADX_IMMATURE_NO_DIRECTIONAL_CREDIT,
10:40:12,23371.45,23592.85,23457.05,VERY_WIDE,23592.85,23351.45,0.083,DOWNTREND,NEUTRAL,BEARISH,NO_TRADE,NO_TRADE:ADX_IMMATURE_NO_DIRECTIONAL_CREDIT,0.0,0,228.17,MEDIUM,0,0,0,0,0,0,NO_TRADE,,NO_TRADE:ADX_IMMATURE_NO_DIRECTIONAL_CREDIT,
10:40:27,23370.9,23592.85,23457.05,VERY_WIDE,23592.85,23351.45,0.081,DOWNTREND,NEUTRAL,BEARISH,NO_TRADE,NO_TRADE:ADX_IMMATURE_NO_DIRECTIONAL_CREDIT,0.0,0,227.84,MEDIUM,0,0,0,0,0,0,NO_TRADE,,NO_TRADE:ADX_IMMATURE_NO_DIRECTIONAL_CREDIT,
10:40:42,23368.25,23592.85,23457.05,VERY_WIDE,23592.85,23351.45,0.070,DOWNTREND,NEUTRAL,BEARISH,NO_TRADE,NO_TRADE:ADX_IMMATURE_NO_DIRECTIONAL_CREDIT,0.0,0,227.51,MEDIUM,0,0,0,0,0,0,NO_TRADE,,NO_TRADE:ADX_IMMATURE_NO_DIRECTIONAL_CREDIT,
10:40:57,23365.55,23592.85,23457.05,VERY_WIDE,23592.85,23351.45,0.058,DOWNTREND,NEUTRAL,BEARISH,NO_TRADE,NO_TRADE:ADX_IMMATURE_NO_DIRECTIONAL_CREDIT,0.0,0,227.17,MEDIUM,0,0,0,0,0,0,NO_TRADE,,NO_TRADE:ADX_IMMATURE_NO_DIRECTIONAL_CREDIT,
10:41:12,23363.5,23592.85,23457.05,VERY_WIDE,23592.85,23351.45,0.050,DOWNTREND,NEUTRAL,BEARISH,NO_TRADE,NO_TRADE:ADX_IMMATURE_NO_DIRECTIONAL_CREDIT,0.0,0,226.84,MEDIUM,0,0,0,0,0,0,NO_TRADE,,NO_TRADE:ADX_IMMATURE_NO_DIRECTIONAL_CREDIT,
10:41:27,23365.0,23592.85,23457.05,VERY_WIDE,23592.85,23351.45,0.056,DOWNTREND,NEUTRAL,BEARISH,NO_TRADE,NO_TRADE:ADX_IMMATURE_NO_DIRECTIONAL_CREDIT,0.0,0,226.51,MEDIUM,0,0,0,0,0,0,NO_TRADE,,NO_TRADE:ADX_IMMATURE_NO_DIRECTIONAL_CREDIT,
10:41:42,23366.05,23592.85,23457.05,VERY_WIDE,23592.85,23351.45,0.060,DOWNTREND,NEUTRAL,BEARISH,NO_TRADE,NO_TRADE:ADX_IMMATURE_NO_DIRECTIONAL_CREDIT,0.0,0,226.19,MEDIUM,0,0,0,0,0,0,NO_TRADE,,NO_TRADE:ADX_IMMATURE_NO_DIRECTIONAL_CREDIT,
10:41:57,23366.4,23592.85,23457.05,VERY_WIDE,23592.85,23351.45,0.062,DOWNTREND,NEUTRAL,BEARISH,NO_TRADE,NO_TRADE:ADX_IMMATURE_NO_DIRECTIONAL_CREDIT,0.0,0,225.86,MEDIUM,0,0,0,0,0,0,NO_TRADE,,NO_TRADE:ADX_IMMATURE_NO_DIRECTIONAL_CREDIT,
10:42:12,23366.85,23592.85,23457.05,VERY_WIDE,23592.85,23351.45,0.064,DOWNTREND,NEUTRAL,BEARISH,NO_TRADE,NO_TRADE:ADX_IMMATURE_NO_DIRECTIONAL_CREDIT,0.0,0,225.53,MEDIUM,0,0,0,0,0,0,NO_TRADE,,NO_TRADE:ADX_IMMATURE_NO_DIRECTIONAL_CREDIT,
10:42:27,23365.7,23592.85,23457.05,VERY_WIDE,23592.85,23351.45,0.059,DOWNTREND,NEUTRAL,BEARISH,NO_TRADE,NO_TRADE:ADX_IMMATURE_NO_DIRECTIONAL_CREDIT,0.0,0,225.21,MEDIUM,0,0,0,0,0,0,NO_TRADE,,NO_TRADE:ADX_IMMATURE_NO_DIRECTIONAL_CREDIT,
10:42:42,23364.6,23592.85,23457.05,VERY_WIDE,23592.85,23351.45,0.054,DOWNTREND,NEUTRAL,BEARISH,NO_TRADE,NO_TRADE:ADX_IMMATURE_NO_DIRECTIONAL_CREDIT,0.0,0,224.89,MEDIUM,0,0,0,0,0,0,NO_TRADE,,NO_TRADE:ADX_IMMATURE_NO_DIRECTIONAL_CREDIT,
10:42:57,23364.7,23592.85,23457.05,VERY_WIDE,23592.85,23351.45,0.055,DOWNTREND,NEUTRAL,BEARISH,NO_TRADE,NO_TRADE:ADX_IMMATURE_NO_DIRECTIONAL_CREDIT,0.0,0,224.57,MEDIUM,0,0,0,0,0,0,NO_TRADE,,NO_TRADE:ADX_IMMATURE_NO_DIRECTIONAL_CREDIT,
10:43:12,23359.95,23592.85,23457.05,VERY_WIDE,23592.85,23348.4,0.047,DOWNTREND,NEUTRAL,BEARISH,NO_TRADE,NO_TRADE:ADX_IMMATURE_NO_DIRECTIONAL_CREDIT,0.0,0,227.08,MEDIUM,0,0,0,0,0,0,NO_TRADE,,NO_TRADE:ADX_IMMATURE_NO_DIRECTIONAL_CREDIT,
10:43:27,23355.45,23592.85,23457.05,VERY_WIDE,23592.85,23348.4,0.029,DOWNTREND,NEUTRAL,BEARISH,NO_TRADE,NO_TRADE:ADX_IMMATURE_NO_DIRECTIONAL_CREDIT,0.0,0,226.76,MEDIUM,0,0,0,0,0,0,NO_TRADE,,NO_TRADE:ADX_IMMATURE_NO_DIRECTIONAL_CREDIT,
10:43:42,23350.15,23592.85,23457.05,VERY_WIDE,23592.85,23348.4,0.007,DOWNTREND,NEUTRAL,BEARISH,NO_TRADE,NO_TRADE:ADX_IMMATURE_NO_DIRECTIONAL_CREDIT,0.0,0,226.44,MEDIUM,0,0,0,0,0,0,NO_TRADE,,NO_TRADE:ADX_IMMATURE_NO_DIRECTIONAL_CREDIT,
10:43:57,23354.2,23592.85,23457.05,VERY_WIDE,23592.85,23348.4,0.024,DOWNTREND,NEUTRAL,BEARISH,NO_TRADE,NO_TRADE:ADX_IMMATURE_NO_DIRECTIONAL_CREDIT,0.0,0,226.12,MEDIUM,0,0,0,0,0,0,NO_TRADE,,NO_TRADE:ADX_IMMATURE_NO_DIRECTIONAL_CREDIT,
10:44:12,23355.85,23592.85,23457.05,VERY_WIDE,23592.85,23348.4,0.030,DOWNTREND,NEUTRAL,BEARISH,NO_TRADE,NO_TRADE:ADX_IMMATURE_NO_DIRECTIONAL_CREDIT,0.0,0,225.8,MEDIUM,0,0,0,0,0,0,NO_TRADE,,NO_TRADE:ADX_IMMATURE_NO_DIRECTIONAL_CREDIT,
10:44:27,23354.2,23592.85,23457.05,VERY_WIDE,23592.85,23348.4,0.024,DOWNTREND,NEUTRAL,BEARISH,NO_TRADE,NO_TRADE:ADX_IMMATURE_NO_DIRECTIONAL_CREDIT,0.0,0,225.49,MEDIUM,0,0,0,0,0,0,NO_TRADE,,NO_TRADE:ADX_IMMATURE_NO_DIRECTIONAL_CREDIT,
10:44:43,23354.45,23592.85,23457.05,VERY_WIDE,23592.85,23348.4,0.025,DOWNTREND,NEUTRAL,BEARISH,NO_TRADE,NO_TRADE:ADX_IMMATURE_NO_DIRECTIONAL_CREDIT,0.0,0,225.17,MEDIUM,0,0,0,0,0,0,NO_TRADE,,NO_TRADE:ADX_IMMATURE_NO_DIRECTIONAL_CREDIT,
10:44:58,23351.65,23592.85,23457.05,VERY_WIDE,23592.85,23348.4,0.013,DOWNTREND,NEUTRAL,BEARISH,NO_TRADE,NO_TRADE:ADX_IMMATURE_NO_DIRECTIONAL_CREDIT,0.0,0,224.86,MEDIUM,0,0,0,0,0,0,NO_TRADE,,NO_TRADE:ADX_IMMATURE_NO_DIRECTIONAL_CREDIT,
10:45:13,23351.6,23592.85,23457.05,VERY_WIDE,23592.85,23348.4,0.013,DOWNTREND,NEUTRAL,BEARISH,PREMIUM_SELL_BULL,NO_TRADE:ADX_IMMATURE_NO_DIRECTIONAL_CREDIT,0.0,0,224.55,MEDIUM,0,0,0,1,0,0,NO_TRADE,,"params_invalid:ev_gate:ev_-1.88pts_below_min_0.42pts(p_win=0.57,p_tail=0.099,rew=9.28,stop=8.38,tail=31.68,fric=0.52)",
10:45:28,23350.5,23592.85,23457.05,VERY_WIDE,23592.85,23348.4,0.009,DOWNTREND,NEUTRAL,BEARISH,PREMIUM_SELL_BULL,NO_TRADE:ADX_IMMATURE_NO_DIRECTIONAL_CREDIT,0.0,0,224.23,MEDIUM,0,0,0,1,0,0,NO_TRADE,,"params_invalid:ev_gate:ev_-1.88pts_below_min_0.43pts(p_win=0.57,p_tail=0.099,rew=9.48,stop=8.56,tail=31.71,fric=0.52)",
10:45:43,23351.35,23592.85,23457.05,VERY_WIDE,23592.85,23348.4,0.012,DOWNTREND,NEUTRAL,BEARISH,PREMIUM_SELL_BULL,AFTERNOON_DAY_LOW_FADE_DTE0,0.0,0,223.92,MEDIUM,0,0,0,1,0,0,NO_TRADE,,"params_invalid:ev_gate:ev_-1.84pts_below_min_0.42pts(p_win=0.57,p_tail=0.099,rew=9.22,stop=8.32,tail=31.66,fric=0.45)",
10:45:58,23352.95,23592.85,23457.05,VERY_WIDE,23592.85,23348.4,0.019,DOWNTREND,NEUTRAL,BEARISH,PREMIUM_SELL_BULL,AFTERNOON_DAY_LOW_FADE_DTE0,0.0,0,223.61,MEDIUM,0,0,0,1,0,0,NO_TRADE,,"params_invalid:ev_gate:ev_-1.88pts_below_min_0.41pts(p_win=0.57,p_tail=0.099,rew=9.14,stop=8.25,tail=31.65,fric=0.58)",
10:46:13,23349.8,23592.85,23457.05,VERY_WIDE,23592.85,23338.4,0.045,DOWNTREND,NEUTRAL,BEARISH,PREMIUM_SELL_BULL,AFTERNOON_DAY_LOW_FADE_DTE0,0.0,0,232.44,MEDIUM,0,0,0,1,0,0,NO_TRADE,,"params_invalid:ev_gate:ev_-1.82pts_below_min_0.44pts(p_win=0.57,p_tail=0.099,rew=9.79,stop=8.83,tail=31.77,fric=0.46)",
10:46:28,23350.6,23592.85,23457.05,VERY_WIDE,23592.85,23338.4,0.048,DOWNTREND,NEUTRAL,BEARISH,PREMIUM_SELL_BULL,AFTERNOON_DAY_LOW_FADE_DTE0,0.0,0,232.12,MEDIUM,0,0,0,1,0,0,NO_TRADE,,"params_invalid:ev_gate:ev_-1.91pts_below_min_0.43pts(p_win=0.57,p_tail=0.099,rew=9.58,stop=8.64,tail=31.73,fric=0.58)",
10:46:43,23343.25,23592.85,23457.05,VERY_WIDE,23592.85,23338.4,0.019,DOWNTREND,NEUTRAL,BEARISH,PREMIUM_SELL_BULL,AFTERNOON_DAY_LOW_FADE_DTE0,0.0,0,231.8,MEDIUM,0,0,0,1,0,0,NO_TRADE,,"params_invalid:ev_gate:ev_-2.03pts_below_min_0.46pts(p_win=0.55,p_tail=0.099,rew=10.18,stop=9.18,tail=31.84,fric=0.52)",
10:46:58,23338.8,23592.85,23457.05,VERY_WIDE,23592.85,23338.4,0.002,DOWNTREND,NEUTRAL,BEARISH,PREMIUM_SELL_BULL,AFTERNOON_DAY_LOW_FADE_DTE0,0.0,0,231.49,MEDIUM,0,0,0,1,0,0,NO_TRADE,,"params_invalid:ev_gate:ev_-2.21pts_below_min_0.49pts(p_win=0.54,p_tail=0.099,rew=10.81,stop=9.75,tail=31.95,fric=0.53)",
10:47:13,23341.75,23592.85,23457.05,VERY_WIDE,23592.85,23338.4,0.013,DOWNTREND,NEUTRAL,BEARISH,PREMIUM_SELL_BULL,AFTERNOON_DAY_LOW_FADE_DTE0,0.0,0,231.17,MEDIUM,0,0,0,1,0,0,NO_TRADE,,"params_invalid:ev_gate:ev_-2.09pts_below_min_0.49pts(p_win=0.55,p_tail=0.099,rew=10.91,stop=9.84,tail=31.97,fric=0.53)",
10:47:28,23348.7,23592.85,23457.05,VERY_WIDE,23592.85,23338.4,0.040,DOWNTREND,NEUTRAL,BEARISH,PREMIUM_SELL_BULL,AFTERNOON_DAY_LOW_FADE_DTE0,0.0,0,230.86,MEDIUM,0,0,0,1,0,0,NO_TRADE,,"params_invalid:ev_gate:ev_-1.89pts_below_min_0.44pts(p_win=0.56,p_tail=0.099,rew=9.78,stop=8.82,tail=31.76,fric=0.52)",
10:47:43,23347.25,23592.85,23457.05,VERY_WIDE,23592.85,23338.4,0.035,DOWNTREND,NEUTRAL,BEARISH,PREMIUM_SELL_BULL,AFTERNOON_DAY_LOW_FADE_DTE0,0.0,0,230.54,MEDIUM,0,0,0,1,0,0,NO_TRADE,,"params_invalid:ev_gate:ev_-1.94pts_below_min_0.44pts(p_win=0.56,p_tail=0.099,rew=9.81,stop=8.85,tail=31.77,fric=0.52)",
10:47:58,23343.65,23592.85,23457.05,VERY_WIDE,23592.85,23338.4,0.021,DOWNTREND,NEUTRAL,BEARISH,PREMIUM_SELL_BULL,AFTERNOON_DAY_LOW_FADE_DTE0,0.0,0,230.24,MEDIUM,0,0,0,1,0,0,NO_TRADE,,"params_invalid:ev_gate:ev_-2.02pts_below_min_0.45pts(p_win=0.55,p_tail=0.099,rew=9.89,stop=8.92,tail=31.78,fric=0.46)",
10:48:13,23348.4,23592.85,23457.05,VERY_WIDE,23592.85,23338.4,0.039,DOWNTREND,NEUTRAL,BEARISH,PREMIUM_SELL_BULL,AFTERNOON_DAY_LOW_FADE_DTE0,0.0,0,229.93,MEDIUM,0,0,0,1,0,0,NO_TRADE,,"params_invalid:ev_gate:ev_-1.92pts_below_min_0.43pts(p_win=0.56,p_tail=0.099,rew=9.61,stop=8.67,tail=31.73,fric=0.52)",
10:48:28,23351.25,23592.85,23457.05,VERY_WIDE,23592.85,23338.4,0.051,DOWNTREND,NEUTRAL,BEARISH,PREMIUM_SELL_BULL,AFTERNOON_DAY_LOW_FADE_DTE0,0.0,0,229.62,MEDIUM,0,0,0,1,0,0,NO_TRADE,,"params_invalid:ev_gate:ev_-1.84pts_below_min_0.42pts(p_win=0.57,p_tail=0.099,rew=9.28,stop=8.38,tail=31.68,fric=0.52)",
10:48:43,23348.25,23592.85,23457.05,VERY_WIDE,23592.85,23338.4,0.039,DOWNTREND,NEUTRAL,BEARISH,PREMIUM_SELL_BULL,AFTERNOON_DAY_LOW_FADE_DTE0,0.0,0,229.31,MEDIUM,0,0,0,1,0,0,NO_TRADE,,"params_invalid:ev_gate:ev_-1.91pts_below_min_0.43pts(p_win=0.57,p_tail=0.099,rew=9.55,stop=8.62,tail=31.72,fric=0.52)",
10:48:58,23348.3,23592.85,23457.05,VERY_WIDE,23592.85,23338.4,0.039,DOWNTREND,NEUTRAL,BEARISH,PREMIUM_SELL_BULL,AFTERNOON_DAY_LOW_FADE_DTE0,0.0,0,229.01,MEDIUM,0,0,0,1,0,0,NO_TRADE,,"params_invalid:ev_gate:ev_-1.85pts_below_min_0.44pts(p_win=0.57,p_tail=0.099,rew=9.65,stop=8.71,tail=31.74,fric=0.45)",
10:49:13,23346.6,23592.85,23457.05,VERY_WIDE,23592.85,23338.4,0.032,DOWNTREND,NEUTRAL,BEARISH,PREMIUM_SELL_BULL,AFTERNOON_DAY_LOW_FADE_DTE0,0.0,0,228.7,MEDIUM,0,0,0,1,0,0,NO_TRADE,,"params_invalid:ev_gate:ev_-1.93pts_below_min_0.45pts(p_win=0.56,p_tail=0.099,rew=9.91,stop=8.94,tail=31.79,fric=0.52)",
10:49:28,23345.15,23592.85,23457.05,VERY_WIDE,23592.85,23338.4,0.027,DOWNTREND,NEUTRAL,BEARISH,PREMIUM_SELL_BULL,AFTERNOON_DAY_LOW_FADE_DTE0,0.0,0,228.4,MEDIUM,0,0,0,1,0,0,NO_TRADE,,"params_invalid:ev_gate:ev_-1.97pts_below_min_0.45pts(p_win=0.56,p_tail=0.099,rew=10.08,stop=9.09,tail=31.82,fric=0.52)",
10:49:43,23340.65,23592.85,23457.05,VERY_WIDE,23592.85,23338.4,0.009,DOWNTREND,NEUTRAL,BEARISH,PREMIUM_SELL_BULL,AFTERNOON_DAY_LOW_FADE_DTE0,0.0,0,228.09,MEDIUM,0,0,0,1,0,0,NO_TRADE,,"params_invalid:ev_gate:ev_-2.13pts_below_min_0.47pts(p_win=0.55,p_tail=0.099,rew=10.41,stop=9.39,tail=31.88,fric=0.53)",
10:49:58,23340.25,23592.85,23457.05,VERY_WIDE,23592.85,23338.4,0.007,DOWNTREND,NEUTRAL,BEARISH,PREMIUM_SELL_BULL,AFTERNOON_DAY_LOW_FADE_DTE0,0.0,0,227.79,MEDIUM,0,0,0,1,0,0,NO_TRADE,,"params_invalid:ev_gate:ev_-2.14pts_below_min_0.47pts(p_win=0.55,p_tail=0.099,rew=10.31,stop=9.30,tail=31.86,fric=0.52)",
10:50:13,23340.05,23592.85,23457.05,VERY_WIDE,23592.85,23338.4,0.006,DOWNTREND,NEUTRAL,BEARISH,PREMIUM_SELL_BULL,AFTERNOON_DAY_LOW_FADE_DTE0,0.0,0,227.5,MEDIUM,0,0,0,1,0,0,NO_TRADE,,"params_invalid:ev_gate:ev_-2.17pts_below_min_0.46pts(p_win=0.55,p_tail=0.099,rew=10.15,stop=9.15,tail=31.83,fric=0.52)",
10:50:29,23342.15,23592.85,23457.05,VERY_WIDE,23592.85,23338.4,0.015,DOWNTREND,NEUTRAL,BEARISH,PREMIUM_SELL_BULL,AFTERNOON_DAY_LOW_FADE_DTE0,0.0,0,227.2,MEDIUM,0,0,0,1,0,0,NO_TRADE,,"params_invalid:ev_gate:ev_-2.05pts_below_min_0.46pts(p_win=0.55,p_tail=0.099,rew=10.12,stop=9.13,tail=31.83,fric=0.46)",
10:50:44,23349.0,23592.85,23457.05,VERY_WIDE,23592.85,23338.4,0.042,DOWNTREND,NEUTRAL,BEARISH,PREMIUM_SELL_BULL,AFTERNOON_DAY_LOW_FADE_DTE0,0.0,0,226.9,MEDIUM,0,0,0,1,0,0,NO_TRADE,,"params_invalid:ev_gate:ev_-1.88pts_below_min_0.43pts(p_win=0.57,p_tail=0.099,rew=9.61,stop=8.67,tail=31.73,fric=0.52)",
10:50:59,23347.2,23592.85,23457.05,VERY_WIDE,23592.85,23338.4,0.035,DOWNTREND,NEUTRAL,BEARISH,PREMIUM_SELL_BULL,AFTERNOON_DAY_LOW_FADE_DTE0,0.0,0,226.6,MEDIUM,0,0,0,1,0,0,NO_TRADE,,"params_invalid:ev_gate:ev_-1.93pts_below_min_0.45pts(p_win=0.56,p_tail=0.099,rew=9.91,stop=8.94,tail=31.79,fric=0.52)",
10:51:14,23345.8,23592.85,23457.05,VERY_WIDE,23592.85,23332.8,0.050,DOWNTREND,NEUTRAL,BEARISH,PREMIUM_SELL_BULL,AFTERNOON_DAY_LOW_FADE_DTE0,0.0,0,231.28,MEDIUM,0,0,0,1,0,0,NO_TRADE,,"params_invalid:ev_gate:ev_-1.93pts_below_min_0.46pts(p_win=0.56,p_tail=0.099,rew=10.12,stop=9.13,tail=31.83,fric=0.46)",
10:51:29,23343.2,23592.85,23457.05,VERY_WIDE,23592.85,23332.8,0.040,DOWNTREND,NEUTRAL,BEARISH,PREMIUM_SELL_BULL,AFTERNOON_DAY_LOW_FADE_DTE0,0.0,0,230.98,MEDIUM,0,0,0,1,0,0,NO_TRADE,,"params_invalid:ev_gate:ev_-2.02pts_below_min_0.47pts(p_win=0.55,p_tail=0.099,rew=10.35,stop=9.34,tail=31.87,fric=0.46)",
10:51:44,23336.55,23592.85,23457.05,VERY_WIDE,23592.85,23332.8,0.014,DOWNTREND,NEUTRAL,BEARISH,PREMIUM_SELL_BULL,AFTERNOON_DAY_LOW_FADE_DTE0,0.0,0,230.68,MEDIUM,0,0,0,1,0,0,NO_TRADE,,"params_invalid:ev_gate:ev_-2.28pts_below_min_0.48pts(p_win=0.54,p_tail=0.099,rew=10.61,stop=9.57,tail=31.91,fric=0.53)",
10:51:59,23333.8,23592.85,23457.05,VERY_WIDE,23592.85,23332.8,0.004,DOWNTREND,NEUTRAL,BEARISH,PREMIUM_SELL_BULL,AFTERNOON_DAY_LOW_FADE_DTE0,0.0,0,230.38,MEDIUM,0,0,0,1,0,0,NO_TRADE,,"params_invalid:ev_gate:ev_-2.37pts_below_min_0.51pts(p_win=0.53,p_tail=0.099,rew=11.34,stop=10.23,tail=32.05,fric=0.53)",
10:52:14,23331.7,23592.85,23457.05,VERY_WIDE,23592.85,23330.65,0.004,DOWNTREND,NEUTRAL,BEARISH,PREMIUM_SELL_BULL,AFTERNOON_DAY_LOW_FADE_DTE0,0.0,0,231.99,MEDIUM,0,0,0,1,0,0,NO_TRADE,,"params_invalid:ev_gate:ev_-2.91pts_below_min_0.51pts(p_win=0.50,p_tail=0.099,rew=11.34,stop=10.23,tail=32.05,fric=0.53)",
10:52:29,23333.95,23592.85,23457.05,VERY_WIDE,23592.85,23330.65,0.013,DOWNTREND,NEUTRAL,BEARISH,PREMIUM_SELL_BULL,AFTERNOON_DAY_LOW_FADE_DTE0,0.0,0,231.69,MEDIUM,0,0,0,1,0,0,NO_TRADE,,"params_invalid:ev_gate:ev_-2.38pts_below_min_0.50pts(p_win=0.53,p_tail=0.099,rew=11.14,stop=10.05,tail=32.01,fric=0.53)",
10:52:44,23334.9,23592.85,23457.05,VERY_WIDE,23592.85,23330.65,0.016,DOWNTREND,NEUTRAL,BEARISH,PREMIUM_SELL_BULL,AFTERNOON_DAY_LOW_FADE_DTE0,0.0,0,231.39,MEDIUM,0,0,0,1,0,0,NO_TRADE,,"params_invalid:ev_gate:ev_-2.37pts_below_min_0.51pts(p_win=0.53,p_tail=0.099,rew=11.31,stop=10.20,tail=32.04,fric=0.53)",
10:52:59,23334.95,23592.85,23457.05,VERY_WIDE,23592.85,23330.65,0.016,DOWNTREND,NEUTRAL,BEARISH,PREMIUM_SELL_BULL,AFTERNOON_DAY_LOW_FADE_DTE0,0.0,0,231.1,MEDIUM,0,0,0,1,0,0,NO_TRADE,,"params_invalid:ev_gate:ev_-2.33pts_below_min_0.51pts(p_win=0.53,p_tail=0.099,rew=11.24,stop=10.15,tail=32.03,fric=0.47)",
10:53:14,23335.4,23592.85,23457.05,VERY_WIDE,23592.85,23330.65,0.018,DOWNTREND,NEUTRAL,BEARISH,PREMIUM_SELL_BULL,AFTERNOON_DAY_LOW_FADE_DTE0,0.0,0,230.81,MEDIUM,0,0,0,1,0,0,NO_TRADE,,"params_invalid:ev_gate:ev_-2.31pts_below_min_0.50pts(p_win=0.53,p_tail=0.099,rew=11.17,stop=10.08,tail=32.02,fric=0.53)",
10:53:29,23335.85,23592.85,23457.05,VERY_WIDE,23592.85,23330.65,0.020,DOWNTREND,NEUTRAL,BEARISH,PREMIUM_SELL_BULL,AFTERNOON_DAY_LOW_FADE_DTE0,0.0,0,230.51,MEDIUM,0,0,0,1,0,0,NO_TRADE,,"params_invalid:ev_gate:ev_-2.32pts_below_min_0.49pts(p_win=0.53,p_tail=0.099,rew=10.94,stop=9.87,tail=31.97,fric=0.53)",
10:53:44,23334.85,23592.85,23457.05,VERY_WIDE,23592.85,23330.65,0.016,DOWNTREND,NEUTRAL,BEARISH,PREMIUM_SELL_BULL,AFTERNOON_DAY_LOW_FADE_DTE0,0.0,0,230.22,MEDIUM,0,0,0,1,0,0,NO_TRADE,,"params_invalid:ev_gate:ev_-2.33pts_below_min_0.52pts(p_win=0.53,p_tail=0.099,rew=11.58,stop=10.44,tail=32.09,fric=0.47)",
10:53:59,23335.4,23592.85,23457.05,VERY_WIDE,23592.85,23330.65,0.018,DOWNTREND,NEUTRAL,BEARISH,PREMIUM_SELL_BULL,AFTERNOON_DAY_LOW_FADE_DTE0,0.0,0,229.93,MEDIUM,0,0,0,1,0,0,NO_TRADE,,"params_invalid:ev_gate:ev_-2.34pts_below_min_0.52pts(p_win=0.53,p_tail=0.099,rew=11.54,stop=10.41,tail=32.08,fric=0.54)",
10:54:14,23337.35,23592.85,23457.05,VERY_WIDE,23592.85,23330.65,0.026,DOWNTREND,NEUTRAL,BEARISH,PREMIUM_SELL_BULL,AFTERNOON_DAY_LOW_FADE_DTE0,0.0,0,229.64,MEDIUM,0,0,0,1,0,0,NO_TRADE,,"params_invalid:ev_gate:ev_-2.30pts_below_min_0.52pts(p_win=0.53,p_tail=0.099,rew=11.47,stop=10.35,tail=32.07,fric=0.54)",
10:54:29,23336.75,23592.85,23457.05,VERY_WIDE,23592.85,23330.65,0.023,DOWNTREND,NEUTRAL,BEARISH,PREMIUM_SELL_BULL,AFTERNOON_DAY_LOW_FADE_DTE0,0.0,0,229.35,MEDIUM,0,0,0,1,0,0,NO_TRADE,,"params_invalid:ev_gate:ev_-2.33pts_below_min_0.50pts(p_win=0.54,p_tail=0.099,rew=11.07,stop=9.99,tail=32.00,fric=0.60)",
10:54:44,23338.55,23592.85,23457.05,VERY_WIDE,23592.85,23330.65,0.030,DOWNTREND,NEUTRAL,BEARISH,PREMIUM_SELL_BULL,AFTERNOON_DAY_LOW_FADE_DTE0,0.0,0,229.06,MEDIUM,0,0,0,1,0,0,NO_TRADE,,"params_invalid:ev_gate:ev_-2.19pts_below_min_0.51pts(p_win=0.54,p_tail=0.099,rew=11.41,stop=10.29,tail=32.06,fric=0.47)",
10:54:59,23335.8,23592.85,23457.05,VERY_WIDE,23592.85,23330.65,0.020,DOWNTREND,NEUTRAL,BEARISH,PREMIUM_SELL_BULL,AFTERNOON_DAY_LOW_FADE_DTE0,0.0,0,228.77,MEDIUM,0,0,0,1,0,0,NO_TRADE,,"params_invalid:ev_gate:ev_-2.30pts_below_min_0.51pts(p_win=0.53,p_tail=0.099,rew=11.31,stop=10.21,tail=32.04,fric=0.47)",
10:55:14,23334.1,23592.85,23457.05,VERY_WIDE,23592.85,23328.3,0.022,STRONG_DOWNTREND,NEUTRAL,BEARISH,PREMIUM_SELL_BULL,AFTERNOON_DAY_LOW_FADE_DTE0,86.66,1,230.53,MEDIUM,0,0,0,1,0,0,NO_TRADE,,"params_invalid:ev_gate:ev_-4.04pts_below_min_0.51pts(p_win=0.53,p_tail=0.149,rew=11.37,stop=10.26,tail=32.05,fric=0.54)",
10:55:29,23334.1,23592.85,23457.05,VERY_WIDE,23592.85,23328.3,0.022,STRONG_DOWNTREND,NEUTRAL,BEARISH,PREMIUM_SELL_BULL,AFTERNOON_DAY_LOW_FADE_DTE0,86.66,1,230.25,MEDIUM,0,0,0,1,0,0,NO_TRADE,,"params_invalid:ev_gate:ev_-4.04pts_below_min_0.52pts(p_win=0.53,p_tail=0.149,rew=11.54,stop=10.41,tail=32.08,fric=0.54)",
10:55:44,23330.1,23592.85,23457.05,VERY_WIDE,23592.85,23328.3,0.007,STRONG_DOWNTREND,NEUTRAL,BEARISH,PREMIUM_SELL_BULL,AFTERNOON_DAY_LOW_FADE_DTE0,86.66,1,229.96,MEDIUM,0,0,0,1,0,0,NO_TRADE,,"params_invalid:ev_gate:ev_-4.12pts_below_min_0.58pts(p_win=0.52,p_tail=0.149,rew=12.87,stop=11.61,tail=32.32,fric=0.48)",
10:55:59,23328.8,23592.85,23457.05,VERY_WIDE,23592.85,23328.3,0.002,STRONG_DOWNTREND,NEUTRAL,BEARISH,PREMIUM_SELL_BULL,AFTERNOON_DAY_LOW_FADE_DTE0,86.66,1,229.67,MEDIUM,0,0,0,1,0,0,NO_TRADE,,"params_invalid:ev_gate:ev_-4.23pts_below_min_0.53pts(p_win=0.52,p_tail=0.149,rew=11.74,stop=10.59,tail=32.12,fric=0.47)",
10:56:14,23330.75,23592.85,23457.05,VERY_WIDE,23592.85,23327.75,0.011,STRONG_DOWNTREND,NEUTRAL,BEARISH,PREMIUM_SELL_BULL,AFTERNOON_DAY_LOW_FADE_DTE0,86.67,1,229.87,MEDIUM,0,0,0,1,0,0,NO_TRADE,,"params_invalid:ev_gate:ev_-4.18pts_below_min_0.53pts(p_win=0.52,p_tail=0.149,rew=11.84,stop=10.68,tail=32.14,fric=0.54)",
10:56:30,23329.1,23592.85,23457.05,VERY_WIDE,23592.85,23327.75,0.005,STRONG_DOWNTREND,NEUTRAL,BEARISH,PREMIUM_SELL_BULL,AFTERNOON_DAY_LOW_FADE_DTE0,86.67,1,229.58,MEDIUM,0,0,0,1,0,0,NO_TRADE,,"params_invalid:ev_gate:ev_-4.26pts_below_min_0.53pts(p_win=0.52,p_tail=0.149,rew=11.74,stop=10.59,tail=32.12,fric=0.54)",
10:56:45,23331.35,23592.85,23457.05,VERY_WIDE,23592.85,23327.75,0.014,STRONG_DOWNTREND,NEUTRAL,BEARISH,PREMIUM_SELL_BULL,AFTERNOON_DAY_LOW_FADE_DTE0,86.67,1,229.3,MEDIUM,0,0,0,1,0,0,NO_TRADE,,"params_invalid:ev_gate:ev_-4.12pts_below_min_0.51pts(p_win=0.52,p_tail=0.149,rew=11.38,stop=10.27,tail=32.05,fric=0.47)",
10:57:00,23328.95,23592.85,23457.05,VERY_WIDE,23592.85,23327.75,0.005,STRONG_DOWNTREND,NEUTRAL,BEARISH,PREMIUM_SELL_BULL,AFTERNOON_DAY_LOW_FADE_DTE0,86.67,1,229.02,MEDIUM,0,0,0,1,0,0,NO_TRADE,,"params_invalid:ev_gate:ev_-4.24pts_below_min_0.51pts(p_win=0.52,p_tail=0.149,rew=11.37,stop=10.26,tail=32.05,fric=0.54)",
10:57:15,23331.45,23592.85,23457.05,VERY_WIDE,23592.85,23327.75,0.014,STRONG_DOWNTREND,NEUTRAL,BEARISH,PREMIUM_SELL_BULL,AFTERNOON_DAY_LOW_FADE_DTE0,86.67,1,228.74,MEDIUM,0,0,0,1,0,0,NO_TRADE,,"params_invalid:ev_gate:ev_-4.12pts_below_min_0.51pts(p_win=0.52,p_tail=0.149,rew=11.21,stop=10.11,tail=32.02,fric=0.47)",
10:57:30,23331.3,23592.85,23457.05,VERY_WIDE,23592.85,23327.75,0.013,STRONG_DOWNTREND,NEUTRAL,BEARISH,PREMIUM_SELL_BULL,AFTERNOON_DAY_LOW_FADE_DTE0,86.67,1,228.46,MEDIUM,0,0,0,1,0,0,NO_TRADE,,"params_invalid:ev_gate:ev_-4.10pts_below_min_0.51pts(p_win=0.52,p_tail=0.149,rew=11.41,stop=10.30,tail=32.06,fric=0.47)",
10:57:45,23331.45,23592.85,23457.05,VERY_WIDE,23592.85,23327.75,0.014,STRONG_DOWNTREND,NEUTRAL,BEARISH,PREMIUM_SELL_BULL,AFTERNOON_DAY_LOW_FADE_DTE0,86.67,1,228.18,MEDIUM,0,0,0,1,0,0,NO_TRADE,,"params_invalid:ev_gate:ev_-4.11pts_below_min_0.51pts(p_win=0.52,p_tail=0.149,rew=11.31,stop=10.21,tail=32.04,fric=0.47)",
10:58:00,23331.15,23592.85,23457.05,VERY_WIDE,23592.85,23327.35,0.014,STRONG_DOWNTREND,NEUTRAL,BEARISH,PREMIUM_SELL_BULL,AFTERNOON_DAY_LOW_FADE_DTE0,86.68,1,228.24,MEDIUM,0,0,0,1,0,0,NO_TRADE,,"params_invalid:ev_gate:ev_-4.12pts_below_min_0.51pts(p_win=0.52,p_tail=0.149,rew=11.34,stop=10.23,tail=32.05,fric=0.47)",
10:58:15,23328.7,23592.85,23457.05,VERY_WIDE,23592.85,23327.35,0.005,STRONG_DOWNTREND,NEUTRAL,BEARISH,PREMIUM_SELL_BULL,AFTERNOON_DAY_LOW_FADE_DTE0,86.68,1,227.97,MEDIUM,0,0,0,1,0,0,NO_TRADE,,"params_invalid:ev_gate:ev_-4.24pts_below_min_0.52pts(p_win=0.52,p_tail=0.149,rew=11.44,stop=10.32,tail=32.06,fric=0.54)",
10:58:30,23331.75,23592.85,23457.05,VERY_WIDE,23592.85,23327.35,0.017,STRONG_DOWNTREND,NEUTRAL,BEARISH,PREMIUM_SELL_BULL,AFTERNOON_DAY_LOW_FADE_DTE0,86.68,1,227.69,MEDIUM,0,0,0,1,0,0,NO_TRADE,,"params_invalid:ev_gate:ev_-4.08pts_below_min_0.50pts(p_win=0.53,p_tail=0.149,rew=11.08,stop=10.00,tail=32.00,fric=0.47)",
10:58:45,23332.95,23592.85,23457.05,VERY_WIDE,23592.85,23327.35,0.021,STRONG_DOWNTREND,NEUTRAL,BEARISH,PREMIUM_SELL_BULL,AFTERNOON_DAY_LOW_FADE_DTE0,86.68,1,227.41,MEDIUM,0,0,0,1,0,0,NO_TRADE,,"params_invalid:ev_gate:ev_-4.07pts_below_min_0.50pts(p_win=0.53,p_tail=0.149,rew=11.07,stop=9.99,tail=32.00,fric=0.53)",
10:59:00,23332.8,23592.85,23457.05,VERY_WIDE,23592.85,23327.35,0.021,STRONG_DOWNTREND,NEUTRAL,BEARISH,PREMIUM_SELL_BULL,AFTERNOON_DAY_LOW_FADE_DTE0,86.68,1,227.14,MEDIUM,0,0,0,1,0,0,NO_TRADE,,"params_invalid:ev_gate:ev_-4.06pts_below_min_0.49pts(p_win=0.53,p_tail=0.149,rew=10.94,stop=9.87,tail=31.97,fric=0.53)",
10:59:15,23333.6,23592.85,23457.05,VERY_WIDE,23592.85,23327.35,0.024,STRONG_DOWNTREND,NEUTRAL,BEARISH,PREMIUM_SELL_BULL,AFTERNOON_DAY_LOW_FADE_DTE0,86.68,1,226.87,MEDIUM,0,0,0,1,0,0,NO_TRADE,,"params_invalid:ev_gate:ev_-4.03pts_below_min_0.49pts(p_win=0.53,p_tail=0.149,rew=10.91,stop=9.84,tail=31.97,fric=0.53)",
10:59:30,23334.55,23592.85,23457.05,VERY_WIDE,23592.85,23327.35,0.027,STRONG_DOWNTREND,NEUTRAL,BEARISH,PREMIUM_SELL_BULL,AFTERNOON_DAY_LOW_FADE_DTE0,86.68,1,226.59,MEDIUM,0,0,0,1,0,0,NO_TRADE,,"params_invalid:ev_gate:ev_-3.99pts_below_min_0.48pts(p_win=0.53,p_tail=0.149,rew=10.71,stop=9.66,tail=31.93,fric=0.53)",
10:59:45,23336.8,23592.85,23457.05,VERY_WIDE,23592.85,23327.35,0.036,STRONG_DOWNTREND,NEUTRAL,BEARISH,PREMIUM_SELL_BULL,AFTERNOON_DAY_LOW_FADE_DTE0,86.68,1,226.32,MEDIUM,0,0,0,1,0,0,NO_TRADE,,"params_invalid:ev_gate:ev_-3.90pts_below_min_0.48pts(p_win=0.54,p_tail=0.149,rew=10.58,stop=9.54,tail=31.91,fric=0.53)",
11:00:00,23337.9,23592.85,23457.05,VERY_WIDE,23592.85,23327.35,0.040,STRONG_DOWNTREND,NEUTRAL,BEARISH,PREMIUM_SELL_BULL,AFTERNOON_DAY_LOW_FADE_DTE0,86.39,1,226.05,MEDIUM,0,0,0,1,0,0,NO_TRADE,,"params_invalid:ev_gate:ev_-3.86pts_below_min_0.47pts(p_win=0.54,p_tail=0.149,rew=10.51,stop=9.48,tail=31.90,fric=0.53)",
11:00:15,23337.75,23592.85,23457.05,VERY_WIDE,23592.85,23327.35,0.039,STRONG_DOWNTREND,NEUTRAL,BEARISH,PREMIUM_SELL_BULL,AFTERNOON_DAY_LOW_FADE_DTE0,86.39,1,225.78,MEDIUM,0,0,0,1,0,0,NO_TRADE,,"params_invalid:ev_gate:ev_-3.82pts_below_min_0.47pts(p_win=0.54,p_tail=0.149,rew=10.51,stop=9.49,tail=31.90,fric=0.46)",
11:00:30,23339.1,23592.85,23457.05,VERY_WIDE,23592.85,23327.35,0.044,STRONG_DOWNTREND,NEUTRAL,BEARISH,PREMIUM_SELL_BULL,AFTERNOON_DAY_LOW_FADE_DTE0,86.39,1,225.52,MEDIUM,0,0,0,1,0,0,NO_TRADE,,"params_invalid:ev_gate:ev_-3.82pts_below_min_0.47pts(p_win=0.54,p_tail=0.149,rew=10.41,stop=9.39,tail=31.88,fric=0.53)",
11:00:45,23338.75,23592.85,23457.05,VERY_WIDE,23592.85,23327.35,0.043,STRONG_DOWNTREND,NEUTRAL,BEARISH,PREMIUM_SELL_BULL,AFTERNOON_DAY_LOW_FADE_DTE0,86.39,1,225.25,MEDIUM,0,0,0,1,0,0,NO_TRADE,,"params_invalid:ev_gate:ev_-3.83pts_below_min_0.48pts(p_win=0.54,p_tail=0.149,rew=10.68,stop=9.63,tail=31.93,fric=0.53)",
11:01:00,23338.05,23592.85,23457.05,VERY_WIDE,23592.85,23327.35,0.040,STRONG_DOWNTREND,NEUTRAL,BEARISH,PREMIUM_SELL_BULL,AFTERNOON_DAY_LOW_FADE_DTE0,83.95,1,224.98,MEDIUM,0,0,0,1,0,0,NO_TRADE,,"params_invalid:ev_gate:ev_-3.86pts_below_min_0.48pts(p_win=0.54,p_tail=0.149,rew=10.68,stop=9.63,tail=31.93,fric=0.53)",
11:01:15,23337.8,23592.85,23457.05,VERY_WIDE,23592.85,23327.35,0.039,STRONG_DOWNTREND,NEUTRAL,BEARISH,PREMIUM_SELL_BULL,AFTERNOON_DAY_LOW_FADE_DTE0,83.95,1,224.72,MEDIUM,0,0,0,1,0,0,NO_TRADE,,"params_invalid:ev_gate:ev_-3.86pts_below_min_0.48pts(p_win=0.54,p_tail=0.149,rew=10.74,stop=9.69,tail=31.94,fric=0.53)",
11:01:30,23337.6,23592.85,23457.05,VERY_WIDE,23592.85,23327.35,0.039,STRONG_DOWNTREND,NEUTRAL,BEARISH,PREMIUM_SELL_BULL,AFTERNOON_DAY_LOW_FADE_DTE0,83.95,1,224.45,MEDIUM,0,0,0,1,0,0,NO_TRADE,,"params_invalid:ev_gate:ev_-3.83pts_below_min_0.48pts(p_win=0.54,p_tail=0.149,rew=10.55,stop=9.52,tail=31.90,fric=0.46)",
11:01:45,23347.05,23592.85,23457.05,VERY_WIDE,23592.85,23327.35,0.074,STRONG_DOWNTREND,NEUTRAL,BEARISH,PREMIUM_SELL_BULL,AFTERNOON_DAY_LOW_FADE_DTE0,83.95,1,224.19,MEDIUM,0,0,0,1,0,0,NO_TRADE,,"params_invalid:ev_gate:ev_-3.62pts_below_min_0.44pts(p_win=0.56,p_tail=0.149,rew=9.78,stop=8.82,tail=31.76,fric=0.52)",
11:02:00,23353.2,23592.85,23457.05,VERY_WIDE,23592.85,23327.35,0.097,STRONG_DOWNTREND,NEUTRAL,BEARISH,PREMIUM_SELL_BULL,AFTERNOON_DAY_LOW_FADE_DTE0,82.84,1,223.93,MEDIUM,0,0,0,0,0,0,NO_TRADE,,day_move_used_268pct_of_opening_straddle_no_edge,
11:02:15,23352.8,23592.85,23457.05,VERY_WIDE,23592.85,23327.35,0.096,STRONG_DOWNTREND,NEUTRAL,BEARISH,PREMIUM_SELL_BULL,AFTERNOON_DAY_LOW_FADE_DTE0,82.84,1,223.67,MEDIUM,0,0,0,0,0,0,NO_TRADE,,day_move_used_268pct_of_opening_straddle_no_edge,
11:02:30,23352.15,23592.85,23457.05,VERY_WIDE,23592.85,23327.35,0.093,DOWNTREND,NEUTRAL,BEARISH,PREMIUM_SELL_BULL,DOWNTREND_ADX_83_BEARISH,82.84,1,223.41,MEDIUM,0,0,0,1,0,0,NO_TRADE,,"params_invalid:ev_gate:ev_-3.43pts_below_min_0.42pts(p_win=0.58,p_tail=0.149,rew=9.35,stop=8.44,tail=31.69,fric=0.52)",
11:02:45,23359.65,23592.85,23457.05,VERY_WIDE,23592.85,23327.35,0.122,DOWNTREND,NEUTRAL,BEARISH,PREMIUM_SELL_BULL,DOWNTREND_ADX_83_BEARISH,82.84,1,223.15,MEDIUM,0,0,0,1,0,0,NO_TRADE,,"params_invalid:ev_gate:ev_-3.30pts_below_min_0.40pts(p_win=0.59,p_tail=0.149,rew=8.89,stop=8.02,tail=31.60,fric=0.45)",
11:03:00,23358.95,23592.85,23457.05,VERY_WIDE,23592.85,23327.35,0.119,DOWNTREND,NEUTRAL,BEARISH,PREMIUM_SELL_BULL,DOWNTREND_ADX_83_BEARISH,82.84,1,222.89,MEDIUM,0,0,0,1,0,0,NO_TRADE,,"params_invalid:ev_gate:ev_-3.28pts_below_min_0.40pts(p_win=0.59,p_tail=0.149,rew=8.92,stop=8.05,tail=31.61,fric=0.45)",
11:03:15,23358.55,23592.85,23457.05,VERY_WIDE,23592.85,23327.35,0.118,DOWNTREND,NEUTRAL,BEARISH,PREMIUM_SELL_BULL,DOWNTREND_ADX_83_BEARISH,82.84,1,222.63,MEDIUM,0,0,0,1,0,0,NO_TRADE,,"params_invalid:ev_gate:ev_-3.32pts_below_min_0.41pts(p_win=0.59,p_tail=0.149,rew=9.08,stop=8.20,tail=31.64,fric=0.51)",
11:03:30,23358.4,23592.85,23457.05,VERY_WIDE,23592.85,23327.35,0.117,DOWNTREND,NEUTRAL,BEARISH,PREMIUM_SELL_BULL,DOWNTREND_ADX_83_BEARISH,82.84,1,222.37,MEDIUM,0,0,0,1,0,0,NO_TRADE,,"params_invalid:ev_gate:ev_-3.30pts_below_min_0.40pts(p_win=0.59,p_tail=0.149,rew=8.96,stop=8.08,tail=31.62,fric=0.45)",
11:03:45,23353.95,23592.85,23457.05,VERY_WIDE,23592.85,23327.35,0.100,STRONG_DOWNTREND,NEUTRAL,BEARISH,PREMIUM_SELL_BULL,STRONG_DOWNTREND_ADX_83_BEARISH,82.84,1,222.12,MEDIUM,0,0,0,1,0,0,NO_TRADE,,"params_invalid:ev_gate:ev_-3.33pts_below_min_0.42pts(p_win=0.58,p_tail=0.149,rew=9.39,stop=8.47,tail=31.69,fric=0.45)",
11:04:00,23351.65,23592.85,23457.05,VERY_WIDE,23592.85,23327.35,0.092,DOWNTREND,NEUTRAL,BEARISH,PREMIUM_SELL_BULL,DOWNTREND_ADX_83_BEARISH,82.84,1,221.86,MEDIUM,0,0,0,1,0,0,NO_TRADE,,"params_invalid:ev_gate:ev_-3.42pts_below_min_0.42pts(p_win=0.58,p_tail=0.149,rew=9.26,stop=8.35,tail=31.67,fric=0.45)",
11:04:15,23353.05,23592.85,23457.05,VERY_WIDE,23592.85,23327.35,0.097,DOWNTREND,NEUTRAL,BEARISH,PREMIUM_SELL_BULL,DOWNTREND_ADX_83_BEARISH,82.84,1,221.61,MEDIUM,0,0,0,1,0,0,NO_TRADE,,"params_invalid:ev_gate:ev_-3.44pts_below_min_0.41pts(p_win=0.58,p_tail=0.149,rew=9.02,stop=8.14,tail=31.63,fric=0.51)",
11:04:30,23351.6,23592.85,23457.05,VERY_WIDE,23592.85,23327.35,0.091,DOWNTREND,NEUTRAL,BEARISH,PREMIUM_SELL_BULL,DOWNTREND_ADX_83_BEARISH,82.84,1,221.35,MEDIUM,0,0,0,1,0,0,NO_TRADE,,"params_invalid:ev_gate:ev_-3.46pts_below_min_0.41pts(p_win=0.58,p_tail=0.149,rew=9.12,stop=8.23,tail=31.65,fric=0.51)",
11:04:46,23354.25,23592.85,23457.05,VERY_WIDE,23592.85,23327.35,0.101,DOWNTREND,NEUTRAL,BEARISH,PREMIUM_SELL_BULL,DOWNTREND_ADX_83_BEARISH,82.84,1,221.1,MEDIUM,0,0,0,1,0,0,NO_TRADE,,"params_invalid:ev_gate:ev_-3.39pts_below_min_0.40pts(p_win=0.58,p_tail=0.149,rew=8.89,stop=8.02,tail=31.60,fric=0.45)",
11:05:01,23359.45,23592.85,23457.05,VERY_WIDE,23592.85,23327.35,0.121,DOWNTREND,NEUTRAL,BEARISH,PREMIUM_SELL_BULL,DOWNTREND_ADX_79_BEARISH,79.38,1,220.85,MEDIUM,0,0,0,1,0,0,NO_TRADE,,params_invalid:credit_risk_ratio_0.147_below_min_0.151,
11:05:16,23356.15,23592.85,23457.05,VERY_WIDE,23592.85,23327.35,0.108,STRONG_DOWNTREND,NEUTRAL,BEARISH,PREMIUM_SELL_BULL,STRONG_DOWNTREND_ADX_79_BEARISH,79.38,1,220.6,MEDIUM,0,0,0,1,0,0,NO_TRADE,,"params_invalid:ev_gate:ev_-3.38pts_below_min_0.40pts(p_win=0.58,p_tail=0.149,rew=8.82,stop=7.96,tail=31.59,fric=0.51)",
11:05:31,23354.75,23592.85,23457.05,VERY_WIDE,23592.85,23327.35,0.103,STRONG_DOWNTREND,NEUTRAL,BEARISH,PREMIUM_SELL_BULL,STRONG_DOWNTREND_ADX_79_BEARISH,79.38,1,220.35,MEDIUM,0,0,0,1,0,0,NO_TRADE,,"params_invalid:ev_gate:ev_-3.39pts_below_min_0.41pts(p_win=0.58,p_tail=0.149,rew=9.05,stop=8.17,tail=31.63,fric=0.51)",
11:05:46,23353.15,23592.85,23457.05,VERY_WIDE,23592.85,23327.35,0.097,STRONG_DOWNTREND,NEUTRAL,BEARISH,PREMIUM_SELL_BULL,STRONG_DOWNTREND_ADX_79_BEARISH,79.38,1,220.1,MEDIUM,0,0,0,1,0,0,NO_TRADE,,"params_invalid:ev_gate:ev_-3.39pts_below_min_0.41pts(p_win=0.58,p_tail=0.149,rew=9.06,stop=8.17,tail=31.63,fric=0.45)",
11:06:01,23351.0,23592.85,23457.05,VERY_WIDE,23592.85,23327.35,0.089,STRONG_DOWNTREND,NEUTRAL,BEARISH,PREMIUM_SELL_BULL,STRONG_DOWNTREND_ADX_79_BEARISH,79.38,1,219.85,MEDIUM,0,0,0,1,0,0,NO_TRADE,,"params_invalid:ev_gate:ev_-3.42pts_below_min_0.42pts(p_win=0.58,p_tail=0.149,rew=9.22,stop=8.32,tail=31.66,fric=0.45)",
11:06:16,23348.7,23592.85,23457.05,VERY_WIDE,23592.85,23327.35,0.080,STRONG_DOWNTREND,NEUTRAL,BEARISH,PREMIUM_SELL_BULL,STRONG_DOWNTREND_ADX_79_BEARISH,79.38,1,219.6,MEDIUM,0,0,0,1,0,0,NO_TRADE,,"params_invalid:ev_gate:ev_-3.51pts_below_min_0.42pts(p_win=0.57,p_tail=0.149,rew=9.35,stop=8.44,tail=31.69,fric=0.52)",
11:06:31,23349.6,23592.85,23457.05,VERY_WIDE,23592.85,23327.35,0.084,STRONG_DOWNTREND,NEUTRAL,BEARISH,PREMIUM_SELL_BULL,AFTERNOON_DAY_LOW_FADE_DTE0,79.38,1,219.36,MEDIUM,0,0,0,1,0,0,NO_TRADE,,"params_invalid:ev_gate:ev_-3.45pts_below_min_0.42pts(p_win=0.57,p_tail=0.149,rew=9.32,stop=8.41,tail=31.68,fric=0.45)",
11:06:46,23349.85,23592.85,23457.05,VERY_WIDE,23592.85,23327.35,0.085,STRONG_DOWNTREND,NEUTRAL,BEARISH,PREMIUM_SELL_BULL,AFTERNOON_DAY_LOW_FADE_DTE0,79.38,1,219.11,MEDIUM,0,0,0,1,0,0,NO_TRADE,,"params_invalid:ev_gate:ev_-3.45pts_below_min_0.42pts(p_win=0.57,p_tail=0.149,rew=9.36,stop=8.44,tail=31.69,fric=0.45)",
11:07:01,23350.0,23592.85,23457.05,VERY_WIDE,23592.85,23327.35,0.085,STRONG_DOWNTREND,NEUTRAL,BEARISH,PREMIUM_SELL_BULL,AFTERNOON_DAY_LOW_FADE_DTE0,79.43,1,218.87,MEDIUM,0,0,0,1,0,0,NO_TRADE,,"params_invalid:ev_gate:ev_-3.49pts_below_min_0.42pts(p_win=0.57,p_tail=0.149,rew=9.22,stop=8.32,tail=31.66,fric=0.51)",
11:07:16,23346.85,23592.85,23457.05,VERY_WIDE,23592.85,23327.35,0.073,STRONG_DOWNTREND,NEUTRAL,BEARISH,PREMIUM_SELL_BULL,AFTERNOON_DAY_LOW_FADE_DTE0,79.43,1,218.62,MEDIUM,0,0,0,1,0,0,NO_TRADE,,"params_invalid:ev_gate:ev_-3.55pts_below_min_0.43pts(p_win=0.57,p_tail=0.149,rew=9.48,stop=8.56,tail=31.71,fric=0.52)",
11:07:31,23346.5,23592.85,23457.05,VERY_WIDE,23592.85,23327.35,0.072,STRONG_DOWNTREND,NEUTRAL,BEARISH,PREMIUM_SELL_BULL,AFTERNOON_DAY_LOW_FADE_DTE0,79.43,1,218.37,MEDIUM,0,0,0,1,0,0,NO_TRADE,,"params_invalid:ev_gate:ev_-3.57pts_below_min_0.42pts(p_win=0.57,p_tail=0.149,rew=9.42,stop=8.50,tail=31.70,fric=0.52)",
11:07:46,23341.2,23592.85,23457.05,VERY_WIDE,23592.85,23327.35,0.052,STRONG_DOWNTREND,NEUTRAL,BEARISH,PREMIUM_SELL_BULL,AFTERNOON_DAY_LOW_FADE_DTE0,79.43,1,218.13,MEDIUM,0,0,0,1,0,0,NO_TRADE,,"params_invalid:ev_gate:ev_-3.71pts_below_min_0.46pts(p_win=0.55,p_tail=0.149,rew=10.11,stop=9.12,tail=31.82,fric=0.52)",
11:08:01,23337.25,23592.85,23457.05,VERY_WIDE,23592.85,23327.35,0.037,STRONG_DOWNTREND,NEUTRAL,BEARISH,PREMIUM_SELL_BULL,AFTERNOON_DAY_LOW_FADE_DTE0,79.49,1,217.89,MEDIUM,0,0,0,1,0,0,NO_TRADE,,"params_invalid:ev_gate:ev_-3.82pts_below_min_0.46pts(p_win=0.54,p_tail=0.149,rew=10.22,stop=9.22,tail=31.84,fric=0.46)",
11:08:16,23337.0,23592.85,23457.05,VERY_WIDE,23592.85,23327.35,0.036,STRONG_DOWNTREND,NEUTRAL,BEARISH,PREMIUM_SELL_BULL,AFTERNOON_DAY_LOW_FADE_DTE0,79.49,1,217.65,MEDIUM,0,0,0,1,0,0,NO_TRADE,,"params_invalid:ev_gate:ev_-3.85pts_below_min_0.45pts(p_win=0.54,p_tail=0.149,rew=10.05,stop=9.07,tail=31.81,fric=0.46)",
11:08:31,23337.65,23592.85,23457.05,VERY_WIDE,23592.85,23327.35,0.039,STRONG_DOWNTREND,NEUTRAL,BEARISH,PREMIUM_SELL_BULL,AFTERNOON_DAY_LOW_FADE_DTE0,79.49,1,217.41,MEDIUM,0,0,0,1,0,0,NO_TRADE,,"params_invalid:ev_gate:ev_-3.85pts_below_min_0.47pts(p_win=0.54,p_tail=0.149,rew=10.31,stop=9.30,tail=31.86,fric=0.52)",
11:08:46,23338.95,23592.85,23457.05,VERY_WIDE,23592.85,23327.35,0.044,STRONG_DOWNTREND,NEUTRAL,BEARISH,PREMIUM_SELL_BULL,AFTERNOON_DAY_LOW_FADE_DTE0,79.49,1,217.17,MEDIUM,0,0,0,1,0,0,NO_TRADE,,"params_invalid:ev_gate:ev_-3.81pts_below_min_0.46pts(p_win=0.55,p_tail=0.149,rew=10.11,stop=9.12,tail=31.82,fric=0.52)",
11:09:01,23338.35,23592.85,23457.05,VERY_WIDE,23592.85,23327.35,0.041,STRONG_DOWNTREND,NEUTRAL,BEARISH,PREMIUM_SELL_BULL,AFTERNOON_DAY_LOW_FADE_DTE0,79.59,1,216.93,MEDIUM,0,0,0,1,0,0,NO_TRADE,,"params_invalid:ev_gate:ev_-3.79pts_below_min_0.45pts(p_win=0.55,p_tail=0.149,rew=9.99,stop=9.01,tail=31.80,fric=0.46)",
11:09:16,23337.85,23592.85,23457.05,VERY_WIDE,23592.85,23327.35,0.040,STRONG_DOWNTREND,NEUTRAL,BEARISH,PREMIUM_SELL_BULL,AFTERNOON_DAY_LOW_FADE_DTE0,79.59,1,216.69,MEDIUM,0,0,0,1,0,0,NO_TRADE,,"params_invalid:ev_gate:ev_-3.84pts_below_min_0.46pts(p_win=0.54,p_tail=0.149,rew=10.18,stop=9.18,tail=31.84,fric=0.52)",
11:09:31,23337.65,23592.85,23457.05,VERY_WIDE,23592.85,23327.35,0.039,STRONG_DOWNTREND,NEUTRAL,BEARISH,PREMIUM_SELL_BULL,AFTERNOON_DAY_LOW_FADE_DTE0,79.59,1,216.45,MEDIUM,0,0,0,1,0,0,NO_TRADE,,"params_invalid:ev_gate:ev_-3.83pts_below_min_0.46pts(p_win=0.54,p_tail=0.149,rew=10.28,stop=9.27,tail=31.85,fric=0.52)",
11:09:46,23336.4,23592.85,23457.05,VERY_WIDE,23592.85,23327.35,0.034,STRONG_DOWNTREND,NEUTRAL,BEARISH,PREMIUM_SELL_BULL,AFTERNOON_DAY_LOW_FADE_DTE0,79.59,1,216.22,MEDIUM,0,0,0,1,0,0,NO_TRADE,,"params_invalid:ev_gate:ev_-3.83pts_below_min_0.47pts(p_win=0.54,p_tail=0.149,rew=10.42,stop=9.40,tail=31.88,fric=0.46)",
11:10:01,23334.25,23592.85,23457.05,VERY_WIDE,23592.85,23323.75,0.039,STRONG_DOWNTREND,NEUTRAL,BEARISH,PREMIUM_SELL_BULL,AFTERNOON_DAY_LOW_FADE_DTE0,77.13,1,218.91,MEDIUM,0,0,0,1,0,0,NO_TRADE,,params_invalid:credit_risk_ratio_0.103_below_min_0.153,
11:10:16,23327.6,23592.85,23457.05,VERY_WIDE,23592.85,23323.75,0.014,STRONG_DOWNTREND,NEUTRAL,BEARISH,PREMIUM_SELL_BULL,AFTERNOON_DAY_LOW_FADE_DTE0,77.13,1,218.67,MEDIUM,0,0,0,1,0,0,NO_TRADE,,params_invalid:credit_risk_ratio_0.108_below_min_0.153,
11:10:31,23330.1,23592.85,23457.05,VERY_WIDE,23592.85,23323.75,0.024,STRONG_DOWNTREND,NEUTRAL,BEARISH,PREMIUM_SELL_BULL,AFTERNOON_DAY_LOW_FADE_DTE0,77.13,1,218.43,MEDIUM,0,0,0,1,0,0,NO_TRADE,,params_invalid:credit_risk_ratio_0.103_below_min_0.153,
11:10:47,23334.15,23592.85,23457.05,VERY_WIDE,23592.85,23323.75,0.039,STRONG_DOWNTREND,NEUTRAL,BEARISH,PREMIUM_SELL_BULL,AFTERNOON_DAY_LOW_FADE_DTE0,77.13,1,218.2,MEDIUM,0,0,0,1,0,0,NO_TRADE,,params_invalid:credit_risk_ratio_0.097_below_min_0.153,
11:11:02,23335.0,23592.85,23457.05,VERY_WIDE,23592.85,23323.75,0.042,STRONG_DOWNTREND,NEUTRAL,BEARISH,PREMIUM_SELL_BULL,AFTERNOON_DAY_LOW_FADE_DTE0,77.13,1,217.96,MEDIUM,0,0,0,1,0,0,NO_TRADE,,params_invalid:credit_risk_ratio_0.096_below_min_0.153,
11:11:17,23341.15,23592.85,23457.05,VERY_WIDE,23592.85,23323.75,0.065,STRONG_DOWNTREND,NEUTRAL,BEARISH,PREMIUM_SELL_BULL,AFTERNOON_DAY_LOW_FADE_DTE0,77.13,1,217.73,MEDIUM,0,0,0,1,0,0,NO_TRADE,,params_invalid:credit_risk_ratio_0.088_below_min_0.153,
11:11:32,23347.8,23592.85,23457.05,VERY_WIDE,23592.85,23323.75,0.089,STRONG_DOWNTREND,NEUTRAL,BEARISH,PREMIUM_SELL_BULL,AFTERNOON_DAY_LOW_FADE_DTE0,77.13,1,217.49,MEDIUM,0,0,0,1,0,0,NO_TRADE,,params_invalid:credit_risk_ratio_0.083_below_min_0.153,
11:11:47,23350.2,23592.85,23457.05,VERY_WIDE,23592.85,23323.75,0.098,STRONG_DOWNTREND,NEUTRAL,BEARISH,PREMIUM_SELL_BULL,AFTERNOON_DAY_LOW_FADE_DTE0,77.13,1,217.26,MEDIUM,0,0,0,0,0,0,NO_TRADE,,day_move_used_262pct_of_opening_straddle_no_edge,
11:12:01,23347.05,23592.85,23457.05,VERY_WIDE,23592.85,23323.75,0.087,STRONG_DOWNTREND,NEUTRAL,BEARISH,PREMIUM_SELL_BULL,AFTERNOON_DAY_LOW_FADE_DTE0,77.13,1,217.03,MEDIUM,0,0,0,1,0,0,NO_TRADE,,params_invalid:credit_risk_ratio_0.084_below_min_0.153,
11:12:17,23345.15,23592.85,23457.05,VERY_WIDE,23592.85,23323.75,0.080,STRONG_DOWNTREND,NEUTRAL,BEARISH,PREMIUM_SELL_BULL,AFTERNOON_DAY_LOW_FADE_DTE0,77.13,1,216.8,MEDIUM,0,0,0,1,0,0,NO_TRADE,,params_invalid:credit_risk_ratio_0.089_below_min_0.153,
11:12:32,23341.4,23592.85,23457.05,VERY_WIDE,23592.85,23323.75,0.066,STRONG_DOWNTREND,NEUTRAL,BEARISH,PREMIUM_SELL_BULL,AFTERNOON_DAY_LOW_FADE_DTE0,77.13,1,216.57,MEDIUM,0,0,0,1,0,0,NO_TRADE,,params_invalid:credit_risk_ratio_0.089_below_min_0.153,
11:12:47,23344.8,23592.85,23457.05,VERY_WIDE,23592.85,23323.75,0.078,STRONG_DOWNTREND,NEUTRAL,BEARISH,PREMIUM_SELL_BULL,AFTERNOON_DAY_LOW_FADE_DTE0,77.13,1,216.33,MEDIUM,0,0,0,1,0,0,NO_TRADE,,params_invalid:credit_risk_ratio_0.087_below_min_0.153,
11:13:02,23344.75,23592.85,23457.05,VERY_WIDE,23592.85,23323.75,0.078,STRONG_DOWNTREND,NEUTRAL,BEARISH,PREMIUM_SELL_BULL,AFTERNOON_DAY_LOW_FADE_DTE0,77.13,1,216.11,MEDIUM,0,0,0,1,0,0,NO_TRADE,,params_invalid:credit_risk_ratio_0.088_below_min_0.153,
11:13:17,23345.0,23592.85,23457.05,VERY_WIDE,23592.85,23323.75,0.079,STRONG_DOWNTREND,NEUTRAL,BEARISH,PREMIUM_SELL_BULL,AFTERNOON_DAY_LOW_FADE_DTE0,77.13,1,215.88,MEDIUM,0,0,0,1,0,0,NO_TRADE,,params_invalid:credit_risk_ratio_0.091_below_min_0.153,
11:13:32,23339.0,23592.85,23457.05,VERY_WIDE,23592.85,23323.75,0.057,STRONG_DOWNTREND,NEUTRAL,BEARISH,PREMIUM_SELL_BULL,AFTERNOON_DAY_LOW_FADE_DTE0,77.13,1,215.65,MEDIUM,0,0,0,1,0,0,NO_TRADE,,params_invalid:credit_risk_ratio_0.093_below_min_0.153,
11:13:47,23340.7,23592.85,23457.05,VERY_WIDE,23592.85,23323.75,0.063,STRONG_DOWNTREND,NEUTRAL,BEARISH,PREMIUM_SELL_BULL,AFTERNOON_DAY_LOW_FADE_DTE0,77.13,1,215.42,MEDIUM,0,0,0,1,0,0,NO_TRADE,,params_invalid:credit_risk_ratio_0.091_below_min_0.153,
11:14:02,23338.4,23592.85,23457.05,VERY_WIDE,23592.85,23323.75,0.054,STRONG_DOWNTREND,NEUTRAL,BEARISH,PREMIUM_SELL_BULL,AFTERNOON_DAY_LOW_FADE_DTE0,77.13,1,215.19,MEDIUM,0,0,0,1,0,0,NO_TRADE,,params_invalid:credit_risk_ratio_0.093_below_min_0.153,
11:14:17,23342.4,23592.85,23457.05,VERY_WIDE,23592.85,23323.75,0.069,STRONG_DOWNTREND,NEUTRAL,BEARISH,PREMIUM_SELL_BULL,AFTERNOON_DAY_LOW_FADE_DTE0,77.13,1,214.96,MEDIUM,0,0,0,1,0,0,NO_TRADE,,params_invalid:credit_risk_ratio_0.088_below_min_0.153,
11:14:32,23348.35,23592.85,23457.05,VERY_WIDE,23592.85,23323.75,0.091,STRONG_DOWNTREND,NEUTRAL,BEARISH,PREMIUM_SELL_BULL,AFTERNOON_DAY_LOW_FADE_DTE0,77.13,1,214.74,MEDIUM,0,0,0,1,0,0,NO_TRADE,,params_invalid:credit_risk_ratio_0.083_below_min_0.153,
11:14:47,23345.55,23592.85,23457.05,VERY_WIDE,23592.85,23323.75,0.081,STRONG_DOWNTREND,NEUTRAL,BEARISH,PREMIUM_SELL_BULL,AFTERNOON_DAY_LOW_FADE_DTE0,77.13,1,214.52,MEDIUM,0,0,0,1,0,0,NO_TRADE,,params_invalid:credit_risk_ratio_0.086_below_min_0.153,
11:15:02,23348.2,23592.85,23457.05,VERY_WIDE,23592.85,23323.75,0.091,DOWNTREND,NEUTRAL,BEARISH,PREMIUM_SELL_BULL,AFTERNOON_DAY_LOW_FADE_DTE0,74.29,1,214.29,MEDIUM,0,0,0,1,0,0,NO_TRADE,,params_invalid:credit_risk_ratio_0.087_below_min_0.153,
11:15:17,23349.1,23592.85,23457.05,VERY_WIDE,23592.85,23323.75,0.094,DOWNTREND,NEUTRAL,BEARISH,PREMIUM_SELL_BULL,AFTERNOON_DAY_LOW_FADE_DTE0,74.29,1,214.07,MEDIUM,0,0,0,0,0,0,NO_TRADE,,day_move_used_258pct_of_opening_straddle_no_edge,
11:15:32,23350.85,23592.85,23457.05,VERY_WIDE,23592.85,23323.75,0.101,DOWNTREND,NEUTRAL,BEARISH,PREMIUM_SELL_BULL,AFTERNOON_DAY_LOW_FADE_DTE0,74.29,1,213.85,MEDIUM,0,0,0,0,0,0,NO_TRADE,,day_move_used_258pct_of_opening_straddle_no_edge,
11:15:47,23354.6,23592.85,23457.05,VERY_WIDE,23592.85,23323.75,0.115,DOWNTREND,NEUTRAL,BEARISH,PREMIUM_SELL_BULL,DOWNTREND_ADX_74_BEARISH,74.29,1,213.62,MEDIUM,0,0,0,1,0,0,NO_TRADE,,params_invalid:credit_risk_ratio_0.080_below_min_0.152,
11:16:02,23355.2,23592.85,23457.05,VERY_WIDE,23592.85,23323.75,0.117,STRONG_DOWNTREND,NEUTRAL,BEARISH,PREMIUM_SELL_BULL,STRONG_DOWNTREND_ADX_74_BEARISH,74.17,1,213.4,MEDIUM,0,0,0,1,0,0,NO_TRADE,,params_invalid:credit_risk_ratio_0.078_below_min_0.152,
11:16:17,23351.95,23592.85,23457.05,VERY_WIDE,23592.85,23323.75,0.105,STRONG_DOWNTREND,NEUTRAL,BEARISH,PREMIUM_SELL_BULL,STRONG_DOWNTREND_ADX_74_BEARISH,74.17,1,213.18,MEDIUM,0,0,0,1,0,0,NO_TRADE,,params_invalid:credit_risk_ratio_0.084_below_min_0.153,
11:16:32,23343.7,23592.85,23457.05,VERY_WIDE,23592.85,23323.75,0.074,STRONG_DOWNTREND,NEUTRAL,BEARISH,PREMIUM_SELL_BULL,STRONG_DOWNTREND_ADX_74_BEARISH,74.17,1,212.96,MEDIUM,0,0,0,1,0,0,NO_TRADE,,params_invalid:credit_risk_ratio_0.087_below_min_0.152,
11:16:47,23341.2,23592.85,23457.05,VERY_WIDE,23592.85,23323.75,0.065,STRONG_DOWNTREND,NEUTRAL,BEARISH,PREMIUM_SELL_BULL,STRONG_DOWNTREND_ADX_74_BEARISH,74.17,1,212.74,MEDIUM,0,0,0,1,0,0,NO_TRADE,,params_invalid:credit_risk_ratio_0.089_below_min_0.152,
11:17:02,23337.7,23592.85,23457.05,VERY_WIDE,23592.85,23323.75,0.052,STRONG_DOWNTREND,NEUTRAL,BEARISH,PREMIUM_SELL_BULL,AFTERNOON_DAY_LOW_FADE_DTE0,74.17,1,212.53,MEDIUM,0,0,0,1,0,0,NO_TRADE,,params_invalid:credit_risk_ratio_0.091_below_min_0.153,
11:17:17,23339.65,23592.85,23457.05,VERY_WIDE,23592.85,23323.75,0.059,STRONG_DOWNTREND,NEUTRAL,BEARISH,PREMIUM_SELL_BULL,AFTERNOON_DAY_LOW_FADE_DTE0,74.17,1,212.31,MEDIUM,0,0,0,1,0,0,NO_TRADE,,params_invalid:credit_risk_ratio_0.090_below_min_0.153,
11:17:32,23335.35,23592.85,23457.05,VERY_WIDE,23592.85,23323.75,0.043,STRONG_DOWNTREND,NEUTRAL,BEARISH,PREMIUM_SELL_BULL,AFTERNOON_DAY_LOW_FADE_DTE0,74.17,1,212.09,MEDIUM,0,0,0,1,0,0,NO_TRADE,,params_invalid:credit_risk_ratio_0.091_below_min_0.153,
11:17:47,23336.1,23592.85,23457.05,VERY_WIDE,23592.85,23323.75,0.046,STRONG_DOWNTREND,NEUTRAL,BEARISH,PREMIUM_SELL_BULL,AFTERNOON_DAY_LOW_FADE_DTE0,74.17,1,211.87,MEDIUM,0,0,0,1,0,0,NO_TRADE,,params_invalid:credit_risk_ratio_0.093_below_min_0.153,
11:18:02,23335.05,23592.85,23457.05,VERY_WIDE,23592.85,23323.75,0.042,STRONG_DOWNTREND,NEUTRAL,BEARISH,PREMIUM_SELL_BULL,AFTERNOON_DAY_LOW_FADE_DTE0,74.17,1,211.66,MEDIUM,0,0,0,1,0,0,NO_TRADE,,params_invalid:credit_risk_ratio_0.094_below_min_0.153,
11:18:17,23337.0,23592.85,23457.05,VERY_WIDE,23592.85,23323.75,0.049,STRONG_DOWNTREND,NEUTRAL,BEARISH,PREMIUM_SELL_BULL,AFTERNOON_DAY_LOW_FADE_DTE0,74.17,1,211.44,MEDIUM,0,0,0,1,0,0,NO_TRADE,,params_invalid:credit_risk_ratio_0.092_below_min_0.152,
11:18:33,23335.4,23592.85,23457.05,VERY_WIDE,23592.85,23323.75,0.043,STRONG_DOWNTREND,NEUTRAL,BEARISH,PREMIUM_SELL_BULL,AFTERNOON_DAY_LOW_FADE_DTE0,74.17,1,211.23,MEDIUM,0,0,0,1,0,0,NO_TRADE,,params_invalid:credit_risk_ratio_0.095_below_min_0.152,
11:18:48,23331.1,23592.85,23457.05,VERY_WIDE,23592.85,23323.75,0.027,STRONG_DOWNTREND,NEUTRAL,BEARISH,PREMIUM_SELL_BULL,AFTERNOON_DAY_LOW_FADE_DTE0,74.17,1,211.01,MEDIUM,0,0,0,1,0,0,NO_TRADE,,params_invalid:credit_risk_ratio_0.098_below_min_0.153,
11:19:03,23328.1,23592.85,23457.05,VERY_WIDE,23592.85,23317.75,0.038,STRONG_DOWNTREND,NEUTRAL,BEARISH,PREMIUM_SELL_BULL,AFTERNOON_DAY_LOW_FADE_DTE0,75.2,1,215.5,MEDIUM,0,0,0,1,0,0,NO_TRADE,,params_invalid:credit_risk_ratio_0.102_below_min_0.153,
11:19:18,23322.6,23592.85,23457.05,VERY_WIDE,23592.85,23317.75,0.018,STRONG_DOWNTREND,NEUTRAL,BEARISH,PREMIUM_SELL_BULL,AFTERNOON_DAY_LOW_FADE_DTE0,75.2,1,215.29,MEDIUM,0,0,0,1,0,0,NO_TRADE,,params_invalid:credit_risk_ratio_0.102_below_min_0.153,
11:19:33,23320.55,23592.85,23457.05,VERY_WIDE,23592.85,23317.75,0.010,STRONG_DOWNTREND,NEUTRAL,BEARISH,PREMIUM_SELL_BULL,AFTERNOON_DAY_LOW_FADE_DTE0,75.2,1,215.07,MEDIUM,0,0,0,1,0,0,NO_TRADE,,params_invalid:credit_risk_ratio_0.105_below_min_0.153,
11:19:48,23321.45,23592.85,23457.05,VERY_WIDE,23592.85,23317.75,0.013,STRONG_DOWNTREND,NEUTRAL,BEARISH,PREMIUM_SELL_BULL,AFTERNOON_DAY_LOW_FADE_DTE0,75.2,1,214.85,MEDIUM,0,0,0,1,0,0,NO_TRADE,,params_invalid:credit_risk_ratio_0.105_below_min_0.153,
11:20:03,23322.15,23592.85,23457.05,VERY_WIDE,23592.85,23316.55,0.020,STRONG_DOWNTREND,NEUTRAL,BEARISH,PREMIUM_SELL_BULL,AFTERNOON_DAY_LOW_FADE_DTE0,73.52,1,215.57,MEDIUM,0,0,0,1,0,0,NO_TRADE,,params_invalid:credit_risk_ratio_0.107_below_min_0.153,
11:20:18,23317.45,23592.85,23457.05,VERY_WIDE,23592.85,23316.55,0.003,STRONG_DOWNTREND,NEUTRAL,BEARISH,PREMIUM_SELL_BULL,AFTERNOON_DAY_LOW_FADE_DTE0,73.52,1,215.36,MEDIUM,0,0,0,1,0,0,NO_TRADE,,params_invalid:credit_risk_ratio_0.112_below_min_0.152,
11:20:33,23317.5,23592.85,23457.05,VERY_WIDE,23592.85,23316.55,0.003,STRONG_DOWNTREND,NEUTRAL,BEARISH,PREMIUM_SELL_BULL,AFTERNOON_DAY_LOW_FADE_DTE0,73.52,1,215.14,MEDIUM,0,0,0,1,0,0,NO_TRADE,,params_invalid:credit_risk_ratio_0.110_below_min_0.153,
11:20:48,23317.8,23592.85,23457.05,VERY_WIDE,23592.85,23316.55,0.005,STRONG_DOWNTREND,NEUTRAL,BEARISH,PREMIUM_SELL_BULL,AFTERNOON_DAY_LOW_FADE_DTE0,73.52,1,214.93,MEDIUM,0,0,0,1,0,0,NO_TRADE,,params_invalid:credit_risk_ratio_0.110_below_min_0.153,
11:21:03,23319.85,23592.85,23457.05,VERY_WIDE,23592.85,23316.5,0.012,STRONG_DOWNTREND,NEUTRAL,BEARISH,PREMIUM_SELL_BULL,AFTERNOON_DAY_LOW_FADE_DTE0,73.53,1,214.75,MEDIUM,0,0,0,1,0,0,NO_TRADE,,params_invalid:credit_risk_ratio_0.107_below_min_0.153,
11:21:18,23319.6,23592.85,23457.05,VERY_WIDE,23592.85,23316.5,0.011,STRONG_DOWNTREND,NEUTRAL,BEARISH,PREMIUM_SELL_BULL,AFTERNOON_DAY_LOW_FADE_DTE0,73.53,1,214.54,MEDIUM,0,0,0,1,0,0,NO_TRADE,,params_invalid:credit_risk_ratio_0.108_below_min_0.153,
11:21:33,23319.15,23592.85,23457.05,VERY_WIDE,23592.85,23316.5,0.010,STRONG_DOWNTREND,NEUTRAL,BEARISH,PREMIUM_SELL_BULL,AFTERNOON_DAY_LOW_FADE_DTE0,73.53,1,214.33,MEDIUM,0,0,0,1,0,0,NO_TRADE,,params_invalid:credit_risk_ratio_0.107_below_min_0.153,
11:21:48,23320.8,23592.85,23457.05,VERY_WIDE,23592.85,23316.5,0.016,STRONG_DOWNTREND,NEUTRAL,BEARISH,PREMIUM_SELL_BULL,AFTERNOON_DAY_LOW_FADE_DTE0,73.53,1,214.12,MEDIUM,0,0,0,1,0,0,NO_TRADE,,params_invalid:credit_risk_ratio_0.102_below_min_0.153,
11:22:03,23323.05,23592.85,23457.05,VERY_WIDE,23592.85,23316.5,0.024,STRONG_DOWNTREND,NEUTRAL,BEARISH,PREMIUM_SELL_BULL,AFTERNOON_DAY_LOW_FADE_DTE0,73.53,1,213.9,MEDIUM,0,0,0,1,0,0,NO_TRADE,,params_invalid:credit_risk_ratio_0.101_below_min_0.153,
11:22:18,23327.8,23592.85,23457.05,VERY_WIDE,23592.85,23316.5,0.041,STRONG_DOWNTREND,NEUTRAL,BEARISH,PREMIUM_SELL_BULL,AFTERNOON_DAY_LOW_FADE_DTE0,73.53,1,213.69,MEDIUM,0,0,0,1,0,0,NO_TRADE,,params_invalid:credit_risk_ratio_0.097_below_min_0.153,
11:22:33,23330.0,23592.85,23457.05,VERY_WIDE,23592.85,23316.5,0.049,STRONG_DOWNTREND,NEUTRAL,BEARISH,PREMIUM_SELL_BULL,AFTERNOON_DAY_LOW_FADE_DTE0,73.53,1,213.48,MEDIUM,0,0,0,1,0,0,NO_TRADE,,params_invalid:credit_risk_ratio_0.098_below_min_0.153,
11:22:48,23332.8,23592.85,23457.05,VERY_WIDE,23592.85,23316.5,0.059,STRONG_DOWNTREND,NEUTRAL,BEARISH,PREMIUM_SELL_BULL,AFTERNOON_DAY_LOW_FADE_DTE0,73.53,1,213.27,MEDIUM,0,0,0,1,0,0,NO_TRADE,,params_invalid:credit_risk_ratio_0.094_below_min_0.152,
11:23:03,23329.25,23592.85,23457.05,VERY_WIDE,23592.85,23316.5,0.046,STRONG_DOWNTREND,NEUTRAL,BEARISH,PREMIUM_SELL_BULL,AFTERNOON_DAY_LOW_FADE_DTE0,73.53,1,213.06,MEDIUM,0,0,0,1,0,0,NO_TRADE,,params_invalid:credit_risk_ratio_0.093_below_min_0.152,
11:23:18,23331.2,23592.85,23457.05,VERY_WIDE,23592.85,23316.5,0.053,STRONG_DOWNTREND,NEUTRAL,BEARISH,PREMIUM_SELL_BULL,AFTERNOON_DAY_LOW_FADE_DTE0,73.53,1,212.86,MEDIUM,0,0,0,1,0,0,NO_TRADE,,params_invalid:credit_risk_ratio_0.097_below_min_0.153,
11:23:33,23330.95,23592.85,23457.05,VERY_WIDE,23592.85,23316.5,0.052,STRONG_DOWNTREND,NEUTRAL,BEARISH,PREMIUM_SELL_BULL,AFTERNOON_DAY_LOW_FADE_DTE0,73.53,1,212.65,MEDIUM,0,0,0,1,0,0,NO_TRADE,,params_invalid:credit_risk_ratio_0.093_below_min_0.153,
11:23:48,23330.7,23592.85,23457.05,VERY_WIDE,23592.85,23316.5,0.051,STRONG_DOWNTREND,NEUTRAL,BEARISH,PREMIUM_SELL_BULL,AFTERNOON_DAY_LOW_FADE_DTE0,73.53,1,212.44,MEDIUM,0,0,0,1,0,0,NO_TRADE,,params_invalid:credit_risk_ratio_0.094_below_min_0.153,
11:24:03,23331.0,23592.85,23457.05,VERY_WIDE,23592.85,23316.5,0.052,STRONG_DOWNTREND,NEUTRAL,BEARISH,PREMIUM_SELL_BULL,AFTERNOON_DAY_LOW_FADE_DTE0,73.53,1,212.23,MEDIUM,0,0,0,1,0,0,NO_TRADE,,params_invalid:credit_risk_ratio_0.090_below_min_0.153,
11:24:18,23333.8,23592.85,23457.05,VERY_WIDE,23592.85,23316.5,0.063,STRONG_DOWNTREND,NEUTRAL,BEARISH,PREMIUM_SELL_BULL,AFTERNOON_DAY_LOW_FADE_DTE0,73.53,1,212.03,MEDIUM,0,0,0,1,0,0,NO_TRADE,,params_invalid:credit_risk_ratio_0.089_below_min_0.153,
11:24:33,23333.25,23592.85,23457.05,VERY_WIDE,23592.85,23316.5,0.061,STRONG_DOWNTREND,NEUTRAL,BEARISH,PREMIUM_SELL_BULL,AFTERNOON_DAY_LOW_FADE_DTE0,73.53,1,211.82,MEDIUM,0,0,0,1,0,0,NO_TRADE,,params_invalid:credit_risk_ratio_0.091_below_min_0.153,
11:24:49,23332.85,23592.85,23457.05,VERY_WIDE,23592.85,23316.5,0.059,STRONG_DOWNTREND,NEUTRAL,BEARISH,PREMIUM_SELL_BULL,AFTERNOON_DAY_LOW_FADE_DTE0,73.53,1,211.62,MEDIUM,0,0,0,1,0,0,NO_TRADE,,params_invalid:credit_risk_ratio_0.091_below_min_0.153,
11:25:03,23330.4,23592.85,23457.05,VERY_WIDE,23592.85,23316.5,0.050,STRONG_DOWNTREND,NEUTRAL,BEARISH,PREMIUM_SELL_BULL,AFTERNOON_DAY_LOW_FADE_DTE0,72.02,1,211.42,MEDIUM,0,0,0,1,0,0,NO_TRADE,,params_invalid:credit_risk_ratio_0.095_below_min_0.153,
11:25:19,23331.05,23592.85,23457.05,VERY_WIDE,23592.85,23316.5,0.053,STRONG_DOWNTREND,NEUTRAL,BEARISH,PREMIUM_SELL_BULL,AFTERNOON_DAY_LOW_FADE_DTE0,72.02,1,211.21,MEDIUM,0,0,0,1,0,0,NO_TRADE,,params_invalid:credit_risk_ratio_0.093_below_min_0.153,
11:25:34,23328.6,23592.85,23457.05,VERY_WIDE,23592.85,23316.5,0.044,STRONG_DOWNTREND,NEUTRAL,BEARISH,PREMIUM_SELL_BULL,AFTERNOON_DAY_LOW_FADE_DTE0,72.02,1,211.01,MEDIUM,0,0,0,1,0,0,NO_TRADE,,params_invalid:credit_risk_ratio_0.099_below_min_0.153,
11:25:49,23327.4,23592.85,23457.05,VERY_WIDE,23592.85,23316.5,0.039,STRONG_DOWNTREND,NEUTRAL,BEARISH,PREMIUM_SELL_BULL,AFTERNOON_DAY_LOW_FADE_DTE0,72.02,1,210.81,MEDIUM,0,0,0,1,0,0,NO_TRADE,,params_invalid:credit_risk_ratio_0.101_below_min_0.153,
11:26:04,23322.2,23592.85,23457.05,VERY_WIDE,23592.85,23316.5,0.021,STRONG_DOWNTREND,NEUTRAL,BEARISH,PREMIUM_SELL_BULL,AFTERNOON_DAY_LOW_FADE_DTE0,72.02,1,210.6,MEDIUM,0,0,0,1,0,0,NO_TRADE,,params_invalid:credit_risk_ratio_0.102_below_min_0.153,
11:26:19,23324.15,23592.85,23457.05,VERY_WIDE,23592.85,23316.5,0.028,STRONG_DOWNTREND,NEUTRAL,BEARISH,PREMIUM_SELL_BULL,AFTERNOON_DAY_LOW_FADE_DTE0,72.02,1,210.4,MEDIUM,0,0,0,1,0,0,NO_TRADE,,params_invalid:credit_risk_ratio_0.097_below_min_0.153,
11:26:34,23323.95,23592.85,23457.05,VERY_WIDE,23592.85,23316.5,0.027,STRONG_DOWNTREND,NEUTRAL,BEARISH,PREMIUM_SELL_BULL,AFTERNOON_DAY_LOW_FADE_DTE0,72.02,1,210.2,MEDIUM,0,0,0,1,0,0,NO_TRADE,,params_invalid:credit_risk_ratio_0.099_below_min_0.153,
11:26:49,23319.35,23592.85,23457.05,VERY_WIDE,23592.85,23316.5,0.010,STRONG_DOWNTREND,NEUTRAL,BEARISH,PREMIUM_SELL_BULL,AFTERNOON_DAY_LOW_FADE_DTE0,72.02,1,210.0,MEDIUM,0,0,0,1,0,0,NO_TRADE,,params_invalid:credit_risk_ratio_0.103_below_min_0.153,
11:27:04,23319.65,23592.85,23457.05,VERY_WIDE,23592.85,23316.15,0.013,STRONG_DOWNTREND,NEUTRAL,BEARISH,PREMIUM_SELL_BULL,AFTERNOON_DAY_LOW_FADE_DTE0,72.04,1,210.07,MEDIUM,0,0,0,1,0,0,NO_TRADE,,params_invalid:credit_risk_ratio_0.102_below_min_0.153,
11:27:19,23319.0,23592.85,23457.05,VERY_WIDE,23592.85,23316.15,0.010,STRONG_DOWNTREND,NEUTRAL,BEARISH,PREMIUM_SELL_BULL,AFTERNOON_DAY_LOW_FADE_DTE0,72.04,1,209.87,MEDIUM,0,0,0,1,0,0,NO_TRADE,,params_invalid:credit_risk_ratio_0.105_below_min_0.153,
11:27:34,23317.35,23592.85,23457.05,VERY_WIDE,23592.85,23316.15,0.004,STRONG_DOWNTREND,NEUTRAL,BEARISH,PREMIUM_SELL_BULL,AFTERNOON_DAY_LOW_FADE_DTE0,72.04,1,209.67,MEDIUM,0,0,0,1,0,0,NO_TRADE,,params_invalid:credit_risk_ratio_0.105_below_min_0.153,
11:27:49,23319.3,23592.85,23457.05,VERY_WIDE,23592.85,23316.15,0.011,STRONG_DOWNTREND,NEUTRAL,BEARISH,PREMIUM_SELL_BULL,AFTERNOON_DAY_LOW_FADE_DTE0,72.04,1,209.47,MEDIUM,0,0,0,1,0,0,NO_TRADE,,params_invalid:credit_risk_ratio_0.106_below_min_0.153,
11:28:04,23319.45,23592.85,23457.05,VERY_WIDE,23592.85,23313.8,0.020,STRONG_DOWNTREND,NEUTRAL,BEARISH,PREMIUM_SELL_BULL,AFTERNOON_DAY_LOW_FADE_DTE0,72.16,1,211.05,MEDIUM,0,0,0,1,0,0,NO_TRADE,,params_invalid:credit_risk_ratio_0.105_below_min_0.153,
11:28:19,23319.95,23592.85,23457.05,VERY_WIDE,23592.85,23313.8,0.022,STRONG_DOWNTREND,NEUTRAL,BEARISH,PREMIUM_SELL_BULL,AFTERNOON_DAY_LOW_FADE_DTE0,72.16,1,210.85,MEDIUM,0,0,0,1,0,0,NO_TRADE,,params_invalid:credit_risk_ratio_0.105_below_min_0.153,
11:28:34,23318.6,23592.85,23457.05,VERY_WIDE,23592.85,23313.8,0.017,STRONG_DOWNTREND,NEUTRAL,BEARISH,PREMIUM_SELL_BULL,AFTERNOON_DAY_LOW_FADE_DTE0,72.16,1,210.66,MEDIUM,0,0,0,1,0,0,NO_TRADE,,params_invalid:credit_risk_ratio_0.105_below_min_0.153,
11:28:49,23317.0,23592.85,23457.05,VERY_WIDE,23592.85,23313.8,0.011,STRONG_DOWNTREND,NEUTRAL,BEARISH,PREMIUM_SELL_BULL,AFTERNOON_DAY_LOW_FADE_DTE0,72.16,1,210.46,MEDIUM,0,0,0,1,0,0,NO_TRADE,,params_invalid:credit_risk_ratio_0.111_below_min_0.153,
11:29:04,23313.9,23592.85,23457.05,VERY_WIDE,23592.85,23313.15,0.003,STRONG_DOWNTREND,NEUTRAL,BEARISH,PREMIUM_SELL_BULL,AFTERNOON_DAY_LOW_FADE_DTE0,72.19,1,210.75,MEDIUM,0,0,0,1,0,0,NO_TRADE,,params_invalid:credit_risk_ratio_0.114_below_min_0.152,
11:29:19,23316.75,23592.85,23457.05,VERY_WIDE,23592.85,23313.15,0.013,STRONG_DOWNTREND,NEUTRAL,BEARISH,PREMIUM_SELL_BULL,AFTERNOON_DAY_LOW_FADE_DTE0,72.19,1,210.56,MEDIUM,0,0,0,1,0,0,NO_TRADE,,params_invalid:credit_risk_ratio_0.110_below_min_0.152,
11:29:34,23316.95,23592.85,23457.05,VERY_WIDE,23592.85,23313.15,0.014,STRONG_DOWNTREND,NEUTRAL,BEARISH,PREMIUM_SELL_BULL,AFTERNOON_DAY_LOW_FADE_DTE0,72.19,1,210.36,MEDIUM,0,0,0,1,0,0,NO_TRADE,,params_invalid:credit_risk_ratio_0.111_below_min_0.153,
11:29:49,23317.25,23592.85,23457.05,VERY_WIDE,23592.85,23313.15,0.015,STRONG_DOWNTREND,NEUTRAL,BEARISH,PREMIUM_SELL_BULL,AFTERNOON_DAY_LOW_FADE_DTE0,72.19,1,210.17,MEDIUM,0,0,0,1,0,0,NO_TRADE,,params_invalid:credit_risk_ratio_0.109_below_min_0.152,
11:30:04,23318.95,23592.85,23457.05,VERY_WIDE,23592.85,23311.55,0.026,STRONG_DOWNTREND,NEUTRAL,BEARISH,PREMIUM_SELL_BULL,AFTERNOON_DAY_LOW_FADE_DTE0,71.08,1,211.17,MEDIUM,0,0,0,1,0,0,NO_TRADE,,params_invalid:credit_risk_ratio_0.105_below_min_0.152,
11:30:19,23319.1,23592.85,23457.05,VERY_WIDE,23592.85,23311.55,0.027,STRONG_DOWNTREND,NEUTRAL,BEARISH,PREMIUM_SELL_BULL,AFTERNOON_DAY_LOW_FADE_DTE0,71.08,1,210.98,MEDIUM,0,0,0,1,0,0,NO_TRADE,,params_invalid:credit_risk_ratio_0.105_below_min_0.152,
11:30:34,23317.9,23592.85,23457.05,VERY_WIDE,23592.85,23311.55,0.023,STRONG_DOWNTREND,NEUTRAL,BEARISH,PREMIUM_SELL_BULL,AFTERNOON_DAY_LOW_FADE_DTE0,71.08,1,210.78,MEDIUM,0,0,0,1,0,0,NO_TRADE,,params_invalid:credit_risk_ratio_0.105_below_min_0.153,
11:30:49,23312.6,23592.85,23457.05,VERY_WIDE,23592.85,23311.55,0.004,STRONG_DOWNTREND,NEUTRAL,BEARISH,PREMIUM_SELL_BULL,AFTERNOON_DAY_LOW_FADE_DTE0,71.08,1,210.59,MEDIUM,0,0,0,1,0,0,NO_TRADE,,params_invalid:credit_risk_ratio_0.116_below_min_0.153,
11:31:04,23314.15,23592.85,23457.05,VERY_WIDE,23592.85,23311.55,0.009,STRONG_DOWNTREND,NEUTRAL,BEARISH,PREMIUM_SELL_BULL,AFTERNOON_DAY_LOW_FADE_DTE0,71.08,1,210.39,MEDIUM,0,0,0,1,0,0,NO_TRADE,,params_invalid:credit_risk_ratio_0.110_below_min_0.153,
11:31:20,23316.75,23592.85,23457.05,VERY_WIDE,23592.85,23311.55,0.018,STRONG_DOWNTREND,NEUTRAL,BEARISH,PREMIUM_SELL_BULL,AFTERNOON_DAY_LOW_FADE_DTE0,71.08,1,210.2,MEDIUM,0,0,0,1,0,0,NO_TRADE,,params_invalid:credit_risk_ratio_0.107_below_min_0.153,
11:31:35,23316.75,23592.85,23457.05,VERY_WIDE,23592.85,23311.55,0.018,STRONG_DOWNTREND,NEUTRAL,BEARISH,PREMIUM_SELL_BULL,AFTERNOON_DAY_LOW_FADE_DTE0,71.08,1,210.01,MEDIUM,0,0,0,1,0,0,NO_TRADE,,params_invalid:credit_risk_ratio_0.105_below_min_0.153,
11:31:50,23317.9,23592.85,23457.05,VERY_WIDE,23592.85,23311.55,0.023,STRONG_DOWNTREND,NEUTRAL,BEARISH,PREMIUM_SELL_BULL,AFTERNOON_DAY_LOW_FADE_DTE0,71.08,1,209.81,MEDIUM,0,0,0,1,0,0,NO_TRADE,,params_invalid:credit_risk_ratio_0.103_below_min_0.153,
11:32:05,23317.85,23592.85,23457.05,VERY_WIDE,23592.85,23311.55,0.022,STRONG_DOWNTREND,NEUTRAL,BEARISH,PREMIUM_SELL_BULL,AFTERNOON_DAY_LOW_FADE_DTE0,71.08,1,209.62,MEDIUM,0,0,0,1,0,0,NO_TRADE,,params_invalid:credit_risk_ratio_0.106_below_min_0.153,
11:32:20,23321.05,23592.85,23457.05,VERY_WIDE,23592.85,23311.55,0.034,STRONG_DOWNTREND,NEUTRAL,BEARISH,PREMIUM_SELL_BULL,AFTERNOON_DAY_LOW_FADE_DTE0,71.08,1,209.43,MEDIUM,0,0,0,1,0,0,NO_TRADE,,params_invalid:credit_risk_ratio_0.099_below_min_0.153,
11:32:35,23323.6,23592.85,23457.05,VERY_WIDE,23592.85,23311.55,0.043,STRONG_DOWNTREND,NEUTRAL,BEARISH,PREMIUM_SELL_BULL,AFTERNOON_DAY_LOW_FADE_DTE0,71.08,1,209.24,MEDIUM,0,0,0,1,0,0,NO_TRADE,,params_invalid:credit_risk_ratio_0.096_below_min_0.153,
11:32:50,23326.4,23592.85,23457.05,VERY_WIDE,23592.85,23311.55,0.053,STRONG_DOWNTREND,NEUTRAL,BEARISH,PREMIUM_SELL_BULL,AFTERNOON_DAY_LOW_FADE_DTE0,71.08,1,209.05,MEDIUM,0,0,0,1,0,0,NO_TRADE,,params_invalid:credit_risk_ratio_0.095_below_min_0.153,
11:33:05,23323.7,23592.85,23457.05,VERY_WIDE,23592.85,23311.55,0.043,STRONG_DOWNTREND,NEUTRAL,BEARISH,PREMIUM_SELL_BULL,AFTERNOON_DAY_LOW_FADE_DTE0,71.08,1,208.86,MEDIUM,0,0,0,1,0,0,NO_TRADE,,params_invalid:credit_risk_ratio_0.100_below_min_0.153,
11:33:20,23322.7,23592.85,23457.05,VERY_WIDE,23592.85,23311.55,0.040,STRONG_DOWNTREND,NEUTRAL,BEARISH,PREMIUM_SELL_BULL,AFTERNOON_DAY_LOW_FADE_DTE0,71.08,1,208.67,MEDIUM,0,0,0,1,0,0,NO_TRADE,,params_invalid:credit_risk_ratio_0.100_below_min_0.153,
11:33:35,23322.7,23592.85,23457.05,VERY_WIDE,23592.85,23311.55,0.040,STRONG_DOWNTREND,NEUTRAL,BEARISH,PREMIUM_SELL_BULL,AFTERNOON_DAY_LOW_FADE_DTE0,71.08,1,208.48,MEDIUM,0,0,0,1,0,0,NO_TRADE,,params_invalid:credit_risk_ratio_0.100_below_min_0.153,
11:33:50,23323.55,23592.85,23457.05,VERY_WIDE,23592.85,23311.55,0.043,STRONG_DOWNTREND,NEUTRAL,BEARISH,PREMIUM_SELL_BULL,AFTERNOON_DAY_LOW_FADE_DTE0,71.08,1,208.29,MEDIUM,0,0,0,1,0,0,NO_TRADE,,params_invalid:credit_risk_ratio_0.097_below_min_0.153,
11:34:05,23325.4,23592.85,23457.05,VERY_WIDE,23592.85,23311.55,0.049,STRONG_DOWNTREND,NEUTRAL,BEARISH,PREMIUM_SELL_BULL,AFTERNOON_DAY_LOW_FADE_DTE0,71.08,1,208.11,MEDIUM,0,0,0,1,0,0,NO_TRADE,,params_invalid:credit_risk_ratio_0.097_below_min_0.153,
11:34:20,23325.45,23592.85,23457.05,VERY_WIDE,23592.85,23311.55,0.049,STRONG_DOWNTREND,NEUTRAL,BEARISH,PREMIUM_SELL_BULL,AFTERNOON_DAY_LOW_FADE_DTE0,71.08,1,207.92,MEDIUM,0,0,0,1,0,0,NO_TRADE,,params_invalid:credit_risk_ratio_0.099_below_min_0.153,
11:34:35,23325.5,23592.85,23457.05,VERY_WIDE,23592.85,23311.55,0.050,STRONG_DOWNTREND,NEUTRAL,BEARISH,PREMIUM_SELL_BULL,AFTERNOON_DAY_LOW_FADE_DTE0,71.08,1,207.73,MEDIUM,0,0,0,1,0,0,NO_TRADE,,params_invalid:credit_risk_ratio_0.099_below_min_0.153,
11:34:50,23325.25,23592.85,23457.05,VERY_WIDE,23592.85,23311.55,0.049,STRONG_DOWNTREND,NEUTRAL,BEARISH,PREMIUM_SELL_BULL,AFTERNOON_DAY_LOW_FADE_DTE0,71.08,1,207.55,MEDIUM,0,0,0,1,0,0,NO_TRADE,,params_invalid:credit_risk_ratio_0.100_below_min_0.153,
11:35:05,23325.6,23592.85,23457.05,VERY_WIDE,23592.85,23311.55,0.050,STRONG_DOWNTREND,NEUTRAL,BEARISH,PREMIUM_SELL_BULL,AFTERNOON_DAY_LOW_FADE_DTE0,70.0,1,207.36,MEDIUM,0,0,0,1,0,0,NO_TRADE,,params_invalid:credit_risk_ratio_0.102_below_min_0.153,
11:35:20,23326.35,23592.85,23457.05,VERY_WIDE,23592.85,23311.55,0.053,STRONG_DOWNTREND,NEUTRAL,BEARISH,PREMIUM_SELL_BULL,AFTERNOON_DAY_LOW_FADE_DTE0,70.0,1,207.18,MEDIUM,0,0,0,1,0,0,NO_TRADE,,params_invalid:credit_risk_ratio_0.099_below_min_0.153,
11:35:35,23325.65,23592.85,23457.05,VERY_WIDE,23592.85,23311.55,0.050,STRONG_DOWNTREND,NEUTRAL,BEARISH,PREMIUM_SELL_BULL,AFTERNOON_DAY_LOW_FADE_DTE0,70.0,1,206.99,MEDIUM,0,0,0,1,0,0,NO_TRADE,,params_invalid:credit_risk_ratio_0.099_below_min_0.153,
11:35:50,23326.65,23592.85,23457.05,VERY_WIDE,23592.85,23311.55,0.054,STRONG_DOWNTREND,NEUTRAL,BEARISH,PREMIUM_SELL_BULL,AFTERNOON_DAY_LOW_FADE_DTE0,70.0,1,206.81,MEDIUM,0,0,0,1,0,0,NO_TRADE,,params_invalid:credit_risk_ratio_0.099_below_min_0.153,
11:36:05,23328.35,23592.85,23457.05,VERY_WIDE,23592.85,23311.55,0.060,DOWNTREND,NEUTRAL,BEARISH,PREMIUM_SELL_BULL,AFTERNOON_DAY_LOW_FADE_DTE0,67.73,1,206.62,MEDIUM,0,0,0,1,0,0,NO_TRADE,,params_invalid:credit_risk_ratio_0.098_below_min_0.153,
11:36:20,23331.9,23592.85,23457.05,VERY_WIDE,23592.85,23311.55,0.072,DOWNTREND,NEUTRAL,BEARISH,PREMIUM_SELL_BULL,AFTERNOON_DAY_LOW_FADE_DTE0,67.73,1,206.44,MEDIUM,0,0,0,1,0,0,NO_TRADE,,params_invalid:credit_risk_ratio_0.092_below_min_0.153,
11:36:35,23332.65,23592.85,23457.05,VERY_WIDE,23592.85,23311.55,0.075,DOWNTREND,NEUTRAL,BEARISH,PREMIUM_SELL_BULL,AFTERNOON_DAY_LOW_FADE_DTE0,67.73,1,206.26,MEDIUM,0,0,0,1,0,0,NO_TRADE,,params_invalid:credit_risk_ratio_0.091_below_min_0.153,
11:36:50,23336.85,23592.85,23457.05,VERY_WIDE,23592.85,23311.55,0.090,DOWNTREND,NEUTRAL,BEARISH,PREMIUM_SELL_BULL,AFTERNOON_DAY_LOW_FADE_DTE0,67.73,1,206.08,MEDIUM,0,0,0,1,0,0,NO_TRADE,,params_invalid:credit_risk_ratio_0.088_below_min_0.153,
11:37:05,23337.85,23592.85,23457.05,VERY_WIDE,23592.85,23311.55,0.093,DOWNTREND,NEUTRAL,BEARISH,PREMIUM_SELL_BULL,AFTERNOON_DAY_LOW_FADE_DTE0,67.64,1,205.89,MEDIUM,0,0,0,1,0,0,NO_TRADE,,params_invalid:credit_risk_ratio_0.088_below_min_0.153,
11:37:20,23337.8,23592.85,23457.05,VERY_WIDE,23592.85,23311.55,0.093,DOWNTREND,NEUTRAL,BEARISH,PREMIUM_SELL_BULL,AFTERNOON_DAY_LOW_FADE_DTE0,67.64,1,205.71,MEDIUM,0,0,0,1,0,0,NO_TRADE,,params_invalid:credit_risk_ratio_0.087_below_min_0.152,
11:37:35,23336.85,23592.85,23457.05,VERY_WIDE,23592.85,23311.55,0.090,DOWNTREND,NEUTRAL,BEARISH,PREMIUM_SELL_BULL,AFTERNOON_DAY_LOW_FADE_DTE0,67.64,1,205.53,MEDIUM,0,0,0,1,0,0,NO_TRADE,,params_invalid:credit_risk_ratio_0.090_below_min_0.153,
11:37:50,23335.75,23592.85,23457.05,VERY_WIDE,23592.85,23311.55,0.086,DOWNTREND,NEUTRAL,BEARISH,PREMIUM_SELL_BULL,AFTERNOON_DAY_LOW_FADE_DTE0,67.64,1,205.35,MEDIUM,0,0,0,1,0,0,NO_TRADE,,params_invalid:credit_risk_ratio_0.087_below_min_0.153,
11:38:05,23336.15,23592.85,23457.05,VERY_WIDE,23592.85,23311.55,0.087,DOWNTREND,NEUTRAL,BEARISH,PREMIUM_SELL_BULL,AFTERNOON_DAY_LOW_FADE_DTE0,66.9,1,205.17,MEDIUM,0,0,0,1,0,0,NO_TRADE,,params_invalid:credit_risk_ratio_0.092_below_min_0.153,
11:38:21,23340.55,23592.85,23457.05,VERY_WIDE,23592.85,23311.55,0.103,DOWNTREND,NEUTRAL,BEARISH,PREMIUM_SELL_BULL,AFTERNOON_DAY_LOW_FADE_DTE0,66.9,1,204.98,MEDIUM,0,0,0,0,0,0,NO_TRADE,,day_move_used_254pct_of_opening_straddle_no_edge,
11:38:35,23343.1,23592.85,23457.05,VERY_WIDE,23592.85,23311.55,0.112,DOWNTREND,NEUTRAL,BEARISH,PREMIUM_SELL_BULL,AFTERNOON_DAY_LOW_FADE_DTE0,66.9,1,204.81,MEDIUM,0,0,0,0,0,0,NO_TRADE,,day_move_used_254pct_of_opening_straddle_no_edge,
11:38:51,23343.35,23592.85,23457.05,VERY_WIDE,23592.85,23311.55,0.113,DOWNTREND,NEUTRAL,BEARISH,PREMIUM_SELL_BULL,DOWNTREND_ADX_67_BEARISH,66.9,1,204.63,MEDIUM,0,0,0,1,0,0,NO_TRADE,,params_invalid:credit_risk_ratio_0.083_below_min_0.152,
11:39:06,23343.75,23592.85,23457.05,VERY_WIDE,23592.85,23311.55,0.114,DOWNTREND,NEUTRAL,BEARISH,PREMIUM_SELL_BULL,DOWNTREND_ADX_67_BEARISH,66.57,1,204.45,MEDIUM,0,0,0,1,0,0,NO_TRADE,,params_invalid:credit_risk_ratio_0.081_below_min_0.152,
11:39:21,23346.35,23592.85,23457.05,VERY_WIDE,23592.85,23311.55,0.124,DOWNTREND,NEUTRAL,BEARISH,PREMIUM_SELL_BULL,DOWNTREND_ADX_67_BEARISH,66.57,1,204.28,MEDIUM,0,0,0,1,0,0,NO_TRADE,,params_invalid:credit_risk_ratio_0.079_below_min_0.152,
11:39:36,23342.65,23592.85,23457.05,VERY_WIDE,23592.85,23311.55,0.111,DOWNTREND,NEUTRAL,BEARISH,PREMIUM_SELL_BULL,DOWNTREND_ADX_67_BEARISH,66.57,1,204.1,MEDIUM,0,0,0,1,0,0,NO_TRADE,,params_invalid:credit_risk_ratio_0.084_below_min_0.152,
11:39:51,23344.2,23592.85,23457.05,VERY_WIDE,23592.85,23311.55,0.116,DOWNTREND,NEUTRAL,BEARISH,PREMIUM_SELL_BULL,DOWNTREND_ADX_67_BEARISH,66.57,1,203.92,MEDIUM,0,0,0,1,0,0,NO_TRADE,,params_invalid:credit_risk_ratio_0.082_below_min_0.152,
11:40:06,23346.3,23592.85,23457.05,VERY_WIDE,23592.85,23311.55,0.124,STRONG_DOWNTREND,NEUTRAL,BEARISH,PREMIUM_SELL_BULL,STRONG_DOWNTREND_ADX_62_BEARISH,62.29,1,203.75,MEDIUM,0,0,0,1,0,0,NO_TRADE,,params_invalid:credit_risk_ratio_0.080_below_min_0.152,
11:40:21,23344.05,23592.85,23457.05,VERY_WIDE,23592.85,23311.55,0.116,STRONG_DOWNTREND,NEUTRAL,BEARISH,PREMIUM_SELL_BULL,STRONG_DOWNTREND_ADX_62_BEARISH,62.29,1,203.57,MEDIUM,0,0,0,1,0,0,NO_TRADE,,params_invalid:credit_risk_ratio_0.083_below_min_0.152,
11:40:36,23337.65,23592.85,23457.05,VERY_WIDE,23592.85,23311.55,0.093,STRONG_DOWNTREND,NEUTRAL,BEARISH,PREMIUM_SELL_BULL,STRONG_DOWNTREND_ADX_62_BEARISH,62.29,1,203.4,MEDIUM,0,0,0,1,0,0,NO_TRADE,,params_invalid:credit_risk_ratio_0.087_below_min_0.152,
11:40:51,23337.4,23592.85,23457.05,VERY_WIDE,23592.85,23311.55,0.092,STRONG_DOWNTREND,NEUTRAL,BEARISH,PREMIUM_SELL_BULL,STRONG_DOWNTREND_ADX_62_BEARISH,62.29,1,203.22,MEDIUM,0,0,0,1,0,0,NO_TRADE,,params_invalid:credit_risk_ratio_0.089_below_min_0.152,
11:41:06,23337.85,23592.85,23457.05,VERY_WIDE,23592.85,23311.55,0.093,STRONG_DOWNTREND,NEUTRAL,BEARISH,PREMIUM_SELL_BULL,AFTERNOON_DAY_LOW_FADE_DTE0,62.29,1,203.05,MEDIUM,0,0,0,1,0,0,NO_TRADE,,params_invalid:credit_risk_ratio_0.088_below_min_0.152,
11:41:21,23338.25,23592.85,23457.05,VERY_WIDE,23592.85,23311.55,0.095,STRONG_DOWNTREND,NEUTRAL,BEARISH,PREMIUM_SELL_BULL,AFTERNOON_DAY_LOW_FADE_DTE0,62.29,1,202.87,MEDIUM,0,0,0,1,0,0,NO_TRADE,,params_invalid:credit_risk_ratio_0.087_below_min_0.152,
11:41:36,23338.15,23592.85,23457.05,VERY_WIDE,23592.85,23311.55,0.095,STRONG_DOWNTREND,NEUTRAL,BEARISH,PREMIUM_SELL_BULL,AFTERNOON_DAY_LOW_FADE_DTE0,62.29,1,202.7,MEDIUM,0,0,0,1,0,0,NO_TRADE,,params_invalid:credit_risk_ratio_0.089_below_min_0.152,
11:41:51,23336.9,23592.85,23457.05,VERY_WIDE,23592.85,23311.55,0.090,STRONG_DOWNTREND,NEUTRAL,BEARISH,PREMIUM_SELL_BULL,AFTERNOON_DAY_LOW_FADE_DTE0,62.29,1,202.53,MEDIUM,0,0,0,1,0,0,NO_TRADE,,params_invalid:credit_risk_ratio_0.089_below_min_0.152,
11:42:06,23339.3,23592.85,23457.05,VERY_WIDE,23592.85,23311.55,0.099,STRONG_DOWNTREND,NEUTRAL,BEARISH,PREMIUM_SELL_BULL,AFTERNOON_DAY_LOW_FADE_DTE0,62.29,1,202.35,MEDIUM,0,0,0,0,0,0,NO_TRADE,,day_move_used_251pct_of_opening_straddle_no_edge,
11:42:21,23334.4,23592.85,23457.05,VERY_WIDE,23592.85,23311.55,0.081,STRONG_DOWNTREND,NEUTRAL,BEARISH,PREMIUM_SELL_BULL,AFTERNOON_DAY_LOW_FADE_DTE0,62.29,1,202.18,MEDIUM,0,0,0,1,0,0,NO_TRADE,,params_invalid:credit_risk_ratio_0.090_below_min_0.152,
11:42:36,23334.1,23592.85,23457.05,VERY_WIDE,23592.85,23311.55,0.080,STRONG_DOWNTREND,NEUTRAL,BEARISH,PREMIUM_SELL_BULL,AFTERNOON_DAY_LOW_FADE_DTE0,62.29,1,202.01,MEDIUM,0,0,0,1,0,0,NO_TRADE,,params_invalid:credit_risk_ratio_0.090_below_min_0.152,
11:42:51,23333.55,23592.85,23457.05,VERY_WIDE,23592.85,23311.55,0.078,STRONG_DOWNTREND,NEUTRAL,BEARISH,PREMIUM_SELL_BULL,AFTERNOON_DAY_LOW_FADE_DTE0,62.29,1,201.84,MEDIUM,0,0,0,1,0,0,NO_TRADE,,params_invalid:credit_risk_ratio_0.090_below_min_0.152,
11:43:06,23332.95,23592.85,23457.05,VERY_WIDE,23592.85,23311.55,0.076,STRONG_DOWNTREND,NEUTRAL,BEARISH,PREMIUM_SELL_BULL,AFTERNOON_DAY_LOW_FADE_DTE0,62.29,1,201.67,MEDIUM,0,0,0,1,0,0,NO_TRADE,,params_invalid:credit_risk_ratio_0.093_below_min_0.152,
11:43:21,23332.05,23592.85,23457.05,VERY_WIDE,23592.85,23311.55,0.073,STRONG_DOWNTREND,NEUTRAL,BEARISH,PREMIUM_SELL_BULL,AFTERNOON_DAY_LOW_FADE_DTE0,62.29,1,201.5,MEDIUM,0,0,0,1,0,0,NO_TRADE,,params_invalid:credit_risk_ratio_0.092_below_min_0.152,
11:43:36,23334.7,23592.85,23457.05,VERY_WIDE,23592.85,23311.55,0.082,STRONG_DOWNTREND,NEUTRAL,BEARISH,PREMIUM_SELL_BULL,AFTERNOON_DAY_LOW_FADE_DTE0,62.29,1,201.33,MEDIUM,0,0,0,1,0,0,NO_TRADE,,params_invalid:credit_risk_ratio_0.089_below_min_0.152,
11:43:51,23335.45,23592.85,23457.05,VERY_WIDE,23592.85,23311.55,0.085,STRONG_DOWNTREND,NEUTRAL,BEARISH,PREMIUM_SELL_BULL,AFTERNOON_DAY_LOW_FADE_DTE0,62.29,1,201.16,MEDIUM,0,0,0,1,0,0,NO_TRADE,,params_invalid:credit_risk_ratio_0.088_below_min_0.152,
11:44:06,23338.4,23592.85,23457.05,VERY_WIDE,23592.85,23311.55,0.095,DOWNTREND,NEUTRAL,BEARISH,PREMIUM_SELL_BULL,AFTERNOON_DAY_LOW_FADE_DTE0,62.29,1,200.99,MEDIUM,0,0,0,1,0,0,NO_TRADE,,params_invalid:credit_risk_ratio_0.085_below_min_0.152,
11:44:21,23340.95,23592.85,23457.05,VERY_WIDE,23592.85,23311.55,0.105,DOWNTREND,NEUTRAL,BEARISH,PREMIUM_SELL_BULL,AFTERNOON_DAY_LOW_FADE_DTE0,62.29,1,200.82,MEDIUM,0,0,0,0,0,0,NO_TRADE,,day_move_used_249pct_of_opening_straddle_no_edge,
11:44:36,23339.95,23592.85,23457.05,VERY_WIDE,23592.85,23311.55,0.101,DOWNTREND,NEUTRAL,BEARISH,PREMIUM_SELL_BULL,AFTERNOON_DAY_LOW_FADE_DTE0,62.29,1,200.65,MEDIUM,0,0,0,0,0,0,NO_TRADE,,day_move_used_249pct_of_opening_straddle_no_edge,
11:44:51,23340.0,23592.85,23457.05,VERY_WIDE,23592.85,23311.55,0.101,DOWNTREND,NEUTRAL,BEARISH,PREMIUM_SELL_BULL,DOWNTREND_ADX_62_BEARISH,62.29,1,200.49,MEDIUM,0,0,0,1,0,0,NO_TRADE,,params_invalid:credit_risk_ratio_0.081_below_min_0.151,
11:45:06,23341.2,23592.85,23457.05,VERY_WIDE,23592.85,23311.55,0.105,DOWNTREND,NEUTRAL,BEARISH,PREMIUM_SELL_BULL,DOWNTREND_ADX_58_BEARISH,58.43,1,200.32,MEDIUM,0,0,0,1,0,0,NO_TRADE,,params_invalid:credit_risk_ratio_0.083_below_min_0.152,
11:45:21,23339.95,23592.85,23457.05,VERY_WIDE,23592.85,23311.55,0.101,DOWNTREND,NEUTRAL,BEARISH,PREMIUM_SELL_BULL,DOWNTREND_ADX_58_BEARISH,58.43,1,200.15,MEDIUM,0,0,0,1,0,0,NO_TRADE,,params_invalid:credit_risk_ratio_0.086_below_min_0.152,
11:45:36,23338.85,23592.85,23457.05,VERY_WIDE,23592.85,23311.55,0.097,DOWNTREND,NEUTRAL,BEARISH,PREMIUM_SELL_BULL,DOWNTREND_ADX_58_BEARISH,58.43,1,199.98,MEDIUM,0,0,0,1,0,0,NO_TRADE,,params_invalid:credit_risk_ratio_0.085_below_min_0.152,
11:45:52,23340.2,23592.85,23457.05,VERY_WIDE,23592.85,23311.55,0.102,DOWNTREND,NEUTRAL,BEARISH,PREMIUM_SELL_BULL,DOWNTREND_ADX_58_BEARISH,58.43,1,199.82,MEDIUM,0,0,0,1,0,0,NO_TRADE,,params_invalid:credit_risk_ratio_0.086_below_min_0.152,
11:46:07,23339.4,23592.85,23457.05,VERY_WIDE,23592.85,23311.55,0.099,STRONG_DOWNTREND,NEUTRAL,BEARISH,PREMIUM_SELL_BULL,STRONG_DOWNTREND_ADX_58_BEARISH,58.43,1,199.65,MEDIUM,0,0,0,1,0,0,NO_TRADE,,params_invalid:credit_risk_ratio_0.084_below_min_0.152,
11:46:22,23340.25,23592.85,23457.05,VERY_WIDE,23592.85,23311.55,0.102,STRONG_DOWNTREND,NEUTRAL,BEARISH,PREMIUM_SELL_BULL,STRONG_DOWNTREND_ADX_58_BEARISH,58.43,1,199.49,MEDIUM,0,0,0,1,0,0,NO_TRADE,,params_invalid:credit_risk_ratio_0.086_below_min_0.152,
11:46:37,23339.5,23592.85,23457.05,VERY_WIDE,23592.85,23311.55,0.099,STRONG_DOWNTREND,NEUTRAL,BEARISH,PREMIUM_SELL_BULL,STRONG_DOWNTREND_ADX_58_BEARISH,58.43,1,199.32,MEDIUM,0,0,0,1,0,0,NO_TRADE,,params_invalid:credit_risk_ratio_0.087_below_min_0.152,
11:46:52,23339.45,23592.85,23457.05,VERY_WIDE,23592.85,23311.55,0.099,STRONG_DOWNTREND,NEUTRAL,BEARISH,PREMIUM_SELL_BULL,STRONG_DOWNTREND_ADX_58_BEARISH,58.43,1,199.16,MEDIUM,0,0,0,1,0,0,NO_TRADE,,params_invalid:credit_risk_ratio_0.084_below_min_0.152,
11:47:07,23338.25,23592.85,23457.05,VERY_WIDE,23592.85,23311.55,0.095,STRONG_DOWNTREND,NEUTRAL,BEARISH,PREMIUM_SELL_BULL,STRONG_DOWNTREND_ADX_58_BEARISH,58.43,1,198.99,MEDIUM,0,0,0,1,0,0,NO_TRADE,,params_invalid:credit_risk_ratio_0.087_below_min_0.152,
11:47:22,23338.45,23592.85,23457.05,VERY_WIDE,23592.85,23311.55,0.096,STRONG_DOWNTREND,NEUTRAL,BEARISH,PREMIUM_SELL_BULL,STRONG_DOWNTREND_ADX_58_BEARISH,58.43,1,198.83,MEDIUM,0,0,0,1,0,0,NO_TRADE,,params_invalid:credit_risk_ratio_0.085_below_min_0.152,
11:47:37,23338.05,23592.85,23457.05,VERY_WIDE,23592.85,23311.55,0.094,DOWNTREND,NEUTRAL,BEARISH,PREMIUM_SELL_BULL,AFTERNOON_DAY_LOW_FADE_DTE0,58.43,1,198.67,MEDIUM,0,0,0,1,0,0,NO_TRADE,,params_invalid:credit_risk_ratio_0.084_below_min_0.152,
11:47:52,23339.1,23592.85,23457.05,VERY_WIDE,23592.85,23311.55,0.098,DOWNTREND,NEUTRAL,BEARISH,PREMIUM_SELL_BULL,AFTERNOON_DAY_LOW_FADE_DTE0,58.43,1,198.5,MEDIUM,0,0,0,0,0,0,NO_TRADE,,day_move_used_246pct_of_opening_straddle_no_edge,
11:48:07,23337.8,23592.85,23457.05,VERY_WIDE,23592.85,23311.55,0.093,DOWNTREND,NEUTRAL,BEARISH,PREMIUM_SELL_BULL,AFTERNOON_DAY_LOW_FADE_DTE0,58.43,1,198.34,MEDIUM,0,0,0,1,0,0,NO_TRADE,,params_invalid:credit_risk_ratio_0.084_below_min_0.152,
11:48:22,23340.35,23592.85,23457.05,VERY_WIDE,23592.85,23311.55,0.102,DOWNTREND,NEUTRAL,BEARISH,PREMIUM_SELL_BULL,AFTERNOON_DAY_LOW_FADE_DTE0,58.43,1,198.18,MEDIUM,0,0,0,0,0,0,NO_TRADE,,day_move_used_246pct_of_opening_straddle_no_edge,
11:48:37,23340.0,23592.85,23457.05,VERY_WIDE,23592.85,23311.55,0.101,DOWNTREND,NEUTRAL,BEARISH,PREMIUM_SELL_BULL,AFTERNOON_DAY_LOW_FADE_DTE0,58.43,1,198.02,MEDIUM,0,0,0,0,0,0,NO_TRADE,,day_move_used_245pct_of_opening_straddle_no_edge,
11:48:52,23341.55,23592.85,23457.05,VERY_WIDE,23592.85,23311.55,0.107,DOWNTREND,NEUTRAL,BEARISH,PREMIUM_SELL_BULL,DOWNTREND_ADX_58_BEARISH,58.43,1,197.86,MEDIUM,0,0,0,1,0,0,NO_TRADE,,params_invalid:credit_risk_ratio_0.080_below_min_0.152,
11:49:08,23340.75,23592.85,23457.05,VERY_WIDE,23592.85,23311.55,0.104,STRONG_DOWNTREND,NEUTRAL,BEARISH,PREMIUM_SELL_BULL,STRONG_DOWNTREND_ADX_59_BEARISH,58.66,1,197.69,MEDIUM,0,0,0,1,0,0,NO_TRADE,,params_invalid:credit_risk_ratio_0.082_below_min_0.152,
11:49:22,23340.35,23592.85,23457.05,VERY_WIDE,23592.85,23311.55,0.102,STRONG_DOWNTREND,NEUTRAL,BEARISH,PREMIUM_SELL_BULL,STRONG_DOWNTREND_ADX_59_BEARISH,58.66,1,197.53,MEDIUM,0,0,0,1,0,0,NO_TRADE,,params_invalid:credit_risk_ratio_0.082_below_min_0.152,
11:49:37,23335.0,23592.85,23457.05,VERY_WIDE,23592.85,23311.55,0.083,STRONG_DOWNTREND,NEUTRAL,BEARISH,PREMIUM_SELL_BULL,STRONG_DOWNTREND_ADX_59_BEARISH,58.66,1,197.37,MEDIUM,0,0,0,1,0,0,NO_TRADE,,params_invalid:credit_risk_ratio_0.086_below_min_0.152,
11:49:52,23330.85,23592.85,23457.05,VERY_WIDE,23592.85,23311.55,0.069,STRONG_DOWNTREND,NEUTRAL,BEARISH,PREMIUM_SELL_BULL,STRONG_DOWNTREND_ADX_59_BEARISH,58.66,1,197.21,MEDIUM,0,0,0,1,0,0,NO_TRADE,,params_invalid:credit_risk_ratio_0.088_below_min_0.152,
11:50:07,23329.35,23592.85,23457.05,VERY_WIDE,23592.85,23311.55,0.063,STRONG_DOWNTREND,NEUTRAL,BEARISH,PREMIUM_SELL_BULL,AFTERNOON_DAY_LOW_FADE_DTE0,55.74,1,197.05,MEDIUM,0,0,0,1,0,0,NO_TRADE,,params_invalid:credit_risk_ratio_0.089_below_min_0.152,
11:50:22,23327.25,23592.85,23457.05,VERY_WIDE,23592.85,23311.55,0.056,STRONG_DOWNTREND,NEUTRAL,BEARISH,PREMIUM_SELL_BULL,AFTERNOON_DAY_LOW_FADE_DTE0,55.74,1,196.9,MEDIUM,0,0,0,1,0,0,NO_TRADE,,params_invalid:credit_risk_ratio_0.093_below_min_0.152,
11:50:37,23327.8,23592.85,23457.05,VERY_WIDE,23592.85,23311.55,0.058,STRONG_DOWNTREND,NEUTRAL,BEARISH,PREMIUM_SELL_BULL,AFTERNOON_DAY_LOW_FADE_DTE0,55.74,1,196.74,MEDIUM,0,0,0,1,0,0,NO_TRADE,,params_invalid:credit_risk_ratio_0.090_below_min_0.152,
11:50:52,23329.0,23592.85,23457.05,VERY_WIDE,23592.85,23311.55,0.062,STRONG_DOWNTREND,NEUTRAL,BEARISH,PREMIUM_SELL_BULL,AFTERNOON_DAY_LOW_FADE_DTE0,55.74,1,196.58,MEDIUM,0,0,0,1,0,0,NO_TRADE,,params_invalid:credit_risk_ratio_0.090_below_min_0.152,
11:51:07,23328.2,23592.85,23457.05,VERY_WIDE,23592.85,23311.55,0.059,STRONG_DOWNTREND,NEUTRAL,BEARISH,PREMIUM_SELL_BULL,AFTERNOON_DAY_LOW_FADE_DTE0,55.74,1,196.42,MEDIUM,0,0,0,1,0,0,NO_TRADE,,params_invalid:credit_risk_ratio_0.090_below_min_0.152,
11:51:22,23331.3,23592.85,23457.05,VERY_WIDE,23592.85,23311.55,0.070,STRONG_DOWNTREND,NEUTRAL,BEARISH,PREMIUM_SELL_BULL,AFTERNOON_DAY_LOW_FADE_DTE0,55.74,1,196.26,MEDIUM,0,0,0,1,0,0,NO_TRADE,,params_invalid:credit_risk_ratio_0.086_below_min_0.152,
11:51:37,23332.95,23592.85,23457.05,VERY_WIDE,23592.85,23311.55,0.076,STRONG_DOWNTREND,NEUTRAL,BEARISH,PREMIUM_SELL_BULL,AFTERNOON_DAY_LOW_FADE_DTE0,55.74,1,196.11,MEDIUM,0,0,0,1,0,0,NO_TRADE,,params_invalid:credit_risk_ratio_0.085_below_min_0.152,
11:51:52,23332.75,23592.85,23457.05,VERY_WIDE,23592.85,23311.55,0.075,STRONG_DOWNTREND,NEUTRAL,BEARISH,PREMIUM_SELL_BULL,AFTERNOON_DAY_LOW_FADE_DTE0,55.74,1,195.95,MEDIUM,0,0,0,1,0,0,NO_TRADE,,params_invalid:credit_risk_ratio_0.086_below_min_0.152,
11:52:08,23333.1,23592.85,23457.05,VERY_WIDE,23592.85,23311.55,0.077,STRONG_DOWNTREND,NEUTRAL,BEARISH,PREMIUM_SELL_BULL,AFTERNOON_DAY_LOW_FADE_DTE0,56.07,1,195.79,MEDIUM,0,0,0,1,0,0,NO_TRADE,,params_invalid:credit_risk_ratio_0.088_below_min_0.152,
11:52:23,23330.7,23592.85,23457.05,VERY_WIDE,23592.85,23311.55,0.068,STRONG_DOWNTREND,NEUTRAL,BEARISH,PREMIUM_SELL_BULL,AFTERNOON_DAY_LOW_FADE_DTE0,56.07,1,195.64,MEDIUM,0,0,0,1,0,0,NO_TRADE,,params_invalid:credit_risk_ratio_0.087_below_min_0.152,
11:52:38,23329.55,23592.85,23457.05,VERY_WIDE,23592.85,23311.55,0.064,STRONG_DOWNTREND,NEUTRAL,BEARISH,PREMIUM_SELL_BULL,AFTERNOON_DAY_LOW_FADE_DTE0,56.07,1,195.48,MEDIUM,0,0,0,1,0,0,NO_TRADE,,params_invalid:credit_risk_ratio_0.090_below_min_0.152,
11:52:53,23324.65,23592.85,23457.05,VERY_WIDE,23592.85,23311.55,0.047,STRONG_DOWNTREND,NEUTRAL,BEARISH,PREMIUM_SELL_BULL,AFTERNOON_DAY_LOW_FADE_DTE0,56.07,1,195.32,MEDIUM,0,0,0,1,0,0,NO_TRADE,,params_invalid:credit_risk_ratio_0.095_below_min_0.152,
11:53:08,23324.7,23592.85,23457.05,VERY_WIDE,23592.85,23311.55,0.047,STRONG_DOWNTREND,NEUTRAL,BEARISH,PREMIUM_SELL_BULL,AFTERNOON_DAY_LOW_FADE_DTE0,56.31,1,195.17,MEDIUM,0,0,0,1,0,0,NO_TRADE,,params_invalid:credit_risk_ratio_0.093_below_min_0.153,
11:53:23,23324.35,23592.85,23457.05,VERY_WIDE,23592.85,23311.55,0.046,STRONG_DOWNTREND,NEUTRAL,BEARISH,PREMIUM_SELL_BULL,AFTERNOON_DAY_LOW_FADE_DTE0,56.31,1,195.02,MEDIUM,0,0,0,1,0,0,NO_TRADE,,params_invalid:credit_risk_ratio_0.094_below_min_0.152,
11:53:38,23323.2,23592.85,23457.05,VERY_WIDE,23592.85,23311.55,0.041,STRONG_DOWNTREND,NEUTRAL,BEARISH,PREMIUM_SELL_BULL,AFTERNOON_DAY_LOW_FADE_DTE0,56.31,1,194.86,MEDIUM,0,0,0,1,0,0,NO_TRADE,,params_invalid:credit_risk_ratio_0.094_below_min_0.153,
11:53:53,23322.1,23592.85,23457.05,VERY_WIDE,23592.85,23311.55,0.038,STRONG_DOWNTREND,NEUTRAL,BEARISH,PREMIUM_SELL_BULL,AFTERNOON_DAY_LOW_FADE_DTE0,56.31,1,194.71,MEDIUM,0,0,0,1,0,0,NO_TRADE,,params_invalid:credit_risk_ratio_0.096_below_min_0.152,
11:54:08,23321.05,23592.85,23457.05,VERY_WIDE,23592.85,23311.55,0.034,STRONG_DOWNTREND,NEUTRAL,BEARISH,PREMIUM_SELL_BULL,AFTERNOON_DAY_LOW_FADE_DTE0,56.35,1,194.55,MEDIUM,0,0,0,1,0,0,NO_TRADE,,params_invalid:credit_risk_ratio_0.096_below_min_0.153,
11:54:23,23321.85,23592.85,23457.05,VERY_WIDE,23592.85,23311.55,0.037,STRONG_DOWNTREND,NEUTRAL,BEARISH,PREMIUM_SELL_BULL,AFTERNOON_DAY_LOW_FADE_DTE0,56.35,1,194.4,MEDIUM,0,0,0,1,0,0,NO_TRADE,,params_invalid:credit_risk_ratio_0.096_below_min_0.153,
11:54:38,23321.1,23592.85,23457.05,VERY_WIDE,23592.85,23311.55,0.034,STRONG_DOWNTREND,NEUTRAL,BEARISH,PREMIUM_SELL_BULL,AFTERNOON_DAY_LOW_FADE_DTE0,56.35,1,194.25,MEDIUM,0,0,0,1,0,0,NO_TRADE,,params_invalid:credit_risk_ratio_0.095_below_min_0.153,
11:54:53,23323.5,23592.85,23457.05,VERY_WIDE,23592.85,23311.55,0.042,STRONG_DOWNTREND,NEUTRAL,BEARISH,PREMIUM_SELL_BULL,AFTERNOON_DAY_LOW_FADE_DTE0,56.35,1,194.1,MEDIUM,0,0,0,1,0,0,NO_TRADE,,params_invalid:credit_risk_ratio_0.095_below_min_0.153,
11:55:08,23323.6,23592.85,23457.05,VERY_WIDE,23592.85,23311.55,0.043,STRONG_DOWNTREND,NEUTRAL,BEARISH,PREMIUM_SELL_BULL,AFTERNOON_DAY_LOW_FADE_DTE0,54.27,1,193.95,MEDIUM,0,0,0,1,0,0,NO_TRADE,,params_invalid:credit_risk_ratio_0.093_below_min_0.153,
11:55:23,23321.2,23592.85,23457.05,VERY_WIDE,23592.85,23311.55,0.034,STRONG_DOWNTREND,NEUTRAL,BEARISH,PREMIUM_SELL_BULL,AFTERNOON_DAY_LOW_FADE_DTE0,54.27,1,193.79,MEDIUM,0,0,0,1,0,0,NO_TRADE,,params_invalid:credit_risk_ratio_0.097_below_min_0.153,
11:55:38,23321.45,23592.85,23457.05,VERY_WIDE,23592.85,23311.55,0.035,STRONG_DOWNTREND,NEUTRAL,BEARISH,PREMIUM_SELL_BULL,AFTERNOON_DAY_LOW_FADE_DTE0,54.27,1,193.64,MEDIUM,0,0,0,1,0,0,NO_TRADE,,params_invalid:credit_risk_ratio_0.093_below_min_0.153,
11:55:53,23323.75,23592.85,23457.05,VERY_WIDE,23592.85,23311.55,0.043,STRONG_DOWNTREND,NEUTRAL,BEARISH,PREMIUM_SELL_BULL,AFTERNOON_DAY_LOW_FADE_DTE0,54.27,1,193.49,MEDIUM,0,0,0,1,0,0,NO_TRADE,,params_invalid:credit_risk_ratio_0.093_below_min_0.153,
11:56:08,23322.85,23592.85,23457.05,VERY_WIDE,23592.85,23311.55,0.040,STRONG_DOWNTREND,NEUTRAL,BEARISH,PREMIUM_SELL_BULL,AFTERNOON_DAY_LOW_FADE_DTE0,54.27,1,193.34,MEDIUM,0,0,0,1,0,0,NO_TRADE,,params_invalid:credit_risk_ratio_0.092_below_min_0.153,
11:56:23,23323.8,23592.85,23457.05,VERY_WIDE,23592.85,23311.55,0.044,STRONG_DOWNTREND,NEUTRAL,BEARISH,PREMIUM_SELL_BULL,AFTERNOON_DAY_LOW_FADE_DTE0,54.27,1,193.19,MEDIUM,0,0,0,1,0,0,NO_TRADE,,params_invalid:credit_risk_ratio_0.094_below_min_0.153,
11:56:38,23324.75,23592.85,23457.05,VERY_WIDE,23592.85,23311.55,0.047,STRONG_DOWNTREND,NEUTRAL,BEARISH,PREMIUM_SELL_BULL,AFTERNOON_DAY_LOW_FADE_DTE0,54.27,1,193.04,MEDIUM,0,0,0,1,0,0,NO_TRADE,,params_invalid:credit_risk_ratio_0.092_below_min_0.153,
11:56:53,23327.55,23592.85,23457.05,VERY_WIDE,23592.85,23311.55,0.057,STRONG_DOWNTREND,NEUTRAL,BEARISH,PREMIUM_SELL_BULL,AFTERNOON_DAY_LOW_FADE_DTE0,54.27,1,192.89,MEDIUM,0,0,0,1,0,0,NO_TRADE,,params_invalid:credit_risk_ratio_0.089_below_min_0.153,
11:57:08,23327.15,23592.85,23457.05,VERY_WIDE,23592.85,23311.55,0.055,STRONG_DOWNTREND,NEUTRAL,BEARISH,PREMIUM_SELL_BULL,AFTERNOON_DAY_LOW_FADE_DTE0,54.27,1,192.74,MEDIUM,0,0,0,1,0,0,NO_TRADE,,params_invalid:credit_risk_ratio_0.088_below_min_0.153,
11:57:23,23328.85,23592.85,23457.05,VERY_WIDE,23592.85,23311.55,0.062,STRONG_DOWNTREND,NEUTRAL,BEARISH,PREMIUM_SELL_BULL,AFTERNOON_DAY_LOW_FADE_DTE0,54.27,1,192.6,MEDIUM,0,0,0,1,0,0,NO_TRADE,,params_invalid:credit_risk_ratio_0.088_below_min_0.153,
11:57:38,23328.05,23592.85,23457.05,VERY_WIDE,23592.85,23311.55,0.059,STRONG_DOWNTREND,NEUTRAL,BEARISH,PREMIUM_SELL_BULL,AFTERNOON_DAY_LOW_FADE_DTE0,54.27,1,192.45,MEDIUM,0,0,0,1,0,0,NO_TRADE,,params_invalid:credit_risk_ratio_0.089_below_min_0.153,
11:57:53,23329.0,23592.85,23457.05,VERY_WIDE,23592.85,23311.55,0.062,STRONG_DOWNTREND,NEUTRAL,BEARISH,PREMIUM_SELL_BULL,AFTERNOON_DAY_LOW_FADE_DTE0,54.27,1,192.3,MEDIUM,0,0,0,1,0,0,NO_TRADE,,params_invalid:credit_risk_ratio_0.086_below_min_0.153,
11:58:08,23329.65,23592.85,23457.05,VERY_WIDE,23592.85,23311.55,0.064,DOWNTREND,NEUTRAL,BEARISH,PREMIUM_SELL_BULL,AFTERNOON_DAY_LOW_FADE_DTE0,53.89,1,192.15,MEDIUM,0,0,0,1,0,0,NO_TRADE,,params_invalid:credit_risk_ratio_0.085_below_min_0.153,
11:58:23,23332.7,23592.85,23457.05,VERY_WIDE,23592.85,23311.55,0.075,DOWNTREND,NEUTRAL,BEARISH,PREMIUM_SELL_BULL,AFTERNOON_DAY_LOW_FADE_DTE0,53.89,1,192.0,MEDIUM,0,0,0,1,0,0,NO_TRADE,,params_invalid:credit_risk_ratio_0.082_below_min_0.152,
11:58:38,23334.6,23592.85,23457.05,VERY_WIDE,23592.85,23311.55,0.082,DOWNTREND,NEUTRAL,BEARISH,PREMIUM_SELL_BULL,AFTERNOON_DAY_LOW_FADE_DTE0,53.89,1,191.86,MEDIUM,0,0,0,1,0,0,NO_TRADE,,params_invalid:credit_risk_ratio_0.080_below_min_0.152,
11:58:53,23335.25,23592.85,23457.05,VERY_WIDE,23592.85,23311.55,0.084,DOWNTREND,NEUTRAL,BEARISH,PREMIUM_SELL_BULL,AFTERNOON_DAY_LOW_FADE_DTE0,53.89,1,191.71,MEDIUM,0,0,0,1,0,0,NO_TRADE,,params_invalid:credit_risk_ratio_0.082_below_min_0.152,
11:59:08,23335.35,23592.85,23457.05,VERY_WIDE,23592.85,23311.55,0.085,DOWNTREND,NEUTRAL,BEARISH,PREMIUM_SELL_BULL,AFTERNOON_DAY_LOW_FADE_DTE0,53.82,1,191.56,MEDIUM,0,0,0,1,0,0,NO_TRADE,,params_invalid:credit_risk_ratio_0.083_below_min_0.152,
11:59:23,23336.4,23592.85,23457.05,VERY_WIDE,23592.85,23311.55,0.088,DOWNTREND,NEUTRAL,BEARISH,PREMIUM_SELL_BULL,AFTERNOON_DAY_LOW_FADE_DTE0,53.82,1,191.42,MEDIUM,0,0,0,1,0,0,NO_TRADE,,params_invalid:credit_risk_ratio_0.081_below_min_0.152,
11:59:38,23335.05,23592.85,23457.05,VERY_WIDE,23592.85,23311.55,0.084,DOWNTREND,NEUTRAL,BEARISH,PREMIUM_SELL_BULL,AFTERNOON_DAY_LOW_FADE_DTE0,53.82,1,191.27,MEDIUM,0,0,0,1,0,0,NO_TRADE,,params_invalid:credit_risk_ratio_0.082_below_min_0.152,
11:59:53,23335.55,23592.85,23457.05,VERY_WIDE,23592.85,23311.55,0.085,DOWNTREND,NEUTRAL,BEARISH,PREMIUM_SELL_BULL,AFTERNOON_DAY_LOW_FADE_DTE0,53.82,1,191.13,MEDIUM,0,0,0,1,0,0,NO_TRADE,,params_invalid:credit_risk_ratio_0.082_below_min_0.152,
12:00:09,23337.0,23592.85,23457.05,VERY_WIDE,23592.85,23311.55,0.090,DOWNTREND,NEUTRAL,BEARISH,PREMIUM_SELL_BULL,AFTERNOON_DAY_LOW_FADE_DTE0,51.18,1,190.98,MEDIUM,0,0,0,1,0,0,NO_TRADE,,params_invalid:credit_risk_ratio_0.080_below_min_0.152,
12:00:23,23335.3,23592.85,23457.05,VERY_WIDE,23592.85,23311.55,0.084,DOWNTREND,NEUTRAL,BEARISH,PREMIUM_SELL_BULL,AFTERNOON_DAY_LOW_FADE_DTE0,51.18,1,190.84,MEDIUM,0,0,0,1,0,0,NO_TRADE,,params_invalid:credit_risk_ratio_0.084_below_min_0.153,
12:00:39,23337.0,23592.85,23457.05,VERY_WIDE,23592.85,23311.55,0.090,DOWNTREND,NEUTRAL,BEARISH,PREMIUM_SELL_BULL,AFTERNOON_DAY_LOW_FADE_DTE0,51.18,1,190.69,MEDIUM,0,0,0,1,0,0,NO_TRADE,,params_invalid:credit_risk_ratio_0.081_below_min_0.153,
12:00:54,23336.9,23592.85,23457.05,VERY_WIDE,23592.85,23311.55,0.090,DOWNTREND,NEUTRAL,BEARISH,PREMIUM_SELL_BULL,AFTERNOON_DAY_LOW_FADE_DTE0,51.18,1,190.55,MEDIUM,0,0,0,1,0,0,NO_TRADE,,params_invalid:credit_risk_ratio_0.084_below_min_0.152,
12:01:09,23337.9,23592.85,23457.05,VERY_WIDE,23592.85,23311.55,0.094,DOWNTREND,NEUTRAL,BEARISH,PREMIUM_SELL_BULL,AFTERNOON_DAY_LOW_FADE_DTE0,51.1,1,190.4,MEDIUM,0,0,0,1,0,0,NO_TRADE,,params_invalid:credit_risk_ratio_0.084_below_min_0.152,
12:01:24,23336.6,23592.85,23457.05,VERY_WIDE,23592.85,23311.55,0.089,DOWNTREND,NEUTRAL,BEARISH,PREMIUM_SELL_BULL,AFTERNOON_DAY_LOW_FADE_DTE0,51.1,1,190.26,MEDIUM,0,0,0,1,0,0,NO_TRADE,,params_invalid:credit_risk_ratio_0.081_below_min_0.152,
12:01:39,23335.45,23592.85,23457.05,VERY_WIDE,23592.85,23311.55,0.085,DOWNTREND,NEUTRAL,BEARISH,PREMIUM_SELL_BULL,AFTERNOON_DAY_LOW_FADE_DTE0,51.1,1,190.12,MEDIUM,0,0,0,1,0,0,NO_TRADE,,params_invalid:credit_risk_ratio_0.084_below_min_0.152,
12:01:54,23335.8,23592.85,23457.05,VERY_WIDE,23592.85,23311.55,0.086,DOWNTREND,NEUTRAL,BEARISH,PREMIUM_SELL_BULL,AFTERNOON_DAY_LOW_FADE_DTE0,51.1,1,189.98,MEDIUM,0,0,0,1,0,0,NO_TRADE,,params_invalid:credit_risk_ratio_0.084_below_min_0.152,
12:02:09,23335.95,23592.85,23457.05,VERY_WIDE,23592.85,23311.55,0.087,DOWNTREND,NEUTRAL,BEARISH,PREMIUM_SELL_BULL,AFTERNOON_DAY_LOW_FADE_DTE0,50.27,1,189.83,MEDIUM,0,0,0,1,0,0,NO_TRADE,,params_invalid:credit_risk_ratio_0.082_below_min_0.152,
12:02:24,23338.3,23592.85,23457.05,VERY_WIDE,23592.85,23311.55,0.095,DOWNTREND,NEUTRAL,BEARISH,PREMIUM_SELL_BULL,AFTERNOON_DAY_LOW_FADE_DTE0,50.27,1,189.69,MEDIUM,0,0,0,1,0,0,NO_TRADE,,params_invalid:credit_risk_ratio_0.080_below_min_0.152,
12:02:39,23341.55,23592.85,23457.05,VERY_WIDE,23592.85,23311.55,0.107,DOWNTREND,NEUTRAL,BEARISH,PREMIUM_SELL_BULL,AFTERNOON_DAY_LOW_FADE_DTE0,50.27,1,189.55,MEDIUM,0,0,0,0,0,0,NO_TRADE,,day_move_used_235pct_of_opening_straddle_no_edge,
12:02:54,23342.75,23592.85,23457.05,VERY_WIDE,23592.85,23311.55,0.111,DOWNTREND,NEUTRAL,BEARISH,PREMIUM_SELL_BULL,AFTERNOON_DAY_LOW_FADE_DTE0,50.27,1,189.41,MEDIUM,0,0,0,0,0,0,NO_TRADE,,day_move_used_235pct_of_opening_straddle_no_edge,
12:03:09,23343.85,23592.85,23457.05,VERY_WIDE,23592.85,23311.55,0.115,DOWNTREND,NEUTRAL,BEARISH,PREMIUM_SELL_BULL,DOWNTREND_ADX_49_BEARISH,49.29,1,189.27,MEDIUM,0,0,0,1,0,0,NO_TRADE,,params_invalid:credit_risk_ratio_0.077_below_min_0.152,
12:03:24,23347.7,23592.85,23457.05,VERY_WIDE,23592.85,23311.55,0.129,DOWNTREND,NEUTRAL,BEARISH,PREMIUM_SELL_BULL,DOWNTREND_ADX_49_BEARISH,49.29,1,189.13,MEDIUM,0,0,0,1,0,0,NO_TRADE,,params_invalid:credit_risk_ratio_0.073_below_min_0.152,
12:03:39,23348.85,23592.85,23457.05,VERY_WIDE,23592.85,23311.55,0.133,DOWNTREND,NEUTRAL,BEARISH,PREMIUM_SELL_BULL,DOWNTREND_ADX_49_BEARISH,49.29,1,188.99,MEDIUM,0,0,0,1,0,0,NO_TRADE,,params_invalid:credit_risk_ratio_0.073_below_min_0.152,
12:03:54,23349.55,23592.85,23457.05,VERY_WIDE,23592.85,23311.55,0.135,DOWNTREND,NEUTRAL,BEARISH,PREMIUM_SELL_BULL,DOWNTREND_ADX_49_BEARISH,49.29,1,188.85,MEDIUM,0,0,0,1,0,0,NO_TRADE,,params_invalid:credit_risk_ratio_0.073_below_min_0.152,
12:04:09,23349.2,23592.85,23457.05,VERY_WIDE,23592.85,23311.55,0.134,DOWNTREND,NEUTRAL,BEARISH,PREMIUM_SELL_BULL,DOWNTREND_ADX_49_BEARISH,49.26,1,188.7,MEDIUM,0,0,0,1,0,0,NO_TRADE,,params_invalid:credit_risk_ratio_0.073_below_min_0.152,
12:04:24,23344.95,23592.85,23457.05,VERY_WIDE,23592.85,23311.55,0.119,DOWNTREND,NEUTRAL,BEARISH,PREMIUM_SELL_BULL,DOWNTREND_ADX_49_BEARISH,49.26,1,188.57,MEDIUM,0,0,0,1,0,0,NO_TRADE,,params_invalid:credit_risk_ratio_0.080_below_min_0.152,
12:04:39,23345.25,23592.85,23457.05,VERY_WIDE,23592.85,23311.55,0.120,DOWNTREND,NEUTRAL,BEARISH,PREMIUM_SELL_BULL,DOWNTREND_ADX_49_BEARISH,49.26,1,188.43,MEDIUM,0,0,0,1,0,0,NO_TRADE,,params_invalid:credit_risk_ratio_0.080_below_min_0.152,
12:04:54,23346.7,23592.85,23457.05,VERY_WIDE,23592.85,23311.55,0.125,DOWNTREND,NEUTRAL,BEARISH,PREMIUM_SELL_BULL,DOWNTREND_ADX_49_BEARISH,49.26,1,188.29,MEDIUM,0,0,0,1,0,0,NO_TRADE,,params_invalid:credit_risk_ratio_0.077_below_min_0.152,
12:05:09,23348.85,23592.85,23457.05,VERY_WIDE,23592.85,23311.55,0.133,DOWNTREND,NEUTRAL,BEARISH,PREMIUM_SELL_BULL,DOWNTREND_ADX_45_BEARISH,44.82,1,188.15,MEDIUM,0,0,0,1,0,0,NO_TRADE,,params_invalid:credit_risk_ratio_0.073_below_min_0.152,
12:05:24,23352.95,23592.85,23457.05,VERY_WIDE,23592.85,23311.55,0.147,DOWNTREND,NEUTRAL,BEARISH,PREMIUM_SELL_BULL,DOWNTREND_ADX_45_BEARISH,44.82,1,188.01,MEDIUM,0,0,0,1,0,0,NO_TRADE,,params_invalid:credit_risk_ratio_0.073_below_min_0.152,
12:05:39,23351.15,23592.85,23457.05,VERY_WIDE,23592.85,23311.55,0.141,DOWNTREND,NEUTRAL,BEARISH,PREMIUM_SELL_BULL,DOWNTREND_ADX_45_BEARISH,44.82,1,187.87,MEDIUM,0,0,0,1,0,0,NO_TRADE,,params_invalid:credit_risk_ratio_0.074_below_min_0.152,
12:05:54,23351.25,23592.85,23457.05,VERY_WIDE,23592.85,23311.55,0.141,DOWNTREND,NEUTRAL,BEARISH,PREMIUM_SELL_BULL,DOWNTREND_ADX_45_BEARISH,44.82,1,187.73,MEDIUM,0,0,0,1,0,0,NO_TRADE,,params_invalid:credit_risk_ratio_0.073_below_min_0.152,
12:06:09,23343.7,23592.85,23457.05,VERY_WIDE,23592.85,23311.55,0.114,DOWNTREND,NEUTRAL,BEARISH,PREMIUM_SELL_BULL,DOWNTREND_ADX_45_BEARISH,44.82,1,187.6,MEDIUM,0,0,0,1,0,0,NO_TRADE,,params_invalid:credit_risk_ratio_0.078_below_min_0.152,
12:06:24,23340.65,23592.85,23457.05,VERY_WIDE,23592.85,23311.55,0.103,DOWNTREND,NEUTRAL,BEARISH,PREMIUM_SELL_BULL,DOWNTREND_ADX_45_BEARISH,44.82,1,187.46,MEDIUM,0,0,0,1,0,0,NO_TRADE,,params_invalid:credit_risk_ratio_0.080_below_min_0.152,
12:06:39,23339.5,23592.85,23457.05,VERY_WIDE,23592.85,23311.55,0.099,DOWNTREND,NEUTRAL,BEARISH,PREMIUM_SELL_BULL,DOWNTREND_ADX_45_BEARISH,44.82,1,187.32,MEDIUM,0,0,0,1,0,0,NO_TRADE,,params_invalid:credit_risk_ratio_0.080_below_min_0.152,
12:06:54,23338.35,23592.85,23457.05,VERY_WIDE,23592.85,23311.55,0.095,DOWNTREND,NEUTRAL,BEARISH,PREMIUM_SELL_BULL,DOWNTREND_ADX_45_BEARISH,44.82,1,187.19,MEDIUM,0,0,0,1,0,0,NO_TRADE,,params_invalid:credit_risk_ratio_0.082_below_min_0.152,
12:07:09,23336.15,23592.85,23457.05,VERY_WIDE,23592.85,23311.55,0.087,DOWNTREND,NEUTRAL,BEARISH,PREMIUM_SELL_BULL,DOWNTREND_ADX_45_BEARISH,44.82,1,187.05,MEDIUM,0,0,0,1,0,0,NO_TRADE,,params_invalid:credit_risk_ratio_0.082_below_min_0.152,
12:07:24,23338.1,23592.85,23457.05,VERY_WIDE,23592.85,23311.55,0.094,DOWNTREND,NEUTRAL,BEARISH,PREMIUM_SELL_BULL,AFTERNOON_DAY_LOW_FADE_DTE0,44.82,1,186.92,MEDIUM,0,0,0,1,0,0,NO_TRADE,,params_invalid:credit_risk_ratio_0.080_below_min_0.152,
12:07:39,23339.7,23592.85,23457.05,VERY_WIDE,23592.85,23311.55,0.100,DOWNTREND,NEUTRAL,BEARISH,PREMIUM_SELL_BULL,AFTERNOON_DAY_LOW_FADE_DTE0,44.82,1,186.78,MEDIUM,0,0,0,0,0,0,NO_TRADE,,day_move_used_231pct_of_opening_straddle_no_edge,
12:07:54,23340.9,23592.85,23457.05,VERY_WIDE,23592.85,23311.55,0.104,DOWNTREND,NEUTRAL,BEARISH,PREMIUM_SELL_BULL,AFTERNOON_DAY_LOW_FADE_DTE0,44.82,1,186.64,MEDIUM,0,0,0,0,0,0,NO_TRADE,,day_move_used_231pct_of_opening_straddle_no_edge,
12:08:09,23342.45,23592.85,23457.05,VERY_WIDE,23592.85,23311.55,0.110,DOWNTREND,NEUTRAL,BEARISH,PREMIUM_SELL_BULL,DOWNTREND_ADX_45_BEARISH,44.82,1,186.51,MEDIUM,0,0,0,1,0,0,NO_TRADE,,params_invalid:credit_risk_ratio_0.079_below_min_0.151,
12:08:24,23343.75,23592.85,23457.05,VERY_WIDE,23592.85,23311.55,0.114,DOWNTREND,NEUTRAL,BEARISH,PREMIUM_SELL_BULL,DOWNTREND_ADX_45_BEARISH,44.82,1,186.37,MEDIUM,0,0,0,1,0,0,NO_TRADE,,params_invalid:credit_risk_ratio_0.072_below_min_0.151,
12:08:39,23346.8,23592.85,23457.05,VERY_WIDE,23592.85,23311.55,0.125,DOWNTREND,NEUTRAL,BEARISH,PREMIUM_SELL_BULL,DOWNTREND_ADX_45_BEARISH,44.82,1,186.24,MEDIUM,0,0,0,1,0,0,NO_TRADE,,params_invalid:credit_risk_ratio_0.071_below_min_0.151,
12:08:54,23346.95,23592.85,23457.05,VERY_WIDE,23592.85,23311.55,0.126,DOWNTREND,NEUTRAL,BEARISH,PREMIUM_SELL_BULL,DOWNTREND_ADX_45_BEARISH,44.82,1,186.11,MEDIUM,0,0,0,1,0,0,NO_TRADE,,params_invalid:credit_risk_ratio_0.071_below_min_0.151,
12:09:09,23345.25,23592.85,23457.05,VERY_WIDE,23592.85,23311.55,0.120,DOWNTREND,NEUTRAL,BEARISH,PREMIUM_SELL_BULL,DOWNTREND_ADX_45_BEARISH,44.82,1,185.97,MEDIUM,0,0,0,1,0,0,NO_TRADE,,params_invalid:credit_risk_ratio_0.072_below_min_0.151,
12:09:24,23341.5,23592.85,23457.05,VERY_WIDE,23592.85,23311.55,0.106,DOWNTREND,NEUTRAL,BEARISH,PREMIUM_SELL_BULL,DOWNTREND_ADX_45_BEARISH,44.82,1,185.84,MEDIUM,0,0,0,1,0,0,NO_TRADE,,params_invalid:credit_risk_ratio_0.073_below_min_0.151,
12:09:39,23340.95,23592.85,23457.05,VERY_WIDE,23592.85,23311.55,0.105,DOWNTREND,NEUTRAL,BEARISH,PREMIUM_SELL_BULL,DOWNTREND_ADX_45_BEARISH,44.82,1,185.71,MEDIUM,0,0,0,1,0,0,NO_TRADE,,params_invalid:credit_risk_ratio_0.075_below_min_0.151,
12:09:55,23339.0,23592.85,23457.05,VERY_WIDE,23592.85,23311.55,0.098,DOWNTREND,NEUTRAL,BEARISH,PREMIUM_SELL_BULL,DOWNTREND_ADX_45_BEARISH,44.82,1,185.57,MEDIUM,0,0,0,1,0,0,NO_TRADE,,params_invalid:credit_risk_ratio_0.077_below_min_0.151,
12:10:10,23338.5,23592.85,23457.05,VERY_WIDE,23592.85,23311.55,0.096,DOWNTREND,NEUTRAL,BEARISH,PREMIUM_SELL_BULL,DOWNTREND_ADX_45_BEARISH,40.82,1,185.44,MEDIUM,0,0,0,1,0,0,NO_TRADE,,params_invalid:credit_risk_ratio_0.079_below_min_0.151,
12:10:25,23338.9,23592.85,23457.05,VERY_WIDE,23592.85,23311.55,0.097,DOWNTREND,NEUTRAL,BEARISH,PREMIUM_SELL_BULL,DOWNTREND_ADX_41_BEARISH,40.82,1,185.31,MEDIUM,0,0,0,1,0,0,NO_TRADE,,params_invalid:credit_risk_ratio_0.077_below_min_0.151,
12:10:40,23340.1,23592.85,23457.05,VERY_WIDE,23592.85,23311.55,0.101,DOWNTREND,NEUTRAL,BEARISH,PREMIUM_SELL_BULL,DOWNTREND_ADX_41_BEARISH,40.82,1,185.17,MEDIUM,0,0,0,1,0,0,NO_TRADE,,params_invalid:credit_risk_ratio_0.075_below_min_0.151,
12:10:55,23339.25,23592.85,23457.05,VERY_WIDE,23592.85,23311.55,0.098,DOWNTREND,NEUTRAL,BEARISH,PREMIUM_SELL_BULL,DOWNTREND_ADX_41_BEARISH,40.82,1,185.04,MEDIUM,0,0,0,1,0,0,NO_TRADE,,params_invalid:credit_risk_ratio_0.077_below_min_0.151,
12:11:10,23341.95,23592.85,23457.05,VERY_WIDE,23592.85,23311.55,0.108,DOWNTREND,NEUTRAL,BEARISH,PREMIUM_SELL_BULL,DOWNTREND_ADX_41_BEARISH,40.82,1,184.91,MEDIUM,0,0,0,1,0,0,NO_TRADE,,params_invalid:credit_risk_ratio_0.073_below_min_0.151,
12:11:25,23341.0,23592.85,23457.05,VERY_WIDE,23592.85,23311.55,0.105,DOWNTREND,NEUTRAL,BEARISH,PREMIUM_SELL_BULL,DOWNTREND_ADX_41_BEARISH,40.82,1,184.78,MEDIUM,0,0,0,1,0,0,NO_TRADE,,params_invalid:credit_risk_ratio_0.076_below_min_0.151,
12:11:40,23340.5,23592.85,23457.05,VERY_WIDE,23592.85,23311.55,0.103,DOWNTREND,NEUTRAL,BEARISH,PREMIUM_SELL_BULL,DOWNTREND_ADX_41_BEARISH,40.82,1,184.65,MEDIUM,0,0,0,1,0,0,NO_TRADE,,params_invalid:credit_risk_ratio_0.077_below_min_0.151,
12:11:55,23340.55,23592.85,23457.05,VERY_WIDE,23592.85,23311.55,0.103,DOWNTREND,NEUTRAL,BEARISH,PREMIUM_SELL_BULL,DOWNTREND_ADX_41_BEARISH,40.82,1,184.52,MEDIUM,0,0,0,1,0,0,NO_TRADE,,params_invalid:credit_risk_ratio_0.076_below_min_0.151,
12:12:10,23339.95,23592.85,23457.05,VERY_WIDE,23592.85,23311.55,0.101,STRONG_DOWNTREND,NEUTRAL,BEARISH,PREMIUM_SELL_BULL,STRONG_DOWNTREND_ADX_41_BEARISH,41.06,1,184.39,MEDIUM,0,0,0,1,0,0,NO_TRADE,,params_invalid:credit_risk_ratio_0.079_below_min_0.151,
12:12:25,23339.35,23592.85,23457.05,VERY_WIDE,23592.85,23311.55,0.099,STRONG_DOWNTREND,NEUTRAL,BEARISH,PREMIUM_SELL_BULL,STRONG_DOWNTREND_ADX_41_BEARISH,41.06,1,184.26,MEDIUM,0,0,0,1,0,0,NO_TRADE,,params_invalid:credit_risk_ratio_0.079_below_min_0.151,
12:12:40,23339.4,23592.85,23457.05,VERY_WIDE,23592.85,23311.55,0.099,STRONG_DOWNTREND,NEUTRAL,BEARISH,PREMIUM_SELL_BULL,STRONG_DOWNTREND_ADX_41_BEARISH,41.06,1,184.13,MEDIUM,0,0,0,1,0,0,NO_TRADE,,params_invalid:credit_risk_ratio_0.079_below_min_0.151,
12:12:55,23335.75,23592.85,23457.05,VERY_WIDE,23592.85,23311.55,0.086,STRONG_DOWNTREND,NEUTRAL,BEARISH,PREMIUM_SELL_BULL,STRONG_DOWNTREND_ADX_41_BEARISH,41.06,1,184.0,MEDIUM,0,0,0,1,0,0,NO_TRADE,,params_invalid:credit_risk_ratio_0.080_below_min_0.152,
12:13:10,23334.4,23592.85,23457.05,VERY_WIDE,23592.85,23311.55,0.081,STRONG_DOWNTREND,NEUTRAL,BEARISH,PREMIUM_SELL_BULL,STRONG_DOWNTREND_ADX_41_BEARISH,41.63,1,183.87,MEDIUM,0,0,0,1,0,0,NO_TRADE,,params_invalid:credit_risk_ratio_0.084_below_min_0.152,
12:13:25,23333.3,23592.85,23457.05,VERY_WIDE,23592.85,23311.55,0.077,STRONG_DOWNTREND,NEUTRAL,BEARISH,PREMIUM_SELL_BULL,AFTERNOON_DAY_LOW_FADE_DTE0,41.63,1,183.74,MEDIUM,0,0,0,1,0,0,NO_TRADE,,params_invalid:credit_risk_ratio_0.082_below_min_0.152,
12:13:40,23332.25,23592.85,23457.05,VERY_WIDE,23592.85,23311.55,0.074,STRONG_DOWNTREND,NEUTRAL,BEARISH,PREMIUM_SELL_BULL,AFTERNOON_DAY_LOW_FADE_DTE0,41.63,1,183.61,MEDIUM,0,0,0,1,0,0,NO_TRADE,,params_invalid:credit_risk_ratio_0.083_below_min_0.151,
12:13:55,23332.7,23592.85,23457.05,VERY_WIDE,23592.85,23311.55,0.075,STRONG_DOWNTREND,NEUTRAL,BEARISH,PREMIUM_SELL_BULL,AFTERNOON_DAY_LOW_FADE_DTE0,41.63,1,183.48,MEDIUM,0,0,0,1,0,0,NO_TRADE,,params_invalid:credit_risk_ratio_0.082_below_min_0.152,
12:14:10,23334.2,23592.85,23457.05,VERY_WIDE,23592.85,23311.55,0.081,STRONG_DOWNTREND,NEUTRAL,BEARISH,PREMIUM_SELL_BULL,AFTERNOON_DAY_LOW_FADE_DTE0,41.63,1,183.35,MEDIUM,0,0,0,1,0,0,NO_TRADE,,params_invalid:credit_risk_ratio_0.079_below_min_0.152,
12:14:25,23335.15,23592.85,23457.05,VERY_WIDE,23592.85,23311.55,0.084,STRONG_DOWNTREND,NEUTRAL,BEARISH,PREMIUM_SELL_BULL,AFTERNOON_DAY_LOW_FADE_DTE0,41.63,1,183.23,MEDIUM,0,0,0,1,0,0,NO_TRADE,,params_invalid:credit_risk_ratio_0.080_below_min_0.152,
12:14:40,23334.6,23592.85,23457.05,VERY_WIDE,23592.85,23311.55,0.082,STRONG_DOWNTREND,NEUTRAL,BEARISH,PREMIUM_SELL_BULL,AFTERNOON_DAY_LOW_FADE_DTE0,41.63,1,183.1,MEDIUM,0,0,0,1,0,0,NO_TRADE,,params_invalid:credit_risk_ratio_0.079_below_min_0.152,
12:14:55,23335.1,23592.85,23457.05,VERY_WIDE,23592.85,23311.55,0.084,STRONG_DOWNTREND,NEUTRAL,BEARISH,PREMIUM_SELL_BULL,AFTERNOON_DAY_LOW_FADE_DTE0,41.63,1,182.97,MEDIUM,0,0,0,1,0,0,NO_TRADE,,params_invalid:credit_risk_ratio_0.077_below_min_0.151,
12:15:10,23332.55,23592.85,23457.05,VERY_WIDE,23592.85,23311.55,0.075,STRONG_DOWNTREND,NEUTRAL,BEARISH,PREMIUM_SELL_BULL,AFTERNOON_DAY_LOW_FADE_DTE0,38.76,1,182.84,MEDIUM,0,0,0,1,0,0,NO_TRADE,,params_invalid:credit_risk_ratio_0.082_below_min_0.151,
12:15:25,23332.25,23592.85,23457.05,VERY_WIDE,23592.85,23311.55,0.074,STRONG_DOWNTREND,NEUTRAL,BEARISH,PREMIUM_SELL_BULL,AFTERNOON_DAY_LOW_FADE_DTE0,38.76,1,182.72,MEDIUM,0,0,0,1,0,0,NO_TRADE,,params_invalid:credit_risk_ratio_0.083_below_min_0.151,
12:15:40,23331.25,23592.85,23457.05,VERY_WIDE,23592.85,23311.55,0.070,STRONG_DOWNTREND,NEUTRAL,BEARISH,PREMIUM_SELL_BULL,AFTERNOON_DAY_LOW_FADE_DTE0,38.76,1,182.59,MEDIUM,0,0,0,1,0,0,NO_TRADE,,params_invalid:credit_risk_ratio_0.082_below_min_0.151,
12:15:55,23332.0,23592.85,23457.05,VERY_WIDE,23592.85,23311.55,0.073,STRONG_DOWNTREND,NEUTRAL,BEARISH,PREMIUM_SELL_BULL,AFTERNOON_DAY_LOW_FADE_DTE0,38.76,1,182.46,MEDIUM,0,0,0,1,0,0,NO_TRADE,,params_invalid:credit_risk_ratio_0.080_below_min_0.151,
12:16:10,23331.95,23592.85,23457.05,VERY_WIDE,23592.85,23311.55,0.073,STRONG_DOWNTREND,NEUTRAL,BEARISH,PREMIUM_SELL_BULL,AFTERNOON_DAY_LOW_FADE_DTE0,38.76,1,182.34,MEDIUM,0,0,0,1,0,0,NO_TRADE,,params_invalid:credit_risk_ratio_0.079_below_min_0.152,
12:16:25,23336.9,23592.85,23457.05,VERY_WIDE,23592.85,23311.55,0.090,STRONG_DOWNTREND,NEUTRAL,BEARISH,PREMIUM_SELL_BULL,AFTERNOON_DAY_LOW_FADE_DTE0,38.76,1,182.21,MEDIUM,0,0,0,1,0,0,NO_TRADE,,params_invalid:credit_risk_ratio_0.076_below_min_0.151,
12:16:40,23336.9,23592.85,23457.05,VERY_WIDE,23592.85,23311.55,0.090,STRONG_DOWNTREND,NEUTRAL,BEARISH,PREMIUM_SELL_BULL,AFTERNOON_DAY_LOW_FADE_DTE0,38.76,1,182.08,MEDIUM,0,0,0,1,0,0,NO_TRADE,,params_invalid:credit_risk_ratio_0.076_below_min_0.151,
12:16:56,23335.75,23592.85,23457.05,VERY_WIDE,23592.85,23311.55,0.086,STRONG_DOWNTREND,NEUTRAL,BEARISH,PREMIUM_SELL_BULL,AFTERNOON_DAY_LOW_FADE_DTE0,38.76,1,181.96,MEDIUM,0,0,0,1,0,0,NO_TRADE,,params_invalid:credit_risk_ratio_0.075_below_min_0.151,
12:17:11,23333.55,23592.85,23457.05,VERY_WIDE,23592.85,23311.55,0.078,DOWNTREND,NEUTRAL,BEARISH,PREMIUM_SELL_BULL,AFTERNOON_DAY_LOW_FADE_DTE0,38.76,1,181.83,MEDIUM,0,0,0,1,0,0,NO_TRADE,,params_invalid:credit_risk_ratio_0.077_below_min_0.151,
12:17:25,23335.35,23592.85,23457.05,VERY_WIDE,23592.85,23311.55,0.085,DOWNTREND,NEUTRAL,BEARISH,PREMIUM_SELL_BULL,AFTERNOON_DAY_LOW_FADE_DTE0,38.76,1,181.71,MEDIUM,0,0,0,1,0,0,NO_TRADE,,params_invalid:credit_risk_ratio_0.076_below_min_0.151,
12:17:41,23335.65,23592.85,23457.05,VERY_WIDE,23592.85,23311.55,0.086,DOWNTREND,NEUTRAL,BEARISH,PREMIUM_SELL_BULL,AFTERNOON_DAY_LOW_FADE_DTE0,38.76,1,181.59,MEDIUM,0,0,0,1,0,0,NO_TRADE,,params_invalid:credit_risk_ratio_0.076_below_min_0.151,
12:17:56,23337.5,23592.85,23457.05,VERY_WIDE,23592.85,23311.55,0.092,DOWNTREND,NEUTRAL,BEARISH,PREMIUM_SELL_BULL,AFTERNOON_DAY_LOW_FADE_DTE0,38.76,1,181.46,MEDIUM,0,0,0,1,0,0,NO_TRADE,,params_invalid:credit_risk_ratio_0.075_below_min_0.151,
12:18:11,23331.35,23592.85,23457.05,VERY_WIDE,23592.85,23311.55,0.070,STRONG_DOWNTREND,NEUTRAL,BEARISH,PREMIUM_SELL_BULL,AFTERNOON_DAY_LOW_FADE_DTE0,39.51,1,181.34,MEDIUM,0,0,0,1,0,0,NO_TRADE,,params_invalid:credit_risk_ratio_0.081_below_min_0.151,
12:18:26,23328.35,23592.85,23457.05,VERY_WIDE,23592.85,23311.55,0.060,STRONG_DOWNTREND,NEUTRAL,BEARISH,PREMIUM_SELL_BULL,AFTERNOON_DAY_LOW_FADE_DTE0,39.51,1,181.21,MEDIUM,0,0,0,1,0,0,NO_TRADE,,params_invalid:credit_risk_ratio_0.084_below_min_0.152,
12:18:41,23325.8,23592.85,23457.05,VERY_WIDE,23592.85,23311.55,0.051,STRONG_DOWNTREND,NEUTRAL,BEARISH,PREMIUM_SELL_BULL,AFTERNOON_DAY_LOW_FADE_DTE0,39.51,1,181.09,MEDIUM,0,0,0,1,0,0,NO_TRADE,,params_invalid:credit_risk_ratio_0.085_below_min_0.152,
12:18:56,23327.65,23592.85,23457.05,VERY_WIDE,23592.85,23311.55,0.057,STRONG_DOWNTREND,NEUTRAL,BEARISH,PREMIUM_SELL_BULL,AFTERNOON_DAY_LOW_FADE_DTE0,39.51,1,180.97,MEDIUM,0,0,0,1,0,0,NO_TRADE,,params_invalid:credit_risk_ratio_0.083_below_min_0.152,
12:19:11,23327.1,23592.85,23457.05,VERY_WIDE,23592.85,23311.55,0.055,STRONG_DOWNTREND,NEUTRAL,BEARISH,PREMIUM_SELL_BULL,AFTERNOON_DAY_LOW_FADE_DTE0,39.51,1,180.84,MEDIUM,0,0,0,1,0,0,NO_TRADE,,params_invalid:credit_risk_ratio_0.082_below_min_0.152,
12:19:26,23329.45,23592.85,23457.05,VERY_WIDE,23592.85,23311.55,0.064,STRONG_DOWNTREND,NEUTRAL,BEARISH,PREMIUM_SELL_BULL,AFTERNOON_DAY_LOW_FADE_DTE0,39.51,1,180.72,MEDIUM,0,0,0,1,0,0,NO_TRADE,,params_invalid:credit_risk_ratio_0.080_below_min_0.152,
12:19:41,23326.25,23592.85,23457.05,VERY_WIDE,23592.85,23311.55,0.052,STRONG_DOWNTREND,NEUTRAL,BEARISH,PREMIUM_SELL_BULL,AFTERNOON_DAY_LOW_FADE_DTE0,39.51,1,180.6,MEDIUM,0,0,0,1,0,0,NO_TRADE,,params_invalid:credit_risk_ratio_0.083_below_min_0.152,
12:19:56,23326.75,23592.85,23457.05,VERY_WIDE,23592.85,23311.55,0.054,STRONG_DOWNTREND,NEUTRAL,BEARISH,PREMIUM_SELL_BULL,AFTERNOON_DAY_LOW_FADE_DTE0,39.51,1,180.48,MEDIUM,0,0,0,1,0,0,NO_TRADE,,params_invalid:credit_risk_ratio_0.087_below_min_0.152,
12:20:11,23326.5,23592.85,23457.05,VERY_WIDE,23592.85,23311.55,0.053,STRONG_DOWNTREND,NEUTRAL,BEARISH,PREMIUM_SELL_BULL,AFTERNOON_DAY_LOW_FADE_DTE0,37.6,1,180.35,MEDIUM,0,0,0,1,0,0,NO_TRADE,,params_invalid:credit_risk_ratio_0.082_below_min_0.152,
12:20:26,23328.5,23592.85,23457.05,VERY_WIDE,23592.85,23311.55,0.060,STRONG_DOWNTREND,NEUTRAL,BEARISH,PREMIUM_SELL_BULL,AFTERNOON_DAY_LOW_FADE_DTE0,37.6,1,180.23,MEDIUM,0,0,0,1,0,0,NO_TRADE,,params_invalid:credit_risk_ratio_0.083_below_min_0.152,
12:20:41,23326.85,23592.85,23457.05,VERY_WIDE,23592.85,23311.55,0.054,STRONG_DOWNTREND,NEUTRAL,BEARISH,PREMIUM_SELL_BULL,AFTERNOON_DAY_LOW_FADE_DTE0,37.6,1,180.11,MEDIUM,0,0,0,1,0,0,NO_TRADE,,params_invalid:credit_risk_ratio_0.082_below_min_0.152,
12:20:56,23325.7,23592.85,23457.05,VERY_WIDE,23592.85,23311.55,0.050,STRONG_DOWNTREND,NEUTRAL,BEARISH,PREMIUM_SELL_BULL,AFTERNOON_DAY_LOW_FADE_DTE0,37.6,1,179.99,MEDIUM,0,0,0,1,0,0,NO_TRADE,,params_invalid:credit_risk_ratio_0.084_below_min_0.152,
12:21:11,23326.2,23592.85,23457.05,VERY_WIDE,23592.85,23311.55,0.052,STRONG_DOWNTREND,NEUTRAL,BEARISH,PREMIUM_SELL_BULL,AFTERNOON_DAY_LOW_FADE_DTE0,37.6,1,179.87,MEDIUM,0,0,0,1,0,0,NO_TRADE,,params_invalid:credit_risk_ratio_0.084_below_min_0.152,
12:21:26,23327.85,23592.85,23457.05,VERY_WIDE,23592.85,23311.55,0.058,STRONG_DOWNTREND,NEUTRAL,BEARISH,PREMIUM_SELL_BULL,AFTERNOON_DAY_LOW_FADE_DTE0,37.6,1,179.75,MEDIUM,0,0,0,1,0,0,NO_TRADE,,params_invalid:credit_risk_ratio_0.082_below_min_0.152,
12:21:41,23328.15,23592.85,23457.05,VERY_WIDE,23592.85,23311.55,0.059,STRONG_DOWNTREND,NEUTRAL,BEARISH,PREMIUM_SELL_BULL,AFTERNOON_DAY_LOW_FADE_DTE0,37.6,1,179.63,MEDIUM,0,0,0,1,0,0,NO_TRADE,,params_invalid:credit_risk_ratio_0.079_below_min_0.152,
12:21:56,23330.2,23592.85,23457.05,VERY_WIDE,23592.85,23311.55,0.066,STRONG_DOWNTREND,NEUTRAL,BEARISH,PREMIUM_SELL_BULL,AFTERNOON_DAY_LOW_FADE_DTE0,37.6,1,179.5,MEDIUM,0,0,0,1,0,0,NO_TRADE,,params_invalid:credit_risk_ratio_0.076_below_min_0.152,
12:22:11,23329.4,23592.85,23457.05,VERY_WIDE,23592.85,23311.55,0.063,STRONG_DOWNTREND,NEUTRAL,BEARISH,PREMIUM_SELL_BULL,AFTERNOON_DAY_LOW_FADE_DTE0,37.6,1,179.39,MEDIUM,0,0,0,1,0,0,NO_TRADE,,params_invalid:credit_risk_ratio_0.079_below_min_0.152,
12:22:26,23328.35,23592.85,23457.05,VERY_WIDE,23592.85,23311.55,0.060,STRONG_DOWNTREND,NEUTRAL,BEARISH,PREMIUM_SELL_BULL,AFTERNOON_DAY_LOW_FADE_DTE0,37.6,1,179.26,MEDIUM,0,0,0,1,0,0,NO_TRADE,,params_invalid:credit_risk_ratio_0.080_below_min_0.152,
12:22:41,23328.65,23592.85,23457.05,VERY_WIDE,23592.85,23311.55,0.061,STRONG_DOWNTREND,NEUTRAL,BEARISH,PREMIUM_SELL_BULL,AFTERNOON_DAY_LOW_FADE_DTE0,37.6,1,179.15,MEDIUM,0,0,0,1,0,0,NO_TRADE,,params_invalid:credit_risk_ratio_0.083_below_min_0.152,
12:22:56,23327.4,23592.85,23457.05,VERY_WIDE,23592.85,23311.55,0.056,STRONG_DOWNTREND,NEUTRAL,BEARISH,PREMIUM_SELL_BULL,AFTERNOON_DAY_LOW_FADE_DTE0,37.6,1,179.03,MEDIUM,0,0,0,1,0,0,NO_TRADE,,params_invalid:credit_risk_ratio_0.083_below_min_0.152,
12:23:11,23329.15,23592.85,23457.05,VERY_WIDE,23592.85,23311.55,0.063,STRONG_DOWNTREND,NEUTRAL,BEARISH,PREMIUM_SELL_BULL,AFTERNOON_DAY_LOW_FADE_DTE0,37.6,1,178.91,MEDIUM,0,0,0,1,0,0,NO_TRADE,,params_invalid:credit_risk_ratio_0.085_below_min_0.152,
12:23:26,23327.05,23592.85,23457.05,VERY_WIDE,23592.85,23311.55,0.055,STRONG_DOWNTREND,NEUTRAL,BEARISH,PREMIUM_SELL_BULL,AFTERNOON_DAY_LOW_FADE_DTE0,37.6,1,178.79,MEDIUM,0,0,0,1,0,0,NO_TRADE,,params_invalid:credit_risk_ratio_0.084_below_min_0.152,
12:23:41,23330.05,23592.85,23457.05,VERY_WIDE,23592.85,23311.55,0.066,STRONG_DOWNTREND,NEUTRAL,BEARISH,PREMIUM_SELL_BULL,AFTERNOON_DAY_LOW_FADE_DTE0,37.6,1,178.67,MEDIUM,0,0,0,1,0,0,NO_TRADE,,params_invalid:credit_risk_ratio_0.079_below_min_0.152,
12:23:56,23330.8,23592.85,23457.05,VERY_WIDE,23592.85,23311.55,0.068,STRONG_DOWNTREND,NEUTRAL,BEARISH,PREMIUM_SELL_BULL,AFTERNOON_DAY_LOW_FADE_DTE0,37.6,1,178.55,MEDIUM,0,0,0,1,0,0,NO_TRADE,,params_invalid:credit_risk_ratio_0.076_below_min_0.152,
12:24:11,23331.9,23592.85,23457.05,VERY_WIDE,23592.85,23311.55,0.072,STRONG_DOWNTREND,NEUTRAL,BEARISH,PREMIUM_SELL_BULL,AFTERNOON_DAY_LOW_FADE_DTE0,37.6,1,178.43,MEDIUM,0,0,0,1,0,0,NO_TRADE,,params_invalid:credit_risk_ratio_0.075_below_min_0.152,
12:24:26,23333.15,23592.85,23457.05,VERY_WIDE,23592.85,23311.55,0.077,STRONG_DOWNTREND,NEUTRAL,BEARISH,PREMIUM_SELL_BULL,AFTERNOON_DAY_LOW_FADE_DTE0,37.6,1,178.31,MEDIUM,0,0,0,1,0,0,NO_TRADE,,params_invalid:credit_risk_ratio_0.073_below_min_0.152,
12:24:41,23333.25,23592.85,23457.05,VERY_WIDE,23592.85,23311.55,0.077,STRONG_DOWNTREND,NEUTRAL,BEARISH,PREMIUM_SELL_BULL,AFTERNOON_DAY_LOW_FADE_DTE0,37.6,1,178.2,MEDIUM,0,0,0,1,0,0,NO_TRADE,,params_invalid:credit_risk_ratio_0.073_below_min_0.152,
12:24:56,23331.5,23592.85,23457.05,VERY_WIDE,23592.85,23311.55,0.071,STRONG_DOWNTREND,NEUTRAL,BEARISH,PREMIUM_SELL_BULL,AFTERNOON_DAY_LOW_FADE_DTE0,37.6,1,178.08,MEDIUM,0,0,0,1,0,0,NO_TRADE,,params_invalid:credit_risk_ratio_0.077_below_min_0.152,
12:25:12,23331.95,23592.85,23457.05,VERY_WIDE,23592.85,23311.55,0.073,STRONG_DOWNTREND,NEUTRAL,BEARISH,PREMIUM_SELL_BULL,AFTERNOON_DAY_LOW_FADE_DTE0,35.88,1,177.96,MEDIUM,0,0,0,1,0,0,NO_TRADE,,params_invalid:credit_risk_ratio_0.075_below_min_0.152,
12:25:26,23331.15,23592.85,23457.05,VERY_WIDE,23592.85,23311.55,0.070,STRONG_DOWNTREND,NEUTRAL,BEARISH,PREMIUM_SELL_BULL,AFTERNOON_DAY_LOW_FADE_DTE0,35.88,1,177.84,MEDIUM,0,0,0,1,0,0,NO_TRADE,,params_invalid:credit_risk_ratio_0.076_below_min_0.152,
12:25:41,23330.9,23592.85,23457.05,VERY_WIDE,23592.85,23311.55,0.069,STRONG_DOWNTREND,NEUTRAL,BEARISH,PREMIUM_SELL_BULL,AFTERNOON_DAY_LOW_FADE_DTE0,35.88,1,177.73,MEDIUM,0,0,0,1,0,0,NO_TRADE,,params_invalid:credit_risk_ratio_0.079_below_min_0.152,
12:25:57,23331.05,23592.85,23457.05,VERY_WIDE,23592.85,23311.55,0.069,STRONG_DOWNTREND,NEUTRAL,BEARISH,PREMIUM_SELL_BULL,AFTERNOON_DAY_LOW_FADE_DTE0,35.88,1,177.61,MEDIUM,0,0,0,1,0,0,NO_TRADE,,params_invalid:credit_risk_ratio_0.079_below_min_0.152,
12:26:11,23329.65,23592.85,23457.05,VERY_WIDE,23592.85,23311.55,0.064,STRONG_DOWNTREND,NEUTRAL,BEARISH,PREMIUM_SELL_BULL,AFTERNOON_DAY_LOW_FADE_DTE0,35.88,1,177.5,MEDIUM,0,0,0,1,0,0,NO_TRADE,,params_invalid:credit_risk_ratio_0.082_below_min_0.152,
12:26:26,23330.55,23592.85,23457.05,VERY_WIDE,23592.85,23311.55,0.068,STRONG_DOWNTREND,NEUTRAL,BEARISH,PREMIUM_SELL_BULL,AFTERNOON_DAY_LOW_FADE_DTE0,35.88,1,177.38,MEDIUM,0,0,0,1,0,0,NO_TRADE,,params_invalid:credit_risk_ratio_0.082_below_min_0.152,
12:26:42,23328.05,23592.85,23457.05,VERY_WIDE,23592.85,23311.55,0.059,STRONG_DOWNTREND,NEUTRAL,BEARISH,PREMIUM_SELL_BULL,AFTERNOON_DAY_LOW_FADE_DTE0,35.88,1,177.26,MEDIUM,0,0,0,1,0,0,NO_TRADE,,params_invalid:credit_risk_ratio_0.082_below_min_0.152,
12:26:57,23329.95,23592.85,23457.05,VERY_WIDE,23592.85,23311.55,0.065,STRONG_DOWNTREND,NEUTRAL,BEARISH,PREMIUM_SELL_BULL,AFTERNOON_DAY_LOW_FADE_DTE0,35.88,1,177.15,MEDIUM,0,0,0,1,0,0,NO_TRADE,,params_invalid:credit_risk_ratio_0.080_below_min_0.152,
12:27:12,23330.1,23592.85,23457.05,VERY_WIDE,23592.85,23311.55,0.066,STRONG_DOWNTREND,NEUTRAL,BEARISH,PREMIUM_SELL_BULL,AFTERNOON_DAY_LOW_FADE_DTE0,35.88,1,177.03,MEDIUM,0,0,0,1,0,0,NO_TRADE,,params_invalid:credit_risk_ratio_0.079_below_min_0.152,
12:27:27,23330.85,23592.85,23457.05,VERY_WIDE,23592.85,23311.55,0.069,STRONG_DOWNTREND,NEUTRAL,BEARISH,PREMIUM_SELL_BULL,AFTERNOON_DAY_LOW_FADE_DTE0,35.88,1,176.92,MEDIUM,0,0,0,1,0,0,NO_TRADE,,params_invalid:credit_risk_ratio_0.080_below_min_0.152,
12:27:42,23329.4,23592.85,23457.05,VERY_WIDE,23592.85,23311.55,0.063,STRONG_DOWNTREND,NEUTRAL,BEARISH,PREMIUM_SELL_BULL,AFTERNOON_DAY_LOW_FADE_DTE0,35.88,1,176.8,MEDIUM,0,0,0,1,0,0,NO_TRADE,,params_invalid:credit_risk_ratio_0.080_below_min_0.152,
12:27:50,23329.85,23592.85,23457.05,VERY_WIDE,23592.85,23311.55,0.065,STRONG_DOWNTREND,NEUTRAL,BEARISH,PREMIUM_SELL_BULL,AFTERNOON_DAY_LOW_FADE_DTE0,35.88,1,176.74,MEDIUM,0,0,0,1,0,0,NO_TRADE,,params_invalid:credit_risk_ratio_0.080_below_min_0.152,
12:28:05,23333.0,23592.85,23457.05,VERY_WIDE,23592.85,23311.55,0.076,DOWNTREND,NEUTRAL,BEARISH,PREMIUM_SELL_BULL,AFTERNOON_DAY_LOW_FADE_DTE0,35.67,1,176.63,MEDIUM,0,0,0,1,0,0,NO_TRADE,,params_invalid:credit_risk_ratio_0.078_below_min_0.152,
12:28:20,23332.5,23592.85,23457.05,VERY_WIDE,23592.85,23311.55,0.074,DOWNTREND,NEUTRAL,BEARISH,PREMIUM_SELL_BULL,AFTERNOON_DAY_LOW_FADE_DTE0,35.67,1,176.51,MEDIUM,0,0,0,1,0,0,NO_TRADE,,params_invalid:credit_risk_ratio_0.076_below_min_0.152,
12:28:35,23333.95,23592.85,23457.05,VERY_WIDE,23592.85,23311.55,0.080,DOWNTREND,NEUTRAL,BEARISH,PREMIUM_SELL_BULL,AFTERNOON_DAY_LOW_FADE_DTE0,35.67,1,176.4,MEDIUM,0,0,0,1,0,0,NO_TRADE,,params_invalid:credit_risk_ratio_0.075_below_min_0.152,
12:28:50,23335.1,23592.85,23457.05,VERY_WIDE,23592.85,23311.55,0.084,DOWNTREND,NEUTRAL,BEARISH,PREMIUM_SELL_BULL,AFTERNOON_DAY_LOW_FADE_DTE0,35.67,1,176.28,MEDIUM,0,0,0,1,0,0,NO_TRADE,,params_invalid:credit_risk_ratio_0.071_below_min_0.152,
12:29:05,23335.25,23592.85,23457.05,VERY_WIDE,23592.85,23311.55,0.084,DOWNTREND,NEUTRAL,BEARISH,PREMIUM_SELL_BULL,AFTERNOON_DAY_LOW_FADE_DTE0,34.95,1,176.17,MEDIUM,0,0,0,1,0,0,NO_TRADE,,params_invalid:credit_risk_ratio_0.073_below_min_0.152,
12:29:20,23333.8,23592.85,23457.05,VERY_WIDE,23592.85,23311.55,0.079,DOWNTREND,NEUTRAL,BEARISH,PREMIUM_SELL_BULL,AFTERNOON_DAY_LOW_FADE_DTE0,34.95,1,176.06,MEDIUM,0,0,0,1,0,0,NO_TRADE,,params_invalid:credit_risk_ratio_0.073_below_min_0.152,
12:29:35,23336.3,23592.85,23457.05,VERY_WIDE,23592.85,23311.55,0.088,DOWNTREND,NEUTRAL,BEARISH,PREMIUM_SELL_BULL,AFTERNOON_DAY_LOW_FADE_DTE0,34.95,1,175.94,MEDIUM,0,0,0,1,0,0,NO_TRADE,,params_invalid:credit_risk_ratio_0.072_below_min_0.152,
12:29:50,23336.25,23592.85,23457.05,VERY_WIDE,23592.85,23311.55,0.088,DOWNTREND,NEUTRAL,BEARISH,PREMIUM_SELL_BULL,AFTERNOON_DAY_LOW_FADE_DTE0,34.95,1,175.83,MEDIUM,0,0,0,1,0,0,NO_TRADE,,params_invalid:credit_risk_ratio_0.069_below_min_0.152,
12:30:05,23336.65,23592.85,23457.05,VERY_WIDE,23592.85,23311.55,0.089,STRONG_DOWNTREND,NEUTRAL,BEARISH,PREMIUM_SELL_BULL,AFTERNOON_DAY_LOW_FADE_DTE0,32.56,1,175.72,MEDIUM,0,0,0,1,0,0,NO_TRADE,,params_invalid:credit_risk_ratio_0.073_below_min_0.123,
12:30:20,23331.6,23592.85,23457.05,VERY_WIDE,23592.85,23311.55,0.071,STRONG_DOWNTREND,NEUTRAL,BEARISH,PREMIUM_SELL_BULL,AFTERNOON_DAY_LOW_FADE_DTE0,32.56,1,175.6,MEDIUM,0,0,0,1,0,0,NO_TRADE,,params_invalid:credit_risk_ratio_0.078_below_min_0.124,
12:30:35,23329.45,23592.85,23457.05,VERY_WIDE,23592.85,23311.55,0.064,STRONG_DOWNTREND,NEUTRAL,BEARISH,PREMIUM_SELL_BULL,AFTERNOON_DAY_LOW_FADE_DTE0,32.56,1,175.49,MEDIUM,0,0,0,1,0,0,NO_TRADE,,params_invalid:credit_risk_ratio_0.077_below_min_0.124,
12:30:50,23330.6,23592.85,23457.05,VERY_WIDE,23592.85,23311.55,0.068,STRONG_DOWNTREND,NEUTRAL,BEARISH,PREMIUM_SELL_BULL,AFTERNOON_DAY_LOW_FADE_DTE0,32.56,1,175.38,MEDIUM,0,0,0,1,0,0,NO_TRADE,,params_invalid:credit_risk_ratio_0.077_below_min_0.124,
12:31:05,23330.0,23592.85,23457.05,VERY_WIDE,23592.85,23311.55,0.066,STRONG_DOWNTREND,NEUTRAL,BEARISH,PREMIUM_SELL_BULL,AFTERNOON_DAY_LOW_FADE_DTE0,34.36,1,175.27,MEDIUM,0,0,0,1,0,0,NO_TRADE,,params_invalid:credit_risk_ratio_0.079_below_min_0.124,
12:31:20,23320.9,23592.85,23457.05,VERY_WIDE,23592.85,23311.55,0.033,STRONG_DOWNTREND,NEUTRAL,BEARISH,PREMIUM_SELL_BULL,AFTERNOON_DAY_LOW_FADE_DTE0,34.36,1,175.16,MEDIUM,0,0,0,1,0,0,NO_TRADE,,params_invalid:credit_risk_ratio_0.089_below_min_0.124,
12:31:35,23317.6,23592.85,23457.05,VERY_WIDE,23592.85,23311.55,0.022,STRONG_DOWNTREND,NEUTRAL,BEARISH,PREMIUM_SELL_BULL,AFTERNOON_DAY_LOW_FADE_DTE0,34.36,1,175.05,MEDIUM,0,0,0,1,0,0,NO_TRADE,,params_invalid:credit_risk_ratio_0.091_below_min_0.124,
12:31:50,23317.0,23592.85,23457.05,VERY_WIDE,23592.85,23311.55,0.019,STRONG_DOWNTREND,NEUTRAL,BEARISH,PREMIUM_SELL_BULL,AFTERNOON_DAY_LOW_FADE_DTE0,34.36,1,174.93,MEDIUM,0,0,0,1,0,0,NO_TRADE,,params_invalid:credit_risk_ratio_0.094_below_min_0.124,
12:32:05,23316.55,23592.85,23457.05,VERY_WIDE,23592.85,23311.55,0.018,STRONG_DOWNTREND,NEUTRAL,BEARISH,PREMIUM_SELL_BULL,AFTERNOON_DAY_LOW_FADE_DTE0,34.36,1,174.82,MEDIUM,0,0,0,1,0,0,NO_TRADE,,params_invalid:credit_risk_ratio_0.097_below_min_0.124,
12:32:20,23317.75,23592.85,23457.05,VERY_WIDE,23592.85,23311.55,0.022,STRONG_DOWNTREND,NEUTRAL,BEARISH,PREMIUM_SELL_BULL,AFTERNOON_DAY_LOW_FADE_DTE0,34.36,1,174.71,MEDIUM,0,0,0,1,0,0,NO_TRADE,,params_invalid:credit_risk_ratio_0.090_below_min_0.124,
12:32:35,23317.9,23592.85,23457.05,VERY_WIDE,23592.85,23311.55,0.023,STRONG_DOWNTREND,NEUTRAL,BEARISH,PREMIUM_SELL_BULL,AFTERNOON_DAY_LOW_FADE_DTE0,34.36,1,174.6,MEDIUM,0,0,0,1,0,0,NO_TRADE,,params_invalid:credit_risk_ratio_0.092_below_min_0.124,
12:32:50,23319.95,23592.85,23457.05,VERY_WIDE,23592.85,23311.55,0.030,STRONG_DOWNTREND,NEUTRAL,BEARISH,PREMIUM_SELL_BULL,AFTERNOON_DAY_LOW_FADE_DTE0,34.36,1,174.49,MEDIUM,0,0,0,1,0,0,NO_TRADE,,params_invalid:credit_risk_ratio_0.088_below_min_0.124,
12:33:05,23319.8,23592.85,23457.05,VERY_WIDE,23592.85,23311.55,0.029,STRONG_DOWNTREND,NEUTRAL,BEARISH,PREMIUM_SELL_BULL,AFTERNOON_DAY_LOW_FADE_DTE0,34.36,1,174.38,MEDIUM,0,0,0,1,0,0,NO_TRADE,,params_invalid:credit_risk_ratio_0.091_below_min_0.124,
12:33:20,23317.95,23592.85,23457.05,VERY_WIDE,23592.85,23311.55,0.023,STRONG_DOWNTREND,NEUTRAL,BEARISH,PREMIUM_SELL_BULL,AFTERNOON_DAY_LOW_FADE_DTE0,34.36,1,174.27,MEDIUM,0,0,0,1,0,0,NO_TRADE,,params_invalid:credit_risk_ratio_0.088_below_min_0.124,
12:33:35,23318.55,23592.85,23457.05,VERY_WIDE,23592.85,23311.55,0.025,STRONG_DOWNTREND,NEUTRAL,BEARISH,PREMIUM_SELL_BULL,AFTERNOON_DAY_LOW_FADE_DTE0,34.36,1,174.16,MEDIUM,0,0,0,1,0,0,NO_TRADE,,params_invalid:credit_risk_ratio_0.094_below_min_0.124,
12:33:50,23320.25,23592.85,23457.05,VERY_WIDE,23592.85,23311.55,0.031,STRONG_DOWNTREND,NEUTRAL,BEARISH,PREMIUM_SELL_BULL,AFTERNOON_DAY_LOW_FADE_DTE0,34.36,1,174.05,MEDIUM,0,0,0,1,0,0,NO_TRADE,,params_invalid:credit_risk_ratio_0.090_below_min_0.124,
12:34:05,23318.85,23592.85,23457.05,VERY_WIDE,23592.85,23311.55,0.026,STRONG_DOWNTREND,NEUTRAL,BEARISH,PREMIUM_SELL_BULL,AFTERNOON_DAY_LOW_FADE_DTE0,34.36,1,173.94,MEDIUM,0,0,0,1,0,0,NO_TRADE,,params_invalid:credit_risk_ratio_0.090_below_min_0.124,
12:34:20,23320.75,23592.85,23457.05,VERY_WIDE,23592.85,23311.55,0.033,STRONG_DOWNTREND,NEUTRAL,BEARISH,PREMIUM_SELL_BULL,AFTERNOON_DAY_LOW_FADE_DTE0,34.36,1,173.83,MEDIUM,0,0,0,1,0,0,NO_TRADE,,params_invalid:credit_risk_ratio_0.082_below_min_0.124,
12:34:35,23323.25,23592.85,23457.05,VERY_WIDE,23592.85,23311.55,0.042,STRONG_DOWNTREND,NEUTRAL,BEARISH,PREMIUM_SELL_BULL,AFTERNOON_DAY_LOW_FADE_DTE0,34.36,1,173.72,MEDIUM,0,0,0,1,0,0,NO_TRADE,,params_invalid:credit_risk_ratio_0.080_below_min_0.123,
12:34:50,23320.65,23592.85,23457.05,VERY_WIDE,23592.85,23311.55,0.032,STRONG_DOWNTREND,NEUTRAL,BEARISH,PREMIUM_SELL_BULL,AFTERNOON_DAY_LOW_FADE_DTE0,34.36,1,173.61,MEDIUM,0,0,0,1,0,0,NO_TRADE,,params_invalid:credit_risk_ratio_0.088_below_min_0.124,
12:35:05,23319.0,23592.85,23457.05,VERY_WIDE,23592.85,23311.55,0.026,STRONG_DOWNTREND,NEUTRAL,BEARISH,PREMIUM_SELL_BULL,AFTERNOON_DAY_LOW_FADE_DTE0,33.83,1,173.51,MEDIUM,0,0,0,1,0,0,NO_TRADE,,params_invalid:credit_risk_ratio_0.088_below_min_0.124,
12:35:20,23317.55,23592.85,23457.05,VERY_WIDE,23592.85,23311.55,0.021,STRONG_DOWNTREND,NEUTRAL,BEARISH,PREMIUM_SELL_BULL,AFTERNOON_DAY_LOW_FADE_DTE0,33.83,1,173.4,MEDIUM,0,0,0,1,0,0,NO_TRADE,,params_invalid:credit_risk_ratio_0.086_below_min_0.124,
12:35:35,23319.25,23592.85,23457.05,VERY_WIDE,23592.85,23311.55,0.027,STRONG_DOWNTREND,NEUTRAL,BEARISH,PREMIUM_SELL_BULL,AFTERNOON_DAY_LOW_FADE_DTE0,33.83,1,173.29,MEDIUM,0,0,0,1,0,0,NO_TRADE,,params_invalid:credit_risk_ratio_0.084_below_min_0.124,
12:35:50,23330.85,23592.85,23457.05,VERY_WIDE,23592.85,23311.55,0.069,STRONG_DOWNTREND,NEUTRAL,BEARISH,PREMIUM_SELL_BULL,AFTERNOON_DAY_LOW_FADE_DTE0,33.83,1,173.18,MEDIUM,0,0,0,1,0,0,NO_TRADE,,params_invalid:credit_risk_ratio_0.070_below_min_0.123,
12:36:05,23329.45,23592.85,23457.05,VERY_WIDE,23592.85,23311.55,0.064,STRONG_DOWNTREND,NEUTRAL,BEARISH,PREMIUM_SELL_BULL,AFTERNOON_DAY_LOW_FADE_DTE0,33.83,1,173.07,MEDIUM,0,0,0,1,0,0,NO_TRADE,,params_invalid:credit_risk_ratio_0.072_below_min_0.123,
12:36:20,23329.2,23592.85,23457.05,VERY_WIDE,23592.85,23311.55,0.063,STRONG_DOWNTREND,NEUTRAL,BEARISH,PREMIUM_SELL_BULL,AFTERNOON_DAY_LOW_FADE_DTE0,33.83,1,172.96,MEDIUM,0,0,0,1,0,0,NO_TRADE,,params_invalid:credit_risk_ratio_0.069_below_min_0.123,
12:36:35,23329.3,23592.85,23457.05,VERY_WIDE,23592.85,23311.55,0.063,STRONG_DOWNTREND,NEUTRAL,BEARISH,PREMIUM_SELL_BULL,AFTERNOON_DAY_LOW_FADE_DTE0,33.83,1,172.86,MEDIUM,0,0,0,1,0,0,NO_TRADE,,params_invalid:credit_risk_ratio_0.071_below_min_0.124,
12:36:51,23328.15,23592.85,23457.05,VERY_WIDE,23592.85,23311.55,0.059,STRONG_DOWNTREND,NEUTRAL,BEARISH,PREMIUM_SELL_BULL,AFTERNOON_DAY_LOW_FADE_DTE0,33.83,1,172.75,MEDIUM,0,0,0,1,0,0,NO_TRADE,,params_invalid:credit_risk_ratio_0.071_below_min_0.123,
12:37:05,23329.65,23592.85,23457.05,VERY_WIDE,23592.85,23311.55,0.064,STRONG_DOWNTREND,NEUTRAL,BEARISH,PREMIUM_SELL_BULL,AFTERNOON_DAY_LOW_FADE_DTE0,33.83,1,172.64,MEDIUM,0,0,0,1,0,0,NO_TRADE,,params_invalid:credit_risk_ratio_0.073_below_min_0.124,
12:37:21,23328.7,23592.85,23457.05,VERY_WIDE,23592.85,23311.55,0.061,STRONG_DOWNTREND,NEUTRAL,BEARISH,PREMIUM_SELL_BULL,AFTERNOON_DAY_LOW_FADE_DTE0,33.83,1,172.54,MEDIUM,0,0,0,1,0,0,NO_TRADE,,params_invalid:credit_risk_ratio_0.072_below_min_0.124,
12:37:36,23324.55,23592.85,23457.05,VERY_WIDE,23592.85,23311.55,0.046,STRONG_DOWNTREND,NEUTRAL,BEARISH,PREMIUM_SELL_BULL,AFTERNOON_DAY_LOW_FADE_DTE0,33.83,1,172.43,MEDIUM,0,0,0,1,0,0,NO_TRADE,,params_invalid:credit_risk_ratio_0.077_below_min_0.123,
12:37:51,23325.35,23592.85,23457.05,VERY_WIDE,23592.85,23311.55,0.049,STRONG_DOWNTREND,NEUTRAL,BEARISH,PREMIUM_SELL_BULL,AFTERNOON_DAY_LOW_FADE_DTE0,33.83,1,172.32,MEDIUM,0,0,0,1,0,0,NO_TRADE,,params_invalid:credit_risk_ratio_0.080_below_min_0.123,
12:38:06,23326.05,23592.85,23457.05,VERY_WIDE,23592.85,23311.55,0.052,STRONG_DOWNTREND,NEUTRAL,BEARISH,PREMIUM_SELL_BULL,AFTERNOON_DAY_LOW_FADE_DTE0,33.83,1,172.21,MEDIUM,0,0,0,1,0,0,NO_TRADE,,params_invalid:credit_risk_ratio_0.082_below_min_0.123,
12:38:21,23323.1,23592.85,23457.05,VERY_WIDE,23592.85,23311.55,0.041,STRONG_DOWNTREND,NEUTRAL,BEARISH,PREMIUM_SELL_BULL,AFTERNOON_DAY_LOW_FADE_DTE0,33.83,1,172.11,MEDIUM,0,0,0,1,0,0,NO_TRADE,,params_invalid:credit_risk_ratio_0.083_below_min_0.123,
12:38:36,23323.45,23592.85,23457.05,VERY_WIDE,23592.85,23311.55,0.042,STRONG_DOWNTREND,NEUTRAL,BEARISH,PREMIUM_SELL_BULL,AFTERNOON_DAY_LOW_FADE_DTE0,33.83,1,172.0,MEDIUM,0,0,0,1,0,0,NO_TRADE,,params_invalid:credit_risk_ratio_0.081_below_min_0.123,
12:38:51,23323.8,23592.85,23457.05,VERY_WIDE,23592.85,23311.55,0.044,STRONG_DOWNTREND,NEUTRAL,BEARISH,PREMIUM_SELL_BULL,AFTERNOON_DAY_LOW_FADE_DTE0,33.83,1,171.9,MEDIUM,0,0,0,1,0,0,NO_TRADE,,params_invalid:credit_risk_ratio_0.081_below_min_0.123,
12:39:06,23323.1,23592.85,23457.05,VERY_WIDE,23592.85,23311.55,0.041,STRONG_DOWNTREND,NEUTRAL,BEARISH,PREMIUM_SELL_BULL,AFTERNOON_DAY_LOW_FADE_DTE0,33.83,1,171.79,MEDIUM,0,0,0,1,0,0,NO_TRADE,,params_invalid:credit_risk_ratio_0.083_below_min_0.123,
12:39:21,23323.35,23592.85,23457.05,VERY_WIDE,23592.85,23311.55,0.042,STRONG_DOWNTREND,NEUTRAL,BEARISH,PREMIUM_SELL_BULL,AFTERNOON_DAY_LOW_FADE_DTE0,33.83,1,171.69,MEDIUM,0,0,0,1,0,0,NO_TRADE,,params_invalid:credit_risk_ratio_0.083_below_min_0.123,
12:39:36,23321.8,23592.85,23457.05,VERY_WIDE,23592.85,23311.55,0.036,STRONG_DOWNTREND,NEUTRAL,BEARISH,PREMIUM_SELL_BULL,AFTERNOON_DAY_LOW_FADE_DTE0,33.83,1,171.58,MEDIUM,0,0,0,1,0,0,NO_TRADE,,params_invalid:credit_risk_ratio_0.083_below_min_0.123,
12:39:51,23321.55,23592.85,23457.05,VERY_WIDE,23592.85,23311.55,0.036,STRONG_DOWNTREND,NEUTRAL,BEARISH,PREMIUM_SELL_BULL,AFTERNOON_DAY_LOW_FADE_DTE0,33.83,1,171.48,MEDIUM,0,0,0,1,0,0,NO_TRADE,,params_invalid:credit_risk_ratio_0.083_below_min_0.123,
12:40:06,23322.55,23592.85,23457.05,VERY_WIDE,23592.85,23311.55,0.039,STRONG_DOWNTREND,NEUTRAL,BEARISH,PREMIUM_SELL_BULL,AFTERNOON_DAY_LOW_FADE_DTE0,33.36,1,171.37,MEDIUM,0,0,0,1,0,0,NO_TRADE,,params_invalid:credit_risk_ratio_0.079_below_min_0.123,
12:40:21,23323.25,23592.85,23457.05,VERY_WIDE,23592.85,23311.55,0.042,STRONG_DOWNTREND,NEUTRAL,BEARISH,PREMIUM_SELL_BULL,AFTERNOON_DAY_LOW_FADE_DTE0,33.36,1,171.27,MEDIUM,0,0,0,1,0,0,NO_TRADE,,params_invalid:credit_risk_ratio_0.079_below_min_0.123,
12:40:36,23324.0,23592.85,23457.05,VERY_WIDE,23592.85,23311.55,0.044,STRONG_DOWNTREND,NEUTRAL,BEARISH,PREMIUM_SELL_BULL,AFTERNOON_DAY_LOW_FADE_DTE0,33.36,1,171.16,MEDIUM,0,0,0,1,0,0,NO_TRADE,,params_invalid:credit_risk_ratio_0.082_below_min_0.123,
12:40:51,23323.6,23592.85,23457.05,VERY_WIDE,23592.85,23311.55,0.043,STRONG_DOWNTREND,NEUTRAL,BEARISH,PREMIUM_SELL_BULL,AFTERNOON_DAY_LOW_FADE_DTE0,33.36,1,171.06,MEDIUM,0,0,0,1,0,0,NO_TRADE,,params_invalid:credit_risk_ratio_0.076_below_min_0.123,
12:41:06,23323.3,23592.85,23457.05,VERY_WIDE,23592.85,23311.55,0.042,STRONG_DOWNTREND,NEUTRAL,BEARISH,PREMIUM_SELL_BULL,AFTERNOON_DAY_LOW_FADE_DTE0,33.36,1,170.96,MEDIUM,0,0,0,1,0,0,NO_TRADE,,params_invalid:credit_risk_ratio_0.081_below_min_0.123,
12:41:21,23324.05,23592.85,23457.05,VERY_WIDE,23592.85,23311.55,0.044,STRONG_DOWNTREND,NEUTRAL,BEARISH,PREMIUM_SELL_BULL,AFTERNOON_DAY_LOW_FADE_DTE0,33.36,1,170.85,MEDIUM,0,0,0,1,0,0,NO_TRADE,,params_invalid:credit_risk_ratio_0.077_below_min_0.123,
12:41:36,23324.3,23592.85,23457.05,VERY_WIDE,23592.85,23311.55,0.045,STRONG_DOWNTREND,NEUTRAL,BEARISH,PREMIUM_SELL_BULL,AFTERNOON_DAY_LOW_FADE_DTE0,33.36,1,170.75,MEDIUM,0,0,0,1,0,0,NO_TRADE,,params_invalid:credit_risk_ratio_0.077_below_min_0.123,
12:41:51,23323.6,23592.85,23457.05,VERY_WIDE,23592.85,23311.55,0.043,STRONG_DOWNTREND,NEUTRAL,BEARISH,PREMIUM_SELL_BULL,AFTERNOON_DAY_LOW_FADE_DTE0,33.36,1,170.65,MEDIUM,0,0,0,1,0,0,NO_TRADE,,params_invalid:credit_risk_ratio_0.081_below_min_0.123,
12:42:06,23323.6,23592.85,23457.05,VERY_WIDE,23592.85,23311.55,0.043,STRONG_DOWNTREND,NEUTRAL,BEARISH,PREMIUM_SELL_BULL,AFTERNOON_DAY_LOW_FADE_DTE0,33.36,1,170.54,MEDIUM,0,0,0,1,0,0,NO_TRADE,,params_invalid:credit_risk_ratio_0.079_below_min_0.123,
12:42:21,23324.55,23592.85,23457.05,VERY_WIDE,23592.85,23311.55,0.046,STRONG_DOWNTREND,NEUTRAL,BEARISH,PREMIUM_SELL_BULL,AFTERNOON_DAY_LOW_FADE_DTE0,33.36,1,170.44,MEDIUM,0,0,0,1,0,0,NO_TRADE,,params_invalid:credit_risk_ratio_0.079_below_min_0.123,
12:42:36,23324.15,23592.85,23457.05,VERY_WIDE,23592.85,23311.55,0.045,STRONG_DOWNTREND,NEUTRAL,BEARISH,PREMIUM_SELL_BULL,AFTERNOON_DAY_LOW_FADE_DTE0,33.36,1,170.34,MEDIUM,0,0,0,1,0,0,NO_TRADE,,params_invalid:credit_risk_ratio_0.079_below_min_0.123,
12:42:51,23323.75,23592.85,23457.05,VERY_WIDE,23592.85,23311.55,0.043,STRONG_DOWNTREND,NEUTRAL,BEARISH,PREMIUM_SELL_BULL,AFTERNOON_DAY_LOW_FADE_DTE0,33.36,1,170.23,MEDIUM,0,0,0,1,0,0,NO_TRADE,,params_invalid:credit_risk_ratio_0.080_below_min_0.123,
12:43:06,23323.4,23592.85,23457.05,VERY_WIDE,23592.85,23311.55,0.042,STRONG_DOWNTREND,NEUTRAL,BEARISH,PREMIUM_SELL_BULL,AFTERNOON_DAY_LOW_FADE_DTE0,33.36,1,170.13,MEDIUM,0,0,0,1,0,0,NO_TRADE,,params_invalid:credit_risk_ratio_0.081_below_min_0.123,
12:43:21,23322.7,23592.85,23457.05,VERY_WIDE,23592.85,23311.55,0.040,STRONG_DOWNTREND,NEUTRAL,BEARISH,PREMIUM_SELL_BULL,AFTERNOON_DAY_LOW_FADE_DTE0,33.36,1,170.03,MEDIUM,0,0,0,1,0,0,NO_TRADE,,params_invalid:credit_risk_ratio_0.081_below_min_0.123,
12:43:36,23323.0,23592.85,23457.05,VERY_WIDE,23592.85,23311.55,0.041,STRONG_DOWNTREND,NEUTRAL,BEARISH,PREMIUM_SELL_BULL,AFTERNOON_DAY_LOW_FADE_DTE0,33.36,1,169.93,MEDIUM,0,0,0,1,0,0,NO_TRADE,,params_invalid:credit_risk_ratio_0.078_below_min_0.123,
12:43:51,23321.9,23592.85,23457.05,VERY_WIDE,23592.85,23311.55,0.037,STRONG_DOWNTREND,NEUTRAL,BEARISH,PREMIUM_SELL_BULL,AFTERNOON_DAY_LOW_FADE_DTE0,33.36,1,169.83,MEDIUM,0,0,0,1,0,0,NO_TRADE,,params_invalid:credit_risk_ratio_0.083_below_min_0.123,
12:44:06,23321.7,23592.85,23457.05,VERY_WIDE,23592.85,23311.55,0.036,STRONG_DOWNTREND,NEUTRAL,BEARISH,PREMIUM_SELL_BULL,AFTERNOON_DAY_LOW_FADE_DTE0,33.48,1,169.72,MEDIUM,0,0,0,1,0,0,NO_TRADE,,params_invalid:credit_risk_ratio_0.084_below_min_0.123,
12:44:21,23321.7,23592.85,23457.05,VERY_WIDE,23592.85,23311.55,0.036,STRONG_DOWNTREND,NEUTRAL,BEARISH,PREMIUM_SELL_BULL,AFTERNOON_DAY_LOW_FADE_DTE0,33.48,1,169.62,MEDIUM,0,0,0,1,0,0,NO_TRADE,,params_invalid:credit_risk_ratio_0.086_below_min_0.123,
12:44:36,23319.75,23592.85,23457.05,VERY_WIDE,23592.85,23311.55,0.029,STRONG_DOWNTREND,NEUTRAL,BEARISH,PREMIUM_SELL_BULL,AFTERNOON_DAY_LOW_FADE_DTE0,33.48,1,169.52,MEDIUM,0,0,0,1,0,0,NO_TRADE,,params_invalid:credit_risk_ratio_0.087_below_min_0.123,
12:44:51,23320.4,23592.85,23457.05,VERY_WIDE,23592.85,23311.55,0.031,STRONG_DOWNTREND,NEUTRAL,BEARISH,PREMIUM_SELL_BULL,AFTERNOON_DAY_LOW_FADE_DTE0,33.48,1,169.42,MEDIUM,0,0,0,1,0,0,NO_TRADE,,params_invalid:credit_risk_ratio_0.086_below_min_0.123,
12:45:06,23313.85,23592.85,23457.05,VERY_WIDE,23592.85,23311.55,0.008,STRONG_DOWNTREND,NEUTRAL,BEARISH,PREMIUM_SELL_BULL,AFTERNOON_DAY_LOW_FADE_DTE0,33.47,1,169.32,MEDIUM,0,0,0,1,0,0,NO_TRADE,,params_invalid:credit_risk_ratio_0.093_below_min_0.123,
12:45:21,23313.75,23592.85,23457.05,VERY_WIDE,23592.85,23311.55,0.008,STRONG_DOWNTREND,NEUTRAL,BEARISH,PREMIUM_SELL_BULL,AFTERNOON_DAY_LOW_FADE_DTE0,33.47,1,169.22,MEDIUM,0,0,0,1,0,0,NO_TRADE,,params_invalid:credit_risk_ratio_0.093_below_min_0.123,
12:45:36,23315.15,23592.85,23457.05,VERY_WIDE,23592.85,23311.55,0.013,STRONG_DOWNTREND,NEUTRAL,BEARISH,PREMIUM_SELL_BULL,AFTERNOON_DAY_LOW_FADE_DTE0,33.47,1,169.12,MEDIUM,0,0,0,1,0,0,NO_TRADE,,params_invalid:credit_risk_ratio_0.088_below_min_0.123,
12:45:51,23314.65,23592.85,23457.05,VERY_WIDE,23592.85,23311.55,0.011,STRONG_DOWNTREND,NEUTRAL,BEARISH,PREMIUM_SELL_BULL,AFTERNOON_DAY_LOW_FADE_DTE0,33.47,1,169.02,MEDIUM,0,0,0,1,0,0,NO_TRADE,,params_invalid:credit_risk_ratio_0.091_below_min_0.124,
12:46:06,23315.2,23592.85,23457.05,VERY_WIDE,23592.85,23311.55,0.013,STRONG_DOWNTREND,NEUTRAL,BEARISH,PREMIUM_SELL_BULL,AFTERNOON_DAY_LOW_FADE_DTE0,33.47,1,168.92,MEDIUM,0,0,0,1,0,0,NO_TRADE,,params_invalid:credit_risk_ratio_0.088_below_min_0.123,
12:46:21,23315.8,23592.85,23457.05,VERY_WIDE,23592.85,23311.55,0.015,STRONG_DOWNTREND,NEUTRAL,BEARISH,PREMIUM_SELL_BULL,AFTERNOON_DAY_LOW_FADE_DTE0,33.47,1,168.82,MEDIUM,0,0,0,1,0,0,NO_TRADE,,params_invalid:credit_risk_ratio_0.086_below_min_0.123,
12:46:36,23317.6,23592.85,23457.05,VERY_WIDE,23592.85,23311.55,0.022,STRONG_DOWNTREND,NEUTRAL,BEARISH,PREMIUM_SELL_BULL,AFTERNOON_DAY_LOW_FADE_DTE0,33.47,1,168.72,MEDIUM,0,0,0,1,0,0,NO_TRADE,,params_invalid:credit_risk_ratio_0.087_below_min_0.124,
12:46:51,23316.6,23592.85,23457.05,VERY_WIDE,23592.85,23311.55,0.018,STRONG_DOWNTREND,NEUTRAL,BEARISH,PREMIUM_SELL_BULL,AFTERNOON_DAY_LOW_FADE_DTE0,33.47,1,168.62,MEDIUM,0,0,0,1,0,0,NO_TRADE,,params_invalid:credit_risk_ratio_0.086_below_min_0.123,
12:47:06,23317.35,23592.85,23457.05,VERY_WIDE,23592.85,23311.55,0.021,STRONG_DOWNTREND,NEUTRAL,BEARISH,PREMIUM_SELL_BULL,AFTERNOON_DAY_LOW_FADE_DTE0,33.47,1,168.52,MEDIUM,0,0,0,1,0,0,NO_TRADE,,params_invalid:credit_risk_ratio_0.088_below_min_0.123,
12:47:21,23315.0,23592.85,23457.05,VERY_WIDE,23592.85,23311.55,0.012,STRONG_DOWNTREND,NEUTRAL,BEARISH,PREMIUM_SELL_BULL,AFTERNOON_DAY_LOW_FADE_DTE0,33.47,1,168.42,MEDIUM,0,0,0,1,0,0,NO_TRADE,,params_invalid:credit_risk_ratio_0.090_below_min_0.124,
12:47:36,23318.15,23592.85,23457.05,VERY_WIDE,23592.85,23311.55,0.023,STRONG_DOWNTREND,NEUTRAL,BEARISH,PREMIUM_SELL_BULL,AFTERNOON_DAY_LOW_FADE_DTE0,33.47,1,168.32,MEDIUM,0,0,0,1,0,0,NO_TRADE,,params_invalid:credit_risk_ratio_0.087_below_min_0.124,
12:47:51,23318.55,23592.85,23457.05,VERY_WIDE,23592.85,23311.55,0.025,STRONG_DOWNTREND,NEUTRAL,BEARISH,PREMIUM_SELL_BULL,AFTERNOON_DAY_LOW_FADE_DTE0,33.47,1,168.22,MEDIUM,0,0,0,1,0,0,NO_TRADE,,params_invalid:credit_risk_ratio_0.086_below_min_0.123,
12:48:06,23320.1,23592.85,23457.05,VERY_WIDE,23592.85,23311.55,0.030,STRONG_DOWNTREND,NEUTRAL,BEARISH,PREMIUM_SELL_BULL,AFTERNOON_DAY_LOW_FADE_DTE0,33.47,1,168.12,MEDIUM,0,0,0,1,0,0,NO_TRADE,,params_invalid:credit_risk_ratio_0.085_below_min_0.123,
12:48:21,23322.05,23592.85,23457.05,VERY_WIDE,23592.85,23311.55,0.037,STRONG_DOWNTREND,NEUTRAL,BEARISH,PREMIUM_SELL_BULL,AFTERNOON_DAY_LOW_FADE_DTE0,33.47,1,168.02,MEDIUM,0,0,0,1,0,0,NO_TRADE,,params_invalid:credit_risk_ratio_0.080_below_min_0.123,
12:48:36,23323.7,23592.85,23457.05,VERY_WIDE,23592.85,23311.55,0.043,STRONG_DOWNTREND,NEUTRAL,BEARISH,PREMIUM_SELL_BULL,AFTERNOON_DAY_LOW_FADE_DTE0,33.47,1,167.92,MEDIUM,0,0,0,1,0,0,NO_TRADE,,params_invalid:credit_risk_ratio_0.077_below_min_0.123,
12:48:51,23322.95,23592.85,23457.05,VERY_WIDE,23592.85,23311.55,0.041,STRONG_DOWNTREND,NEUTRAL,BEARISH,PREMIUM_SELL_BULL,AFTERNOON_DAY_LOW_FADE_DTE0,33.47,1,167.83,MEDIUM,0,0,0,1,0,0,NO_TRADE,,params_invalid:credit_risk_ratio_0.077_below_min_0.123,
12:49:06,23324.05,23592.85,23457.05,VERY_WIDE,23592.85,23311.55,0.044,DOWNTREND,NEUTRAL,BEARISH,PREMIUM_SELL_BULL,AFTERNOON_DAY_LOW_FADE_DTE0,33.47,1,167.73,MEDIUM,0,0,0,1,0,0,NO_TRADE,,params_invalid:credit_risk_ratio_0.075_below_min_0.123,
12:49:22,23325.1,23592.85,23457.05,VERY_WIDE,23592.85,23311.55,0.048,DOWNTREND,NEUTRAL,BEARISH,PREMIUM_SELL_BULL,AFTERNOON_DAY_LOW_FADE_DTE0,33.47,1,167.63,MEDIUM,0,0,0,1,0,0,NO_TRADE,,params_invalid:credit_risk_ratio_0.074_below_min_0.123,
12:49:36,23324.95,23592.85,23457.05,VERY_WIDE,23592.85,23311.55,0.048,DOWNTREND,NEUTRAL,BEARISH,PREMIUM_SELL_BULL,AFTERNOON_DAY_LOW_FADE_DTE0,33.47,1,167.53,MEDIUM,0,0,0,1,0,0,NO_TRADE,,params_invalid:credit_risk_ratio_0.073_below_min_0.123,
12:49:52,23325.55,23592.85,23457.05,VERY_WIDE,23592.85,23311.55,0.050,DOWNTREND,NEUTRAL,BEARISH,PREMIUM_SELL_BULL,AFTERNOON_DAY_LOW_FADE_DTE0,33.47,1,167.43,MEDIUM,0,0,0,1,0,0,NO_TRADE,,params_invalid:credit_risk_ratio_0.072_below_min_0.123,
12:50:07,23332.65,23592.85,23457.05,VERY_WIDE,23592.85,23311.55,0.075,DOWNTREND,NEUTRAL,BEARISH,PREMIUM_SELL_BULL,AFTERNOON_DAY_LOW_FADE_DTE0,31.36,1,167.34,MEDIUM,0,0,0,1,0,0,NO_TRADE,,params_invalid:credit_risk_ratio_0.064_below_min_0.123,
12:50:22,23335.55,23592.85,23457.05,VERY_WIDE,23592.85,23311.55,0.085,DOWNTREND,NEUTRAL,BEARISH,PREMIUM_SELL_BULL,AFTERNOON_DAY_LOW_FADE_DTE0,31.36,1,167.24,MEDIUM,0,0,0,1,0,0,NO_TRADE,,params_invalid:credit_risk_ratio_0.060_below_min_0.123,
12:50:37,23334.75,23592.85,23457.05,VERY_WIDE,23592.85,23311.55,0.082,DOWNTREND,NEUTRAL,BEARISH,PREMIUM_SELL_BULL,AFTERNOON_DAY_LOW_FADE_DTE0,31.36,1,167.14,MEDIUM,0,0,0,1,0,0,NO_TRADE,,params_invalid:credit_risk_ratio_0.064_below_min_0.123,
12:50:52,23335.25,23592.85,23457.05,VERY_WIDE,23592.85,23311.55,0.084,DOWNTREND,NEUTRAL,BEARISH,PREMIUM_SELL_BULL,AFTERNOON_DAY_LOW_FADE_DTE0,31.36,1,167.05,MEDIUM,0,0,0,1,0,0,NO_TRADE,,params_invalid:credit_risk_ratio_0.061_below_min_0.123,
12:51:07,23334.8,23592.85,23457.05,VERY_WIDE,23592.85,23311.55,0.083,DOWNTREND,NEUTRAL,BEARISH,PREMIUM_SELL_BULL,AFTERNOON_DAY_LOW_FADE_DTE0,31.36,1,166.95,MEDIUM,0,0,0,1,0,0,NO_TRADE,,params_invalid:credit_risk_ratio_0.064_below_min_0.123,
12:51:22,23335.5,23592.85,23457.05,VERY_WIDE,23592.85,23311.55,0.085,DOWNTREND,NEUTRAL,BEARISH,PREMIUM_SELL_BULL,AFTERNOON_DAY_LOW_FADE_DTE0,31.36,1,166.85,MEDIUM,0,0,0,1,0,0,NO_TRADE,,params_invalid:credit_risk_ratio_0.066_below_min_0.123,
12:51:37,23334.85,23592.85,23457.05,VERY_WIDE,23592.85,23311.55,0.083,DOWNTREND,NEUTRAL,BEARISH,PREMIUM_SELL_BULL,AFTERNOON_DAY_LOW_FADE_DTE0,31.36,1,166.76,MEDIUM,0,0,0,1,0,0,NO_TRADE,,params_invalid:credit_risk_ratio_0.067_below_min_0.123,
12:51:52,23333.45,23592.85,23457.05,VERY_WIDE,23592.85,23311.55,0.078,DOWNTREND,NEUTRAL,BEARISH,PREMIUM_SELL_BULL,AFTERNOON_DAY_LOW_FADE_DTE0,31.36,1,166.66,MEDIUM,0,0,0,1,0,0,NO_TRADE,,params_invalid:credit_risk_ratio_0.066_below_min_0.123,
12:52:07,23333.0,23592.85,23457.05,VERY_WIDE,23592.85,23311.55,0.076,STRONG_DOWNTREND,NEUTRAL,BEARISH,PREMIUM_SELL_BULL,AFTERNOON_DAY_LOW_FADE_DTE0,31.36,1,166.56,MEDIUM,0,0,0,1,0,0,NO_TRADE,,params_invalid:credit_risk_ratio_0.067_below_min_0.123,
12:52:22,23332.35,23592.85,23457.05,VERY_WIDE,23592.85,23311.55,0.074,STRONG_DOWNTREND,NEUTRAL,BEARISH,PREMIUM_SELL_BULL,AFTERNOON_DAY_LOW_FADE_DTE0,31.36,1,166.47,MEDIUM,0,0,0,1,0,0,NO_TRADE,,params_invalid:credit_risk_ratio_0.069_below_min_0.123,
12:52:37,23332.2,23592.85,23457.05,VERY_WIDE,23592.85,23311.55,0.073,STRONG_DOWNTREND,NEUTRAL,BEARISH,PREMIUM_SELL_BULL,AFTERNOON_DAY_LOW_FADE_DTE0,31.36,1,166.37,MEDIUM,0,0,0,1,0,0,NO_TRADE,,params_invalid:credit_risk_ratio_0.069_below_min_0.123,
12:52:52,23327.15,23592.85,23457.05,VERY_WIDE,23592.85,23311.55,0.055,STRONG_DOWNTREND,NEUTRAL,BEARISH,PREMIUM_SELL_BULL,AFTERNOON_DAY_LOW_FADE_DTE0,31.36,1,166.28,MEDIUM,0,0,0,1,0,0,NO_TRADE,,params_invalid:credit_risk_ratio_0.074_below_min_0.123,
12:53:07,23325.85,23592.85,23457.05,VERY_WIDE,23592.85,23311.55,0.051,DOWNTREND,NEUTRAL,BEARISH,PREMIUM_SELL_BULL,AFTERNOON_DAY_LOW_FADE_DTE0,31.36,1,166.18,MEDIUM,0,0,0,1,0,0,NO_TRADE,,params_invalid:credit_risk_ratio_0.073_below_min_0.123,
12:53:22,23323.85,23592.85,23457.05,VERY_WIDE,23592.85,23311.55,0.044,DOWNTREND,NEUTRAL,BEARISH,PREMIUM_SELL_BULL,AFTERNOON_DAY_LOW_FADE_DTE0,31.36,1,166.09,MEDIUM,0,0,0,1,0,0,NO_TRADE,,params_invalid:credit_risk_ratio_0.074_below_min_0.123,
12:53:37,23326.0,23592.85,23457.05,VERY_WIDE,23592.85,23311.55,0.051,DOWNTREND,NEUTRAL,BEARISH,PREMIUM_SELL_BULL,AFTERNOON_DAY_LOW_FADE_DTE0,31.36,1,165.99,MEDIUM,0,0,0,1,0,0,NO_TRADE,,params_invalid:credit_risk_ratio_0.073_below_min_0.123,
12:53:52,23326.85,23592.85,23457.05,VERY_WIDE,23592.85,23311.55,0.054,DOWNTREND,NEUTRAL,BEARISH,PREMIUM_SELL_BULL,AFTERNOON_DAY_LOW_FADE_DTE0,31.36,1,165.89,MEDIUM,0,0,0,1,0,0,NO_TRADE,,params_invalid:credit_risk_ratio_0.069_below_min_0.123,
12:54:07,23328.0,23592.85,23457.05,VERY_WIDE,23592.85,23311.55,0.058,DOWNTREND,NEUTRAL,BEARISH,PREMIUM_SELL_BULL,AFTERNOON_DAY_LOW_FADE_DTE0,31.36,1,165.8,MEDIUM,0,0,0,1,0,0,NO_TRADE,,params_invalid:credit_risk_ratio_0.071_below_min_0.123,
12:54:22,23326.8,23592.85,23457.05,VERY_WIDE,23592.85,23311.55,0.054,DOWNTREND,NEUTRAL,BEARISH,PREMIUM_SELL_BULL,AFTERNOON_DAY_LOW_FADE_DTE0,31.36,1,165.71,MEDIUM,0,0,0,1,0,0,NO_TRADE,,params_invalid:credit_risk_ratio_0.072_below_min_0.123,
12:54:37,23328.0,23592.85,23457.05,VERY_WIDE,23592.85,23311.55,0.058,DOWNTREND,NEUTRAL,BEARISH,PREMIUM_SELL_BULL,AFTERNOON_DAY_LOW_FADE_DTE0,31.36,1,165.61,MEDIUM,0,0,0,1,0,0,NO_TRADE,,params_invalid:credit_risk_ratio_0.072_below_min_0.123,
12:54:52,23327.2,23592.85,23457.05,VERY_WIDE,23592.85,23311.55,0.056,DOWNTREND,NEUTRAL,BEARISH,PREMIUM_SELL_BULL,AFTERNOON_DAY_LOW_FADE_DTE0,31.36,1,165.52,MEDIUM,0,0,0,1,0,0,NO_TRADE,,params_invalid:credit_risk_ratio_0.071_below_min_0.123,
12:55:07,23327.75,23592.85,23457.05,VERY_WIDE,23592.85,23311.55,0.058,STRONG_DOWNTREND,NEUTRAL,BEARISH,PREMIUM_SELL_BULL,AFTERNOON_DAY_LOW_FADE_DTE0,29.46,1,165.42,MEDIUM,0,0,0,1,0,0,NO_TRADE,,params_invalid:credit_risk_ratio_0.072_below_min_0.123,
12:55:22,23329.7,23592.85,23457.05,VERY_WIDE,23592.85,23311.55,0.065,STRONG_DOWNTREND,NEUTRAL,BEARISH,PREMIUM_SELL_BULL,AFTERNOON_DAY_LOW_FADE_DTE0,29.46,1,165.33,MEDIUM,0,0,0,1,0,0,NO_TRADE,,params_invalid:credit_risk_ratio_0.071_below_min_0.123,
12:55:37,23327.4,23592.85,23457.05,VERY_WIDE,23592.85,23311.55,0.056,STRONG_DOWNTREND,NEUTRAL,BEARISH,PREMIUM_SELL_BULL,AFTERNOON_DAY_LOW_FADE_DTE0,29.46,1,165.23,MEDIUM,0,0,0,1,0,0,NO_TRADE,,params_invalid:credit_risk_ratio_0.073_below_min_0.123,
12:55:52,23326.25,23592.85,23457.05,VERY_WIDE,23592.85,23311.55,0.052,STRONG_DOWNTREND,NEUTRAL,BEARISH,PREMIUM_SELL_BULL,AFTERNOON_DAY_LOW_FADE_DTE0,29.46,1,165.14,MEDIUM,0,0,0,1,0,0,NO_TRADE,,params_invalid:credit_risk_ratio_0.073_below_min_0.123,
12:56:07,23324.9,23592.85,23457.05,VERY_WIDE,23592.85,23311.55,0.047,STRONG_DOWNTREND,NEUTRAL,BEARISH,PREMIUM_SELL_BULL,AFTERNOON_DAY_LOW_FADE_DTE0,29.46,1,165.05,MEDIUM,0,0,0,1,0,0,NO_TRADE,,params_invalid:credit_risk_ratio_0.076_below_min_0.123,
12:56:22,23325.15,23592.85,23457.05,VERY_WIDE,23592.85,23311.55,0.048,STRONG_DOWNTREND,NEUTRAL,BEARISH,PREMIUM_SELL_BULL,AFTERNOON_DAY_LOW_FADE_DTE0,29.46,1,164.95,MEDIUM,0,0,0,1,0,0,NO_TRADE,,params_invalid:credit_risk_ratio_0.075_below_min_0.123,
12:56:37,23325.25,23592.85,23457.05,VERY_WIDE,23592.85,23311.55,0.049,STRONG_DOWNTREND,NEUTRAL,BEARISH,PREMIUM_SELL_BULL,AFTERNOON_DAY_LOW_FADE_DTE0,29.46,1,164.86,MEDIUM,0,0,0,1,0,0,NO_TRADE,,params_invalid:credit_risk_ratio_0.077_below_min_0.123,
12:56:52,23325.9,23592.85,23457.05,VERY_WIDE,23592.85,23311.55,0.051,STRONG_DOWNTREND,NEUTRAL,BEARISH,PREMIUM_SELL_BULL,AFTERNOON_DAY_LOW_FADE_DTE0,29.46,1,164.77,MEDIUM,0,0,0,1,0,0,NO_TRADE,,params_invalid:credit_risk_ratio_0.075_below_min_0.123,
12:57:07,23322.75,23592.85,23457.05,VERY_WIDE,23592.85,23311.55,0.040,STRONG_DOWNTREND,NEUTRAL,BEARISH,PREMIUM_SELL_BULL,AFTERNOON_DAY_LOW_FADE_DTE0,30.07,1,164.67,MEDIUM,0,0,0,1,0,0,NO_TRADE,,params_invalid:credit_risk_ratio_0.077_below_min_0.123,
12:57:22,23323.55,23592.85,23457.05,VERY_WIDE,23592.85,23311.55,0.043,STRONG_DOWNTREND,NEUTRAL,BEARISH,PREMIUM_SELL_BULL,AFTERNOON_DAY_LOW_FADE_DTE0,30.07,1,164.58,MEDIUM,0,0,0,1,0,0,NO_TRADE,,params_invalid:credit_risk_ratio_0.076_below_min_0.123,
12:57:37,23321.7,23592.85,23457.05,VERY_WIDE,23592.85,23311.55,0.036,STRONG_DOWNTREND,NEUTRAL,BEARISH,PREMIUM_SELL_BULL,AFTERNOON_DAY_LOW_FADE_DTE0,30.07,1,164.49,MEDIUM,0,0,0,1,0,0,NO_TRADE,,params_invalid:credit_risk_ratio_0.080_below_min_0.123,
12:57:53,23321.15,23592.85,23457.05,VERY_WIDE,23592.85,23311.55,0.034,STRONG_DOWNTREND,NEUTRAL,BEARISH,PREMIUM_SELL_BULL,AFTERNOON_DAY_LOW_FADE_DTE0,30.07,1,164.4,MEDIUM,0,0,0,1,0,0,NO_TRADE,,params_invalid:credit_risk_ratio_0.080_below_min_0.123,
12:58:08,23320.3,23592.85,23457.05,VERY_WIDE,23592.85,23301.55,0.064,STRONG_DOWNTREND,NEUTRAL,BEARISH,PREMIUM_SELL_BULL,AFTERNOON_DAY_LOW_FADE_DTE0,32.1,1,170.14,MEDIUM,0,0,0,1,0,0,NO_TRADE,,params_invalid:credit_risk_ratio_0.081_below_min_0.123,
12:58:23,23318.6,23592.85,23457.05,VERY_WIDE,23592.85,23301.55,0.059,STRONG_DOWNTREND,NEUTRAL,BEARISH,PREMIUM_SELL_BULL,AFTERNOON_DAY_LOW_FADE_DTE0,32.1,1,170.05,MEDIUM,0,0,0,1,0,0,NO_TRADE,,params_invalid:credit_risk_ratio_0.080_below_min_0.123,
12:58:38,23314.6,23592.85,23457.05,VERY_WIDE,23592.85,23301.55,0.045,STRONG_DOWNTREND,NEUTRAL,BEARISH,PREMIUM_SELL_BULL,AFTERNOON_DAY_LOW_FADE_DTE0,32.1,1,169.95,MEDIUM,0,0,0,1,0,0,NO_TRADE,,params_invalid:credit_risk_ratio_0.086_below_min_0.123,
12:58:53,23308.1,23592.85,23457.05,VERY_WIDE,23592.85,23301.55,0.022,STRONG_DOWNTREND,NEUTRAL,BEARISH,PREMIUM_SELL_BULL,AFTERNOON_DAY_LOW_FADE_DTE0,32.1,1,169.86,MEDIUM,0,0,0,1,0,0,NO_TRADE,,params_invalid:credit_risk_ratio_0.098_below_min_0.123,
12:59:08,23307.0,23592.85,23457.05,VERY_WIDE,23592.85,23301.55,0.019,STRONG_DOWNTREND,NEUTRAL,BEARISH,PREMIUM_SELL_BULL,AFTERNOON_DAY_LOW_FADE_DTE0,32.1,1,169.76,MEDIUM,0,0,0,1,0,0,NO_TRADE,,params_invalid:credit_risk_ratio_0.096_below_min_0.123,
12:59:23,23307.05,23592.85,23457.05,VERY_WIDE,23592.85,23301.55,0.019,STRONG_DOWNTREND,NEUTRAL,BEARISH,PREMIUM_SELL_BULL,AFTERNOON_DAY_LOW_FADE_DTE0,32.1,1,169.67,MEDIUM,0,0,0,1,0,0,NO_TRADE,,params_invalid:credit_risk_ratio_0.092_below_min_0.123,
12:59:38,23307.35,23592.85,23457.05,VERY_WIDE,23592.85,23301.55,0.020,STRONG_DOWNTREND,NEUTRAL,BEARISH,PREMIUM_SELL_BULL,AFTERNOON_DAY_LOW_FADE_DTE0,32.1,1,169.57,MEDIUM,0,0,0,1,0,0,NO_TRADE,,params_invalid:credit_risk_ratio_0.095_below_min_0.123,
12:59:53,23307.7,23592.85,23457.05,VERY_WIDE,23592.85,23301.55,0.021,STRONG_DOWNTREND,NEUTRAL,BEARISH,PREMIUM_SELL_BULL,AFTERNOON_DAY_LOW_FADE_DTE0,32.1,1,169.48,MEDIUM,0,0,0,1,0,0,NO_TRADE,,params_invalid:credit_risk_ratio_0.095_below_min_0.123,
13:00:08,23309.4,23592.85,23457.05,VERY_WIDE,23592.85,23301.55,0.027,STRONG_DOWNTREND,NEUTRAL,BEARISH,PREMIUM_SELL_BULL,AFTERNOON_DAY_LOW_FADE_DTE0,32.77,1,169.39,MEDIUM,0,0,0,1,0,0,NO_TRADE,,past_entry_window_13:00:00,
13:00:23,23310.2,23592.85,23457.05,VERY_WIDE,23592.85,23301.55,0.030,STRONG_DOWNTREND,NEUTRAL,BEARISH,PREMIUM_SELL_BULL,AFTERNOON_DAY_LOW_FADE_DTE0,32.77,1,169.29,MEDIUM,0,0,0,1,0,0,NO_TRADE,,past_entry_window_13:00:00,
13:00:38,23311.1,23592.85,23457.05,VERY_WIDE,23592.85,23301.55,0.033,STRONG_DOWNTREND,NEUTRAL,BEARISH,PREMIUM_SELL_BULL,AFTERNOON_DAY_LOW_FADE_DTE0,32.77,1,169.2,MEDIUM,0,0,0,1,0,0,NO_TRADE,,past_entry_window_13:00:00,
13:00:53,23312.3,23592.85,23457.05,VERY_WIDE,23592.85,23301.55,0.037,STRONG_DOWNTREND,NEUTRAL,BEARISH,PREMIUM_SELL_BULL,AFTERNOON_DAY_LOW_FADE_DTE0,32.77,1,169.1,MEDIUM,0,0,0,1,0,0,NO_TRADE,,past_entry_window_13:00:00,
13:01:08,23310.15,23592.85,23457.05,VERY_WIDE,23592.85,23301.55,0.030,STRONG_DOWNTREND,NEUTRAL,BEARISH,PREMIUM_SELL_BULL,AFTERNOON_DAY_LOW_FADE_DTE0,32.77,1,169.01,MEDIUM,0,0,0,1,0,0,NO_TRADE,,past_entry_window_13:00:00,
13:01:23,23308.65,23592.85,23457.05,VERY_WIDE,23592.85,23301.55,0.024,STRONG_DOWNTREND,NEUTRAL,BEARISH,PREMIUM_SELL_BULL,AFTERNOON_DAY_LOW_FADE_DTE0,32.77,1,168.92,MEDIUM,0,0,0,1,0,0,NO_TRADE,,past_entry_window_13:00:00,
13:01:38,23305.75,23592.85,23457.05,VERY_WIDE,23592.85,23301.55,0.014,STRONG_DOWNTREND,NEUTRAL,BEARISH,PREMIUM_SELL_BULL,AFTERNOON_DAY_LOW_FADE_DTE0,32.77,1,168.82,MEDIUM,0,0,0,1,0,0,NO_TRADE,,past_entry_window_13:00:00,
13:01:53,23303.4,23592.85,23457.05,VERY_WIDE,23592.85,23301.55,0.006,STRONG_DOWNTREND,NEUTRAL,BEARISH,PREMIUM_SELL_BULL,AFTERNOON_DAY_LOW_FADE_DTE0,32.77,1,168.73,MEDIUM,0,0,0,1,0,0,NO_TRADE,,past_entry_window_13:00:00,
13:02:08,23304.25,23592.85,23457.05,VERY_WIDE,23592.85,23301.55,0.009,STRONG_DOWNTREND,NEUTRAL,BEARISH,PREMIUM_SELL_BULL,AFTERNOON_DAY_LOW_FADE_DTE0,32.77,1,168.64,MEDIUM,0,0,0,1,0,0,NO_TRADE,,past_entry_window_13:00:00,
13:02:23,23307.2,23592.85,23457.05,VERY_WIDE,23592.85,23301.55,0.019,STRONG_DOWNTREND,NEUTRAL,BEARISH,PREMIUM_SELL_BULL,AFTERNOON_DAY_LOW_FADE_DTE0,32.77,1,168.54,MEDIUM,0,0,0,1,0,0,NO_TRADE,,past_entry_window_13:00:00,
13:02:38,23306.95,23592.85,23457.05,VERY_WIDE,23592.85,23301.55,0.019,STRONG_DOWNTREND,NEUTRAL,BEARISH,PREMIUM_SELL_BULL,AFTERNOON_DAY_LOW_FADE_DTE0,32.77,1,168.45,MEDIUM,0,0,0,1,0,0,NO_TRADE,,past_entry_window_13:00:00,
13:02:53,23304.1,23592.85,23457.05,VERY_WIDE,23592.85,23301.55,0.009,STRONG_DOWNTREND,NEUTRAL,BEARISH,PREMIUM_SELL_BULL,AFTERNOON_DAY_LOW_FADE_DTE0,32.77,1,168.36,MEDIUM,0,0,0,1,0,0,NO_TRADE,,past_entry_window_13:00:00,
13:03:08,23301.0,23592.85,23457.05,VERY_WIDE,23592.85,23296.7,0.015,STRONG_DOWNTREND,NEUTRAL,BEARISH,PREMIUM_SELL_BULL,AFTERNOON_DAY_LOW_FADE_DTE0,33.19,1,171.07,MEDIUM,0,0,0,1,0,0,NO_TRADE,,past_entry_window_13:00:00,
13:03:23,23301.05,23592.85,23457.05,VERY_WIDE,23592.85,23296.7,0.015,STRONG_DOWNTREND,NEUTRAL,BEARISH,PREMIUM_SELL_BULL,AFTERNOON_DAY_LOW_FADE_DTE0,33.19,1,170.97,MEDIUM,0,0,0,1,0,0,NO_TRADE,,past_entry_window_13:00:00,
13:03:38,23299.7,23592.85,23457.05,VERY_WIDE,23592.85,23296.7,0.010,STRONG_DOWNTREND,NEUTRAL,BEARISH,PREMIUM_SELL_BULL,AFTERNOON_DAY_LOW_FADE_DTE0,33.19,1,170.88,MEDIUM,0,0,0,1,0,0,NO_TRADE,,past_entry_window_13:00:00,
13:03:54,23299.8,23592.85,23457.05,VERY_WIDE,23592.85,23296.7,0.010,STRONG_DOWNTREND,NEUTRAL,BEARISH,PREMIUM_SELL_BULL,AFTERNOON_DAY_LOW_FADE_DTE0,33.19,1,170.78,MEDIUM,0,0,0,1,0,0,NO_TRADE,,past_entry_window_13:00:00,
13:04:09,23301.1,23592.85,23457.05,VERY_WIDE,23592.85,23296.7,0.015,STRONG_DOWNTREND,NEUTRAL,BEARISH,PREMIUM_SELL_BULL,AFTERNOON_DAY_LOW_FADE_DTE0,33.19,1,170.69,MEDIUM,0,0,0,1,0,0,NO_TRADE,,past_entry_window_13:00:00,
13:04:24,23304.8,23592.85,23457.05,VERY_WIDE,23592.85,23296.7,0.027,STRONG_DOWNTREND,NEUTRAL,BEARISH,PREMIUM_SELL_BULL,AFTERNOON_DAY_LOW_FADE_DTE0,33.19,1,170.6,MEDIUM,0,0,0,1,0,0,NO_TRADE,,past_entry_window_13:00:00,
13:04:39,23306.7,23592.85,23457.05,VERY_WIDE,23592.85,23296.7,0.034,STRONG_DOWNTREND,NEUTRAL,BEARISH,PREMIUM_SELL_BULL,AFTERNOON_DAY_LOW_FADE_DTE0,33.19,1,170.51,MEDIUM,0,0,0,1,0,0,NO_TRADE,,past_entry_window_13:00:00,
13:04:54,23308.8,23592.85,23457.05,VERY_WIDE,23592.85,23296.7,0.041,STRONG_DOWNTREND,NEUTRAL,BEARISH,PREMIUM_SELL_BULL,AFTERNOON_DAY_LOW_FADE_DTE0,33.19,1,170.41,MEDIUM,0,0,0,1,0,0,NO_TRADE,,past_entry_window_13:00:00,
13:05:09,23309.85,23592.85,23457.05,VERY_WIDE,23592.85,23296.7,0.044,STRONG_DOWNTREND,NEUTRAL,BEARISH,PREMIUM_SELL_BULL,AFTERNOON_DAY_LOW_FADE_DTE0,33.7,1,170.32,MEDIUM,0,0,0,1,0,0,NO_TRADE,,past_entry_window_13:00:00,
13:05:24,23311.5,23592.85,23457.05,VERY_WIDE,23592.85,23296.7,0.050,STRONG_DOWNTREND,NEUTRAL,BEARISH,PREMIUM_SELL_BULL,AFTERNOON_DAY_LOW_FADE_DTE0,33.7,1,170.23,MEDIUM,0,0,0,1,0,0,NO_TRADE,,past_entry_window_13:00:00,
13:05:39,23310.5,23592.85,23457.05,VERY_WIDE,23592.85,23296.7,0.047,STRONG_DOWNTREND,NEUTRAL,BEARISH,PREMIUM_SELL_BULL,AFTERNOON_DAY_LOW_FADE_DTE0,33.7,1,170.13,MEDIUM,0,0,0,1,0,0,NO_TRADE,,past_entry_window_13:00:00,
13:05:54,23313.95,23592.85,23457.05,VERY_WIDE,23592.85,23296.7,0.058,STRONG_DOWNTREND,NEUTRAL,BEARISH,PREMIUM_SELL_BULL,AFTERNOON_DAY_LOW_FADE_DTE0,33.7,1,170.04,MEDIUM,0,0,0,1,0,0,NO_TRADE,,past_entry_window_13:00:00,
13:06:09,23314.75,23592.85,23457.05,VERY_WIDE,23592.85,23296.7,0.061,STRONG_DOWNTREND,NEUTRAL,BEARISH,PREMIUM_SELL_BULL,AFTERNOON_DAY_LOW_FADE_DTE0,33.63,1,169.95,MEDIUM,0,0,0,1,0,0,NO_TRADE,,past_entry_window_13:00:00,
13:06:24,23310.75,23592.85,23457.05,VERY_WIDE,23592.85,23296.7,0.047,STRONG_DOWNTREND,NEUTRAL,BEARISH,PREMIUM_SELL_BULL,AFTERNOON_DAY_LOW_FADE_DTE0,33.63,1,169.86,MEDIUM,0,0,0,1,0,0,NO_TRADE,,past_entry_window_13:00:00,
13:06:39,23309.35,23592.85,23457.05,VERY_WIDE,23592.85,23296.7,0.043,STRONG_DOWNTREND,NEUTRAL,BEARISH,PREMIUM_SELL_BULL,AFTERNOON_DAY_LOW_FADE_DTE0,33.63,1,169.76,MEDIUM,0,0,0,1,0,0,NO_TRADE,,past_entry_window_13:00:00,
13:06:54,23306.1,23592.85,23457.05,VERY_WIDE,23592.85,23296.7,0.032,STRONG_DOWNTREND,NEUTRAL,BEARISH,PREMIUM_SELL_BULL,AFTERNOON_DAY_LOW_FADE_DTE0,33.63,1,169.67,MEDIUM,0,0,0,1,0,0,NO_TRADE,,past_entry_window_13:00:00,
13:07:09,23306.85,23592.85,23457.05,VERY_WIDE,23592.85,23296.7,0.034,STRONG_DOWNTREND,NEUTRAL,BEARISH,PREMIUM_SELL_BULL,AFTERNOON_DAY_LOW_FADE_DTE0,33.63,1,169.58,MEDIUM,0,0,0,1,0,0,NO_TRADE,,past_entry_window_13:00:00,
13:07:24,23309.15,23592.85,23457.05,VERY_WIDE,23592.85,23296.7,0.042,STRONG_DOWNTREND,NEUTRAL,BEARISH,PREMIUM_SELL_BULL,AFTERNOON_DAY_LOW_FADE_DTE0,33.63,1,169.49,MEDIUM,0,0,0,1,0,0,NO_TRADE,,past_entry_window_13:00:00,
13:07:39,23308.45,23592.85,23457.05,VERY_WIDE,23592.85,23296.7,0.040,STRONG_DOWNTREND,NEUTRAL,BEARISH,PREMIUM_SELL_BULL,AFTERNOON_DAY_LOW_FADE_DTE0,33.63,1,169.4,MEDIUM,0,0,0,1,0,0,NO_TRADE,,past_entry_window_13:00:00,
13:07:54,23305.7,23592.85,23457.05,VERY_WIDE,23592.85,23296.7,0.030,STRONG_DOWNTREND,NEUTRAL,BEARISH,PREMIUM_SELL_BULL,AFTERNOON_DAY_LOW_FADE_DTE0,33.63,1,169.31,MEDIUM,0,0,0,1,0,0,NO_TRADE,,past_entry_window_13:00:00,
13:08:09,23305.15,23592.85,23457.05,VERY_WIDE,23592.85,23296.7,0.029,STRONG_DOWNTREND,NEUTRAL,BEARISH,PREMIUM_SELL_BULL,AFTERNOON_DAY_LOW_FADE_DTE0,33.63,1,169.22,MEDIUM,0,0,0,1,0,0,NO_TRADE,,past_entry_window_13:00:00,
13:08:24,23306.35,23592.85,23457.05,VERY_WIDE,23592.85,23296.7,0.033,STRONG_DOWNTREND,NEUTRAL,BEARISH,PREMIUM_SELL_BULL,AFTERNOON_DAY_LOW_FADE_DTE0,33.63,1,169.13,MEDIUM,0,0,0,1,0,0,NO_TRADE,,past_entry_window_13:00:00,
13:08:39,23305.25,23592.85,23457.05,VERY_WIDE,23592.85,23296.7,0.029,STRONG_DOWNTREND,NEUTRAL,BEARISH,PREMIUM_SELL_BULL,AFTERNOON_DAY_LOW_FADE_DTE0,33.63,1,169.04,MEDIUM,0,0,0,1,0,0,NO_TRADE,,past_entry_window_13:00:00,
13:08:54,23304.65,23592.85,23457.05,VERY_WIDE,23592.85,23296.7,0.027,STRONG_DOWNTREND,NEUTRAL,BEARISH,PREMIUM_SELL_BULL,AFTERNOON_DAY_LOW_FADE_DTE0,33.63,1,168.94,MEDIUM,0,0,0,1,0,0,NO_TRADE,,past_entry_window_13:00:00,
13:09:09,23307.0,23592.85,23457.05,VERY_WIDE,23592.85,23296.7,0.035,STRONG_DOWNTREND,NEUTRAL,BEARISH,PREMIUM_SELL_BULL,AFTERNOON_DAY_LOW_FADE_DTE0,33.63,1,168.85,MEDIUM,0,0,0,1,0,0,NO_TRADE,,past_entry_window_13:00:00,
13:09:24,23307.4,23592.85,23457.05,VERY_WIDE,23592.85,23296.7,0.036,STRONG_DOWNTREND,NEUTRAL,BEARISH,PREMIUM_SELL_BULL,AFTERNOON_DAY_LOW_FADE_DTE0,33.63,1,168.76,MEDIUM,0,0,0,1,0,0,NO_TRADE,,past_entry_window_13:00:00,
13:09:39,23305.65,23592.85,23457.05,VERY_WIDE,23592.85,23296.7,0.030,STRONG_DOWNTREND,NEUTRAL,BEARISH,PREMIUM_SELL_BULL,AFTERNOON_DAY_LOW_FADE_DTE0,33.63,1,168.67,MEDIUM,0,0,0,1,0,0,NO_TRADE,,past_entry_window_13:00:00,
13:09:54,23305.55,23592.85,23457.05,VERY_WIDE,23592.85,23296.7,0.030,STRONG_DOWNTREND,NEUTRAL,BEARISH,PREMIUM_SELL_BULL,AFTERNOON_DAY_LOW_FADE_DTE0,33.63,1,168.58,MEDIUM,0,0,0,1,0,0,NO_TRADE,,past_entry_window_13:00:00,
13:10:10,23305.9,23592.85,23457.05,VERY_WIDE,23592.85,23296.7,0.031,STRONG_DOWNTREND,NEUTRAL,BEARISH,PREMIUM_SELL_BULL,AFTERNOON_DAY_LOW_FADE_DTE0,34.05,1,168.49,MEDIUM,0,0,0,1,0,0,NO_TRADE,,past_entry_window_13:00:00,
13:10:24,23306.9,23592.85,23457.05,VERY_WIDE,23592.85,23296.7,0.034,STRONG_DOWNTREND,NEUTRAL,BEARISH,PREMIUM_SELL_BULL,AFTERNOON_DAY_LOW_FADE_DTE0,34.05,1,168.4,MEDIUM,0,0,0,1,0,0,NO_TRADE,,past_entry_window_13:00:00,
13:10:40,23305.8,23592.85,23457.05,VERY_WIDE,23592.85,23296.7,0.031,STRONG_DOWNTREND,NEUTRAL,BEARISH,PREMIUM_SELL_BULL,AFTERNOON_DAY_LOW_FADE_DTE0,34.05,1,168.32,MEDIUM,0,0,0,1,0,0,NO_TRADE,,past_entry_window_13:00:00,
13:10:55,23308.95,23592.85,23457.05,VERY_WIDE,23592.85,23296.7,0.041,STRONG_DOWNTREND,NEUTRAL,BEARISH,PREMIUM_SELL_BULL,AFTERNOON_DAY_LOW_FADE_DTE0,34.05,1,168.23,MEDIUM,0,0,0,1,0,0,NO_TRADE,,past_entry_window_13:00:00,
13:11:10,23297.35,23592.85,23457.05,VERY_WIDE,23592.85,23288.45,0.029,STRONG_DOWNTREND,NEUTRAL,BEARISH,PREMIUM_SELL_BULL,AFTERNOON_DAY_LOW_FADE_DTE0,35.29,1,172.82,MEDIUM,0,0,0,1,0,0,NO_TRADE,,past_entry_window_13:00:00,
13:11:25,23294.85,23592.85,23457.05,VERY_WIDE,23592.85,23288.45,0.021,STRONG_DOWNTREND,NEUTRAL,BEARISH,PREMIUM_SELL_BULL,AFTERNOON_DAY_LOW_FADE_DTE0,35.29,1,172.73,MEDIUM,0,0,0,1,0,0,NO_TRADE,,past_entry_window_13:00:00,
13:11:40,23292.9,23592.85,23457.05,VERY_WIDE,23592.85,23288.45,0.015,STRONG_DOWNTREND,NEUTRAL,BEARISH,PREMIUM_SELL_BULL,AFTERNOON_DAY_LOW_FADE_DTE0,35.29,1,172.64,MEDIUM,0,0,0,1,0,0,NO_TRADE,,past_entry_window_13:00:00,
13:11:55,23290.15,23592.85,23457.05,VERY_WIDE,23592.85,23288.45,0.006,STRONG_DOWNTREND,NEUTRAL,BEARISH,PREMIUM_SELL_BULL,AFTERNOON_DAY_LOW_FADE_DTE0,35.29,1,172.55,MEDIUM,0,0,0,1,0,0,NO_TRADE,,past_entry_window_13:00:00,
13:12:10,23294.0,23592.85,23457.05,VERY_WIDE,23592.85,23288.45,0.018,STRONG_DOWNTREND,NEUTRAL,BEARISH,PREMIUM_SELL_BULL,AFTERNOON_DAY_LOW_FADE_DTE0,35.29,1,172.45,MEDIUM,0,0,0,1,0,0,NO_TRADE,,past_entry_window_13:00:00,
13:12:25,23293.35,23592.85,23457.05,VERY_WIDE,23592.85,23288.45,0.016,STRONG_DOWNTREND,NEUTRAL,BEARISH,PREMIUM_SELL_BULL,AFTERNOON_DAY_LOW_FADE_DTE0,35.29,1,172.36,MEDIUM,0,0,0,1,0,0,NO_TRADE,,past_entry_window_13:00:00,
13:12:40,23295.65,23592.85,23457.05,VERY_WIDE,23592.85,23288.45,0.024,STRONG_DOWNTREND,NEUTRAL,BEARISH,PREMIUM_SELL_BULL,AFTERNOON_DAY_LOW_FADE_DTE0,35.29,1,172.27,MEDIUM,0,0,0,1,0,0,NO_TRADE,,past_entry_window_13:00:00,
13:12:55,23295.9,23592.85,23457.05,VERY_WIDE,23592.85,23288.45,0.024,STRONG_DOWNTREND,NEUTRAL,BEARISH,PREMIUM_SELL_BULL,AFTERNOON_DAY_LOW_FADE_DTE0,35.29,1,172.18,MEDIUM,0,0,0,1,0,0,NO_TRADE,,past_entry_window_13:00:00,
13:13:10,23295.55,23592.85,23457.05,VERY_WIDE,23592.85,23288.45,0.023,STRONG_DOWNTREND,NEUTRAL,BEARISH,PREMIUM_SELL_BULL,AFTERNOON_DAY_LOW_FADE_DTE0,35.29,1,172.09,MEDIUM,0,0,0,1,0,0,NO_TRADE,,past_entry_window_13:00:00,
13:13:25,23299.95,23592.85,23457.05,VERY_WIDE,23592.85,23288.45,0.038,STRONG_DOWNTREND,NEUTRAL,BEARISH,PREMIUM_SELL_BULL,AFTERNOON_DAY_LOW_FADE_DTE0,35.29,1,172.0,MEDIUM,0,0,0,1,0,0,NO_TRADE,,past_entry_window_13:00:00,
13:13:40,23296.6,23592.85,23457.05,VERY_WIDE,23592.85,23288.45,0.027,STRONG_DOWNTREND,NEUTRAL,BEARISH,PREMIUM_SELL_BULL,AFTERNOON_DAY_LOW_FADE_DTE0,35.29,1,171.91,MEDIUM,0,0,0,1,0,0,NO_TRADE,,past_entry_window_13:00:00,
13:13:55,23298.8,23592.85,23457.05,VERY_WIDE,23592.85,23288.45,0.034,STRONG_DOWNTREND,NEUTRAL,BEARISH,PREMIUM_SELL_BULL,AFTERNOON_DAY_LOW_FADE_DTE0,35.29,1,171.82,MEDIUM,0,0,0,1,0,0,NO_TRADE,,past_entry_window_13:00:00,
13:14:10,23297.35,23592.85,23457.05,VERY_WIDE,23592.85,23288.45,0.029,STRONG_DOWNTREND,NEUTRAL,BEARISH,PREMIUM_SELL_BULL,AFTERNOON_DAY_LOW_FADE_DTE0,35.29,1,171.73,MEDIUM,0,0,0,1,0,0,NO_TRADE,,past_entry_window_13:00:00,
13:14:25,23298.35,23592.85,23457.05,VERY_WIDE,23592.85,23288.45,0.033,STRONG_DOWNTREND,NEUTRAL,BEARISH,PREMIUM_SELL_BULL,AFTERNOON_DAY_LOW_FADE_DTE0,35.29,1,171.64,MEDIUM,0,0,0,1,0,0,NO_TRADE,,past_entry_window_13:00:00,
13:14:40,23300.7,23592.85,23457.05,VERY_WIDE,23592.85,23288.45,0.040,STRONG_DOWNTREND,NEUTRAL,BEARISH,PREMIUM_SELL_BULL,AFTERNOON_DAY_LOW_FADE_DTE0,35.29,1,171.55,MEDIUM,0,0,0,1,0,0,NO_TRADE,,past_entry_window_13:00:00,
13:14:55,23296.0,23592.85,23457.05,VERY_WIDE,23592.85,23288.45,0.025,STRONG_DOWNTREND,NEUTRAL,BEARISH,PREMIUM_SELL_BULL,AFTERNOON_DAY_LOW_FADE_DTE0,35.29,1,171.46,MEDIUM,0,0,0,1,0,0,NO_TRADE,,past_entry_window_13:00:00,
13:15:10,23294.55,23592.85,23457.05,VERY_WIDE,23592.85,23287.6,0.023,STRONG_DOWNTREND,NEUTRAL,BEARISH,PREMIUM_SELL_BULL,AFTERNOON_DAY_LOW_FADE_DTE0,36.85,1,171.85,MEDIUM,0,0,0,1,0,0,NO_TRADE,,past_entry_window_13:00:00,
13:15:25,23291.15,23592.85,23457.05,VERY_WIDE,23592.85,23287.6,0.012,STRONG_DOWNTREND,NEUTRAL,BEARISH,PREMIUM_SELL_BULL,AFTERNOON_DAY_LOW_FADE_DTE0,36.85,1,171.76,MEDIUM,0,0,0,1,0,0,NO_TRADE,,past_entry_window_13:00:00,
13:15:40,23289.35,23592.85,23457.05,VERY_WIDE,23592.85,23287.6,0.006,STRONG_DOWNTREND,NEUTRAL,BEARISH,PREMIUM_SELL_BULL,AFTERNOON_DAY_LOW_FADE_DTE0,36.85,1,171.67,MEDIUM,0,0,0,1,0,0,NO_TRADE,,past_entry_window_13:00:00,
13:15:55,23290.85,23592.85,23457.05,VERY_WIDE,23592.85,23287.6,0.011,STRONG_DOWNTREND,NEUTRAL,BEARISH,PREMIUM_SELL_BULL,AFTERNOON_DAY_LOW_FADE_DTE0,36.85,1,171.58,MEDIUM,0,0,0,1,0,0,NO_TRADE,,past_entry_window_13:00:00,
13:16:10,23290.8,23592.85,23457.05,VERY_WIDE,23592.85,23284.45,0.021,STRONG_DOWNTREND,NEUTRAL,BEARISH,PREMIUM_SELL_BULL,AFTERNOON_DAY_LOW_FADE_DTE0,37.07,1,173.26,MEDIUM,0,0,0,1,0,0,NO_TRADE,,past_entry_window_13:00:00,
13:16:25,23291.1,23592.85,23457.05,VERY_WIDE,23592.85,23284.45,0.022,STRONG_DOWNTREND,NEUTRAL,BEARISH,PREMIUM_SELL_BULL,AFTERNOON_DAY_LOW_FADE_DTE0,37.07,1,173.17,MEDIUM,0,0,0,1,0,0,NO_TRADE,,past_entry_window_13:00:00,
13:16:40,23289.7,23592.85,23457.05,VERY_WIDE,23592.85,23284.45,0.017,STRONG_DOWNTREND,NEUTRAL,BEARISH,PREMIUM_SELL_BULL,AFTERNOON_DAY_LOW_FADE_DTE0,37.07,1,173.08,MEDIUM,0,0,0,1,0,0,NO_TRADE,,past_entry_window_13:00:00,
13:16:55,23287.15,23592.85,23457.05,VERY_WIDE,23592.85,23284.45,0.009,STRONG_DOWNTREND,NEUTRAL,BEARISH,PREMIUM_SELL_BULL,AFTERNOON_DAY_LOW_FADE_DTE0,37.07,1,173.0,MEDIUM,0,0,0,1,0,0,NO_TRADE,,past_entry_window_13:00:00,
13:17:10,23284.5,23592.85,23457.05,VERY_WIDE,23592.85,23280.8,0.012,STRONG_DOWNTREND,NEUTRAL,BEARISH,PREMIUM_SELL_BULL,AFTERNOON_DAY_LOW_FADE_DTE0,37.3,1,174.95,MEDIUM,0,0,0,1,0,0,NO_TRADE,,past_entry_window_13:00:00,
13:17:25,23283.15,23592.85,23457.05,VERY_WIDE,23592.85,23280.8,0.008,STRONG_DOWNTREND,NEUTRAL,BEARISH,PREMIUM_SELL_BULL,AFTERNOON_DAY_LOW_FADE_DTE0,37.3,1,174.86,MEDIUM,0,0,0,1,0,0,NO_TRADE,,past_entry_window_13:00:00,
13:17:40,23287.0,23592.85,23457.05,VERY_WIDE,23592.85,23280.8,0.020,STRONG_DOWNTREND,NEUTRAL,BEARISH,PREMIUM_SELL_BULL,AFTERNOON_DAY_LOW_FADE_DTE0,37.3,1,174.77,MEDIUM,0,0,0,1,0,0,NO_TRADE,,past_entry_window_13:00:00,
13:17:55,23288.55,23592.85,23457.05,VERY_WIDE,23592.85,23280.8,0.025,STRONG_DOWNTREND,NEUTRAL,BEARISH,PREMIUM_SELL_BULL,AFTERNOON_DAY_LOW_FADE_DTE0,37.3,1,174.68,MEDIUM,0,0,0,1,0,0,NO_TRADE,,past_entry_window_13:00:00,
13:18:10,23289.55,23592.85,23457.05,VERY_WIDE,23592.85,23280.8,0.028,STRONG_DOWNTREND,NEUTRAL,BEARISH,PREMIUM_SELL_BULL,AFTERNOON_DAY_LOW_FADE_DTE0,37.3,1,174.59,MEDIUM,0,0,0,1,0,0,NO_TRADE,,past_entry_window_13:00:00,
13:18:25,23288.35,23592.85,23457.05,VERY_WIDE,23592.85,23280.8,0.024,STRONG_DOWNTREND,NEUTRAL,BEARISH,PREMIUM_SELL_BULL,AFTERNOON_DAY_LOW_FADE_DTE0,37.3,1,174.5,MEDIUM,0,0,0,1,0,0,NO_TRADE,,past_entry_window_13:00:00,
13:18:40,23289.85,23592.85,23457.05,VERY_WIDE,23592.85,23280.8,0.029,STRONG_DOWNTREND,NEUTRAL,BEARISH,PREMIUM_SELL_BULL,AFTERNOON_DAY_LOW_FADE_DTE0,37.3,1,174.41,MEDIUM,0,0,0,1,0,0,NO_TRADE,,past_entry_window_13:00:00,
13:18:55,23291.75,23592.85,23457.05,VERY_WIDE,23592.85,23280.8,0.035,STRONG_DOWNTREND,NEUTRAL,BEARISH,PREMIUM_SELL_BULL,AFTERNOON_DAY_LOW_FADE_DTE0,37.3,1,174.32,MEDIUM,0,0,0,1,0,0,NO_TRADE,,past_entry_window_13:00:00,
13:19:10,23294.95,23592.85,23457.05,VERY_WIDE,23592.85,23280.8,0.045,STRONG_DOWNTREND,NEUTRAL,BEARISH,PREMIUM_SELL_BULL,AFTERNOON_DAY_LOW_FADE_DTE0,37.3,1,174.23,MEDIUM,0,0,0,1,0,0,NO_TRADE,,past_entry_window_13:00:00,
13:19:25,23296.55,23592.85,23457.05,VERY_WIDE,23592.85,23280.8,0.050,STRONG_DOWNTREND,NEUTRAL,BEARISH,PREMIUM_SELL_BULL,AFTERNOON_DAY_LOW_FADE_DTE0,37.3,1,174.14,MEDIUM,0,0,0,1,0,0,NO_TRADE,,past_entry_window_13:00:00,
13:19:40,23297.9,23592.85,23457.05,VERY_WIDE,23592.85,23280.8,0.055,STRONG_DOWNTREND,NEUTRAL,BEARISH,PREMIUM_SELL_BULL,AFTERNOON_DAY_LOW_FADE_DTE0,37.3,1,174.05,MEDIUM,0,0,0,1,0,0,NO_TRADE,,past_entry_window_13:00:00,
13:19:55,23293.05,23592.85,23457.05,VERY_WIDE,23592.85,23280.8,0.039,STRONG_DOWNTREND,NEUTRAL,BEARISH,PREMIUM_SELL_BULL,AFTERNOON_DAY_LOW_FADE_DTE0,37.3,1,173.96,MEDIUM,0,0,0,1,0,0,NO_TRADE,,past_entry_window_13:00:00,
13:20:10,23293.05,23592.85,23457.05,VERY_WIDE,23592.85,23280.8,0.039,STRONG_DOWNTREND,NEUTRAL,BEARISH,PREMIUM_SELL_BULL,AFTERNOON_DAY_LOW_FADE_DTE0,39.11,1,173.88,MEDIUM,0,0,0,1,0,0,NO_TRADE,,past_entry_window_13:00:00,
13:20:26,23293.1,23592.85,23457.05,VERY_WIDE,23592.85,23280.8,0.039,STRONG_DOWNTREND,NEUTRAL,BEARISH,PREMIUM_SELL_BULL,AFTERNOON_DAY_LOW_FADE_DTE0,39.11,1,173.79,MEDIUM,0,0,0,1,0,0,NO_TRADE,,past_entry_window_13:00:00,
13:20:40,23289.8,23592.85,23457.05,VERY_WIDE,23592.85,23280.8,0.029,STRONG_DOWNTREND,NEUTRAL,BEARISH,PREMIUM_SELL_BULL,AFTERNOON_DAY_LOW_FADE_DTE0,39.11,1,173.7,MEDIUM,0,0,0,1,0,0,NO_TRADE,,past_entry_window_13:00:00,
13:20:56,23286.95,23592.85,23457.05,VERY_WIDE,23592.85,23280.8,0.020,STRONG_DOWNTREND,NEUTRAL,BEARISH,PREMIUM_SELL_BULL,AFTERNOON_DAY_LOW_FADE_DTE0,39.11,1,173.61,MEDIUM,0,0,0,1,0,0,NO_TRADE,,past_entry_window_13:00:00,
13:21:11,23286.1,23592.85,23457.05,VERY_WIDE,23592.85,23280.8,0.017,STRONG_DOWNTREND,NEUTRAL,BEARISH,PREMIUM_SELL_BULL,AFTERNOON_DAY_LOW_FADE_DTE0,39.11,1,173.52,MEDIUM,0,0,0,1,0,0,NO_TRADE,,past_entry_window_13:00:00,
13:21:26,23285.35,23592.85,23457.05,VERY_WIDE,23592.85,23280.8,0.015,STRONG_DOWNTREND,NEUTRAL,BEARISH,PREMIUM_SELL_BULL,AFTERNOON_DAY_LOW_FADE_DTE0,39.11,1,173.43,MEDIUM,0,0,0,1,0,0,NO_TRADE,,past_entry_window_13:00:00,
13:21:41,23285.35,23592.85,23457.05,VERY_WIDE,23592.85,23280.8,0.015,STRONG_DOWNTREND,NEUTRAL,BEARISH,PREMIUM_SELL_BULL,AFTERNOON_DAY_LOW_FADE_DTE0,39.11,1,173.35,MEDIUM,0,0,0,1,0,0,NO_TRADE,,past_entry_window_13:00:00,
13:21:56,23282.65,23592.85,23457.05,VERY_WIDE,23592.85,23280.8,0.006,STRONG_DOWNTREND,NEUTRAL,BEARISH,PREMIUM_SELL_BULL,AFTERNOON_DAY_LOW_FADE_DTE0,39.11,1,173.26,MEDIUM,0,0,0,1,0,0,NO_TRADE,,past_entry_window_13:00:00,
13:22:11,23283.3,23592.85,23457.05,VERY_WIDE,23592.85,23280.8,0.008,STRONG_DOWNTREND,NEUTRAL,BEARISH,PREMIUM_SELL_BULL,AFTERNOON_DAY_LOW_FADE_DTE0,39.11,1,173.17,MEDIUM,0,0,0,1,0,0,NO_TRADE,,past_entry_window_13:00:00,
13:22:26,23283.25,23592.85,23457.05,VERY_WIDE,23592.85,23280.8,0.008,STRONG_DOWNTREND,NEUTRAL,BEARISH,PREMIUM_SELL_BULL,AFTERNOON_DAY_LOW_FADE_DTE0,39.11,1,173.08,MEDIUM,0,0,0,1,0,0,NO_TRADE,,past_entry_window_13:00:00,
13:22:41,23283.3,23592.85,23457.05,VERY_WIDE,23592.85,23280.8,0.008,STRONG_DOWNTREND,NEUTRAL,BEARISH,PREMIUM_SELL_BULL,AFTERNOON_DAY_LOW_FADE_DTE0,39.11,1,172.99,MEDIUM,0,0,0,1,0,0,NO_TRADE,,past_entry_window_13:00:00,
13:22:56,23284.35,23592.85,23457.05,VERY_WIDE,23592.85,23280.8,0.011,STRONG_DOWNTREND,NEUTRAL,BEARISH,PREMIUM_SELL_BULL,AFTERNOON_DAY_LOW_FADE_DTE0,39.11,1,172.91,MEDIUM,0,0,0,1,0,0,NO_TRADE,,past_entry_window_13:00:00,
13:23:11,23283.05,23592.85,23457.05,VERY_WIDE,23592.85,23279.55,0.011,STRONG_DOWNTREND,NEUTRAL,BEARISH,PREMIUM_SELL_BULL,AFTERNOON_DAY_LOW_FADE_DTE0,39.19,1,173.51,MEDIUM,0,0,0,1,0,0,NO_TRADE,,past_entry_window_13:00:00,
13:23:26,23281.55,23592.85,23457.05,VERY_WIDE,23592.85,23279.55,0.006,STRONG_DOWNTREND,NEUTRAL,BEARISH,PREMIUM_SELL_BULL,AFTERNOON_DAY_LOW_FADE_DTE0,39.19,1,173.42,MEDIUM,0,0,0,1,0,0,NO_TRADE,,past_entry_window_13:00:00,
13:23:41,23283.65,23592.85,23457.05,VERY_WIDE,23592.85,23279.55,0.013,STRONG_DOWNTREND,NEUTRAL,BEARISH,PREMIUM_SELL_BULL,AFTERNOON_DAY_LOW_FADE_DTE0,39.19,1,173.34,MEDIUM,0,0,0,1,0,0,NO_TRADE,,past_entry_window_13:00:00,
13:23:56,23283.1,23592.85,23457.05,VERY_WIDE,23592.85,23279.55,0.011,STRONG_DOWNTREND,NEUTRAL,BEARISH,PREMIUM_SELL_BULL,AFTERNOON_DAY_LOW_FADE_DTE0,39.19,1,173.25,MEDIUM,0,0,0,1,0,0,NO_TRADE,,past_entry_window_13:00:00,
13:24:11,23285.0,23592.85,23457.05,VERY_WIDE,23592.85,23279.55,0.017,STRONG_DOWNTREND,NEUTRAL,BEARISH,PREMIUM_SELL_BULL,AFTERNOON_DAY_LOW_FADE_DTE0,39.19,1,173.16,MEDIUM,0,0,0,1,0,0,NO_TRADE,,past_entry_window_13:00:00,
13:24:26,23285.5,23592.85,23457.05,VERY_WIDE,23592.85,23279.55,0.019,STRONG_DOWNTREND,NEUTRAL,BEARISH,PREMIUM_SELL_BULL,AFTERNOON_DAY_LOW_FADE_DTE0,39.19,1,173.08,MEDIUM,0,0,0,1,0,0,NO_TRADE,,past_entry_window_13:00:00,
13:24:41,23285.0,23592.85,23457.05,VERY_WIDE,23592.85,23279.55,0.017,STRONG_DOWNTREND,NEUTRAL,BEARISH,PREMIUM_SELL_BULL,AFTERNOON_DAY_LOW_FADE_DTE0,39.19,1,172.99,MEDIUM,0,0,0,1,0,0,NO_TRADE,,past_entry_window_13:00:00,
13:24:56,23284.7,23592.85,23457.05,VERY_WIDE,23592.85,23279.55,0.016,STRONG_DOWNTREND,NEUTRAL,BEARISH,PREMIUM_SELL_BULL,AFTERNOON_DAY_LOW_FADE_DTE0,39.19,1,172.9,MEDIUM,0,0,0,1,0,0,NO_TRADE,,past_entry_window_13:00:00,
13:25:11,23286.35,23592.85,23457.05,VERY_WIDE,23592.85,23279.55,0.022,STRONG_DOWNTREND,NEUTRAL,BEARISH,PREMIUM_SELL_BULL,AFTERNOON_DAY_LOW_FADE_DTE0,40.89,1,172.82,MEDIUM,0,0,0,1,0,0,NO_TRADE,,past_entry_window_13:00:00,
13:25:26,23283.45,23592.85,23457.05,VERY_WIDE,23592.85,23279.55,0.012,STRONG_DOWNTREND,NEUTRAL,BEARISH,PREMIUM_SELL_BULL,AFTERNOON_DAY_LOW_FADE_DTE0,40.89,1,172.73,MEDIUM,0,0,0,1,0,0,NO_TRADE,,past_entry_window_13:00:00,
13:25:41,23285.1,23592.85,23457.05,VERY_WIDE,23592.85,23279.55,0.018,STRONG_DOWNTREND,NEUTRAL,BEARISH,PREMIUM_SELL_BULL,AFTERNOON_DAY_LOW_FADE_DTE0,40.89,1,172.64,MEDIUM,0,0,0,1,0,0,NO_TRADE,,past_entry_window_13:00:00,
13:25:56,23284.15,23592.85,23457.05,VERY_WIDE,23592.85,23279.55,0.015,STRONG_DOWNTREND,NEUTRAL,BEARISH,PREMIUM_SELL_BULL,AFTERNOON_DAY_LOW_FADE_DTE0,40.89,1,172.56,MEDIUM,0,0,0,1,0,0,NO_TRADE,,past_entry_window_13:00:00,
13:26:11,23284.75,23592.85,23457.05,VERY_WIDE,23592.85,23279.55,0.017,STRONG_DOWNTREND,NEUTRAL,BEARISH,PREMIUM_SELL_BULL,AFTERNOON_DAY_LOW_FADE_DTE0,40.89,1,172.47,MEDIUM,0,0,0,1,0,0,NO_TRADE,,past_entry_window_13:00:00,
13:26:26,23285.15,23592.85,23457.05,VERY_WIDE,23592.85,23279.55,0.018,STRONG_DOWNTREND,NEUTRAL,BEARISH,PREMIUM_SELL_BULL,AFTERNOON_DAY_LOW_FADE_DTE0,40.89,1,172.38,MEDIUM,0,0,0,1,0,0,NO_TRADE,,past_entry_window_13:00:00,
13:26:41,23286.55,23592.85,23457.05,VERY_WIDE,23592.85,23279.55,0.022,STRONG_DOWNTREND,NEUTRAL,BEARISH,PREMIUM_SELL_BULL,AFTERNOON_DAY_LOW_FADE_DTE0,40.89,1,172.3,MEDIUM,0,0,0,1,0,0,NO_TRADE,,past_entry_window_13:00:00,
13:26:56,23288.95,23592.85,23457.05,VERY_WIDE,23592.85,23279.55,0.030,STRONG_DOWNTREND,NEUTRAL,BEARISH,PREMIUM_SELL_BULL,AFTERNOON_DAY_LOW_FADE_DTE0,40.89,1,172.21,MEDIUM,0,0,0,1,0,0,NO_TRADE,,past_entry_window_13:00:00,
13:27:11,23294.1,23592.85,23457.05,VERY_WIDE,23592.85,23279.55,0.046,STRONG_DOWNTREND,NEUTRAL,BEARISH,PREMIUM_SELL_BULL,AFTERNOON_DAY_LOW_FADE_DTE0,40.89,1,172.13,MEDIUM,0,0,0,1,0,0,NO_TRADE,,past_entry_window_13:00:00,
13:27:26,23294.15,23592.85,23457.05,VERY_WIDE,23592.85,23279.55,0.047,STRONG_DOWNTREND,NEUTRAL,BEARISH,PREMIUM_SELL_BULL,AFTERNOON_DAY_LOW_FADE_DTE0,40.89,1,172.04,MEDIUM,0,0,0,1,0,0,NO_TRADE,,past_entry_window_13:00:00,
13:27:41,23290.95,23592.85,23457.05,VERY_WIDE,23592.85,23279.55,0.036,STRONG_DOWNTREND,NEUTRAL,BEARISH,PREMIUM_SELL_BULL,AFTERNOON_DAY_LOW_FADE_DTE0,40.89,1,171.96,MEDIUM,0,0,0,1,0,0,NO_TRADE,,past_entry_window_13:00:00,
13:27:57,23290.1,23592.85,23457.05,VERY_WIDE,23592.85,23279.55,0.034,STRONG_DOWNTREND,NEUTRAL,BEARISH,PREMIUM_SELL_BULL,AFTERNOON_DAY_LOW_FADE_DTE0,40.89,1,171.87,MEDIUM,0,0,0,1,0,0,NO_TRADE,,past_entry_window_13:00:00,
13:28:12,23290.5,23592.85,23457.05,VERY_WIDE,23592.85,23279.55,0.035,STRONG_DOWNTREND,NEUTRAL,BEARISH,PREMIUM_SELL_BULL,AFTERNOON_DAY_LOW_FADE_DTE0,40.89,1,171.79,MEDIUM,0,0,0,1,0,0,NO_TRADE,,past_entry_window_13:00:00,
13:28:27,23291.0,23592.85,23457.05,VERY_WIDE,23592.85,23279.55,0.037,STRONG_DOWNTREND,NEUTRAL,BEARISH,PREMIUM_SELL_BULL,AFTERNOON_DAY_LOW_FADE_DTE0,40.89,1,171.7,MEDIUM,0,0,0,1,0,0,NO_TRADE,,past_entry_window_13:00:00,
13:28:42,23289.6,23592.85,23457.05,VERY_WIDE,23592.85,23279.55,0.032,STRONG_DOWNTREND,NEUTRAL,BEARISH,PREMIUM_SELL_BULL,AFTERNOON_DAY_LOW_FADE_DTE0,40.89,1,171.62,MEDIUM,0,0,0,1,0,0,NO_TRADE,,past_entry_window_13:00:00,
13:28:57,23288.55,23592.85,23457.05,VERY_WIDE,23592.85,23279.55,0.029,STRONG_DOWNTREND,NEUTRAL,BEARISH,PREMIUM_SELL_BULL,AFTERNOON_DAY_LOW_FADE_DTE0,40.89,1,171.53,MEDIUM,0,0,0,1,0,0,NO_TRADE,,past_entry_window_13:00:00,
13:29:12,23289.65,23592.85,23457.05,VERY_WIDE,23592.85,23279.55,0.032,STRONG_DOWNTREND,NEUTRAL,BEARISH,PREMIUM_SELL_BULL,AFTERNOON_DAY_LOW_FADE_DTE0,40.89,1,171.45,MEDIUM,0,0,0,1,0,0,NO_TRADE,,past_entry_window_13:00:00,
13:29:27,23286.5,23592.85,23457.05,VERY_WIDE,23592.85,23279.55,0.022,STRONG_DOWNTREND,NEUTRAL,BEARISH,PREMIUM_SELL_BULL,AFTERNOON_DAY_LOW_FADE_DTE0,40.89,1,171.36,MEDIUM,0,0,0,1,0,0,NO_TRADE,,past_entry_window_13:00:00,
13:29:42,23283.8,23592.85,23457.05,VERY_WIDE,23592.85,23279.55,0.014,STRONG_DOWNTREND,NEUTRAL,BEARISH,PREMIUM_SELL_BULL,AFTERNOON_DAY_LOW_FADE_DTE0,40.89,1,171.28,MEDIUM,0,0,0,1,0,0,NO_TRADE,,past_entry_window_13:00:00,
13:29:57,23281.55,23592.85,23457.05,VERY_WIDE,23592.85,23279.55,0.006,STRONG_DOWNTREND,NEUTRAL,BEARISH,PREMIUM_SELL_BULL,AFTERNOON_DAY_LOW_FADE_DTE0,40.89,1,171.19,MEDIUM,0,0,0,1,0,0,NO_TRADE,,past_entry_window_13:00:00,
13:30:12,23282.55,23592.85,23457.05,VERY_WIDE,23592.85,23274.5,0.025,STRONG_DOWNTREND,NEUTRAL,BEARISH,PREMIUM_SELL_BULL,AFTERNOON_DAY_LOW_FADE_DTE0,42.81,1,173.87,MEDIUM,0,0,0,1,0,0,NO_TRADE,,past_entry_window_13:00:00,
13:30:27,23280.95,23592.85,23457.05,VERY_WIDE,23592.85,23274.5,0.020,STRONG_DOWNTREND,NEUTRAL,BEARISH,PREMIUM_SELL_BULL,AFTERNOON_DAY_LOW_FADE_DTE0,42.81,1,173.78,MEDIUM,0,0,0,1,0,0,NO_TRADE,,past_entry_window_13:00:00,
13:30:42,23278.0,23592.85,23457.05,VERY_WIDE,23592.85,23274.5,0.011,STRONG_DOWNTREND,NEUTRAL,BEARISH,PREMIUM_SELL_BULL,AFTERNOON_DAY_LOW_FADE_DTE0,42.81,1,173.7,MEDIUM,0,0,0,1,0,0,NO_TRADE,,past_entry_window_13:00:00,
13:30:57,23274.95,23592.85,23457.05,VERY_WIDE,23592.85,23274.5,0.001,STRONG_DOWNTREND,NEUTRAL,BEARISH,PREMIUM_SELL_BULL,AFTERNOON_DAY_LOW_FADE_DTE0,42.81,1,173.61,MEDIUM,0,0,0,1,0,0,NO_TRADE,,past_entry_window_13:00:00,
13:31:12,23273.0,23592.85,23457.05,VERY_WIDE,23592.85,23263.0,0.030,STRONG_DOWNTREND,NEUTRAL,BEARISH,PREMIUM_SELL_BULL,AFTERNOON_DAY_LOW_FADE_DTE0,43.45,1,179.8,MEDIUM,0,0,0,1,0,0,NO_TRADE,,past_entry_window_13:00:00,
13:31:27,23272.85,23592.85,23457.05,VERY_WIDE,23592.85,23263.0,0.030,STRONG_DOWNTREND,NEUTRAL,BEARISH,PREMIUM_SELL_BULL,AFTERNOON_DAY_LOW_FADE_DTE0,43.45,1,179.71,MEDIUM,0,0,0,1,0,0,NO_TRADE,,past_entry_window_13:00:00,
13:31:42,23263.75,23592.85,23457.05,VERY_WIDE,23592.85,23263.0,0.002,STRONG_DOWNTREND,NEUTRAL,BEARISH,PREMIUM_SELL_BULL,AFTERNOON_DAY_LOW_FADE_DTE0,43.45,1,179.62,MEDIUM,0,0,0,1,0,0,NO_TRADE,,past_entry_window_13:00:00,
13:31:57,23265.5,23592.85,23457.05,VERY_WIDE,23592.85,23263.0,0.008,STRONG_DOWNTREND,NEUTRAL,BEARISH,PREMIUM_SELL_BULL,AFTERNOON_DAY_LOW_FADE_DTE0,43.45,1,179.53,MEDIUM,0,0,0,1,0,0,NO_TRADE,,past_entry_window_13:00:00,
13:32:12,23267.95,23592.85,23457.05,VERY_WIDE,23592.85,23263.0,0.015,STRONG_DOWNTREND,NEUTRAL,BEARISH,PREMIUM_SELL_BULL,AFTERNOON_DAY_LOW_FADE_DTE0,43.45,1,179.45,MEDIUM,0,0,0,1,0,0,NO_TRADE,,past_entry_window_13:00:00,
13:32:27,23267.7,23592.85,23457.05,VERY_WIDE,23592.85,23263.0,0.014,STRONG_DOWNTREND,NEUTRAL,BEARISH,PREMIUM_SELL_BULL,AFTERNOON_DAY_LOW_FADE_DTE0,43.45,1,179.36,MEDIUM,0,0,0,1,0,0,NO_TRADE,,past_entry_window_13:00:00,
13:32:42,23266.0,23592.85,23457.05,VERY_WIDE,23592.85,23263.0,0.009,STRONG_DOWNTREND,NEUTRAL,BEARISH,PREMIUM_SELL_BULL,AFTERNOON_DAY_LOW_FADE_DTE0,43.45,1,179.27,MEDIUM,0,0,0,1,0,0,NO_TRADE,,past_entry_window_13:00:00,
13:32:57,23268.4,23592.85,23457.05,VERY_WIDE,23592.85,23263.0,0.016,STRONG_DOWNTREND,NEUTRAL,BEARISH,PREMIUM_SELL_BULL,AFTERNOON_DAY_LOW_FADE_DTE0,43.45,1,179.19,MEDIUM,0,0,0,1,0,0,NO_TRADE,,past_entry_window_13:00:00,
13:33:12,23268.85,23592.85,23457.05,VERY_WIDE,23592.85,23263.0,0.018,STRONG_DOWNTREND,NEUTRAL,BEARISH,PREMIUM_SELL_BULL,AFTERNOON_DAY_LOW_FADE_DTE0,43.45,1,179.1,MEDIUM,0,0,0,1,0,0,NO_TRADE,,past_entry_window_13:00:00,
13:33:27,23267.45,23592.85,23457.05,VERY_WIDE,23592.85,23263.0,0.013,STRONG_DOWNTREND,NEUTRAL,BEARISH,PREMIUM_SELL_BULL,AFTERNOON_DAY_LOW_FADE_DTE0,43.45,1,179.01,MEDIUM,0,0,0,1,0,0,NO_TRADE,,past_entry_window_13:00:00,
13:33:42,23270.45,23592.85,23457.05,VERY_WIDE,23592.85,23263.0,0.023,STRONG_DOWNTREND,NEUTRAL,BEARISH,PREMIUM_SELL_BULL,AFTERNOON_DAY_LOW_FADE_DTE0,43.45,1,178.93,MEDIUM,0,0,0,1,0,0,NO_TRADE,,past_entry_window_13:00:00,
13:33:57,23269.0,23592.85,23457.05,VERY_WIDE,23592.85,23263.0,0.018,STRONG_DOWNTREND,NEUTRAL,BEARISH,PREMIUM_SELL_BULL,AFTERNOON_DAY_LOW_FADE_DTE0,43.45,1,178.84,MEDIUM,0,0,0,1,0,0,NO_TRADE,,past_entry_window_13:00:00,
13:34:12,23272.1,23592.85,23457.05,VERY_WIDE,23592.85,23263.0,0.028,STRONG_DOWNTREND,NEUTRAL,BEARISH,PREMIUM_SELL_BULL,AFTERNOON_DAY_LOW_FADE_DTE0,43.45,1,178.75,MEDIUM,0,0,0,1,0,0,NO_TRADE,,past_entry_window_13:00:00,
13:34:29,23270.85,23592.85,23457.05,VERY_WIDE,23592.85,23263.0,0.024,STRONG_DOWNTREND,NEUTRAL,BEARISH,PREMIUM_SELL_BULL,AFTERNOON_DAY_LOW_FADE_DTE0,43.45,1,178.66,MEDIUM,0,0,0,1,0,0,NO_TRADE,,past_entry_window_13:00:00,
13:34:42,23273.15,23592.85,23457.05,VERY_WIDE,23592.85,23263.0,0.031,STRONG_DOWNTREND,NEUTRAL,BEARISH,PREMIUM_SELL_BULL,AFTERNOON_DAY_LOW_FADE_DTE0,43.45,1,178.58,MEDIUM,0,0,0,1,0,0,NO_TRADE,,past_entry_window_13:00:00,
13:34:57,23271.55,23592.85,23457.05,VERY_WIDE,23592.85,23263.0,0.026,STRONG_DOWNTREND,NEUTRAL,BEARISH,PREMIUM_SELL_BULL,AFTERNOON_DAY_LOW_FADE_DTE0,43.45,1,178.49,MEDIUM,0,0,0,1,0,0,NO_TRADE,,past_entry_window_13:00:00,
13:35:12,23273.3,23592.85,23457.05,VERY_WIDE,23592.85,23263.0,0.031,STRONG_DOWNTREND,NEUTRAL,BEARISH,PREMIUM_SELL_BULL,AFTERNOON_DAY_LOW_FADE_DTE0,45.75,1,178.41,MEDIUM,0,0,0,1,0,0,NO_TRADE,,past_entry_window_13:00:00,
13:35:27,23269.7,23592.85,23457.05,VERY_WIDE,23592.85,23263.0,0.020,STRONG_DOWNTREND,NEUTRAL,BEARISH,PREMIUM_SELL_BULL,AFTERNOON_DAY_LOW_FADE_DTE0,45.75,1,178.32,MEDIUM,0,0,0,1,0,0,NO_TRADE,,past_entry_window_13:00:00,
13:35:42,23272.15,23592.85,23457.05,VERY_WIDE,23592.85,23263.0,0.028,STRONG_DOWNTREND,NEUTRAL,BEARISH,PREMIUM_SELL_BULL,AFTERNOON_DAY_LOW_FADE_DTE0,45.75,1,178.24,MEDIUM,0,0,0,1,0,0,NO_TRADE,,past_entry_window_13:00:00,
13:35:58,23272.05,23592.85,23457.05,VERY_WIDE,23592.85,23263.0,0.027,STRONG_DOWNTREND,NEUTRAL,BEARISH,PREMIUM_SELL_BULL,AFTERNOON_DAY_LOW_FADE_DTE0,45.75,1,178.15,MEDIUM,0,0,0,1,0,0,NO_TRADE,,past_entry_window_13:00:00,
13:36:12,23275.9,23592.85,23457.05,VERY_WIDE,23592.85,23263.0,0.039,STRONG_DOWNTREND,NEUTRAL,BEARISH,PREMIUM_SELL_BULL,AFTERNOON_DAY_LOW_FADE_DTE0,45.75,1,178.06,MEDIUM,0,0,0,1,0,0,NO_TRADE,,past_entry_window_13:00:00,
13:36:27,23276.65,23592.85,23457.05,VERY_WIDE,23592.85,23263.0,0.041,STRONG_DOWNTREND,NEUTRAL,BEARISH,PREMIUM_SELL_BULL,AFTERNOON_DAY_LOW_FADE_DTE0,45.75,1,177.98,MEDIUM,0,0,0,1,0,0,NO_TRADE,,past_entry_window_13:00:00,
13:36:43,23281.05,23592.85,23457.05,VERY_WIDE,23592.85,23263.0,0.055,STRONG_DOWNTREND,NEUTRAL,BEARISH,PREMIUM_SELL_BULL,AFTERNOON_DAY_LOW_FADE_DTE0,45.75,1,177.89,MEDIUM,0,0,0,1,0,0,NO_TRADE,,past_entry_window_13:00:00,
13:36:58,23278.55,23592.85,23457.05,VERY_WIDE,23592.85,23263.0,0.047,STRONG_DOWNTREND,NEUTRAL,BEARISH,PREMIUM_SELL_BULL,AFTERNOON_DAY_LOW_FADE_DTE0,45.75,1,177.81,MEDIUM,0,0,0,1,0,0,NO_TRADE,,past_entry_window_13:00:00,
13:37:13,23280.45,23592.85,23457.05,VERY_WIDE,23592.85,23263.0,0.053,STRONG_DOWNTREND,NEUTRAL,BEARISH,PREMIUM_SELL_BULL,AFTERNOON_DAY_LOW_FADE_DTE0,45.75,1,177.72,MEDIUM,0,0,0,1,0,0,NO_TRADE,,past_entry_window_13:00:00,
13:37:28,23274.05,23592.85,23457.05,VERY_WIDE,23592.85,23263.0,0.034,STRONG_DOWNTREND,NEUTRAL,BEARISH,PREMIUM_SELL_BULL,AFTERNOON_DAY_LOW_FADE_DTE0,45.75,1,177.64,MEDIUM,0,0,0,1,0,0,NO_TRADE,,past_entry_window_13:00:00,
13:37:43,23277.05,23592.85,23457.05,VERY_WIDE,23592.85,23263.0,0.043,STRONG_DOWNTREND,NEUTRAL,BEARISH,PREMIUM_SELL_BULL,AFTERNOON_DAY_LOW_FADE_DTE0,45.75,1,177.55,MEDIUM,0,0,0,1,0,0,NO_TRADE,,past_entry_window_13:00:00,
13:37:58,23274.85,23592.85,23457.05,VERY_WIDE,23592.85,23263.0,0.036,STRONG_DOWNTREND,NEUTRAL,BEARISH,PREMIUM_SELL_BULL,AFTERNOON_DAY_LOW_FADE_DTE0,45.75,1,177.47,MEDIUM,0,0,0,1,0,0,NO_TRADE,,past_entry_window_13:00:00,
13:38:13,23275.8,23592.85,23457.05,VERY_WIDE,23592.85,23263.0,0.039,STRONG_DOWNTREND,NEUTRAL,BEARISH,PREMIUM_SELL_BULL,AFTERNOON_DAY_LOW_FADE_DTE0,45.75,1,177.39,MEDIUM,0,0,0,1,0,0,NO_TRADE,,past_entry_window_13:00:00,
13:38:28,23271.25,23592.85,23457.05,VERY_WIDE,23592.85,23263.0,0.025,STRONG_DOWNTREND,NEUTRAL,BEARISH,PREMIUM_SELL_BULL,AFTERNOON_DAY_LOW_FADE_DTE0,45.75,1,177.3,MEDIUM,0,0,0,1,0,0,NO_TRADE,,past_entry_window_13:00:00,
13:38:43,23270.1,23592.85,23457.05,VERY_WIDE,23592.85,23263.0,0.022,STRONG_DOWNTREND,NEUTRAL,BEARISH,PREMIUM_SELL_BULL,AFTERNOON_DAY_LOW_FADE_DTE0,45.75,1,177.22,MEDIUM,0,0,0,1,0,0,NO_TRADE,,past_entry_window_13:00:00,
13:38:58,23268.3,23592.85,23457.05,VERY_WIDE,23592.85,23263.0,0.016,STRONG_DOWNTREND,NEUTRAL,BEARISH,PREMIUM_SELL_BULL,AFTERNOON_DAY_LOW_FADE_DTE0,45.75,1,177.13,MEDIUM,0,0,0,1,0,0,NO_TRADE,,past_entry_window_13:00:00,
13:39:13,23271.7,23592.85,23457.05,VERY_WIDE,23592.85,23263.0,0.026,STRONG_DOWNTREND,NEUTRAL,BEARISH,PREMIUM_SELL_BULL,AFTERNOON_DAY_LOW_FADE_DTE0,45.75,1,177.05,MEDIUM,0,0,0,1,0,0,NO_TRADE,,past_entry_window_13:00:00,
13:39:28,23270.15,23592.85,23457.05,VERY_WIDE,23592.85,23263.0,0.022,STRONG_DOWNTREND,NEUTRAL,BEARISH,PREMIUM_SELL_BULL,AFTERNOON_DAY_LOW_FADE_DTE0,45.75,1,176.97,MEDIUM,0,0,0,1,0,0,NO_TRADE,,past_entry_window_13:00:00,
13:39:43,23271.25,23592.85,23457.05,VERY_WIDE,23592.85,23263.0,0.025,STRONG_DOWNTREND,NEUTRAL,BEARISH,PREMIUM_SELL_BULL,AFTERNOON_DAY_LOW_FADE_DTE0,45.75,1,176.88,MEDIUM,0,0,0,1,0,0,NO_TRADE,,past_entry_window_13:00:00,
13:39:58,23267.9,23592.85,23457.05,VERY_WIDE,23592.85,23263.0,0.015,STRONG_DOWNTREND,NEUTRAL,BEARISH,PREMIUM_SELL_BULL,AFTERNOON_DAY_LOW_FADE_DTE0,45.75,1,176.8,MEDIUM,0,0,0,1,0,0,NO_TRADE,,past_entry_window_13:00:00,
13:40:13,23268.7,23592.85,23457.05,VERY_WIDE,23592.85,23262.2,0.020,STRONG_DOWNTREND,NEUTRAL,BEARISH,PREMIUM_SELL_BULL,AFTERNOON_DAY_LOW_FADE_DTE0,48.09,1,177.14,MEDIUM,0,0,0,1,0,0,NO_TRADE,,past_entry_window_13:00:00,
13:40:28,23266.4,23592.85,23457.05,VERY_WIDE,23592.85,23262.2,0.013,STRONG_DOWNTREND,NEUTRAL,BEARISH,PREMIUM_SELL_BULL,AFTERNOON_DAY_LOW_FADE_DTE0,48.09,1,177.06,MEDIUM,0,0,0,1,0,0,NO_TRADE,,past_entry_window_13:00:00,
13:40:43,23265.55,23592.85,23457.05,VERY_WIDE,23592.85,23262.2,0.010,STRONG_DOWNTREND,NEUTRAL,BEARISH,PREMIUM_SELL_BULL,AFTERNOON_DAY_LOW_FADE_DTE0,48.09,1,176.98,MEDIUM,0,0,0,1,0,0,NO_TRADE,,past_entry_window_13:00:00,
13:40:58,23263.1,23592.85,23457.05,VERY_WIDE,23592.85,23262.2,0.003,STRONG_DOWNTREND,NEUTRAL,BEARISH,PREMIUM_SELL_BULL,AFTERNOON_DAY_LOW_FADE_DTE0,48.09,1,176.89,MEDIUM,0,0,0,1,0,0,NO_TRADE,,past_entry_window_13:00:00,
13:41:13,23254.8,23592.85,23457.05,VERY_WIDE,23592.85,23251.75,0.009,STRONG_DOWNTREND,NEUTRAL,BEARISH,PREMIUM_SELL_BULL,AFTERNOON_DAY_LOW_FADE_DTE0,48.53,1,182.4,MEDIUM,0,0,0,1,0,0,NO_TRADE,,past_entry_window_13:00:00,
13:41:28,23254.9,23592.85,23457.05,VERY_WIDE,23592.85,23251.75,0.009,STRONG_DOWNTREND,NEUTRAL,BEARISH,PREMIUM_SELL_BULL,AFTERNOON_DAY_LOW_FADE_DTE0,48.53,1,182.31,MEDIUM,0,0,0,1,0,0,NO_TRADE,,past_entry_window_13:00:00,
13:41:43,23258.55,23592.85,23457.05,VERY_WIDE,23592.85,23251.75,0.020,STRONG_DOWNTREND,NEUTRAL,BEARISH,PREMIUM_SELL_BULL,AFTERNOON_DAY_LOW_FADE_DTE0,48.53,1,182.23,MEDIUM,0,0,0,1,0,0,NO_TRADE,,past_entry_window_13:00:00,
13:41:58,23262.3,23592.85,23457.05,VERY_WIDE,23592.85,23251.75,0.031,STRONG_DOWNTREND,NEUTRAL,BEARISH,PREMIUM_SELL_BULL,AFTERNOON_DAY_LOW_FADE_DTE0,48.53,1,182.14,MEDIUM,0,0,0,1,0,0,NO_TRADE,,past_entry_window_13:00:00,
13:42:13,23262.75,23592.85,23457.05,VERY_WIDE,23592.85,23251.75,0.032,STRONG_DOWNTREND,NEUTRAL,BEARISH,PREMIUM_SELL_BULL,AFTERNOON_DAY_LOW_FADE_DTE0,48.53,1,182.06,MEDIUM,0,0,0,1,0,0,NO_TRADE,,past_entry_window_13:00:00,
13:42:28,23259.45,23592.85,23457.05,VERY_WIDE,23592.85,23251.75,0.023,STRONG_DOWNTREND,NEUTRAL,BEARISH,PREMIUM_SELL_BULL,AFTERNOON_DAY_LOW_FADE_DTE0,48.53,1,181.97,MEDIUM,0,0,0,1,0,0,NO_TRADE,,past_entry_window_13:00:00,
13:42:43,23262.75,23592.85,23457.05,VERY_WIDE,23592.85,23251.75,0.032,STRONG_DOWNTREND,NEUTRAL,BEARISH,PREMIUM_SELL_BULL,AFTERNOON_DAY_LOW_FADE_DTE0,48.53,1,181.88,MEDIUM,0,0,0,1,0,0,NO_TRADE,,past_entry_window_13:00:00,
13:42:58,23256.4,23592.85,23457.05,VERY_WIDE,23592.85,23251.75,0.014,STRONG_DOWNTREND,NEUTRAL,BEARISH,PREMIUM_SELL_BULL,AFTERNOON_DAY_LOW_FADE_DTE0,48.53,1,181.8,MEDIUM,0,0,0,1,0,0,NO_TRADE,,past_entry_window_13:00:00,
13:43:13,23260.6,23592.85,23457.05,VERY_WIDE,23592.85,23251.75,0.026,STRONG_DOWNTREND,NEUTRAL,BEARISH,PREMIUM_SELL_BULL,AFTERNOON_DAY_LOW_FADE_DTE0,48.53,1,181.72,MEDIUM,0,0,0,1,0,0,NO_TRADE,,past_entry_window_13:00:00,
13:43:31,23261.1,23592.85,23457.05,VERY_WIDE,23592.85,23251.75,0.027,STRONG_DOWNTREND,NEUTRAL,BEARISH,PREMIUM_SELL_BULL,AFTERNOON_DAY_LOW_FADE_DTE0,48.53,1,181.62,MEDIUM,0,0,0,1,0,0,NO_TRADE,,past_entry_window_13:00:00,
13:43:44,23264.15,23592.85,23457.05,VERY_WIDE,23592.85,23251.75,0.036,STRONG_DOWNTREND,NEUTRAL,BEARISH,PREMIUM_SELL_BULL,AFTERNOON_DAY_LOW_FADE_DTE0,48.53,1,181.54,MEDIUM,0,0,0,1,0,0,NO_TRADE,,past_entry_window_13:00:00,
13:43:59,23259.8,23592.85,23457.05,VERY_WIDE,23592.85,23251.75,0.024,STRONG_DOWNTREND,NEUTRAL,BEARISH,PREMIUM_SELL_BULL,AFTERNOON_DAY_LOW_FADE_DTE0,48.53,1,181.46,MEDIUM,0,0,0,1,0,0,NO_TRADE,,past_entry_window_13:00:00,
13:44:14,23264.7,23592.85,23457.05,VERY_WIDE,23592.85,23251.75,0.038,STRONG_DOWNTREND,NEUTRAL,BEARISH,PREMIUM_SELL_BULL,AFTERNOON_DAY_LOW_FADE_DTE0,48.53,1,181.37,MEDIUM,0,0,0,1,0,0,NO_TRADE,,past_entry_window_13:00:00,
13:44:29,23263.2,23592.85,23457.05,VERY_WIDE,23592.85,23251.75,0.034,STRONG_DOWNTREND,NEUTRAL,BEARISH,PREMIUM_SELL_BULL,AFTERNOON_DAY_LOW_FADE_DTE0,48.53,1,181.29,MEDIUM,0,0,0,1,0,0,NO_TRADE,,past_entry_window_13:00:00,
13:44:44,23264.6,23592.85,23457.05,VERY_WIDE,23592.85,23251.75,0.038,STRONG_DOWNTREND,NEUTRAL,BEARISH,PREMIUM_SELL_BULL,AFTERNOON_DAY_LOW_FADE_DTE0,48.53,1,181.2,MEDIUM,0,0,0,1,0,0,NO_TRADE,,past_entry_window_13:00:00,
13:44:59,23263.4,23592.85,23457.05,VERY_WIDE,23592.85,23251.75,0.034,STRONG_DOWNTREND,NEUTRAL,BEARISH,PREMIUM_SELL_BULL,AFTERNOON_DAY_LOW_FADE_DTE0,48.53,1,181.12,MEDIUM,0,0,0,1,0,0,NO_TRADE,,past_entry_window_13:00:00,
13:45:14,23266.75,23592.85,23457.05,VERY_WIDE,23592.85,23251.75,0.044,STRONG_DOWNTREND,NEUTRAL,BEARISH,PREMIUM_SELL_BULL,AFTERNOON_DAY_LOW_FADE_DTE0,50.32,1,181.03,MEDIUM,0,0,0,1,0,0,NO_TRADE,,past_entry_window_13:00:00,
13:45:30,23266.25,23592.85,23457.05,VERY_WIDE,23592.85,23251.75,0.043,STRONG_DOWNTREND,NEUTRAL,BEARISH,PREMIUM_SELL_BULL,AFTERNOON_DAY_LOW_FADE_DTE0,50.32,1,180.95,MEDIUM,0,0,0,1,0,0,NO_TRADE,,past_entry_window_13:00:00,
13:45:44,23268.5,23592.85,23457.05,VERY_WIDE,23592.85,23251.75,0.049,STRONG_DOWNTREND,NEUTRAL,BEARISH,PREMIUM_SELL_BULL,AFTERNOON_DAY_LOW_FADE_DTE0,50.32,1,180.87,MEDIUM,0,0,0,1,0,0,NO_TRADE,,past_entry_window_13:00:00,
13:45:59,23268.55,23592.85,23457.05,VERY_WIDE,23592.85,23251.75,0.049,STRONG_DOWNTREND,NEUTRAL,BEARISH,PREMIUM_SELL_BULL,AFTERNOON_DAY_LOW_FADE_DTE0,50.32,1,180.78,MEDIUM,0,0,0,1,0,0,NO_TRADE,,past_entry_window_13:00:00,
13:46:14,23268.5,23592.85,23457.05,VERY_WIDE,23592.85,23251.75,0.049,STRONG_DOWNTREND,NEUTRAL,BEARISH,PREMIUM_SELL_BULL,AFTERNOON_DAY_LOW_FADE_DTE0,50.32,1,180.7,MEDIUM,0,0,0,1,0,0,NO_TRADE,,past_entry_window_13:00:00,
13:46:29,23264.65,23592.85,23457.05,VERY_WIDE,23592.85,23251.75,0.038,STRONG_DOWNTREND,NEUTRAL,BEARISH,PREMIUM_SELL_BULL,AFTERNOON_DAY_LOW_FADE_DTE0,50.32,1,180.62,MEDIUM,0,0,0,1,0,0,NO_TRADE,,past_entry_window_13:00:00,
13:46:44,23267.25,23592.85,23457.05,VERY_WIDE,23592.85,23251.75,0.045,STRONG_DOWNTREND,NEUTRAL,BEARISH,PREMIUM_SELL_BULL,AFTERNOON_DAY_LOW_FADE_DTE0,50.32,1,180.53,MEDIUM,0,0,0,1,0,0,NO_TRADE,,past_entry_window_13:00:00,
13:46:59,23266.55,23592.85,23457.05,VERY_WIDE,23592.85,23251.75,0.043,STRONG_DOWNTREND,NEUTRAL,BEARISH,PREMIUM_SELL_BULL,AFTERNOON_DAY_LOW_FADE_DTE0,50.32,1,180.45,MEDIUM,0,0,0,1,0,0,NO_TRADE,,past_entry_window_13:00:00,
13:47:14,23268.2,23592.85,23457.05,VERY_WIDE,23592.85,23251.75,0.048,STRONG_DOWNTREND,NEUTRAL,BEARISH,PREMIUM_SELL_BULL,AFTERNOON_DAY_LOW_FADE_DTE0,50.32,1,180.37,MEDIUM,0,0,0,1,0,0,NO_TRADE,,past_entry_window_13:00:00,
13:47:30,23265.55,23592.85,23457.05,VERY_WIDE,23592.85,23251.75,0.040,STRONG_DOWNTREND,NEUTRAL,BEARISH,PREMIUM_SELL_BULL,AFTERNOON_DAY_LOW_FADE_DTE0,50.32,1,180.28,MEDIUM,0,0,0,1,0,0,NO_TRADE,,past_entry_window_13:00:00,
13:47:45,23267.15,23592.85,23457.05,VERY_WIDE,23592.85,23251.75,0.045,STRONG_DOWNTREND,NEUTRAL,BEARISH,PREMIUM_SELL_BULL,AFTERNOON_DAY_LOW_FADE_DTE0,50.32,1,180.2,MEDIUM,0,0,0,1,0,0,NO_TRADE,,past_entry_window_13:00:00,
13:48:00,23264.75,23592.85,23457.05,VERY_WIDE,23592.85,23251.75,0.038,STRONG_DOWNTREND,NEUTRAL,BEARISH,PREMIUM_SELL_BULL,AFTERNOON_DAY_LOW_FADE_DTE0,50.32,1,180.12,MEDIUM,0,0,0,1,0,0,NO_TRADE,,past_entry_window_13:00:00,
13:48:14,23267.5,23592.85,23457.05,VERY_WIDE,23592.85,23251.75,0.046,STRONG_DOWNTREND,NEUTRAL,BEARISH,PREMIUM_SELL_BULL,AFTERNOON_DAY_LOW_FADE_DTE0,50.32,1,180.04,MEDIUM,0,0,0,1,0,0,NO_TRADE,,past_entry_window_13:00:00,
13:48:30,23266.0,23592.85,23457.05,VERY_WIDE,23592.85,23251.75,0.042,STRONG_DOWNTREND,NEUTRAL,BEARISH,PREMIUM_SELL_BULL,AFTERNOON_DAY_LOW_FADE_DTE0,50.32,1,179.95,MEDIUM,0,0,0,1,0,0,NO_TRADE,,past_entry_window_13:00:00,
13:48:45,23267.45,23592.85,23457.05,VERY_WIDE,23592.85,23251.75,0.046,STRONG_DOWNTREND,NEUTRAL,BEARISH,PREMIUM_SELL_BULL,AFTERNOON_DAY_LOW_FADE_DTE0,50.32,1,179.87,MEDIUM,0,0,0,1,0,0,NO_TRADE,,past_entry_window_13:00:00,
13:49:00,23265.45,23592.85,23457.05,VERY_WIDE,23592.85,23251.75,0.040,STRONG_DOWNTREND,NEUTRAL,BEARISH,PREMIUM_SELL_BULL,AFTERNOON_DAY_LOW_FADE_DTE0,50.13,1,179.79,MEDIUM,0,0,0,1,0,0,NO_TRADE,,past_entry_window_13:00:00,
13:49:15,23268.5,23592.85,23457.05,VERY_WIDE,23592.85,23251.75,0.049,STRONG_DOWNTREND,NEUTRAL,BEARISH,PREMIUM_SELL_BULL,AFTERNOON_DAY_LOW_FADE_DTE0,50.13,1,179.71,MEDIUM,0,0,0,1,0,0,NO_TRADE,,past_entry_window_13:00:00,
13:49:30,23268.0,23592.85,23457.05,VERY_WIDE,23592.85,23251.75,0.048,STRONG_DOWNTREND,NEUTRAL,BEARISH,PREMIUM_SELL_BULL,AFTERNOON_DAY_LOW_FADE_DTE0,50.13,1,179.63,MEDIUM,0,0,0,1,0,0,NO_TRADE,,past_entry_window_13:00:00,
13:49:45,23268.75,23592.85,23457.05,VERY_WIDE,23592.85,23251.75,0.050,STRONG_DOWNTREND,NEUTRAL,BEARISH,PREMIUM_SELL_BULL,AFTERNOON_DAY_LOW_FADE_DTE0,50.13,1,179.54,MEDIUM,0,0,0,1,0,0,NO_TRADE,,past_entry_window_13:00:00,
13:50:00,23271.3,23592.85,23457.05,VERY_WIDE,23592.85,23251.75,0.057,STRONG_DOWNTREND,NEUTRAL,BEARISH,PREMIUM_SELL_BULL,AFTERNOON_DAY_LOW_FADE_DTE0,50.78,1,179.46,MEDIUM,0,0,0,1,0,0,NO_TRADE,,past_entry_window_13:00:00,
13:50:15,23272.4,23592.85,23457.05,VERY_WIDE,23592.85,23251.75,0.061,STRONG_DOWNTREND,NEUTRAL,BEARISH,PREMIUM_SELL_BULL,AFTERNOON_DAY_LOW_FADE_DTE0,50.78,1,179.38,MEDIUM,0,0,0,1,0,0,NO_TRADE,,past_entry_window_13:00:00,
13:50:30,23272.5,23592.85,23457.05,VERY_WIDE,23592.85,23251.75,0.061,STRONG_DOWNTREND,NEUTRAL,BEARISH,PREMIUM_SELL_BULL,AFTERNOON_DAY_LOW_FADE_DTE0,50.78,1,179.3,MEDIUM,0,0,0,1,0,0,NO_TRADE,,past_entry_window_13:00:00,
13:50:45,23275.2,23592.85,23457.05,VERY_WIDE,23592.85,23251.75,0.069,STRONG_DOWNTREND,NEUTRAL,BEARISH,PREMIUM_SELL_BULL,AFTERNOON_DAY_LOW_FADE_DTE0,50.78,1,179.22,MEDIUM,0,0,0,1,0,0,NO_TRADE,,past_entry_window_13:00:00,
13:51:00,23274.1,23592.85,23457.05,VERY_WIDE,23592.85,23251.75,0.066,STRONG_DOWNTREND,NEUTRAL,BEARISH,PREMIUM_SELL_BULL,AFTERNOON_DAY_LOW_FADE_DTE0,50.78,1,179.14,MEDIUM,0,0,0,1,0,0,NO_TRADE,,past_entry_window_13:00:00,
13:51:15,23273.5,23592.85,23457.05,VERY_WIDE,23592.85,23251.75,0.064,STRONG_DOWNTREND,NEUTRAL,BEARISH,PREMIUM_SELL_BULL,AFTERNOON_DAY_LOW_FADE_DTE0,50.78,1,179.05,MEDIUM,0,0,0,1,0,0,NO_TRADE,,past_entry_window_13:00:00,
13:51:30,23271.7,23592.85,23457.05,VERY_WIDE,23592.85,23251.75,0.058,STRONG_DOWNTREND,NEUTRAL,BEARISH,PREMIUM_SELL_BULL,AFTERNOON_DAY_LOW_FADE_DTE0,50.78,1,178.97,MEDIUM,0,0,0,1,0,0,NO_TRADE,,past_entry_window_13:00:00,
13:51:45,23272.75,23592.85,23457.05,VERY_WIDE,23592.85,23251.75,0.062,STRONG_DOWNTREND,NEUTRAL,BEARISH,PREMIUM_SELL_BULL,AFTERNOON_DAY_LOW_FADE_DTE0,50.78,1,178.89,MEDIUM,0,0,0,1,0,0,NO_TRADE,,past_entry_window_13:00:00,
13:52:00,23273.8,23592.85,23457.05,VERY_WIDE,23592.85,23251.75,0.065,STRONG_DOWNTREND,NEUTRAL,BEARISH,PREMIUM_SELL_BULL,AFTERNOON_DAY_LOW_FADE_DTE0,50.78,1,178.81,MEDIUM,0,0,0,1,0,0,NO_TRADE,,past_entry_window_13:00:00,
13:52:15,23269.3,23592.85,23457.05,VERY_WIDE,23592.85,23251.75,0.051,STRONG_DOWNTREND,NEUTRAL,BEARISH,PREMIUM_SELL_BULL,AFTERNOON_DAY_LOW_FADE_DTE0,50.78,1,178.73,MEDIUM,0,0,0,1,0,0,NO_TRADE,,past_entry_window_13:00:00,
13:52:30,23272.55,23592.85,23457.05,VERY_WIDE,23592.85,23251.75,0.061,STRONG_DOWNTREND,NEUTRAL,BEARISH,PREMIUM_SELL_BULL,AFTERNOON_DAY_LOW_FADE_DTE0,50.78,1,178.65,MEDIUM,0,0,0,1,0,0,NO_TRADE,,past_entry_window_13:00:00,
13:52:45,23273.85,23592.85,23457.05,VERY_WIDE,23592.85,23251.75,0.065,STRONG_DOWNTREND,NEUTRAL,BEARISH,PREMIUM_SELL_BULL,AFTERNOON_DAY_LOW_FADE_DTE0,50.78,1,178.57,MEDIUM,0,0,0,1,0,0,NO_TRADE,,past_entry_window_13:00:00,
13:53:02,23273.3,23592.85,23457.05,VERY_WIDE,23592.85,23251.75,0.063,STRONG_DOWNTREND,NEUTRAL,BEARISH,PREMIUM_SELL_BULL,AFTERNOON_DAY_LOW_FADE_DTE0,50.77,1,178.48,MEDIUM,0,0,0,1,0,0,NO_TRADE,,past_entry_window_13:00:00,
13:53:17,23273.5,23592.85,23457.05,VERY_WIDE,23592.85,23251.75,0.064,STRONG_DOWNTREND,NEUTRAL,BEARISH,PREMIUM_SELL_BULL,AFTERNOON_DAY_LOW_FADE_DTE0,50.77,1,178.4,MEDIUM,0,0,0,1,0,0,NO_TRADE,,past_entry_window_13:00:00,
13:53:32,23270.8,23592.85,23457.05,VERY_WIDE,23592.85,23251.75,0.056,STRONG_DOWNTREND,NEUTRAL,BEARISH,PREMIUM_SELL_BULL,AFTERNOON_DAY_LOW_FADE_DTE0,50.77,1,178.32,MEDIUM,0,0,0,1,0,0,NO_TRADE,,past_entry_window_13:00:00,
13:53:47,23271.75,23592.85,23457.05,VERY_WIDE,23592.85,23251.75,0.059,STRONG_DOWNTREND,NEUTRAL,BEARISH,PREMIUM_SELL_BULL,AFTERNOON_DAY_LOW_FADE_DTE0,50.77,1,178.24,MEDIUM,0,0,0,1,0,0,NO_TRADE,,past_entry_window_13:00:00,
13:54:02,23270.55,23592.85,23457.05,VERY_WIDE,23592.85,23251.75,0.055,STRONG_DOWNTREND,NEUTRAL,BEARISH,PREMIUM_SELL_BULL,AFTERNOON_DAY_LOW_FADE_DTE0,50.77,1,178.16,MEDIUM,0,0,0,1,0,0,NO_TRADE,,past_entry_window_13:00:00,
13:54:17,23271.9,23592.85,23457.05,VERY_WIDE,23592.85,23251.75,0.059,STRONG_DOWNTREND,NEUTRAL,BEARISH,PREMIUM_SELL_BULL,AFTERNOON_DAY_LOW_FADE_DTE0,50.77,1,178.08,MEDIUM,0,0,0,1,0,0,NO_TRADE,,past_entry_window_13:00:00,
13:54:32,23271.35,23592.85,23457.05,VERY_WIDE,23592.85,23251.75,0.057,STRONG_DOWNTREND,NEUTRAL,BEARISH,PREMIUM_SELL_BULL,AFTERNOON_DAY_LOW_FADE_DTE0,50.77,1,178.0,MEDIUM,0,0,0,1,0,0,NO_TRADE,,past_entry_window_13:00:00,
13:54:47,23270.4,23592.85,23457.05,VERY_WIDE,23592.85,23251.75,0.055,STRONG_DOWNTREND,NEUTRAL,BEARISH,PREMIUM_SELL_BULL,AFTERNOON_DAY_LOW_FADE_DTE0,50.77,1,177.92,MEDIUM,0,0,0,1,0,0,NO_TRADE,,past_entry_window_13:00:00,
13:55:02,23269.4,23592.85,23457.05,VERY_WIDE,23592.85,23251.75,0.052,STRONG_DOWNTREND,NEUTRAL,BEARISH,PREMIUM_SELL_BULL,AFTERNOON_DAY_LOW_FADE_DTE0,51.68,1,177.84,MEDIUM,0,0,0,1,0,0,NO_TRADE,,past_entry_window_13:00:00,
13:55:17,23268.7,23592.85,23457.05,VERY_WIDE,23592.85,23251.75,0.050,STRONG_DOWNTREND,NEUTRAL,BEARISH,PREMIUM_SELL_BULL,AFTERNOON_DAY_LOW_FADE_DTE0,51.68,1,177.76,MEDIUM,0,0,0,1,0,0,NO_TRADE,,past_entry_window_13:00:00,
13:55:32,23268.5,23592.85,23457.05,VERY_WIDE,23592.85,23251.75,0.049,STRONG_DOWNTREND,NEUTRAL,BEARISH,PREMIUM_SELL_BULL,AFTERNOON_DAY_LOW_FADE_DTE0,51.68,1,177.68,MEDIUM,0,0,0,1,0,0,NO_TRADE,,past_entry_window_13:00:00,
13:55:47,23269.3,23592.85,23457.05,VERY_WIDE,23592.85,23251.75,0.051,STRONG_DOWNTREND,NEUTRAL,BEARISH,PREMIUM_SELL_BULL,AFTERNOON_DAY_LOW_FADE_DTE0,51.68,1,177.6,MEDIUM,0,0,0,1,0,0,NO_TRADE,,past_entry_window_13:00:00,
13:56:02,23269.0,23592.85,23457.05,VERY_WIDE,23592.85,23251.75,0.051,STRONG_DOWNTREND,NEUTRAL,BEARISH,PREMIUM_SELL_BULL,AFTERNOON_DAY_LOW_FADE_DTE0,51.75,1,177.52,MEDIUM,0,0,0,1,0,0,NO_TRADE,,past_entry_window_13:00:00,
13:56:17,23264.3,23592.85,23457.05,VERY_WIDE,23592.85,23251.75,0.037,STRONG_DOWNTREND,NEUTRAL,BEARISH,PREMIUM_SELL_BULL,AFTERNOON_DAY_LOW_FADE_DTE0,51.75,1,177.45,MEDIUM,0,0,0,1,0,0,NO_TRADE,,past_entry_window_13:00:00,
13:56:32,23265.1,23592.85,23457.05,VERY_WIDE,23592.85,23251.75,0.039,STRONG_DOWNTREND,NEUTRAL,BEARISH,PREMIUM_SELL_BULL,AFTERNOON_DAY_LOW_FADE_DTE0,51.75,1,177.37,MEDIUM,0,0,0,1,0,0,NO_TRADE,,past_entry_window_13:00:00,
13:56:47,23269.65,23592.85,23457.05,VERY_WIDE,23592.85,23251.75,0.052,STRONG_DOWNTREND,NEUTRAL,BEARISH,PREMIUM_SELL_BULL,AFTERNOON_DAY_LOW_FADE_DTE0,51.75,1,177.29,MEDIUM,0,0,0,1,0,0,NO_TRADE,,past_entry_window_13:00:00,
13:57:02,23265.5,23592.85,23457.05,VERY_WIDE,23592.85,23251.75,0.040,STRONG_DOWNTREND,NEUTRAL,BEARISH,PREMIUM_SELL_BULL,AFTERNOON_DAY_LOW_FADE_DTE0,51.75,1,177.21,MEDIUM,0,0,0,1,0,0,NO_TRADE,,past_entry_window_13:00:00,
13:57:17,23271.7,23592.85,23457.05,VERY_WIDE,23592.85,23251.75,0.058,STRONG_DOWNTREND,NEUTRAL,BEARISH,PREMIUM_SELL_BULL,AFTERNOON_DAY_LOW_FADE_DTE0,51.75,1,177.13,MEDIUM,0,0,0,1,0,0,NO_TRADE,,past_entry_window_13:00:00,
13:57:32,23269.0,23592.85,23457.05,VERY_WIDE,23592.85,23251.75,0.051,STRONG_DOWNTREND,NEUTRAL,BEARISH,PREMIUM_SELL_BULL,AFTERNOON_DAY_LOW_FADE_DTE0,51.75,1,177.05,MEDIUM,0,0,0,1,0,0,NO_TRADE,,past_entry_window_13:00:00,
13:57:47,23269.75,23592.85,23457.05,VERY_WIDE,23592.85,23251.75,0.053,STRONG_DOWNTREND,NEUTRAL,BEARISH,PREMIUM_SELL_BULL,AFTERNOON_DAY_LOW_FADE_DTE0,51.75,1,176.97,MEDIUM,0,0,0,1,0,0,NO_TRADE,,past_entry_window_13:00:00,
13:58:02,23269.0,23592.85,23457.05,VERY_WIDE,23592.85,23251.75,0.051,STRONG_DOWNTREND,NEUTRAL,BEARISH,PREMIUM_SELL_BULL,AFTERNOON_DAY_LOW_FADE_DTE0,51.75,1,176.9,MEDIUM,0,0,0,1,0,0,NO_TRADE,,past_entry_window_13:00:00,
13:58:17,23271.35,23592.85,23457.05,VERY_WIDE,23592.85,23251.75,0.057,STRONG_DOWNTREND,NEUTRAL,BEARISH,PREMIUM_SELL_BULL,AFTERNOON_DAY_LOW_FADE_DTE0,51.75,1,176.82,MEDIUM,0,0,0,1,0,0,NO_TRADE,,past_entry_window_13:00:00,
13:58:32,23274.9,23592.85,23457.05,VERY_WIDE,23592.85,23251.75,0.068,STRONG_DOWNTREND,NEUTRAL,BEARISH,PREMIUM_SELL_BULL,AFTERNOON_DAY_LOW_FADE_DTE0,51.75,1,176.74,MEDIUM,0,0,0,1,0,0,NO_TRADE,,past_entry_window_13:00:00,
13:58:47,23271.15,23592.85,23457.05,VERY_WIDE,23592.85,23251.75,0.057,STRONG_DOWNTREND,NEUTRAL,BEARISH,PREMIUM_SELL_BULL,AFTERNOON_DAY_LOW_FADE_DTE0,51.75,1,176.66,MEDIUM,0,0,0,1,0,0,NO_TRADE,,past_entry_window_13:00:00,
13:59:02,23271.9,23592.85,23457.05,VERY_WIDE,23592.85,23251.75,0.059,STRONG_DOWNTREND,NEUTRAL,BEARISH,PREMIUM_SELL_BULL,AFTERNOON_DAY_LOW_FADE_DTE0,51.75,1,176.58,MEDIUM,0,0,0,1,0,0,NO_TRADE,,past_entry_window_13:00:00,
13:59:17,23272.05,23592.85,23457.05,VERY_WIDE,23592.85,23251.75,0.060,STRONG_DOWNTREND,NEUTRAL,BEARISH,PREMIUM_SELL_BULL,AFTERNOON_DAY_LOW_FADE_DTE0,51.75,1,176.51,MEDIUM,0,0,0,1,0,0,NO_TRADE,,past_entry_window_13:00:00,
13:59:32,23270.5,23592.85,23457.05,VERY_WIDE,23592.85,23251.75,0.055,STRONG_DOWNTREND,NEUTRAL,BEARISH,PREMIUM_SELL_BULL,AFTERNOON_DAY_LOW_FADE_DTE0,51.75,1,176.43,MEDIUM,0,0,0,1,0,0,NO_TRADE,,past_entry_window_13:00:00,
13:59:47,23273.85,23592.85,23457.05,VERY_WIDE,23592.85,23251.75,0.065,STRONG_DOWNTREND,NEUTRAL,BEARISH,PREMIUM_SELL_BULL,AFTERNOON_DAY_LOW_FADE_DTE0,51.75,1,176.35,MEDIUM,0,0,0,1,0,0,NO_TRADE,,past_entry_window_13:00:00,
14:00:02,23272.7,23592.85,23457.05,VERY_WIDE,23592.85,23251.75,0.061,STRONG_DOWNTREND,NEUTRAL,BEARISH,PREMIUM_SELL_BULL,AFTERNOON_DAY_LOW_FADE_DTE0,52.04,1,176.27,MEDIUM,0,0,0,0,0,0,NO_TRADE,,past_entry_window_13:00:00,
14:00:17,23271.1,23592.85,23457.05,VERY_WIDE,23592.85,23251.75,0.057,STRONG_DOWNTREND,NEUTRAL,BEARISH,PREMIUM_SELL_BULL,AFTERNOON_DAY_LOW_FADE_DTE0,52.04,1,176.2,MEDIUM,0,0,0,0,0,0,NO_TRADE,,past_entry_window_13:00:00,
14:00:32,23271.25,23592.85,23457.05,VERY_WIDE,23592.85,23251.75,0.057,STRONG_DOWNTREND,NEUTRAL,BEARISH,PREMIUM_SELL_BEAR,STRONG_DOWNTREND_ADX_52_BEARISH,52.04,1,176.12,MEDIUM,0,0,0,0,0,0,NO_TRADE,,past_entry_window_13:00:00,
14:00:47,23275.3,23592.85,23457.05,VERY_WIDE,23592.85,23251.75,0.069,STRONG_DOWNTREND,NEUTRAL,BEARISH,PREMIUM_SELL_BEAR,STRONG_DOWNTREND_ADX_52_BEARISH,52.04,1,176.04,MEDIUM,0,0,0,0,0,0,NO_TRADE,,past_entry_window_13:00:00,
14:01:02,23275.5,23592.85,23457.05,VERY_WIDE,23592.85,23251.75,0.070,STRONG_DOWNTREND,NEUTRAL,BEARISH,PREMIUM_SELL_BEAR,STRONG_DOWNTREND_ADX_52_BEARISH,51.96,1,175.96,MEDIUM,0,0,0,0,0,0,NO_TRADE,,past_entry_window_13:00:00,
14:01:17,23274.8,23592.85,23457.05,VERY_WIDE,23592.85,23251.75,0.068,STRONG_DOWNTREND,NEUTRAL,BEARISH,PREMIUM_SELL_BEAR,STRONG_DOWNTREND_ADX_52_BEARISH,51.96,1,175.89,MEDIUM,0,0,0,0,0,0,NO_TRADE,,past_entry_window_13:00:00,
14:01:32,23271.8,23592.85,23457.05,VERY_WIDE,23592.85,23251.75,0.059,STRONG_DOWNTREND,NEUTRAL,BEARISH,PREMIUM_SELL_BEAR,STRONG_DOWNTREND_ADX_52_BEARISH,51.96,1,175.81,MEDIUM,0,0,0,0,0,0,NO_TRADE,,past_entry_window_13:00:00,
14:01:47,23270.4,23592.85,23457.05,VERY_WIDE,23592.85,23251.75,0.055,STRONG_DOWNTREND,NEUTRAL,BEARISH,PREMIUM_SELL_BEAR,STRONG_DOWNTREND_ADX_52_BEARISH,51.96,1,175.73,MEDIUM,0,0,0,0,0,0,NO_TRADE,,past_entry_window_13:00:00,
14:02:02,23270.55,23592.85,23457.05,VERY_WIDE,23592.85,23251.75,0.055,STRONG_DOWNTREND,NEUTRAL,BEARISH,PREMIUM_SELL_BEAR,STRONG_DOWNTREND_ADX_52_BEARISH,51.96,1,175.66,MEDIUM,0,0,0,0,0,0,NO_TRADE,,past_entry_window_13:00:00,
14:02:18,23273.1,23592.85,23457.05,VERY_WIDE,23592.85,23251.75,0.063,STRONG_DOWNTREND,NEUTRAL,BEARISH,PREMIUM_SELL_BEAR,STRONG_DOWNTREND_ADX_52_BEARISH,51.96,1,175.58,MEDIUM,0,0,0,0,0,0,NO_TRADE,,past_entry_window_13:00:00,
14:02:33,23272.35,23592.85,23457.05,VERY_WIDE,23592.85,23251.75,0.060,STRONG_DOWNTREND,NEUTRAL,BEARISH,PREMIUM_SELL_BEAR,STRONG_DOWNTREND_ADX_52_BEARISH,51.96,1,175.5,MEDIUM,0,0,0,0,0,0,NO_TRADE,,past_entry_window_13:00:00,
14:02:48,23273.25,23592.85,23457.05,VERY_WIDE,23592.85,23251.75,0.063,STRONG_DOWNTREND,NEUTRAL,BEARISH,PREMIUM_SELL_BEAR,STRONG_DOWNTREND_ADX_52_BEARISH,51.96,1,175.43,MEDIUM,0,0,0,0,0,0,NO_TRADE,,past_entry_window_13:00:00,
14:03:03,23273.1,23592.85,23457.05,VERY_WIDE,23592.85,23251.75,0.063,STRONG_DOWNTREND,NEUTRAL,BEARISH,PREMIUM_SELL_BEAR,STRONG_DOWNTREND_ADX_52_BEARISH,51.96,1,175.35,MEDIUM,0,0,0,0,0,0,NO_TRADE,,past_entry_window_13:00:00,
14:03:18,23273.5,23592.85,23457.05,VERY_WIDE,23592.85,23251.75,0.064,STRONG_DOWNTREND,NEUTRAL,BEARISH,PREMIUM_SELL_BEAR,STRONG_DOWNTREND_ADX_52_BEARISH,51.96,1,175.27,MEDIUM,0,0,0,0,0,0,NO_TRADE,,past_entry_window_13:00:00,
14:03:33,23270.9,23592.85,23457.05,VERY_WIDE,23592.85,23251.75,0.056,STRONG_DOWNTREND,NEUTRAL,BEARISH,PREMIUM_SELL_BEAR,STRONG_DOWNTREND_ADX_52_BEARISH,51.96,1,175.2,MEDIUM,0,0,0,0,0,0,NO_TRADE,,past_entry_window_13:00:00,
14:03:48,23273.4,23592.85,23457.05,VERY_WIDE,23592.85,23251.75,0.063,STRONG_DOWNTREND,NEUTRAL,BEARISH,PREMIUM_SELL_BEAR,STRONG_DOWNTREND_ADX_52_BEARISH,51.96,1,175.12,MEDIUM,0,0,0,0,0,0,NO_TRADE,,past_entry_window_13:00:00,
14:04:03,23274.0,23592.85,23457.05,VERY_WIDE,23592.85,23251.75,0.065,STRONG_DOWNTREND,NEUTRAL,BEARISH,PREMIUM_SELL_BEAR,STRONG_DOWNTREND_ADX_52_BEARISH,51.96,1,175.05,MEDIUM,0,0,0,0,0,0,NO_TRADE,,past_entry_window_13:00:00,
14:04:18,23274.0,23592.85,23457.05,VERY_WIDE,23592.85,23251.75,0.065,STRONG_DOWNTREND,NEUTRAL,BEARISH,PREMIUM_SELL_BEAR,STRONG_DOWNTREND_ADX_52_BEARISH,51.96,1,174.97,MEDIUM,0,0,0,0,0,0,NO_TRADE,,past_entry_window_13:00:00,
14:04:33,23272.15,23592.85,23457.05,VERY_WIDE,23592.85,23251.75,0.060,STRONG_DOWNTREND,NEUTRAL,BEARISH,PREMIUM_SELL_BEAR,STRONG_DOWNTREND_ADX_52_BEARISH,51.96,1,174.89,MEDIUM,0,0,0,0,0,0,NO_TRADE,,past_entry_window_13:00:00,
14:04:48,23272.2,23592.85,23457.05,VERY_WIDE,23592.85,23251.75,0.060,STRONG_DOWNTREND,NEUTRAL,BEARISH,PREMIUM_SELL_BEAR,STRONG_DOWNTREND_ADX_52_BEARISH,51.96,1,174.82,MEDIUM,0,0,0,0,0,0,NO_TRADE,,past_entry_window_13:00:00,
14:05:04,23270.85,23592.85,23457.05,VERY_WIDE,23592.85,23251.75,0.056,STRONG_DOWNTREND,NEUTRAL,BEARISH,PREMIUM_SELL_BEAR,STRONG_DOWNTREND_ADX_52_BEARISH,52.44,1,174.74,MEDIUM,0,0,0,0,0,0,NO_TRADE,,past_entry_window_13:00:00,
14:05:19,23268.6,23592.85,23457.05,VERY_WIDE,23592.85,23251.75,0.049,STRONG_DOWNTREND,NEUTRAL,BEARISH,PREMIUM_SELL_BEAR,STRONG_DOWNTREND_ADX_52_BEARISH,52.44,1,174.66,MEDIUM,0,0,0,0,0,0,NO_TRADE,,past_entry_window_13:00:00,
14:05:35,23265.2,23592.85,23457.05,VERY_WIDE,23592.85,23251.75,0.039,STRONG_DOWNTREND,NEUTRAL,BEARISH,PREMIUM_SELL_BEAR,STRONG_DOWNTREND_ADX_52_BEARISH,52.44,1,174.58,MEDIUM,0,0,0,0,0,0,NO_TRADE,,past_entry_window_13:00:00,
14:05:50,23266.4,23592.85,23457.05,VERY_WIDE,23592.85,23251.75,0.043,STRONG_DOWNTREND,NEUTRAL,BEARISH,PREMIUM_SELL_BEAR,STRONG_DOWNTREND_ADX_52_BEARISH,52.44,1,174.51,MEDIUM,0,0,0,0,0,0,NO_TRADE,,past_entry_window_13:00:00,
14:06:05,23267.8,23592.85,23457.05,VERY_WIDE,23592.85,23251.75,0.047,STRONG_DOWNTREND,NEUTRAL,BEARISH,PREMIUM_SELL_BEAR,STRONG_DOWNTREND_ADX_52_BEARISH,52.44,1,174.43,MEDIUM,0,0,0,0,0,0,NO_TRADE,,past_entry_window_13:00:00,
14:06:20,23273.25,23592.85,23457.05,VERY_WIDE,23592.85,23251.75,0.063,STRONG_DOWNTREND,NEUTRAL,BEARISH,PREMIUM_SELL_BEAR,STRONG_DOWNTREND_ADX_52_BEARISH,52.44,1,174.36,MEDIUM,0,0,0,0,0,0,NO_TRADE,,past_entry_window_13:00:00,
14:06:35,23272.7,23592.85,23457.05,VERY_WIDE,23592.85,23251.75,0.061,STRONG_DOWNTREND,NEUTRAL,BEARISH,PREMIUM_SELL_BEAR,STRONG_DOWNTREND_ADX_52_BEARISH,52.44,1,174.28,MEDIUM,0,0,0,0,0,0,NO_TRADE,,past_entry_window_13:00:00,
14:06:50,23272.85,23592.85,23457.05,VERY_WIDE,23592.85,23251.75,0.062,STRONG_DOWNTREND,NEUTRAL,BEARISH,PREMIUM_SELL_BEAR,STRONG_DOWNTREND_ADX_52_BEARISH,52.44,1,174.21,MEDIUM,0,0,0,0,0,0,NO_TRADE,,past_entry_window_13:00:00,
14:07:05,23271.4,23592.85,23457.05,VERY_WIDE,23592.85,23251.75,0.058,STRONG_DOWNTREND,NEUTRAL,BEARISH,PREMIUM_SELL_BEAR,STRONG_DOWNTREND_ADX_52_BEARISH,52.44,1,174.13,MEDIUM,0,0,0,0,0,0,NO_TRADE,,past_entry_window_13:00:00,
14:07:20,23272.9,23592.85,23457.05,VERY_WIDE,23592.85,23251.75,0.062,STRONG_DOWNTREND,NEUTRAL,BEARISH,PREMIUM_SELL_BEAR,STRONG_DOWNTREND_ADX_52_BEARISH,52.44,1,174.06,MEDIUM,0,0,0,0,0,0,NO_TRADE,,past_entry_window_13:00:00,
14:07:35,23271.85,23592.85,23457.05,VERY_WIDE,23592.85,23251.75,0.059,STRONG_DOWNTREND,NEUTRAL,BEARISH,PREMIUM_SELL_BEAR,STRONG_DOWNTREND_ADX_52_BEARISH,52.44,1,173.98,MEDIUM,0,0,0,0,0,0,NO_TRADE,,past_entry_window_13:00:00,
14:07:50,23270.0,23592.85,23457.05,VERY_WIDE,23592.85,23251.75,0.054,STRONG_DOWNTREND,NEUTRAL,BEARISH,PREMIUM_SELL_BEAR,STRONG_DOWNTREND_ADX_52_BEARISH,52.44,1,173.91,MEDIUM,0,0,0,0,0,0,NO_TRADE,,past_entry_window_13:00:00,
14:08:05,23266.6,23592.85,23457.05,VERY_WIDE,23592.85,23251.75,0.044,STRONG_DOWNTREND,NEUTRAL,BEARISH,PREMIUM_SELL_BEAR,STRONG_DOWNTREND_ADX_53_BEARISH,52.65,1,173.84,MEDIUM,0,0,0,0,0,0,NO_TRADE,,past_entry_window_13:00:00,
14:08:20,23263.8,23592.85,23457.05,VERY_WIDE,23592.85,23251.75,0.035,STRONG_DOWNTREND,NEUTRAL,BEARISH,PREMIUM_SELL_BEAR,STRONG_DOWNTREND_ADX_53_BEARISH,52.65,1,173.76,MEDIUM,0,0,0,0,0,0,NO_TRADE,,past_entry_window_13:00:00,
14:08:35,23262.25,23592.85,23457.05,VERY_WIDE,23592.85,23251.75,0.031,STRONG_DOWNTREND,NEUTRAL,BEARISH,PREMIUM_SELL_BEAR,STRONG_DOWNTREND_ADX_53_BEARISH,52.65,1,173.69,MEDIUM,0,0,0,0,0,0,NO_TRADE,,past_entry_window_13:00:00,
14:08:50,23264.05,23592.85,23457.05,VERY_WIDE,23592.85,23251.75,0.036,STRONG_DOWNTREND,NEUTRAL,BEARISH,PREMIUM_SELL_BEAR,STRONG_DOWNTREND_ADX_53_BEARISH,52.65,1,173.61,MEDIUM,0,0,0,0,0,0,NO_TRADE,,past_entry_window_13:00:00,
14:09:05,23263.9,23592.85,23457.05,VERY_WIDE,23592.85,23251.75,0.036,STRONG_DOWNTREND,NEUTRAL,BEARISH,PREMIUM_SELL_BEAR,STRONG_DOWNTREND_ADX_53_BEARISH,52.86,1,173.54,MEDIUM,0,0,0,0,0,0,NO_TRADE,,past_entry_window_13:00:00,
14:09:20,23261.85,23592.85,23457.05,VERY_WIDE,23592.85,23251.75,0.030,STRONG_DOWNTREND,NEUTRAL,BEARISH,PREMIUM_SELL_BEAR,STRONG_DOWNTREND_ADX_53_BEARISH,52.86,1,173.47,MEDIUM,0,0,0,0,0,0,NO_TRADE,,past_entry_window_13:00:00,
14:09:35,23259.75,23592.85,23457.05,VERY_WIDE,23592.85,23251.75,0.023,STRONG_DOWNTREND,NEUTRAL,BEARISH,PREMIUM_SELL_BEAR,STRONG_DOWNTREND_ADX_53_BEARISH,52.86,1,173.39,MEDIUM,0,0,0,0,0,0,NO_TRADE,,past_entry_window_13:00:00,
14:09:50,23260.15,23592.85,23457.05,VERY_WIDE,23592.85,23251.75,0.025,STRONG_DOWNTREND,NEUTRAL,BEARISH,PREMIUM_SELL_BEAR,STRONG_DOWNTREND_ADX_53_BEARISH,52.86,1,173.32,MEDIUM,0,0,0,0,0,0,NO_TRADE,,past_entry_window_13:00:00,
14:10:05,23257.4,23592.85,23457.05,VERY_WIDE,23592.85,23245.7,0.034,STRONG_DOWNTREND,NEUTRAL,BEARISH,PREMIUM_SELL_BEAR,STRONG_DOWNTREND_ADX_54_BEARISH,54.37,1,176.32,MEDIUM,0,0,0,0,0,0,NO_TRADE,,past_entry_window_13:00:00,
14:10:20,23258.7,23592.85,23457.05,VERY_WIDE,23592.85,23245.7,0.037,STRONG_DOWNTREND,NEUTRAL,BEARISH,PREMIUM_SELL_BEAR,STRONG_DOWNTREND_ADX_54_BEARISH,54.37,1,176.24,MEDIUM,0,0,0,0,0,0,NO_TRADE,,past_entry_window_13:00:00,
14:10:35,23255.25,23592.85,23457.05,VERY_WIDE,23592.85,23245.7,0.028,STRONG_DOWNTREND,NEUTRAL,BEARISH,PREMIUM_SELL_BEAR,STRONG_DOWNTREND_ADX_54_BEARISH,54.37,1,176.17,MEDIUM,0,0,0,0,0,0,NO_TRADE,,past_entry_window_13:00:00,
14:10:50,23256.45,23592.85,23457.05,VERY_WIDE,23592.85,23245.7,0.031,STRONG_DOWNTREND,NEUTRAL,BEARISH,PREMIUM_SELL_BEAR,STRONG_DOWNTREND_ADX_54_BEARISH,54.37,1,176.09,MEDIUM,0,0,0,0,0,0,NO_TRADE,,past_entry_window_13:00:00,
14:11:05,23248.0,23592.85,23457.05,VERY_WIDE,23592.85,23238.3,0.027,STRONG_DOWNTREND,NEUTRAL,BEARISH,PREMIUM_SELL_BEAR,STRONG_DOWNTREND_ADX_55_BEARISH,54.67,1,179.77,MEDIUM,0,0,0,0,0,0,NO_TRADE,,past_entry_window_13:00:00,
14:11:20,23242.7,23592.85,23457.05,VERY_WIDE,23592.85,23238.3,0.012,STRONG_DOWNTREND,NEUTRAL,BEARISH,PREMIUM_SELL_BEAR,STRONG_DOWNTREND_ADX_55_BEARISH,54.67,1,179.7,MEDIUM,0,0,0,0,0,0,NO_TRADE,,past_entry_window_13:00:00,
14:11:35,23243.75,23592.85,23457.05,VERY_WIDE,23592.85,23238.3,0.015,STRONG_DOWNTREND,NEUTRAL,BEARISH,PREMIUM_SELL_BEAR,STRONG_DOWNTREND_ADX_55_BEARISH,54.67,1,179.62,MEDIUM,0,0,0,0,0,0,NO_TRADE,,past_entry_window_13:00:00,
14:11:50,23242.9,23592.85,23457.05,VERY_WIDE,23592.85,23238.3,0.013,STRONG_DOWNTREND,NEUTRAL,BEARISH,PREMIUM_SELL_BEAR,STRONG_DOWNTREND_ADX_55_BEARISH,54.67,1,179.54,MEDIUM,0,0,0,0,0,0,NO_TRADE,,past_entry_window_13:00:00,
14:12:06,23237.4,23592.85,23457.05,VERY_WIDE,23592.85,23230.15,0.020,STRONG_DOWNTREND,NEUTRAL,BEARISH,PREMIUM_SELL_BEAR,STRONG_DOWNTREND_ADX_55_BEARISH,54.94,1,183.59,MEDIUM,0,0,0,0,0,0,NO_TRADE,,past_entry_window_13:00:00,
14:12:21,23232.25,23592.85,23457.05,VERY_WIDE,23592.85,23230.15,0.006,STRONG_DOWNTREND,NEUTRAL,BEARISH,PREMIUM_SELL_BEAR,STRONG_DOWNTREND_ADX_55_BEARISH,54.94,1,183.52,MEDIUM,0,0,0,0,0,0,NO_TRADE,,past_entry_window_13:00:00,
14:12:36,23236.1,23592.85,23457.05,VERY_WIDE,23592.85,23230.15,0.016,STRONG_DOWNTREND,NEUTRAL,BEARISH,PREMIUM_SELL_BEAR,STRONG_DOWNTREND_ADX_55_BEARISH,54.94,1,183.44,MEDIUM,0,0,0,0,0,0,NO_TRADE,,past_entry_window_13:00:00,
14:12:51,23236.05,23592.85,23457.05,VERY_WIDE,23592.85,23230.15,0.016,STRONG_DOWNTREND,NEUTRAL,BEARISH,PREMIUM_SELL_BEAR,STRONG_DOWNTREND_ADX_55_BEARISH,54.94,1,183.36,MEDIUM,0,0,0,0,0,0,NO_TRADE,,past_entry_window_13:00:00,
14:13:06,23234.95,23592.85,23457.05,VERY_WIDE,23592.85,23230.15,0.013,STRONG_DOWNTREND,NEUTRAL,BEARISH,PREMIUM_SELL_BEAR,STRONG_DOWNTREND_ADX_55_BEARISH,54.94,1,183.28,MEDIUM,0,0,0,0,0,0,NO_TRADE,,past_entry_window_13:00:00,
14:13:21,23236.2,23592.85,23457.05,VERY_WIDE,23592.85,23230.15,0.017,STRONG_DOWNTREND,NEUTRAL,BEARISH,PREMIUM_SELL_BEAR,STRONG_DOWNTREND_ADX_55_BEARISH,54.94,1,183.21,MEDIUM,0,0,0,0,0,0,NO_TRADE,,past_entry_window_13:00:00,
14:13:36,23236.75,23592.85,23457.05,VERY_WIDE,23592.85,23230.15,0.018,STRONG_DOWNTREND,NEUTRAL,BEARISH,PREMIUM_SELL_BEAR,STRONG_DOWNTREND_ADX_55_BEARISH,54.94,1,183.13,MEDIUM,0,0,0,0,0,0,NO_TRADE,,past_entry_window_13:00:00,
14:13:51,23237.55,23592.85,23457.05,VERY_WIDE,23592.85,23230.15,0.020,STRONG_DOWNTREND,NEUTRAL,BEARISH,PREMIUM_SELL_BEAR,STRONG_DOWNTREND_ADX_55_BEARISH,54.94,1,183.05,MEDIUM,0,0,0,0,0,0,NO_TRADE,,past_entry_window_13:00:00,
14:14:06,23236.7,23592.85,23457.05,VERY_WIDE,23592.85,23229.2,0.021,STRONG_DOWNTREND,NEUTRAL,BEARISH,PREMIUM_SELL_BEAR,STRONG_DOWNTREND_ADX_55_BEARISH,54.97,1,183.46,MEDIUM,0,0,0,0,0,0,NO_TRADE,,past_entry_window_13:00:00,
14:14:21,23234.4,23592.85,23457.05,VERY_WIDE,23592.85,23229.2,0.014,STRONG_DOWNTREND,NEUTRAL,BEARISH,PREMIUM_SELL_BEAR,STRONG_DOWNTREND_ADX_55_BEARISH,54.97,1,183.38,MEDIUM,0,0,0,0,0,0,NO_TRADE,,past_entry_window_13:00:00,
14:14:36,23230.7,23592.85,23457.05,VERY_WIDE,23592.85,23229.2,0.004,STRONG_DOWNTREND,NEUTRAL,BEARISH,PREMIUM_SELL_BEAR,STRONG_DOWNTREND_ADX_55_BEARISH,54.97,1,183.3,MEDIUM,0,0,0,0,0,0,NO_TRADE,,past_entry_window_13:00:00,
14:14:51,23230.7,23592.85,23457.05,VERY_WIDE,23592.85,23229.2,0.004,STRONG_DOWNTREND,NEUTRAL,BEARISH,PREMIUM_SELL_BEAR,STRONG_DOWNTREND_ADX_55_BEARISH,54.97,1,183.23,MEDIUM,0,0,0,0,0,0,NO_TRADE,,past_entry_window_13:00:00,
14:15:06,23225.05,23592.85,23457.05,VERY_WIDE,23592.85,23207.95,0.044,STRONG_DOWNTREND,NEUTRAL,BEARISH,PREMIUM_SELL_BEAR,STRONG_DOWNTREND_ADX_57_BEARISH,57.42,1,193.85,MEDIUM,0,0,0,0,0,0,NO_TRADE,,past_entry_window_13:00:00,
14:15:21,23219.4,23592.85,23457.05,VERY_WIDE,23592.85,23207.95,0.030,STRONG_DOWNTREND,NEUTRAL,BEARISH,PREMIUM_SELL_BEAR,STRONG_DOWNTREND_ADX_57_BEARISH,57.42,1,193.77,MEDIUM,0,0,0,0,0,0,NO_TRADE,,past_entry_window_13:00:00,
14:15:36,23212.9,23592.85,23457.05,VERY_WIDE,23592.85,23207.95,0.013,STRONG_DOWNTREND,NEUTRAL,BEARISH,PREMIUM_SELL_BEAR,STRONG_DOWNTREND_ADX_57_BEARISH,57.42,1,193.69,MEDIUM,0,0,0,0,0,0,NO_TRADE,,past_entry_window_13:00:00,
14:15:51,23208.05,23592.85,23457.05,VERY_WIDE,23592.85,23207.95,0.000,STRONG_DOWNTREND,NEUTRAL,BEARISH,PREMIUM_SELL_BEAR,STRONG_DOWNTREND_ADX_57_BEARISH,57.42,1,193.61,MEDIUM,0,0,0,0,0,0,NO_TRADE,,past_entry_window_13:00:00,
14:16:06,23207.25,23592.85,23457.05,VERY_WIDE,23592.85,23206.6,0.002,STRONG_DOWNTREND,NEUTRAL,BEARISH,PREMIUM_SELL_BEAR,STRONG_DOWNTREND_ADX_57_BEARISH,57.45,1,194.21,MEDIUM,0,0,0,0,0,0,NO_TRADE,,past_entry_window_13:00:00,
14:16:22,23213.9,23592.85,23457.05,VERY_WIDE,23592.85,23206.6,0.019,STRONG_DOWNTREND,NEUTRAL,BEARISH,PREMIUM_SELL_BEAR,STRONG_DOWNTREND_ADX_57_BEARISH,57.45,1,194.12,MEDIUM,0,0,0,0,0,0,NO_TRADE,,past_entry_window_13:00:00,
14:16:37,23211.85,23592.85,23457.05,VERY_WIDE,23592.85,23206.6,0.014,STRONG_DOWNTREND,NEUTRAL,BEARISH,PREMIUM_SELL_BEAR,STRONG_DOWNTREND_ADX_57_BEARISH,57.45,1,194.04,MEDIUM,0,0,0,0,0,0,NO_TRADE,,past_entry_window_13:00:00,
14:16:52,23211.6,23592.85,23457.05,VERY_WIDE,23592.85,23206.6,0.013,STRONG_DOWNTREND,NEUTRAL,BEARISH,PREMIUM_SELL_BEAR,STRONG_DOWNTREND_ADX_57_BEARISH,57.45,1,193.96,MEDIUM,0,0,0,0,0,0,NO_TRADE,,past_entry_window_13:00:00,
14:17:07,23209.55,23592.85,23457.05,VERY_WIDE,23592.85,23205.15,0.011,STRONG_DOWNTREND,NEUTRAL,BEARISH,PREMIUM_SELL_BEAR,STRONG_DOWNTREND_ADX_57_BEARISH,57.48,1,194.61,MEDIUM,0,0,0,0,0,0,NO_TRADE,,past_entry_window_13:00:00,
14:17:22,23205.6,23592.85,23457.05,VERY_WIDE,23592.85,23205.15,0.001,STRONG_DOWNTREND,NEUTRAL,BEARISH,PREMIUM_SELL_BEAR,STRONG_DOWNTREND_ADX_57_BEARISH,57.48,1,194.53,MEDIUM,0,0,0,0,0,0,NO_TRADE,,past_entry_window_13:00:00,
14:17:37,23207.15,23592.85,23457.05,VERY_WIDE,23592.85,23205.15,0.005,STRONG_DOWNTREND,NEUTRAL,BEARISH,PREMIUM_SELL_BEAR,STRONG_DOWNTREND_ADX_57_BEARISH,57.48,1,194.45,MEDIUM,0,0,0,0,0,0,NO_TRADE,,past_entry_window_13:00:00,
14:17:52,23210.9,23592.85,23457.05,VERY_WIDE,23592.85,23205.15,0.015,STRONG_DOWNTREND,NEUTRAL,BEARISH,PREMIUM_SELL_BEAR,STRONG_DOWNTREND_ADX_57_BEARISH,57.48,1,194.37,MEDIUM,0,0,0,0,0,0,NO_TRADE,,past_entry_window_13:00:00,
14:18:07,23210.55,23592.85,23457.05,VERY_WIDE,23592.85,23204.05,0.017,STRONG_DOWNTREND,NEUTRAL,BEARISH,PREMIUM_SELL_BEAR,STRONG_DOWNTREND_ADX_58_BEARISH,57.5,1,194.84,MEDIUM,0,0,0,0,0,0,NO_TRADE,,past_entry_window_13:00:00,
14:18:22,23211.35,23592.85,23457.05,VERY_WIDE,23592.85,23204.05,0.019,STRONG_DOWNTREND,NEUTRAL,BEARISH,PREMIUM_SELL_BEAR,STRONG_DOWNTREND_ADX_58_BEARISH,57.5,1,194.76,MEDIUM,0,0,0,0,0,0,NO_TRADE,,past_entry_window_13:00:00,
14:18:37,23208.55,23592.85,23457.05,VERY_WIDE,23592.85,23204.05,0.012,STRONG_DOWNTREND,NEUTRAL,BEARISH,PREMIUM_SELL_BEAR,STRONG_DOWNTREND_ADX_58_BEARISH,57.5,1,194.68,MEDIUM,0,0,0,0,0,0,NO_TRADE,,past_entry_window_13:00:00,
14:18:52,23206.45,23592.85,23457.05,VERY_WIDE,23592.85,23204.05,0.006,STRONG_DOWNTREND,NEUTRAL,BEARISH,PREMIUM_SELL_BEAR,STRONG_DOWNTREND_ADX_58_BEARISH,57.5,1,194.6,MEDIUM,0,0,0,0,0,0,NO_TRADE,,past_entry_window_13:00:00,
14:19:07,23204.2,23592.85,23457.05,VERY_WIDE,23592.85,23195.3,0.022,STRONG_DOWNTREND,NEUTRAL,BEARISH,PREMIUM_SELL_BEAR,STRONG_DOWNTREND_ADX_58_BEARISH,57.65,1,198.9,MEDIUM,0,0,0,0,0,0,NO_TRADE,,past_entry_window_13:00:00,
14:19:22,23201.7,23592.85,23457.05,VERY_WIDE,23592.85,23195.3,0.016,STRONG_DOWNTREND,NEUTRAL,BEARISH,PREMIUM_SELL_BEAR,STRONG_DOWNTREND_ADX_58_BEARISH,57.65,1,198.81,MEDIUM,0,0,0,0,0,0,NO_TRADE,,past_entry_window_13:00:00,
14:19:37,23198.05,23592.85,23457.05,VERY_WIDE,23592.85,23195.3,0.007,STRONG_DOWNTREND,NEUTRAL,BEARISH,PREMIUM_SELL_BEAR,STRONG_DOWNTREND_ADX_58_BEARISH,57.65,1,198.73,MEDIUM,0,0,0,0,0,0,NO_TRADE,,past_entry_window_13:00:00,
14:19:52,23197.6,23592.85,23457.05,VERY_WIDE,23592.85,23195.3,0.006,STRONG_DOWNTREND,NEUTRAL,BEARISH,PREMIUM_SELL_BEAR,STRONG_DOWNTREND_ADX_58_BEARISH,57.65,1,198.65,MEDIUM,0,0,0,0,0,0,NO_TRADE,,past_entry_window_13:00:00,
14:20:07,23200.5,23592.85,23457.05,VERY_WIDE,23592.85,23195.3,0.013,STRONG_DOWNTREND,NEUTRAL,BEARISH,PREMIUM_SELL_BEAR,STRONG_DOWNTREND_ADX_60_BEARISH,60.06,1,198.57,MEDIUM,0,0,0,0,0,0,NO_TRADE,,past_entry_window_13:00:00,
14:20:22,23206.6,23592.85,23457.05,VERY_WIDE,23592.85,23195.3,0.028,STRONG_DOWNTREND,NEUTRAL,BEARISH,PREMIUM_SELL_BEAR,STRONG_DOWNTREND_ADX_60_BEARISH,60.06,1,198.49,MEDIUM,0,0,0,0,0,0,NO_TRADE,,past_entry_window_13:00:00,
14:20:37,23207.7,23592.85,23457.05,VERY_WIDE,23592.85,23195.3,0.031,STRONG_DOWNTREND,NEUTRAL,BEARISH,PREMIUM_SELL_BEAR,STRONG_DOWNTREND_ADX_60_BEARISH,60.06,1,198.41,MEDIUM,0,0,0,0,0,0,NO_TRADE,,past_entry_window_13:00:00,
14:20:52,23204.6,23592.85,23457.05,VERY_WIDE,23592.85,23195.3,0.023,STRONG_DOWNTREND,NEUTRAL,BEARISH,PREMIUM_SELL_BEAR,STRONG_DOWNTREND_ADX_60_BEARISH,60.06,1,198.32,MEDIUM,0,0,0,0,0,0,NO_TRADE,,past_entry_window_13:00:00,
14:21:07,23205.45,23592.85,23457.05,VERY_WIDE,23592.85,23195.3,0.026,STRONG_DOWNTREND,NEUTRAL,BEARISH,PREMIUM_SELL_BEAR,STRONG_DOWNTREND_ADX_60_BEARISH,60.06,1,198.24,MEDIUM,0,0,0,0,0,0,NO_TRADE,,past_entry_window_13:00:00,
14:21:23,23208.9,23592.85,23457.05,VERY_WIDE,23592.85,23195.3,0.034,STRONG_DOWNTREND,NEUTRAL,BEARISH,PREMIUM_SELL_BEAR,STRONG_DOWNTREND_ADX_60_BEARISH,60.06,1,198.16,MEDIUM,0,0,0,0,0,0,NO_TRADE,,past_entry_window_13:00:00,
14:21:37,23211.3,23592.85,23457.05,VERY_WIDE,23592.85,23195.3,0.040,STRONG_DOWNTREND,NEUTRAL,BEARISH,PREMIUM_SELL_BEAR,STRONG_DOWNTREND_ADX_60_BEARISH,60.06,1,198.08,MEDIUM,0,0,0,0,0,0,NO_TRADE,,past_entry_window_13:00:00,
14:21:53,23213.4,23592.85,23457.05,VERY_WIDE,23592.85,23195.3,0.046,STRONG_DOWNTREND,NEUTRAL,BEARISH,PREMIUM_SELL_BEAR,STRONG_DOWNTREND_ADX_60_BEARISH,60.06,1,198.0,MEDIUM,0,0,0,0,0,0,NO_TRADE,,past_entry_window_13:00:00,
14:22:08,23210.25,23592.85,23457.05,VERY_WIDE,23592.85,23195.3,0.038,STRONG_DOWNTREND,NEUTRAL,BEARISH,PREMIUM_SELL_BEAR,STRONG_DOWNTREND_ADX_60_BEARISH,60.06,1,197.92,MEDIUM,0,0,0,0,0,0,NO_TRADE,,past_entry_window_13:00:00,
14:22:23,23211.0,23592.85,23457.05,VERY_WIDE,23592.85,23195.3,0.039,STRONG_DOWNTREND,NEUTRAL,BEARISH,PREMIUM_SELL_BEAR,STRONG_DOWNTREND_ADX_60_BEARISH,60.06,1,197.84,MEDIUM,0,0,0,0,0,0,NO_TRADE,,past_entry_window_13:00:00,
14:22:38,23216.5,23592.85,23457.05,VERY_WIDE,23592.85,23195.3,0.053,STRONG_DOWNTREND,NEUTRAL,BEARISH,PREMIUM_SELL_BEAR,STRONG_DOWNTREND_ADX_60_BEARISH,60.06,1,197.76,MEDIUM,0,0,0,0,0,0,NO_TRADE,,past_entry_window_13:00:00,
14:22:53,23215.4,23592.85,23457.05,VERY_WIDE,23592.85,23195.3,0.051,STRONG_DOWNTREND,NEUTRAL,BEARISH,PREMIUM_SELL_BEAR,STRONG_DOWNTREND_ADX_60_BEARISH,60.06,1,197.68,MEDIUM,0,0,0,0,0,0,NO_TRADE,,past_entry_window_13:00:00,
14:23:08,23216.95,23592.85,23457.05,VERY_WIDE,23592.85,23195.3,0.054,STRONG_DOWNTREND,NEUTRAL,BEARISH,PREMIUM_SELL_BEAR,STRONG_DOWNTREND_ADX_60_BEARISH,60.06,1,197.6,MEDIUM,0,0,0,0,0,0,NO_TRADE,,past_entry_window_13:00:00,
14:23:23,23214.45,23592.85,23457.05,VERY_WIDE,23592.85,23195.3,0.048,STRONG_DOWNTREND,NEUTRAL,BEARISH,PREMIUM_SELL_BEAR,STRONG_DOWNTREND_ADX_60_BEARISH,60.06,1,197.52,MEDIUM,0,0,0,0,0,0,NO_TRADE,,past_entry_window_13:00:00,
14:23:38,23215.9,23592.85,23457.05,VERY_WIDE,23592.85,23195.3,0.052,STRONG_DOWNTREND,NEUTRAL,BEARISH,PREMIUM_SELL_BEAR,STRONG_DOWNTREND_ADX_60_BEARISH,60.06,1,197.44,MEDIUM,0,0,0,0,0,0,NO_TRADE,,past_entry_window_13:00:00,
14:23:53,23214.05,23592.85,23457.05,VERY_WIDE,23592.85,23195.3,0.047,STRONG_DOWNTREND,NEUTRAL,BEARISH,PREMIUM_SELL_BEAR,STRONG_DOWNTREND_ADX_60_BEARISH,60.06,1,197.36,MEDIUM,0,0,0,0,0,0,NO_TRADE,,past_entry_window_13:00:00,
14:24:08,23211.5,23592.85,23457.05,VERY_WIDE,23592.85,23195.3,0.041,STRONG_DOWNTREND,NEUTRAL,BEARISH,PREMIUM_SELL_BEAR,STRONG_DOWNTREND_ADX_60_BEARISH,60.06,1,197.28,MEDIUM,0,0,0,0,0,0,NO_TRADE,,past_entry_window_13:00:00,
14:24:23,23212.8,23592.85,23457.05,VERY_WIDE,23592.85,23195.3,0.044,STRONG_DOWNTREND,NEUTRAL,BEARISH,PREMIUM_SELL_BEAR,STRONG_DOWNTREND_ADX_60_BEARISH,60.06,1,197.2,MEDIUM,0,0,0,0,0,0,NO_TRADE,,past_entry_window_13:00:00,
14:24:38,23208.05,23592.85,23457.05,VERY_WIDE,23592.85,23195.3,0.032,RANGE,NEUTRAL,UNCLEAR,NO_TRADE,NO_TRADE:STRADDLE_EXPLOSION,60.06,1,197.12,NONE,0,0,0,0,0,0,NO_TRADE,,NO_TRADE:STRADDLE_EXPLOSION,
14:24:53,23207.9,23592.85,23457.05,VERY_WIDE,23592.85,23195.3,0.032,RANGE,NEUTRAL,UNCLEAR,NO_TRADE,NO_TRADE:STRADDLE_EXPLOSION,60.06,1,197.04,NONE,0,0,0,0,0,0,NO_TRADE,,NO_TRADE:STRADDLE_EXPLOSION,
14:25:08,23207.35,23592.85,23457.05,VERY_WIDE,23592.85,23195.3,0.030,RANGE,NEUTRAL,UNCLEAR,NO_TRADE,NO_TRADE:STRADDLE_EXPLOSION,62.23,1,196.96,NONE,0,0,0,0,0,0,NO_TRADE,,NO_TRADE:STRADDLE_EXPLOSION,
14:25:23,23210.35,23592.85,23457.05,VERY_WIDE,23592.85,23195.3,0.038,STRONG_DOWNTREND,NEUTRAL,BEARISH,PREMIUM_SELL_BEAR,STRONG_DOWNTREND_ADX_62_BEARISH,62.23,1,196.88,MEDIUM,0,0,0,0,0,0,NO_TRADE,,past_entry_window_13:00:00,
14:25:38,23206.1,23592.85,23457.05,VERY_WIDE,23592.85,23195.3,0.027,STRONG_DOWNTREND,NEUTRAL,BEARISH,PREMIUM_SELL_BEAR,STRONG_DOWNTREND_ADX_62_BEARISH,62.23,1,196.8,MEDIUM,0,0,0,0,0,0,NO_TRADE,,past_entry_window_13:00:00,
14:25:53,23207.5,23592.85,23457.05,VERY_WIDE,23592.85,23195.3,0.031,RANGE,NEUTRAL,UNCLEAR,NO_TRADE,NO_TRADE:STRADDLE_EXPLOSION,62.23,1,196.72,NONE,0,0,0,0,0,0,NO_TRADE,,NO_TRADE:STRADDLE_EXPLOSION,
14:26:08,23208.1,23592.85,23457.05,VERY_WIDE,23592.85,23195.3,0.032,RANGE,NEUTRAL,UNCLEAR,NO_TRADE,NO_TRADE:STRADDLE_EXPLOSION,62.23,1,196.64,NONE,0,0,0,0,0,0,NO_TRADE,,NO_TRADE:STRADDLE_EXPLOSION,
14:26:23,23208.45,23592.85,23457.05,VERY_WIDE,23592.85,23195.3,0.033,RANGE,NEUTRAL,UNCLEAR,NO_TRADE,NO_TRADE:STRADDLE_EXPLOSION,62.23,1,196.56,NONE,0,0,0,0,0,0,NO_TRADE,,NO_TRADE:STRADDLE_EXPLOSION,
14:26:38,23208.15,23592.85,23457.05,VERY_WIDE,23592.85,23195.3,0.032,RANGE,NEUTRAL,UNCLEAR,NO_TRADE,NO_TRADE:STRADDLE_EXPLOSION,62.23,1,196.48,NONE,0,0,0,0,0,0,NO_TRADE,,NO_TRADE:STRADDLE_EXPLOSION,
14:26:53,23209.9,23592.85,23457.05,VERY_WIDE,23592.85,23195.3,0.037,RANGE,NEUTRAL,UNCLEAR,NO_TRADE,NO_TRADE:STRADDLE_EXPLOSION,62.23,1,196.4,NONE,0,0,0,0,0,0,NO_TRADE,,NO_TRADE:STRADDLE_EXPLOSION,
14:27:08,23209.35,23592.85,23457.05,VERY_WIDE,23592.85,23195.3,0.035,RANGE,NEUTRAL,UNCLEAR,NO_TRADE,NO_TRADE:STRADDLE_EXPLOSION,62.23,1,196.33,NONE,0,0,0,0,0,0,NO_TRADE,,NO_TRADE:STRADDLE_EXPLOSION,
14:27:23,23205.2,23592.85,23457.05,VERY_WIDE,23592.85,23195.3,0.025,RANGE,NEUTRAL,UNCLEAR,NO_TRADE,NO_TRADE:STRADDLE_EXPLOSION,62.23,1,196.25,NONE,0,0,0,0,0,0,NO_TRADE,,NO_TRADE:STRADDLE_EXPLOSION,
14:27:38,23209.55,23592.85,23457.05,VERY_WIDE,23592.85,23195.3,0.036,RANGE,NEUTRAL,UNCLEAR,NO_TRADE,NO_TRADE:STRADDLE_EXPLOSION,62.23,1,196.17,NONE,0,0,0,0,0,0,NO_TRADE,,NO_TRADE:STRADDLE_EXPLOSION,
14:27:53,23207.55,23592.85,23457.05,VERY_WIDE,23592.85,23195.3,0.031,RANGE,NEUTRAL,UNCLEAR,NO_TRADE,NO_TRADE:STRADDLE_EXPLOSION,62.23,1,196.09,NONE,0,0,0,0,0,0,NO_TRADE,,NO_TRADE:STRADDLE_EXPLOSION,
14:28:08,23206.65,23592.85,23457.05,VERY_WIDE,23592.85,23195.3,0.029,STRONG_DOWNTREND,NEUTRAL,BEARISH,PREMIUM_SELL_BEAR,STRONG_DOWNTREND_ADX_62_BEARISH,62.23,1,196.01,MEDIUM,0,0,0,0,0,0,NO_TRADE,,past_entry_window_13:00:00,
14:28:23,23208.2,23592.85,23457.05,VERY_WIDE,23592.85,23195.3,0.032,STRONG_DOWNTREND,NEUTRAL,BEARISH,PREMIUM_SELL_BEAR,STRONG_DOWNTREND_ADX_62_BEARISH,62.23,1,195.93,MEDIUM,0,0,0,0,0,0,NO_TRADE,,past_entry_window_13:00:00,
14:28:38,23204.5,23592.85,23457.05,VERY_WIDE,23592.85,23195.3,0.023,STRONG_DOWNTREND,NEUTRAL,BEARISH,PREMIUM_SELL_BEAR,STRONG_DOWNTREND_ADX_62_BEARISH,62.23,1,195.85,MEDIUM,0,0,0,0,0,0,NO_TRADE,,past_entry_window_13:00:00,
14:28:54,23198.6,23592.85,23457.05,VERY_WIDE,23592.85,23195.3,0.008,STRONG_DOWNTREND,NEUTRAL,BEARISH,PREMIUM_SELL_BEAR,STRONG_DOWNTREND_ADX_62_BEARISH,62.23,1,195.77,MEDIUM,0,0,0,0,0,0,NO_TRADE,,past_entry_window_13:00:00,
14:29:09,23200.05,23592.85,23457.05,VERY_WIDE,23592.85,23195.3,0.012,STRONG_DOWNTREND,NEUTRAL,BEARISH,PREMIUM_SELL_BEAR,STRONG_DOWNTREND_ADX_62_BEARISH,62.23,1,195.7,MEDIUM,0,0,0,0,0,0,NO_TRADE,,past_entry_window_13:00:00,
14:29:24,23202.95,23592.85,23457.05,VERY_WIDE,23592.85,23195.3,0.019,STRONG_DOWNTREND,NEUTRAL,BEARISH,PREMIUM_SELL_BEAR,STRONG_DOWNTREND_ADX_62_BEARISH,62.23,1,195.62,MEDIUM,0,0,0,0,0,0,NO_TRADE,,past_entry_window_13:00:00,
14:29:39,23203.95,23592.85,23457.05,VERY_WIDE,23592.85,23195.3,0.022,STRONG_DOWNTREND,NEUTRAL,BEARISH,PREMIUM_SELL_BEAR,STRONG_DOWNTREND_ADX_62_BEARISH,62.23,1,195.54,MEDIUM,0,0,0,0,0,0,NO_TRADE,,past_entry_window_13:00:00,
14:29:54,23203.25,23592.85,23457.05,VERY_WIDE,23592.85,23195.3,0.020,STRONG_DOWNTREND,NEUTRAL,BEARISH,PREMIUM_SELL_BEAR,STRONG_DOWNTREND_ADX_62_BEARISH,62.23,1,195.46,MEDIUM,0,0,0,0,0,0,NO_TRADE,,past_entry_window_13:00:00,
14:30:09,23207.4,23592.85,23457.05,VERY_WIDE,23592.85,23195.3,0.030,STRONG_DOWNTREND,NEUTRAL,BEARISH,NO_TRADE,NO_TRADE:PAST_14:30,64.18,1,195.39,MEDIUM,0,0,0,0,0,0,NO_TRADE,,NO_TRADE:PAST_14:30,
14:30:24,23202.85,23592.85,23457.05,VERY_WIDE,23592.85,23195.3,0.019,STRONG_DOWNTREND,NEUTRAL,BEARISH,NO_TRADE,NO_TRADE:PAST_14:30,64.18,1,195.31,MEDIUM,0,0,0,0,0,0,NO_TRADE,,NO_TRADE:PAST_14:30,
14:30:39,23202.5,23592.85,23457.05,VERY_WIDE,23592.85,23195.3,0.018,STRONG_DOWNTREND,NEUTRAL,BEARISH,NO_TRADE,NO_TRADE:PAST_14:30,64.18,1,195.23,MEDIUM,0,0,0,0,0,0,NO_TRADE,,NO_TRADE:PAST_14:30,
14:30:54,23203.15,23592.85,23457.05,VERY_WIDE,23592.85,23195.3,0.020,STRONG_DOWNTREND,NEUTRAL,BEARISH,NO_TRADE,NO_TRADE:PAST_14:30,64.18,1,195.15,MEDIUM,0,0,0,0,0,0,NO_TRADE,,NO_TRADE:PAST_14:30,
14:31:09,23204.85,23592.85,23457.05,VERY_WIDE,23592.85,23195.3,0.024,STRONG_DOWNTREND,NEUTRAL,BEARISH,NO_TRADE,NO_TRADE:PAST_14:30,64.18,1,195.08,MEDIUM,0,0,0,0,0,0,NO_TRADE,,NO_TRADE:PAST_14:30,
14:31:24,23205.75,23592.85,23457.05,VERY_WIDE,23592.85,23195.3,0.026,STRONG_DOWNTREND,NEUTRAL,BEARISH,NO_TRADE,NO_TRADE:PAST_14:30,64.18,1,195.0,MEDIUM,0,0,0,0,0,0,NO_TRADE,,NO_TRADE:PAST_14:30,
14:31:39,23202.5,23592.85,23457.05,VERY_WIDE,23592.85,23195.3,0.018,STRONG_DOWNTREND,NEUTRAL,BEARISH,NO_TRADE,NO_TRADE:PAST_14:30,64.18,1,194.92,MEDIUM,0,0,0,0,0,0,NO_TRADE,,NO_TRADE:PAST_14:30,
14:31:54,23205.5,23592.85,23457.05,VERY_WIDE,23592.85,23195.3,0.026,STRONG_DOWNTREND,NEUTRAL,BEARISH,NO_TRADE,NO_TRADE:PAST_14:30,64.18,1,194.84,MEDIUM,0,0,0,0,0,0,NO_TRADE,,NO_TRADE:PAST_14:30,
14:32:09,23205.95,23592.85,23457.05,VERY_WIDE,23592.85,23195.3,0.027,STRONG_DOWNTREND,NEUTRAL,BEARISH,NO_TRADE,NO_TRADE:PAST_14:30,64.18,1,194.77,MEDIUM,0,0,0,0,0,0,NO_TRADE,,NO_TRADE:PAST_14:30,
14:32:24,23206.1,23592.85,23457.05,VERY_WIDE,23592.85,23195.3,0.027,STRONG_DOWNTREND,NEUTRAL,BEARISH,NO_TRADE,NO_TRADE:PAST_14:30,64.18,1,194.69,MEDIUM,0,0,0,0,0,0,NO_TRADE,,NO_TRADE:PAST_14:30,
14:32:39,23204.8,23592.85,23457.05,VERY_WIDE,23592.85,23195.3,0.024,STRONG_DOWNTREND,NEUTRAL,BEARISH,NO_TRADE,NO_TRADE:PAST_14:30,64.18,1,194.61,MEDIUM,0,0,0,0,0,0,NO_TRADE,,NO_TRADE:PAST_14:30,
14:32:54,23205.7,23592.85,23457.05,VERY_WIDE,23592.85,23195.3,0.026,STRONG_DOWNTREND,NEUTRAL,BEARISH,NO_TRADE,NO_TRADE:PAST_14:30,64.18,1,194.54,MEDIUM,0,0,0,0,0,0,NO_TRADE,,NO_TRADE:PAST_14:30,
14:33:09,23208.45,23592.85,23457.05,VERY_WIDE,23592.85,23195.3,0.033,STRONG_DOWNTREND,NEUTRAL,BEARISH,NO_TRADE,NO_TRADE:PAST_14:30,64.06,1,194.46,MEDIUM,0,0,0,0,0,0,NO_TRADE,,NO_TRADE:PAST_14:30,
14:33:24,23211.75,23592.85,23457.05,VERY_WIDE,23592.85,23195.3,0.041,STRONG_DOWNTREND,NEUTRAL,BEARISH,NO_TRADE,NO_TRADE:PAST_14:30,64.06,1,194.38,MEDIUM,0,0,0,0,0,0,NO_TRADE,,NO_TRADE:PAST_14:30,
14:33:39,23211.55,23592.85,23457.05,VERY_WIDE,23592.85,23195.3,0.041,STRONG_DOWNTREND,NEUTRAL,BEARISH,NO_TRADE,NO_TRADE:PAST_14:30,64.06,1,194.31,MEDIUM,0,0,0,0,0,0,NO_TRADE,,NO_TRADE:PAST_14:30,
14:33:54,23210.5,23592.85,23457.05,VERY_WIDE,23592.85,23195.3,0.038,STRONG_DOWNTREND,NEUTRAL,BEARISH,NO_TRADE,NO_TRADE:PAST_14:30,64.06,1,194.23,MEDIUM,0,0,0,0,0,0,NO_TRADE,,NO_TRADE:PAST_14:30,
14:34:09,23209.7,23592.85,23457.05,VERY_WIDE,23592.85,23195.3,0.036,STRONG_DOWNTREND,NEUTRAL,BEARISH,NO_TRADE,NO_TRADE:PAST_14:30,64.04,1,194.15,MEDIUM,0,0,0,0,0,0,NO_TRADE,,NO_TRADE:PAST_14:30,
14:34:24,23209.95,23592.85,23457.05,VERY_WIDE,23592.85,23195.3,0.037,STRONG_DOWNTREND,NEUTRAL,BEARISH,NO_TRADE,NO_TRADE:PAST_14:30,64.04,1,194.08,MEDIUM,0,0,0,0,0,0,NO_TRADE,,NO_TRADE:PAST_14:30,
14:34:39,23211.1,23592.85,23457.05,VERY_WIDE,23592.85,23195.3,0.040,STRONG_DOWNTREND,NEUTRAL,BEARISH,NO_TRADE,NO_TRADE:PAST_14:30,64.04,1,194.0,MEDIUM,0,0,0,0,0,0,NO_TRADE,,NO_TRADE:PAST_14:30,
14:34:54,23209.3,23592.85,23457.05,VERY_WIDE,23592.85,23195.3,0.035,STRONG_DOWNTREND,NEUTRAL,BEARISH,NO_TRADE,NO_TRADE:PAST_14:30,64.04,1,193.93,MEDIUM,0,0,0,0,0,0,NO_TRADE,,NO_TRADE:PAST_14:30,
14:35:09,23210.35,23592.85,23457.05,VERY_WIDE,23592.85,23195.3,0.038,STRONG_DOWNTREND,NEUTRAL,BEARISH,NO_TRADE,NO_TRADE:PAST_14:30,65.67,1,193.85,MEDIUM,0,0,0,0,0,0,NO_TRADE,,NO_TRADE:PAST_14:30,
14:35:24,23208.85,23592.85,23457.05,VERY_WIDE,23592.85,23195.3,0.034,STRONG_DOWNTREND,NEUTRAL,BEARISH,NO_TRADE,NO_TRADE:PAST_14:30,65.67,1,193.77,MEDIUM,0,0,0,0,0,0,NO_TRADE,,NO_TRADE:PAST_14:30,
14:35:39,23209.9,23592.85,23457.05,VERY_WIDE,23592.85,23195.3,0.037,STRONG_DOWNTREND,NEUTRAL,BEARISH,NO_TRADE,NO_TRADE:PAST_14:30,65.67,1,193.7,MEDIUM,0,0,0,0,0,0,NO_TRADE,,NO_TRADE:PAST_14:30,
14:35:54,23209.95,23592.85,23457.05,VERY_WIDE,23592.85,23195.3,0.037,STRONG_DOWNTREND,NEUTRAL,BEARISH,NO_TRADE,NO_TRADE:PAST_14:30,65.67,1,193.62,MEDIUM,0,0,0,0,0,0,NO_TRADE,,NO_TRADE:PAST_14:30,
14:36:09,23212.5,23592.85,23457.05,VERY_WIDE,23592.85,23195.3,0.043,STRONG_DOWNTREND,NEUTRAL,BEARISH,NO_TRADE,NO_TRADE:PAST_14:30,65.34,1,193.55,MEDIUM,0,0,0,0,0,0,NO_TRADE,,NO_TRADE:PAST_14:30,
14:36:25,23210.85,23592.85,23457.05,VERY_WIDE,23592.85,23195.3,0.039,STRONG_DOWNTREND,NEUTRAL,BEARISH,NO_TRADE,NO_TRADE:PAST_14:30,65.34,1,193.47,MEDIUM,0,0,0,0,0,0,NO_TRADE,,NO_TRADE:PAST_14:30,
14:36:40,23209.15,23592.85,23457.05,VERY_WIDE,23592.85,23195.3,0.035,STRONG_DOWNTREND,NEUTRAL,BEARISH,NO_TRADE,NO_TRADE:PAST_14:30,65.34,1,193.4,MEDIUM,0,0,0,0,0,0,NO_TRADE,,NO_TRADE:PAST_14:30,
14:36:55,23211.8,23592.85,23457.05,VERY_WIDE,23592.85,23195.3,0.042,STRONG_DOWNTREND,NEUTRAL,BEARISH,NO_TRADE,NO_TRADE:PAST_14:30,65.34,1,193.32,MEDIUM,0,0,0,0,0,0,NO_TRADE,,NO_TRADE:PAST_14:30,
14:37:10,23211.5,23592.85,23457.05,VERY_WIDE,23592.85,23195.3,0.041,STRONG_DOWNTREND,NEUTRAL,BEARISH,NO_TRADE,NO_TRADE:PAST_14:30,65.34,1,193.25,MEDIUM,0,0,0,0,0,0,NO_TRADE,,NO_TRADE:PAST_14:30,
14:37:25,23208.35,23592.85,23457.05,VERY_WIDE,23592.85,23195.3,0.033,STRONG_DOWNTREND,NEUTRAL,BEARISH,NO_TRADE,NO_TRADE:PAST_14:30,65.34,1,193.17,MEDIUM,0,0,0,0,0,0,NO_TRADE,,NO_TRADE:PAST_14:30,
14:37:40,23209.35,23592.85,23457.05,VERY_WIDE,23592.85,23195.3,0.035,STRONG_DOWNTREND,NEUTRAL,BEARISH,NO_TRADE,NO_TRADE:PAST_14:30,65.34,1,193.1,MEDIUM,0,0,0,0,0,0,NO_TRADE,,NO_TRADE:PAST_14:30,
14:37:55,23212.55,23592.85,23457.05,VERY_WIDE,23592.85,23195.3,0.043,STRONG_DOWNTREND,NEUTRAL,BEARISH,NO_TRADE,NO_TRADE:PAST_14:30,65.34,1,193.02,MEDIUM,0,0,0,0,0,0,NO_TRADE,,NO_TRADE:PAST_14:30,
14:38:10,23210.95,23592.85,23457.05,VERY_WIDE,23592.85,23195.3,0.039,STRONG_DOWNTREND,NEUTRAL,BEARISH,NO_TRADE,NO_TRADE:PAST_14:30,65.28,1,192.95,MEDIUM,0,0,0,0,0,0,NO_TRADE,,NO_TRADE:PAST_14:30,
14:38:25,23212.85,23592.85,23457.05,VERY_WIDE,23592.85,23195.3,0.044,STRONG_DOWNTREND,NEUTRAL,BEARISH,NO_TRADE,NO_TRADE:PAST_14:30,65.28,1,192.87,MEDIUM,0,0,0,0,0,0,NO_TRADE,,NO_TRADE:PAST_14:30,
14:38:40,23211.95,23592.85,23457.05,VERY_WIDE,23592.85,23195.3,0.042,STRONG_DOWNTREND,NEUTRAL,BEARISH,NO_TRADE,NO_TRADE:PAST_14:30,65.28,1,192.8,MEDIUM,0,0,0,0,0,0,NO_TRADE,,NO_TRADE:PAST_14:30,
14:38:55,23214.5,23592.85,23457.05,VERY_WIDE,23592.85,23195.3,0.048,STRONG_DOWNTREND,NEUTRAL,BEARISH,NO_TRADE,NO_TRADE:PAST_14:30,65.28,1,192.72,MEDIUM,0,0,0,0,0,0,NO_TRADE,,NO_TRADE:PAST_14:30,
14:39:10,23221.15,23592.85,23457.05,VERY_WIDE,23592.85,23195.3,0.065,STRONG_DOWNTREND,NEUTRAL,BEARISH,NO_TRADE,NO_TRADE:PAST_14:30,63.45,1,192.65,MEDIUM,0,0,0,0,0,0,NO_TRADE,,NO_TRADE:PAST_14:30,
14:39:25,23221.5,23592.85,23457.05,VERY_WIDE,23592.85,23195.3,0.066,STRONG_DOWNTREND,NEUTRAL,BEARISH,NO_TRADE,NO_TRADE:PAST_14:30,63.45,1,192.57,MEDIUM,0,0,0,0,0,0,NO_TRADE,,NO_TRADE:PAST_14:30,
14:39:41,23217.8,23592.85,23457.05,VERY_WIDE,23592.85,23195.3,0.057,STRONG_DOWNTREND,NEUTRAL,BEARISH,NO_TRADE,NO_TRADE:PAST_14:30,63.45,1,192.49,MEDIUM,0,0,0,0,0,0,NO_TRADE,,NO_TRADE:PAST_14:30,
14:39:56,23216.3,23592.85,23457.05,VERY_WIDE,23592.85,23195.3,0.053,STRONG_DOWNTREND,NEUTRAL,BEARISH,NO_TRADE,NO_TRADE:PAST_14:30,63.45,1,192.42,MEDIUM,0,0,0,0,0,0,NO_TRADE,,NO_TRADE:PAST_14:30,
14:40:11,23214.95,23592.85,23457.05,VERY_WIDE,23592.85,23195.3,0.049,STRONG_DOWNTREND,NEUTRAL,BEARISH,NO_TRADE,NO_TRADE:PAST_14:30,62.91,1,192.35,MEDIUM,0,0,0,0,0,0,NO_TRADE,,NO_TRADE:PAST_14:30,
14:40:26,23216.35,23592.85,23457.05,VERY_WIDE,23592.85,23195.3,0.053,STRONG_DOWNTREND,NEUTRAL,BEARISH,NO_TRADE,NO_TRADE:PAST_14:30,62.91,1,192.27,MEDIUM,0,0,0,0,0,0,NO_TRADE,,NO_TRADE:PAST_14:30,
14:40:41,23219.55,23592.85,23457.05,VERY_WIDE,23592.85,23195.3,0.061,STRONG_DOWNTREND,NEUTRAL,BEARISH,NO_TRADE,NO_TRADE:PAST_14:30,62.91,1,192.2,MEDIUM,0,0,0,0,0,0,NO_TRADE,,NO_TRADE:PAST_14:30,
14:40:56,23216.65,23592.85,23457.05,VERY_WIDE,23592.85,23195.3,0.054,STRONG_DOWNTREND,NEUTRAL,BEARISH,NO_TRADE,NO_TRADE:PAST_14:30,62.91,1,192.13,MEDIUM,0,0,0,0,0,0,NO_TRADE,,NO_TRADE:PAST_14:30,
14:41:11,23219.1,23592.85,23457.05,VERY_WIDE,23592.85,23195.3,0.060,STRONG_DOWNTREND,NEUTRAL,BEARISH,NO_TRADE,NO_TRADE:PAST_14:30,62.91,1,192.05,MEDIUM,0,0,0,0,0,0,NO_TRADE,,NO_TRADE:PAST_14:30,
14:41:26,23220.7,23592.85,23457.05,VERY_WIDE,23592.85,23195.3,0.064,STRONG_DOWNTREND,NEUTRAL,BEARISH,NO_TRADE,NO_TRADE:PAST_14:30,62.91,1,191.98,MEDIUM,0,0,0,0,0,0,NO_TRADE,,NO_TRADE:PAST_14:30,
14:41:41,23221.65,23592.85,23457.05,VERY_WIDE,23592.85,23195.3,0.066,STRONG_DOWNTREND,NEUTRAL,BEARISH,NO_TRADE,NO_TRADE:PAST_14:30,62.91,1,191.91,MEDIUM,0,0,0,0,0,0,NO_TRADE,,NO_TRADE:PAST_14:30,
14:41:56,23220.2,23592.85,23457.05,VERY_WIDE,23592.85,23195.3,0.063,STRONG_DOWNTREND,NEUTRAL,BEARISH,NO_TRADE,NO_TRADE:PAST_14:30,62.91,1,191.83,MEDIUM,0,0,0,0,0,0,NO_TRADE,,NO_TRADE:PAST_14:30,
14:42:11,23220.25,23592.85,23457.05,VERY_WIDE,23592.85,23195.3,0.063,STRONG_DOWNTREND,NEUTRAL,BEARISH,NO_TRADE,NO_TRADE:PAST_14:30,62.77,1,191.76,MEDIUM,0,0,0,0,0,0,NO_TRADE,,NO_TRADE:PAST_14:30,
14:42:26,23219.0,23592.85,23457.05,VERY_WIDE,23592.85,23195.3,0.060,STRONG_DOWNTREND,NEUTRAL,BEARISH,NO_TRADE,NO_TRADE:PAST_14:30,62.77,1,191.68,MEDIUM,0,0,0,0,0,0,NO_TRADE,,NO_TRADE:PAST_14:30,
14:42:41,23223.45,23592.85,23457.05,VERY_WIDE,23592.85,23195.3,0.071,STRONG_DOWNTREND,NEUTRAL,BEARISH,NO_TRADE,NO_TRADE:PAST_14:30,62.77,1,191.61,MEDIUM,0,0,0,0,0,0,NO_TRADE,,NO_TRADE:PAST_14:30,
14:42:56,23218.55,23592.85,23457.05,VERY_WIDE,23592.85,23195.3,0.058,STRONG_DOWNTREND,NEUTRAL,BEARISH,NO_TRADE,NO_TRADE:PAST_14:30,62.77,1,191.54,MEDIUM,0,0,0,0,0,0,NO_TRADE,,NO_TRADE:PAST_14:30,
14:43:11,23214.4,23592.85,23457.05,VERY_WIDE,23592.85,23195.3,0.048,STRONG_DOWNTREND,NEUTRAL,BEARISH,NO_TRADE,NO_TRADE:PAST_14:30,62.77,1,191.47,MEDIUM,0,0,0,0,0,0,NO_TRADE,,NO_TRADE:PAST_14:30,
14:43:26,23215.35,23592.85,23457.05,VERY_WIDE,23592.85,23195.3,0.050,STRONG_DOWNTREND,NEUTRAL,BEARISH,NO_TRADE,NO_TRADE:PAST_14:30,62.77,1,191.39,MEDIUM,0,0,0,0,0,0,NO_TRADE,,NO_TRADE:PAST_14:30,
14:43:41,23216.85,23592.85,23457.05,VERY_WIDE,23592.85,23195.3,0.054,STRONG_DOWNTREND,NEUTRAL,BEARISH,NO_TRADE,NO_TRADE:PAST_14:30,62.77,1,191.32,MEDIUM,0,0,0,0,0,0,NO_TRADE,,NO_TRADE:PAST_14:30,
14:43:56,23216.85,23592.85,23457.05,VERY_WIDE,23592.85,23195.3,0.054,STRONG_DOWNTREND,NEUTRAL,BEARISH,NO_TRADE,NO_TRADE:PAST_14:30,62.77,1,191.25,MEDIUM,0,0,0,0,0,0,NO_TRADE,,NO_TRADE:PAST_14:30,
14:44:11,23221.6,23592.85,23457.05,VERY_WIDE,23592.85,23195.3,0.066,STRONG_DOWNTREND,NEUTRAL,BEARISH,NO_TRADE,NO_TRADE:PAST_14:30,62.77,1,191.17,MEDIUM,0,0,0,0,0,0,NO_TRADE,,NO_TRADE:PAST_14:30,
14:44:26,23219.7,23592.85,23457.05,VERY_WIDE,23592.85,23195.3,0.061,STRONG_DOWNTREND,NEUTRAL,BEARISH,NO_TRADE,NO_TRADE:PAST_14:30,62.77,1,191.1,MEDIUM,0,0,0,0,0,0,NO_TRADE,,NO_TRADE:PAST_14:30,
14:44:41,23217.3,23592.85,23457.05,VERY_WIDE,23592.85,23195.3,0.055,STRONG_DOWNTREND,NEUTRAL,BEARISH,NO_TRADE,NO_TRADE:PAST_14:30,62.77,1,191.03,MEDIUM,0,0,0,0,0,0,NO_TRADE,,NO_TRADE:PAST_14:30,
14:44:57,23216.55,23592.85,23457.05,VERY_WIDE,23592.85,23195.3,0.053,STRONG_DOWNTREND,NEUTRAL,BEARISH,NO_TRADE,NO_TRADE:PAST_14:30,62.77,1,190.95,MEDIUM,0,0,0,0,0,0,NO_TRADE,,NO_TRADE:PAST_14:30,
14:45:12,23213.95,23592.85,23457.05,VERY_WIDE,23592.85,23195.3,0.047,STRONG_DOWNTREND,NEUTRAL,BEARISH,NO_TRADE,NO_TRADE:PAST_14:30,62.49,1,190.88,MEDIUM,0,0,0,0,0,0,NO_TRADE,,NO_TRADE:PAST_14:30,
14:45:27,23209.55,23592.85,23457.05,VERY_WIDE,23592.85,23195.3,0.036,STRONG_DOWNTREND,NEUTRAL,BEARISH,NO_TRADE,NO_TRADE:PAST_14:30,62.49,1,190.81,MEDIUM,0,0,0,0,0,0,NO_TRADE,,NO_TRADE:PAST_14:30,
14:45:42,23211.45,23592.85,23457.05,VERY_WIDE,23592.85,23195.3,0.041,STRONG_DOWNTREND,NEUTRAL,BEARISH,NO_TRADE,NO_TRADE:PAST_14:30,62.49,1,190.73,MEDIUM,0,0,0,0,0,0,NO_TRADE,,NO_TRADE:PAST_14:30,
14:45:57,23207.45,23592.85,23457.05,VERY_WIDE,23592.85,23195.3,0.031,STRONG_DOWNTREND,NEUTRAL,BEARISH,NO_TRADE,NO_TRADE:PAST_14:30,62.49,1,190.66,MEDIUM,0,0,0,0,0,0,NO_TRADE,,NO_TRADE:PAST_14:30,
14:46:12,23202.45,23592.85,23457.05,VERY_WIDE,23592.85,23191.15,0.028,STRONG_DOWNTREND,NEUTRAL,BEARISH,NO_TRADE,NO_TRADE:PAST_14:30,63.17,1,192.58,MEDIUM,0,0,0,0,0,0,NO_TRADE,,NO_TRADE:PAST_14:30,
14:46:27,23201.45,23592.85,23457.05,VERY_WIDE,23592.85,23191.15,0.026,STRONG_DOWNTREND,NEUTRAL,BEARISH,NO_TRADE,NO_TRADE:PAST_14:30,63.17,1,192.51,MEDIUM,0,0,0,0,0,0,NO_TRADE,,NO_TRADE:PAST_14:30,
14:46:42,23197.0,23592.85,23457.05,VERY_WIDE,23592.85,23191.15,0.015,STRONG_DOWNTREND,NEUTRAL,BEARISH,NO_TRADE,NO_TRADE:PAST_14:30,63.17,1,192.43,MEDIUM,0,0,0,0,0,0,NO_TRADE,,NO_TRADE:PAST_14:30,
14:46:57,23195.45,23592.85,23457.05,VERY_WIDE,23592.85,23191.15,0.011,STRONG_DOWNTREND,NEUTRAL,BEARISH,NO_TRADE,NO_TRADE:PAST_14:30,63.17,1,192.36,MEDIUM,0,0,0,0,0,0,NO_TRADE,,NO_TRADE:PAST_14:30,
14:47:12,23183.6,23592.85,23457.05,VERY_WIDE,23592.85,23170.9,0.030,STRONG_DOWNTREND,NEUTRAL,BEARISH,NO_TRADE,NO_TRADE:PAST_14:30,63.78,1,201.98,MEDIUM,0,0,0,0,0,0,NO_TRADE,,NO_TRADE:PAST_14:30,
14:47:27,23182.85,23592.85,23457.05,VERY_WIDE,23592.85,23170.9,0.028,STRONG_DOWNTREND,NEUTRAL,BEARISH,NO_TRADE,NO_TRADE:PAST_14:30,63.78,1,201.91,MEDIUM,0,0,0,0,0,0,NO_TRADE,,NO_TRADE:PAST_14:30,
14:47:42,23181.45,23592.85,23457.05,VERY_WIDE,23592.85,23170.9,0.025,STRONG_DOWNTREND,NEUTRAL,BEARISH,NO_TRADE,NO_TRADE:PAST_14:30,63.78,1,201.83,MEDIUM,0,0,0,0,0,0,NO_TRADE,,NO_TRADE:PAST_14:30,
14:47:57,23172.15,23592.85,23457.05,VERY_WIDE,23592.85,23170.9,0.003,STRONG_DOWNTREND,NEUTRAL,BEARISH,NO_TRADE,NO_TRADE:PAST_14:30,63.78,1,201.75,MEDIUM,0,0,0,0,0,0,NO_TRADE,,NO_TRADE:PAST_14:30,
14:48:12,23163.95,23592.85,23457.05,VERY_WIDE,23592.85,23152.0,0.027,STRONG_DOWNTREND,NEUTRAL,BEARISH,NO_TRADE,NO_TRADE:PAST_14:30,64.17,1,210.71,MEDIUM,0,0,0,0,0,0,NO_TRADE,,NO_TRADE:PAST_14:30,
14:48:27,23157.7,23592.85,23457.05,VERY_WIDE,23592.85,23152.0,0.013,STRONG_DOWNTREND,NEUTRAL,BEARISH,NO_TRADE,NO_TRADE:PAST_14:30,64.17,1,210.63,MEDIUM,0,0,0,0,0,0,NO_TRADE,,NO_TRADE:PAST_14:30,
14:48:42,23153.05,23592.85,23457.05,VERY_WIDE,23592.85,23152.0,0.002,STRONG_DOWNTREND,NEUTRAL,BEARISH,NO_TRADE,NO_TRADE:PAST_14:30,64.17,1,210.55,MEDIUM,0,0,0,0,0,0,NO_TRADE,,NO_TRADE:PAST_14:30,
14:48:57,23154.35,23592.85,23457.05,VERY_WIDE,23592.85,23152.0,0.005,STRONG_DOWNTREND,NEUTRAL,BEARISH,NO_TRADE,NO_TRADE:PAST_14:30,64.17,1,210.47,MEDIUM,0,0,0,0,0,0,NO_TRADE,,NO_TRADE:PAST_14:30,
14:49:13,23164.1,23592.85,23457.05,VERY_WIDE,23592.85,23152.0,0.027,STRONG_DOWNTREND,NEUTRAL,BEARISH,NO_TRADE,NO_TRADE:PAST_14:30,64.17,1,210.4,MEDIUM,0,0,0,0,0,0,NO_TRADE,,NO_TRADE:PAST_14:30,
14:49:27,23161.6,23592.85,23457.05,VERY_WIDE,23592.85,23152.0,0.022,STRONG_DOWNTREND,NEUTRAL,BEARISH,NO_TRADE,NO_TRADE:PAST_14:30,64.17,1,210.32,MEDIUM,0,0,0,0,0,0,NO_TRADE,,NO_TRADE:PAST_14:30,
14:49:42,23162.5,23592.85,23457.05,VERY_WIDE,23592.85,23152.0,0.024,STRONG_DOWNTREND,NEUTRAL,BEARISH,NO_TRADE,NO_TRADE:PAST_14:30,64.17,1,210.24,MEDIUM,0,0,0,0,0,0,NO_TRADE,,NO_TRADE:PAST_14:30,
14:49:57,23164.05,23592.85,23457.05,VERY_WIDE,23592.85,23152.0,0.027,STRONG_DOWNTREND,NEUTRAL,BEARISH,NO_TRADE,NO_TRADE:PAST_14:30,64.17,1,210.16,MEDIUM,0,0,0,0,0,0,NO_TRADE,,NO_TRADE:PAST_14:30,
14:50:13,23167.55,23592.85,23457.05,VERY_WIDE,23592.85,23152.0,0.035,STRONG_DOWNTREND,NEUTRAL,BEARISH,NO_TRADE,NO_TRADE:PAST_14:30,65.43,1,210.08,MEDIUM,0,0,0,0,0,0,NO_TRADE,,NO_TRADE:PAST_14:30,
14:50:28,23178.4,23592.85,23457.05,VERY_WIDE,23592.85,23152.0,0.060,STRONG_DOWNTREND,NEUTRAL,BEARISH,NO_TRADE,NO_TRADE:PAST_14:30,65.43,1,210.0,MEDIUM,0,0,0,0,0,0,NO_TRADE,,NO_TRADE:PAST_14:30,
14:50:43,23179.65,23592.85,23457.05,VERY_WIDE,23592.85,23152.0,0.063,STRONG_DOWNTREND,NEUTRAL,BEARISH,NO_TRADE,NO_TRADE:PAST_14:30,65.43,1,209.92,MEDIUM,0,0,0,0,0,0,NO_TRADE,,NO_TRADE:PAST_14:30,
14:50:58,23181.55,23592.85,23457.05,VERY_WIDE,23592.85,23152.0,0.067,STRONG_DOWNTREND,NEUTRAL,BEARISH,NO_TRADE,NO_TRADE:PAST_14:30,65.43,1,209.85,MEDIUM,0,0,0,0,0,0,NO_TRADE,,NO_TRADE:PAST_14:30,
14:51:13,23189.0,23592.85,23457.05,VERY_WIDE,23592.85,23152.0,0.084,STRONG_DOWNTREND,NEUTRAL,BEARISH,NO_TRADE,NO_TRADE:PAST_14:30,65.43,1,209.77,MEDIUM,0,0,0,0,0,0,NO_TRADE,,NO_TRADE:PAST_14:30,
14:51:28,23185.4,23592.85,23457.05,VERY_WIDE,23592.85,23152.0,0.076,STRONG_DOWNTREND,NEUTRAL,BEARISH,NO_TRADE,NO_TRADE:PAST_14:30,65.43,1,209.69,MEDIUM,0,0,0,0,0,0,NO_TRADE,,NO_TRADE:PAST_14:30,
14:51:43,23188.45,23592.85,23457.05,VERY_WIDE,23592.85,23152.0,0.083,STRONG_DOWNTREND,NEUTRAL,BEARISH,NO_TRADE,NO_TRADE:PAST_14:30,65.43,1,209.61,MEDIUM,0,0,0,0,0,0,NO_TRADE,,NO_TRADE:PAST_14:30,
14:51:58,23190.15,23592.85,23457.05,VERY_WIDE,23592.85,23152.0,0.087,STRONG_DOWNTREND,NEUTRAL,BEARISH,NO_TRADE,NO_TRADE:PAST_14:30,65.43,1,209.53,MEDIUM,0,0,0,0,0,0,NO_TRADE,,NO_TRADE:PAST_14:30,
14:52:13,23188.65,23592.85,23457.05,VERY_WIDE,23592.85,23152.0,0.083,STRONG_DOWNTREND,NEUTRAL,BEARISH,NO_TRADE,NO_TRADE:PAST_14:30,65.43,1,209.46,MEDIUM,0,0,0,0,0,0,NO_TRADE,,NO_TRADE:PAST_14:30,
14:52:28,23191.1,23592.85,23457.05,VERY_WIDE,23592.85,23152.0,0.089,STRONG_DOWNTREND,NEUTRAL,BEARISH,NO_TRADE,NO_TRADE:PAST_14:30,65.43,1,209.38,MEDIUM,0,0,0,0,0,0,NO_TRADE,,NO_TRADE:PAST_14:30,
14:52:43,23191.85,23592.85,23457.05,VERY_WIDE,23592.85,23152.0,0.090,STRONG_DOWNTREND,NEUTRAL,BEARISH,NO_TRADE,NO_TRADE:PAST_14:30,65.43,1,209.3,MEDIUM,0,0,0,0,0,0,NO_TRADE,,NO_TRADE:PAST_14:30,
14:52:58,23188.4,23592.85,23457.05,VERY_WIDE,23592.85,23152.0,0.083,STRONG_DOWNTREND,NEUTRAL,BEARISH,NO_TRADE,NO_TRADE:PAST_14:30,65.43,1,209.22,MEDIUM,0,0,0,0,0,0,NO_TRADE,,NO_TRADE:PAST_14:30,
14:53:13,23181.6,23592.85,23457.05,VERY_WIDE,23592.85,23152.0,0.067,STRONG_DOWNTREND,NEUTRAL,BEARISH,NO_TRADE,NO_TRADE:PAST_14:30,65.43,1,209.15,MEDIUM,0,0,0,0,0,0,NO_TRADE,,NO_TRADE:PAST_14:30,
14:53:28,23179.35,23592.85,23457.05,VERY_WIDE,23592.85,23152.0,0.062,STRONG_DOWNTREND,NEUTRAL,BEARISH,NO_TRADE,NO_TRADE:PAST_14:30,65.43,1,209.07,MEDIUM,0,0,0,0,0,0,NO_TRADE,,NO_TRADE:PAST_14:30,
14:53:43,23178.95,23592.85,23457.05,VERY_WIDE,23592.85,23152.0,0.061,STRONG_DOWNTREND,NEUTRAL,BEARISH,NO_TRADE,NO_TRADE:PAST_14:30,65.43,1,208.99,MEDIUM,0,0,0,0,0,0,NO_TRADE,,NO_TRADE:PAST_14:30,
14:53:58,23182.6,23592.85,23457.05,VERY_WIDE,23592.85,23152.0,0.069,STRONG_DOWNTREND,NEUTRAL,BEARISH,NO_TRADE,NO_TRADE:PAST_14:30,65.43,1,208.91,MEDIUM,0,0,0,0,0,0,NO_TRADE,,NO_TRADE:PAST_14:30,
14:54:13,23182.2,23592.85,23457.05,VERY_WIDE,23592.85,23152.0,0.069,STRONG_DOWNTREND,NEUTRAL,BEARISH,NO_TRADE,NO_TRADE:PAST_14:30,65.43,1,208.84,MEDIUM,0,0,0,0,0,0,NO_TRADE,,NO_TRADE:PAST_14:30,
14:54:28,23182.65,23592.85,23457.05,VERY_WIDE,23592.85,23152.0,0.070,STRONG_DOWNTREND,NEUTRAL,BEARISH,NO_TRADE,NO_TRADE:PAST_14:30,65.43,1,208.76,MEDIUM,0,0,0,0,0,0,NO_TRADE,,NO_TRADE:PAST_14:30,
14:54:43,23181.4,23592.85,23457.05,VERY_WIDE,23592.85,23152.0,0.067,STRONG_DOWNTREND,NEUTRAL,BEARISH,NO_TRADE,NO_TRADE:PAST_14:30,65.43,1,208.68,MEDIUM,0,0,0,0,0,0,NO_TRADE,,NO_TRADE:PAST_14:30,
14:54:58,23176.75,23592.85,23457.05,VERY_WIDE,23592.85,23152.0,0.056,STRONG_DOWNTREND,NEUTRAL,BEARISH,NO_TRADE,NO_TRADE:PAST_14:30,65.43,1,208.6,MEDIUM,0,0,0,0,0,0,NO_TRADE,,NO_TRADE:PAST_14:30,
14:55:13,23185.75,23592.85,23457.05,VERY_WIDE,23592.85,23152.0,0.077,STRONG_DOWNTREND,NEUTRAL,BEARISH,NO_TRADE,NO_TRADE:PAST_14:30,66.56,1,208.53,MEDIUM,0,0,0,0,0,0,NO_TRADE,,NO_TRADE:PAST_14:30,
14:55:28,23182.45,23592.85,23457.05,VERY_WIDE,23592.85,23152.0,0.069,STRONG_DOWNTREND,NEUTRAL,BEARISH,NO_TRADE,NO_TRADE:PAST_14:30,66.56,1,208.45,MEDIUM,0,0,0,0,0,0,NO_TRADE,,NO_TRADE:PAST_14:30,
14:55:44,23180.65,23592.85,23457.05,VERY_WIDE,23592.85,23152.0,0.065,STRONG_DOWNTREND,NEUTRAL,BEARISH,NO_TRADE,NO_TRADE:PAST_14:30,66.56,1,208.37,MEDIUM,0,0,0,0,0,0,NO_TRADE,,NO_TRADE:PAST_14:30,
14:55:59,23178.3,23592.85,23457.05,VERY_WIDE,23592.85,23152.0,0.060,STRONG_DOWNTREND,NEUTRAL,BEARISH,NO_TRADE,NO_TRADE:PAST_14:30,66.56,1,208.3,MEDIUM,0,0,0,0,0,0,NO_TRADE,,NO_TRADE:PAST_14:30,
14:56:14,23183.6,23592.85,23457.05,VERY_WIDE,23592.85,23152.0,0.072,STRONG_DOWNTREND,NEUTRAL,BEARISH,NO_TRADE,NO_TRADE:PAST_14:30,66.56,1,208.22,MEDIUM,0,0,0,0,0,0,NO_TRADE,,NO_TRADE:PAST_14:30,
14:56:29,23183.3,23592.85,23457.05,VERY_WIDE,23592.85,23152.0,0.071,STRONG_DOWNTREND,NEUTRAL,BEARISH,NO_TRADE,NO_TRADE:PAST_14:30,66.56,1,208.14,MEDIUM,0,0,0,0,0,0,NO_TRADE,,NO_TRADE:PAST_14:30,
14:56:44,23183.4,23592.85,23457.05,VERY_WIDE,23592.85,23152.0,0.071,STRONG_DOWNTREND,NEUTRAL,BEARISH,NO_TRADE,NO_TRADE:PAST_14:30,66.56,1,208.07,MEDIUM,0,0,0,0,0,0,NO_TRADE,,NO_TRADE:PAST_14:30,
14:56:59,23182.8,23592.85,23457.05,VERY_WIDE,23592.85,23152.0,0.070,STRONG_DOWNTREND,NEUTRAL,BEARISH,NO_TRADE,NO_TRADE:PAST_14:30,66.56,1,207.99,MEDIUM,0,0,0,0,0,0,NO_TRADE,,NO_TRADE:PAST_14:30,
14:57:14,23184.55,23592.85,23457.05,VERY_WIDE,23592.85,23152.0,0.074,STRONG_DOWNTREND,NEUTRAL,BEARISH,NO_TRADE,NO_TRADE:PAST_14:30,66.56,1,207.92,MEDIUM,0,0,0,0,0,0,NO_TRADE,,NO_TRADE:PAST_14:30,
14:57:29,23183.65,23592.85,23457.05,VERY_WIDE,23592.85,23152.0,0.072,STRONG_DOWNTREND,NEUTRAL,BEARISH,NO_TRADE,NO_TRADE:PAST_14:30,66.56,1,207.84,MEDIUM,0,0,0,0,0,0,NO_TRADE,,NO_TRADE:PAST_14:30,
14:57:44,23182.75,23592.85,23457.05,VERY_WIDE,23592.85,23152.0,0.070,STRONG_DOWNTREND,NEUTRAL,BEARISH,NO_TRADE,NO_TRADE:PAST_14:30,66.56,1,207.76,MEDIUM,0,0,0,0,0,0,NO_TRADE,,NO_TRADE:PAST_14:30,
14:57:59,23182.9,23592.85,23457.05,VERY_WIDE,23592.85,23152.0,0.070,STRONG_DOWNTREND,NEUTRAL,BEARISH,NO_TRADE,NO_TRADE:PAST_14:30,66.56,1,207.69,MEDIUM,0,0,0,0,0,0,NO_TRADE,,NO_TRADE:PAST_14:30,
14:58:14,23182.3,23592.85,23457.05,VERY_WIDE,23592.85,23152.0,0.069,STRONG_DOWNTREND,NEUTRAL,BEARISH,NO_TRADE,NO_TRADE:PAST_14:30,66.56,1,207.61,MEDIUM,0,0,0,0,0,0,NO_TRADE,,NO_TRADE:PAST_14:30,
14:58:29,23182.4,23592.85,23457.05,VERY_WIDE,23592.85,23152.0,0.069,STRONG_DOWNTREND,NEUTRAL,BEARISH,NO_TRADE,NO_TRADE:PAST_14:30,66.56,1,207.54,MEDIUM,0,0,0,0,0,0,NO_TRADE,,NO_TRADE:PAST_14:30,
14:58:44,23181.3,23592.85,23457.05,VERY_WIDE,23592.85,23152.0,0.066,STRONG_DOWNTREND,NEUTRAL,BEARISH,NO_TRADE,NO_TRADE:PAST_14:30,66.56,1,207.46,MEDIUM,0,0,0,0,0,0,NO_TRADE,,NO_TRADE:PAST_14:30,
14:58:59,23179.7,23592.85,23457.05,VERY_WIDE,23592.85,23152.0,0.063,STRONG_DOWNTREND,NEUTRAL,BEARISH,NO_TRADE,NO_TRADE:PAST_14:30,66.56,1,207.39,MEDIUM,0,0,0,0,0,0,NO_TRADE,,NO_TRADE:PAST_14:30,
14:59:14,23177.55,23592.85,23457.05,VERY_WIDE,23592.85,23152.0,0.058,STRONG_DOWNTREND,NEUTRAL,BEARISH,NO_TRADE,NO_TRADE:PAST_14:30,66.56,1,207.31,MEDIUM,0,0,0,0,0,0,NO_TRADE,,NO_TRADE:PAST_14:30,
14:59:29,23175.8,23592.85,23457.05,VERY_WIDE,23592.85,23152.0,0.054,STRONG_DOWNTREND,NEUTRAL,BEARISH,NO_TRADE,NO_TRADE:PAST_14:30,66.56,1,207.24,MEDIUM,0,0,0,0,0,0,NO_TRADE,,NO_TRADE:PAST_14:30,
14:59:44,23175.0,23592.85,23457.05,VERY_WIDE,23592.85,23152.0,0.052,STRONG_DOWNTREND,NEUTRAL,BEARISH,NO_TRADE,NO_TRADE:PAST_14:30,66.56,1,207.16,MEDIUM,0,0,0,0,0,0,NO_TRADE,,NO_TRADE:PAST_14:30,
14:59:59,23174.6,23592.85,23457.05,VERY_WIDE,23592.85,23152.0,0.051,STRONG_DOWNTREND,NEUTRAL,BEARISH,NO_TRADE,NO_TRADE:PAST_14:30,66.56,1,207.08,MEDIUM,0,0,0,0,0,0,NO_TRADE,,NO_TRADE:PAST_14:30,
15:00:14,23174.4,23592.85,23457.05,VERY_WIDE,23592.85,23152.0,0.051,STRONG_DOWNTREND,NEUTRAL,BEARISH,NO_TRADE,NO_TRADE:PAST_14:30,67.67,1,207.01,MEDIUM,0,0,0,0,0,0,NO_TRADE,,NO_TRADE:PAST_14:30,
15:00:29,23173.0,23592.85,23457.05,VERY_WIDE,23592.85,23152.0,0.048,STRONG_DOWNTREND,NEUTRAL,BEARISH,NO_TRADE,NO_TRADE:PAST_14:30,67.67,1,206.93,MEDIUM,0,0,0,0,0,0,NO_TRADE,,NO_TRADE:PAST_14:30,
15:00:44,23170.85,23592.85,23457.05,VERY_WIDE,23592.85,23152.0,0.043,STRONG_DOWNTREND,NEUTRAL,BEARISH,NO_TRADE,NO_TRADE:PAST_14:30,67.67,1,206.86,MEDIUM,0,0,0,0,0,0,NO_TRADE,,NO_TRADE:PAST_14:30,
15:00:59,23173.05,23592.85,23457.05,VERY_WIDE,23592.85,23152.0,0.048,STRONG_DOWNTREND,NEUTRAL,BEARISH,NO_TRADE,NO_TRADE:PAST_14:30,67.67,1,206.79,MEDIUM,0,0,0,0,0,0,NO_TRADE,,NO_TRADE:PAST_14:30,
15:01:14,23171.25,23592.85,23457.05,VERY_WIDE,23592.85,23152.0,0.044,STRONG_DOWNTREND,NEUTRAL,BEARISH,NO_TRADE,NO_TRADE:PAST_14:30,67.68,1,206.71,MEDIUM,0,0,0,0,0,0,NO_TRADE,,NO_TRADE:PAST_14:30,
15:01:29,23171.85,23592.85,23457.05,VERY_WIDE,23592.85,23152.0,0.045,STRONG_DOWNTREND,NEUTRAL,BEARISH,NO_TRADE,NO_TRADE:PAST_14:30,67.68,1,206.64,MEDIUM,0,0,0,0,0,0,NO_TRADE,,NO_TRADE:PAST_14:30,
15:01:44,23182.15,23592.85,23457.05,VERY_WIDE,23592.85,23152.0,0.068,STRONG_DOWNTREND,NEUTRAL,BEARISH,NO_TRADE,NO_TRADE:PAST_14:30,67.68,1,206.56,MEDIUM,0,0,0,0,0,0,NO_TRADE,,NO_TRADE:PAST_14:30,
15:01:59,23178.05,23592.85,23457.05,VERY_WIDE,23592.85,23152.0,0.059,STRONG_DOWNTREND,NEUTRAL,BEARISH,NO_TRADE,NO_TRADE:PAST_14:30,67.68,1,206.49,MEDIUM,0,0,0,0,0,0,NO_TRADE,,NO_TRADE:PAST_14:30,
15:02:14,23180.6,23592.85,23457.05,VERY_WIDE,23592.85,23152.0,0.065,STRONG_DOWNTREND,NEUTRAL,BEARISH,NO_TRADE,NO_TRADE:PAST_14:30,67.68,1,206.41,MEDIUM,0,0,0,0,0,0,NO_TRADE,,NO_TRADE:PAST_14:30,
15:02:29,23177.45,23592.85,23457.05,VERY_WIDE,23592.85,23152.0,0.058,STRONG_DOWNTREND,NEUTRAL,BEARISH,NO_TRADE,NO_TRADE:PAST_14:30,67.68,1,206.34,MEDIUM,0,0,0,0,0,0,NO_TRADE,,NO_TRADE:PAST_14:30,
15:02:44,23174.1,23592.85,23457.05,VERY_WIDE,23592.85,23152.0,0.050,STRONG_DOWNTREND,NEUTRAL,BEARISH,NO_TRADE,NO_TRADE:PAST_14:30,67.68,1,206.26,MEDIUM,0,0,0,0,0,0,NO_TRADE,,NO_TRADE:PAST_14:30,
15:02:59,23175.6,23592.85,23457.05,VERY_WIDE,23592.85,23152.0,0.054,STRONG_DOWNTREND,NEUTRAL,BEARISH,NO_TRADE,NO_TRADE:PAST_14:30,67.68,1,206.19,MEDIUM,0,0,0,0,0,0,NO_TRADE,,NO_TRADE:PAST_14:30,
15:03:14,23173.15,23592.85,23457.05,VERY_WIDE,23592.85,23152.0,0.048,STRONG_DOWNTREND,NEUTRAL,BEARISH,NO_TRADE,NO_TRADE:PAST_14:30,67.68,1,206.11,MEDIUM,0,0,0,0,0,0,NO_TRADE,,NO_TRADE:PAST_14:30,
15:03:29,23175.6,23592.85,23457.05,VERY_WIDE,23592.85,23152.0,0.054,STRONG_DOWNTREND,NEUTRAL,BEARISH,NO_TRADE,NO_TRADE:PAST_14:30,67.68,1,206.04,MEDIUM,0,0,0,0,0,0,NO_TRADE,,NO_TRADE:PAST_14:30,
15:03:44,23174.25,23592.85,23457.05,VERY_WIDE,23592.85,23152.0,0.050,STRONG_DOWNTREND,NEUTRAL,BEARISH,NO_TRADE,NO_TRADE:PAST_14:30,67.68,1,205.97,MEDIUM,0,0,0,0,0,0,NO_TRADE,,NO_TRADE:PAST_14:30,
15:03:59,23173.85,23592.85,23457.05,VERY_WIDE,23592.85,23152.0,0.050,STRONG_DOWNTREND,NEUTRAL,BEARISH,NO_TRADE,NO_TRADE:PAST_14:30,67.68,1,205.89,MEDIUM,0,0,0,0,0,0,NO_TRADE,,NO_TRADE:PAST_14:30,
15:04:14,23175.2,23592.85,23457.05,VERY_WIDE,23592.85,23152.0,0.053,STRONG_DOWNTREND,NEUTRAL,BEARISH,NO_TRADE,NO_TRADE:PAST_14:30,67.68,1,205.82,MEDIUM,0,0,0,0,0,0,NO_TRADE,,NO_TRADE:PAST_14:30,
15:04:29,23178.2,23592.85,23457.05,VERY_WIDE,23592.85,23152.0,0.059,STRONG_DOWNTREND,NEUTRAL,BEARISH,NO_TRADE,NO_TRADE:PAST_14:30,67.68,1,205.74,MEDIUM,0,0,0,0,0,0,NO_TRADE,,NO_TRADE:PAST_14:30,
15:04:44,23182.85,23592.85,23457.05,VERY_WIDE,23592.85,23152.0,0.070,STRONG_DOWNTREND,NEUTRAL,BEARISH,NO_TRADE,NO_TRADE:PAST_14:30,67.68,1,205.67,MEDIUM,0,0,0,0,0,0,NO_TRADE,,NO_TRADE:PAST_14:30,
15:04:59,23183.2,23592.85,23457.05,VERY_WIDE,23592.85,23152.0,0.071,STRONG_DOWNTREND,NEUTRAL,BEARISH,NO_TRADE,NO_TRADE:PAST_14:30,67.68,1,205.6,MEDIUM,0,0,0,0,0,0,NO_TRADE,,NO_TRADE:PAST_14:30,
15:05:14,23177.9,23592.85,23457.05,VERY_WIDE,23592.85,23152.0,0.059,STRONG_DOWNTREND,NEUTRAL,BEARISH,NO_TRADE,NO_TRADE:PAST_14:30,68.69,1,205.52,MEDIUM,0,0,0,0,0,0,NO_TRADE,,NO_TRADE:PAST_14:30,
15:05:29,23176.85,23592.85,23457.05,VERY_WIDE,23592.85,23152.0,0.056,STRONG_DOWNTREND,NEUTRAL,BEARISH,NO_TRADE,NO_TRADE:PAST_14:30,68.69,1,205.45,MEDIUM,0,0,0,0,0,0,NO_TRADE,,NO_TRADE:PAST_14:30,
15:05:45,23174.6,23592.85,23457.05,VERY_WIDE,23592.85,23152.0,0.051,STRONG_DOWNTREND,NEUTRAL,BEARISH,NO_TRADE,NO_TRADE:PAST_14:30,68.69,1,205.38,MEDIUM,0,0,0,0,0,0,NO_TRADE,,NO_TRADE:PAST_14:30,
15:06:00,23174.6,23592.85,23457.05,VERY_WIDE,23592.85,23152.0,0.051,STRONG_DOWNTREND,NEUTRAL,BEARISH,NO_TRADE,NO_TRADE:PAST_14:30,68.78,1,205.3,MEDIUM,0,0,0,0,0,0,NO_TRADE,,NO_TRADE:PAST_14:30,
15:06:15,23167.45,23592.85,23457.05,VERY_WIDE,23592.85,23152.0,0.035,STRONG_DOWNTREND,NEUTRAL,BEARISH,NO_TRADE,NO_TRADE:PAST_14:30,68.78,1,205.23,MEDIUM,0,0,0,0,0,0,NO_TRADE,,NO_TRADE:PAST_14:30,
15:06:30,23167.85,23592.85,23457.05,VERY_WIDE,23592.85,23152.0,0.036,STRONG_DOWNTREND,NEUTRAL,BEARISH,NO_TRADE,NO_TRADE:PAST_14:30,68.78,1,205.16,MEDIUM,0,0,0,0,0,0,NO_TRADE,,NO_TRADE:PAST_14:30,
15:06:45,23172.75,23592.85,23457.05,VERY_WIDE,23592.85,23152.0,0.047,STRONG_DOWNTREND,NEUTRAL,BEARISH,NO_TRADE,NO_TRADE:PAST_14:30,68.78,1,205.08,MEDIUM,0,0,0,0,0,0,NO_TRADE,,NO_TRADE:PAST_14:30,
15:07:00,23172.15,23592.85,23457.05,VERY_WIDE,23592.85,23152.0,0.046,STRONG_DOWNTREND,NEUTRAL,BEARISH,NO_TRADE,NO_TRADE:PAST_14:30,68.78,1,205.01,MEDIUM,0,0,0,0,0,0,NO_TRADE,,NO_TRADE:PAST_14:30,
15:07:15,23175.4,23592.85,23457.05,VERY_WIDE,23592.85,23152.0,0.053,STRONG_DOWNTREND,NEUTRAL,BEARISH,NO_TRADE,NO_TRADE:PAST_14:30,68.78,1,204.94,MEDIUM,0,0,0,0,0,0,NO_TRADE,,NO_TRADE:PAST_14:30,
15:07:30,23176.15,23592.85,23457.05,VERY_WIDE,23592.85,23152.0,0.055,STRONG_DOWNTREND,NEUTRAL,BEARISH,NO_TRADE,NO_TRADE:PAST_14:30,68.78,1,204.87,MEDIUM,0,0,0,0,0,0,NO_TRADE,,NO_TRADE:PAST_14:30,
15:07:45,23177.9,23592.85,23457.05,VERY_WIDE,23592.85,23152.0,0.059,STRONG_DOWNTREND,NEUTRAL,BEARISH,NO_TRADE,NO_TRADE:PAST_14:30,68.78,1,204.79,MEDIUM,0,0,0,0,0,0,NO_TRADE,,NO_TRADE:PAST_14:30,
15:08:00,23176.5,23592.85,23457.05,VERY_WIDE,23592.85,23152.0,0.056,STRONG_DOWNTREND,NEUTRAL,BEARISH,NO_TRADE,NO_TRADE:PAST_14:30,68.78,1,204.72,MEDIUM,0,0,0,0,0,0,NO_TRADE,,NO_TRADE:PAST_14:30,
15:08:15,23174.7,23592.85,23457.05,VERY_WIDE,23592.85,23152.0,0.051,STRONG_DOWNTREND,NEUTRAL,BEARISH,NO_TRADE,NO_TRADE:PAST_14:30,68.78,1,204.65,MEDIUM,0,0,0,0,0,0,NO_TRADE,,NO_TRADE:PAST_14:30,
15:08:30,23173.75,23592.85,23457.05,VERY_WIDE,23592.85,23152.0,0.049,STRONG_DOWNTREND,NEUTRAL,BEARISH,NO_TRADE,NO_TRADE:PAST_14:30,68.78,1,204.57,MEDIUM,0,0,0,0,0,0,NO_TRADE,,NO_TRADE:PAST_14:30,
15:08:45,23173.45,23592.85,23457.05,VERY_WIDE,23592.85,23152.0,0.049,STRONG_DOWNTREND,NEUTRAL,BEARISH,NO_TRADE,NO_TRADE:PAST_14:30,68.78,1,204.5,MEDIUM,0,0,0,0,0,0,NO_TRADE,,NO_TRADE:PAST_14:30,
15:09:00,23173.55,23592.85,23457.05,VERY_WIDE,23592.85,23152.0,0.049,STRONG_DOWNTREND,NEUTRAL,BEARISH,NO_TRADE,NO_TRADE:PAST_14:30,68.78,1,204.43,MEDIUM,0,0,0,0,0,0,NO_TRADE,,NO_TRADE:PAST_14:30,
15:09:15,23169.55,23592.85,23457.05,VERY_WIDE,23592.85,23152.0,0.040,STRONG_DOWNTREND,NEUTRAL,BEARISH,NO_TRADE,NO_TRADE:PAST_14:30,68.78,1,204.36,MEDIUM,0,0,0,0,0,0,NO_TRADE,,NO_TRADE:PAST_14:30,
15:09:30,23173.4,23592.85,23457.05,VERY_WIDE,23592.85,23152.0,0.049,STRONG_DOWNTREND,NEUTRAL,BEARISH,NO_TRADE,NO_TRADE:PAST_14:30,68.78,1,204.28,MEDIUM,0,0,0,0,0,0,NO_TRADE,,NO_TRADE:PAST_14:30,
15:09:45,23172.55,23592.85,23457.05,VERY_WIDE,23592.85,23152.0,0.047,STRONG_DOWNTREND,NEUTRAL,BEARISH,NO_TRADE,NO_TRADE:PAST_14:30,68.78,1,204.21,MEDIUM,0,0,0,0,0,0,NO_TRADE,,NO_TRADE:PAST_14:30,
15:10:00,23174.0,23592.85,23457.05,VERY_WIDE,23592.85,23152.0,0.050,STRONG_DOWNTREND,NEUTRAL,BEARISH,NO_TRADE,NO_TRADE:PAST_14:30,69.76,1,204.14,MEDIUM,0,0,0,0,0,0,NO_TRADE,,NO_TRADE:PAST_14:30,
15:10:15,23171.65,23592.85,23457.05,VERY_WIDE,23592.85,23152.0,0.045,STRONG_DOWNTREND,NEUTRAL,BEARISH,NO_TRADE,NO_TRADE:PAST_14:30,69.76,1,204.07,MEDIUM,0,0,0,0,0,0,NO_TRADE,,NO_TRADE:PAST_14:30,
15:10:30,23170.05,23592.85,23457.05,VERY_WIDE,23592.85,23152.0,0.041,STRONG_DOWNTREND,NEUTRAL,BEARISH,NO_TRADE,NO_TRADE:PAST_14:30,69.76,1,204.0,MEDIUM,0,0,0,0,0,0,NO_TRADE,,NO_TRADE:PAST_14:30,
15:10:46,23171.65,23592.85,23457.05,VERY_WIDE,23592.85,23152.0,0.045,STRONG_DOWNTREND,NEUTRAL,BEARISH,NO_TRADE,NO_TRADE:PAST_14:30,69.76,1,203.92,MEDIUM,0,0,0,0,0,0,NO_TRADE,,NO_TRADE:PAST_14:30,
15:11:01,23174.25,23592.85,23457.05,VERY_WIDE,23592.85,23152.0,0.050,STRONG_DOWNTREND,NEUTRAL,BEARISH,NO_TRADE,NO_TRADE:PAST_14:30,68.32,1,203.85,MEDIUM,0,0,0,0,0,0,NO_TRADE,,NO_TRADE:PAST_14:30,
15:11:16,23177.45,23592.85,23457.05,VERY_WIDE,23592.85,23152.0,0.058,STRONG_DOWNTREND,NEUTRAL,BEARISH,NO_TRADE,NO_TRADE:PAST_14:30,68.32,1,203.78,MEDIUM,0,0,0,0,0,0,NO_TRADE,,NO_TRADE:PAST_14:30,
15:11:32,23191.85,23592.85,23457.05,VERY_WIDE,23592.85,23152.0,0.090,STRONG_DOWNTREND,NEUTRAL,BEARISH,NO_TRADE,NO_TRADE:PAST_14:30,68.32,1,203.7,MEDIUM,0,0,0,0,0,0,NO_TRADE,,NO_TRADE:PAST_14:30,
15:11:46,23183.75,23592.85,23457.05,VERY_WIDE,23592.85,23152.0,0.072,STRONG_DOWNTREND,NEUTRAL,BEARISH,NO_TRADE,NO_TRADE:PAST_14:30,68.32,1,203.64,MEDIUM,0,0,0,0,0,0,NO_TRADE,,NO_TRADE:PAST_14:30,
15:12:02,23187.35,23592.85,23457.05,VERY_WIDE,23592.85,23152.0,0.080,STRONG_DOWNTREND,NEUTRAL,BEARISH,NO_TRADE,NO_TRADE:PAST_14:30,68.32,1,203.56,MEDIUM,0,0,0,0,0,0,NO_TRADE,,NO_TRADE:PAST_14:30,
15:12:17,23179.3,23592.85,23457.05,VERY_WIDE,23592.85,23152.0,0.062,STRONG_DOWNTREND,NEUTRAL,BEARISH,NO_TRADE,NO_TRADE:PAST_14:30,68.32,1,203.49,MEDIUM,0,0,0,0,0,0,NO_TRADE,,NO_TRADE:PAST_14:30,
15:12:32,23179.2,23592.85,23457.05,VERY_WIDE,23592.85,23152.0,0.062,STRONG_DOWNTREND,NEUTRAL,BEARISH,NO_TRADE,NO_TRADE:PAST_14:30,68.32,1,203.42,MEDIUM,0,0,0,0,0,0,NO_TRADE,,NO_TRADE:PAST_14:30,
15:12:47,23178.55,23592.85,23457.05,VERY_WIDE,23592.85,23152.0,0.060,STRONG_DOWNTREND,NEUTRAL,BEARISH,NO_TRADE,NO_TRADE:PAST_14:30,68.32,1,203.35,MEDIUM,0,0,0,0,0,0,NO_TRADE,,NO_TRADE:PAST_14:30,
15:13:02,23177.35,23592.85,23457.05,VERY_WIDE,23592.85,23152.0,0.058,STRONG_DOWNTREND,NEUTRAL,BEARISH,NO_TRADE,NO_TRADE:PAST_14:30,68.32,1,203.28,MEDIUM,0,0,0,0,0,0,NO_TRADE,,NO_TRADE:PAST_14:30,
15:13:17,23183.3,23592.85,23457.05,VERY_WIDE,23592.85,23152.0,0.071,STRONG_DOWNTREND,NEUTRAL,BEARISH,NO_TRADE,NO_TRADE:PAST_14:30,68.32,1,203.2,MEDIUM,0,0,0,0,0,0,NO_TRADE,,NO_TRADE:PAST_14:30,
15:13:32,23182.85,23592.85,23457.05,VERY_WIDE,23592.85,23152.0,0.070,STRONG_DOWNTREND,NEUTRAL,BEARISH,NO_TRADE,NO_TRADE:PAST_14:30,68.32,1,203.13,MEDIUM,0,0,0,0,0,0,NO_TRADE,,NO_TRADE:PAST_14:30,
15:13:47,23180.95,23592.85,23457.05,VERY_WIDE,23592.85,23152.0,0.066,STRONG_DOWNTREND,NEUTRAL,BEARISH,NO_TRADE,NO_TRADE:PAST_14:30,68.32,1,203.06,MEDIUM,0,0,0,0,0,0,NO_TRADE,,NO_TRADE:PAST_14:30,
15:14:02,23181.05,23592.85,23457.05,VERY_WIDE,23592.85,23152.0,0.066,STRONG_DOWNTREND,NEUTRAL,BEARISH,NO_TRADE,NO_TRADE:PAST_14:30,68.32,1,202.99,MEDIUM,0,0,0,0,0,0,NO_TRADE,,NO_TRADE:PAST_14:30,
15:14:17,23175.35,23592.85,23457.05,VERY_WIDE,23592.85,23152.0,0.053,STRONG_DOWNTREND,NEUTRAL,BEARISH,NO_TRADE,NO_TRADE:PAST_14:30,68.32,1,202.92,MEDIUM,0,0,0,0,0,0,NO_TRADE,,NO_TRADE:PAST_14:30,
15:14:32,23177.5,23592.85,23457.05,VERY_WIDE,23592.85,23152.0,0.058,STRONG_DOWNTREND,NEUTRAL,BEARISH,NO_TRADE,NO_TRADE:PAST_14:30,68.32,1,202.85,MEDIUM,0,0,0,0,0,0,NO_TRADE,,NO_TRADE:PAST_14:30,
15:14:47,23169.75,23592.85,23457.05,VERY_WIDE,23592.85,23152.0,0.040,STRONG_DOWNTREND,NEUTRAL,BEARISH,NO_TRADE,NO_TRADE:PAST_14:30,68.32,1,202.78,MEDIUM,0,0,0,0,0,0,NO_TRADE,,NO_TRADE:PAST_14:30,
15:15:02,23172.35,23592.85,23457.05,VERY_WIDE,23592.85,23152.0,0.046,STRONG_DOWNTREND,NEUTRAL,BEARISH,NO_TRADE,NO_TRADE:PAST_14:30,67.91,1,202.71,MEDIUM,0,0,0,0,0,0,NO_TRADE,,NO_TRADE:PAST_14:30,
15:15:17,23172.35,23592.85,23457.05,VERY_WIDE,23592.85,23152.0,0.046,STRONG_DOWNTREND,NEUTRAL,BEARISH,NO_TRADE,NO_TRADE:PAST_14:30,67.91,1,202.64,MEDIUM,0,0,0,0,0,0,NO_TRADE,,NO_TRADE:PAST_14:30,
15:15:32,23172.35,23592.85,23457.05,VERY_WIDE,23592.85,23152.0,0.046,STRONG_DOWNTREND,NEUTRAL,BEARISH,NO_TRADE,NO_TRADE:PAST_14:30,67.91,1,202.57,MEDIUM,0,0,0,0,0,0,NO_TRADE,,NO_TRADE:PAST_14:30,
15:15:47,23172.35,23592.85,23457.05,VERY_WIDE,23592.85,23152.0,0.046,STRONG_DOWNTREND,NEUTRAL,BEARISH,NO_TRADE,NO_TRADE:PAST_14:30,67.91,1,202.5,MEDIUM,0,0,0,0,0,0,NO_TRADE,,NO_TRADE:PAST_14:30,
15:16:02,23172.35,23592.85,23457.05,VERY_WIDE,23592.85,23152.0,0.046,STRONG_DOWNTREND,NEUTRAL,BEARISH,NO_TRADE,NO_TRADE:PAST_14:30,67.91,1,202.43,MEDIUM,0,0,0,0,0,0,NO_TRADE,,NO_TRADE:PAST_14:30,
15:16:17,23172.35,23592.85,23457.05,VERY_WIDE,23592.85,23152.0,0.046,STRONG_DOWNTREND,NEUTRAL,BEARISH,NO_TRADE,NO_TRADE:PAST_14:30,67.91,1,202.36,MEDIUM,0,0,0,0,0,0,NO_TRADE,,NO_TRADE:PAST_14:30,
15:16:32,23172.35,23592.85,23457.05,VERY_WIDE,23592.85,23152.0,0.046,STRONG_DOWNTREND,NEUTRAL,BEARISH,NO_TRADE,NO_TRADE:PAST_14:30,67.91,1,202.29,MEDIUM,0,0,0,0,0,0,NO_TRADE,,NO_TRADE:PAST_14:30,
15:16:47,23172.35,23592.85,23457.05,VERY_WIDE,23592.85,23152.0,0.046,STRONG_DOWNTREND,NEUTRAL,BEARISH,NO_TRADE,NO_TRADE:PAST_14:30,67.91,1,202.22,MEDIUM,0,0,0,0,0,0,NO_TRADE,,NO_TRADE:PAST_14:30,
15:17:02,23172.35,23592.85,23457.05,VERY_WIDE,23592.85,23152.0,0.046,STRONG_DOWNTREND,NEUTRAL,BEARISH,NO_TRADE,NO_TRADE:PAST_14:30,67.91,1,202.15,MEDIUM,0,0,0,0,0,0,NO_TRADE,,NO_TRADE:PAST_14:30,
15:17:17,23172.35,23592.85,23457.05,VERY_WIDE,23592.85,23152.0,0.046,STRONG_DOWNTREND,NEUTRAL,BEARISH,NO_TRADE,NO_TRADE:PAST_14:30,67.91,1,202.08,MEDIUM,0,0,0,0,0,0,NO_TRADE,,NO_TRADE:PAST_14:30,
15:17:32,23172.35,23592.85,23457.05,VERY_WIDE,23592.85,23152.0,0.046,STRONG_DOWNTREND,NEUTRAL,BEARISH,NO_TRADE,NO_TRADE:PAST_14:30,67.91,1,202.01,MEDIUM,0,0,0,0,0,0,NO_TRADE,,NO_TRADE:PAST_14:30,
15:17:47,23172.35,23592.85,23457.05,VERY_WIDE,23592.85,23152.0,0.046,STRONG_DOWNTREND,NEUTRAL,BEARISH,NO_TRADE,NO_TRADE:PAST_14:30,67.91,1,201.94,MEDIUM,0,0,0,0,0,0,NO_TRADE,,NO_TRADE:PAST_14:30,
15:18:02,23172.35,23592.85,23457.05,VERY_WIDE,23592.85,23152.0,0.046,STRONG_DOWNTREND,NEUTRAL,BEARISH,NO_TRADE,NO_TRADE:PAST_14:30,67.91,1,201.87,MEDIUM,0,0,0,0,0,0,NO_TRADE,,NO_TRADE:PAST_14:30,
15:18:17,23172.35,23592.85,23457.05,VERY_WIDE,23592.85,23152.0,0.046,STRONG_DOWNTREND,NEUTRAL,BEARISH,NO_TRADE,NO_TRADE:PAST_14:30,67.91,1,201.8,MEDIUM,0,0,0,0,0,0,NO_TRADE,,NO_TRADE:PAST_14:30,
15:18:32,23172.35,23592.85,23457.05,VERY_WIDE,23592.85,23152.0,0.046,STRONG_DOWNTREND,NEUTRAL,BEARISH,NO_TRADE,NO_TRADE:PAST_14:30,67.91,1,201.73,MEDIUM,0,0,0,0,0,0,NO_TRADE,,NO_TRADE:PAST_14:30,
15:18:47,23172.35,23592.85,23457.05,VERY_WIDE,23592.85,23152.0,0.046,STRONG_DOWNTREND,NEUTRAL,BEARISH,NO_TRADE,NO_TRADE:PAST_14:30,67.91,1,201.66,MEDIUM,0,0,0,0,0,0,NO_TRADE,,NO_TRADE:PAST_14:30,
15:19:02,23172.35,23592.85,23457.05,VERY_WIDE,23592.85,23152.0,0.046,STRONG_DOWNTREND,NEUTRAL,BEARISH,NO_TRADE,NO_TRADE:PAST_14:30,67.91,1,201.59,MEDIUM,0,0,0,0,0,0,NO_TRADE,,NO_TRADE:PAST_14:30,
15:19:17,23172.35,23592.85,23457.05,VERY_WIDE,23592.85,23152.0,0.046,STRONG_DOWNTREND,NEUTRAL,BEARISH,NO_TRADE,NO_TRADE:PAST_14:30,67.91,1,201.52,MEDIUM,0,0,0,0,0,0,NO_TRADE,,NO_TRADE:PAST_14:30,
15:19:33,23172.35,23592.85,23457.05,VERY_WIDE,23592.85,23152.0,0.046,STRONG_DOWNTREND,NEUTRAL,BEARISH,NO_TRADE,NO_TRADE:PAST_14:30,67.91,1,201.45,MEDIUM,0,0,0,0,0,0,NO_TRADE,,NO_TRADE:PAST_14:30,
15:19:48,23172.35,23592.85,23457.05,VERY_WIDE,23592.85,23152.0,0.046,STRONG_DOWNTREND,NEUTRAL,BEARISH,NO_TRADE,NO_TRADE:PAST_14:30,67.91,1,201.38,MEDIUM,0,0,0,0,0,0,NO_TRADE,,NO_TRADE:PAST_14:30,
15:20:02,23172.35,23592.85,23457.05,VERY_WIDE,23592.85,23152.0,0.046,STRONG_DOWNTREND,NEUTRAL,BEARISH,NO_TRADE,NO_TRADE:PAST_14:30,67.54,1,201.31,MEDIUM,0,0,0,0,0,0,NO_TRADE,,NO_TRADE:PAST_14:30,
15:20:18,23172.35,23592.85,23457.05,VERY_WIDE,23592.85,23152.0,0.046,STRONG_DOWNTREND,NEUTRAL,BEARISH,NO_TRADE,NO_TRADE:PAST_14:30,67.54,1,201.25,MEDIUM,0,0,0,0,0,0,NO_TRADE,,NO_TRADE:PAST_14:30,
15:20:33,23172.35,23592.85,23457.05,VERY_WIDE,23592.85,23152.0,0.046,STRONG_DOWNTREND,NEUTRAL,BEARISH,NO_TRADE,NO_TRADE:PAST_14:30,67.54,1,201.18,MEDIUM,0,0,0,0,0,0,NO_TRADE,,NO_TRADE:PAST_14:30,
15:20:48,23172.35,23592.85,23457.05,VERY_WIDE,23592.85,23152.0,0.046,STRONG_DOWNTREND,NEUTRAL,BEARISH,NO_TRADE,NO_TRADE:PAST_14:30,67.54,1,201.11,MEDIUM,0,0,0,0,0,0,NO_TRADE,,NO_TRADE:PAST_14:30,
15:21:03,23172.35,23592.85,23457.05,VERY_WIDE,23592.85,23152.0,0.046,STRONG_DOWNTREND,NEUTRAL,BEARISH,NO_TRADE,NO_TRADE:PAST_14:30,67.54,1,201.04,MEDIUM,0,0,0,0,0,0,NO_TRADE,,NO_TRADE:PAST_14:30,
15:21:18,23172.35,23592.85,23457.05,VERY_WIDE,23592.85,23152.0,0.046,STRONG_DOWNTREND,NEUTRAL,BEARISH,NO_TRADE,NO_TRADE:PAST_14:30,67.54,1,200.97,MEDIUM,0,0,0,0,0,0,NO_TRADE,,NO_TRADE:PAST_14:30,
15:21:33,23172.35,23592.85,23457.05,VERY_WIDE,23592.85,23152.0,0.046,STRONG_DOWNTREND,NEUTRAL,BEARISH,NO_TRADE,NO_TRADE:PAST_14:30,67.54,1,200.9,MEDIUM,0,0,0,0,0,0,NO_TRADE,,NO_TRADE:PAST_14:30,
15:21:48,23172.35,23592.85,23457.05,VERY_WIDE,23592.85,23152.0,0.046,STRONG_DOWNTREND,NEUTRAL,BEARISH,NO_TRADE,NO_TRADE:PAST_14:30,67.54,1,200.83,MEDIUM,0,0,0,0,0,0,NO_TRADE,,NO_TRADE:PAST_14:30,
15:22:03,23172.35,23592.85,23457.05,VERY_WIDE,23592.85,23152.0,0.046,STRONG_DOWNTREND,NEUTRAL,BEARISH,NO_TRADE,NO_TRADE:PAST_14:30,67.54,1,200.76,MEDIUM,0,0,0,0,0,0,NO_TRADE,,NO_TRADE:PAST_14:30,
15:22:18,23172.35,23592.85,23457.05,VERY_WIDE,23592.85,23152.0,0.046,STRONG_DOWNTREND,NEUTRAL,BEARISH,NO_TRADE,NO_TRADE:PAST_14:30,67.54,1,200.7,MEDIUM,0,0,0,0,0,0,NO_TRADE,,NO_TRADE:PAST_14:30,
15:22:33,23172.35,23592.85,23457.05,VERY_WIDE,23592.85,23152.0,0.046,STRONG_DOWNTREND,NEUTRAL,BEARISH,NO_TRADE,NO_TRADE:PAST_14:30,67.54,1,200.63,MEDIUM,0,0,0,0,0,0,NO_TRADE,,NO_TRADE:PAST_14:30,
15:22:48,23172.35,23592.85,23457.05,VERY_WIDE,23592.85,23152.0,0.046,STRONG_DOWNTREND,NEUTRAL,BEARISH,NO_TRADE,NO_TRADE:PAST_14:30,67.54,1,200.56,MEDIUM,0,0,0,0,0,0,NO_TRADE,,NO_TRADE:PAST_14:30,
15:23:03,23172.35,23592.85,23457.05,VERY_WIDE,23592.85,23152.0,0.046,STRONG_DOWNTREND,NEUTRAL,BEARISH,NO_TRADE,NO_TRADE:PAST_14:30,67.54,1,200.49,MEDIUM,0,0,0,0,0,0,NO_TRADE,,NO_TRADE:PAST_14:30,
15:23:18,23172.35,23592.85,23457.05,VERY_WIDE,23592.85,23152.0,0.046,STRONG_DOWNTREND,NEUTRAL,BEARISH,NO_TRADE,NO_TRADE:PAST_14:30,67.54,1,200.42,MEDIUM,0,0,0,0,0,0,NO_TRADE,,NO_TRADE:PAST_14:30,
15:23:33,23172.35,23592.85,23457.05,VERY_WIDE,23592.85,23152.0,0.046,STRONG_DOWNTREND,NEUTRAL,BEARISH,NO_TRADE,NO_TRADE:PAST_14:30,67.54,1,200.35,MEDIUM,0,0,0,0,0,0,NO_TRADE,,NO_TRADE:PAST_14:30,
15:23:48,23172.35,23592.85,23457.05,VERY_WIDE,23592.85,23152.0,0.046,STRONG_DOWNTREND,NEUTRAL,BEARISH,NO_TRADE,NO_TRADE:PAST_14:30,67.54,1,200.29,MEDIUM,0,0,0,0,0,0,NO_TRADE,,NO_TRADE:PAST_14:30,
15:24:03,23172.35,23592.85,23457.05,VERY_WIDE,23592.85,23152.0,0.046,STRONG_DOWNTREND,NEUTRAL,BEARISH,NO_TRADE,NO_TRADE:PAST_14:30,67.54,1,200.22,MEDIUM,0,0,0,0,0,0,NO_TRADE,,NO_TRADE:PAST_14:30,
15:24:18,23172.35,23592.85,23457.05,VERY_WIDE,23592.85,23152.0,0.046,STRONG_DOWNTREND,NEUTRAL,BEARISH,NO_TRADE,NO_TRADE:PAST_14:30,67.54,1,200.15,MEDIUM,0,0,0,0,0,0,NO_TRADE,,NO_TRADE:PAST_14:30,
15:24:33,23172.35,23592.85,23457.05,VERY_WIDE,23592.85,23152.0,0.046,STRONG_DOWNTREND,NEUTRAL,BEARISH,NO_TRADE,NO_TRADE:PAST_14:30,67.54,1,200.08,MEDIUM,0,0,0,0,0,0,NO_TRADE,,NO_TRADE:PAST_14:30,
15:24:48,23172.35,23592.85,23457.05,VERY_WIDE,23592.85,23152.0,0.046,STRONG_DOWNTREND,NEUTRAL,BEARISH,NO_TRADE,NO_TRADE:PAST_14:30,67.54,1,200.01,MEDIUM,0,0,0,0,0,0,NO_TRADE,,NO_TRADE:PAST_14:30,
15:25:03,23172.35,23592.85,23457.05,VERY_WIDE,23592.85,23152.0,0.046,STRONG_DOWNTREND,NEUTRAL,BEARISH,NO_TRADE,NO_TRADE:PAST_14:30,67.21,1,199.95,MEDIUM,0,0,0,0,0,0,NO_TRADE,,NO_TRADE:PAST_14:30,
15:25:18,23172.35,23592.85,23457.05,VERY_WIDE,23592.85,23152.0,0.046,STRONG_DOWNTREND,NEUTRAL,BEARISH,NO_TRADE,NO_TRADE:PAST_14:30,67.21,1,199.88,MEDIUM,0,0,0,0,0,0,NO_TRADE,,NO_TRADE:PAST_14:30,
15:25:33,23172.35,23592.85,23457.05,VERY_WIDE,23592.85,23152.0,0.046,STRONG_DOWNTREND,NEUTRAL,BEARISH,NO_TRADE,NO_TRADE:PAST_14:30,67.21,1,199.81,MEDIUM,0,0,0,0,0,0,NO_TRADE,,NO_TRADE:PAST_14:30,
15:25:48,23172.35,23592.85,23457.05,VERY_WIDE,23592.85,23152.0,0.046,STRONG_DOWNTREND,NEUTRAL,BEARISH,NO_TRADE,NO_TRADE:PAST_14:30,67.21,1,199.74,MEDIUM,0,0,0,0,0,0,NO_TRADE,,NO_TRADE:PAST_14:30,
15:26:03,23172.35,23592.85,23457.05,VERY_WIDE,23592.85,23152.0,0.046,STRONG_DOWNTREND,NEUTRAL,BEARISH,NO_TRADE,NO_TRADE:PAST_14:30,67.21,1,199.68,MEDIUM,0,0,0,0,0,0,NO_TRADE,,NO_TRADE:PAST_14:30,
15:26:18,23172.35,23592.85,23457.05,VERY_WIDE,23592.85,23152.0,0.046,STRONG_DOWNTREND,NEUTRAL,BEARISH,NO_TRADE,NO_TRADE:PAST_14:30,67.21,1,199.61,MEDIUM,0,0,0,0,0,0,NO_TRADE,,NO_TRADE:PAST_14:30,
15:26:33,23172.35,23592.85,23457.05,VERY_WIDE,23592.85,23152.0,0.046,STRONG_DOWNTREND,NEUTRAL,BEARISH,NO_TRADE,NO_TRADE:PAST_14:30,67.21,1,199.54,MEDIUM,0,0,0,0,0,0,NO_TRADE,,NO_TRADE:PAST_14:30,
15:26:48,23172.35,23592.85,23457.05,VERY_WIDE,23592.85,23152.0,0.046,STRONG_DOWNTREND,NEUTRAL,BEARISH,NO_TRADE,NO_TRADE:PAST_14:30,67.21,1,199.47,MEDIUM,0,0,0,0,0,0,NO_TRADE,,NO_TRADE:PAST_14:30,
15:27:03,23172.35,23592.85,23457.05,VERY_WIDE,23592.85,23152.0,0.046,STRONG_DOWNTREND,NEUTRAL,BEARISH,NO_TRADE,NO_TRADE:PAST_14:30,67.21,1,199.41,MEDIUM,0,0,0,0,0,0,NO_TRADE,,NO_TRADE:PAST_14:30,
15:27:18,23172.35,23592.85,23457.05,VERY_WIDE,23592.85,23152.0,0.046,STRONG_DOWNTREND,NEUTRAL,BEARISH,NO_TRADE,NO_TRADE:PAST_14:30,67.21,1,199.34,MEDIUM,0,0,0,0,0,0,NO_TRADE,,NO_TRADE:PAST_14:30,
15:27:34,23172.35,23592.85,23457.05,VERY_WIDE,23592.85,23152.0,0.046,STRONG_DOWNTREND,NEUTRAL,BEARISH,NO_TRADE,NO_TRADE:PAST_14:30,67.21,1,199.27,MEDIUM,0,0,0,0,0,0,NO_TRADE,,NO_TRADE:PAST_14:30,
15:27:48,23172.35,23592.85,23457.05,VERY_WIDE,23592.85,23152.0,0.046,STRONG_DOWNTREND,NEUTRAL,BEARISH,NO_TRADE,NO_TRADE:PAST_14:30,67.21,1,199.21,MEDIUM,0,0,0,0,0,0,NO_TRADE,,NO_TRADE:PAST_14:30,
15:28:03,23172.35,23592.85,23457.05,VERY_WIDE,23592.85,23152.0,0.046,STRONG_DOWNTREND,NEUTRAL,BEARISH,NO_TRADE,NO_TRADE:PAST_14:30,67.21,1,199.14,MEDIUM,0,0,0,0,0,0,NO_TRADE,,NO_TRADE:PAST_14:30,
15:28:18,23172.35,23592.85,23457.05,VERY_WIDE,23592.85,23152.0,0.046,STRONG_DOWNTREND,NEUTRAL,BEARISH,NO_TRADE,NO_TRADE:PAST_14:30,67.21,1,199.07,MEDIUM,0,0,0,0,0,0,NO_TRADE,,NO_TRADE:PAST_14:30,
15:28:33,23172.35,23592.85,23457.05,VERY_WIDE,23592.85,23152.0,0.046,STRONG_DOWNTREND,NEUTRAL,BEARISH,NO_TRADE,NO_TRADE:PAST_14:30,67.21,1,199.01,MEDIUM,0,0,0,0,0,0,NO_TRADE,,NO_TRADE:PAST_14:30,
15:28:49,23172.35,23592.85,23457.05,VERY_WIDE,23592.85,23152.0,0.046,STRONG_DOWNTREND,NEUTRAL,BEARISH,NO_TRADE,NO_TRADE:PAST_14:30,67.21,1,198.94,MEDIUM,0,0,0,0,0,0,NO_TRADE,,NO_TRADE:PAST_14:30,
15:29:04,23118.6,23592.85,23457.05,VERY_WIDE,23592.85,23118.6,0.000,STRONG_DOWNTREND,NEUTRAL,BEARISH,NO_TRADE,NO_TRADE:PAST_14:30,68.81,1,213.94,MEDIUM,0,0,0,0,0,0,NO_TRADE,,NO_TRADE:PAST_14:30,
15:29:19,23118.6,23592.85,23457.05,VERY_WIDE,23592.85,23118.6,0.000,STRONG_DOWNTREND,NEUTRAL,BEARISH,NO_TRADE,NO_TRADE:PAST_14:30,68.81,1,213.87,MEDIUM,0,0,0,0,0,0,NO_TRADE,,NO_TRADE:PAST_14:30,
15:29:34,23118.6,23592.85,23457.05,VERY_WIDE,23592.85,23118.6,0.000,STRONG_DOWNTREND,NEUTRAL,BEARISH,NO_TRADE,NO_TRADE:PAST_14:30,68.81,1,213.8,MEDIUM,0,0,0,0,0,0,NO_TRADE,,NO_TRADE:PAST_14:30,
15:29:49,23118.6,23592.85,23457.05,VERY_WIDE,23592.85,23118.6,0.000,STRONG_DOWNTREND,NEUTRAL,BEARISH,NO_TRADE,NO_TRADE:PAST_14:30,68.81,1,213.73,MEDIUM,0,0,0,0,0,0,NO_TRADE,,NO_TRADE:PAST_14:30,
15:30:04,23118.6,23592.85,23457.05,VERY_WIDE,23592.85,23118.6,0.000,STRONG_DOWNTREND,NEUTRAL,BEARISH,NO_TRADE,NO_TRADE:PAST_14:30,68.81,1,213.67,MEDIUM,0,0,0,0,0,0,NO_TRADE,,NO_TRADE:PAST_14:30,
15:30:19,23118.6,23592.85,23457.05,VERY_WIDE,23592.85,23118.6,0.000,STRONG_DOWNTREND,NEUTRAL,BEARISH,NO_TRADE,NO_TRADE:PAST_14:30,68.81,1,213.67,MEDIUM,0,0,0,0,0,0,NO_TRADE,,NO_TRADE:PAST_14:30,
15:30:35,23118.6,23592.85,23457.05,VERY_WIDE,23592.85,23118.6,0.000,STRONG_DOWNTREND,NEUTRAL,BEARISH,NO_TRADE,NO_TRADE:PAST_14:30,68.81,1,213.67,MEDIUM,0,0,0,0,0,0,NO_TRADE,,NO_TRADE:PAST_14:30,
15:30:49,23118.6,23592.85,23457.05,VERY_WIDE,23592.85,23118.6,0.000,STRONG_DOWNTREND,NEUTRAL,BEARISH,NO_TRADE,NO_TRADE:PAST_14:30,68.81,1,213.67,MEDIUM,0,0,0,0,0,0,NO_TRADE,,NO_TRADE:PAST_14:30,
