time,spot,or_h,or_l,or_cond,day_h,day_l,loc,px,vol,pos,final,notes,adx,adx_m,dmu,conf,dte,choppy,fade_hi,fade_lo,fb_lo,fb_hi,action,strat,reason,in_trade
09:15:25,23246.15,,,,23255.8,23193.65,0.845,OBSERVING,SELL_PREMIUM,RANGE,NO_TRADE,NO_TRADE:OR_NOT_ESTABLISHED,0.0,0,0.0,NONE,3,0,0,0,0,0,NO_TRADE,,NO_TRADE:OR_NOT_ESTABLISHED,
09:15:39,23229.4,,,,23255.8,23193.65,0.575,OBSERVING,SELL_PREMIUM,RANGE,NO_TRADE,NO_TRADE:OR_NOT_ESTABLISHED,0.0,0,0.0,NONE,3,0,0,0,0,0,NO_TRADE,,NO_TRADE:OR_NOT_ESTABLISHED,
09:15:54,23216.15,,,,23255.8,23193.65,0.362,OBSERVING,SELL_PREMIUM,RANGE,NO_TRADE,NO_TRADE:OR_NOT_ESTABLISHED,0.0,0,0.0,NONE,3,0,0,0,0,0,NO_TRADE,,NO_TRADE:OR_NOT_ESTABLISHED,
09:16:09,23207.2,,,,23255.8,23193.65,0.218,OBSERVING,SELL_PREMIUM,STRONG_RANGE,NO_TRADE,NO_TRADE:OR_NOT_ESTABLISHED,0.0,0,0.0,NONE,3,0,0,0,0,0,NO_TRADE,,NO_TRADE:OR_NOT_ESTABLISHED,
09:16:24,23199.3,,,,23255.8,23193.65,0.091,OBSERVING,SELL_PREMIUM,RANGE,NO_TRADE,NO_TRADE:OR_NOT_ESTABLISHED,0.0,0,0.0,NONE,3,0,0,0,0,0,NO_TRADE,,NO_TRADE:OR_NOT_ESTABLISHED,
09:16:40,23219.75,,,,23255.8,23193.65,0.420,OBSERVING,SELL_PREMIUM,STRONG_RANGE,NO_TRADE,NO_TRADE:OR_NOT_ESTABLISHED,0.0,0,0.0,NONE,3,0,0,0,0,0,NO_TRADE,,NO_TRADE:OR_NOT_ESTABLISHED,
09:16:54,23221.0,,,,23255.8,23193.65,0.440,OBSERVING,SELL_PREMIUM,STRONG_RANGE,NO_TRADE,NO_TRADE:OR_NOT_ESTABLISHED,0.0,0,0.0,NONE,3,0,0,0,0,0,NO_TRADE,,NO_TRADE:OR_NOT_ESTABLISHED,
09:17:09,23218.55,,,,23255.8,23193.65,0.401,OBSERVING,SELL_PREMIUM,STRONG_RANGE,NO_TRADE,NO_TRADE:OR_NOT_ESTABLISHED,0.0,0,0.0,NONE,3,0,0,0,0,0,NO_TRADE,,NO_TRADE:OR_NOT_ESTABLISHED,
09:17:24,23235.7,,,,23255.8,23193.65,0.677,OBSERVING,SELL_PREMIUM,STRONG_RANGE,NO_TRADE,NO_TRADE:OR_NOT_ESTABLISHED,0.0,0,0.0,NONE,3,0,0,0,0,0,NO_TRADE,,NO_TRADE:OR_NOT_ESTABLISHED,
09:17:39,23239.4,,,,23255.8,23193.65,0.736,OBSERVING,SELL_PREMIUM,STRONG_RANGE,NO_TRADE,NO_TRADE:OR_NOT_ESTABLISHED,0.0,0,0.0,NONE,3,0,0,0,0,0,NO_TRADE,,NO_TRADE:OR_NOT_ESTABLISHED,
09:17:54,23243.7,,,,23255.8,23193.65,0.805,OBSERVING,SELL_PREMIUM,STRONG_RANGE,NO_TRADE,NO_TRADE:OR_NOT_ESTABLISHED,0.0,0,0.0,NONE,3,0,0,0,0,0,NO_TRADE,,NO_TRADE:OR_NOT_ESTABLISHED,
09:18:10,23253.55,,,,23261.1,23193.65,0.888,OBSERVING,SELL_PREMIUM,STRONG_RANGE,NO_TRADE,NO_TRADE:OR_NOT_ESTABLISHED,0.0,0,0.0,NONE,3,0,0,0,0,0,NO_TRADE,,NO_TRADE:OR_NOT_ESTABLISHED,
09:18:25,23259.55,,,,23261.1,23193.65,0.977,OBSERVING,SELL_PREMIUM,STRONG_RANGE,NO_TRADE,NO_TRADE:OR_NOT_ESTABLISHED,0.0,0,0.0,NONE,3,0,0,0,0,0,NO_TRADE,,NO_TRADE:OR_NOT_ESTABLISHED,
09:18:45,23255.6,,,,23261.1,23193.65,0.918,OBSERVING,SELL_PREMIUM,STRONG_RANGE,NO_TRADE,NO_TRADE:OR_NOT_ESTABLISHED,0.0,0,0.0,NONE,3,0,0,0,0,0,NO_TRADE,,NO_TRADE:OR_NOT_ESTABLISHED,
09:18:57,23258.15,,,,23261.1,23193.65,0.956,OBSERVING,SELL_PREMIUM,STRONG_RANGE,NO_TRADE,NO_TRADE:OR_NOT_ESTABLISHED,0.0,0,0.0,NONE,3,0,0,0,0,0,NO_TRADE,,NO_TRADE:OR_NOT_ESTABLISHED,
09:19:11,23255.5,,,,23263.25,23193.65,0.889,OBSERVING,SELL_PREMIUM,STRONG_RANGE,NO_TRADE,NO_TRADE:OR_NOT_ESTABLISHED,0.0,0,0.0,NONE,3,0,0,0,0,0,NO_TRADE,,NO_TRADE:OR_NOT_ESTABLISHED,
09:19:27,23261.7,,,,23263.25,23193.65,0.978,OBSERVING,SELL_PREMIUM,STRONG_RANGE,NO_TRADE,NO_TRADE:OR_NOT_ESTABLISHED,0.0,0,0.0,NONE,3,0,0,0,0,0,NO_TRADE,,NO_TRADE:OR_NOT_ESTABLISHED,
09:19:41,23257.7,,,,23263.25,23193.65,0.920,OBSERVING,SELL_PREMIUM,STRONG_RANGE,NO_TRADE,NO_TRADE:OR_NOT_ESTABLISHED,0.0,0,0.0,NONE,3,0,0,0,0,0,NO_TRADE,,NO_TRADE:OR_NOT_ESTABLISHED,
09:20:00,23257.55,,,,23267.7,23193.65,0.863,OBSERVING,SELL_PREMIUM,STRONG_RANGE,NO_TRADE,NO_TRADE:OR_NOT_ESTABLISHED,0.0,0,0.0,NONE,3,0,0,0,0,0,NO_TRADE,,NO_TRADE:OR_NOT_ESTABLISHED,
09:20:12,23250.95,,,,23267.7,23193.65,0.774,OBSERVING,SELL_PREMIUM,STRONG_RANGE,NO_TRADE,NO_TRADE:OR_NOT_ESTABLISHED,0.0,0,0.0,NONE,3,0,0,0,0,0,NO_TRADE,,NO_TRADE:OR_NOT_ESTABLISHED,
09:20:26,23262.95,,,,23267.7,23193.65,0.936,OBSERVING,SELL_PREMIUM,STRONG_RANGE,NO_TRADE,NO_TRADE:OR_NOT_ESTABLISHED,0.0,0,0.0,NONE,3,0,0,0,0,0,NO_TRADE,,NO_TRADE:OR_NOT_ESTABLISHED,
09:20:42,23255.55,,,,23267.7,23193.65,0.836,OBSERVING,SELL_PREMIUM,STRONG_RANGE,NO_TRADE,NO_TRADE:OR_NOT_ESTABLISHED,0.0,0,0.0,NONE,3,0,0,0,0,0,NO_TRADE,,NO_TRADE:OR_NOT_ESTABLISHED,
09:20:57,23254.8,,,,23267.7,23193.65,0.826,OBSERVING,SELL_PREMIUM,STRONG_RANGE,NO_TRADE,NO_TRADE:OR_NOT_ESTABLISHED,0.0,0,0.0,NONE,3,0,0,0,0,0,NO_TRADE,,NO_TRADE:OR_NOT_ESTABLISHED,
09:21:12,23259.3,,,,23267.7,23193.65,0.887,OBSERVING,SELL_PREMIUM,STRONG_RANGE,NO_TRADE,NO_TRADE:OR_NOT_ESTABLISHED,0.0,0,0.0,NONE,3,0,0,0,0,0,NO_TRADE,,NO_TRADE:OR_NOT_ESTABLISHED,
09:21:28,23258.4,,,,23267.7,23193.65,0.874,OBSERVING,SELL_PREMIUM,STRONG_RANGE,NO_TRADE,NO_TRADE:OR_NOT_ESTABLISHED,0.0,0,0.0,NONE,3,0,0,0,0,0,NO_TRADE,,NO_TRADE:OR_NOT_ESTABLISHED,
09:21:42,23250.05,,,,23267.7,23193.65,0.762,OBSERVING,SELL_PREMIUM,STRONG_RANGE,NO_TRADE,NO_TRADE:OR_NOT_ESTABLISHED,0.0,0,0.0,NONE,3,0,0,0,0,0,NO_TRADE,,NO_TRADE:OR_NOT_ESTABLISHED,
09:21:57,23251.85,,,,23267.7,23193.65,0.786,OBSERVING,SELL_PREMIUM,STRONG_RANGE,NO_TRADE,NO_TRADE:OR_NOT_ESTABLISHED,0.0,0,0.0,NONE,3,0,0,0,0,0,NO_TRADE,,NO_TRADE:OR_NOT_ESTABLISHED,
09:22:12,23252.6,,,,23267.7,23193.65,0.796,OBSERVING,SELL_PREMIUM,STRONG_RANGE,NO_TRADE,NO_TRADE:OR_NOT_ESTABLISHED,0.0,0,0.0,NONE,3,0,0,0,0,0,NO_TRADE,,NO_TRADE:OR_NOT_ESTABLISHED,
09:22:27,23247.75,,,,23267.7,23193.65,0.731,OBSERVING,SELL_PREMIUM,STRONG_RANGE,NO_TRADE,NO_TRADE:OR_NOT_ESTABLISHED,0.0,0,0.0,NONE,3,0,0,0,0,0,NO_TRADE,,NO_TRADE:OR_NOT_ESTABLISHED,
09:22:42,23243.15,,,,23267.7,23193.65,0.668,OBSERVING,SELL_PREMIUM,STRONG_RANGE,NO_TRADE,NO_TRADE:OR_NOT_ESTABLISHED,0.0,0,0.0,NONE,3,0,0,0,0,0,NO_TRADE,,NO_TRADE:OR_NOT_ESTABLISHED,
09:22:57,23241.9,,,,23267.7,23193.65,0.652,OBSERVING,SELL_PREMIUM,STRONG_RANGE,NO_TRADE,NO_TRADE:OR_NOT_ESTABLISHED,0.0,0,0.0,NONE,3,0,0,0,0,0,NO_TRADE,,NO_TRADE:OR_NOT_ESTABLISHED,
09:23:12,23242.45,,,,23267.7,23193.65,0.659,OBSERVING,SELL_PREMIUM,STRONG_RANGE,NO_TRADE,NO_TRADE:OR_NOT_ESTABLISHED,0.0,0,0.0,NONE,3,0,0,0,0,0,NO_TRADE,,NO_TRADE:OR_NOT_ESTABLISHED,
09:23:27,23239.45,,,,23267.7,23193.65,0.619,OBSERVING,SELL_PREMIUM,STRONG_RANGE,NO_TRADE,NO_TRADE:OR_NOT_ESTABLISHED,0.0,0,0.0,NONE,3,0,0,0,0,0,NO_TRADE,,NO_TRADE:OR_NOT_ESTABLISHED,
09:23:42,23239.7,,,,23267.7,23193.65,0.622,OBSERVING,SELL_PREMIUM,STRONG_RANGE,NO_TRADE,NO_TRADE:OR_NOT_ESTABLISHED,0.0,0,0.0,NONE,3,0,0,0,0,0,NO_TRADE,,NO_TRADE:OR_NOT_ESTABLISHED,
09:23:57,23238.1,,,,23267.7,23193.65,0.600,OBSERVING,SELL_PREMIUM,STRONG_RANGE,NO_TRADE,NO_TRADE:OR_NOT_ESTABLISHED,0.0,0,0.0,NONE,3,0,0,0,0,0,NO_TRADE,,NO_TRADE:OR_NOT_ESTABLISHED,
09:24:12,23236.65,,,,23267.7,23193.65,0.581,OBSERVING,SELL_PREMIUM,STRONG_RANGE,NO_TRADE,NO_TRADE:OR_NOT_ESTABLISHED,0.0,0,0.0,NONE,3,0,0,0,0,0,NO_TRADE,,NO_TRADE:OR_NOT_ESTABLISHED,
09:24:27,23235.7,,,,23267.7,23193.65,0.568,OBSERVING,SELL_PREMIUM,STRONG_RANGE,NO_TRADE,NO_TRADE:OR_NOT_ESTABLISHED,0.0,0,0.0,NONE,3,0,0,0,0,0,NO_TRADE,,NO_TRADE:OR_NOT_ESTABLISHED,
09:24:42,23235.2,,,,23267.7,23193.65,0.561,OBSERVING,SELL_PREMIUM,STRONG_RANGE,NO_TRADE,NO_TRADE:OR_NOT_ESTABLISHED,0.0,0,0.0,NONE,3,0,0,0,0,0,NO_TRADE,,NO_TRADE:OR_NOT_ESTABLISHED,
09:24:57,23228.7,,,,23267.7,23193.65,0.473,OBSERVING,SELL_PREMIUM,STRONG_RANGE,NO_TRADE,NO_TRADE:OR_NOT_ESTABLISHED,0.0,0,0.0,NONE,3,0,0,0,0,0,NO_TRADE,,NO_TRADE:OR_NOT_ESTABLISHED,
09:25:12,23231.65,,,,23267.7,23193.65,0.513,OBSERVING,SELL_PREMIUM,STRONG_RANGE,NO_TRADE,NO_TRADE:OR_NOT_ESTABLISHED,0.0,0,0.0,NONE,3,0,0,0,0,0,NO_TRADE,,NO_TRADE:OR_NOT_ESTABLISHED,
09:25:27,23235.6,,,,23267.7,23193.65,0.567,OBSERVING,SELL_PREMIUM,STRONG_RANGE,NO_TRADE,NO_TRADE:OR_NOT_ESTABLISHED,0.0,0,0.0,NONE,3,0,0,0,0,0,NO_TRADE,,NO_TRADE:OR_NOT_ESTABLISHED,
09:25:42,23235.7,,,,23267.7,23193.65,0.568,OBSERVING,SELL_PREMIUM,STRONG_RANGE,NO_TRADE,NO_TRADE:OR_NOT_ESTABLISHED,0.0,0,0.0,NONE,3,0,0,0,0,0,NO_TRADE,,NO_TRADE:OR_NOT_ESTABLISHED,
09:25:58,23230.95,,,,23267.7,23193.65,0.504,OBSERVING,SELL_PREMIUM,STRONG_RANGE,NO_TRADE,NO_TRADE:OR_NOT_ESTABLISHED,0.0,0,0.0,NONE,3,0,0,0,0,0,NO_TRADE,,NO_TRADE:OR_NOT_ESTABLISHED,
09:26:13,23234.45,,,,23267.7,23193.65,0.551,OBSERVING,SELL_PREMIUM,STRONG_RANGE,NO_TRADE,NO_TRADE:OR_NOT_ESTABLISHED,0.0,0,0.0,NONE,3,0,0,0,0,0,NO_TRADE,,NO_TRADE:OR_NOT_ESTABLISHED,
09:26:28,23233.45,,,,23267.7,23193.65,0.537,OBSERVING,SELL_PREMIUM,STRONG_RANGE,NO_TRADE,NO_TRADE:OR_NOT_ESTABLISHED,0.0,0,0.0,NONE,3,0,0,0,0,0,NO_TRADE,,NO_TRADE:OR_NOT_ESTABLISHED,
09:26:43,23239.55,,,,23267.7,23193.65,0.620,OBSERVING,SELL_PREMIUM,STRONG_RANGE,NO_TRADE,NO_TRADE:OR_NOT_ESTABLISHED,0.0,0,0.0,NONE,3,0,0,0,0,0,NO_TRADE,,NO_TRADE:OR_NOT_ESTABLISHED,
09:26:58,23237.6,,,,23267.7,23193.65,0.594,OBSERVING,SELL_PREMIUM,STRONG_RANGE,NO_TRADE,NO_TRADE:OR_NOT_ESTABLISHED,0.0,0,0.0,NONE,3,0,0,0,0,0,NO_TRADE,,NO_TRADE:OR_NOT_ESTABLISHED,
09:27:13,23238.5,,,,23267.7,23193.65,0.606,OBSERVING,SELL_PREMIUM,STRONG_RANGE,NO_TRADE,NO_TRADE:OR_NOT_ESTABLISHED,0.0,0,0.0,NONE,3,0,0,0,0,0,NO_TRADE,,NO_TRADE:OR_NOT_ESTABLISHED,
09:27:28,23235.85,,,,23267.7,23193.65,0.570,OBSERVING,SELL_PREMIUM,STRONG_RANGE,NO_TRADE,NO_TRADE:OR_NOT_ESTABLISHED,0.0,0,0.0,NONE,3,0,0,0,0,0,NO_TRADE,,NO_TRADE:OR_NOT_ESTABLISHED,
09:27:43,23238.5,,,,23267.7,23193.65,0.606,OBSERVING,SELL_PREMIUM,STRONG_RANGE,NO_TRADE,NO_TRADE:OR_NOT_ESTABLISHED,0.0,0,0.0,NONE,3,0,0,0,0,0,NO_TRADE,,NO_TRADE:OR_NOT_ESTABLISHED,
09:27:58,23248.15,,,,23267.7,23193.65,0.736,OBSERVING,SELL_PREMIUM,STRONG_RANGE,NO_TRADE,NO_TRADE:OR_NOT_ESTABLISHED,0.0,0,0.0,NONE,3,0,0,0,0,0,NO_TRADE,,NO_TRADE:OR_NOT_ESTABLISHED,
09:28:13,23253.1,,,,23267.7,23193.65,0.803,OBSERVING,SELL_PREMIUM,STRONG_RANGE,NO_TRADE,NO_TRADE:OR_NOT_ESTABLISHED,0.0,0,0.0,NONE,3,0,0,0,0,0,NO_TRADE,,NO_TRADE:OR_NOT_ESTABLISHED,
09:28:28,23252.75,,,,23267.7,23193.65,0.798,OBSERVING,SELL_PREMIUM,STRONG_RANGE,NO_TRADE,NO_TRADE:OR_NOT_ESTABLISHED,0.0,0,0.0,NONE,3,0,0,0,0,0,NO_TRADE,,NO_TRADE:OR_NOT_ESTABLISHED,
09:28:43,23252.3,,,,23267.7,23193.65,0.792,OBSERVING,SELL_PREMIUM,STRONG_RANGE,NO_TRADE,NO_TRADE:OR_NOT_ESTABLISHED,0.0,0,0.0,NONE,3,0,0,0,0,0,NO_TRADE,,NO_TRADE:OR_NOT_ESTABLISHED,
09:28:58,23257.5,,,,23267.7,23193.65,0.862,OBSERVING,SELL_PREMIUM,STRONG_RANGE,NO_TRADE,NO_TRADE:OR_NOT_ESTABLISHED,0.0,0,0.0,NONE,3,0,0,0,0,0,NO_TRADE,,NO_TRADE:OR_NOT_ESTABLISHED,
09:29:13,23256.7,,,,23267.7,23193.65,0.851,OBSERVING,SELL_PREMIUM,STRONG_RANGE,NO_TRADE,NO_TRADE:OR_NOT_ESTABLISHED,0.0,0,0.0,NONE,3,0,0,0,0,0,NO_TRADE,,NO_TRADE:OR_NOT_ESTABLISHED,
09:29:28,23250.8,,,,23267.7,23193.65,0.772,OBSERVING,SELL_PREMIUM,STRONG_RANGE,NO_TRADE,NO_TRADE:OR_NOT_ESTABLISHED,0.0,0,0.0,NONE,3,0,0,0,0,0,NO_TRADE,,NO_TRADE:OR_NOT_ESTABLISHED,
09:29:43,23247.6,,,,23267.7,23193.65,0.729,OBSERVING,SELL_PREMIUM,STRONG_RANGE,NO_TRADE,NO_TRADE:OR_NOT_ESTABLISHED,0.0,0,0.0,NONE,3,0,0,0,0,0,NO_TRADE,,NO_TRADE:OR_NOT_ESTABLISHED,
09:29:58,23249.05,,,,23267.7,23193.65,0.748,OBSERVING,SELL_PREMIUM,STRONG_RANGE,NO_TRADE,NO_TRADE:OR_NOT_ESTABLISHED,0.0,0,0.0,NONE,3,0,0,0,0,0,NO_TRADE,,NO_TRADE:OR_NOT_ESTABLISHED,
09:30:13,23252.85,,,,23267.7,23193.65,0.799,OBSERVING,SELL_PREMIUM,STRONG_RANGE,NO_TRADE,NO_TRADE:OR_NOT_ESTABLISHED,0.0,0,102.57,NONE,3,0,0,0,0,0,NO_TRADE,,NO_TRADE:OR_NOT_ESTABLISHED,
09:30:28,23254.85,,,,23267.7,23193.65,0.826,OBSERVING,SELL_PREMIUM,STRONG_RANGE,NO_TRADE,NO_TRADE:OR_NOT_ESTABLISHED,0.0,0,102.57,NONE,3,0,0,0,0,0,NO_TRADE,,NO_TRADE:OR_NOT_ESTABLISHED,
09:30:43,23260.2,,,,23267.7,23193.65,0.899,OBSERVING,SELL_PREMIUM,STRONG_RANGE,NO_TRADE,NO_TRADE:OR_NOT_ESTABLISHED,0.0,0,102.57,NONE,3,0,0,0,0,0,NO_TRADE,,NO_TRADE:OR_NOT_ESTABLISHED,
09:30:58,23262.85,,,,23267.7,23193.65,0.935,OBSERVING,SELL_PREMIUM,STRONG_RANGE,NO_TRADE,NO_TRADE:OR_NOT_ESTABLISHED,0.0,0,102.57,NONE,3,0,0,0,0,0,NO_TRADE,,NO_TRADE:OR_NOT_ESTABLISHED,
09:31:13,23262.25,,,,23270.05,23193.65,0.898,OBSERVING,SELL_PREMIUM,STRONG_RANGE,NO_TRADE,NO_TRADE:OR_NOT_ESTABLISHED,0.0,0,105.83,NONE,3,0,0,0,0,0,NO_TRADE,,NO_TRADE:OR_NOT_ESTABLISHED,
09:31:28,23262.95,,,,23270.05,23193.65,0.907,OBSERVING,SELL_PREMIUM,STRONG_RANGE,NO_TRADE,NO_TRADE:OR_NOT_ESTABLISHED,0.0,0,105.83,NONE,3,0,0,0,0,0,NO_TRADE,,NO_TRADE:OR_NOT_ESTABLISHED,
09:31:43,23260.25,,,,23270.05,23193.65,0.872,OBSERVING,SELL_PREMIUM,STRONG_RANGE,NO_TRADE,NO_TRADE:OR_NOT_ESTABLISHED,0.0,0,105.83,NONE,3,0,0,0,0,0,NO_TRADE,,NO_TRADE:OR_NOT_ESTABLISHED,
09:31:58,23269.75,,,,23270.05,23193.65,0.996,OBSERVING,SELL_PREMIUM,STRONG_RANGE,NO_TRADE,NO_TRADE:OR_NOT_ESTABLISHED,0.0,0,105.83,NONE,3,0,0,0,0,0,NO_TRADE,,NO_TRADE:OR_NOT_ESTABLISHED,
09:32:13,23269.75,,,,23284.8,23193.65,0.835,OBSERVING,NEUTRAL,STRONG_RANGE,NO_TRADE,NO_TRADE:OR_NOT_ESTABLISHED,0.0,0,126.26,NONE,3,0,0,0,0,0,NO_TRADE,,NO_TRADE:OR_NOT_ESTABLISHED,
09:32:28,23276.7,,,,23284.8,23193.65,0.911,OBSERVING,NEUTRAL,STRONG_RANGE,NO_TRADE,NO_TRADE:OR_NOT_ESTABLISHED,0.0,0,126.26,NONE,3,0,0,0,0,0,NO_TRADE,,NO_TRADE:OR_NOT_ESTABLISHED,
09:32:43,23279.4,,,,23284.8,23193.65,0.941,OBSERVING,NEUTRAL,STRONG_RANGE,NO_TRADE,NO_TRADE:OR_NOT_ESTABLISHED,0.0,0,126.26,NONE,3,0,0,0,0,0,NO_TRADE,,NO_TRADE:OR_NOT_ESTABLISHED,
09:32:58,23282.25,,,,23284.8,23193.65,0.972,OBSERVING,NEUTRAL,STRONG_RANGE,NO_TRADE,NO_TRADE:OR_NOT_ESTABLISHED,0.0,0,126.26,NONE,3,0,0,0,0,0,NO_TRADE,,NO_TRADE:OR_NOT_ESTABLISHED,
09:33:13,23279.95,,,,23290.1,23193.65,0.895,OBSERVING,NEUTRAL,STRONG_RANGE,NO_TRADE,NO_TRADE:OR_NOT_ESTABLISHED,0.0,0,133.6,NONE,3,0,0,0,0,0,NO_TRADE,,NO_TRADE:OR_NOT_ESTABLISHED,
09:33:28,23285.3,,,,23290.1,23193.65,0.950,OBSERVING,NEUTRAL,STRONG_RANGE,NO_TRADE,NO_TRADE:OR_NOT_ESTABLISHED,0.0,0,133.6,NONE,3,0,0,0,0,0,NO_TRADE,,NO_TRADE:OR_NOT_ESTABLISHED,
09:33:43,23278.6,,,,23290.1,23193.65,0.881,OBSERVING,NEUTRAL,STRONG_RANGE,NO_TRADE,NO_TRADE:OR_NOT_ESTABLISHED,0.0,0,133.6,NONE,3,0,0,0,0,0,NO_TRADE,,NO_TRADE:OR_NOT_ESTABLISHED,
09:33:58,23279.1,,,,23290.1,23193.65,0.886,OBSERVING,NEUTRAL,STRONG_RANGE,NO_TRADE,NO_TRADE:OR_NOT_ESTABLISHED,0.0,0,133.6,NONE,3,0,0,0,0,0,NO_TRADE,,NO_TRADE:OR_NOT_ESTABLISHED,
09:34:13,23278.95,23267.7,23193.65,NARROW,23290.1,23193.65,0.884,RANGE,NEUTRAL,STRONG_RANGE,NO_TRADE,NO_TRADE:BEFORE_09:45,0.0,0,133.6,HIGH,3,0,0,0,0,0,NO_TRADE,,NO_TRADE:BEFORE_09:45,
09:34:28,23286.3,23267.7,23193.65,NARROW,23290.1,23193.65,0.961,RANGE,NEUTRAL,STRONG_RANGE,NO_TRADE,NO_TRADE:BEFORE_09:45,0.0,0,133.6,HIGH,3,0,0,0,0,0,NO_TRADE,,NO_TRADE:BEFORE_09:45,
09:34:44,23284.6,23267.7,23193.65,NARROW,23290.1,23193.65,0.943,RANGE,NEUTRAL,STRONG_RANGE,NO_TRADE,NO_TRADE:BEFORE_09:45,0.0,0,133.6,HIGH,3,0,0,0,0,0,NO_TRADE,,NO_TRADE:BEFORE_09:45,
09:34:59,23283.65,23267.7,23193.65,NARROW,23290.1,23193.65,0.933,RANGE,NEUTRAL,STRONG_RANGE,NO_TRADE,NO_TRADE:BEFORE_09:45,0.0,0,133.6,HIGH,3,0,0,0,0,0,NO_TRADE,,NO_TRADE:BEFORE_09:45,
09:35:14,23290.65,23267.7,23193.65,NARROW,23303.85,23193.65,0.880,UPTREND,NEUTRAL,STRONG_RANGE,NO_TRADE,NO_TRADE:BEFORE_09:45,0.0,0,152.65,HIGH,3,0,0,0,0,0,NO_TRADE,,NO_TRADE:BEFORE_09:45,
09:35:29,23295.75,23267.7,23193.65,NARROW,23303.85,23193.65,0.926,UPTREND,NEUTRAL,STRONG_RANGE,NO_TRADE,NO_TRADE:BEFORE_09:45,0.0,0,152.65,HIGH,3,0,0,0,0,0,NO_TRADE,,NO_TRADE:BEFORE_09:45,
09:35:44,23297.35,23267.7,23193.65,NARROW,23303.85,23193.65,0.941,UPTREND,NEUTRAL,STRONG_RANGE,NO_TRADE,NO_TRADE:BEFORE_09:45,0.0,0,152.65,HIGH,3,0,0,0,0,0,NO_TRADE,,NO_TRADE:BEFORE_09:45,
09:35:59,23300.3,23267.7,23193.65,NARROW,23303.85,23193.65,0.968,UPTREND,NEUTRAL,STRONG_RANGE,NO_TRADE,NO_TRADE:BEFORE_09:45,0.0,0,152.65,HIGH,3,0,0,0,0,0,NO_TRADE,,NO_TRADE:BEFORE_09:45,
09:36:14,23301.3,23267.7,23193.65,NARROW,23303.85,23193.65,0.977,UPTREND,NEUTRAL,STRONG_RANGE,NO_TRADE,NO_TRADE:BEFORE_09:45,0.0,0,152.65,HIGH,3,0,0,0,0,0,NO_TRADE,,NO_TRADE:BEFORE_09:45,
09:36:29,23296.8,23267.7,23193.65,NARROW,23303.85,23193.65,0.936,UPTREND,NEUTRAL,STRONG_RANGE,NO_TRADE,NO_TRADE:BEFORE_09:45,0.0,0,152.65,HIGH,3,0,0,0,0,0,NO_TRADE,,NO_TRADE:BEFORE_09:45,
09:36:44,23295.65,23267.7,23193.65,NARROW,23303.85,23193.65,0.926,UPTREND,NEUTRAL,STRONG_RANGE,NO_TRADE,NO_TRADE:BEFORE_09:45,0.0,0,152.65,HIGH,3,0,0,0,0,0,NO_TRADE,,NO_TRADE:BEFORE_09:45,
09:36:59,23293.15,23267.7,23193.65,NARROW,23303.85,23193.65,0.903,UPTREND,NEUTRAL,STRONG_RANGE,NO_TRADE,NO_TRADE:BEFORE_09:45,0.0,0,152.65,HIGH,3,0,0,0,0,0,NO_TRADE,,NO_TRADE:BEFORE_09:45,
09:37:14,23294.45,23267.7,23193.65,NARROW,23303.85,23193.65,0.915,UPTREND,NEUTRAL,STRONG_RANGE,NO_TRADE,NO_TRADE:BEFORE_09:45,0.0,0,152.65,HIGH,3,0,0,0,0,0,NO_TRADE,,NO_TRADE:BEFORE_09:45,
09:37:29,23300.3,23267.7,23193.65,NARROW,23303.85,23193.65,0.968,UPTREND,NEUTRAL,STRONG_RANGE,NO_TRADE,NO_TRADE:BEFORE_09:45,0.0,0,152.65,HIGH,3,0,0,0,0,0,NO_TRADE,,NO_TRADE:BEFORE_09:45,
09:37:44,23299.25,23267.7,23193.65,NARROW,23303.85,23193.65,0.958,UPTREND,NEUTRAL,STRONG_RANGE,NO_TRADE,NO_TRADE:BEFORE_09:45,0.0,0,151.84,HIGH,3,0,0,0,0,0,NO_TRADE,,NO_TRADE:BEFORE_09:45,
09:37:59,23294.9,23267.7,23193.65,NARROW,23303.85,23193.65,0.919,UPTREND,NEUTRAL,STRONG_RANGE,NO_TRADE,NO_TRADE:BEFORE_09:45,0.0,0,151.01,HIGH,3,0,0,0,0,0,NO_TRADE,,NO_TRADE:BEFORE_09:45,
09:38:14,23293.25,23267.7,23193.65,NARROW,23303.85,23193.65,0.904,RANGE,NEUTRAL,STRONG_RANGE,NO_TRADE,NO_TRADE:BEFORE_09:45,0.0,0,150.2,HIGH,3,0,0,0,0,0,NO_TRADE,,NO_TRADE:BEFORE_09:45,
09:38:29,23291.75,23267.7,23193.65,NARROW,23303.85,23193.65,0.890,RANGE,NEUTRAL,STRONG_RANGE,NO_TRADE,NO_TRADE:BEFORE_09:45,0.0,0,149.39,HIGH,3,0,0,0,0,0,NO_TRADE,,NO_TRADE:BEFORE_09:45,
09:38:44,23291.75,23267.7,23193.65,NARROW,23303.85,23193.65,0.890,RANGE,NEUTRAL,STRONG_RANGE,NO_TRADE,NO_TRADE:BEFORE_09:45,0.0,0,148.6,HIGH,3,0,0,0,0,0,NO_TRADE,,NO_TRADE:BEFORE_09:45,
09:38:59,23285.1,23267.7,23193.65,NARROW,23303.85,23193.65,0.830,RANGE,NEUTRAL,STRONG_RANGE,NO_TRADE,NO_TRADE:BEFORE_09:45,0.0,0,147.82,HIGH,3,0,0,0,0,0,NO_TRADE,,NO_TRADE:BEFORE_09:45,
09:39:14,23275.6,23267.7,23193.65,NARROW,23303.85,23193.65,0.744,RANGE,NEUTRAL,STRONG_RANGE,NO_TRADE,NO_TRADE:BEFORE_09:45,0.0,0,147.06,HIGH,3,0,0,0,0,0,NO_TRADE,,NO_TRADE:BEFORE_09:45,
09:39:29,23278.05,23267.7,23193.65,NARROW,23303.85,23193.65,0.766,RANGE,NEUTRAL,STRONG_RANGE,NO_TRADE,NO_TRADE:BEFORE_09:45,0.0,0,146.31,HIGH,3,0,0,0,0,0,NO_TRADE,,NO_TRADE:BEFORE_09:45,
09:39:44,23276.05,23267.7,23193.65,NARROW,23303.85,23193.65,0.748,RANGE,NEUTRAL,STRONG_RANGE,NO_TRADE,NO_TRADE:BEFORE_09:45,0.0,0,145.57,HIGH,3,0,0,0,0,0,NO_TRADE,,NO_TRADE:BEFORE_09:45,
09:39:59,23275.3,23267.7,23193.65,NARROW,23303.85,23193.65,0.741,RANGE,NEUTRAL,STRONG_RANGE,NO_TRADE,NO_TRADE:BEFORE_09:45,0.0,0,144.84,HIGH,3,0,0,0,0,0,NO_TRADE,,NO_TRADE:BEFORE_09:45,
09:40:14,23273.6,23267.7,23193.65,NARROW,23303.85,23193.65,0.725,RANGE,NEUTRAL,STRONG_RANGE,NO_TRADE,NO_TRADE:BEFORE_09:45,0.0,0,144.12,HIGH,3,0,0,0,0,0,NO_TRADE,,NO_TRADE:BEFORE_09:45,
09:40:29,23273.8,23267.7,23193.65,NARROW,23303.85,23193.65,0.727,RANGE,NEUTRAL,STRONG_RANGE,NO_TRADE,NO_TRADE:BEFORE_09:45,0.0,0,143.41,HIGH,3,0,0,0,0,0,NO_TRADE,,NO_TRADE:BEFORE_09:45,
09:40:44,23273.55,23267.7,23193.65,NARROW,23303.85,23193.65,0.725,RANGE,NEUTRAL,STRONG_RANGE,NO_TRADE,NO_TRADE:BEFORE_09:45,0.0,0,142.71,HIGH,3,0,0,0,0,0,NO_TRADE,,NO_TRADE:BEFORE_09:45,
09:40:59,23272.5,23267.7,23193.65,NARROW,23303.85,23193.65,0.716,RANGE,NEUTRAL,STRONG_RANGE,NO_TRADE,NO_TRADE:BEFORE_09:45,0.0,0,142.02,HIGH,3,0,0,0,0,0,NO_TRADE,,NO_TRADE:BEFORE_09:45,
09:41:14,23271.85,23267.7,23193.65,NARROW,23303.85,23193.65,0.710,RANGE,NEUTRAL,STRONG_RANGE,NO_TRADE,NO_TRADE:BEFORE_09:45,0.0,0,141.34,HIGH,3,0,0,0,0,0,NO_TRADE,,NO_TRADE:BEFORE_09:45,
09:41:29,23265.25,23267.7,23193.65,NARROW,23303.85,23193.65,0.650,RANGE,NEUTRAL,STRONG_RANGE,NO_TRADE,NO_TRADE:BEFORE_09:45,0.0,0,140.67,HIGH,3,0,0,0,0,0,NO_TRADE,,NO_TRADE:BEFORE_09:45,
09:41:44,23267.6,23267.7,23193.65,NARROW,23303.85,23193.65,0.671,RANGE,NEUTRAL,STRONG_RANGE,NO_TRADE,NO_TRADE:BEFORE_09:45,0.0,0,140.01,HIGH,3,0,0,0,0,0,NO_TRADE,,NO_TRADE:BEFORE_09:45,
09:41:59,23261.05,23267.7,23193.65,NARROW,23303.85,23193.65,0.612,RANGE,NEUTRAL,STRONG_RANGE,NO_TRADE,NO_TRADE:BEFORE_09:45,0.0,0,139.36,HIGH,3,0,0,0,0,0,NO_TRADE,,NO_TRADE:BEFORE_09:45,
09:42:14,23254.4,23267.7,23193.65,NARROW,23303.85,23193.65,0.551,RANGE,NEUTRAL,STRONG_RANGE,NO_TRADE,NO_TRADE:BEFORE_09:45,0.0,0,138.72,HIGH,3,0,0,0,0,0,NO_TRADE,,NO_TRADE:BEFORE_09:45,
09:42:29,23251.0,23267.7,23193.65,NARROW,23303.85,23193.65,0.520,RANGE,NEUTRAL,STRONG_RANGE,NO_TRADE,NO_TRADE:BEFORE_09:45,0.0,0,138.08,HIGH,3,0,0,0,0,0,NO_TRADE,,NO_TRADE:BEFORE_09:45,
09:42:44,23248.4,23267.7,23193.65,NARROW,23303.85,23193.65,0.497,RANGE,NEUTRAL,STRONG_RANGE,NO_TRADE,NO_TRADE:BEFORE_09:45,0.0,0,137.46,HIGH,3,0,0,0,0,0,NO_TRADE,,NO_TRADE:BEFORE_09:45,
09:42:59,23236.1,23267.7,23193.65,NARROW,23303.85,23193.65,0.385,RANGE,NEUTRAL,STRONG_RANGE,NO_TRADE,NO_TRADE:BEFORE_09:45,0.0,0,136.84,HIGH,3,0,0,0,0,0,NO_TRADE,,NO_TRADE:BEFORE_09:45,
09:43:14,23231.85,23267.7,23193.65,NARROW,23303.85,23193.65,0.347,RANGE,NEUTRAL,STRONG_RANGE,NO_TRADE,NO_TRADE:BEFORE_09:45,0.0,0,136.23,HIGH,3,0,0,0,0,0,NO_TRADE,,NO_TRADE:BEFORE_09:45,
09:43:29,23237.7,23267.7,23193.65,NARROW,23303.85,23193.65,0.400,RANGE,NEUTRAL,STRONG_RANGE,NO_TRADE,NO_TRADE:BEFORE_09:45,0.0,0,135.63,HIGH,3,0,0,0,0,0,NO_TRADE,,NO_TRADE:BEFORE_09:45,
09:43:44,23247.0,23267.7,23193.65,NARROW,23303.85,23193.65,0.484,RANGE,NEUTRAL,STRONG_RANGE,NO_TRADE,NO_TRADE:BEFORE_09:45,0.0,0,135.04,HIGH,3,0,0,0,0,0,NO_TRADE,,NO_TRADE:BEFORE_09:45,
09:43:59,23250.5,23267.7,23193.65,NARROW,23303.85,23193.65,0.516,RANGE,NEUTRAL,STRONG_RANGE,NO_TRADE,NO_TRADE:BEFORE_09:45,0.0,0,134.46,HIGH,3,0,0,0,0,0,NO_TRADE,,NO_TRADE:BEFORE_09:45,
09:44:14,23247.2,23267.7,23193.65,NARROW,23303.85,23193.65,0.486,RANGE,NEUTRAL,STRONG_RANGE,NO_TRADE,NO_TRADE:BEFORE_09:45,0.0,0,133.88,HIGH,3,0,0,0,0,0,NO_TRADE,,NO_TRADE:BEFORE_09:45,
09:44:29,23241.8,23267.7,23193.65,NARROW,23303.85,23193.65,0.437,RANGE,NEUTRAL,STRONG_RANGE,NO_TRADE,NO_TRADE:BEFORE_09:45,0.0,0,133.31,HIGH,3,0,0,0,0,0,NO_TRADE,,NO_TRADE:BEFORE_09:45,
09:44:44,23244.6,23267.7,23193.65,NARROW,23303.85,23193.65,0.462,RANGE,NEUTRAL,STRONG_RANGE,NO_TRADE,NO_TRADE:BEFORE_09:45,0.0,0,132.75,HIGH,3,0,0,0,0,0,NO_TRADE,,NO_TRADE:BEFORE_09:45,
09:44:59,23252.7,23267.7,23193.65,NARROW,23303.85,23193.65,0.536,RANGE,NEUTRAL,STRONG_RANGE,NO_TRADE,NO_TRADE:BEFORE_09:45,0.0,0,132.2,HIGH,3,0,0,0,0,0,NO_TRADE,,NO_TRADE:BEFORE_09:45,
09:45:14,23259.2,23267.7,23193.65,NARROW,23303.85,23193.65,0.595,RANGE,NEUTRAL,STRONG_RANGE,NO_TRADE,RANGE_DTE3_CONDOR_REQUIRES_SELL_PREMIUM_GOT_NEUTRAL,0.0,0,131.65,HIGH,3,0,0,0,0,0,NO_TRADE,,RANGE_DTE3_CONDOR_REQUIRES_SELL_PREMIUM_GOT_NEUTRAL,
09:45:30,23252.15,23267.7,23193.65,NARROW,23303.85,23193.65,0.531,RANGE,NEUTRAL,STRONG_RANGE,NO_TRADE,RANGE_DTE3_CONDOR_REQUIRES_SELL_PREMIUM_GOT_NEUTRAL,0.0,0,131.1,HIGH,3,0,0,0,0,0,NO_TRADE,,RANGE_DTE3_CONDOR_REQUIRES_SELL_PREMIUM_GOT_NEUTRAL,
09:45:44,23246.95,23267.7,23193.65,NARROW,23303.85,23193.65,0.484,RANGE,NEUTRAL,STRONG_RANGE,NO_TRADE,RANGE_DTE3_CONDOR_REQUIRES_SELL_PREMIUM_GOT_NEUTRAL,0.0,0,130.57,HIGH,3,0,0,0,0,0,NO_TRADE,,RANGE_DTE3_CONDOR_REQUIRES_SELL_PREMIUM_GOT_NEUTRAL,
09:46:00,23248.3,23267.7,23193.65,NARROW,23303.85,23193.65,0.496,RANGE,NEUTRAL,STRONG_RANGE,NO_TRADE,RANGE_DTE3_CONDOR_REQUIRES_SELL_PREMIUM_GOT_NEUTRAL,0.0,0,130.04,HIGH,3,0,0,0,0,0,NO_TRADE,,RANGE_DTE3_CONDOR_REQUIRES_SELL_PREMIUM_GOT_NEUTRAL,
09:46:15,23247.2,23267.7,23193.65,NARROW,23303.85,23193.65,0.486,RANGE,NEUTRAL,STRONG_RANGE,NO_TRADE,RANGE_DTE3_CONDOR_REQUIRES_SELL_PREMIUM_GOT_NEUTRAL,0.0,0,129.49,HIGH,3,0,0,0,0,0,NO_TRADE,,RANGE_DTE3_CONDOR_REQUIRES_SELL_PREMIUM_GOT_NEUTRAL,
09:46:31,23250.35,23267.7,23193.65,NARROW,23303.85,23193.65,0.515,RANGE,NEUTRAL,STRONG_RANGE,NO_TRADE,RANGE_DTE3_CONDOR_REQUIRES_SELL_PREMIUM_GOT_NEUTRAL,0.0,0,128.97,HIGH,3,0,0,0,0,0,NO_TRADE,,RANGE_DTE3_CONDOR_REQUIRES_SELL_PREMIUM_GOT_NEUTRAL,
09:46:46,23250.8,23267.7,23193.65,NARROW,23303.85,23193.65,0.519,RANGE,NEUTRAL,STRONG_RANGE,NO_TRADE,RANGE_DTE3_CONDOR_REQUIRES_SELL_PREMIUM_GOT_NEUTRAL,0.0,0,128.44,HIGH,3,0,0,0,0,0,NO_TRADE,,RANGE_DTE3_CONDOR_REQUIRES_SELL_PREMIUM_GOT_NEUTRAL,
09:47:01,23251.45,23267.7,23193.65,NARROW,23303.85,23193.65,0.525,RANGE,NEUTRAL,STRONG_RANGE,NO_TRADE,RANGE_DTE3_CONDOR_REQUIRES_SELL_PREMIUM_GOT_NEUTRAL,0.0,0,127.93,HIGH,3,0,0,0,0,0,NO_TRADE,,RANGE_DTE3_CONDOR_REQUIRES_SELL_PREMIUM_GOT_NEUTRAL,
09:47:17,23254.8,23267.7,23193.65,NARROW,23303.85,23193.65,0.555,RANGE,NEUTRAL,STRONG_RANGE,NO_TRADE,RANGE_DTE3_CONDOR_REQUIRES_SELL_PREMIUM_GOT_NEUTRAL,0.0,0,127.42,HIGH,3,0,0,0,0,0,NO_TRADE,,RANGE_DTE3_CONDOR_REQUIRES_SELL_PREMIUM_GOT_NEUTRAL,
09:47:32,23257.9,23267.7,23193.65,NARROW,23303.85,23193.65,0.583,RANGE,NEUTRAL,STRONG_RANGE,NO_TRADE,RANGE_DTE3_CONDOR_REQUIRES_SELL_PREMIUM_GOT_NEUTRAL,0.0,0,126.92,HIGH,3,0,0,0,0,0,NO_TRADE,,RANGE_DTE3_CONDOR_REQUIRES_SELL_PREMIUM_GOT_NEUTRAL,
09:47:47,23259.2,23267.7,23193.65,NARROW,23303.85,23193.65,0.595,RANGE,NEUTRAL,STRONG_RANGE,NO_TRADE,RANGE_DTE3_CONDOR_REQUIRES_SELL_PREMIUM_GOT_NEUTRAL,0.0,0,126.43,HIGH,3,0,0,0,0,0,NO_TRADE,,RANGE_DTE3_CONDOR_REQUIRES_SELL_PREMIUM_GOT_NEUTRAL,
09:48:02,23260.45,23267.7,23193.65,NARROW,23303.85,23193.65,0.606,RANGE,NEUTRAL,STRONG_RANGE,NO_TRADE,RANGE_DTE3_CONDOR_REQUIRES_SELL_PREMIUM_GOT_NEUTRAL,0.0,0,125.95,HIGH,3,0,0,0,0,0,NO_TRADE,,RANGE_DTE3_CONDOR_REQUIRES_SELL_PREMIUM_GOT_NEUTRAL,
09:48:17,23265.1,23267.7,23193.65,NARROW,23303.85,23193.65,0.648,RANGE,NEUTRAL,STRONG_RANGE,NO_TRADE,RANGE_DTE3_CONDOR_REQUIRES_SELL_PREMIUM_GOT_NEUTRAL,0.0,0,125.48,HIGH,3,0,0,0,0,0,NO_TRADE,,RANGE_DTE3_CONDOR_REQUIRES_SELL_PREMIUM_GOT_NEUTRAL,
09:48:32,23260.1,23267.7,23193.65,NARROW,23303.85,23193.65,0.603,RANGE,NEUTRAL,STRONG_RANGE,NO_TRADE,RANGE_DTE3_CONDOR_REQUIRES_SELL_PREMIUM_GOT_NEUTRAL,0.0,0,125.01,HIGH,3,0,0,0,0,0,NO_TRADE,,RANGE_DTE3_CONDOR_REQUIRES_SELL_PREMIUM_GOT_NEUTRAL,
09:48:47,23258.25,23267.7,23193.65,NARROW,23303.85,23193.65,0.586,RANGE,NEUTRAL,STRONG_RANGE,NO_TRADE,RANGE_DTE3_CONDOR_REQUIRES_SELL_PREMIUM_GOT_NEUTRAL,0.0,0,124.55,HIGH,3,0,0,0,0,0,NO_TRADE,,RANGE_DTE3_CONDOR_REQUIRES_SELL_PREMIUM_GOT_NEUTRAL,
09:49:02,23263.5,23267.7,23193.65,NARROW,23303.85,23193.65,0.634,CHOPPY,NEUTRAL,STRONG_RANGE,NO_TRADE,NO_TRADE:CHOPPY_MARKET,0.0,0,124.09,NONE,3,1,0,0,0,0,NO_TRADE,,NO_TRADE:CHOPPY_MARKET,
09:49:17,23268.1,23267.7,23193.65,NARROW,23303.85,23193.65,0.676,CHOPPY,NEUTRAL,STRONG_RANGE,NO_TRADE,NO_TRADE:CHOPPY_MARKET,0.0,0,123.63,NONE,3,1,0,0,0,0,NO_TRADE,,NO_TRADE:CHOPPY_MARKET,
09:49:32,23271.55,23267.7,23193.65,NARROW,23303.85,23193.65,0.707,CHOPPY,NEUTRAL,STRONG_RANGE,NO_TRADE,NO_TRADE:CHOPPY_MARKET,0.0,0,123.18,NONE,3,1,0,0,0,0,NO_TRADE,,NO_TRADE:CHOPPY_MARKET,
09:49:47,23270.55,23267.7,23193.65,NARROW,23303.85,23193.65,0.698,CHOPPY,NEUTRAL,STRONG_RANGE,NO_TRADE,NO_TRADE:CHOPPY_MARKET,0.0,0,122.74,NONE,3,1,0,0,0,0,NO_TRADE,,NO_TRADE:CHOPPY_MARKET,
09:50:02,23265.4,23267.7,23193.65,NARROW,23303.85,23193.65,0.651,CHOPPY,NEUTRAL,STRONG_RANGE,NO_TRADE,NO_TRADE:CHOPPY_MARKET,0.0,0,122.3,NONE,3,1,0,0,0,0,NO_TRADE,,NO_TRADE:CHOPPY_MARKET,
09:50:18,23260.75,23267.7,23193.65,NARROW,23303.85,23193.65,0.609,CHOPPY,NEUTRAL,STRONG_RANGE,NO_TRADE,NO_TRADE:CHOPPY_MARKET,0.0,0,121.87,NONE,3,1,0,0,0,0,NO_TRADE,,NO_TRADE:CHOPPY_MARKET,
09:50:32,23261.3,23267.7,23193.65,NARROW,23303.85,23193.65,0.614,CHOPPY,NEUTRAL,STRONG_RANGE,NO_TRADE,NO_TRADE:CHOPPY_MARKET,0.0,0,121.44,NONE,3,1,0,0,0,0,NO_TRADE,,NO_TRADE:CHOPPY_MARKET,
09:50:48,23260.5,23267.7,23193.65,NARROW,23303.85,23193.65,0.607,CHOPPY,NEUTRAL,STRONG_RANGE,NO_TRADE,NO_TRADE:CHOPPY_MARKET,0.0,0,121.01,NONE,3,1,0,0,0,0,NO_TRADE,,NO_TRADE:CHOPPY_MARKET,
09:51:02,23265.7,23267.7,23193.65,NARROW,23303.85,23193.65,0.654,CHOPPY,NEUTRAL,STRONG_RANGE,NO_TRADE,NO_TRADE:CHOPPY_MARKET,0.0,0,120.59,NONE,3,1,0,0,0,0,NO_TRADE,,NO_TRADE:CHOPPY_MARKET,
09:51:18,23266.3,23267.7,23193.65,NARROW,23303.85,23193.65,0.659,CHOPPY,NEUTRAL,STRONG_RANGE,NO_TRADE,NO_TRADE:CHOPPY_MARKET,0.0,0,120.18,NONE,3,1,0,0,0,0,NO_TRADE,,NO_TRADE:CHOPPY_MARKET,
09:51:33,23267.3,23267.7,23193.65,NARROW,23303.85,23193.65,0.668,CHOPPY,NEUTRAL,STRONG_RANGE,NO_TRADE,NO_TRADE:CHOPPY_MARKET,0.0,0,119.76,NONE,3,1,0,0,0,0,NO_TRADE,,NO_TRADE:CHOPPY_MARKET,
09:51:48,23266.8,23267.7,23193.65,NARROW,23303.85,23193.65,0.664,CHOPPY,NEUTRAL,STRONG_RANGE,NO_TRADE,NO_TRADE:CHOPPY_MARKET,0.0,0,119.36,NONE,3,1,0,0,0,0,NO_TRADE,,NO_TRADE:CHOPPY_MARKET,
09:52:03,23269.05,23267.7,23193.65,NARROW,23303.85,23193.65,0.684,CHOPPY,NEUTRAL,STRONG_RANGE,NO_TRADE,NO_TRADE:CHOPPY_MARKET,0.0,0,118.95,NONE,3,1,0,0,0,0,NO_TRADE,,NO_TRADE:CHOPPY_MARKET,
09:52:18,23268.7,23267.7,23193.65,NARROW,23303.85,23193.65,0.681,CHOPPY,NEUTRAL,STRONG_RANGE,NO_TRADE,NO_TRADE:CHOPPY_MARKET,0.0,0,118.55,NONE,3,1,0,0,0,0,NO_TRADE,,NO_TRADE:CHOPPY_MARKET,
09:52:33,23272.65,23267.7,23193.65,NARROW,23303.85,23193.65,0.717,CHOPPY,NEUTRAL,STRONG_RANGE,NO_TRADE,NO_TRADE:CHOPPY_MARKET,0.0,0,118.16,NONE,3,1,0,0,0,0,NO_TRADE,,NO_TRADE:CHOPPY_MARKET,
09:52:48,23276.25,23267.7,23193.65,NARROW,23303.85,23193.65,0.750,CHOPPY,NEUTRAL,STRONG_RANGE,NO_TRADE,NO_TRADE:CHOPPY_MARKET,0.0,0,117.76,NONE,3,1,0,0,0,0,NO_TRADE,,NO_TRADE:CHOPPY_MARKET,
09:53:03,23277.35,23267.7,23193.65,NARROW,23303.85,23193.65,0.760,CHOPPY,NEUTRAL,STRONG_RANGE,NO_TRADE,NO_TRADE:CHOPPY_MARKET,0.0,0,117.37,NONE,3,1,0,0,0,0,NO_TRADE,,NO_TRADE:CHOPPY_MARKET,
09:53:18,23274.4,23267.7,23193.65,NARROW,23303.85,23193.65,0.733,CHOPPY,NEUTRAL,STRONG_RANGE,NO_TRADE,NO_TRADE:CHOPPY_MARKET,0.0,0,116.99,NONE,3,1,0,0,0,0,NO_TRADE,,NO_TRADE:CHOPPY_MARKET,
09:53:33,23276.4,23267.7,23193.65,NARROW,23303.85,23193.65,0.751,CHOPPY,NEUTRAL,STRONG_RANGE,NO_TRADE,NO_TRADE:CHOPPY_MARKET,0.0,0,116.61,NONE,3,1,0,0,0,0,NO_TRADE,,NO_TRADE:CHOPPY_MARKET,
09:53:48,23275.65,23267.7,23193.65,NARROW,23303.85,23193.65,0.744,CHOPPY,NEUTRAL,STRONG_RANGE,NO_TRADE,NO_TRADE:CHOPPY_MARKET,0.0,0,116.23,NONE,3,1,0,0,0,0,NO_TRADE,,NO_TRADE:CHOPPY_MARKET,
09:54:03,23277.7,23267.7,23193.65,NARROW,23303.85,23193.65,0.763,CHOPPY,NEUTRAL,STRONG_RANGE,NO_TRADE,NO_TRADE:CHOPPY_MARKET,0.0,0,115.86,NONE,3,1,0,0,0,0,NO_TRADE,,NO_TRADE:CHOPPY_MARKET,
09:54:18,23284.0,23267.7,23193.65,NARROW,23303.85,23193.65,0.820,CHOPPY,NEUTRAL,STRONG_RANGE,NO_TRADE,NO_TRADE:CHOPPY_MARKET,0.0,0,115.49,NONE,3,1,0,0,0,0,NO_TRADE,,NO_TRADE:CHOPPY_MARKET,
09:54:33,23285.35,23267.7,23193.65,NARROW,23303.85,23193.65,0.832,CHOPPY,NEUTRAL,STRONG_RANGE,NO_TRADE,NO_TRADE:CHOPPY_MARKET,0.0,0,115.13,NONE,3,1,0,0,0,0,NO_TRADE,,NO_TRADE:CHOPPY_MARKET,
09:54:48,23283.75,23267.7,23193.65,NARROW,23303.85,23193.65,0.818,CHOPPY,NEUTRAL,STRONG_RANGE,NO_TRADE,NO_TRADE:CHOPPY_MARKET,0.0,0,114.76,NONE,3,1,0,0,0,0,NO_TRADE,,NO_TRADE:CHOPPY_MARKET,
09:55:03,23284.65,23267.7,23193.65,NARROW,23303.85,23193.65,0.826,CHOPPY,NEUTRAL,STRONG_RANGE,NO_TRADE,NO_TRADE:CHOPPY_MARKET,0.0,0,114.4,NONE,3,1,0,0,0,0,NO_TRADE,,NO_TRADE:CHOPPY_MARKET,
09:55:18,23283.05,23267.7,23193.65,NARROW,23303.85,23193.65,0.811,CHOPPY,NEUTRAL,STRONG_RANGE,NO_TRADE,NO_TRADE:CHOPPY_MARKET,0.0,0,114.05,NONE,3,1,0,0,0,0,NO_TRADE,,NO_TRADE:CHOPPY_MARKET,
09:55:33,23284.35,23267.7,23193.65,NARROW,23303.85,23193.65,0.823,CHOPPY,NEUTRAL,STRONG_RANGE,NO_TRADE,NO_TRADE:CHOPPY_MARKET,0.0,0,113.69,NONE,3,1,0,0,0,0,NO_TRADE,,NO_TRADE:CHOPPY_MARKET,
09:55:48,23286.3,23267.7,23193.65,NARROW,23303.85,23193.65,0.841,CHOPPY,NEUTRAL,STRONG_RANGE,NO_TRADE,NO_TRADE:CHOPPY_MARKET,0.0,0,113.35,NONE,3,1,0,0,0,0,NO_TRADE,,NO_TRADE:CHOPPY_MARKET,
09:56:03,23286.85,23267.7,23193.65,NARROW,23303.85,23193.65,0.846,CHOPPY,NEUTRAL,STRONG_RANGE,NO_TRADE,NO_TRADE:CHOPPY_MARKET,0.0,0,113.0,NONE,3,1,0,0,0,0,NO_TRADE,,NO_TRADE:CHOPPY_MARKET,
09:56:18,23281.0,23267.7,23193.65,NARROW,23303.85,23193.65,0.793,CHOPPY,NEUTRAL,STRONG_RANGE,NO_TRADE,NO_TRADE:CHOPPY_MARKET,0.0,0,112.66,NONE,3,1,0,0,0,0,NO_TRADE,,NO_TRADE:CHOPPY_MARKET,
09:56:33,23278.05,23267.7,23193.65,NARROW,23303.85,23193.65,0.766,CHOPPY,NEUTRAL,STRONG_RANGE,NO_TRADE,NO_TRADE:CHOPPY_MARKET,0.0,0,112.32,NONE,3,1,0,0,0,0,NO_TRADE,,NO_TRADE:CHOPPY_MARKET,
09:56:48,23275.5,23267.7,23193.65,NARROW,23303.85,23193.65,0.743,CHOPPY,NEUTRAL,STRONG_RANGE,NO_TRADE,NO_TRADE:CHOPPY_MARKET,0.0,0,111.98,NONE,3,1,0,0,0,0,NO_TRADE,,NO_TRADE:CHOPPY_MARKET,
09:57:03,23274.95,23267.7,23193.65,NARROW,23303.85,23193.65,0.738,CHOPPY,NEUTRAL,STRONG_RANGE,NO_TRADE,NO_TRADE:CHOPPY_MARKET,0.0,0,111.65,NONE,3,1,0,0,0,0,NO_TRADE,,NO_TRADE:CHOPPY_MARKET,
09:57:18,23274.2,23267.7,23193.65,NARROW,23303.85,23193.65,0.731,CHOPPY,NEUTRAL,STRONG_RANGE,NO_TRADE,NO_TRADE:CHOPPY_MARKET,0.0,0,111.32,NONE,3,1,0,0,0,0,NO_TRADE,,NO_TRADE:CHOPPY_MARKET,
09:57:33,23278.0,23267.7,23193.65,NARROW,23303.85,23193.65,0.765,CHOPPY,NEUTRAL,STRONG_RANGE,NO_TRADE,NO_TRADE:CHOPPY_MARKET,0.0,0,110.99,NONE,3,1,0,0,0,0,NO_TRADE,,NO_TRADE:CHOPPY_MARKET,
09:57:48,23283.9,23267.7,23193.65,NARROW,23303.85,23193.65,0.819,CHOPPY,NEUTRAL,STRONG_RANGE,NO_TRADE,NO_TRADE:CHOPPY_MARKET,0.0,0,110.66,NONE,3,1,0,0,0,0,NO_TRADE,,NO_TRADE:CHOPPY_MARKET,
09:58:03,23285.05,23267.7,23193.65,NARROW,23303.85,23193.65,0.829,RANGE,NEUTRAL,STRONG_RANGE,NO_TRADE,RANGE_DTE3_CONDOR_REQUIRES_SELL_PREMIUM_GOT_NEUTRAL,0.0,0,110.34,HIGH,3,0,0,0,0,0,NO_TRADE,,RANGE_DTE3_CONDOR_REQUIRES_SELL_PREMIUM_GOT_NEUTRAL,
09:58:18,23284.85,23267.7,23193.65,NARROW,23303.85,23193.65,0.828,RANGE,NEUTRAL,STRONG_RANGE,NO_TRADE,RANGE_DTE3_CONDOR_REQUIRES_SELL_PREMIUM_GOT_NEUTRAL,0.0,0,110.02,HIGH,3,0,0,0,0,0,NO_TRADE,,RANGE_DTE3_CONDOR_REQUIRES_SELL_PREMIUM_GOT_NEUTRAL,
09:58:33,23286.75,23267.7,23193.65,NARROW,23303.85,23193.65,0.845,RANGE,NEUTRAL,STRONG_RANGE,NO_TRADE,RANGE_DTE3_CONDOR_REQUIRES_SELL_PREMIUM_GOT_NEUTRAL,0.0,0,109.7,HIGH,3,0,0,0,0,0,NO_TRADE,,RANGE_DTE3_CONDOR_REQUIRES_SELL_PREMIUM_GOT_NEUTRAL,
09:58:48,23288.1,23267.7,23193.65,NARROW,23303.85,23193.65,0.857,RANGE,NEUTRAL,STRONG_RANGE,NO_TRADE,RANGE_DTE3_CONDOR_REQUIRES_SELL_PREMIUM_GOT_NEUTRAL,0.0,0,109.39,HIGH,3,0,0,0,0,0,NO_TRADE,,RANGE_DTE3_CONDOR_REQUIRES_SELL_PREMIUM_GOT_NEUTRAL,
09:59:03,23286.55,23267.7,23193.65,NARROW,23303.85,23193.65,0.843,RANGE,NEUTRAL,STRONG_RANGE,NO_TRADE,RANGE_DTE3_CONDOR_REQUIRES_SELL_PREMIUM_GOT_NEUTRAL,0.0,0,109.08,HIGH,3,0,0,0,0,0,NO_TRADE,,RANGE_DTE3_CONDOR_REQUIRES_SELL_PREMIUM_GOT_NEUTRAL,
09:59:18,23284.9,23267.7,23193.65,NARROW,23303.85,23193.65,0.828,RANGE,NEUTRAL,STRONG_RANGE,NO_TRADE,RANGE_DTE3_CONDOR_REQUIRES_SELL_PREMIUM_GOT_NEUTRAL,0.0,0,108.77,HIGH,3,0,0,0,0,0,NO_TRADE,,RANGE_DTE3_CONDOR_REQUIRES_SELL_PREMIUM_GOT_NEUTRAL,
09:59:33,23284.45,23267.7,23193.65,NARROW,23303.85,23193.65,0.824,RANGE,NEUTRAL,STRONG_RANGE,NO_TRADE,RANGE_DTE3_CONDOR_REQUIRES_SELL_PREMIUM_GOT_NEUTRAL,0.0,0,108.46,HIGH,3,0,0,0,0,0,NO_TRADE,,RANGE_DTE3_CONDOR_REQUIRES_SELL_PREMIUM_GOT_NEUTRAL,
09:59:48,23286.2,23267.7,23193.65,NARROW,23303.85,23193.65,0.840,RANGE,NEUTRAL,STRONG_RANGE,NO_TRADE,RANGE_DTE3_CONDOR_REQUIRES_SELL_PREMIUM_GOT_NEUTRAL,0.0,0,108.16,HIGH,3,0,0,0,0,0,NO_TRADE,,RANGE_DTE3_CONDOR_REQUIRES_SELL_PREMIUM_GOT_NEUTRAL,
10:00:03,23284.55,23267.7,23193.65,NARROW,23303.85,23193.65,0.825,RANGE,NEUTRAL,STRONG_RANGE,NO_TRADE,RANGE_DTE3_CONDOR_REQUIRES_SELL_PREMIUM_GOT_NEUTRAL,0.0,0,107.86,HIGH,3,0,0,0,0,0,NO_TRADE,,RANGE_DTE3_CONDOR_REQUIRES_SELL_PREMIUM_GOT_NEUTRAL,
10:00:18,23284.45,23267.7,23193.65,NARROW,23303.85,23193.65,0.824,RANGE,NEUTRAL,STRONG_RANGE,NO_TRADE,RANGE_DTE3_CONDOR_REQUIRES_SELL_PREMIUM_GOT_NEUTRAL,0.0,0,107.56,HIGH,3,0,0,0,0,0,NO_TRADE,,RANGE_DTE3_CONDOR_REQUIRES_SELL_PREMIUM_GOT_NEUTRAL,
10:00:33,23281.9,23267.7,23193.65,NARROW,23303.85,23193.65,0.801,RANGE,NEUTRAL,STRONG_RANGE,NO_TRADE,RANGE_DTE3_CONDOR_REQUIRES_SELL_PREMIUM_GOT_NEUTRAL,0.0,0,107.27,HIGH,3,0,0,0,0,0,NO_TRADE,,RANGE_DTE3_CONDOR_REQUIRES_SELL_PREMIUM_GOT_NEUTRAL,
10:00:48,23282.05,23267.7,23193.65,NARROW,23303.85,23193.65,0.802,RANGE,NEUTRAL,STRONG_RANGE,NO_TRADE,RANGE_DTE3_CONDOR_REQUIRES_SELL_PREMIUM_GOT_NEUTRAL,0.0,0,106.97,HIGH,3,0,0,0,0,0,NO_TRADE,,RANGE_DTE3_CONDOR_REQUIRES_SELL_PREMIUM_GOT_NEUTRAL,
10:01:03,23283.55,23267.7,23193.65,NARROW,23303.85,23193.65,0.816,RANGE,NEUTRAL,STRONG_RANGE,NO_TRADE,RANGE_DTE3_CONDOR_REQUIRES_SELL_PREMIUM_GOT_NEUTRAL,0.0,0,106.68,HIGH,3,0,0,0,0,0,NO_TRADE,,RANGE_DTE3_CONDOR_REQUIRES_SELL_PREMIUM_GOT_NEUTRAL,
10:01:18,23284.45,23267.7,23193.65,NARROW,23303.85,23193.65,0.824,RANGE,NEUTRAL,STRONG_RANGE,NO_TRADE,RANGE_DTE3_CONDOR_REQUIRES_SELL_PREMIUM_GOT_NEUTRAL,0.0,0,106.39,HIGH,3,0,0,0,0,0,NO_TRADE,,RANGE_DTE3_CONDOR_REQUIRES_SELL_PREMIUM_GOT_NEUTRAL,
10:01:33,23287.9,23267.7,23193.65,NARROW,23303.85,23193.65,0.855,RANGE,NEUTRAL,STRONG_RANGE,NO_TRADE,RANGE_DTE3_CONDOR_REQUIRES_SELL_PREMIUM_GOT_NEUTRAL,0.0,0,106.11,HIGH,3,0,0,0,0,0,NO_TRADE,,RANGE_DTE3_CONDOR_REQUIRES_SELL_PREMIUM_GOT_NEUTRAL,
10:01:48,23287.95,23267.7,23193.65,NARROW,23303.85,23193.65,0.856,RANGE,NEUTRAL,STRONG_RANGE,NO_TRADE,RANGE_DTE3_CONDOR_REQUIRES_SELL_PREMIUM_GOT_NEUTRAL,0.0,0,105.82,HIGH,3,0,0,0,0,0,NO_TRADE,,RANGE_DTE3_CONDOR_REQUIRES_SELL_PREMIUM_GOT_NEUTRAL,
10:02:04,23288.9,23267.7,23193.65,NARROW,23303.85,23193.65,0.864,UPTREND,NEUTRAL,STRONG_RANGE,NO_TRADE,NO_TRADE:ADX_IMMATURE_NO_DIRECTIONAL_CREDIT,0.0,0,105.54,HIGH,3,0,0,0,0,0,NO_TRADE,,NO_TRADE:ADX_IMMATURE_NO_DIRECTIONAL_CREDIT,
10:02:19,23290.45,23267.7,23193.65,NARROW,23303.85,23193.65,0.878,UPTREND,NEUTRAL,STRONG_RANGE,NO_TRADE,NO_TRADE:ADX_IMMATURE_NO_DIRECTIONAL_CREDIT,0.0,0,105.26,HIGH,3,0,0,0,0,0,NO_TRADE,,NO_TRADE:ADX_IMMATURE_NO_DIRECTIONAL_CREDIT,
10:02:34,23289.65,23267.7,23193.65,NARROW,23303.85,23193.65,0.871,UPTREND,NEUTRAL,STRONG_RANGE,NO_TRADE,NO_TRADE:ADX_IMMATURE_NO_DIRECTIONAL_CREDIT,0.0,0,104.98,HIGH,3,0,0,0,0,0,NO_TRADE,,NO_TRADE:ADX_IMMATURE_NO_DIRECTIONAL_CREDIT,
10:02:49,23292.35,23267.7,23193.65,NARROW,23303.85,23193.65,0.896,UPTREND,NEUTRAL,STRONG_RANGE,NO_TRADE,NO_TRADE:ADX_IMMATURE_NO_DIRECTIONAL_CREDIT,0.0,0,104.71,HIGH,3,0,0,0,0,0,NO_TRADE,,NO_TRADE:ADX_IMMATURE_NO_DIRECTIONAL_CREDIT,
10:03:04,23293.85,23267.7,23193.65,NARROW,23303.85,23193.65,0.909,UPTREND,NEUTRAL,STRONG_RANGE,NO_TRADE,NO_TRADE:ADX_IMMATURE_NO_DIRECTIONAL_CREDIT,0.0,0,104.43,HIGH,3,0,0,0,0,0,NO_TRADE,,NO_TRADE:ADX_IMMATURE_NO_DIRECTIONAL_CREDIT,
10:03:19,23296.1,23267.7,23193.65,NARROW,23303.85,23193.65,0.930,UPTREND,NEUTRAL,STRONG_RANGE,NO_TRADE,NO_TRADE:ADX_IMMATURE_NO_DIRECTIONAL_CREDIT,0.0,0,104.16,HIGH,3,0,0,0,0,0,NO_TRADE,,NO_TRADE:ADX_IMMATURE_NO_DIRECTIONAL_CREDIT,
10:03:34,23294.3,23267.7,23193.65,NARROW,23303.85,23193.65,0.913,UPTREND,NEUTRAL,STRONG_RANGE,NO_TRADE,NO_TRADE:ADX_IMMATURE_NO_DIRECTIONAL_CREDIT,0.0,0,103.89,HIGH,3,0,0,0,0,0,NO_TRADE,,NO_TRADE:ADX_IMMATURE_NO_DIRECTIONAL_CREDIT,
10:03:49,23293.35,23267.7,23193.65,NARROW,23303.85,23193.65,0.905,UPTREND,NEUTRAL,STRONG_RANGE,NO_TRADE,NO_TRADE:ADX_IMMATURE_NO_DIRECTIONAL_CREDIT,0.0,0,103.63,HIGH,3,0,0,0,0,0,NO_TRADE,,NO_TRADE:ADX_IMMATURE_NO_DIRECTIONAL_CREDIT,
10:04:04,23295.15,23267.7,23193.65,NARROW,23303.85,23193.65,0.921,UPTREND,NEUTRAL,STRONG_RANGE,NO_TRADE,NO_TRADE:ADX_IMMATURE_NO_DIRECTIONAL_CREDIT,0.0,0,103.35,HIGH,3,0,0,0,0,0,NO_TRADE,,NO_TRADE:ADX_IMMATURE_NO_DIRECTIONAL_CREDIT,
10:04:55,23294.9,23267.7,23193.65,NARROW,23303.85,23193.65,0.919,UPTREND,NEUTRAL,STRONG_RANGE,NO_TRADE,NO_TRADE:ADX_IMMATURE_NO_DIRECTIONAL_CREDIT,0.0,0,102.48,HIGH,3,0,0,0,0,0,NO_TRADE,,NO_TRADE:ADX_IMMATURE_NO_DIRECTIONAL_CREDIT,
10:05:10,23299.7,23267.7,23193.65,NARROW,23314.65,23193.65,0.876,UPTREND,NEUTRAL,STRONG_RANGE,NO_TRADE,NO_TRADE:ADX_IMMATURE_NO_DIRECTIONAL_CREDIT,0.0,0,112.24,HIGH,3,0,0,0,0,0,NO_TRADE,,NO_TRADE:ADX_IMMATURE_NO_DIRECTIONAL_CREDIT,
10:05:25,23300.8,23267.7,23193.65,NARROW,23314.65,23193.65,0.886,UPTREND,NEUTRAL,STRONG_RANGE,NO_TRADE,NO_TRADE:ADX_IMMATURE_NO_DIRECTIONAL_CREDIT,0.0,0,111.96,HIGH,3,0,0,0,0,0,NO_TRADE,,NO_TRADE:ADX_IMMATURE_NO_DIRECTIONAL_CREDIT,
10:05:40,23308.4,23267.7,23193.65,NARROW,23314.65,23193.65,0.948,UPTREND,NEUTRAL,STRONG_RANGE,NO_TRADE,NO_TRADE:ADX_IMMATURE_NO_DIRECTIONAL_CREDIT,0.0,0,111.69,HIGH,3,0,0,0,0,0,NO_TRADE,,NO_TRADE:ADX_IMMATURE_NO_DIRECTIONAL_CREDIT,
10:05:55,23308.5,23267.7,23193.65,NARROW,23314.65,23193.65,0.949,UPTREND,NEUTRAL,STRONG_RANGE,NO_TRADE,NO_TRADE:ADX_IMMATURE_NO_DIRECTIONAL_CREDIT,0.0,0,111.41,HIGH,3,0,0,0,0,0,NO_TRADE,,NO_TRADE:ADX_IMMATURE_NO_DIRECTIONAL_CREDIT,
10:06:10,23306.45,23267.7,23193.65,NARROW,23314.65,23193.65,0.932,UPTREND,NEUTRAL,STRONG_RANGE,NO_TRADE,NO_TRADE:ADX_IMMATURE_NO_DIRECTIONAL_CREDIT,0.0,0,111.14,HIGH,3,0,0,0,0,0,NO_TRADE,,NO_TRADE:ADX_IMMATURE_NO_DIRECTIONAL_CREDIT,
10:06:25,23308.7,23267.7,23193.65,NARROW,23314.65,23193.65,0.951,UPTREND,NEUTRAL,STRONG_RANGE,NO_TRADE,NO_TRADE:ADX_IMMATURE_NO_DIRECTIONAL_CREDIT,0.0,0,110.87,HIGH,3,0,0,0,0,0,NO_TRADE,,NO_TRADE:ADX_IMMATURE_NO_DIRECTIONAL_CREDIT,
10:06:40,23311.15,23267.7,23193.65,NARROW,23314.65,23193.65,0.971,UPTREND,NEUTRAL,STRONG_RANGE,NO_TRADE,NO_TRADE:ADX_IMMATURE_NO_DIRECTIONAL_CREDIT,0.0,0,110.6,HIGH,3,0,0,0,0,0,NO_TRADE,,NO_TRADE:ADX_IMMATURE_NO_DIRECTIONAL_CREDIT,
10:06:55,23310.1,23267.7,23193.65,NARROW,23314.65,23193.65,0.962,UPTREND,NEUTRAL,STRONG_RANGE,NO_TRADE,NO_TRADE:ADX_IMMATURE_NO_DIRECTIONAL_CREDIT,0.0,0,110.33,HIGH,3,0,0,0,0,0,NO_TRADE,,NO_TRADE:ADX_IMMATURE_NO_DIRECTIONAL_CREDIT,
10:07:10,23305.1,23267.7,23193.65,NARROW,23314.65,23193.65,0.921,UPTREND,NEUTRAL,STRONG_RANGE,NO_TRADE,NO_TRADE:ADX_IMMATURE_NO_DIRECTIONAL_CREDIT,0.0,0,110.07,HIGH,3,0,0,0,0,0,NO_TRADE,,NO_TRADE:ADX_IMMATURE_NO_DIRECTIONAL_CREDIT,
10:07:25,23302.35,23267.7,23193.65,NARROW,23314.65,23193.65,0.898,UPTREND,NEUTRAL,STRONG_RANGE,NO_TRADE,NO_TRADE:ADX_IMMATURE_NO_DIRECTIONAL_CREDIT,0.0,0,109.81,HIGH,3,0,0,0,0,0,NO_TRADE,,NO_TRADE:ADX_IMMATURE_NO_DIRECTIONAL_CREDIT,
10:07:40,23301.1,23267.7,23193.65,NARROW,23314.65,23193.65,0.888,UPTREND,NEUTRAL,STRONG_RANGE,NO_TRADE,NO_TRADE:ADX_IMMATURE_NO_DIRECTIONAL_CREDIT,0.0,0,109.55,HIGH,3,0,0,0,0,0,NO_TRADE,,NO_TRADE:ADX_IMMATURE_NO_DIRECTIONAL_CREDIT,
10:07:55,23301.25,23267.7,23193.65,NARROW,23314.65,23193.65,0.889,UPTREND,NEUTRAL,STRONG_RANGE,NO_TRADE,NO_TRADE:ADX_IMMATURE_NO_DIRECTIONAL_CREDIT,0.0,0,109.29,HIGH,3,0,0,0,0,0,NO_TRADE,,NO_TRADE:ADX_IMMATURE_NO_DIRECTIONAL_CREDIT,
10:08:10,23304.05,23267.7,23193.65,NARROW,23314.65,23193.65,0.912,UPTREND,NEUTRAL,STRONG_RANGE,NO_TRADE,NO_TRADE:ADX_IMMATURE_NO_DIRECTIONAL_CREDIT,0.0,0,109.03,HIGH,3,0,0,0,0,0,NO_TRADE,,NO_TRADE:ADX_IMMATURE_NO_DIRECTIONAL_CREDIT,
10:08:25,23304.6,23267.7,23193.65,NARROW,23314.65,23193.65,0.917,UPTREND,NEUTRAL,STRONG_RANGE,NO_TRADE,NO_TRADE:ADX_IMMATURE_NO_DIRECTIONAL_CREDIT,0.0,0,108.77,HIGH,3,0,0,0,0,0,NO_TRADE,,NO_TRADE:ADX_IMMATURE_NO_DIRECTIONAL_CREDIT,
10:08:40,23307.2,23267.7,23193.65,NARROW,23314.65,23193.65,0.938,UPTREND,NEUTRAL,STRONG_RANGE,NO_TRADE,NO_TRADE:ADX_IMMATURE_NO_DIRECTIONAL_CREDIT,0.0,0,108.52,HIGH,3,0,0,0,0,0,NO_TRADE,,NO_TRADE:ADX_IMMATURE_NO_DIRECTIONAL_CREDIT,
10:08:55,23306.3,23267.7,23193.65,NARROW,23314.65,23193.65,0.931,UPTREND,NEUTRAL,STRONG_RANGE,NO_TRADE,NO_TRADE:ADX_IMMATURE_NO_DIRECTIONAL_CREDIT,0.0,0,108.27,HIGH,3,0,0,0,0,0,NO_TRADE,,NO_TRADE:ADX_IMMATURE_NO_DIRECTIONAL_CREDIT,
10:09:10,23305.75,23267.7,23193.65,NARROW,23314.65,23193.65,0.926,UPTREND,NEUTRAL,STRONG_RANGE,NO_TRADE,NO_TRADE:ADX_IMMATURE_NO_DIRECTIONAL_CREDIT,0.0,0,108.02,HIGH,3,0,0,0,0,0,NO_TRADE,,NO_TRADE:ADX_IMMATURE_NO_DIRECTIONAL_CREDIT,
10:09:25,23303.95,23267.7,23193.65,NARROW,23314.65,23193.65,0.912,UPTREND,NEUTRAL,STRONG_RANGE,NO_TRADE,NO_TRADE:ADX_IMMATURE_NO_DIRECTIONAL_CREDIT,0.0,0,107.77,HIGH,3,0,0,0,0,0,NO_TRADE,,NO_TRADE:ADX_IMMATURE_NO_DIRECTIONAL_CREDIT,
10:09:40,23306.1,23267.7,23193.65,NARROW,23314.65,23193.65,0.929,UPTREND,NEUTRAL,STRONG_RANGE,NO_TRADE,NO_TRADE:ADX_IMMATURE_NO_DIRECTIONAL_CREDIT,0.0,0,107.52,HIGH,3,0,0,0,0,0,NO_TRADE,,NO_TRADE:ADX_IMMATURE_NO_DIRECTIONAL_CREDIT,
10:09:55,23307.6,23267.7,23193.65,NARROW,23314.65,23193.65,0.942,UPTREND,NEUTRAL,STRONG_RANGE,NO_TRADE,NO_TRADE:ADX_IMMATURE_NO_DIRECTIONAL_CREDIT,0.0,0,107.27,HIGH,3,0,0,0,0,0,NO_TRADE,,NO_TRADE:ADX_IMMATURE_NO_DIRECTIONAL_CREDIT,
10:10:10,23310.4,23267.7,23193.65,NARROW,23316.15,23193.65,0.953,UPTREND,NEUTRAL,STRONG_RANGE,NO_TRADE,NO_TRADE:ADX_IMMATURE_NO_DIRECTIONAL_CREDIT,0.0,0,108.36,HIGH,3,0,0,0,0,0,NO_TRADE,,NO_TRADE:ADX_IMMATURE_NO_DIRECTIONAL_CREDIT,
10:10:25,23310.85,23267.7,23193.65,NARROW,23316.15,23193.65,0.957,UPTREND,NEUTRAL,STRONG_RANGE,NO_TRADE,NO_TRADE:ADX_IMMATURE_NO_DIRECTIONAL_CREDIT,0.0,0,108.11,HIGH,3,0,0,0,0,0,NO_TRADE,,NO_TRADE:ADX_IMMATURE_NO_DIRECTIONAL_CREDIT,
10:10:40,23309.95,23267.7,23193.65,NARROW,23316.15,23193.65,0.949,UPTREND,NEUTRAL,STRONG_RANGE,NO_TRADE,NO_TRADE:ADX_IMMATURE_NO_DIRECTIONAL_CREDIT,0.0,0,107.87,HIGH,3,0,0,0,0,0,NO_TRADE,,NO_TRADE:ADX_IMMATURE_NO_DIRECTIONAL_CREDIT,
10:10:55,23311.85,23267.7,23193.65,NARROW,23316.15,23193.65,0.965,UPTREND,NEUTRAL,STRONG_RANGE,NO_TRADE,NO_TRADE:ADX_IMMATURE_NO_DIRECTIONAL_CREDIT,0.0,0,107.63,HIGH,3,0,0,0,0,0,NO_TRADE,,NO_TRADE:ADX_IMMATURE_NO_DIRECTIONAL_CREDIT,
10:11:10,23316.3,23267.7,23193.65,NARROW,23323.7,23193.65,0.943,UPTREND,NEUTRAL,STRONG_RANGE,NO_TRADE,NO_TRADE:ADX_IMMATURE_NO_DIRECTIONAL_CREDIT,0.0,0,114.01,HIGH,3,0,0,0,0,0,NO_TRADE,,NO_TRADE:ADX_IMMATURE_NO_DIRECTIONAL_CREDIT,
10:11:25,23317.35,23267.7,23193.65,NARROW,23323.7,23193.65,0.951,UPTREND,NEUTRAL,STRONG_RANGE,NO_TRADE,NO_TRADE:ADX_IMMATURE_NO_DIRECTIONAL_CREDIT,0.0,0,113.75,HIGH,3,0,0,0,0,0,NO_TRADE,,NO_TRADE:ADX_IMMATURE_NO_DIRECTIONAL_CREDIT,
10:11:40,23320.3,23267.7,23193.65,NARROW,23323.7,23193.65,0.974,UPTREND,NEUTRAL,STRONG_RANGE,NO_TRADE,NO_TRADE:ADX_IMMATURE_NO_DIRECTIONAL_CREDIT,0.0,0,113.5,HIGH,3,0,0,0,0,0,NO_TRADE,,NO_TRADE:ADX_IMMATURE_NO_DIRECTIONAL_CREDIT,
10:11:55,23320.7,23267.7,23193.65,NARROW,23323.7,23193.65,0.977,UPTREND,NEUTRAL,STRONG_RANGE,NO_TRADE,NO_TRADE:ADX_IMMATURE_NO_DIRECTIONAL_CREDIT,0.0,0,113.25,HIGH,3,0,0,0,0,0,NO_TRADE,,NO_TRADE:ADX_IMMATURE_NO_DIRECTIONAL_CREDIT,
10:12:10,23322.1,23267.7,23193.65,NARROW,23325.4,23193.65,0.975,UPTREND,NEUTRAL,STRONG_RANGE,NO_TRADE,NO_TRADE:ADX_IMMATURE_NO_DIRECTIONAL_CREDIT,0.0,0,114.48,HIGH,3,0,0,0,0,0,NO_TRADE,,NO_TRADE:ADX_IMMATURE_NO_DIRECTIONAL_CREDIT,
10:12:25,23321.5,23267.7,23193.65,NARROW,23325.4,23193.65,0.970,UPTREND,NEUTRAL,STRONG_RANGE,NO_TRADE,NO_TRADE:ADX_IMMATURE_NO_DIRECTIONAL_CREDIT,0.0,0,114.23,HIGH,3,0,0,0,0,0,NO_TRADE,,NO_TRADE:ADX_IMMATURE_NO_DIRECTIONAL_CREDIT,
10:12:40,23321.5,23267.7,23193.65,NARROW,23325.4,23193.65,0.970,UPTREND,NEUTRAL,STRONG_RANGE,NO_TRADE,NO_TRADE:ADX_IMMATURE_NO_DIRECTIONAL_CREDIT,0.0,0,113.98,HIGH,3,0,0,0,0,0,NO_TRADE,,NO_TRADE:ADX_IMMATURE_NO_DIRECTIONAL_CREDIT,
10:12:55,23319.8,23267.7,23193.65,NARROW,23325.4,23193.65,0.957,UPTREND,NEUTRAL,STRONG_RANGE,NO_TRADE,NO_TRADE:ADX_IMMATURE_NO_DIRECTIONAL_CREDIT,0.0,0,113.73,HIGH,3,0,0,0,0,0,NO_TRADE,,NO_TRADE:ADX_IMMATURE_NO_DIRECTIONAL_CREDIT,
10:13:10,23316.4,23267.7,23193.65,NARROW,23325.4,23193.65,0.932,UPTREND,NEUTRAL,STRONG_RANGE,NO_TRADE,NO_TRADE:ADX_IMMATURE_NO_DIRECTIONAL_CREDIT,0.0,0,113.49,HIGH,3,0,0,0,0,0,NO_TRADE,,NO_TRADE:ADX_IMMATURE_NO_DIRECTIONAL_CREDIT,
10:13:25,23317.8,23267.7,23193.65,NARROW,23325.4,23193.65,0.942,UPTREND,NEUTRAL,STRONG_RANGE,NO_TRADE,NO_TRADE:ADX_IMMATURE_NO_DIRECTIONAL_CREDIT,0.0,0,113.25,HIGH,3,0,0,0,0,0,NO_TRADE,,NO_TRADE:ADX_IMMATURE_NO_DIRECTIONAL_CREDIT,
10:13:40,23318.75,23267.7,23193.65,NARROW,23325.4,23193.65,0.950,UPTREND,NEUTRAL,STRONG_RANGE,NO_TRADE,NO_TRADE:ADX_IMMATURE_NO_DIRECTIONAL_CREDIT,0.0,0,113.0,HIGH,3,0,0,0,0,0,NO_TRADE,,NO_TRADE:ADX_IMMATURE_NO_DIRECTIONAL_CREDIT,
10:13:55,23316.6,23267.7,23193.65,NARROW,23325.4,23193.65,0.933,UPTREND,NEUTRAL,STRONG_RANGE,NO_TRADE,NO_TRADE:ADX_IMMATURE_NO_DIRECTIONAL_CREDIT,0.0,0,112.76,HIGH,3,0,0,0,0,0,NO_TRADE,,NO_TRADE:ADX_IMMATURE_NO_DIRECTIONAL_CREDIT,
10:14:10,23313.8,23267.7,23193.65,NARROW,23325.4,23193.65,0.912,UPTREND,NEUTRAL,STRONG_RANGE,NO_TRADE,NO_TRADE:ADX_IMMATURE_NO_DIRECTIONAL_CREDIT,0.0,0,112.52,HIGH,3,0,0,0,0,0,NO_TRADE,,NO_TRADE:ADX_IMMATURE_NO_DIRECTIONAL_CREDIT,
10:14:26,23312.85,23267.7,23193.65,NARROW,23325.4,23193.65,0.905,UPTREND,NEUTRAL,STRONG_RANGE,NO_TRADE,NO_TRADE:ADX_IMMATURE_NO_DIRECTIONAL_CREDIT,0.0,0,112.29,HIGH,3,0,0,0,0,0,NO_TRADE,,NO_TRADE:ADX_IMMATURE_NO_DIRECTIONAL_CREDIT,
10:14:41,23311.2,23267.7,23193.65,NARROW,23325.4,23193.65,0.892,UPTREND,NEUTRAL,STRONG_RANGE,NO_TRADE,NO_TRADE:ADX_IMMATURE_NO_DIRECTIONAL_CREDIT,0.0,0,112.05,HIGH,3,0,0,0,0,0,NO_TRADE,,NO_TRADE:ADX_IMMATURE_NO_DIRECTIONAL_CREDIT,
10:14:56,23310.75,23267.7,23193.65,NARROW,23325.4,23193.65,0.889,UPTREND,NEUTRAL,STRONG_RANGE,NO_TRADE,NO_TRADE:ADX_IMMATURE_NO_DIRECTIONAL_CREDIT,0.0,0,111.81,HIGH,3,0,0,0,0,0,NO_TRADE,,NO_TRADE:ADX_IMMATURE_NO_DIRECTIONAL_CREDIT,
10:15:11,23314.35,23267.7,23193.65,NARROW,23325.4,23193.65,0.916,UPTREND,NEUTRAL,STRONG_RANGE,NO_TRADE,NO_TRADE:ADX_IMMATURE_NO_DIRECTIONAL_CREDIT,0.0,0,111.58,HIGH,3,0,0,0,0,0,NO_TRADE,,NO_TRADE:ADX_IMMATURE_NO_DIRECTIONAL_CREDIT,
10:15:26,23315.7,23267.7,23193.65,NARROW,23325.4,23193.65,0.926,UPTREND,NEUTRAL,STRONG_RANGE,NO_TRADE,NO_TRADE:ADX_IMMATURE_NO_DIRECTIONAL_CREDIT,0.0,0,111.35,HIGH,3,0,0,0,0,0,NO_TRADE,,NO_TRADE:ADX_IMMATURE_NO_DIRECTIONAL_CREDIT,
10:15:41,23318.3,23267.7,23193.65,NARROW,23325.4,23193.65,0.946,UPTREND,NEUTRAL,STRONG_RANGE,NO_TRADE,NO_TRADE:ADX_IMMATURE_NO_DIRECTIONAL_CREDIT,0.0,0,111.12,HIGH,3,0,0,0,0,0,NO_TRADE,,NO_TRADE:ADX_IMMATURE_NO_DIRECTIONAL_CREDIT,
10:15:56,23312.9,23267.7,23193.65,NARROW,23325.4,23193.65,0.905,UPTREND,NEUTRAL,STRONG_RANGE,NO_TRADE,NO_TRADE:ADX_IMMATURE_NO_DIRECTIONAL_CREDIT,0.0,0,110.89,HIGH,3,0,0,0,0,0,NO_TRADE,,NO_TRADE:ADX_IMMATURE_NO_DIRECTIONAL_CREDIT,
10:16:11,23311.15,23267.7,23193.65,NARROW,23325.4,23193.65,0.892,UPTREND,NEUTRAL,STRONG_RANGE,NO_TRADE,NO_TRADE:ADX_IMMATURE_NO_DIRECTIONAL_CREDIT,0.0,0,110.66,HIGH,3,0,0,0,0,0,NO_TRADE,,NO_TRADE:ADX_IMMATURE_NO_DIRECTIONAL_CREDIT,
10:16:26,23310.8,23267.7,23193.65,NARROW,23325.4,23193.65,0.889,UPTREND,NEUTRAL,STRONG_RANGE,NO_TRADE,NO_TRADE:ADX_IMMATURE_NO_DIRECTIONAL_CREDIT,0.0,0,110.44,HIGH,3,0,0,0,0,0,NO_TRADE,,NO_TRADE:ADX_IMMATURE_NO_DIRECTIONAL_CREDIT,
10:16:41,23312.0,23267.7,23193.65,NARROW,23325.4,23193.65,0.898,UPTREND,NEUTRAL,STRONG_RANGE,NO_TRADE,NO_TRADE:ADX_IMMATURE_NO_DIRECTIONAL_CREDIT,0.0,0,110.21,HIGH,3,0,0,0,0,0,NO_TRADE,,NO_TRADE:ADX_IMMATURE_NO_DIRECTIONAL_CREDIT,
10:16:56,23309.6,23267.7,23193.65,NARROW,23325.4,23193.65,0.880,UPTREND,NEUTRAL,STRONG_RANGE,NO_TRADE,NO_TRADE:ADX_IMMATURE_NO_DIRECTIONAL_CREDIT,0.0,0,109.99,HIGH,3,0,0,0,0,0,NO_TRADE,,NO_TRADE:ADX_IMMATURE_NO_DIRECTIONAL_CREDIT,
10:17:11,23311.9,23267.7,23193.65,NARROW,23325.4,23193.65,0.898,UPTREND,NEUTRAL,STRONG_RANGE,NO_TRADE,NO_TRADE:ADX_IMMATURE_NO_DIRECTIONAL_CREDIT,0.0,0,109.77,HIGH,3,0,0,0,0,0,NO_TRADE,,NO_TRADE:ADX_IMMATURE_NO_DIRECTIONAL_CREDIT,
10:17:26,23308.65,23267.7,23193.65,NARROW,23325.4,23193.65,0.873,UPTREND,NEUTRAL,STRONG_RANGE,NO_TRADE,NO_TRADE:ADX_IMMATURE_NO_DIRECTIONAL_CREDIT,0.0,0,109.55,HIGH,3,0,0,0,0,0,NO_TRADE,,NO_TRADE:ADX_IMMATURE_NO_DIRECTIONAL_CREDIT,
10:17:41,23305.75,23267.7,23193.65,NARROW,23325.4,23193.65,0.851,UPTREND,NEUTRAL,STRONG_RANGE,NO_TRADE,NO_TRADE:ADX_IMMATURE_NO_DIRECTIONAL_CREDIT,0.0,0,109.33,HIGH,3,0,0,0,0,0,NO_TRADE,,NO_TRADE:ADX_IMMATURE_NO_DIRECTIONAL_CREDIT,
10:17:56,23303.6,23267.7,23193.65,NARROW,23325.4,23193.65,0.835,UPTREND,NEUTRAL,STRONG_RANGE,NO_TRADE,NO_TRADE:ADX_IMMATURE_NO_DIRECTIONAL_CREDIT,0.0,0,109.11,HIGH,3,0,0,0,0,0,NO_TRADE,,NO_TRADE:ADX_IMMATURE_NO_DIRECTIONAL_CREDIT,
10:18:11,23302.95,23267.7,23193.65,NARROW,23325.4,23193.65,0.830,UPTREND,NEUTRAL,STRONG_RANGE,NO_TRADE,NO_TRADE:ADX_IMMATURE_NO_DIRECTIONAL_CREDIT,0.0,0,108.89,HIGH,3,0,0,0,0,0,NO_TRADE,,NO_TRADE:ADX_IMMATURE_NO_DIRECTIONAL_CREDIT,
10:18:26,23302.45,23267.7,23193.65,NARROW,23325.4,23193.65,0.826,UPTREND,NEUTRAL,STRONG_RANGE,NO_TRADE,NO_TRADE:ADX_IMMATURE_NO_DIRECTIONAL_CREDIT,0.0,0,108.68,HIGH,3,0,0,0,0,0,NO_TRADE,,NO_TRADE:ADX_IMMATURE_NO_DIRECTIONAL_CREDIT,
10:18:41,23300.2,23267.7,23193.65,NARROW,23325.4,23193.65,0.809,UPTREND,NEUTRAL,STRONG_RANGE,NO_TRADE,NO_TRADE:ADX_IMMATURE_NO_DIRECTIONAL_CREDIT,0.0,0,108.47,HIGH,3,0,0,0,0,0,NO_TRADE,,NO_TRADE:ADX_IMMATURE_NO_DIRECTIONAL_CREDIT,
10:18:56,23300.7,23267.7,23193.65,NARROW,23325.4,23193.65,0.813,UPTREND,NEUTRAL,STRONG_RANGE,NO_TRADE,NO_TRADE:ADX_IMMATURE_NO_DIRECTIONAL_CREDIT,0.0,0,108.25,HIGH,3,0,0,0,0,0,NO_TRADE,,NO_TRADE:ADX_IMMATURE_NO_DIRECTIONAL_CREDIT,
10:19:11,23301.5,23267.7,23193.65,NARROW,23325.4,23193.65,0.819,UPTREND,NEUTRAL,STRONG_RANGE,NO_TRADE,NO_TRADE:ADX_IMMATURE_NO_DIRECTIONAL_CREDIT,0.0,0,108.04,HIGH,3,0,0,0,0,0,NO_TRADE,,NO_TRADE:ADX_IMMATURE_NO_DIRECTIONAL_CREDIT,
10:19:26,23300.85,23267.7,23193.65,NARROW,23325.4,23193.65,0.814,UPTREND,NEUTRAL,STRONG_RANGE,NO_TRADE,NO_TRADE:ADX_IMMATURE_NO_DIRECTIONAL_CREDIT,0.0,0,107.83,HIGH,3,0,0,0,0,0,NO_TRADE,,NO_TRADE:ADX_IMMATURE_NO_DIRECTIONAL_CREDIT,
10:19:41,23300.3,23267.7,23193.65,NARROW,23325.4,23193.65,0.809,UPTREND,NEUTRAL,STRONG_RANGE,NO_TRADE,NO_TRADE:ADX_IMMATURE_NO_DIRECTIONAL_CREDIT,0.0,0,107.62,HIGH,3,0,0,0,0,0,NO_TRADE,,NO_TRADE:ADX_IMMATURE_NO_DIRECTIONAL_CREDIT,
10:19:56,23296.1,23267.7,23193.65,NARROW,23325.4,23193.65,0.778,UPTREND,NEUTRAL,STRONG_RANGE,NO_TRADE,NO_TRADE:ADX_IMMATURE_NO_DIRECTIONAL_CREDIT,0.0,0,107.41,HIGH,3,0,0,0,0,0,NO_TRADE,,NO_TRADE:ADX_IMMATURE_NO_DIRECTIONAL_CREDIT,
10:20:11,23294.3,23267.7,23193.65,NARROW,23325.4,23193.65,0.764,UPTREND,NEUTRAL,STRONG_RANGE,NO_TRADE,NO_TRADE:ADX_IMMATURE_NO_DIRECTIONAL_CREDIT,0.0,0,107.21,HIGH,3,0,0,0,0,0,NO_TRADE,,NO_TRADE:ADX_IMMATURE_NO_DIRECTIONAL_CREDIT,
10:20:26,23294.3,23267.7,23193.65,NARROW,23325.4,23193.65,0.764,UPTREND,NEUTRAL,STRONG_RANGE,NO_TRADE,NO_TRADE:ADX_IMMATURE_NO_DIRECTIONAL_CREDIT,0.0,0,107.0,HIGH,3,0,0,0,0,0,NO_TRADE,,NO_TRADE:ADX_IMMATURE_NO_DIRECTIONAL_CREDIT,
10:20:42,23300.15,23267.7,23193.65,NARROW,23325.4,23193.65,0.808,UPTREND,NEUTRAL,STRONG_RANGE,NO_TRADE,NO_TRADE:ADX_IMMATURE_NO_DIRECTIONAL_CREDIT,0.0,0,106.8,HIGH,3,0,0,0,0,0,NO_TRADE,,NO_TRADE:ADX_IMMATURE_NO_DIRECTIONAL_CREDIT,
10:20:56,23300.45,23267.7,23193.65,NARROW,23325.4,23193.65,0.811,UPTREND,NEUTRAL,STRONG_RANGE,NO_TRADE,NO_TRADE:ADX_IMMATURE_NO_DIRECTIONAL_CREDIT,0.0,0,106.6,HIGH,3,0,0,0,0,0,NO_TRADE,,NO_TRADE:ADX_IMMATURE_NO_DIRECTIONAL_CREDIT,
10:21:11,23302.25,23267.7,23193.65,NARROW,23325.4,23193.65,0.824,UPTREND,NEUTRAL,STRONG_RANGE,NO_TRADE,NO_TRADE:ADX_IMMATURE_NO_DIRECTIONAL_CREDIT,0.0,0,106.39,HIGH,3,0,0,0,0,0,NO_TRADE,,NO_TRADE:ADX_IMMATURE_NO_DIRECTIONAL_CREDIT,
10:21:26,23301.65,23267.7,23193.65,NARROW,23325.4,23193.65,0.820,UPTREND,NEUTRAL,STRONG_RANGE,NO_TRADE,NO_TRADE:ADX_IMMATURE_NO_DIRECTIONAL_CREDIT,0.0,0,106.19,HIGH,3,0,0,0,0,0,NO_TRADE,,NO_TRADE:ADX_IMMATURE_NO_DIRECTIONAL_CREDIT,
10:21:42,23302.7,23267.7,23193.65,NARROW,23325.4,23193.65,0.828,UPTREND,NEUTRAL,STRONG_RANGE,NO_TRADE,NO_TRADE:ADX_IMMATURE_NO_DIRECTIONAL_CREDIT,0.0,0,105.99,HIGH,3,0,0,0,0,0,NO_TRADE,,NO_TRADE:ADX_IMMATURE_NO_DIRECTIONAL_CREDIT,
10:21:57,23302.35,23267.7,23193.65,NARROW,23325.4,23193.65,0.825,UPTREND,NEUTRAL,STRONG_RANGE,NO_TRADE,NO_TRADE:ADX_IMMATURE_NO_DIRECTIONAL_CREDIT,0.0,0,105.79,HIGH,3,0,0,0,0,0,NO_TRADE,,NO_TRADE:ADX_IMMATURE_NO_DIRECTIONAL_CREDIT,
10:22:12,23301.2,23267.7,23193.65,NARROW,23325.4,23193.65,0.816,UPTREND,NEUTRAL,STRONG_RANGE,NO_TRADE,NO_TRADE:ADX_IMMATURE_NO_DIRECTIONAL_CREDIT,0.0,0,105.6,HIGH,3,0,0,0,0,0,NO_TRADE,,NO_TRADE:ADX_IMMATURE_NO_DIRECTIONAL_CREDIT,
10:22:27,23298.8,23267.7,23193.65,NARROW,23325.4,23193.65,0.798,UPTREND,NEUTRAL,STRONG_RANGE,NO_TRADE,NO_TRADE:ADX_IMMATURE_NO_DIRECTIONAL_CREDIT,0.0,0,105.4,HIGH,3,0,0,0,0,0,NO_TRADE,,NO_TRADE:ADX_IMMATURE_NO_DIRECTIONAL_CREDIT,
10:22:42,23296.95,23267.7,23193.65,NARROW,23325.4,23193.65,0.784,UPTREND,NEUTRAL,STRONG_RANGE,NO_TRADE,NO_TRADE:ADX_IMMATURE_NO_DIRECTIONAL_CREDIT,0.0,0,105.2,HIGH,3,0,0,0,0,0,NO_TRADE,,NO_TRADE:ADX_IMMATURE_NO_DIRECTIONAL_CREDIT,
10:22:57,23295.1,23267.7,23193.65,NARROW,23325.4,23193.65,0.770,UPTREND,NEUTRAL,STRONG_RANGE,NO_TRADE,NO_TRADE:ADX_IMMATURE_NO_DIRECTIONAL_CREDIT,0.0,0,105.0,HIGH,3,0,0,0,0,0,NO_TRADE,,NO_TRADE:ADX_IMMATURE_NO_DIRECTIONAL_CREDIT,
10:23:29,23292.85,23267.7,23193.65,NARROW,23325.4,23193.65,0.753,UPTREND,NEUTRAL,STRONG_RANGE,NO_TRADE,NO_TRADE:ADX_IMMATURE_NO_DIRECTIONAL_CREDIT,0.0,0,104.6,HIGH,3,0,0,0,0,0,NO_TRADE,,NO_TRADE:ADX_IMMATURE_NO_DIRECTIONAL_CREDIT,
10:23:44,23293.9,23267.7,23193.65,NARROW,23325.4,23193.65,0.761,UPTREND,NEUTRAL,STRONG_RANGE,NO_TRADE,NO_TRADE:ADX_IMMATURE_NO_DIRECTIONAL_CREDIT,0.0,0,104.41,HIGH,3,0,0,0,0,0,NO_TRADE,,NO_TRADE:ADX_IMMATURE_NO_DIRECTIONAL_CREDIT,
10:24:00,23292.1,23267.7,23193.65,NARROW,23325.4,23193.65,0.747,UPTREND,NEUTRAL,STRONG_RANGE,NO_TRADE,NO_TRADE:ADX_IMMATURE_NO_DIRECTIONAL_CREDIT,0.0,0,104.21,HIGH,3,0,0,0,0,0,NO_TRADE,,NO_TRADE:ADX_IMMATURE_NO_DIRECTIONAL_CREDIT,
10:24:16,23293.2,23267.7,23193.65,NARROW,23325.4,23193.65,0.756,UPTREND,NEUTRAL,STRONG_RANGE,NO_TRADE,NO_TRADE:ADX_IMMATURE_NO_DIRECTIONAL_CREDIT,0.0,0,104.01,HIGH,3,0,0,0,0,0,NO_TRADE,,NO_TRADE:ADX_IMMATURE_NO_DIRECTIONAL_CREDIT,
10:24:31,23296.5,23267.7,23193.65,NARROW,23325.4,23193.65,0.781,UPTREND,NEUTRAL,STRONG_RANGE,NO_TRADE,NO_TRADE:ADX_IMMATURE_NO_DIRECTIONAL_CREDIT,0.0,0,103.81,HIGH,3,0,0,0,0,0,NO_TRADE,,NO_TRADE:ADX_IMMATURE_NO_DIRECTIONAL_CREDIT,
10:24:47,23293.5,23267.7,23193.65,NARROW,23325.4,23193.65,0.758,UPTREND,NEUTRAL,STRONG_RANGE,NO_TRADE,NO_TRADE:ADX_IMMATURE_NO_DIRECTIONAL_CREDIT,0.0,0,103.62,HIGH,3,0,0,0,0,0,NO_TRADE,,NO_TRADE:ADX_IMMATURE_NO_DIRECTIONAL_CREDIT,
10:25:02,23294.95,23267.7,23193.65,NARROW,23325.4,23193.65,0.769,UPTREND,NEUTRAL,STRONG_RANGE,NO_TRADE,NO_TRADE:ADX_IMMATURE_NO_DIRECTIONAL_CREDIT,0.0,0,103.44,HIGH,3,0,0,0,0,0,NO_TRADE,,NO_TRADE:ADX_IMMATURE_NO_DIRECTIONAL_CREDIT,
10:25:18,23293.4,23267.7,23193.65,NARROW,23325.4,23193.65,0.757,UPTREND,NEUTRAL,STRONG_RANGE,NO_TRADE,NO_TRADE:ADX_IMMATURE_NO_DIRECTIONAL_CREDIT,0.0,0,103.24,HIGH,3,0,0,0,0,0,NO_TRADE,,NO_TRADE:ADX_IMMATURE_NO_DIRECTIONAL_CREDIT,
10:25:34,23290.95,23267.7,23193.65,NARROW,23325.4,23193.65,0.739,UPTREND,NEUTRAL,STRONG_RANGE,NO_TRADE,NO_TRADE:ADX_IMMATURE_NO_DIRECTIONAL_CREDIT,0.0,0,103.05,HIGH,3,0,0,0,0,0,NO_TRADE,,NO_TRADE:ADX_IMMATURE_NO_DIRECTIONAL_CREDIT,
10:25:49,23290.65,23267.7,23193.65,NARROW,23325.4,23193.65,0.736,UPTREND,NEUTRAL,STRONG_RANGE,NO_TRADE,NO_TRADE:ADX_IMMATURE_NO_DIRECTIONAL_CREDIT,0.0,0,102.87,HIGH,3,0,0,0,0,0,NO_TRADE,,NO_TRADE:ADX_IMMATURE_NO_DIRECTIONAL_CREDIT,
10:26:18,23290.95,23267.7,23193.65,NARROW,23325.4,23193.65,0.739,UPTREND,NEUTRAL,STRONG_RANGE,NO_TRADE,NO_TRADE:ADX_IMMATURE_NO_DIRECTIONAL_CREDIT,0.0,0,102.51,HIGH,3,0,0,0,0,0,NO_TRADE,,NO_TRADE:ADX_IMMATURE_NO_DIRECTIONAL_CREDIT,
10:26:37,23291.5,23267.7,23193.65,NARROW,23325.4,23193.65,0.743,UPTREND,NEUTRAL,STRONG_RANGE,NO_TRADE,NO_TRADE:ADX_IMMATURE_NO_DIRECTIONAL_CREDIT,0.0,0,102.28,HIGH,3,0,0,0,0,0,NO_TRADE,,NO_TRADE:ADX_IMMATURE_NO_DIRECTIONAL_CREDIT,
10:26:53,23289.35,23267.7,23193.65,NARROW,23325.4,23193.65,0.726,UPTREND,NEUTRAL,STRONG_RANGE,NO_TRADE,NO_TRADE:ADX_IMMATURE_NO_DIRECTIONAL_CREDIT,0.0,0,102.09,HIGH,3,0,0,0,0,0,NO_TRADE,,NO_TRADE:ADX_IMMATURE_NO_DIRECTIONAL_CREDIT,
10:27:22,23295.85,23267.7,23193.65,NARROW,23325.4,23193.65,0.776,UPTREND,NEUTRAL,STRONG_RANGE,NO_TRADE,NO_TRADE:ADX_IMMATURE_NO_DIRECTIONAL_CREDIT,0.0,0,101.76,HIGH,3,0,0,0,0,0,NO_TRADE,,NO_TRADE:ADX_IMMATURE_NO_DIRECTIONAL_CREDIT,
10:27:38,23293.7,23267.7,23193.65,NARROW,23325.4,23193.65,0.759,UPTREND,NEUTRAL,STRONG_RANGE,NO_TRADE,NO_TRADE:ADX_IMMATURE_NO_DIRECTIONAL_CREDIT,0.0,0,101.56,HIGH,3,0,0,0,0,0,NO_TRADE,,NO_TRADE:ADX_IMMATURE_NO_DIRECTIONAL_CREDIT,
10:27:54,23292.7,23267.7,23193.65,NARROW,23325.4,23193.65,0.752,UPTREND,NEUTRAL,STRONG_RANGE,NO_TRADE,NO_TRADE:ADX_IMMATURE_NO_DIRECTIONAL_CREDIT,0.0,0,101.38,HIGH,3,0,0,0,0,0,NO_TRADE,,NO_TRADE:ADX_IMMATURE_NO_DIRECTIONAL_CREDIT,
10:33:55,23279.0,23267.7,23193.65,NARROW,23325.4,23193.65,0.648,RANGE,NEUTRAL,STRONG_RANGE,NO_TRADE,RANGE_DTE3_CONDOR_REQUIRES_SELL_PREMIUM_GOT_NEUTRAL,0.0,0,97.44,HIGH,3,0,0,0,0,0,NO_TRADE,,RANGE_DTE3_CONDOR_REQUIRES_SELL_PREMIUM_GOT_NEUTRAL,
10:34:10,23279.95,23267.7,23193.65,NARROW,23325.4,23193.65,0.655,RANGE,NEUTRAL,STRONG_RANGE,NO_TRADE,RANGE_DTE3_CONDOR_REQUIRES_SELL_PREMIUM_GOT_NEUTRAL,0.0,0,97.29,HIGH,3,0,0,0,0,0,NO_TRADE,,RANGE_DTE3_CONDOR_REQUIRES_SELL_PREMIUM_GOT_NEUTRAL,
10:34:25,23277.15,23267.7,23193.65,NARROW,23325.4,23193.65,0.634,RANGE,NEUTRAL,STRONG_RANGE,NO_TRADE,RANGE_DTE3_CONDOR_REQUIRES_SELL_PREMIUM_GOT_NEUTRAL,0.0,0,97.14,HIGH,3,0,0,0,0,0,NO_TRADE,,RANGE_DTE3_CONDOR_REQUIRES_SELL_PREMIUM_GOT_NEUTRAL,
10:34:40,23277.05,23267.7,23193.65,NARROW,23325.4,23193.65,0.633,RANGE,NEUTRAL,STRONG_RANGE,NO_TRADE,RANGE_DTE3_CONDOR_REQUIRES_SELL_PREMIUM_GOT_NEUTRAL,0.0,0,96.98,HIGH,3,0,0,0,0,0,NO_TRADE,,RANGE_DTE3_CONDOR_REQUIRES_SELL_PREMIUM_GOT_NEUTRAL,
10:34:55,23273.25,23267.7,23193.65,NARROW,23325.4,23193.65,0.604,RANGE,NEUTRAL,STRONG_RANGE,NO_TRADE,RANGE_DTE3_CONDOR_REQUIRES_SELL_PREMIUM_GOT_NEUTRAL,0.0,0,96.83,HIGH,3,0,0,0,0,0,NO_TRADE,,RANGE_DTE3_CONDOR_REQUIRES_SELL_PREMIUM_GOT_NEUTRAL,
10:35:10,23274.9,23267.7,23193.65,NARROW,23325.4,23193.65,0.617,RANGE,NEUTRAL,STRONG_RANGE,NO_TRADE,RANGE_DTE3_CONDOR_REQUIRES_SELL_PREMIUM_GOT_NEUTRAL,0.0,0,96.68,HIGH,3,0,0,0,0,0,NO_TRADE,,RANGE_DTE3_CONDOR_REQUIRES_SELL_PREMIUM_GOT_NEUTRAL,
10:35:25,23271.8,23267.7,23193.65,NARROW,23325.4,23193.65,0.593,RANGE,SELL_PREMIUM,RANGE,PREMIUM_SELL_RANGE,RANGE_DTE3_NEW_CYCLE_STRONG_SELL_CONTAINED_OR,0.0,0,96.53,HIGH,3,0,0,0,0,0,NO_TRADE,,strategy_rules_failed:weekly_condor_blocked_two_way_132pts_no_failed_break,
10:52:30,23272.45,23267.7,23193.65,NARROW,23325.4,23193.65,0.598,CHOPPY,STRONG_SELL_PREMIUM,RANGE,NO_TRADE,NO_TRADE:CHOPPY_MARKET,0.0,0,87.66,NONE,3,1,0,0,0,0,NO_TRADE,,NO_TRADE:CHOPPY_MARKET,
10:52:45,23269.35,23267.7,23193.65,NARROW,23325.4,23193.65,0.575,CHOPPY,STRONG_SELL_PREMIUM,RANGE,NO_TRADE,NO_TRADE:CHOPPY_MARKET,0.0,0,87.55,NONE,3,1,0,0,0,0,NO_TRADE,,NO_TRADE:CHOPPY_MARKET,
10:53:01,23270.0,23267.7,23193.65,NARROW,23325.4,23193.65,0.580,CHOPPY,STRONG_SELL_PREMIUM,RANGE,NO_TRADE,NO_TRADE:CHOPPY_MARKET,0.0,0,87.44,NONE,3,1,0,0,0,0,NO_TRADE,,NO_TRADE:CHOPPY_MARKET,
10:53:15,23272.3,23267.7,23193.65,NARROW,23325.4,23193.65,0.597,CHOPPY,STRONG_SELL_PREMIUM,RANGE,NO_TRADE,NO_TRADE:CHOPPY_MARKET,0.0,0,87.33,NONE,3,1,0,0,0,0,NO_TRADE,,NO_TRADE:CHOPPY_MARKET,
10:53:30,23272.95,23267.7,23193.65,NARROW,23325.4,23193.65,0.602,CHOPPY,STRONG_SELL_PREMIUM,RANGE,NO_TRADE,NO_TRADE:CHOPPY_MARKET,0.0,0,87.22,NONE,3,1,0,0,0,0,NO_TRADE,,NO_TRADE:CHOPPY_MARKET,
10:53:45,23272.15,23267.7,23193.65,NARROW,23325.4,23193.65,0.596,CHOPPY,STRONG_SELL_PREMIUM,RANGE,NO_TRADE,NO_TRADE:CHOPPY_MARKET,0.0,0,87.11,NONE,3,1,0,0,0,0,NO_TRADE,,NO_TRADE:CHOPPY_MARKET,
10:54:00,23271.25,23267.7,23193.65,NARROW,23325.4,23193.65,0.589,CHOPPY,STRONG_SELL_PREMIUM,RANGE,NO_TRADE,NO_TRADE:CHOPPY_MARKET,0.0,0,87.0,NONE,3,1,0,0,0,0,NO_TRADE,,NO_TRADE:CHOPPY_MARKET,
10:54:15,23267.6,23267.7,23193.65,NARROW,23325.4,23193.65,0.561,CHOPPY,STRONG_SELL_PREMIUM,RANGE,NO_TRADE,NO_TRADE:CHOPPY_MARKET,0.0,0,86.88,NONE,3,1,0,0,0,0,NO_TRADE,,NO_TRADE:CHOPPY_MARKET,
10:54:30,23269.1,23267.7,23193.65,NARROW,23325.4,23193.65,0.573,CHOPPY,STRONG_SELL_PREMIUM,RANGE,NO_TRADE,NO_TRADE:CHOPPY_MARKET,0.0,0,86.78,NONE,3,1,0,0,0,0,NO_TRADE,,NO_TRADE:CHOPPY_MARKET,
10:54:46,23268.0,23267.7,23193.65,NARROW,23325.4,23193.65,0.564,CHOPPY,STRONG_SELL_PREMIUM,RANGE,NO_TRADE,NO_TRADE:CHOPPY_MARKET,0.0,0,86.67,NONE,3,1,0,0,0,0,NO_TRADE,,NO_TRADE:CHOPPY_MARKET,
10:55:01,23270.95,23267.7,23193.65,NARROW,23325.4,23193.65,0.587,CHOPPY,STRONG_SELL_PREMIUM,RANGE,NO_TRADE,NO_TRADE:CHOPPY_MARKET,14.07,1,86.56,NONE,3,0,0,0,0,0,NO_TRADE,,NO_TRADE:CHOPPY_MARKET,
10:55:16,23271.2,23267.7,23193.65,NARROW,23325.4,23193.65,0.589,CHOPPY,STRONG_SELL_PREMIUM,RANGE,NO_TRADE,NO_TRADE:CHOPPY_MARKET,14.07,1,86.45,NONE,3,0,0,0,0,0,NO_TRADE,,NO_TRADE:CHOPPY_MARKET,
10:55:31,23268.95,23267.7,23193.65,NARROW,23325.4,23193.65,0.572,RANGE,STRONG_SELL_PREMIUM,RANGE,PREMIUM_SELL_RANGE,RANGE_DTE3_NEW_CYCLE_STRONG_SELL_CONTAINED_OR,14.07,1,86.34,HIGH,3,0,0,0,0,0,NO_TRADE,,strategy_rules_failed:weekly_condor_blocked_two_way_132pts_no_failed_break,
10:55:46,23269.3,23267.7,23193.65,NARROW,23325.4,23193.65,0.574,RANGE,STRONG_SELL_PREMIUM,RANGE,PREMIUM_SELL_RANGE,RANGE_DTE3_NEW_CYCLE_STRONG_SELL_CONTAINED_OR,14.07,1,86.23,HIGH,3,0,0,0,0,0,NO_TRADE,,strategy_rules_failed:weekly_condor_blocked_two_way_132pts_no_failed_break,
10:56:01,23271.6,23267.7,23193.65,NARROW,23325.4,23193.65,0.592,RANGE,STRONG_SELL_PREMIUM,RANGE,PREMIUM_SELL_RANGE,RANGE_DTE3_NEW_CYCLE_STRONG_SELL_CONTAINED_OR,13.96,1,86.13,HIGH,3,0,0,0,0,0,NO_TRADE,,strategy_rules_failed:weekly_condor_blocked_two_way_132pts_no_failed_break,
10:56:16,23275.65,23267.7,23193.65,NARROW,23325.4,23193.65,0.622,RANGE,STRONG_SELL_PREMIUM,RANGE,PREMIUM_SELL_RANGE,RANGE_DTE3_NEW_CYCLE_STRONG_SELL_CONTAINED_OR,13.96,1,86.02,HIGH,3,0,0,0,0,0,NO_TRADE,,strategy_rules_failed:weekly_condor_blocked_two_way_132pts_no_failed_break,
10:56:31,23276.05,23267.7,23193.65,NARROW,23325.4,23193.65,0.625,RANGE,STRONG_SELL_PREMIUM,RANGE,PREMIUM_SELL_RANGE,RANGE_DTE3_NEW_CYCLE_STRONG_SELL_CONTAINED_OR,13.96,1,85.91,HIGH,3,0,0,0,0,0,NO_TRADE,,strategy_rules_failed:weekly_condor_blocked_two_way_132pts_no_failed_break,
10:56:46,23273.25,23267.7,23193.65,NARROW,23325.4,23193.65,0.604,RANGE,STRONG_SELL_PREMIUM,RANGE,PREMIUM_SELL_RANGE,RANGE_DTE3_NEW_CYCLE_STRONG_SELL_CONTAINED_OR,13.96,1,85.81,HIGH,3,0,0,0,0,0,NO_TRADE,,strategy_rules_failed:weekly_condor_blocked_two_way_132pts_no_failed_break,
10:57:01,23276.95,23267.7,23193.65,NARROW,23325.4,23193.65,0.632,RANGE,STRONG_SELL_PREMIUM,RANGE,PREMIUM_SELL_RANGE,RANGE_DTE3_NEW_CYCLE_STRONG_SELL_CONTAINED_OR,13.54,1,85.7,HIGH,3,0,0,0,0,0,NO_TRADE,,strategy_rules_failed:weekly_condor_blocked_two_way_132pts_no_failed_break,
10:57:16,23280.4,23267.7,23193.65,NARROW,23325.4,23193.65,0.658,RANGE,STRONG_SELL_PREMIUM,RANGE,PREMIUM_SELL_RANGE,RANGE_DTE3_NEW_CYCLE_STRONG_SELL_CONTAINED_OR,13.54,1,85.6,HIGH,3,0,0,0,0,0,NO_TRADE,,strategy_rules_failed:weekly_condor_blocked_two_way_132pts_no_failed_break,
10:57:31,23282.35,23267.7,23193.65,NARROW,23325.4,23193.65,0.673,RANGE,STRONG_SELL_PREMIUM,RANGE,PREMIUM_SELL_RANGE,RANGE_DTE3_NEW_CYCLE_STRONG_SELL_CONTAINED_OR,13.54,1,85.49,HIGH,3,0,0,0,0,0,NO_TRADE,,strategy_rules_failed:weekly_condor_blocked_two_way_132pts_no_failed_break,
10:57:46,23278.1,23267.7,23193.65,NARROW,23325.4,23193.65,0.641,RANGE,STRONG_SELL_PREMIUM,RANGE,PREMIUM_SELL_RANGE,RANGE_DTE3_NEW_CYCLE_STRONG_SELL_CONTAINED_OR,13.54,1,85.39,HIGH,3,0,0,0,0,0,NO_TRADE,,strategy_rules_failed:weekly_condor_blocked_two_way_132pts_no_failed_break,
10:58:01,23277.3,23267.7,23193.65,NARROW,23325.4,23193.65,0.635,RANGE,STRONG_SELL_PREMIUM,RANGE,PREMIUM_SELL_RANGE,RANGE_DTE3_NEW_CYCLE_STRONG_SELL_CONTAINED_OR,13.54,1,85.28,HIGH,3,0,0,0,0,0,NO_TRADE,,strategy_rules_failed:weekly_condor_blocked_two_way_132pts_no_failed_break,
10:58:16,23274.25,23267.7,23193.65,NARROW,23325.4,23193.65,0.612,RANGE,STRONG_SELL_PREMIUM,RANGE,PREMIUM_SELL_RANGE,RANGE_DTE3_NEW_CYCLE_STRONG_SELL_CONTAINED_OR,13.54,1,85.18,HIGH,3,0,0,0,0,0,NO_TRADE,,strategy_rules_failed:weekly_condor_blocked_two_way_132pts_no_failed_break,
10:58:31,23272.95,23267.7,23193.65,NARROW,23325.4,23193.65,0.602,RANGE,STRONG_SELL_PREMIUM,RANGE,PREMIUM_SELL_RANGE,RANGE_DTE3_NEW_CYCLE_STRONG_SELL_CONTAINED_OR,13.54,1,85.08,HIGH,3,0,0,0,0,0,NO_TRADE,,strategy_rules_failed:weekly_condor_blocked_two_way_132pts_no_failed_break,
10:58:46,23275.1,23267.7,23193.65,NARROW,23325.4,23193.65,0.618,RANGE,STRONG_SELL_PREMIUM,RANGE,PREMIUM_SELL_RANGE,RANGE_DTE3_NEW_CYCLE_STRONG_SELL_CONTAINED_OR,13.54,1,84.97,HIGH,3,0,0,0,0,0,NO_TRADE,,strategy_rules_failed:weekly_condor_blocked_two_way_132pts_no_failed_break,
10:59:01,23271.95,23267.7,23193.65,NARROW,23325.4,23193.65,0.594,RANGE,STRONG_SELL_PREMIUM,RANGE,PREMIUM_SELL_RANGE,RANGE_DTE3_NEW_CYCLE_STRONG_SELL_CONTAINED_OR,13.54,1,84.87,HIGH,3,0,0,0,0,0,NO_TRADE,,strategy_rules_failed:weekly_condor_blocked_two_way_132pts_no_failed_break,
10:59:17,23268.7,23267.7,23193.65,NARROW,23325.4,23193.65,0.570,RANGE,STRONG_SELL_PREMIUM,RANGE,PREMIUM_SELL_RANGE,RANGE_DTE3_NEW_CYCLE_STRONG_SELL_CONTAINED_OR,13.54,1,84.77,HIGH,3,0,0,0,0,0,NO_TRADE,,strategy_rules_failed:weekly_condor_blocked_two_way_132pts_no_failed_break,
10:59:32,23270.85,23267.7,23193.65,NARROW,23325.4,23193.65,0.586,RANGE,STRONG_SELL_PREMIUM,RANGE,PREMIUM_SELL_RANGE,RANGE_DTE3_NEW_CYCLE_STRONG_SELL_CONTAINED_OR,13.54,1,84.67,HIGH,3,0,0,0,0,0,NO_TRADE,,strategy_rules_failed:weekly_condor_blocked_two_way_132pts_no_failed_break,
10:59:47,23268.55,23267.7,23193.65,NARROW,23325.4,23193.65,0.569,RANGE,STRONG_SELL_PREMIUM,RANGE,PREMIUM_SELL_RANGE,RANGE_DTE3_NEW_CYCLE_STRONG_SELL_CONTAINED_OR,13.54,1,84.57,HIGH,3,0,0,0,0,0,NO_TRADE,,strategy_rules_failed:weekly_condor_blocked_two_way_132pts_no_failed_break,
11:00:02,23268.5,23267.7,23193.65,NARROW,23325.4,23193.65,0.568,RANGE,STRONG_SELL_PREMIUM,RANGE,PREMIUM_SELL_RANGE,RANGE_DTE3_NEW_CYCLE_STRONG_SELL_CONTAINED_OR,12.99,1,84.46,HIGH,3,0,0,0,0,0,NO_TRADE,,strategy_rules_failed:weekly_condor_blocked_two_way_132pts_no_failed_break,
11:00:17,23265.8,23267.7,23193.65,NARROW,23325.4,23193.65,0.548,RANGE,STRONG_SELL_PREMIUM,RANGE,PREMIUM_SELL_RANGE,RANGE_DTE3_NEW_CYCLE_STRONG_SELL_CONTAINED_OR,12.99,1,84.36,HIGH,3,0,0,0,0,0,NO_TRADE,,strategy_rules_failed:weekly_condor_blocked_two_way_132pts_no_failed_break,
11:00:32,23264.6,23267.7,23193.65,NARROW,23325.4,23193.65,0.539,RANGE,STRONG_SELL_PREMIUM,RANGE,PREMIUM_SELL_RANGE,RANGE_DTE3_NEW_CYCLE_STRONG_SELL_CONTAINED_OR,12.99,1,84.26,HIGH,3,0,0,0,0,0,NO_TRADE,,strategy_rules_failed:weekly_condor_blocked_two_way_132pts_no_failed_break,
11:00:47,23260.2,23267.7,23193.65,NARROW,23325.4,23193.65,0.505,RANGE,STRONG_SELL_PREMIUM,RANGE,PREMIUM_SELL_BULL,RANGE_DTE3_NEW_CYCLE_STRONG_SELL_CONTAINED_OR,12.99,1,84.16,HIGH,3,0,0,1,0,0,ENTER,BULL_PUT_SPREAD,regime:PREMIUM_SELL_BULL:conf=HIGH:dte=3:adx=13:price=RANGE,
11:01:02,23258.85,23267.7,23193.65,NARROW,23325.4,23193.65,0.495,RANGE,STRONG_SELL_PREMIUM,RANGE,PREMIUM_SELL_RANGE,RANGE_DTE3_NEW_CYCLE_STRONG_SELL_CONTAINED_OR,13.8,1,84.06,HIGH,3,0,0,0,0,0,,,,
11:01:17,23256.35,23267.7,23193.65,NARROW,23325.4,23193.65,0.476,RANGE,STRONG_SELL_PREMIUM,RANGE,PREMIUM_SELL_RANGE,RANGE_DTE3_NEW_CYCLE_STRONG_SELL_CONTAINED_OR,13.8,1,83.96,HIGH,3,0,0,0,0,0,,,,
11:01:32,23252.05,23267.7,23193.65,NARROW,23325.4,23193.65,0.443,RANGE,STRONG_SELL_PREMIUM,RANGE,PREMIUM_SELL_RANGE,RANGE_DTE3_NEW_CYCLE_STRONG_SELL_CONTAINED_OR,13.8,1,83.86,HIGH,3,0,0,0,0,0,,,,
11:01:47,23251.1,23267.7,23193.65,NARROW,23325.4,23193.65,0.436,RANGE,STRONG_SELL_PREMIUM,RANGE,PREMIUM_SELL_RANGE,RANGE_DTE3_NEW_CYCLE_STRONG_SELL_CONTAINED_OR,13.8,1,83.77,HIGH,3,0,0,0,0,0,,,,
11:02:02,23255.7,23267.7,23193.65,NARROW,23325.4,23193.65,0.471,RANGE,STRONG_SELL_PREMIUM,RANGE,PREMIUM_SELL_RANGE,RANGE_DTE3_NEW_CYCLE_STRONG_SELL_CONTAINED_OR,13.8,1,83.67,HIGH,3,0,0,0,0,0,,,,
11:02:17,23257.2,23267.7,23193.65,NARROW,23325.4,23193.65,0.482,RANGE,STRONG_SELL_PREMIUM,RANGE,PREMIUM_SELL_RANGE,RANGE_DTE3_NEW_CYCLE_STRONG_SELL_CONTAINED_OR,13.8,1,83.57,HIGH,3,0,0,0,0,0,,,,
11:02:32,23255.9,23267.7,23193.65,NARROW,23325.4,23193.65,0.472,RANGE,STRONG_SELL_PREMIUM,RANGE,PREMIUM_SELL_RANGE,RANGE_DTE3_NEW_CYCLE_STRONG_SELL_CONTAINED_OR,13.8,1,83.47,HIGH,3,0,0,0,0,0,,,,
11:02:47,23257.6,23267.7,23193.65,NARROW,23325.4,23193.65,0.485,RANGE,STRONG_SELL_PREMIUM,RANGE,PREMIUM_SELL_RANGE,RANGE_DTE3_NEW_CYCLE_STRONG_SELL_CONTAINED_OR,13.8,1,83.38,HIGH,3,0,0,0,0,0,,,,
11:03:02,23255.2,23267.7,23193.65,NARROW,23325.4,23193.65,0.467,RANGE,STRONG_SELL_PREMIUM,STRONG_RANGE,PREMIUM_SELL_RANGE,RANGE_DTE3_NEW_CYCLE_STRONG_SELL_CONTAINED_OR,14.91,1,83.28,HIGH,3,0,0,0,0,0,,,,
11:03:17,23245.95,23267.7,23193.65,NARROW,23325.4,23193.65,0.397,RANGE,STRONG_SELL_PREMIUM,STRONG_RANGE,PREMIUM_SELL_RANGE,RANGE_DTE3_NEW_CYCLE_STRONG_SELL_CONTAINED_OR,14.91,1,83.18,HIGH,3,0,0,0,0,0,,,,
11:03:32,23246.95,23267.7,23193.65,NARROW,23325.4,23193.65,0.405,RANGE,STRONG_SELL_PREMIUM,STRONG_RANGE,PREMIUM_SELL_RANGE,RANGE_DTE3_NEW_CYCLE_STRONG_SELL_CONTAINED_OR,14.91,1,83.09,HIGH,3,0,0,0,0,0,,,,
11:03:47,23239.2,23267.7,23193.65,NARROW,23325.4,23193.65,0.346,RANGE,STRONG_SELL_PREMIUM,STRONG_RANGE,PREMIUM_SELL_RANGE,RANGE_DTE3_NEW_CYCLE_STRONG_SELL_CONTAINED_OR,14.91,1,82.99,HIGH,3,0,0,0,0,0,,,,
11:04:02,23241.1,23267.7,23193.65,NARROW,23325.4,23193.65,0.360,RANGE,STRONG_SELL_PREMIUM,RANGE,PREMIUM_SELL_RANGE,RANGE_DTE3_NEW_CYCLE_STRONG_SELL_CONTAINED_OR,14.91,1,82.9,HIGH,3,0,0,0,0,0,,,,
11:04:18,23240.55,23267.7,23193.65,NARROW,23325.4,23193.65,0.356,RANGE,STRONG_SELL_PREMIUM,RANGE,PREMIUM_SELL_RANGE,RANGE_DTE3_NEW_CYCLE_STRONG_SELL_CONTAINED_OR,14.91,1,82.8,HIGH,3,0,0,0,0,0,,,,
11:04:33,23241.05,23267.7,23193.65,NARROW,23325.4,23193.65,0.360,RANGE,STRONG_SELL_PREMIUM,RANGE,PREMIUM_SELL_RANGE,RANGE_DTE3_NEW_CYCLE_STRONG_SELL_CONTAINED_OR,14.91,1,82.71,HIGH,3,0,0,0,0,0,,,,
11:04:48,23240.25,23267.7,23193.65,NARROW,23325.4,23193.65,0.354,RANGE,STRONG_SELL_PREMIUM,RANGE,PREMIUM_SELL_RANGE,RANGE_DTE3_NEW_CYCLE_STRONG_SELL_CONTAINED_OR,14.91,1,82.61,HIGH,3,0,0,0,0,0,,,,
11:05:03,23235.7,23267.7,23193.65,NARROW,23325.4,23193.65,0.319,RANGE,STRONG_SELL_PREMIUM,RANGE,PREMIUM_SELL_RANGE,RANGE_DTE3_NEW_CYCLE_STRONG_SELL_CONTAINED_OR,16.19,1,82.52,HIGH,3,0,0,0,0,0,,,,
11:05:18,23237.55,23267.7,23193.65,NARROW,23325.4,23193.65,0.333,RANGE,STRONG_SELL_PREMIUM,RANGE,PREMIUM_SELL_RANGE,RANGE_DTE3_NEW_CYCLE_STRONG_SELL_CONTAINED_OR,16.19,1,82.42,HIGH,3,0,0,0,0,0,,,,
11:05:33,23236.05,23267.7,23193.65,NARROW,23325.4,23193.65,0.322,RANGE,STRONG_SELL_PREMIUM,RANGE,PREMIUM_SELL_RANGE,RANGE_DTE3_NEW_CYCLE_STRONG_SELL_CONTAINED_OR,16.19,1,82.33,HIGH,3,0,0,0,0,0,,,,
11:05:48,23238.4,23267.7,23193.65,NARROW,23325.4,23193.65,0.340,RANGE,STRONG_SELL_PREMIUM,RANGE,PREMIUM_SELL_RANGE,RANGE_DTE3_NEW_CYCLE_STRONG_SELL_CONTAINED_OR,16.19,1,82.24,HIGH,3,0,0,0,0,0,,,,
11:06:03,23236.2,23267.7,23193.65,NARROW,23325.4,23193.65,0.323,RANGE,STRONG_SELL_PREMIUM,RANGE,PREMIUM_SELL_RANGE,RANGE_DTE3_NEW_CYCLE_STRONG_SELL_CONTAINED_OR,17.07,1,82.14,HIGH,3,0,0,0,0,0,,,,
11:06:19,23235.45,23267.7,23193.65,NARROW,23325.4,23193.65,0.317,RANGE,STRONG_SELL_PREMIUM,RANGE,PREMIUM_SELL_RANGE,RANGE_DTE3_NEW_CYCLE_STRONG_SELL_CONTAINED_OR,17.07,1,82.05,HIGH,3,0,0,0,0,0,,,,
11:06:33,23233.9,23267.7,23193.65,NARROW,23325.4,23193.65,0.306,RANGE,STRONG_SELL_PREMIUM,RANGE,PREMIUM_SELL_RANGE,RANGE_DTE3_NEW_CYCLE_STRONG_SELL_CONTAINED_OR,17.07,1,81.96,HIGH,3,0,0,0,0,0,,,,
11:06:48,23222.9,23267.7,23193.65,NARROW,23325.4,23193.65,0.222,RANGE,STRONG_SELL_PREMIUM,RANGE,PREMIUM_SELL_RANGE,RANGE_DTE3_NEW_CYCLE_STRONG_SELL_CONTAINED_OR,17.07,1,81.87,HIGH,3,0,0,0,0,0,,,,
11:07:03,23230.15,23267.7,23193.65,NARROW,23325.4,23193.65,0.277,RANGE,STRONG_SELL_PREMIUM,RANGE,PREMIUM_SELL_RANGE,RANGE_DTE3_NEW_CYCLE_STRONG_SELL_CONTAINED_OR,17.22,1,81.77,HIGH,3,0,0,0,0,0,,,,
11:07:18,23224.65,23267.7,23193.65,NARROW,23325.4,23193.65,0.235,RANGE,STRONG_SELL_PREMIUM,RANGE,PREMIUM_SELL_RANGE,RANGE_DTE3_NEW_CYCLE_STRONG_SELL_CONTAINED_OR,17.22,1,81.68,HIGH,3,0,0,0,0,0,,,,
11:07:33,23224.1,23267.7,23193.65,NARROW,23325.4,23193.65,0.231,RANGE,STRONG_SELL_PREMIUM,RANGE,PREMIUM_SELL_RANGE,RANGE_DTE3_NEW_CYCLE_STRONG_SELL_CONTAINED_OR,17.22,1,81.59,HIGH,3,0,0,0,0,0,,,,
11:07:48,23222.4,23267.7,23193.65,NARROW,23325.4,23193.65,0.218,DOWNTREND,STRONG_SELL_PREMIUM,RANGE,PREMIUM_SELL_BEAR,DOWNTREND_ADX_17_RANGE,17.22,1,81.5,HIGH,3,0,0,0,0,0,,,,
11:08:03,23218.0,23267.7,23193.65,NARROW,23325.4,23193.65,0.185,DOWNTREND,STRONG_SELL_PREMIUM,RANGE,PREMIUM_SELL_BEAR,DOWNTREND_ADX_17_RANGE,17.39,1,81.41,HIGH,3,0,0,0,0,0,,,,
11:08:18,23216.65,23267.7,23193.65,NARROW,23325.4,23193.65,0.175,DOWNTREND,STRONG_SELL_PREMIUM,RANGE,PREMIUM_SELL_BEAR,DOWNTREND_ADX_17_RANGE,17.39,1,81.32,HIGH,3,0,0,0,0,0,,,,
11:08:33,23218.25,23267.7,23193.65,NARROW,23325.4,23193.65,0.187,DOWNTREND,STRONG_SELL_PREMIUM,RANGE,PREMIUM_SELL_BEAR,DOWNTREND_ADX_17_RANGE,17.39,1,81.23,HIGH,3,0,0,0,0,0,,,,
11:08:48,23218.9,23267.7,23193.65,NARROW,23325.4,23193.65,0.192,DOWNTREND,STRONG_SELL_PREMIUM,RANGE,PREMIUM_SELL_BEAR,DOWNTREND_ADX_17_RANGE,17.39,1,81.14,HIGH,3,0,0,0,0,0,,,,
11:09:03,23218.0,23267.7,23193.65,NARROW,23325.4,23193.65,0.185,DOWNTREND,STRONG_SELL_PREMIUM,RANGE,PREMIUM_SELL_BEAR,DOWNTREND_ADX_17_RANGE,17.47,1,81.05,HIGH,3,0,0,0,0,0,,,,
11:09:19,23216.4,23267.7,23193.65,NARROW,23325.4,23193.65,0.173,DOWNTREND,STRONG_SELL_PREMIUM,RANGE,PREMIUM_SELL_BEAR,DOWNTREND_ADX_17_RANGE,17.47,1,80.96,HIGH,3,0,0,0,0,0,,,,
11:09:34,23222.3,23267.7,23193.65,NARROW,23325.4,23193.65,0.217,DOWNTREND,STRONG_SELL_PREMIUM,RANGE,PREMIUM_SELL_BEAR,DOWNTREND_ADX_17_RANGE,17.47,1,80.87,HIGH,3,0,0,0,0,0,,,,
11:09:49,23219.35,23267.7,23193.65,NARROW,23325.4,23193.65,0.195,DOWNTREND,STRONG_SELL_PREMIUM,RANGE,PREMIUM_SELL_BEAR,DOWNTREND_ADX_17_RANGE,17.47,1,80.79,HIGH,3,0,0,0,0,0,,,,
11:10:04,23215.45,23267.7,23193.65,NARROW,23325.4,23193.65,0.165,DOWNTREND,STRONG_SELL_PREMIUM,RANGE,PREMIUM_SELL_BEAR,DOWNTREND_ADX_20_RANGE,19.93,1,80.7,HIGH,3,0,0,0,0,0,,,,
11:10:19,23217.9,23267.7,23193.65,NARROW,23325.4,23193.65,0.184,DOWNTREND,STRONG_SELL_PREMIUM,RANGE,PREMIUM_SELL_BEAR,DOWNTREND_ADX_20_RANGE,19.93,1,80.61,HIGH,3,0,0,0,0,0,,,,
11:10:34,23216.8,23267.7,23193.65,NARROW,23325.4,23193.65,0.176,DOWNTREND,STRONG_SELL_PREMIUM,RANGE,PREMIUM_SELL_BEAR,DOWNTREND_ADX_20_RANGE,19.93,1,80.52,HIGH,3,0,0,0,0,0,,,,
11:10:49,23212.55,23267.7,23193.65,NARROW,23325.4,23193.65,0.143,DOWNTREND,STRONG_SELL_PREMIUM,RANGE,PREMIUM_SELL_BEAR,DOWNTREND_ADX_20_RANGE,19.93,1,80.44,HIGH,3,0,0,0,0,0,,,,
11:11:04,23214.15,23267.7,23193.65,NARROW,23325.4,23193.65,0.156,DOWNTREND,STRONG_SELL_PREMIUM,RANGE,PREMIUM_SELL_BEAR,DOWNTREND_ADX_20_RANGE,19.98,1,80.35,HIGH,3,0,0,0,0,0,,,,
11:11:19,23215.5,23267.7,23193.65,NARROW,23325.4,23193.65,0.166,DOWNTREND,STRONG_SELL_PREMIUM,RANGE,PREMIUM_SELL_BEAR,DOWNTREND_ADX_20_RANGE,19.98,1,80.26,HIGH,3,0,0,0,0,0,,,,
11:11:34,23217.5,23267.7,23193.65,NARROW,23325.4,23193.65,0.181,DOWNTREND,STRONG_SELL_PREMIUM,RANGE,PREMIUM_SELL_BEAR,DOWNTREND_ADX_20_RANGE,19.98,1,80.18,HIGH,3,0,0,0,0,0,,,,
11:11:49,23213.3,23267.7,23193.65,NARROW,23325.4,23193.65,0.149,DOWNTREND,STRONG_SELL_PREMIUM,RANGE,PREMIUM_SELL_BEAR,DOWNTREND_ADX_20_RANGE,19.98,1,80.09,HIGH,3,0,0,0,0,0,,,,
11:12:04,23214.15,23267.7,23193.65,NARROW,23325.4,23193.65,0.156,DOWNTREND,STRONG_SELL_PREMIUM,RANGE,PREMIUM_SELL_BEAR,DOWNTREND_ADX_20_RANGE,19.98,1,80.0,HIGH,3,0,0,0,0,0,,,,
11:12:19,23215.6,23267.7,23193.65,NARROW,23325.4,23193.65,0.167,DOWNTREND,STRONG_SELL_PREMIUM,RANGE,PREMIUM_SELL_BEAR,DOWNTREND_ADX_20_RANGE,19.98,1,79.92,HIGH,3,0,0,0,0,0,,,,
11:12:34,23217.9,23267.7,23193.65,NARROW,23325.4,23193.65,0.184,DOWNTREND,STRONG_SELL_PREMIUM,RANGE,PREMIUM_SELL_BEAR,DOWNTREND_ADX_20_RANGE,19.98,1,79.83,HIGH,3,0,0,0,0,0,,,,
11:12:49,23219.5,23267.7,23193.65,NARROW,23325.4,23193.65,0.196,DOWNTREND,STRONG_SELL_PREMIUM,RANGE,PREMIUM_SELL_BEAR,DOWNTREND_ADX_20_RANGE,19.98,1,79.75,HIGH,3,0,0,0,0,0,,,,
11:13:04,23222.95,23267.7,23193.65,NARROW,23325.4,23193.65,0.222,DOWNTREND,STRONG_SELL_PREMIUM,RANGE,PREMIUM_SELL_BEAR,DOWNTREND_ADX_20_RANGE,19.98,1,79.66,HIGH,3,0,0,0,0,0,,,,
11:13:20,23223.55,23267.7,23193.65,NARROW,23325.4,23193.65,0.227,DOWNTREND,STRONG_SELL_PREMIUM,RANGE,PREMIUM_SELL_BEAR,DOWNTREND_ADX_20_RANGE,19.98,1,79.58,HIGH,3,0,0,0,0,0,,,,
11:13:35,23227.4,23267.7,23193.65,NARROW,23325.4,23193.65,0.256,DOWNTREND,STRONG_SELL_PREMIUM,RANGE,PREMIUM_SELL_BEAR,DOWNTREND_ADX_20_RANGE,19.98,1,79.49,HIGH,3,0,0,0,0,0,,,,
11:13:50,23226.35,23267.7,23193.65,NARROW,23325.4,23193.65,0.248,DOWNTREND,STRONG_SELL_PREMIUM,RANGE,PREMIUM_SELL_BEAR,DOWNTREND_ADX_20_RANGE,19.98,1,79.41,HIGH,3,0,0,0,0,0,,,,
11:14:05,23229.85,23267.7,23193.65,NARROW,23325.4,23193.65,0.275,RANGE,STRONG_SELL_PREMIUM,RANGE,PREMIUM_SELL_RANGE,RANGE_DTE3_NEW_CYCLE_STRONG_SELL_CONTAINED_OR,19.98,1,79.33,HIGH,3,0,0,0,0,0,,,,
11:14:20,23230.5,23267.7,23193.65,NARROW,23325.4,23193.65,0.280,RANGE,STRONG_SELL_PREMIUM,RANGE,PREMIUM_SELL_RANGE,RANGE_DTE3_NEW_CYCLE_STRONG_SELL_CONTAINED_OR,19.98,1,79.24,HIGH,3,0,0,0,0,0,,,,
11:14:35,23229.05,23267.7,23193.65,NARROW,23325.4,23193.65,0.269,RANGE,STRONG_SELL_PREMIUM,RANGE,PREMIUM_SELL_RANGE,RANGE_DTE3_NEW_CYCLE_STRONG_SELL_CONTAINED_OR,19.98,1,79.16,HIGH,3,0,0,0,0,0,,,,
11:14:50,23224.8,23267.7,23193.65,NARROW,23325.4,23193.65,0.236,RANGE,STRONG_SELL_PREMIUM,RANGE,PREMIUM_SELL_RANGE,RANGE_DTE3_NEW_CYCLE_STRONG_SELL_CONTAINED_OR,19.98,1,79.08,HIGH,3,0,0,0,0,0,,,,
11:15:05,23224.05,23267.7,23193.65,NARROW,23325.4,23193.65,0.231,RANGE,STRONG_SELL_PREMIUM,RANGE,PREMIUM_SELL_RANGE,RANGE_DTE3_NEW_CYCLE_STRONG_SELL_CONTAINED_OR,22.24,1,78.99,HIGH,3,0,0,0,0,0,,,,
11:15:20,23226.55,23267.7,23193.65,NARROW,23325.4,23193.65,0.250,RANGE,STRONG_SELL_PREMIUM,RANGE,PREMIUM_SELL_RANGE,RANGE_DTE3_WIDE_CONDOR_ADX_22,22.24,1,78.91,HIGH,3,0,0,0,0,0,,,,
11:15:35,23224.65,23267.7,23193.65,NARROW,23325.4,23193.65,0.235,RANGE,STRONG_SELL_PREMIUM,RANGE,PREMIUM_SELL_RANGE,RANGE_DTE3_WIDE_CONDOR_ADX_22,22.24,1,78.83,HIGH,3,0,0,0,0,0,,,,
11:15:50,23225.4,23267.7,23193.65,NARROW,23325.4,23193.65,0.241,RANGE,STRONG_SELL_PREMIUM,RANGE,PREMIUM_SELL_RANGE,RANGE_DTE3_WIDE_CONDOR_ADX_22,22.24,1,78.75,HIGH,3,0,0,0,0,0,,,,
11:16:05,23226.05,23267.7,23193.65,NARROW,23325.4,23193.65,0.246,RANGE,STRONG_SELL_PREMIUM,RANGE,PREMIUM_SELL_RANGE,RANGE_DTE3_WIDE_CONDOR_ADX_22,22.24,1,78.67,HIGH,3,0,0,0,0,0,,,,
11:16:20,23227.55,23267.7,23193.65,NARROW,23325.4,23193.65,0.257,RANGE,STRONG_SELL_PREMIUM,RANGE,PREMIUM_SELL_RANGE,RANGE_DTE3_WIDE_CONDOR_ADX_22,22.24,1,78.58,HIGH,3,0,0,0,0,0,,,,
11:16:35,23226.1,23267.7,23193.65,NARROW,23325.4,23193.65,0.246,RANGE,STRONG_SELL_PREMIUM,RANGE,PREMIUM_SELL_RANGE,RANGE_DTE3_WIDE_CONDOR_ADX_22,22.24,1,78.5,HIGH,3,0,0,0,0,0,,,,
11:16:50,23226.0,23267.7,23193.65,NARROW,23325.4,23193.65,0.246,RANGE,STRONG_SELL_PREMIUM,RANGE,PREMIUM_SELL_RANGE,RANGE_DTE3_WIDE_CONDOR_ADX_22,22.24,1,78.42,HIGH,3,0,0,0,0,0,,,,
11:17:05,23230.4,23267.7,23193.65,NARROW,23325.4,23193.65,0.279,RANGE,STRONG_SELL_PREMIUM,RANGE,PREMIUM_SELL_RANGE,RANGE_DTE3_WIDE_CONDOR_ADX_21,21.09,1,78.34,HIGH,3,0,0,0,0,0,,,,
11:17:20,23232.75,23267.7,23193.65,NARROW,23325.4,23193.65,0.297,RANGE,STRONG_SELL_PREMIUM,RANGE,PREMIUM_SELL_RANGE,RANGE_DTE3_WIDE_CONDOR_ADX_21,21.09,1,78.26,HIGH,3,0,0,0,0,0,,,,
11:17:35,23237.1,23267.7,23193.65,NARROW,23325.4,23193.65,0.330,RANGE,STRONG_SELL_PREMIUM,RANGE,PREMIUM_SELL_RANGE,RANGE_DTE3_WIDE_CONDOR_ADX_21,21.09,1,78.18,HIGH,3,0,0,0,0,0,,,,
11:17:50,23236.6,23267.7,23193.65,NARROW,23325.4,23193.65,0.326,RANGE,STRONG_SELL_PREMIUM,RANGE,PREMIUM_SELL_RANGE,RANGE_DTE3_WIDE_CONDOR_ADX_21,21.09,1,78.1,HIGH,3,0,0,0,0,0,,,,
11:18:05,23240.55,23267.7,23193.65,NARROW,23325.4,23193.65,0.356,RANGE,STRONG_SELL_PREMIUM,RANGE,PREMIUM_SELL_RANGE,RANGE_DTE3_WIDE_CONDOR_ADX_20,20.5,1,78.02,HIGH,3,0,0,0,0,0,,,,
11:18:20,23241.6,23267.7,23193.65,NARROW,23325.4,23193.65,0.364,RANGE,STRONG_SELL_PREMIUM,RANGE,PREMIUM_SELL_RANGE,RANGE_DTE3_WIDE_CONDOR_ADX_20,20.5,1,77.94,HIGH,3,0,0,0,0,0,,,,
11:18:35,23242.9,23267.7,23193.65,NARROW,23325.4,23193.65,0.374,RANGE,STRONG_SELL_PREMIUM,RANGE,PREMIUM_SELL_RANGE,RANGE_DTE3_WIDE_CONDOR_ADX_20,20.5,1,77.86,HIGH,3,0,0,0,0,0,,,,
11:18:50,23244.75,23267.7,23193.65,NARROW,23325.4,23193.65,0.388,RANGE,STRONG_SELL_PREMIUM,RANGE,PREMIUM_SELL_RANGE,RANGE_DTE3_WIDE_CONDOR_ADX_20,20.5,1,77.79,HIGH,3,0,0,0,0,0,,,,
11:19:06,23245.65,23267.7,23193.65,NARROW,23325.4,23193.65,0.395,RANGE,STRONG_SELL_PREMIUM,RANGE,PREMIUM_SELL_RANGE,RANGE_DTE3_WIDE_CONDOR_ADX_20,20.33,1,77.71,HIGH,3,0,0,0,0,0,,,,
11:19:21,23245.2,23267.7,23193.65,NARROW,23325.4,23193.65,0.391,RANGE,STRONG_SELL_PREMIUM,RANGE,PREMIUM_SELL_RANGE,RANGE_DTE3_WIDE_CONDOR_ADX_20,20.33,1,77.63,HIGH,3,0,0,0,0,0,,,,
11:19:36,23244.3,23267.7,23193.65,NARROW,23325.4,23193.65,0.384,RANGE,STRONG_SELL_PREMIUM,RANGE,PREMIUM_SELL_RANGE,RANGE_DTE3_WIDE_CONDOR_ADX_20,20.33,1,77.55,HIGH,3,0,0,0,0,0,,,,
11:19:51,23245.1,23267.7,23193.65,NARROW,23325.4,23193.65,0.391,RANGE,STRONG_SELL_PREMIUM,RANGE,PREMIUM_SELL_RANGE,RANGE_DTE3_WIDE_CONDOR_ADX_20,20.33,1,77.47,HIGH,3,0,0,0,0,0,,,,
11:20:06,23248.0,23267.7,23193.65,NARROW,23325.4,23193.65,0.413,RANGE,STRONG_SELL_PREMIUM,RANGE,PREMIUM_SELL_RANGE,RANGE_DTE3_WIDE_CONDOR_ADX_20,20.31,1,77.39,HIGH,3,0,0,0,0,0,,,,
11:20:21,23246.15,23267.7,23193.65,NARROW,23325.4,23193.65,0.398,RANGE,STRONG_SELL_PREMIUM,RANGE,PREMIUM_SELL_RANGE,RANGE_DTE3_WIDE_CONDOR_ADX_20,20.31,1,77.32,HIGH,3,0,0,0,0,0,,,,
11:20:36,23246.4,23267.7,23193.65,NARROW,23325.4,23193.65,0.400,RANGE,STRONG_SELL_PREMIUM,RANGE,PREMIUM_SELL_RANGE,RANGE_DTE3_WIDE_CONDOR_ADX_20,20.31,1,77.24,HIGH,3,0,0,0,0,0,,,,
11:20:51,23248.6,23267.7,23193.65,NARROW,23325.4,23193.65,0.417,RANGE,STRONG_SELL_PREMIUM,RANGE,PREMIUM_SELL_RANGE,RANGE_DTE3_WIDE_CONDOR_ADX_20,20.31,1,77.16,HIGH,3,0,0,0,0,0,,,,
11:21:06,23250.05,23267.7,23193.65,NARROW,23325.4,23193.65,0.428,RANGE,STRONG_SELL_PREMIUM,STRONG_RANGE,PREMIUM_SELL_RANGE,RANGE_DTE3_NEW_CYCLE_STRONG_SELL_CONTAINED_OR,19.6,1,77.09,HIGH,3,0,0,0,0,0,,,,
11:21:21,23255.05,23267.7,23193.65,NARROW,23325.4,23193.65,0.466,RANGE,STRONG_SELL_PREMIUM,STRONG_RANGE,PREMIUM_SELL_RANGE,RANGE_DTE3_NEW_CYCLE_STRONG_SELL_CONTAINED_OR,19.6,1,77.01,HIGH,3,0,0,0,0,0,,,,
11:21:36,23254.5,23267.7,23193.65,NARROW,23325.4,23193.65,0.462,RANGE,STRONG_SELL_PREMIUM,STRONG_RANGE,PREMIUM_SELL_RANGE,RANGE_DTE3_NEW_CYCLE_STRONG_SELL_CONTAINED_OR,19.6,1,76.93,HIGH,3,0,0,0,0,0,,,,
11:21:51,23251.1,23267.7,23193.65,NARROW,23325.4,23193.65,0.436,RANGE,STRONG_SELL_PREMIUM,STRONG_RANGE,PREMIUM_SELL_RANGE,RANGE_DTE3_NEW_CYCLE_STRONG_SELL_CONTAINED_OR,19.6,1,76.86,HIGH,3,0,0,0,0,0,,,,
11:22:06,23247.05,23267.7,23193.65,NARROW,23325.4,23193.65,0.405,RANGE,STRONG_SELL_PREMIUM,RANGE,PREMIUM_SELL_RANGE,RANGE_DTE3_NEW_CYCLE_STRONG_SELL_CONTAINED_OR,19.6,1,76.78,HIGH,3,0,0,0,0,0,,,,
11:22:21,23247.4,23267.7,23193.65,NARROW,23325.4,23193.65,0.408,RANGE,STRONG_SELL_PREMIUM,RANGE,PREMIUM_SELL_RANGE,RANGE_DTE3_NEW_CYCLE_STRONG_SELL_CONTAINED_OR,19.6,1,76.71,HIGH,3,0,0,0,0,0,,,,
11:22:36,23241.55,23267.7,23193.65,NARROW,23325.4,23193.65,0.364,RANGE,STRONG_SELL_PREMIUM,RANGE,PREMIUM_SELL_RANGE,RANGE_DTE3_NEW_CYCLE_STRONG_SELL_CONTAINED_OR,19.6,1,76.63,HIGH,3,0,0,0,0,0,,,,
11:22:51,23242.05,23267.7,23193.65,NARROW,23325.4,23193.65,0.367,RANGE,STRONG_SELL_PREMIUM,RANGE,PREMIUM_SELL_RANGE,RANGE_DTE3_NEW_CYCLE_STRONG_SELL_CONTAINED_OR,19.6,1,76.56,HIGH,3,0,0,0,0,0,,,,
11:23:06,23242.3,23267.7,23193.65,NARROW,23325.4,23193.65,0.369,RANGE,STRONG_SELL_PREMIUM,RANGE,PREMIUM_SELL_RANGE,RANGE_DTE3_NEW_CYCLE_STRONG_SELL_CONTAINED_OR,19.6,1,76.48,HIGH,3,0,0,0,0,0,,,,
11:23:21,23241.9,23267.7,23193.65,NARROW,23325.4,23193.65,0.366,RANGE,STRONG_SELL_PREMIUM,RANGE,PREMIUM_SELL_RANGE,RANGE_DTE3_NEW_CYCLE_STRONG_SELL_CONTAINED_OR,19.6,1,76.41,HIGH,3,0,0,0,0,0,,,,
11:23:36,23244.4,23267.7,23193.65,NARROW,23325.4,23193.65,0.385,RANGE,STRONG_SELL_PREMIUM,RANGE,PREMIUM_SELL_RANGE,RANGE_DTE3_NEW_CYCLE_STRONG_SELL_CONTAINED_OR,19.6,1,76.33,HIGH,3,0,0,0,0,0,,,,
11:23:51,23245.6,23267.7,23193.65,NARROW,23325.4,23193.65,0.394,RANGE,STRONG_SELL_PREMIUM,RANGE,PREMIUM_SELL_RANGE,RANGE_DTE3_NEW_CYCLE_STRONG_SELL_CONTAINED_OR,19.6,1,76.26,HIGH,3,0,0,0,0,0,,,,
11:24:06,23248.05,23267.7,23193.65,NARROW,23325.4,23193.65,0.413,RANGE,STRONG_SELL_PREMIUM,RANGE,PREMIUM_SELL_RANGE,RANGE_DTE3_NEW_CYCLE_STRONG_SELL_CONTAINED_OR,19.6,1,76.18,HIGH,3,0,0,0,0,0,,,,
11:24:21,23247.55,23267.7,23193.65,NARROW,23325.4,23193.65,0.409,RANGE,STRONG_SELL_PREMIUM,RANGE,PREMIUM_SELL_RANGE,RANGE_DTE3_NEW_CYCLE_STRONG_SELL_CONTAINED_OR,19.6,1,76.11,HIGH,3,0,0,0,0,0,,,,
11:24:36,23248.05,23267.7,23193.65,NARROW,23325.4,23193.65,0.413,RANGE,STRONG_SELL_PREMIUM,RANGE,PREMIUM_SELL_RANGE,RANGE_DTE3_NEW_CYCLE_STRONG_SELL_CONTAINED_OR,19.6,1,76.04,HIGH,3,0,0,0,0,0,,,,
11:24:52,23247.95,23267.7,23193.65,NARROW,23325.4,23193.65,0.412,RANGE,STRONG_SELL_PREMIUM,RANGE,PREMIUM_SELL_RANGE,RANGE_DTE3_NEW_CYCLE_STRONG_SELL_CONTAINED_OR,19.6,1,75.96,HIGH,3,0,0,0,0,0,,,,
11:25:07,23249.6,23267.7,23193.65,NARROW,23325.4,23193.65,0.425,RANGE,STRONG_SELL_PREMIUM,RANGE,PREMIUM_SELL_RANGE,RANGE_DTE3_NEW_CYCLE_STRONG_SELL_CONTAINED_OR,18.95,1,75.89,HIGH,3,0,0,0,0,0,,,,
11:25:22,23250.6,23267.7,23193.65,NARROW,23325.4,23193.65,0.432,RANGE,STRONG_SELL_PREMIUM,RANGE,PREMIUM_SELL_RANGE,RANGE_DTE3_NEW_CYCLE_STRONG_SELL_CONTAINED_OR,18.95,1,75.81,HIGH,3,0,0,0,0,0,,,,
11:25:37,23249.6,23267.7,23193.65,NARROW,23325.4,23193.65,0.425,RANGE,STRONG_SELL_PREMIUM,RANGE,PREMIUM_SELL_RANGE,RANGE_DTE3_NEW_CYCLE_STRONG_SELL_CONTAINED_OR,18.95,1,75.74,HIGH,3,0,0,0,0,0,,,,
11:25:52,23250.35,23267.7,23193.65,NARROW,23325.4,23193.65,0.430,RANGE,STRONG_SELL_PREMIUM,RANGE,PREMIUM_SELL_RANGE,RANGE_DTE3_NEW_CYCLE_STRONG_SELL_CONTAINED_OR,18.95,1,75.67,HIGH,3,0,0,0,0,0,,,,
11:26:07,23251.4,23267.7,23193.65,NARROW,23325.4,23193.65,0.438,RANGE,STRONG_SELL_PREMIUM,RANGE,PREMIUM_SELL_RANGE,RANGE_DTE3_NEW_CYCLE_STRONG_SELL_CONTAINED_OR,18.95,1,75.6,HIGH,3,0,0,0,0,0,,,,
11:26:22,23251.15,23267.7,23193.65,NARROW,23325.4,23193.65,0.436,RANGE,STRONG_SELL_PREMIUM,RANGE,PREMIUM_SELL_RANGE,RANGE_DTE3_NEW_CYCLE_STRONG_SELL_CONTAINED_OR,18.95,1,75.52,HIGH,3,0,0,0,0,0,,,,
11:26:37,23250.65,23267.7,23193.65,NARROW,23325.4,23193.65,0.433,RANGE,STRONG_SELL_PREMIUM,RANGE,PREMIUM_SELL_RANGE,RANGE_DTE3_NEW_CYCLE_STRONG_SELL_CONTAINED_OR,18.95,1,75.45,HIGH,3,0,0,0,0,0,,,,
11:26:52,23250.4,23267.7,23193.65,NARROW,23325.4,23193.65,0.431,RANGE,STRONG_SELL_PREMIUM,RANGE,PREMIUM_SELL_RANGE,RANGE_DTE3_NEW_CYCLE_STRONG_SELL_CONTAINED_OR,18.95,1,75.38,HIGH,3,0,0,0,0,0,,,,
11:27:07,23245.7,23267.7,23193.65,NARROW,23325.4,23193.65,0.395,RANGE,STRONG_SELL_PREMIUM,RANGE,PREMIUM_SELL_RANGE,RANGE_DTE3_NEW_CYCLE_STRONG_SELL_CONTAINED_OR,18.95,1,75.31,HIGH,3,0,0,0,0,0,,,,
11:27:22,23245.0,23267.7,23193.65,NARROW,23325.4,23193.65,0.390,RANGE,STRONG_SELL_PREMIUM,RANGE,PREMIUM_SELL_RANGE,RANGE_DTE3_NEW_CYCLE_STRONG_SELL_CONTAINED_OR,18.95,1,75.24,HIGH,3,0,0,0,0,0,,,,
11:27:37,23241.5,23267.7,23193.65,NARROW,23325.4,23193.65,0.363,RANGE,STRONG_SELL_PREMIUM,RANGE,PREMIUM_SELL_RANGE,RANGE_DTE3_NEW_CYCLE_STRONG_SELL_CONTAINED_OR,18.95,1,75.17,HIGH,3,0,0,0,0,0,,,,
11:27:52,23242.15,23267.7,23193.65,NARROW,23325.4,23193.65,0.368,RANGE,STRONG_SELL_PREMIUM,RANGE,PREMIUM_SELL_RANGE,RANGE_DTE3_NEW_CYCLE_STRONG_SELL_CONTAINED_OR,18.95,1,75.1,HIGH,3,0,0,0,0,0,,,,
11:28:07,23241.6,23267.7,23193.65,NARROW,23325.4,23193.65,0.364,RANGE,STRONG_SELL_PREMIUM,RANGE,PREMIUM_SELL_RANGE,RANGE_DTE3_NEW_CYCLE_STRONG_SELL_CONTAINED_OR,18.95,1,75.03,HIGH,3,0,0,0,0,0,,,,
11:28:22,23242.95,23267.7,23193.65,NARROW,23325.4,23193.65,0.374,RANGE,STRONG_SELL_PREMIUM,RANGE,PREMIUM_SELL_RANGE,RANGE_DTE3_NEW_CYCLE_STRONG_SELL_CONTAINED_OR,18.95,1,74.96,HIGH,3,0,0,0,0,0,,,,
11:28:37,23241.05,23267.7,23193.65,NARROW,23325.4,23193.65,0.360,RANGE,STRONG_SELL_PREMIUM,RANGE,PREMIUM_SELL_RANGE,RANGE_DTE3_NEW_CYCLE_STRONG_SELL_CONTAINED_OR,18.95,1,74.89,HIGH,3,0,0,0,0,0,,,,
11:28:52,23243.6,23267.7,23193.65,NARROW,23325.4,23193.65,0.379,RANGE,STRONG_SELL_PREMIUM,RANGE,PREMIUM_SELL_RANGE,RANGE_DTE3_NEW_CYCLE_STRONG_SELL_CONTAINED_OR,18.95,1,74.82,HIGH,3,0,0,0,0,0,,,,
11:29:07,23243.85,23267.7,23193.65,NARROW,23325.4,23193.65,0.381,RANGE,STRONG_SELL_PREMIUM,RANGE,PREMIUM_SELL_RANGE,RANGE_DTE3_NEW_CYCLE_STRONG_SELL_CONTAINED_OR,18.95,1,74.75,HIGH,3,0,0,0,0,0,,,,
11:29:22,23246.45,23267.7,23193.65,NARROW,23325.4,23193.65,0.401,RANGE,STRONG_SELL_PREMIUM,RANGE,PREMIUM_SELL_RANGE,RANGE_DTE3_NEW_CYCLE_STRONG_SELL_CONTAINED_OR,18.95,1,74.68,HIGH,3,0,0,0,0,0,,,,
11:29:37,23245.3,23267.7,23193.65,NARROW,23325.4,23193.65,0.392,RANGE,STRONG_SELL_PREMIUM,RANGE,PREMIUM_SELL_RANGE,RANGE_DTE3_NEW_CYCLE_STRONG_SELL_CONTAINED_OR,18.95,1,74.61,HIGH,3,0,0,0,0,0,,,,
11:29:52,23245.85,23267.7,23193.65,NARROW,23325.4,23193.65,0.396,RANGE,STRONG_SELL_PREMIUM,RANGE,PREMIUM_SELL_RANGE,RANGE_DTE3_NEW_CYCLE_STRONG_SELL_CONTAINED_OR,18.95,1,74.54,HIGH,3,0,0,0,0,0,,,,
11:30:07,23244.5,23267.7,23193.65,NARROW,23325.4,23193.65,0.386,RANGE,STRONG_SELL_PREMIUM,RANGE,PREMIUM_SELL_RANGE,RANGE_DTE3_NEW_CYCLE_STRONG_SELL_CONTAINED_OR,18.88,1,74.47,HIGH,3,0,0,0,0,0,,,,
11:30:23,23242.4,23267.7,23193.65,NARROW,23325.4,23193.65,0.370,RANGE,STRONG_SELL_PREMIUM,RANGE,PREMIUM_SELL_RANGE,RANGE_DTE3_NEW_CYCLE_STRONG_SELL_CONTAINED_OR,18.88,1,74.4,HIGH,3,0,0,0,0,0,,,,
11:30:38,23238.25,23267.7,23193.65,NARROW,23325.4,23193.65,0.339,RANGE,STRONG_SELL_PREMIUM,RANGE,PREMIUM_SELL_RANGE,RANGE_DTE3_NEW_CYCLE_STRONG_SELL_CONTAINED_OR,18.88,1,74.33,HIGH,3,0,0,0,0,0,,,,
11:30:53,23235.95,23267.7,23193.65,NARROW,23325.4,23193.65,0.321,RANGE,STRONG_SELL_PREMIUM,RANGE,PREMIUM_SELL_RANGE,RANGE_DTE3_NEW_CYCLE_STRONG_SELL_CONTAINED_OR,18.88,1,74.26,HIGH,3,0,0,0,0,0,,,,
11:31:08,23239.15,23267.7,23193.65,NARROW,23325.4,23193.65,0.345,RANGE,STRONG_SELL_PREMIUM,RANGE,PREMIUM_SELL_RANGE,RANGE_DTE3_NEW_CYCLE_STRONG_SELL_CONTAINED_OR,18.88,1,74.19,HIGH,3,0,0,0,0,0,,,,
11:31:23,23240.25,23267.7,23193.65,NARROW,23325.4,23193.65,0.354,RANGE,STRONG_SELL_PREMIUM,RANGE,PREMIUM_SELL_RANGE,RANGE_DTE3_NEW_CYCLE_STRONG_SELL_CONTAINED_OR,18.88,1,74.12,HIGH,3,0,0,0,0,0,,,,
11:31:38,23242.75,23267.7,23193.65,NARROW,23325.4,23193.65,0.373,RANGE,STRONG_SELL_PREMIUM,RANGE,PREMIUM_SELL_RANGE,RANGE_DTE3_NEW_CYCLE_STRONG_SELL_CONTAINED_OR,18.88,1,74.06,HIGH,3,0,0,0,0,0,,,,
11:31:53,23243.3,23267.7,23193.65,NARROW,23325.4,23193.65,0.377,RANGE,STRONG_SELL_PREMIUM,RANGE,PREMIUM_SELL_RANGE,RANGE_DTE3_NEW_CYCLE_STRONG_SELL_CONTAINED_OR,18.88,1,73.99,HIGH,3,0,0,0,0,0,,,,
11:32:08,23247.75,23267.7,23193.65,NARROW,23325.4,23193.65,0.411,RANGE,STRONG_SELL_PREMIUM,RANGE,PREMIUM_SELL_RANGE,RANGE_DTE3_NEW_CYCLE_STRONG_SELL_CONTAINED_OR,18.88,1,73.92,HIGH,3,0,0,0,0,0,,,,
11:32:23,23251.2,23267.7,23193.65,NARROW,23325.4,23193.65,0.437,RANGE,STRONG_SELL_PREMIUM,RANGE,PREMIUM_SELL_RANGE,RANGE_DTE3_NEW_CYCLE_STRONG_SELL_CONTAINED_OR,18.88,1,73.85,HIGH,3,0,0,0,0,0,,,,
11:32:38,23253.05,23267.7,23193.65,NARROW,23325.4,23193.65,0.451,RANGE,STRONG_SELL_PREMIUM,RANGE,PREMIUM_SELL_RANGE,RANGE_DTE3_NEW_CYCLE_STRONG_SELL_CONTAINED_OR,18.88,1,73.79,HIGH,3,0,0,0,0,0,,,,
11:32:53,23255.15,23267.7,23193.65,NARROW,23325.4,23193.65,0.467,RANGE,STRONG_SELL_PREMIUM,RANGE,PREMIUM_SELL_RANGE,RANGE_DTE3_NEW_CYCLE_STRONG_SELL_CONTAINED_OR,18.88,1,73.72,HIGH,3,0,0,0,0,0,,,,
11:33:08,23255.1,23267.7,23193.65,NARROW,23325.4,23193.65,0.466,RANGE,STRONG_SELL_PREMIUM,RANGE,PREMIUM_SELL_RANGE,RANGE_DTE3_NEW_CYCLE_STRONG_SELL_CONTAINED_OR,18.88,1,73.65,HIGH,3,0,0,0,0,0,,,,
11:33:23,23249.6,23267.7,23193.65,NARROW,23325.4,23193.65,0.425,RANGE,STRONG_SELL_PREMIUM,RANGE,PREMIUM_SELL_RANGE,RANGE_DTE3_NEW_CYCLE_STRONG_SELL_CONTAINED_OR,18.88,1,73.59,HIGH,3,0,0,0,0,0,,,,
11:33:38,23249.4,23267.7,23193.65,NARROW,23325.4,23193.65,0.423,RANGE,STRONG_SELL_PREMIUM,RANGE,PREMIUM_SELL_RANGE,RANGE_DTE3_NEW_CYCLE_STRONG_SELL_CONTAINED_OR,18.88,1,73.52,HIGH,3,0,0,0,0,0,,,,
11:33:53,23249.5,23267.7,23193.65,NARROW,23325.4,23193.65,0.424,RANGE,STRONG_SELL_PREMIUM,RANGE,PREMIUM_SELL_RANGE,RANGE_DTE3_NEW_CYCLE_STRONG_SELL_CONTAINED_OR,18.88,1,73.45,HIGH,3,0,0,0,0,0,,,,
11:34:08,23250.95,23267.7,23193.65,NARROW,23325.4,23193.65,0.435,RANGE,STRONG_SELL_PREMIUM,RANGE,PREMIUM_SELL_RANGE,RANGE_DTE3_NEW_CYCLE_STRONG_SELL_CONTAINED_OR,18.88,1,73.39,HIGH,3,0,0,0,0,0,,,,
11:34:23,23253.5,23267.7,23193.65,NARROW,23325.4,23193.65,0.454,RANGE,STRONG_SELL_PREMIUM,RANGE,PREMIUM_SELL_RANGE,RANGE_DTE3_NEW_CYCLE_STRONG_SELL_CONTAINED_OR,18.88,1,73.32,HIGH,3,0,0,0,0,0,,,,
11:34:38,23254.45,23267.7,23193.65,NARROW,23325.4,23193.65,0.461,RANGE,STRONG_SELL_PREMIUM,RANGE,PREMIUM_SELL_RANGE,RANGE_DTE3_NEW_CYCLE_STRONG_SELL_CONTAINED_OR,18.88,1,73.25,HIGH,3,0,0,0,0,0,,,,
11:34:53,23253.55,23267.7,23193.65,NARROW,23325.4,23193.65,0.455,RANGE,STRONG_SELL_PREMIUM,RANGE,PREMIUM_SELL_RANGE,RANGE_DTE3_NEW_CYCLE_STRONG_SELL_CONTAINED_OR,18.88,1,73.19,HIGH,3,0,0,0,0,0,,,,
11:35:08,23247.25,23267.7,23193.65,NARROW,23325.4,23193.65,0.407,RANGE,STRONG_SELL_PREMIUM,RANGE,PREMIUM_SELL_RANGE,RANGE_DTE3_NEW_CYCLE_STRONG_SELL_CONTAINED_OR,18.82,1,73.12,HIGH,3,0,0,0,0,0,,,,
11:35:23,23246.65,23267.7,23193.65,NARROW,23325.4,23193.65,0.402,RANGE,STRONG_SELL_PREMIUM,RANGE,PREMIUM_SELL_RANGE,RANGE_DTE3_NEW_CYCLE_STRONG_SELL_CONTAINED_OR,18.82,1,73.06,HIGH,3,0,0,0,0,0,,,,
11:35:38,23247.5,23267.7,23193.65,NARROW,23325.4,23193.65,0.409,RANGE,STRONG_SELL_PREMIUM,RANGE,PREMIUM_SELL_RANGE,RANGE_DTE3_NEW_CYCLE_STRONG_SELL_CONTAINED_OR,18.82,1,72.99,HIGH,3,0,0,0,0,0,,,,
11:35:53,23247.45,23267.7,23193.65,NARROW,23325.4,23193.65,0.408,RANGE,STRONG_SELL_PREMIUM,RANGE,PREMIUM_SELL_RANGE,RANGE_DTE3_NEW_CYCLE_STRONG_SELL_CONTAINED_OR,18.82,1,72.93,HIGH,3,0,0,0,0,0,,,,
11:36:08,23250.0,23267.7,23193.65,NARROW,23325.4,23193.65,0.428,RANGE,STRONG_SELL_PREMIUM,RANGE,PREMIUM_SELL_RANGE,RANGE_DTE3_NEW_CYCLE_STRONG_SELL_CONTAINED_OR,18.82,1,72.86,HIGH,3,0,0,0,0,0,,,,
11:36:23,23249.9,23267.7,23193.65,NARROW,23325.4,23193.65,0.427,RANGE,STRONG_SELL_PREMIUM,RANGE,PREMIUM_SELL_RANGE,RANGE_DTE3_NEW_CYCLE_STRONG_SELL_CONTAINED_OR,18.82,1,72.8,HIGH,3,0,0,0,0,0,,,,
11:36:38,23250.35,23267.7,23193.65,NARROW,23325.4,23193.65,0.430,RANGE,STRONG_SELL_PREMIUM,RANGE,PREMIUM_SELL_RANGE,RANGE_DTE3_NEW_CYCLE_STRONG_SELL_CONTAINED_OR,18.82,1,72.73,HIGH,3,0,0,0,0,0,,,,
11:36:54,23251.6,23267.7,23193.65,NARROW,23325.4,23193.65,0.440,RANGE,STRONG_SELL_PREMIUM,RANGE,PREMIUM_SELL_RANGE,RANGE_DTE3_NEW_CYCLE_STRONG_SELL_CONTAINED_OR,18.82,1,72.67,HIGH,3,0,0,0,0,0,,,,
11:37:09,23251.7,23267.7,23193.65,NARROW,23325.4,23193.65,0.441,RANGE,STRONG_SELL_PREMIUM,RANGE,PREMIUM_SELL_RANGE,RANGE_DTE3_NEW_CYCLE_STRONG_SELL_CONTAINED_OR,18.82,1,72.6,HIGH,3,0,0,0,0,0,,,,
11:37:24,23248.0,23267.7,23193.65,NARROW,23325.4,23193.65,0.413,RANGE,STRONG_SELL_PREMIUM,RANGE,PREMIUM_SELL_RANGE,RANGE_DTE3_NEW_CYCLE_STRONG_SELL_CONTAINED_OR,18.82,1,72.54,HIGH,3,0,0,0,0,0,,,,
11:37:39,23249.25,23267.7,23193.65,NARROW,23325.4,23193.65,0.422,RANGE,STRONG_SELL_PREMIUM,RANGE,PREMIUM_SELL_RANGE,RANGE_DTE3_NEW_CYCLE_STRONG_SELL_CONTAINED_OR,18.82,1,72.48,HIGH,3,0,0,0,0,0,,,,
11:37:54,23250.0,23267.7,23193.65,NARROW,23325.4,23193.65,0.428,RANGE,STRONG_SELL_PREMIUM,RANGE,PREMIUM_SELL_RANGE,RANGE_DTE3_NEW_CYCLE_STRONG_SELL_CONTAINED_OR,18.82,1,72.41,HIGH,3,0,0,0,0,0,,,,
11:38:09,23250.4,23267.7,23193.65,NARROW,23325.4,23193.65,0.431,RANGE,STRONG_SELL_PREMIUM,RANGE,PREMIUM_SELL_RANGE,RANGE_DTE3_NEW_CYCLE_STRONG_SELL_CONTAINED_OR,18.82,1,72.35,HIGH,3,0,0,0,0,0,,,,
11:38:24,23253.7,23267.7,23193.65,NARROW,23325.4,23193.65,0.456,RANGE,STRONG_SELL_PREMIUM,RANGE,PREMIUM_SELL_RANGE,RANGE_DTE3_NEW_CYCLE_STRONG_SELL_CONTAINED_OR,18.82,1,72.29,HIGH,3,0,0,0,0,0,,,,
11:38:39,23252.3,23267.7,23193.65,NARROW,23325.4,23193.65,0.445,RANGE,STRONG_SELL_PREMIUM,RANGE,PREMIUM_SELL_RANGE,RANGE_DTE3_NEW_CYCLE_STRONG_SELL_CONTAINED_OR,18.82,1,72.22,HIGH,3,0,0,0,0,0,,,,
11:38:54,23252.6,23267.7,23193.65,NARROW,23325.4,23193.65,0.447,RANGE,STRONG_SELL_PREMIUM,STRONG_RANGE,PREMIUM_SELL_RANGE,RANGE_DTE3_NEW_CYCLE_STRONG_SELL_CONTAINED_OR,18.82,1,72.16,HIGH,3,0,0,0,0,0,,,,
11:39:09,23251.1,23267.7,23193.65,NARROW,23325.4,23193.65,0.436,RANGE,STRONG_SELL_PREMIUM,STRONG_RANGE,PREMIUM_SELL_RANGE,RANGE_DTE3_NEW_CYCLE_STRONG_SELL_CONTAINED_OR,18.82,1,72.1,HIGH,3,0,0,0,0,0,,,,
11:39:24,23251.35,23267.7,23193.65,NARROW,23325.4,23193.65,0.438,RANGE,STRONG_SELL_PREMIUM,STRONG_RANGE,PREMIUM_SELL_RANGE,RANGE_DTE3_NEW_CYCLE_STRONG_SELL_CONTAINED_OR,18.82,1,72.04,HIGH,3,0,0,0,0,0,,,,
11:39:39,23252.7,23267.7,23193.65,NARROW,23325.4,23193.65,0.448,RANGE,STRONG_SELL_PREMIUM,STRONG_RANGE,PREMIUM_SELL_RANGE,RANGE_DTE3_NEW_CYCLE_STRONG_SELL_CONTAINED_OR,18.82,1,71.97,HIGH,3,0,0,0,0,0,,,,
11:39:54,23253.9,23267.7,23193.65,NARROW,23325.4,23193.65,0.457,RANGE,STRONG_SELL_PREMIUM,STRONG_RANGE,PREMIUM_SELL_RANGE,RANGE_DTE3_NEW_CYCLE_STRONG_SELL_CONTAINED_OR,18.82,1,71.91,HIGH,3,0,0,0,0,0,,,,
11:40:09,23254.6,23267.7,23193.65,NARROW,23325.4,23193.65,0.463,RANGE,STRONG_SELL_PREMIUM,STRONG_RANGE,PREMIUM_SELL_RANGE,RANGE_DTE3_NEW_CYCLE_STRONG_SELL_CONTAINED_OR,18.13,1,71.85,HIGH,3,0,0,0,0,0,,,,
11:40:24,23256.15,23267.7,23193.65,NARROW,23325.4,23193.65,0.474,RANGE,STRONG_SELL_PREMIUM,STRONG_RANGE,PREMIUM_SELL_RANGE,RANGE_DTE3_NEW_CYCLE_STRONG_SELL_CONTAINED_OR,18.13,1,71.79,HIGH,3,0,0,0,0,0,,,,
11:40:39,23256.1,23267.7,23193.65,NARROW,23325.4,23193.65,0.474,RANGE,STRONG_SELL_PREMIUM,STRONG_RANGE,PREMIUM_SELL_RANGE,RANGE_DTE3_NEW_CYCLE_STRONG_SELL_CONTAINED_OR,18.13,1,71.73,HIGH,3,0,0,0,0,0,,,,
11:40:54,23257.4,23267.7,23193.65,NARROW,23325.4,23193.65,0.484,RANGE,STRONG_SELL_PREMIUM,RANGE,PREMIUM_SELL_RANGE,RANGE_DTE3_NEW_CYCLE_STRONG_SELL_CONTAINED_OR,18.13,1,71.66,HIGH,3,0,0,0,0,0,,,,
11:41:09,23257.3,23267.7,23193.65,NARROW,23325.4,23193.65,0.483,RANGE,STRONG_SELL_PREMIUM,RANGE,PREMIUM_SELL_RANGE,RANGE_DTE3_NEW_CYCLE_STRONG_SELL_CONTAINED_OR,17.81,1,71.6,HIGH,3,0,0,0,0,0,,,,
11:41:24,23259.65,23267.7,23193.65,NARROW,23325.4,23193.65,0.501,RANGE,STRONG_SELL_PREMIUM,RANGE,PREMIUM_SELL_RANGE,RANGE_DTE3_NEW_CYCLE_STRONG_SELL_CONTAINED_OR,17.81,1,71.54,HIGH,3,0,0,0,0,0,,,,
11:41:39,23260.1,23267.7,23193.65,NARROW,23325.4,23193.65,0.504,RANGE,STRONG_SELL_PREMIUM,RANGE,PREMIUM_SELL_RANGE,RANGE_DTE3_NEW_CYCLE_STRONG_SELL_CONTAINED_OR,17.81,1,71.48,HIGH,3,0,0,0,0,0,,,,
11:41:54,23260.75,23267.7,23193.65,NARROW,23325.4,23193.65,0.509,RANGE,STRONG_SELL_PREMIUM,RANGE,PREMIUM_SELL_RANGE,RANGE_DTE3_NEW_CYCLE_STRONG_SELL_CONTAINED_OR,17.81,1,71.42,HIGH,3,0,0,0,0,0,,,,
11:42:09,23262.35,23267.7,23193.65,NARROW,23325.4,23193.65,0.521,RANGE,STRONG_SELL_PREMIUM,RANGE,PREMIUM_SELL_RANGE,RANGE_DTE3_NEW_CYCLE_STRONG_SELL_CONTAINED_OR,17.12,1,71.36,HIGH,3,0,0,0,0,0,,,,
11:42:24,23263.55,23267.7,23193.65,NARROW,23325.4,23193.65,0.531,RANGE,STRONG_SELL_PREMIUM,RANGE,PREMIUM_SELL_RANGE,RANGE_DTE3_NEW_CYCLE_STRONG_SELL_CONTAINED_OR,17.12,1,71.3,HIGH,3,0,0,0,0,0,,,,
11:42:39,23263.85,23267.7,23193.65,NARROW,23325.4,23193.65,0.533,RANGE,STRONG_SELL_PREMIUM,RANGE,PREMIUM_SELL_RANGE,RANGE_DTE3_NEW_CYCLE_STRONG_SELL_CONTAINED_OR,17.12,1,71.24,HIGH,3,0,0,0,0,0,,,,
11:42:54,23265.65,23267.7,23193.65,NARROW,23325.4,23193.65,0.546,RANGE,STRONG_SELL_PREMIUM,RANGE,PREMIUM_SELL_RANGE,RANGE_DTE3_NEW_CYCLE_STRONG_SELL_CONTAINED_OR,17.12,1,71.18,HIGH,3,0,0,0,0,0,,,,
11:43:10,23268.3,23267.7,23193.65,NARROW,23325.4,23193.65,0.567,RANGE,STRONG_SELL_PREMIUM,RANGE,PREMIUM_SELL_RANGE,RANGE_DTE3_NEW_CYCLE_STRONG_SELL_CONTAINED_OR,17.57,1,71.12,HIGH,3,0,0,0,0,0,,,,
11:43:24,23269.5,23267.7,23193.65,NARROW,23325.4,23193.65,0.576,RANGE,STRONG_SELL_PREMIUM,RANGE,PREMIUM_SELL_RANGE,RANGE_DTE3_NEW_CYCLE_STRONG_SELL_CONTAINED_OR,17.57,1,71.06,HIGH,3,0,0,0,0,0,,,,
11:43:40,23273.15,23267.7,23193.65,NARROW,23325.4,23193.65,0.603,RANGE,STRONG_SELL_PREMIUM,RANGE,PREMIUM_SELL_RANGE,RANGE_DTE3_NEW_CYCLE_STRONG_SELL_CONTAINED_OR,17.57,1,71.0,HIGH,3,0,0,0,0,0,,,,
11:43:55,23274.65,23267.7,23193.65,NARROW,23325.4,23193.65,0.615,RANGE,STRONG_SELL_PREMIUM,RANGE,PREMIUM_SELL_RANGE,RANGE_DTE3_NEW_CYCLE_STRONG_SELL_CONTAINED_OR,17.57,1,70.94,HIGH,3,0,0,0,0,0,,,,
11:44:10,23272.6,23267.7,23193.65,NARROW,23325.4,23193.65,0.599,RANGE,STRONG_SELL_PREMIUM,RANGE,PREMIUM_SELL_RANGE,RANGE_DTE3_NEW_CYCLE_STRONG_SELL_CONTAINED_OR,17.66,1,70.88,HIGH,3,0,0,0,0,0,,,,
11:44:25,23273.95,23267.7,23193.65,NARROW,23325.4,23193.65,0.609,RANGE,STRONG_SELL_PREMIUM,RANGE,PREMIUM_SELL_RANGE,RANGE_DTE3_NEW_CYCLE_STRONG_SELL_CONTAINED_OR,17.66,1,70.82,HIGH,3,0,0,0,0,0,,,,
11:44:40,23275.1,23267.7,23193.65,NARROW,23325.4,23193.65,0.618,RANGE,STRONG_SELL_PREMIUM,RANGE,PREMIUM_SELL_RANGE,RANGE_DTE3_NEW_CYCLE_STRONG_SELL_CONTAINED_OR,17.66,1,70.76,HIGH,3,0,0,0,0,0,,,,
11:44:55,23275.8,23267.7,23193.65,NARROW,23325.4,23193.65,0.624,RANGE,STRONG_SELL_PREMIUM,RANGE,PREMIUM_SELL_RANGE,RANGE_DTE3_NEW_CYCLE_STRONG_SELL_CONTAINED_OR,17.66,1,70.7,HIGH,3,0,0,0,0,0,,,,
11:45:10,23275.75,23267.7,23193.65,NARROW,23325.4,23193.65,0.623,RANGE,STRONG_SELL_PREMIUM,RANGE,PREMIUM_SELL_RANGE,RANGE_DTE3_NEW_CYCLE_STRONG_SELL_CONTAINED_OR,17.05,1,70.64,HIGH,3,0,0,0,0,0,,,,
11:45:25,23278.95,23267.7,23193.65,NARROW,23325.4,23193.65,0.647,RANGE,STRONG_SELL_PREMIUM,RANGE,PREMIUM_SELL_RANGE,RANGE_DTE3_NEW_CYCLE_STRONG_SELL_CONTAINED_OR,17.05,1,70.58,HIGH,3,0,0,0,0,0,,,,
11:45:40,23278.95,23267.7,23193.65,NARROW,23325.4,23193.65,0.647,RANGE,STRONG_SELL_PREMIUM,RANGE,PREMIUM_SELL_RANGE,RANGE_DTE3_NEW_CYCLE_STRONG_SELL_CONTAINED_OR,17.05,1,70.52,HIGH,3,0,0,0,0,0,,,,
11:45:55,23273.7,23267.7,23193.65,NARROW,23325.4,23193.65,0.608,RANGE,STRONG_SELL_PREMIUM,RANGE,PREMIUM_SELL_RANGE,RANGE_DTE3_NEW_CYCLE_STRONG_SELL_CONTAINED_OR,17.05,1,70.46,HIGH,3,0,0,0,0,0,,,,
11:46:10,23271.0,23267.7,23193.65,NARROW,23325.4,23193.65,0.587,RANGE,STRONG_SELL_PREMIUM,RANGE,PREMIUM_SELL_RANGE,RANGE_DTE3_NEW_CYCLE_STRONG_SELL_CONTAINED_OR,17.05,1,70.41,HIGH,3,0,0,0,0,0,,,,
11:46:25,23273.8,23267.7,23193.65,NARROW,23325.4,23193.65,0.608,RANGE,STRONG_SELL_PREMIUM,RANGE,PREMIUM_SELL_RANGE,RANGE_DTE3_NEW_CYCLE_STRONG_SELL_CONTAINED_OR,17.05,1,70.35,HIGH,3,0,0,0,0,0,,,,
11:46:40,23273.75,23267.7,23193.65,NARROW,23325.4,23193.65,0.608,RANGE,STRONG_SELL_PREMIUM,RANGE,PREMIUM_SELL_RANGE,RANGE_DTE3_NEW_CYCLE_STRONG_SELL_CONTAINED_OR,17.05,1,70.29,HIGH,3,0,0,0,0,0,,,,
11:46:55,23268.75,23267.7,23193.65,NARROW,23325.4,23193.65,0.570,RANGE,STRONG_SELL_PREMIUM,RANGE,PREMIUM_SELL_RANGE,RANGE_DTE3_NEW_CYCLE_STRONG_SELL_CONTAINED_OR,17.05,1,70.23,HIGH,3,0,0,0,0,0,,,,
11:47:10,23265.95,23267.7,23193.65,NARROW,23325.4,23193.65,0.549,RANGE,STRONG_SELL_PREMIUM,RANGE,PREMIUM_SELL_RANGE,RANGE_DTE3_NEW_CYCLE_STRONG_SELL_CONTAINED_OR,17.05,1,70.17,HIGH,3,0,0,0,0,0,,,,
11:47:25,23267.45,23267.7,23193.65,NARROW,23325.4,23193.65,0.560,RANGE,STRONG_SELL_PREMIUM,RANGE,PREMIUM_SELL_RANGE,RANGE_DTE3_NEW_CYCLE_STRONG_SELL_CONTAINED_OR,17.05,1,70.12,HIGH,3,0,0,0,0,0,,,,
11:47:40,23268.5,23267.7,23193.65,NARROW,23325.4,23193.65,0.568,RANGE,STRONG_SELL_PREMIUM,RANGE,PREMIUM_SELL_RANGE,RANGE_DTE3_NEW_CYCLE_STRONG_SELL_CONTAINED_OR,17.05,1,70.06,HIGH,3,0,0,0,0,0,,,,
11:47:55,23271.15,23267.7,23193.65,NARROW,23325.4,23193.65,0.588,RANGE,STRONG_SELL_PREMIUM,RANGE,PREMIUM_SELL_RANGE,RANGE_DTE3_NEW_CYCLE_STRONG_SELL_CONTAINED_OR,17.05,1,70.0,HIGH,3,0,0,0,0,0,,,,
11:48:10,23272.6,23267.7,23193.65,NARROW,23325.4,23193.65,0.599,RANGE,STRONG_SELL_PREMIUM,RANGE,PREMIUM_SELL_RANGE,RANGE_DTE3_NEW_CYCLE_STRONG_SELL_CONTAINED_OR,17.05,1,69.94,HIGH,3,0,0,0,0,0,,,,
11:48:25,23273.4,23267.7,23193.65,NARROW,23325.4,23193.65,0.605,RANGE,STRONG_SELL_PREMIUM,RANGE,PREMIUM_SELL_RANGE,RANGE_DTE3_NEW_CYCLE_STRONG_SELL_CONTAINED_OR,17.05,1,69.89,HIGH,3,0,0,0,0,0,,,,
11:48:40,23273.05,23267.7,23193.65,NARROW,23325.4,23193.65,0.603,RANGE,STRONG_SELL_PREMIUM,RANGE,PREMIUM_SELL_RANGE,RANGE_DTE3_NEW_CYCLE_STRONG_SELL_CONTAINED_OR,17.05,1,69.83,HIGH,3,0,0,0,0,0,,,,
11:48:55,23272.9,23267.7,23193.65,NARROW,23325.4,23193.65,0.602,RANGE,STRONG_SELL_PREMIUM,RANGE,PREMIUM_SELL_RANGE,RANGE_DTE3_NEW_CYCLE_STRONG_SELL_CONTAINED_OR,17.05,1,69.77,HIGH,3,0,0,0,0,0,,,,
11:49:10,23273.25,23267.7,23193.65,NARROW,23325.4,23193.65,0.604,RANGE,STRONG_SELL_PREMIUM,RANGE,PREMIUM_SELL_RANGE,RANGE_DTE3_NEW_CYCLE_STRONG_SELL_CONTAINED_OR,17.05,1,69.72,HIGH,3,0,0,0,0,0,,,,
11:49:25,23273.4,23267.7,23193.65,NARROW,23325.4,23193.65,0.605,RANGE,STRONG_SELL_PREMIUM,RANGE,PREMIUM_SELL_RANGE,RANGE_DTE3_NEW_CYCLE_STRONG_SELL_CONTAINED_OR,17.05,1,69.66,HIGH,3,0,0,0,0,0,,,,
11:49:41,23273.8,23267.7,23193.65,NARROW,23325.4,23193.65,0.608,RANGE,STRONG_SELL_PREMIUM,RANGE,PREMIUM_SELL_RANGE,RANGE_DTE3_NEW_CYCLE_STRONG_SELL_CONTAINED_OR,17.05,1,69.6,HIGH,3,0,0,0,0,0,,,,
11:49:56,23276.1,23267.7,23193.65,NARROW,23325.4,23193.65,0.626,RANGE,STRONG_SELL_PREMIUM,RANGE,PREMIUM_SELL_RANGE,RANGE_DTE3_NEW_CYCLE_STRONG_SELL_CONTAINED_OR,17.05,1,69.55,HIGH,3,0,0,0,0,0,,,,
11:50:11,23274.7,23267.7,23193.65,NARROW,23325.4,23193.65,0.615,RANGE,STRONG_SELL_PREMIUM,RANGE,PREMIUM_SELL_RANGE,RANGE_DTE3_NEW_CYCLE_STRONG_SELL_CONTAINED_OR,16.51,1,69.49,HIGH,3,0,0,0,0,0,,,,
11:50:26,23275.0,23267.7,23193.65,NARROW,23325.4,23193.65,0.617,RANGE,STRONG_SELL_PREMIUM,RANGE,PREMIUM_SELL_RANGE,RANGE_DTE3_NEW_CYCLE_STRONG_SELL_CONTAINED_OR,16.51,1,69.43,HIGH,3,0,0,0,0,0,,,,
11:50:41,23276.05,23267.7,23193.65,NARROW,23325.4,23193.65,0.625,RANGE,STRONG_SELL_PREMIUM,RANGE,PREMIUM_SELL_RANGE,RANGE_DTE3_NEW_CYCLE_STRONG_SELL_CONTAINED_OR,16.51,1,69.38,HIGH,3,0,0,0,0,0,,,,
11:50:56,23276.7,23267.7,23193.65,NARROW,23325.4,23193.65,0.630,RANGE,STRONG_SELL_PREMIUM,RANGE,PREMIUM_SELL_RANGE,RANGE_DTE3_NEW_CYCLE_STRONG_SELL_CONTAINED_OR,16.51,1,69.32,HIGH,3,0,0,0,0,0,,,,
11:51:11,23280.05,23267.7,23193.65,NARROW,23325.4,23193.65,0.656,RANGE,STRONG_SELL_PREMIUM,RANGE,PREMIUM_SELL_RANGE,RANGE_DTE3_NEW_CYCLE_STRONG_SELL_CONTAINED_OR,17.21,1,69.27,HIGH,3,0,0,0,0,0,,,,
11:51:26,23281.85,23267.7,23193.65,NARROW,23325.4,23193.65,0.669,RANGE,STRONG_SELL_PREMIUM,RANGE,PREMIUM_SELL_RANGE,RANGE_DTE3_NEW_CYCLE_STRONG_SELL_CONTAINED_OR,17.21,1,69.21,HIGH,3,0,0,0,0,0,,,,
11:51:41,23283.5,23267.7,23193.65,NARROW,23325.4,23193.65,0.682,RANGE,STRONG_SELL_PREMIUM,RANGE,PREMIUM_SELL_RANGE,RANGE_DTE3_NEW_CYCLE_STRONG_SELL_CONTAINED_OR,17.21,1,69.16,HIGH,3,0,0,0,0,0,,,,
11:51:59,23286.4,23267.7,23193.65,NARROW,23325.4,23193.65,0.704,RANGE,STRONG_SELL_PREMIUM,RANGE,PREMIUM_SELL_RANGE,RANGE_DTE3_NEW_CYCLE_STRONG_SELL_CONTAINED_OR,17.21,1,69.09,HIGH,3,0,0,0,0,0,,,,
11:52:14,23286.35,23267.7,23193.65,NARROW,23325.4,23193.65,0.704,RANGE,STRONG_SELL_PREMIUM,RANGE,PREMIUM_SELL_RANGE,RANGE_DTE3_NEW_CYCLE_STRONG_SELL_CONTAINED_OR,17.67,1,69.04,HIGH,3,0,0,0,0,0,,,,
11:52:29,23289.6,23267.7,23193.65,NARROW,23325.4,23193.65,0.728,RANGE,STRONG_SELL_PREMIUM,RANGE,PREMIUM_SELL_RANGE,RANGE_DTE3_NEW_CYCLE_STRONG_SELL_CONTAINED_OR,17.67,1,68.98,HIGH,3,0,0,0,0,0,,,,
11:52:44,23291.1,23267.7,23193.65,NARROW,23325.4,23193.65,0.740,RANGE,STRONG_SELL_PREMIUM,RANGE,PREMIUM_SELL_RANGE,RANGE_DTE3_NEW_CYCLE_STRONG_SELL_CONTAINED_OR,17.67,1,68.92,HIGH,3,0,0,0,0,0,,,,
11:52:59,23292.5,23267.7,23193.65,NARROW,23325.4,23193.65,0.750,RANGE,STRONG_SELL_PREMIUM,RANGE,PREMIUM_SELL_RANGE,RANGE_DTE3_NEW_CYCLE_STRONG_SELL_CONTAINED_OR,17.67,1,68.87,HIGH,3,0,0,0,0,0,,,,
11:53:14,23289.55,23267.7,23193.65,NARROW,23325.4,23193.65,0.728,RANGE,STRONG_SELL_PREMIUM,RANGE,PREMIUM_SELL_RANGE,RANGE_DTE3_NEW_CYCLE_STRONG_SELL_CONTAINED_OR,17.67,1,68.82,HIGH,3,0,0,0,0,0,,,,
11:53:29,23286.95,23267.7,23193.65,NARROW,23325.4,23193.65,0.708,RANGE,STRONG_SELL_PREMIUM,RANGE,PREMIUM_SELL_RANGE,RANGE_DTE3_NEW_CYCLE_STRONG_SELL_CONTAINED_OR,17.67,1,68.76,HIGH,3,0,0,0,0,0,,,,
11:53:44,23281.85,23267.7,23193.65,NARROW,23325.4,23193.65,0.669,RANGE,STRONG_SELL_PREMIUM,RANGE,PREMIUM_SELL_RANGE,RANGE_DTE3_NEW_CYCLE_STRONG_SELL_CONTAINED_OR,17.67,1,68.71,HIGH,3,0,0,0,0,0,,,,
11:53:59,23279.85,23267.7,23193.65,NARROW,23325.4,23193.65,0.654,RANGE,STRONG_SELL_PREMIUM,RANGE,PREMIUM_SELL_RANGE,RANGE_DTE3_NEW_CYCLE_STRONG_SELL_CONTAINED_OR,17.67,1,68.65,HIGH,3,0,0,0,0,0,,,,
11:54:14,23277.05,23267.7,23193.65,NARROW,23325.4,23193.65,0.633,RANGE,STRONG_SELL_PREMIUM,RANGE,PREMIUM_SELL_RANGE,RANGE_DTE3_NEW_CYCLE_STRONG_SELL_CONTAINED_OR,17.67,1,68.6,HIGH,3,0,0,0,0,0,,,,
11:54:29,23280.0,23267.7,23193.65,NARROW,23325.4,23193.65,0.655,RANGE,STRONG_SELL_PREMIUM,RANGE,PREMIUM_SELL_RANGE,RANGE_DTE3_NEW_CYCLE_STRONG_SELL_CONTAINED_OR,17.67,1,68.54,HIGH,3,0,0,0,0,0,,,,
11:54:44,23283.5,23267.7,23193.65,NARROW,23325.4,23193.65,0.682,RANGE,STRONG_SELL_PREMIUM,RANGE,PREMIUM_SELL_RANGE,RANGE_DTE3_NEW_CYCLE_STRONG_SELL_CONTAINED_OR,17.67,1,68.49,HIGH,3,0,0,0,0,0,,,,
11:54:59,23286.95,23267.7,23193.65,NARROW,23325.4,23193.65,0.708,RANGE,STRONG_SELL_PREMIUM,RANGE,PREMIUM_SELL_RANGE,RANGE_DTE3_NEW_CYCLE_STRONG_SELL_CONTAINED_OR,17.67,1,68.44,HIGH,3,0,0,0,0,0,,,,
11:55:14,23289.2,23267.7,23193.65,NARROW,23325.4,23193.65,0.725,RANGE,STRONG_SELL_PREMIUM,RANGE,PREMIUM_SELL_RANGE,RANGE_DTE3_NEW_CYCLE_STRONG_SELL_CONTAINED_OR,18.27,1,68.38,HIGH,3,0,0,0,0,0,,,,
11:55:29,23289.65,23267.7,23193.65,NARROW,23325.4,23193.65,0.729,RANGE,STRONG_SELL_PREMIUM,RANGE,PREMIUM_SELL_RANGE,RANGE_DTE3_NEW_CYCLE_STRONG_SELL_CONTAINED_OR,18.27,1,68.33,HIGH,3,0,0,0,0,0,,,,
11:55:44,23292.45,23267.7,23193.65,NARROW,23325.4,23193.65,0.750,RANGE,STRONG_SELL_PREMIUM,RANGE,PREMIUM_SELL_RANGE,RANGE_DTE3_NEW_CYCLE_STRONG_SELL_CONTAINED_OR,18.27,1,68.28,HIGH,3,0,0,0,0,0,,,,
11:55:59,23290.5,23267.7,23193.65,NARROW,23325.4,23193.65,0.735,RANGE,STRONG_SELL_PREMIUM,RANGE,PREMIUM_SELL_RANGE,RANGE_DTE3_NEW_CYCLE_STRONG_SELL_CONTAINED_OR,18.27,1,68.22,HIGH,3,0,0,0,0,0,,,,
11:56:14,23295.0,23267.7,23193.65,NARROW,23325.4,23193.65,0.769,RANGE,STRONG_SELL_PREMIUM,RANGE,PREMIUM_SELL_RANGE,RANGE_DTE3_NEW_CYCLE_STRONG_SELL_CONTAINED_OR,18.69,1,68.17,HIGH,3,0,0,0,0,0,,,,
11:56:29,23295.9,23267.7,23193.65,NARROW,23325.4,23193.65,0.776,RANGE,STRONG_SELL_PREMIUM,RANGE,PREMIUM_SELL_RANGE,RANGE_DTE3_NEW_CYCLE_STRONG_SELL_CONTAINED_OR,18.69,1,68.12,HIGH,3,0,0,0,0,0,,,,
11:56:44,23298.4,23267.7,23193.65,NARROW,23325.4,23193.65,0.795,RANGE,STRONG_SELL_PREMIUM,RANGE,PREMIUM_SELL_RANGE,RANGE_DTE3_NEW_CYCLE_STRONG_SELL_CONTAINED_OR,18.69,1,68.07,HIGH,3,0,0,0,0,0,,,,
11:56:59,23298.85,23267.7,23193.65,NARROW,23325.4,23193.65,0.798,RANGE,STRONG_SELL_PREMIUM,RANGE,PREMIUM_SELL_RANGE,RANGE_DTE3_NEW_CYCLE_STRONG_SELL_CONTAINED_OR,18.69,1,68.01,HIGH,3,0,0,0,0,0,,,,
11:57:14,23301.0,23267.7,23193.65,NARROW,23325.4,23193.65,0.815,RANGE,STRONG_SELL_PREMIUM,RANGE,PREMIUM_SELL_RANGE,RANGE_DTE3_NEW_CYCLE_STRONG_SELL_CONTAINED_OR,19.38,1,67.96,HIGH,3,0,0,0,0,0,NO_TRADE,,entry_cooldown_10min_remaining,
11:57:29,23301.5,23267.7,23193.65,NARROW,23325.4,23193.65,0.819,RANGE,STRONG_SELL_PREMIUM,RANGE,PREMIUM_SELL_RANGE,RANGE_DTE3_NEW_CYCLE_STRONG_SELL_CONTAINED_OR,19.38,1,67.91,HIGH,3,0,0,0,0,0,NO_TRADE,,entry_cooldown_9min_remaining,
11:57:44,23302.15,23267.7,23193.65,NARROW,23325.4,23193.65,0.824,RANGE,STRONG_SELL_PREMIUM,RANGE,PREMIUM_SELL_RANGE,RANGE_DTE3_NEW_CYCLE_STRONG_SELL_CONTAINED_OR,19.38,1,67.86,HIGH,3,0,0,0,0,0,NO_TRADE,,entry_cooldown_9min_remaining,
11:57:59,23308.45,23267.7,23193.65,NARROW,23325.4,23193.65,0.871,RANGE,STRONG_SELL_PREMIUM,RANGE,PREMIUM_SELL_RANGE,RANGE_DTE3_NEW_CYCLE_STRONG_SELL_CONTAINED_OR,19.38,1,67.8,HIGH,3,0,0,0,0,0,NO_TRADE,,entry_cooldown_9min_remaining,
11:58:14,23307.1,23267.7,23193.65,NARROW,23325.4,23193.65,0.861,RANGE,STRONG_SELL_PREMIUM,RANGE,PREMIUM_SELL_RANGE,RANGE_DTE3_NEW_CYCLE_STRONG_SELL_CONTAINED_OR,19.49,1,67.75,HIGH,3,0,0,0,0,0,NO_TRADE,,entry_cooldown_9min_remaining,
11:58:29,23304.55,23267.7,23193.65,NARROW,23325.4,23193.65,0.842,RANGE,STRONG_SELL_PREMIUM,RANGE,PREMIUM_SELL_RANGE,RANGE_DTE3_NEW_CYCLE_STRONG_SELL_CONTAINED_OR,19.49,1,67.7,HIGH,3,0,0,0,0,0,NO_TRADE,,entry_cooldown_8min_remaining,
11:58:44,23305.4,23267.7,23193.65,NARROW,23325.4,23193.65,0.848,RANGE,STRONG_SELL_PREMIUM,RANGE,PREMIUM_SELL_RANGE,RANGE_DTE3_NEW_CYCLE_STRONG_SELL_CONTAINED_OR,19.49,1,67.65,HIGH,3,0,0,0,0,0,NO_TRADE,,entry_cooldown_8min_remaining,
11:58:59,23309.0,23267.7,23193.65,NARROW,23325.4,23193.65,0.876,RANGE,STRONG_SELL_PREMIUM,RANGE,PREMIUM_SELL_RANGE,RANGE_DTE3_NEW_CYCLE_STRONG_SELL_CONTAINED_OR,19.49,1,67.6,HIGH,3,0,0,0,0,0,NO_TRADE,,entry_cooldown_8min_remaining,
11:59:14,23307.2,23267.7,23193.65,NARROW,23325.4,23193.65,0.862,RANGE,STRONG_SELL_PREMIUM,RANGE,PREMIUM_SELL_RANGE,RANGE_DTE3_NEW_CYCLE_STRONG_SELL_CONTAINED_OR,19.71,1,67.55,HIGH,3,0,0,0,0,0,NO_TRADE,,entry_cooldown_8min_remaining,
11:59:29,23307.75,23267.7,23193.65,NARROW,23325.4,23193.65,0.866,RANGE,STRONG_SELL_PREMIUM,RANGE,PREMIUM_SELL_RANGE,RANGE_DTE3_NEW_CYCLE_STRONG_SELL_CONTAINED_OR,19.71,1,67.49,HIGH,3,0,0,0,0,0,NO_TRADE,,entry_cooldown_7min_remaining,
11:59:44,23307.3,23267.7,23193.65,NARROW,23325.4,23193.65,0.863,RANGE,STRONG_SELL_PREMIUM,RANGE,PREMIUM_SELL_RANGE,RANGE_DTE3_NEW_CYCLE_STRONG_SELL_CONTAINED_OR,19.71,1,67.44,HIGH,3,0,0,0,0,0,NO_TRADE,,entry_cooldown_7min_remaining,
11:59:59,23314.9,23267.7,23193.65,NARROW,23325.4,23193.65,0.920,RANGE,STRONG_SELL_PREMIUM,RANGE,PREMIUM_SELL_RANGE,RANGE_DTE3_NEW_CYCLE_STRONG_SELL_CONTAINED_OR,19.71,1,67.39,HIGH,3,0,0,0,0,0,NO_TRADE,,entry_cooldown_7min_remaining,
12:00:15,23318.25,23267.7,23193.65,NARROW,23325.4,23193.65,0.946,RANGE,STRONG_SELL_PREMIUM,RANGE,PREMIUM_SELL_BEAR,RANGE_DTE3_NEW_CYCLE_STRONG_SELL_CONTAINED_OR,21.85,1,67.34,HIGH,3,0,1,0,0,0,NO_TRADE,,entry_cooldown_7min_remaining,
12:00:29,23318.1,23267.7,23193.65,NARROW,23325.4,23193.65,0.945,RANGE,STRONG_SELL_PREMIUM,RANGE,PREMIUM_SELL_BEAR,RANGE_DTE3_NEW_CYCLE_STRONG_SELL_CONTAINED_OR,21.85,1,67.29,HIGH,3,0,1,0,0,0,NO_TRADE,,entry_cooldown_6min_remaining,
12:00:44,23319.05,23267.7,23193.65,NARROW,23325.4,23193.65,0.952,UPTREND,STRONG_SELL_PREMIUM,RANGE,PREMIUM_SELL_BEAR,UPTREND_ADX_22_RANGE,21.85,1,67.24,HIGH,3,0,1,0,0,0,NO_TRADE,,entry_cooldown_6min_remaining,
12:00:59,23311.1,23267.7,23193.65,NARROW,23325.4,23193.65,0.891,UPTREND,STRONG_SELL_PREMIUM,RANGE,PREMIUM_SELL_BULL,UPTREND_ADX_22_RANGE,21.85,1,67.19,HIGH,3,0,0,0,0,0,NO_TRADE,,entry_cooldown_6min_remaining,
12:01:15,23314.3,23267.7,23193.65,NARROW,23325.4,23193.65,0.916,UPTREND,STRONG_SELL_PREMIUM,RANGE,PREMIUM_SELL_BEAR,UPTREND_ADX_22_RANGE,21.85,1,67.14,HIGH,3,0,1,0,0,0,NO_TRADE,,entry_cooldown_6min_remaining,
12:01:29,23312.3,23267.7,23193.65,NARROW,23325.4,23193.65,0.901,UPTREND,STRONG_SELL_PREMIUM,RANGE,PREMIUM_SELL_BULL,UPTREND_ADX_22_RANGE,21.85,1,67.09,HIGH,3,0,0,0,0,0,NO_TRADE,,entry_cooldown_5min_remaining,
12:01:45,23308.7,23267.7,23193.65,NARROW,23325.4,23193.65,0.873,UPTREND,STRONG_SELL_PREMIUM,RANGE,PREMIUM_SELL_BULL,UPTREND_ADX_22_RANGE,21.85,1,67.04,HIGH,3,0,0,0,0,0,NO_TRADE,,entry_cooldown_5min_remaining,
12:02:00,23306.35,23267.7,23193.65,NARROW,23325.4,23193.65,0.855,UPTREND,STRONG_SELL_PREMIUM,RANGE,PREMIUM_SELL_BULL,UPTREND_ADX_22_RANGE,21.85,1,66.99,HIGH,3,0,0,0,0,0,NO_TRADE,,entry_cooldown_5min_remaining,
12:02:15,23307.95,23267.7,23193.65,NARROW,23325.4,23193.65,0.868,UPTREND,STRONG_SELL_PREMIUM,RANGE,PREMIUM_SELL_BULL,UPTREND_ADX_22_RANGE,21.85,1,66.94,HIGH,3,0,0,0,0,0,NO_TRADE,,entry_cooldown_5min_remaining,
12:02:30,23306.95,23267.7,23193.65,NARROW,23325.4,23193.65,0.860,UPTREND,STRONG_SELL_PREMIUM,RANGE,PREMIUM_SELL_BULL,UPTREND_ADX_22_RANGE,21.85,1,66.89,HIGH,3,0,0,0,0,0,NO_TRADE,,entry_cooldown_4min_remaining,
12:02:45,23306.6,23267.7,23193.65,NARROW,23325.4,23193.65,0.857,UPTREND,STRONG_SELL_PREMIUM,RANGE,PREMIUM_SELL_BULL,UPTREND_ADX_22_RANGE,21.85,1,66.84,HIGH,3,0,0,0,0,0,NO_TRADE,,entry_cooldown_4min_remaining,
12:03:00,23306.95,23267.7,23193.65,NARROW,23325.4,23193.65,0.860,UPTREND,STRONG_SELL_PREMIUM,RANGE,PREMIUM_SELL_BULL,UPTREND_ADX_22_RANGE,21.85,1,66.79,HIGH,3,0,0,0,0,0,NO_TRADE,,entry_cooldown_4min_remaining,
12:03:15,23306.05,23267.7,23193.65,NARROW,23325.4,23193.65,0.853,UPTREND,STRONG_SELL_PREMIUM,RANGE,PREMIUM_SELL_BULL,UPTREND_ADX_22_RANGE,21.85,1,66.74,HIGH,3,0,0,0,0,0,NO_TRADE,,entry_cooldown_4min_remaining,
12:03:30,23302.55,23267.7,23193.65,NARROW,23325.4,23193.65,0.827,UPTREND,STRONG_SELL_PREMIUM,RANGE,PREMIUM_SELL_BULL,UPTREND_ADX_22_RANGE,21.85,1,66.69,HIGH,3,0,0,0,0,0,NO_TRADE,,entry_cooldown_3min_remaining,
12:03:45,23301.35,23267.7,23193.65,NARROW,23325.4,23193.65,0.817,UPTREND,STRONG_SELL_PREMIUM,RANGE,PREMIUM_SELL_BULL,UPTREND_ADX_22_RANGE,21.85,1,66.64,HIGH,3,0,0,0,0,0,NO_TRADE,,entry_cooldown_3min_remaining,
12:04:00,23298.7,23267.7,23193.65,NARROW,23325.4,23193.65,0.797,UPTREND,STRONG_SELL_PREMIUM,RANGE,PREMIUM_SELL_BULL,UPTREND_ADX_22_RANGE,21.85,1,66.59,HIGH,3,0,0,0,0,0,NO_TRADE,,entry_cooldown_3min_remaining,
12:04:15,23299.5,23267.7,23193.65,NARROW,23325.4,23193.65,0.803,UPTREND,STRONG_SELL_PREMIUM,RANGE,PREMIUM_SELL_BULL,UPTREND_ADX_22_RANGE,21.85,1,66.54,HIGH,3,0,0,0,0,0,NO_TRADE,,entry_cooldown_3min_remaining,
12:04:30,23299.25,23267.7,23193.65,NARROW,23325.4,23193.65,0.802,UPTREND,STRONG_SELL_PREMIUM,RANGE,PREMIUM_SELL_BULL,UPTREND_ADX_22_RANGE,21.85,1,66.49,HIGH,3,0,0,0,0,0,NO_TRADE,,entry_cooldown_2min_remaining,
12:04:45,23300.25,23267.7,23193.65,NARROW,23325.4,23193.65,0.809,UPTREND,STRONG_SELL_PREMIUM,RANGE,PREMIUM_SELL_BULL,UPTREND_ADX_22_RANGE,21.85,1,66.44,HIGH,3,0,0,0,0,0,NO_TRADE,,entry_cooldown_2min_remaining,
12:05:00,23300.0,23267.7,23193.65,NARROW,23325.4,23193.65,0.807,UPTREND,STRONG_SELL_PREMIUM,RANGE,PREMIUM_SELL_BULL,UPTREND_ADX_24_RANGE,23.77,1,66.39,HIGH,3,0,0,0,0,0,NO_TRADE,,entry_cooldown_2min_remaining,
12:05:15,23300.05,23267.7,23193.65,NARROW,23325.4,23193.65,0.808,UPTREND,STRONG_SELL_PREMIUM,RANGE,PREMIUM_SELL_BULL,UPTREND_ADX_24_RANGE,23.77,1,66.34,HIGH,3,0,0,0,0,0,NO_TRADE,,entry_cooldown_2min_remaining,
12:05:30,23298.45,23267.7,23193.65,NARROW,23325.4,23193.65,0.795,UPTREND,STRONG_SELL_PREMIUM,RANGE,PREMIUM_SELL_BULL,UPTREND_ADX_24_RANGE,23.77,1,66.29,HIGH,3,0,0,0,0,0,NO_TRADE,,entry_cooldown_1min_remaining,
12:05:45,23298.75,23267.7,23193.65,NARROW,23325.4,23193.65,0.798,UPTREND,STRONG_SELL_PREMIUM,RANGE,PREMIUM_SELL_BULL,UPTREND_ADX_24_RANGE,23.77,1,66.25,HIGH,3,0,0,0,0,0,NO_TRADE,,entry_cooldown_1min_remaining,
12:06:00,23301.2,23267.7,23193.65,NARROW,23325.4,23193.65,0.816,UPTREND,STRONG_SELL_PREMIUM,RANGE,PREMIUM_SELL_BULL,UPTREND_ADX_24_RANGE,23.77,1,66.2,HIGH,3,0,0,0,0,0,NO_TRADE,,entry_cooldown_1min_remaining,
12:06:15,23306.4,23267.7,23193.65,NARROW,23325.4,23193.65,0.856,UPTREND,STRONG_SELL_PREMIUM,RANGE,PREMIUM_SELL_BULL,UPTREND_ADX_24_RANGE,23.77,1,66.15,HIGH,3,0,0,0,0,0,NO_TRADE,,entry_cooldown_1min_remaining,
12:06:30,23311.85,23267.7,23193.65,NARROW,23325.4,23193.65,0.897,UPTREND,STRONG_SELL_PREMIUM,RANGE,PREMIUM_SELL_BULL,UPTREND_ADX_24_RANGE,23.77,1,66.1,HIGH,3,0,0,0,0,0,NO_TRADE,,entry_cooldown_0min_remaining,
12:06:45,23316.35,23267.7,23193.65,NARROW,23325.4,23193.65,0.931,UPTREND,STRONG_SELL_PREMIUM,RANGE,PREMIUM_SELL_BEAR,UPTREND_ADX_24_RANGE,23.77,1,66.05,HIGH,3,0,1,0,0,0,NO_TRADE,,entry_cooldown_0min_remaining,
12:07:00,23316.35,23267.7,23193.65,NARROW,23339.5,23193.65,0.841,UPTREND,STRONG_SELL_PREMIUM,RANGE,PREMIUM_SELL_BULL,UPTREND_ADX_25_RANGE,24.76,1,73.07,HIGH,3,0,0,0,0,0,NO_TRADE,,no_material_change_since_exit_18pts_lt_28pts_needed,
12:07:15,23334.35,23267.7,23193.65,NARROW,23339.5,23193.65,0.965,UPTREND,STRONG_SELL_PREMIUM,RANGE,PREMIUM_SELL_BEAR,UPTREND_ADX_25_RANGE,24.76,1,73.02,HIGH,3,0,1,0,0,0,NO_TRADE,,spot_velocity_too_fast_34pts_in_3min,
12:07:30,23338.55,23267.7,23193.65,NARROW,23339.5,23193.65,0.993,UPTREND,STRONG_SELL_PREMIUM,RANGE,PREMIUM_SELL_BEAR,UPTREND_ADX_25_RANGE,24.76,1,72.96,HIGH,3,0,1,0,0,0,NO_TRADE,,spot_velocity_too_fast_34pts_in_3min,
12:07:45,23332.35,23267.7,23193.65,NARROW,23339.5,23193.65,0.951,UPTREND,STRONG_SELL_PREMIUM,RANGE,PREMIUM_SELL_BEAR,UPTREND_ADX_25_RANGE,24.76,1,72.91,HIGH,3,0,1,0,0,0,NO_TRADE,,spot_velocity_too_fast_34pts_in_3min,
12:08:00,23334.3,23267.7,23193.65,NARROW,23339.5,23193.65,0.964,UPTREND,STRONG_SELL_PREMIUM,RANGE,PREMIUM_SELL_BEAR,UPTREND_ADX_25_RANGE,24.76,1,72.86,HIGH,3,0,1,0,0,0,ENTER,BEAR_CALL_SPREAD,regime:PREMIUM_SELL_BEAR:conf=HIGH:dte=3:adx=25:price=UPTREND,
12:08:15,23330.45,23267.7,23193.65,NARROW,23339.5,23193.65,0.938,UPTREND,STRONG_SELL_PREMIUM,RANGE,PREMIUM_SELL_BULL,UPTREND_ADX_25_RANGE,24.76,1,72.8,HIGH,3,0,0,0,0,0,,,,
12:08:30,23334.2,23267.7,23193.65,NARROW,23339.5,23193.65,0.964,UPTREND,STRONG_SELL_PREMIUM,RANGE,PREMIUM_SELL_BULL,UPTREND_ADX_25_RANGE,24.76,1,72.75,HIGH,3,0,0,0,0,0,,,,
12:08:45,23332.75,23267.7,23193.65,NARROW,23339.5,23193.65,0.954,UPTREND,STRONG_SELL_PREMIUM,RANGE,PREMIUM_SELL_BULL,UPTREND_ADX_25_RANGE,24.76,1,72.7,HIGH,3,0,0,0,0,0,,,,
12:09:00,23336.0,23267.7,23193.65,NARROW,23339.5,23193.65,0.976,UPTREND,STRONG_SELL_PREMIUM,RANGE,PREMIUM_SELL_BULL,UPTREND_ADX_25_RANGE,24.76,1,72.65,HIGH,3,0,0,0,0,0,,,,
12:09:15,23336.3,23267.7,23193.65,NARROW,23339.5,23193.65,0.978,UPTREND,STRONG_SELL_PREMIUM,RANGE,PREMIUM_SELL_BULL,UPTREND_ADX_25_RANGE,24.76,1,72.59,HIGH,3,0,0,0,0,0,,,,
12:09:30,23338.2,23267.7,23193.65,NARROW,23339.5,23193.65,0.991,UPTREND,STRONG_SELL_PREMIUM,RANGE,PREMIUM_SELL_BULL,UPTREND_ADX_25_RANGE,24.76,1,72.54,HIGH,3,0,0,0,0,0,,,,
12:09:45,23332.95,23267.7,23193.65,NARROW,23339.5,23193.65,0.955,UPTREND,STRONG_SELL_PREMIUM,RANGE,PREMIUM_SELL_BULL,UPTREND_ADX_25_RANGE,24.76,1,72.49,HIGH,3,0,0,0,0,0,,,,
12:10:00,23333.7,23267.7,23193.65,NARROW,23339.5,23193.65,0.960,UPTREND,STRONG_SELL_PREMIUM,RANGE,PREMIUM_SELL_BULL,UPTREND_ADX_27_RANGE,27.39,1,72.44,HIGH,3,0,0,0,0,0,,,,
12:10:15,23333.7,23267.7,23193.65,NARROW,23339.5,23193.65,0.960,UPTREND,STRONG_SELL_PREMIUM,RANGE,PREMIUM_SELL_BULL,UPTREND_ADX_27_RANGE,27.39,1,72.39,HIGH,3,0,0,0,0,0,,,,
12:10:30,23333.65,23267.7,23193.65,NARROW,23339.5,23193.65,0.960,UPTREND,STRONG_SELL_PREMIUM,RANGE,PREMIUM_SELL_BULL,UPTREND_ADX_27_RANGE,27.39,1,72.33,HIGH,3,0,0,0,0,0,,,,
12:10:45,23333.35,23267.7,23193.65,NARROW,23339.5,23193.65,0.958,UPTREND,STRONG_SELL_PREMIUM,RANGE,PREMIUM_SELL_BULL,UPTREND_ADX_27_RANGE,27.39,1,72.28,HIGH,3,0,0,0,0,0,,,,
12:11:00,23334.65,23267.7,23193.65,NARROW,23339.95,23193.65,0.964,UPTREND,STRONG_SELL_PREMIUM,RANGE,PREMIUM_SELL_BULL,UPTREND_ADX_27_RANGE,27.41,1,72.45,HIGH,3,0,0,0,0,0,,,,
12:11:15,23332.65,23267.7,23193.65,NARROW,23339.95,23193.65,0.950,UPTREND,STRONG_SELL_PREMIUM,RANGE,PREMIUM_SELL_BULL,UPTREND_ADX_27_RANGE,27.41,1,72.4,HIGH,3,0,0,0,0,0,,,,
12:11:30,23336.7,23267.7,23193.65,NARROW,23339.95,23193.65,0.978,UPTREND,STRONG_SELL_PREMIUM,RANGE,PREMIUM_SELL_BULL,UPTREND_ADX_27_RANGE,27.41,1,72.35,HIGH,3,0,0,0,0,0,,,,
12:11:46,23339.3,23267.7,23193.65,NARROW,23339.95,23193.65,0.996,UPTREND,STRONG_SELL_PREMIUM,RANGE,PREMIUM_SELL_BULL,UPTREND_ADX_27_RANGE,27.41,1,72.3,HIGH,3,0,0,0,0,0,,,,
12:12:01,23337.4,23267.7,23193.65,NARROW,23340.3,23193.65,0.980,UPTREND,STRONG_SELL_PREMIUM,RANGE,PREMIUM_SELL_BULL,UPTREND_ADX_27_RANGE,27.43,1,72.42,HIGH,3,0,0,0,0,0,,,,
12:12:16,23339.15,23267.7,23193.65,NARROW,23340.3,23193.65,0.992,UPTREND,STRONG_SELL_PREMIUM,RANGE,PREMIUM_SELL_BULL,UPTREND_ADX_27_RANGE,27.43,1,72.37,HIGH,3,0,0,0,0,0,,,,
12:12:31,23338.4,23267.7,23193.65,NARROW,23340.3,23193.65,0.987,UPTREND,STRONG_SELL_PREMIUM,RANGE,PREMIUM_SELL_BULL,UPTREND_ADX_27_RANGE,27.43,1,72.32,HIGH,3,0,0,0,0,0,,,,
12:12:46,23339.2,23267.7,23193.65,NARROW,23340.3,23193.65,0.992,UPTREND,STRONG_SELL_PREMIUM,RANGE,PREMIUM_SELL_BULL,UPTREND_ADX_27_RANGE,27.43,1,72.27,HIGH,3,0,0,0,0,0,,,,
12:13:01,23336.85,23267.7,23193.65,NARROW,23342.85,23193.65,0.960,UPTREND,STRONG_SELL_PREMIUM,RANGE,PREMIUM_SELL_BULL,UPTREND_ADX_28_RANGE,27.55,1,73.47,HIGH,3,0,0,0,0,0,,,,
12:13:16,23338.2,23267.7,23193.65,NARROW,23342.85,23193.65,0.969,UPTREND,STRONG_SELL_PREMIUM,RANGE,PREMIUM_SELL_BULL,UPTREND_ADX_28_RANGE,27.55,1,73.42,HIGH,3,0,0,0,0,0,,,,
12:13:31,23337.65,23267.7,23193.65,NARROW,23342.85,23193.65,0.965,UPTREND,STRONG_SELL_PREMIUM,RANGE,PREMIUM_SELL_BULL,UPTREND_ADX_28_RANGE,27.55,1,73.37,HIGH,3,0,0,0,0,0,,,,
12:13:46,23334.4,23267.7,23193.65,NARROW,23342.85,23193.65,0.943,UPTREND,STRONG_SELL_PREMIUM,RANGE,PREMIUM_SELL_BULL,UPTREND_ADX_28_RANGE,27.55,1,73.32,HIGH,3,0,0,0,0,0,,,,
12:14:01,23343.35,23267.7,23193.65,NARROW,23346.35,23193.65,0.980,UPTREND,STRONG_SELL_PREMIUM,RANGE,PREMIUM_SELL_BULL,UPTREND_ADX_28_RANGE,27.7,1,74.99,HIGH,3,0,0,0,0,0,,,,
12:14:16,23343.95,23267.7,23193.65,NARROW,23346.35,23193.65,0.984,UPTREND,STRONG_SELL_PREMIUM,RANGE,PREMIUM_SELL_BULL,UPTREND_ADX_28_RANGE,27.7,1,74.93,HIGH,3,0,0,0,0,0,,,,
12:14:31,23344.85,23267.7,23193.65,NARROW,23346.35,23193.65,0.990,UPTREND,STRONG_SELL_PREMIUM,RANGE,PREMIUM_SELL_BULL,UPTREND_ADX_28_RANGE,27.7,1,74.88,HIGH,3,0,0,0,0,0,,,,
12:14:46,23341.45,23267.7,23193.65,NARROW,23346.35,23193.65,0.968,UPTREND,STRONG_SELL_PREMIUM,RANGE,PREMIUM_SELL_BULL,UPTREND_ADX_28_RANGE,27.7,1,74.83,HIGH,3,0,0,0,0,0,,,,
12:15:01,23339.2,23267.7,23193.65,NARROW,23346.35,23193.65,0.953,UPTREND,STRONG_SELL_PREMIUM,RANGE,PREMIUM_SELL_BULL,UPTREND_ADX_28_RANGE,30.34,1,74.78,HIGH,3,0,1,0,0,0,,,,
12:15:16,23341.45,23267.7,23193.65,NARROW,23346.35,23193.65,0.968,UPTREND,STRONG_SELL_PREMIUM,RANGE,PREMIUM_SELL_BULL,UPTREND_ADX_28_RANGE,30.34,1,74.73,HIGH,3,0,1,0,0,0,,,,
12:15:31,23339.1,23267.7,23193.65,NARROW,23346.35,23193.65,0.953,UPTREND,STRONG_SELL_PREMIUM,STRONG_RANGE,PREMIUM_SELL_BEAR,AFTERNOON_DAY_HIGH_FADE_DTE3,30.34,1,74.67,HIGH,3,0,1,0,0,0,,,,
12:15:46,23336.2,23267.7,23193.65,NARROW,23346.35,23193.65,0.934,UPTREND,STRONG_SELL_PREMIUM,STRONG_RANGE,PREMIUM_SELL_BEAR,AFTERNOON_DAY_HIGH_FADE_DTE3,30.34,1,74.62,HIGH,3,0,1,0,0,0,,,,
12:16:01,23337.5,23267.7,23193.65,NARROW,23346.35,23193.65,0.942,UPTREND,STRONG_SELL_PREMIUM,STRONG_RANGE,PREMIUM_SELL_BEAR,AFTERNOON_DAY_HIGH_FADE_DTE3,30.34,1,74.57,HIGH,3,0,1,0,0,0,,,,
12:16:16,23337.65,23267.7,23193.65,NARROW,23346.35,23193.65,0.943,UPTREND,STRONG_SELL_PREMIUM,STRONG_RANGE,PREMIUM_SELL_BEAR,AFTERNOON_DAY_HIGH_FADE_DTE3,30.34,1,74.52,HIGH,3,0,1,0,0,0,,,,
12:16:31,23337.95,23267.7,23193.65,NARROW,23346.35,23193.65,0.945,UPTREND,STRONG_SELL_PREMIUM,STRONG_RANGE,PREMIUM_SELL_BEAR,AFTERNOON_DAY_HIGH_FADE_DTE3,30.34,1,74.47,HIGH,3,0,1,0,0,0,,,,
12:16:46,23338.5,23267.7,23193.65,NARROW,23346.35,23193.65,0.949,UPTREND,STRONG_SELL_PREMIUM,STRONG_RANGE,PREMIUM_SELL_BEAR,AFTERNOON_DAY_HIGH_FADE_DTE3,30.34,1,74.42,HIGH,3,0,1,0,0,0,,,,
12:17:01,23340.75,23267.7,23193.65,NARROW,23347.3,23193.65,0.957,UPTREND,STRONG_SELL_PREMIUM,STRONG_RANGE,PREMIUM_SELL_BEAR,AFTERNOON_DAY_HIGH_FADE_DTE3,30.39,1,74.83,HIGH,3,0,1,0,0,0,,,,
12:17:16,23343.55,23267.7,23193.65,NARROW,23347.3,23193.65,0.976,UPTREND,STRONG_SELL_PREMIUM,STRONG_RANGE,PREMIUM_SELL_BEAR,AFTERNOON_DAY_HIGH_FADE_DTE3,30.39,1,74.78,HIGH,3,0,1,0,0,0,,,,
12:17:31,23344.35,23267.7,23193.65,NARROW,23347.3,23193.65,0.981,UPTREND,STRONG_SELL_PREMIUM,STRONG_RANGE,PREMIUM_SELL_BEAR,AFTERNOON_DAY_HIGH_FADE_DTE3,30.39,1,74.72,HIGH,3,0,1,0,0,0,,,,
12:17:46,23344.35,23267.7,23193.65,NARROW,23347.3,23193.65,0.981,UPTREND,STRONG_SELL_PREMIUM,STRONG_RANGE,PREMIUM_SELL_BEAR,AFTERNOON_DAY_HIGH_FADE_DTE3,30.39,1,74.67,HIGH,3,0,1,0,0,0,,,,
12:18:01,23346.8,23267.7,23193.65,NARROW,23352.05,23193.65,0.967,UPTREND,STRONG_SELL_PREMIUM,STRONG_RANGE,PREMIUM_SELL_BEAR,AFTERNOON_DAY_HIGH_FADE_DTE3,30.6,1,76.93,HIGH,3,0,1,0,0,0,,,,
12:18:16,23349.2,23267.7,23193.65,NARROW,23352.05,23193.65,0.982,UPTREND,STRONG_SELL_PREMIUM,STRONG_RANGE,PREMIUM_SELL_BEAR,AFTERNOON_DAY_HIGH_FADE_DTE3,30.6,1,76.88,HIGH,3,0,1,0,0,0,,,,
12:18:31,23350.6,23267.7,23193.65,NARROW,23352.05,23193.65,0.991,UPTREND,STRONG_SELL_PREMIUM,STRONG_RANGE,PREMIUM_SELL_BEAR,AFTERNOON_DAY_HIGH_FADE_DTE3,30.6,1,76.82,HIGH,3,0,1,0,0,0,,,,
12:18:46,23348.5,23267.7,23193.65,NARROW,23352.05,23193.65,0.978,UPTREND,STRONG_SELL_PREMIUM,STRONG_RANGE,PREMIUM_SELL_BEAR,AFTERNOON_DAY_HIGH_FADE_DTE3,30.6,1,76.77,HIGH,3,0,1,0,0,0,,,,
12:19:01,23347.6,23267.7,23193.65,NARROW,23352.05,23193.65,0.972,UPTREND,STRONG_SELL_PREMIUM,STRONG_RANGE,PREMIUM_SELL_BEAR,AFTERNOON_DAY_HIGH_FADE_DTE3,30.6,1,76.72,HIGH,3,0,1,0,0,0,,,,
12:19:16,23347.9,23267.7,23193.65,NARROW,23352.05,23193.65,0.974,UPTREND,STRONG_SELL_PREMIUM,STRONG_RANGE,PREMIUM_SELL_BEAR,AFTERNOON_DAY_HIGH_FADE_DTE3,30.6,1,76.67,HIGH,3,0,1,0,0,0,,,,
12:19:31,23348.25,23267.7,23193.65,NARROW,23352.05,23193.65,0.976,UPTREND,STRONG_SELL_PREMIUM,STRONG_RANGE,PREMIUM_SELL_BEAR,AFTERNOON_DAY_HIGH_FADE_DTE3,30.6,1,76.61,HIGH,3,0,1,0,0,0,,,,
12:19:46,23346.45,23267.7,23193.65,NARROW,23352.05,23193.65,0.965,UPTREND,STRONG_SELL_PREMIUM,STRONG_RANGE,PREMIUM_SELL_BEAR,AFTERNOON_DAY_HIGH_FADE_DTE3,30.6,1,76.56,HIGH,3,0,1,0,0,0,,,,
12:20:02,23347.05,23267.7,23193.65,NARROW,23352.05,23193.65,0.968,UPTREND,STRONG_SELL_PREMIUM,STRONG_RANGE,PREMIUM_SELL_BEAR,AFTERNOON_DAY_HIGH_FADE_DTE3,33.2,1,76.51,HIGH,3,0,1,0,0,0,,,,
12:20:16,23347.35,23267.7,23193.65,NARROW,23352.05,23193.65,0.970,UPTREND,STRONG_SELL_PREMIUM,STRONG_RANGE,PREMIUM_SELL_BEAR,AFTERNOON_DAY_HIGH_FADE_DTE3,33.2,1,76.46,HIGH,3,0,1,0,0,0,,,,
12:20:32,23346.45,23267.7,23193.65,NARROW,23352.05,23193.65,0.965,UPTREND,STRONG_SELL_PREMIUM,STRONG_RANGE,PREMIUM_SELL_BEAR,AFTERNOON_DAY_HIGH_FADE_DTE3,33.2,1,76.41,HIGH,3,0,1,0,0,0,,,,
12:20:47,23346.05,23267.7,23193.65,NARROW,23352.05,23193.65,0.962,UPTREND,STRONG_SELL_PREMIUM,STRONG_RANGE,PREMIUM_SELL_BEAR,AFTERNOON_DAY_HIGH_FADE_DTE3,33.2,1,76.36,HIGH,3,0,1,0,0,0,,,,
12:21:02,23345.6,23267.7,23193.65,NARROW,23352.05,23193.65,0.959,UPTREND,STRONG_SELL_PREMIUM,STRONG_RANGE,PREMIUM_SELL_BEAR,AFTERNOON_DAY_HIGH_FADE_DTE3,33.2,1,76.3,HIGH,3,0,1,0,0,0,,,,
12:21:17,23346.35,23267.7,23193.65,NARROW,23352.05,23193.65,0.964,UPTREND,STRONG_SELL_PREMIUM,STRONG_RANGE,PREMIUM_SELL_BEAR,AFTERNOON_DAY_HIGH_FADE_DTE3,33.2,1,76.25,HIGH,3,0,1,0,0,0,,,,
12:21:32,23348.05,23267.7,23193.65,NARROW,23352.05,23193.65,0.975,UPTREND,STRONG_SELL_PREMIUM,STRONG_RANGE,PREMIUM_SELL_BEAR,AFTERNOON_DAY_HIGH_FADE_DTE3,33.2,1,76.2,HIGH,3,0,1,0,0,0,,,,
12:21:47,23346.55,23267.7,23193.65,NARROW,23352.05,23193.65,0.965,UPTREND,STRONG_SELL_PREMIUM,STRONG_RANGE,PREMIUM_SELL_BEAR,AFTERNOON_DAY_HIGH_FADE_DTE3,33.2,1,76.15,HIGH,3,0,1,0,0,0,,,,
12:22:02,23347.35,23267.7,23193.65,NARROW,23355.55,23193.65,0.949,UPTREND,STRONG_SELL_PREMIUM,STRONG_RANGE,PREMIUM_SELL_BEAR,AFTERNOON_DAY_HIGH_FADE_DTE3,33.36,1,77.78,HIGH,3,0,1,0,0,0,,,,
12:22:17,23347.25,23267.7,23193.65,NARROW,23355.55,23193.65,0.949,UPTREND,STRONG_SELL_PREMIUM,STRONG_RANGE,PREMIUM_SELL_BEAR,AFTERNOON_DAY_HIGH_FADE_DTE3,33.36,1,77.73,HIGH,3,0,1,0,0,0,,,,
12:22:32,23348.2,23267.7,23193.65,NARROW,23355.55,23193.65,0.955,UPTREND,STRONG_SELL_PREMIUM,STRONG_RANGE,PREMIUM_SELL_BEAR,AFTERNOON_DAY_HIGH_FADE_DTE3,33.36,1,77.68,HIGH,3,0,1,0,0,0,,,,
12:22:47,23353.0,23267.7,23193.65,NARROW,23355.55,23193.65,0.984,UPTREND,STRONG_SELL_PREMIUM,STRONG_RANGE,PREMIUM_SELL_BEAR,AFTERNOON_DAY_HIGH_FADE_DTE3,33.36,1,77.62,HIGH,3,0,1,0,0,0,,,,
12:23:02,23356.15,23267.7,23193.65,NARROW,23363.55,23193.65,0.956,UPTREND,STRONG_SELL_PREMIUM,STRONG_RANGE,PREMIUM_SELL_BEAR,AFTERNOON_DAY_HIGH_FADE_DTE3,33.68,1,81.41,HIGH,3,0,1,0,0,0,,,,
12:23:17,23360.15,23267.7,23193.65,NARROW,23363.55,23193.65,0.980,UPTREND,STRONG_SELL_PREMIUM,STRONG_RANGE,PREMIUM_SELL_BEAR,AFTERNOON_DAY_HIGH_FADE_DTE3,33.68,1,81.35,HIGH,3,0,1,0,0,0,,,,
12:23:32,23360.65,23267.7,23193.65,NARROW,23363.55,23193.65,0.983,UPTREND,STRONG_SELL_PREMIUM,STRONG_RANGE,PREMIUM_SELL_BEAR,AFTERNOON_DAY_HIGH_FADE_DTE3,33.68,1,81.3,HIGH,3,0,1,0,0,0,,,,
12:23:48,23360.55,23267.7,23193.65,NARROW,23363.55,23193.65,0.982,UPTREND,STRONG_SELL_PREMIUM,STRONG_RANGE,PREMIUM_SELL_BEAR,AFTERNOON_DAY_HIGH_FADE_DTE3,33.68,1,81.24,HIGH,3,0,1,0,0,0,,,,
12:24:02,23360.1,23267.7,23193.65,NARROW,23363.55,23193.65,0.980,UPTREND,STRONG_SELL_PREMIUM,STRONG_RANGE,PREMIUM_SELL_BEAR,AFTERNOON_DAY_HIGH_FADE_DTE3,33.68,1,81.19,HIGH,3,0,1,0,0,0,,,,
12:24:18,23356.0,23267.7,23193.65,NARROW,23363.55,23193.65,0.956,UPTREND,STRONG_SELL_PREMIUM,STRONG_RANGE,PREMIUM_SELL_BEAR,AFTERNOON_DAY_HIGH_FADE_DTE3,33.68,1,81.14,HIGH,3,0,1,0,0,0,,,,
12:24:33,23354.0,23267.7,23193.65,NARROW,23363.55,23193.65,0.944,UPTREND,STRONG_SELL_PREMIUM,STRONG_RANGE,PREMIUM_SELL_BEAR,AFTERNOON_DAY_HIGH_FADE_DTE3,33.68,1,81.08,HIGH,3,0,1,0,0,0,,,,
12:24:48,23353.5,23267.7,23193.65,NARROW,23363.55,23193.65,0.941,UPTREND,STRONG_SELL_PREMIUM,STRONG_RANGE,PREMIUM_SELL_BEAR,AFTERNOON_DAY_HIGH_FADE_DTE3,33.68,1,81.03,HIGH,3,0,1,0,0,0,,,,
12:25:03,23352.6,23267.7,23193.65,NARROW,23363.55,23193.65,0.936,UPTREND,STRONG_SELL_PREMIUM,STRONG_RANGE,PREMIUM_SELL_BEAR,AFTERNOON_DAY_HIGH_FADE_DTE3,36.46,1,80.97,HIGH,3,0,1,0,0,0,,,,
12:25:18,23351.5,23267.7,23193.65,NARROW,23363.55,23193.65,0.929,UPTREND,STRONG_SELL_PREMIUM,STRONG_RANGE,PREMIUM_SELL_BEAR,AFTERNOON_DAY_HIGH_FADE_DTE3,36.46,1,80.92,HIGH,3,0,1,0,0,0,,,,
12:25:33,23353.2,23267.7,23193.65,NARROW,23363.55,23193.65,0.939,UPTREND,STRONG_SELL_PREMIUM,STRONG_RANGE,PREMIUM_SELL_BEAR,AFTERNOON_DAY_HIGH_FADE_DTE3,36.46,1,80.87,HIGH,3,0,1,0,0,0,,,,
12:25:48,23350.3,23267.7,23193.65,NARROW,23363.55,23193.65,0.922,UPTREND,STRONG_SELL_PREMIUM,STRONG_RANGE,PREMIUM_SELL_BEAR,AFTERNOON_DAY_HIGH_FADE_DTE3,36.46,1,80.82,HIGH,3,0,1,0,0,0,,,,
12:26:03,23350.9,23267.7,23193.65,NARROW,23363.55,23193.65,0.926,UPTREND,STRONG_SELL_PREMIUM,STRONG_RANGE,PREMIUM_SELL_BEAR,AFTERNOON_DAY_HIGH_FADE_DTE3,36.38,1,80.76,HIGH,3,0,1,0,0,0,,,,
12:26:18,23348.05,23267.7,23193.65,NARROW,23363.55,23193.65,0.909,UPTREND,STRONG_SELL_PREMIUM,STRONG_RANGE,PREMIUM_SELL_BEAR,AFTERNOON_DAY_HIGH_FADE_DTE3,36.38,1,80.71,HIGH,3,0,1,0,0,0,,,,
12:26:33,23347.95,23267.7,23193.65,NARROW,23363.55,23193.65,0.908,UPTREND,STRONG_SELL_PREMIUM,STRONG_RANGE,PREMIUM_SELL_BEAR,AFTERNOON_DAY_HIGH_FADE_DTE3,36.38,1,80.66,HIGH,3,0,1,0,0,0,,,,
12:26:48,23346.05,23267.7,23193.65,NARROW,23363.55,23193.65,0.897,UPTREND,STRONG_SELL_PREMIUM,STRONG_RANGE,PREMIUM_SELL_BEAR,AFTERNOON_DAY_HIGH_FADE_DTE3,36.38,1,80.6,HIGH,3,0,1,0,0,0,,,,
12:27:03,23344.6,23267.7,23193.65,NARROW,23363.55,23193.65,0.888,UPTREND,STRONG_SELL_PREMIUM,STRONG_RANGE,PREMIUM_SELL_BEAR,AFTERNOON_DAY_HIGH_FADE_DTE3,35.99,1,80.55,HIGH,3,0,1,0,0,0,,,,
12:27:18,23343.35,23267.7,23193.65,NARROW,23363.55,23193.65,0.881,UPTREND,STRONG_SELL_PREMIUM,STRONG_RANGE,PREMIUM_SELL_BEAR,AFTERNOON_DAY_HIGH_FADE_DTE3,35.99,1,80.5,HIGH,3,0,1,0,0,0,,,,
12:27:33,23346.7,23267.7,23193.65,NARROW,23363.55,23193.65,0.901,UPTREND,STRONG_SELL_PREMIUM,STRONG_RANGE,PREMIUM_SELL_BEAR,AFTERNOON_DAY_HIGH_FADE_DTE3,35.99,1,80.45,HIGH,3,0,1,0,0,0,,,,
12:27:48,23344.25,23267.7,23193.65,NARROW,23363.55,23193.65,0.886,UPTREND,STRONG_SELL_PREMIUM,STRONG_RANGE,PREMIUM_SELL_BEAR,AFTERNOON_DAY_HIGH_FADE_DTE3,35.99,1,80.39,HIGH,3,0,1,0,0,0,,,,
12:28:03,23343.8,23267.7,23193.65,NARROW,23363.55,23193.65,0.884,UPTREND,STRONG_SELL_PREMIUM,STRONG_RANGE,PREMIUM_SELL_BEAR,AFTERNOON_DAY_HIGH_FADE_DTE3,35.99,1,80.34,HIGH,3,0,1,0,0,0,,,,
12:28:18,23344.55,23267.7,23193.65,NARROW,23363.55,23193.65,0.888,UPTREND,STRONG_SELL_PREMIUM,STRONG_RANGE,PREMIUM_SELL_BEAR,AFTERNOON_DAY_HIGH_FADE_DTE3,35.99,1,80.29,HIGH,3,0,1,0,0,0,,,,
12:28:33,23345.35,23267.7,23193.65,NARROW,23363.55,23193.65,0.893,UPTREND,STRONG_SELL_PREMIUM,STRONG_RANGE,PREMIUM_SELL_BEAR,AFTERNOON_DAY_HIGH_FADE_DTE3,35.99,1,80.24,HIGH,3,0,1,0,0,0,,,,
12:28:48,23344.65,23267.7,23193.65,NARROW,23363.55,23193.65,0.889,UPTREND,STRONG_SELL_PREMIUM,STRONG_RANGE,PREMIUM_SELL_BEAR,AFTERNOON_DAY_HIGH_FADE_DTE3,35.99,1,80.19,HIGH,3,0,1,0,0,0,,,,
12:29:03,23345.85,23267.7,23193.65,NARROW,23363.55,23193.65,0.896,UPTREND,STRONG_SELL_PREMIUM,STRONG_RANGE,PREMIUM_SELL_BEAR,AFTERNOON_DAY_HIGH_FADE_DTE3,35.99,1,80.13,HIGH,3,0,1,0,0,0,,,,
12:29:18,23344.95,23267.7,23193.65,NARROW,23363.55,23193.65,0.891,UPTREND,STRONG_SELL_PREMIUM,STRONG_RANGE,PREMIUM_SELL_BEAR,AFTERNOON_DAY_HIGH_FADE_DTE3,35.99,1,80.08,HIGH,3,0,1,0,0,0,,,,
12:29:33,23347.3,23267.7,23193.65,NARROW,23363.55,23193.65,0.904,UPTREND,STRONG_SELL_PREMIUM,STRONG_RANGE,PREMIUM_SELL_BEAR,AFTERNOON_DAY_HIGH_FADE_DTE3,35.99,1,80.03,HIGH,3,0,1,0,0,0,,,,
12:29:48,23346.5,23267.7,23193.65,NARROW,23363.55,23193.65,0.900,UPTREND,STRONG_SELL_PREMIUM,STRONG_RANGE,PREMIUM_SELL_BEAR,AFTERNOON_DAY_HIGH_FADE_DTE3,35.99,1,79.98,HIGH,3,0,1,0,0,0,,,,
12:30:03,23347.25,23267.7,23193.65,NARROW,23363.55,23193.65,0.904,UPTREND,STRONG_SELL_PREMIUM,STRONG_RANGE,PREMIUM_SELL_BEAR,AFTERNOON_DAY_HIGH_FADE_DTE3,38.07,1,79.93,HIGH,3,0,1,0,0,0,,,,
12:30:18,23344.25,23267.7,23193.65,NARROW,23363.55,23193.65,0.886,UPTREND,STRONG_SELL_PREMIUM,STRONG_RANGE,PREMIUM_SELL_BEAR,AFTERNOON_DAY_HIGH_FADE_DTE3,38.07,1,79.88,HIGH,3,0,1,0,0,0,,,,
12:30:33,23347.6,23267.7,23193.65,NARROW,23363.55,23193.65,0.906,UPTREND,STRONG_SELL_PREMIUM,STRONG_RANGE,PREMIUM_SELL_BEAR,AFTERNOON_DAY_HIGH_FADE_DTE3,38.07,1,79.83,HIGH,3,0,1,0,0,0,,,,
12:30:48,23346.35,23267.7,23193.65,NARROW,23363.55,23193.65,0.899,UPTREND,STRONG_SELL_PREMIUM,STRONG_RANGE,PREMIUM_SELL_BEAR,AFTERNOON_DAY_HIGH_FADE_DTE3,38.07,1,79.77,HIGH,3,0,1,0,0,0,,,,
12:31:03,23343.4,23267.7,23193.65,NARROW,23363.55,23193.65,0.881,UPTREND,STRONG_SELL_PREMIUM,STRONG_RANGE,PREMIUM_SELL_BEAR,AFTERNOON_DAY_HIGH_FADE_DTE3,37.44,1,79.72,HIGH,3,0,1,0,0,0,,,,
12:31:18,23340.1,23267.7,23193.65,NARROW,23363.55,23193.65,0.862,UPTREND,STRONG_SELL_PREMIUM,STRONG_RANGE,PREMIUM_SELL_BEAR,AFTERNOON_DAY_HIGH_FADE_DTE3,37.44,1,79.67,HIGH,3,0,1,0,0,0,,,,
12:31:33,23339.2,23267.7,23193.65,NARROW,23363.55,23193.65,0.857,UPTREND,STRONG_SELL_PREMIUM,STRONG_RANGE,PREMIUM_SELL_BEAR,AFTERNOON_DAY_HIGH_FADE_DTE3,37.44,1,79.62,HIGH,3,0,1,0,0,0,,,,
12:31:48,23339.45,23267.7,23193.65,NARROW,23363.55,23193.65,0.858,UPTREND,STRONG_SELL_PREMIUM,STRONG_RANGE,PREMIUM_SELL_BEAR,AFTERNOON_DAY_HIGH_FADE_DTE3,37.44,1,79.57,HIGH,3,0,1,0,0,0,,,,
12:32:04,23341.15,23267.7,23193.65,NARROW,23363.55,23193.65,0.868,UPTREND,STRONG_SELL_PREMIUM,STRONG_RANGE,PREMIUM_SELL_BEAR,AFTERNOON_DAY_HIGH_FADE_DTE3,37.44,1,79.52,HIGH,3,0,1,0,0,0,,,,
12:32:19,23341.75,23267.7,23193.65,NARROW,23363.55,23193.65,0.872,UPTREND,STRONG_SELL_PREMIUM,STRONG_RANGE,PREMIUM_SELL_BEAR,AFTERNOON_DAY_HIGH_FADE_DTE3,37.44,1,79.47,HIGH,3,0,1,0,0,0,,,,
12:32:34,23344.1,23267.7,23193.65,NARROW,23363.55,23193.65,0.886,UPTREND,STRONG_SELL_PREMIUM,STRONG_RANGE,PREMIUM_SELL_BEAR,AFTERNOON_DAY_HIGH_FADE_DTE3,37.44,1,79.42,HIGH,3,0,1,0,0,0,,,,
12:32:49,23343.45,23267.7,23193.65,NARROW,23363.55,23193.65,0.882,UPTREND,STRONG_SELL_PREMIUM,STRONG_RANGE,PREMIUM_SELL_BEAR,AFTERNOON_DAY_HIGH_FADE_DTE3,37.44,1,79.37,HIGH,3,0,1,0,0,0,,,,
12:33:04,23343.3,23267.7,23193.65,NARROW,23363.55,23193.65,0.881,UPTREND,STRONG_SELL_PREMIUM,STRONG_RANGE,PREMIUM_SELL_BEAR,AFTERNOON_DAY_HIGH_FADE_DTE3,37.44,1,79.32,HIGH,3,0,1,0,0,0,,,,
12:33:19,23344.05,23267.7,23193.65,NARROW,23363.55,23193.65,0.885,UPTREND,STRONG_SELL_PREMIUM,STRONG_RANGE,PREMIUM_SELL_BEAR,AFTERNOON_DAY_HIGH_FADE_DTE3,37.44,1,79.27,HIGH,3,0,1,0,0,0,,,,
12:33:34,23346.1,23267.7,23193.65,NARROW,23363.55,23193.65,0.897,UPTREND,STRONG_SELL_PREMIUM,STRONG_RANGE,PREMIUM_SELL_BEAR,AFTERNOON_DAY_HIGH_FADE_DTE3,37.44,1,79.22,HIGH,3,0,1,0,0,0,,,,
12:33:49,23347.4,23267.7,23193.65,NARROW,23363.55,23193.65,0.905,UPTREND,STRONG_SELL_PREMIUM,STRONG_RANGE,PREMIUM_SELL_BEAR,AFTERNOON_DAY_HIGH_FADE_DTE3,37.44,1,79.17,HIGH,3,0,1,0,0,0,,,,
12:34:04,23347.9,23267.7,23193.65,NARROW,23363.55,23193.65,0.908,UPTREND,STRONG_SELL_PREMIUM,STRONG_RANGE,PREMIUM_SELL_BEAR,AFTERNOON_DAY_HIGH_FADE_DTE3,37.44,1,79.12,HIGH,3,0,1,0,0,0,,,,
12:34:19,23347.5,23267.7,23193.65,NARROW,23363.55,23193.65,0.906,UPTREND,STRONG_SELL_PREMIUM,STRONG_RANGE,PREMIUM_SELL_BEAR,AFTERNOON_DAY_HIGH_FADE_DTE3,37.44,1,79.07,HIGH,3,0,1,0,0,0,,,,
12:34:34,23346.7,23267.7,23193.65,NARROW,23363.55,23193.65,0.901,UPTREND,STRONG_SELL_PREMIUM,STRONG_RANGE,PREMIUM_SELL_BEAR,AFTERNOON_DAY_HIGH_FADE_DTE3,37.44,1,79.02,HIGH,3,0,1,0,0,0,,,,
12:34:49,23345.45,23267.7,23193.65,NARROW,23363.55,23193.65,0.893,UPTREND,STRONG_SELL_PREMIUM,STRONG_RANGE,PREMIUM_SELL_BEAR,AFTERNOON_DAY_HIGH_FADE_DTE3,37.44,1,78.97,HIGH,3,0,1,0,0,0,,,,
12:35:04,23346.8,23267.7,23193.65,NARROW,23363.55,23193.65,0.901,UPTREND,STRONG_SELL_PREMIUM,STRONG_RANGE,PREMIUM_SELL_BEAR,AFTERNOON_DAY_HIGH_FADE_DTE3,38.87,1,78.92,HIGH,3,0,1,0,0,0,,,,
12:35:19,23347.15,23267.7,23193.65,NARROW,23363.55,23193.65,0.903,UPTREND,STRONG_SELL_PREMIUM,STRONG_RANGE,PREMIUM_SELL_BEAR,AFTERNOON_DAY_HIGH_FADE_DTE3,38.87,1,78.87,HIGH,3,0,1,0,0,0,,,,
12:35:34,23350.15,23267.7,23193.65,NARROW,23363.55,23193.65,0.921,UPTREND,STRONG_SELL_PREMIUM,STRONG_RANGE,PREMIUM_SELL_BEAR,AFTERNOON_DAY_HIGH_FADE_DTE3,38.87,1,78.82,HIGH,3,0,1,0,0,0,,,,
12:35:49,23349.0,23267.7,23193.65,NARROW,23363.55,23193.65,0.914,UPTREND,STRONG_SELL_PREMIUM,STRONG_RANGE,PREMIUM_SELL_BEAR,AFTERNOON_DAY_HIGH_FADE_DTE3,38.87,1,78.77,HIGH,3,0,1,0,0,0,,,,
12:36:04,23349.85,23267.7,23193.65,NARROW,23363.55,23193.65,0.919,UPTREND,STRONG_SELL_PREMIUM,STRONG_RANGE,PREMIUM_SELL_BEAR,AFTERNOON_DAY_HIGH_FADE_DTE3,39.0,1,78.72,HIGH,3,0,1,0,0,0,,,,
12:36:19,23350.45,23267.7,23193.65,NARROW,23363.55,23193.65,0.923,UPTREND,STRONG_SELL_PREMIUM,STRONG_RANGE,PREMIUM_SELL_BEAR,AFTERNOON_DAY_HIGH_FADE_DTE3,39.0,1,78.68,HIGH,3,0,1,0,0,0,,,,
12:36:34,23351.7,23267.7,23193.65,NARROW,23363.55,23193.65,0.930,UPTREND,STRONG_SELL_PREMIUM,STRONG_RANGE,PREMIUM_SELL_BEAR,AFTERNOON_DAY_HIGH_FADE_DTE3,39.0,1,78.63,HIGH,3,0,1,0,0,0,,,,
12:36:49,23352.75,23267.7,23193.65,NARROW,23363.55,23193.65,0.936,UPTREND,STRONG_SELL_PREMIUM,STRONG_RANGE,PREMIUM_SELL_BEAR,AFTERNOON_DAY_HIGH_FADE_DTE3,39.0,1,78.58,HIGH,3,0,1,0,0,0,,,,
12:37:04,23353.7,23267.7,23193.65,NARROW,23363.55,23193.65,0.942,UPTREND,STRONG_SELL_PREMIUM,STRONG_RANGE,PREMIUM_SELL_BEAR,AFTERNOON_DAY_HIGH_FADE_DTE3,39.27,1,78.53,HIGH,3,0,1,0,0,0,,,,
12:37:19,23355.5,23267.7,23193.65,NARROW,23363.55,23193.65,0.953,UPTREND,STRONG_SELL_PREMIUM,STRONG_RANGE,PREMIUM_SELL_BEAR,AFTERNOON_DAY_HIGH_FADE_DTE3,39.27,1,78.48,HIGH,3,0,1,0,0,0,,,,
12:37:34,23356.95,23267.7,23193.65,NARROW,23363.55,23193.65,0.961,UPTREND,STRONG_SELL_PREMIUM,STRONG_RANGE,PREMIUM_SELL_BEAR,AFTERNOON_DAY_HIGH_FADE_DTE3,39.27,1,78.43,HIGH,3,0,1,0,0,0,,,,
12:37:49,23356.8,23267.7,23193.65,NARROW,23363.55,23193.65,0.960,UPTREND,STRONG_SELL_PREMIUM,STRONG_RANGE,PREMIUM_SELL_BEAR,AFTERNOON_DAY_HIGH_FADE_DTE3,39.27,1,78.38,HIGH,3,0,1,0,0,0,,,,
12:38:04,23358.45,23267.7,23193.65,NARROW,23363.55,23193.65,0.970,UPTREND,STRONG_SELL_PREMIUM,STRONG_RANGE,PREMIUM_SELL_BEAR,AFTERNOON_DAY_HIGH_FADE_DTE3,39.35,1,78.34,HIGH,3,0,1,0,0,0,,,,
12:38:19,23358.25,23267.7,23193.65,NARROW,23363.55,23193.65,0.969,UPTREND,STRONG_SELL_PREMIUM,STRONG_RANGE,PREMIUM_SELL_BEAR,AFTERNOON_DAY_HIGH_FADE_DTE3,39.35,1,78.29,HIGH,3,0,1,0,0,0,,,,
12:38:34,23358.85,23267.7,23193.65,NARROW,23363.55,23193.65,0.972,UPTREND,STRONG_SELL_PREMIUM,STRONG_RANGE,PREMIUM_SELL_BEAR,AFTERNOON_DAY_HIGH_FADE_DTE3,39.35,1,78.24,HIGH,3,0,1,0,0,0,,,,
12:38:49,23359.05,23267.7,23193.65,NARROW,23363.55,23193.65,0.974,UPTREND,STRONG_SELL_PREMIUM,STRONG_RANGE,PREMIUM_SELL_BEAR,AFTERNOON_DAY_HIGH_FADE_DTE3,39.35,1,78.19,HIGH,3,0,1,0,0,0,,,,
12:39:04,23359.1,23267.7,23193.65,NARROW,23363.55,23193.65,0.974,UPTREND,STRONG_SELL_PREMIUM,STRONG_RANGE,PREMIUM_SELL_BEAR,AFTERNOON_DAY_HIGH_FADE_DTE3,39.35,1,78.14,HIGH,3,0,1,0,0,0,,,,
12:39:19,23357.95,23267.7,23193.65,NARROW,23363.55,23193.65,0.967,UPTREND,STRONG_SELL_PREMIUM,STRONG_RANGE,PREMIUM_SELL_BEAR,AFTERNOON_DAY_HIGH_FADE_DTE3,39.35,1,78.09,HIGH,3,0,1,0,0,0,,,,
12:39:34,23356.45,23267.7,23193.65,NARROW,23363.55,23193.65,0.958,UPTREND,STRONG_SELL_PREMIUM,STRONG_RANGE,PREMIUM_SELL_BEAR,AFTERNOON_DAY_HIGH_FADE_DTE3,39.35,1,78.05,HIGH,3,0,1,0,0,0,,,,
12:39:49,23356.65,23267.7,23193.65,NARROW,23363.55,23193.65,0.959,UPTREND,STRONG_SELL_PREMIUM,STRONG_RANGE,PREMIUM_SELL_BEAR,AFTERNOON_DAY_HIGH_FADE_DTE3,39.35,1,78.0,HIGH,3,0,1,0,0,0,,,,
12:40:04,23357.45,23267.7,23193.65,NARROW,23363.55,23193.65,0.964,UPTREND,STRONG_SELL_PREMIUM,STRONG_RANGE,PREMIUM_SELL_BEAR,AFTERNOON_DAY_HIGH_FADE_DTE3,41.06,1,77.95,HIGH,3,0,1,0,0,0,,,,
12:40:19,23358.8,23267.7,23193.65,NARROW,23363.55,23193.65,0.972,UPTREND,STRONG_SELL_PREMIUM,STRONG_RANGE,PREMIUM_SELL_BEAR,AFTERNOON_DAY_HIGH_FADE_DTE3,41.06,1,77.9,HIGH,3,0,1,0,0,0,,,,
12:40:35,23357.45,23267.7,23193.65,NARROW,23363.55,23193.65,0.964,UPTREND,STRONG_SELL_PREMIUM,STRONG_RANGE,PREMIUM_SELL_BEAR,AFTERNOON_DAY_HIGH_FADE_DTE3,41.06,1,77.86,HIGH,3,0,1,0,0,0,,,,
12:40:49,23356.25,23267.7,23193.65,NARROW,23363.55,23193.65,0.957,UPTREND,STRONG_SELL_PREMIUM,STRONG_RANGE,PREMIUM_SELL_BEAR,AFTERNOON_DAY_HIGH_FADE_DTE3,41.06,1,77.81,HIGH,3,0,1,0,0,0,,,,
12:41:04,23358.9,23267.7,23193.65,NARROW,23363.55,23193.65,0.973,UPTREND,STRONG_SELL_PREMIUM,STRONG_RANGE,PREMIUM_SELL_BEAR,AFTERNOON_DAY_HIGH_FADE_DTE3,41.06,1,77.76,HIGH,3,0,1,0,0,0,,,,
12:41:19,23357.8,23267.7,23193.65,NARROW,23363.55,23193.65,0.966,UPTREND,STRONG_SELL_PREMIUM,STRONG_RANGE,PREMIUM_SELL_BEAR,AFTERNOON_DAY_HIGH_FADE_DTE3,41.06,1,77.71,HIGH,3,0,1,0,0,0,,,,
12:41:34,23359.2,23267.7,23193.65,NARROW,23363.55,23193.65,0.974,UPTREND,STRONG_SELL_PREMIUM,STRONG_RANGE,PREMIUM_SELL_BEAR,AFTERNOON_DAY_HIGH_FADE_DTE3,41.06,1,77.67,HIGH,3,0,1,0,0,0,,,,
12:41:50,23358.2,23267.7,23193.65,NARROW,23363.55,23193.65,0.969,UPTREND,STRONG_SELL_PREMIUM,STRONG_RANGE,PREMIUM_SELL_BEAR,AFTERNOON_DAY_HIGH_FADE_DTE3,41.06,1,77.62,HIGH,3,0,1,0,0,0,,,,
12:42:05,23357.9,23267.7,23193.65,NARROW,23363.55,23193.65,0.967,UPTREND,STRONG_SELL_PREMIUM,STRONG_RANGE,PREMIUM_SELL_BEAR,AFTERNOON_DAY_HIGH_FADE_DTE3,41.06,1,77.57,HIGH,3,0,1,0,0,0,,,,
12:42:19,23358.7,23267.7,23193.65,NARROW,23363.55,23193.65,0.971,UPTREND,STRONG_SELL_PREMIUM,STRONG_RANGE,PREMIUM_SELL_BEAR,AFTERNOON_DAY_HIGH_FADE_DTE3,41.06,1,77.53,HIGH,3,0,1,0,0,0,,,,
12:42:35,23358.25,23267.7,23193.65,NARROW,23363.55,23193.65,0.969,UPTREND,STRONG_SELL_PREMIUM,STRONG_RANGE,PREMIUM_SELL_BEAR,AFTERNOON_DAY_HIGH_FADE_DTE3,41.06,1,77.48,HIGH,3,0,1,0,0,0,,,,
12:42:50,23357.0,23267.7,23193.65,NARROW,23363.55,23193.65,0.961,UPTREND,STRONG_SELL_PREMIUM,STRONG_RANGE,PREMIUM_SELL_BEAR,AFTERNOON_DAY_HIGH_FADE_DTE3,41.06,1,77.43,HIGH,3,0,1,0,0,0,,,,
12:43:05,23356.1,23267.7,23193.65,NARROW,23363.55,23193.65,0.956,UPTREND,STRONG_SELL_PREMIUM,STRONG_RANGE,PREMIUM_SELL_BEAR,AFTERNOON_DAY_HIGH_FADE_DTE3,41.06,1,77.39,HIGH,3,0,1,0,0,0,,,,
12:43:20,23355.45,23267.7,23193.65,NARROW,23363.55,23193.65,0.952,UPTREND,STRONG_SELL_PREMIUM,STRONG_RANGE,PREMIUM_SELL_BEAR,AFTERNOON_DAY_HIGH_FADE_DTE3,41.06,1,77.34,HIGH,3,0,1,0,0,0,,,,
12:43:35,23355.7,23267.7,23193.65,NARROW,23363.55,23193.65,0.954,UPTREND,STRONG_SELL_PREMIUM,STRONG_RANGE,PREMIUM_SELL_BEAR,AFTERNOON_DAY_HIGH_FADE_DTE3,41.06,1,77.29,HIGH,3,0,1,0,0,0,,,,
12:43:50,23353.45,23267.7,23193.65,NARROW,23363.55,23193.65,0.941,UPTREND,STRONG_SELL_PREMIUM,STRONG_RANGE,PREMIUM_SELL_BEAR,AFTERNOON_DAY_HIGH_FADE_DTE3,41.06,1,77.25,HIGH,3,0,1,0,0,0,,,,
12:44:05,23353.9,23267.7,23193.65,NARROW,23363.55,23193.65,0.943,UPTREND,STRONG_SELL_PREMIUM,STRONG_RANGE,PREMIUM_SELL_BEAR,AFTERNOON_DAY_HIGH_FADE_DTE3,40.98,1,77.2,HIGH,3,0,1,0,0,0,,,,
12:44:20,23346.9,23267.7,23193.65,NARROW,23363.55,23193.65,0.902,UPTREND,STRONG_SELL_PREMIUM,STRONG_RANGE,PREMIUM_SELL_BEAR,AFTERNOON_DAY_HIGH_FADE_DTE3,40.98,1,77.16,HIGH,3,0,1,0,0,0,,,,
12:44:35,23347.05,23267.7,23193.65,NARROW,23363.55,23193.65,0.903,UPTREND,STRONG_SELL_PREMIUM,STRONG_RANGE,PREMIUM_SELL_BEAR,AFTERNOON_DAY_HIGH_FADE_DTE3,40.98,1,77.11,HIGH,3,0,1,0,0,0,,,,
12:44:50,23345.3,23267.7,23193.65,NARROW,23363.55,23193.65,0.893,UPTREND,STRONG_SELL_PREMIUM,STRONG_RANGE,PREMIUM_SELL_BEAR,AFTERNOON_DAY_HIGH_FADE_DTE3,40.98,1,77.06,HIGH,3,0,1,0,0,0,,,,
12:45:05,23347.75,23267.7,23193.65,NARROW,23363.55,23193.65,0.907,UPTREND,STRONG_SELL_PREMIUM,STRONG_RANGE,PREMIUM_SELL_BEAR,AFTERNOON_DAY_HIGH_FADE_DTE3,42.45,1,77.02,HIGH,3,0,1,0,0,0,,,,
12:45:20,23345.95,23267.7,23193.65,NARROW,23363.55,23193.65,0.896,UPTREND,STRONG_SELL_PREMIUM,STRONG_RANGE,PREMIUM_SELL_BEAR,AFTERNOON_DAY_HIGH_FADE_DTE3,42.45,1,76.97,HIGH,3,0,1,0,0,0,,,,
12:45:35,23347.25,23267.7,23193.65,NARROW,23363.55,23193.65,0.904,UPTREND,STRONG_SELL_PREMIUM,STRONG_RANGE,PREMIUM_SELL_BEAR,AFTERNOON_DAY_HIGH_FADE_DTE3,42.45,1,76.93,HIGH,3,0,1,0,0,0,,,,
12:45:50,23346.8,23267.7,23193.65,NARROW,23363.55,23193.65,0.901,UPTREND,STRONG_SELL_PREMIUM,STRONG_RANGE,PREMIUM_SELL_BEAR,AFTERNOON_DAY_HIGH_FADE_DTE3,42.45,1,76.88,HIGH,3,0,1,0,0,0,,,,
12:46:05,23347.95,23267.7,23193.65,NARROW,23363.55,23193.65,0.908,UPTREND,STRONG_SELL_PREMIUM,STRONG_RANGE,PREMIUM_SELL_BEAR,AFTERNOON_DAY_HIGH_FADE_DTE3,42.31,1,76.83,HIGH,3,0,1,0,0,0,,,,
12:46:20,23345.15,23267.7,23193.65,NARROW,23363.55,23193.65,0.892,UPTREND,STRONG_SELL_PREMIUM,STRONG_RANGE,PREMIUM_SELL_BEAR,AFTERNOON_DAY_HIGH_FADE_DTE3,42.31,1,76.79,HIGH,3,0,1,0,0,0,,,,
12:46:35,23348.5,23267.7,23193.65,NARROW,23363.55,23193.65,0.911,UPTREND,STRONG_SELL_PREMIUM,STRONG_RANGE,PREMIUM_SELL_BEAR,AFTERNOON_DAY_HIGH_FADE_DTE3,42.31,1,76.74,HIGH,3,0,1,0,0,0,,,,
12:46:50,23345.45,23267.7,23193.65,NARROW,23363.55,23193.65,0.893,UPTREND,STRONG_SELL_PREMIUM,STRONG_RANGE,PREMIUM_SELL_BEAR,AFTERNOON_DAY_HIGH_FADE_DTE3,42.31,1,76.7,HIGH,3,0,1,0,0,0,,,,
12:47:05,23345.3,23267.7,23193.65,NARROW,23363.55,23193.65,0.893,UPTREND,STRONG_SELL_PREMIUM,STRONG_RANGE,PREMIUM_SELL_BEAR,AFTERNOON_DAY_HIGH_FADE_DTE3,41.71,1,76.65,HIGH,3,0,1,0,0,0,,,,
12:47:20,23343.2,23267.7,23193.65,NARROW,23363.55,23193.65,0.880,UPTREND,STRONG_SELL_PREMIUM,STRONG_RANGE,PREMIUM_SELL_BEAR,AFTERNOON_DAY_HIGH_FADE_DTE3,41.71,1,76.61,HIGH,3,0,1,0,0,0,,,,
12:47:35,23343.0,23267.7,23193.65,NARROW,23363.55,23193.65,0.879,UPTREND,STRONG_SELL_PREMIUM,STRONG_RANGE,PREMIUM_SELL_BEAR,AFTERNOON_DAY_HIGH_FADE_DTE3,41.71,1,76.56,HIGH,3,0,1,0,0,0,,,,
12:47:50,23343.05,23267.7,23193.65,NARROW,23363.55,23193.65,0.879,UPTREND,STRONG_SELL_PREMIUM,STRONG_RANGE,PREMIUM_SELL_BEAR,AFTERNOON_DAY_HIGH_FADE_DTE3,41.71,1,76.52,HIGH,3,0,1,0,0,0,,,,
12:48:05,23341.15,23267.7,23193.65,NARROW,23363.55,23193.65,0.868,UPTREND,STRONG_SELL_PREMIUM,STRONG_RANGE,PREMIUM_SELL_BEAR,AFTERNOON_DAY_HIGH_FADE_DTE3,40.98,1,76.47,HIGH,3,0,1,0,0,0,,,,
12:48:20,23339.05,23267.7,23193.65,NARROW,23363.55,23193.65,0.856,UPTREND,STRONG_SELL_PREMIUM,STRONG_RANGE,PREMIUM_SELL_BEAR,AFTERNOON_DAY_HIGH_FADE_DTE3,40.98,1,76.43,HIGH,3,0,1,0,0,0,,,,
12:48:35,23339.7,23267.7,23193.65,NARROW,23363.55,23193.65,0.860,UPTREND,STRONG_SELL_PREMIUM,STRONG_RANGE,PREMIUM_SELL_BEAR,AFTERNOON_DAY_HIGH_FADE_DTE3,40.98,1,76.38,HIGH,3,0,1,0,0,0,,,,
12:48:50,23338.25,23267.7,23193.65,NARROW,23363.55,23193.65,0.851,UPTREND,STRONG_SELL_PREMIUM,STRONG_RANGE,PREMIUM_SELL_BEAR,AFTERNOON_DAY_HIGH_FADE_DTE3,40.98,1,76.34,HIGH,3,0,1,0,0,0,,,,
12:49:05,23338.8,23267.7,23193.65,NARROW,23363.55,23193.65,0.854,UPTREND,STRONG_SELL_PREMIUM,STRONG_RANGE,PREMIUM_SELL_BEAR,AFTERNOON_DAY_HIGH_FADE_DTE3,40.63,1,76.29,HIGH,3,0,1,0,0,0,,,,
12:49:20,23337.0,23267.7,23193.65,NARROW,23363.55,23193.65,0.844,UPTREND,STRONG_SELL_PREMIUM,STRONG_RANGE,PREMIUM_SELL_BEAR,AFTERNOON_DAY_HIGH_FADE_DTE3,40.63,1,76.25,HIGH,3,0,1,0,0,0,,,,
12:49:35,23337.1,23267.7,23193.65,NARROW,23363.55,23193.65,0.844,UPTREND,STRONG_SELL_PREMIUM,STRONG_RANGE,PREMIUM_SELL_BEAR,AFTERNOON_DAY_HIGH_FADE_DTE3,40.63,1,76.2,HIGH,3,0,1,0,0,0,,,,
12:49:50,23336.15,23267.7,23193.65,NARROW,23363.55,23193.65,0.839,UPTREND,STRONG_SELL_PREMIUM,STRONG_RANGE,PREMIUM_SELL_BEAR,AFTERNOON_DAY_HIGH_FADE_DTE3,40.63,1,76.16,HIGH,3,0,1,0,0,0,,,,
12:50:05,23337.1,23267.7,23193.65,NARROW,23363.55,23193.65,0.844,UPTREND,STRONG_SELL_PREMIUM,STRONG_RANGE,PREMIUM_SELL_BEAR,AFTERNOON_DAY_HIGH_FADE_DTE3,40.09,1,76.11,HIGH,3,0,1,0,0,0,,,,
12:50:20,23334.8,23267.7,23193.65,NARROW,23363.55,23193.65,0.831,UPTREND,STRONG_SELL_PREMIUM,STRONG_RANGE,PREMIUM_SELL_BEAR,AFTERNOON_DAY_HIGH_FADE_DTE3,40.09,1,76.07,HIGH,3,0,1,0,0,0,,,,
12:50:35,23334.8,23267.7,23193.65,NARROW,23363.55,23193.65,0.831,UPTREND,STRONG_SELL_PREMIUM,STRONG_RANGE,PREMIUM_SELL_BEAR,AFTERNOON_DAY_HIGH_FADE_DTE3,40.09,1,76.03,HIGH,3,0,1,0,0,0,,,,
12:50:51,23335.6,23267.7,23193.65,NARROW,23363.55,23193.65,0.835,UPTREND,STRONG_SELL_PREMIUM,STRONG_RANGE,PREMIUM_SELL_BEAR,AFTERNOON_DAY_HIGH_FADE_DTE3,40.09,1,75.98,HIGH,3,0,1,0,0,0,,,,
12:51:06,23338.05,23267.7,23193.65,NARROW,23363.55,23193.65,0.850,UPTREND,STRONG_SELL_PREMIUM,STRONG_RANGE,PREMIUM_SELL_BEAR,AFTERNOON_DAY_HIGH_FADE_DTE3,40.09,1,75.94,HIGH,3,0,1,0,0,0,,,,
12:51:21,23342.45,23267.7,23193.65,NARROW,23363.55,23193.65,0.876,UPTREND,STRONG_SELL_PREMIUM,STRONG_RANGE,PREMIUM_SELL_BEAR,AFTERNOON_DAY_HIGH_FADE_DTE3,40.09,1,75.89,HIGH,3,0,1,0,0,0,,,,
12:51:36,23340.75,23267.7,23193.65,NARROW,23363.55,23193.65,0.866,UPTREND,STRONG_SELL_PREMIUM,STRONG_RANGE,PREMIUM_SELL_BEAR,AFTERNOON_DAY_HIGH_FADE_DTE3,40.09,1,75.85,HIGH,3,0,1,0,0,0,,,,
12:51:51,23338.45,23267.7,23193.65,NARROW,23363.55,23193.65,0.852,UPTREND,STRONG_SELL_PREMIUM,STRONG_RANGE,PREMIUM_SELL_BEAR,AFTERNOON_DAY_HIGH_FADE_DTE3,40.09,1,75.81,HIGH,3,0,1,0,0,0,,,,
12:52:06,23339.2,23267.7,23193.65,NARROW,23363.55,23193.65,0.857,UPTREND,STRONG_SELL_PREMIUM,STRONG_RANGE,PREMIUM_SELL_BEAR,AFTERNOON_DAY_HIGH_FADE_DTE3,40.09,1,75.76,HIGH,3,0,1,0,0,0,,,,
12:52:21,23341.3,23267.7,23193.65,NARROW,23363.55,23193.65,0.869,UPTREND,STRONG_SELL_PREMIUM,STRONG_RANGE,PREMIUM_SELL_BEAR,AFTERNOON_DAY_HIGH_FADE_DTE3,40.09,1,75.72,HIGH,3,0,1,0,0,0,,,,
12:52:36,23343.55,23267.7,23193.65,NARROW,23363.55,23193.65,0.882,UPTREND,STRONG_SELL_PREMIUM,STRONG_RANGE,PREMIUM_SELL_BEAR,AFTERNOON_DAY_HIGH_FADE_DTE3,40.09,1,75.68,HIGH,3,0,1,0,0,0,,,,
12:52:51,23340.75,23267.7,23193.65,NARROW,23363.55,23193.65,0.866,UPTREND,STRONG_SELL_PREMIUM,STRONG_RANGE,PREMIUM_SELL_BEAR,AFTERNOON_DAY_HIGH_FADE_DTE3,40.09,1,75.63,HIGH,3,0,1,0,0,0,,,,
12:53:06,23340.5,23267.7,23193.65,NARROW,23363.55,23193.65,0.864,UPTREND,STRONG_SELL_PREMIUM,STRONG_RANGE,PREMIUM_SELL_BEAR,AFTERNOON_DAY_HIGH_FADE_DTE3,40.09,1,75.59,HIGH,3,0,1,0,0,0,,,,
12:53:21,23342.35,23267.7,23193.65,NARROW,23363.55,23193.65,0.875,UPTREND,STRONG_SELL_PREMIUM,STRONG_RANGE,PREMIUM_SELL_BEAR,AFTERNOON_DAY_HIGH_FADE_DTE3,40.09,1,75.54,HIGH,3,0,1,0,0,0,,,,
12:53:36,23344.4,23267.7,23193.65,NARROW,23363.55,23193.65,0.887,UPTREND,STRONG_SELL_PREMIUM,STRONG_RANGE,PREMIUM_SELL_BEAR,AFTERNOON_DAY_HIGH_FADE_DTE3,40.09,1,75.5,HIGH,3,0,1,0,0,0,,,,
12:53:51,23343.35,23267.7,23193.65,NARROW,23363.55,23193.65,0.881,UPTREND,STRONG_SELL_PREMIUM,STRONG_RANGE,PREMIUM_SELL_BEAR,AFTERNOON_DAY_HIGH_FADE_DTE3,40.09,1,75.46,HIGH,3,0,1,0,0,0,,,,
12:54:06,23347.15,23267.7,23193.65,NARROW,23363.55,23193.65,0.903,UPTREND,STRONG_SELL_PREMIUM,STRONG_RANGE,PREMIUM_SELL_BEAR,AFTERNOON_DAY_HIGH_FADE_DTE3,40.09,1,75.41,HIGH,3,0,1,0,0,0,,,,
12:54:21,23347.75,23267.7,23193.65,NARROW,23363.55,23193.65,0.907,UPTREND,STRONG_SELL_PREMIUM,STRONG_RANGE,PREMIUM_SELL_BEAR,AFTERNOON_DAY_HIGH_FADE_DTE3,40.09,1,75.37,HIGH,3,0,1,0,0,0,,,,
12:54:36,23347.55,23267.7,23193.65,NARROW,23363.55,23193.65,0.906,UPTREND,STRONG_SELL_PREMIUM,STRONG_RANGE,PREMIUM_SELL_BEAR,AFTERNOON_DAY_HIGH_FADE_DTE3,40.09,1,75.33,HIGH,3,0,1,0,0,0,,,,
12:54:51,23344.35,23267.7,23193.65,NARROW,23363.55,23193.65,0.887,UPTREND,STRONG_SELL_PREMIUM,STRONG_RANGE,PREMIUM_SELL_BEAR,AFTERNOON_DAY_HIGH_FADE_DTE3,40.09,1,75.29,HIGH,3,0,1,0,0,0,,,,
12:55:06,23344.8,23267.7,23193.65,NARROW,23363.55,23193.65,0.890,UPTREND,STRONG_SELL_PREMIUM,STRONG_RANGE,PREMIUM_SELL_BEAR,AFTERNOON_DAY_HIGH_FADE_DTE3,39.59,1,75.24,HIGH,3,0,1,0,0,0,,,,
12:55:21,23339.1,23267.7,23193.65,NARROW,23363.55,23193.65,0.856,UPTREND,STRONG_SELL_PREMIUM,STRONG_RANGE,PREMIUM_SELL_BEAR,AFTERNOON_DAY_HIGH_FADE_DTE3,39.59,1,75.2,HIGH,3,0,1,0,0,0,,,,
12:55:36,23339.9,23267.7,23193.65,NARROW,23363.55,23193.65,0.861,UPTREND,STRONG_SELL_PREMIUM,STRONG_RANGE,PREMIUM_SELL_BEAR,AFTERNOON_DAY_HIGH_FADE_DTE3,39.59,1,75.16,HIGH,3,0,1,0,0,0,,,,
12:55:51,23340.35,23267.7,23193.65,NARROW,23363.55,23193.65,0.863,UPTREND,STRONG_SELL_PREMIUM,STRONG_RANGE,PREMIUM_SELL_BEAR,AFTERNOON_DAY_HIGH_FADE_DTE3,39.59,1,75.11,HIGH,3,0,1,0,0,0,,,,
12:56:06,23342.25,23267.7,23193.65,NARROW,23363.55,23193.65,0.875,UPTREND,STRONG_SELL_PREMIUM,STRONG_RANGE,PREMIUM_SELL_BEAR,AFTERNOON_DAY_HIGH_FADE_DTE3,39.59,1,75.07,HIGH,3,0,1,0,0,0,,,,
12:56:21,23342.3,23267.7,23193.65,NARROW,23363.55,23193.65,0.875,UPTREND,STRONG_SELL_PREMIUM,STRONG_RANGE,PREMIUM_SELL_BEAR,AFTERNOON_DAY_HIGH_FADE_DTE3,39.59,1,75.03,HIGH,3,0,1,0,0,0,,,,
12:56:36,23340.55,23267.7,23193.65,NARROW,23363.55,23193.65,0.865,UPTREND,STRONG_SELL_PREMIUM,STRONG_RANGE,PREMIUM_SELL_BEAR,AFTERNOON_DAY_HIGH_FADE_DTE3,39.59,1,74.99,HIGH,3,0,1,0,0,0,,,,
12:56:51,23338.65,23267.7,23193.65,NARROW,23363.55,23193.65,0.853,UPTREND,STRONG_SELL_PREMIUM,STRONG_RANGE,PREMIUM_SELL_BEAR,AFTERNOON_DAY_HIGH_FADE_DTE3,39.59,1,74.94,HIGH,3,0,1,0,0,0,,,,
12:57:06,23338.2,23267.7,23193.65,NARROW,23363.55,23193.65,0.851,UPTREND,STRONG_SELL_PREMIUM,STRONG_RANGE,PREMIUM_SELL_BEAR,AFTERNOON_DAY_HIGH_FADE_DTE3,39.59,1,74.9,HIGH,3,0,1,0,0,0,,,,
12:57:21,23337.2,23267.7,23193.65,NARROW,23363.55,23193.65,0.845,UPTREND,STRONG_SELL_PREMIUM,STRONG_RANGE,PREMIUM_SELL_BEAR,AFTERNOON_DAY_HIGH_FADE_DTE3,39.59,1,74.86,HIGH,3,0,1,0,0,0,,,,
12:57:37,23336.5,23267.7,23193.65,NARROW,23363.55,23193.65,0.841,UPTREND,STRONG_SELL_PREMIUM,STRONG_RANGE,PREMIUM_SELL_BEAR,AFTERNOON_DAY_HIGH_FADE_DTE3,39.59,1,74.82,HIGH,3,0,1,0,0,0,,,,
12:57:52,23336.9,23267.7,23193.65,NARROW,23363.55,23193.65,0.843,UPTREND,STRONG_SELL_PREMIUM,STRONG_RANGE,PREMIUM_SELL_BEAR,AFTERNOON_DAY_HIGH_FADE_DTE3,39.59,1,74.78,HIGH,3,0,1,0,0,0,,,,
12:58:07,23339.55,23267.7,23193.65,NARROW,23363.55,23193.65,0.859,UPTREND,STRONG_SELL_PREMIUM,STRONG_RANGE,PREMIUM_SELL_BEAR,AFTERNOON_DAY_HIGH_FADE_DTE3,39.59,1,74.73,HIGH,3,0,1,0,0,0,,,,
12:58:22,23342.45,23267.7,23193.65,NARROW,23363.55,23193.65,0.876,UPTREND,STRONG_SELL_PREMIUM,STRONG_RANGE,PREMIUM_SELL_BEAR,AFTERNOON_DAY_HIGH_FADE_DTE3,39.59,1,74.69,HIGH,3,0,1,0,0,0,,,,
12:58:37,23341.6,23267.7,23193.65,NARROW,23363.55,23193.65,0.871,UPTREND,STRONG_SELL_PREMIUM,STRONG_RANGE,PREMIUM_SELL_BEAR,AFTERNOON_DAY_HIGH_FADE_DTE3,39.59,1,74.65,HIGH,3,0,1,0,0,0,,,,
12:58:52,23340.15,23267.7,23193.65,NARROW,23363.55,23193.65,0.862,UPTREND,STRONG_SELL_PREMIUM,STRONG_RANGE,PREMIUM_SELL_BEAR,AFTERNOON_DAY_HIGH_FADE_DTE3,39.59,1,74.61,HIGH,3,0,1,0,0,0,,,,
12:59:07,23339.1,23267.7,23193.65,NARROW,23363.55,23193.65,0.856,UPTREND,STRONG_SELL_PREMIUM,STRONG_RANGE,PREMIUM_SELL_BEAR,AFTERNOON_DAY_HIGH_FADE_DTE3,39.59,1,74.57,HIGH,3,0,1,0,0,0,,,,
12:59:22,23339.6,23267.7,23193.65,NARROW,23363.55,23193.65,0.859,UPTREND,STRONG_SELL_PREMIUM,STRONG_RANGE,PREMIUM_SELL_BEAR,AFTERNOON_DAY_HIGH_FADE_DTE3,39.59,1,74.52,HIGH,3,0,1,0,0,0,,,,
12:59:37,23339.45,23267.7,23193.65,NARROW,23363.55,23193.65,0.858,UPTREND,STRONG_SELL_PREMIUM,STRONG_RANGE,PREMIUM_SELL_BEAR,AFTERNOON_DAY_HIGH_FADE_DTE3,39.59,1,74.48,HIGH,3,0,1,0,0,0,,,,
12:59:52,23340.35,23267.7,23193.65,NARROW,23363.55,23193.65,0.863,UPTREND,STRONG_SELL_PREMIUM,STRONG_RANGE,PREMIUM_SELL_BEAR,AFTERNOON_DAY_HIGH_FADE_DTE3,39.59,1,74.44,HIGH,3,0,1,0,0,0,,,,
13:00:07,23340.95,23267.7,23193.65,NARROW,23363.55,23193.65,0.867,UPTREND,STRONG_SELL_PREMIUM,STRONG_RANGE,PREMIUM_SELL_BEAR,AFTERNOON_DAY_HIGH_FADE_DTE3,39.15,1,74.4,HIGH,3,0,1,0,0,0,,,,
13:00:22,23339.6,23267.7,23193.65,NARROW,23363.55,23193.65,0.859,UPTREND,STRONG_SELL_PREMIUM,STRONG_RANGE,PREMIUM_SELL_BEAR,AFTERNOON_DAY_HIGH_FADE_DTE3,39.15,1,74.36,HIGH,3,0,1,0,0,0,,,,
13:00:37,23340.8,23267.7,23193.65,NARROW,23363.55,23193.65,0.866,UPTREND,STRONG_SELL_PREMIUM,STRONG_RANGE,PREMIUM_SELL_BEAR,AFTERNOON_DAY_HIGH_FADE_DTE3,39.15,1,74.32,HIGH,3,0,1,0,0,0,,,,
13:00:52,23343.45,23267.7,23193.65,NARROW,23363.55,23193.65,0.882,UPTREND,STRONG_SELL_PREMIUM,STRONG_RANGE,PREMIUM_SELL_BEAR,AFTERNOON_DAY_HIGH_FADE_DTE3,39.15,1,74.28,HIGH,3,0,1,0,0,0,,,,
13:01:07,23344.0,23267.7,23193.65,NARROW,23363.55,23193.65,0.885,UPTREND,STRONG_SELL_PREMIUM,STRONG_RANGE,PREMIUM_SELL_BEAR,AFTERNOON_DAY_HIGH_FADE_DTE3,39.25,1,74.24,HIGH,3,0,1,0,0,0,,,,
13:01:22,23344.05,23267.7,23193.65,NARROW,23363.55,23193.65,0.885,UPTREND,STRONG_SELL_PREMIUM,STRONG_RANGE,PREMIUM_SELL_BEAR,AFTERNOON_DAY_HIGH_FADE_DTE3,39.25,1,74.19,HIGH,3,0,1,0,0,0,,,,
13:01:37,23342.8,23267.7,23193.65,NARROW,23363.55,23193.65,0.878,UPTREND,STRONG_SELL_PREMIUM,STRONG_RANGE,PREMIUM_SELL_BEAR,AFTERNOON_DAY_HIGH_FADE_DTE3,39.25,1,74.15,HIGH,3,0,1,0,0,0,,,,
13:01:52,23338.55,23267.7,23193.65,NARROW,23363.55,23193.65,0.853,UPTREND,STRONG_SELL_PREMIUM,STRONG_RANGE,PREMIUM_SELL_BEAR,AFTERNOON_DAY_HIGH_FADE_DTE3,39.25,1,74.11,HIGH,3,0,1,0,0,0,,,,
13:02:07,23337.2,23267.7,23193.65,NARROW,23363.55,23193.65,0.845,UPTREND,STRONG_SELL_PREMIUM,STRONG_RANGE,PREMIUM_SELL_BEAR,AFTERNOON_DAY_HIGH_FADE_DTE3,38.63,1,74.07,HIGH,3,0,1,0,0,0,,,,
13:02:22,23334.55,23267.7,23193.65,NARROW,23363.55,23193.65,0.829,UPTREND,STRONG_SELL_PREMIUM,STRONG_RANGE,PREMIUM_SELL_BEAR,AFTERNOON_DAY_HIGH_FADE_DTE3,38.63,1,74.03,HIGH,3,0,1,0,0,0,,,,
13:02:37,23335.55,23267.7,23193.65,NARROW,23363.55,23193.65,0.835,UPTREND,STRONG_SELL_PREMIUM,STRONG_RANGE,PREMIUM_SELL_BEAR,AFTERNOON_DAY_HIGH_FADE_DTE3,38.63,1,73.99,HIGH,3,0,1,0,0,0,,,,
13:02:52,23336.25,23267.7,23193.65,NARROW,23363.55,23193.65,0.839,UPTREND,STRONG_SELL_PREMIUM,STRONG_RANGE,PREMIUM_SELL_BEAR,AFTERNOON_DAY_HIGH_FADE_DTE3,38.63,1,73.95,HIGH,3,0,1,0,0,0,,,,
13:03:07,23337.75,23267.7,23193.65,NARROW,23363.55,23193.65,0.848,UPTREND,STRONG_SELL_PREMIUM,STRONG_RANGE,PREMIUM_SELL_BEAR,AFTERNOON_DAY_HIGH_FADE_DTE3,38.63,1,73.91,HIGH,3,0,1,0,0,0,,,,
13:03:22,23338.85,23267.7,23193.65,NARROW,23363.55,23193.65,0.855,UPTREND,STRONG_SELL_PREMIUM,STRONG_RANGE,PREMIUM_SELL_BEAR,AFTERNOON_DAY_HIGH_FADE_DTE3,38.63,1,73.87,HIGH,3,0,1,0,0,0,,,,
13:03:37,23336.85,23267.7,23193.65,NARROW,23363.55,23193.65,0.843,UPTREND,STRONG_SELL_PREMIUM,STRONG_RANGE,PREMIUM_SELL_BEAR,AFTERNOON_DAY_HIGH_FADE_DTE3,38.63,1,73.83,HIGH,3,0,1,0,0,0,,,,
13:03:52,23336.1,23267.7,23193.65,NARROW,23363.55,23193.65,0.838,UPTREND,STRONG_SELL_PREMIUM,STRONG_RANGE,PREMIUM_SELL_BEAR,AFTERNOON_DAY_HIGH_FADE_DTE3,38.63,1,73.79,HIGH,3,0,1,0,0,0,,,,
13:04:07,23334.7,23267.7,23193.65,NARROW,23363.55,23193.65,0.830,UPTREND,STRONG_SELL_PREMIUM,STRONG_RANGE,PREMIUM_SELL_BEAR,AFTERNOON_DAY_HIGH_FADE_DTE3,37.42,1,73.75,HIGH,3,0,1,0,0,0,,,,
13:04:23,23331.3,23267.7,23193.65,NARROW,23363.55,23193.65,0.810,UPTREND,STRONG_SELL_PREMIUM,STRONG_RANGE,PREMIUM_SELL_BEAR,AFTERNOON_DAY_HIGH_FADE_DTE3,37.42,1,73.71,HIGH,3,0,0,0,0,0,,,,
13:04:38,23328.75,23267.7,23193.65,NARROW,23363.55,23193.65,0.795,UPTREND,STRONG_SELL_PREMIUM,STRONG_RANGE,PREMIUM_SELL_BEAR,AFTERNOON_DAY_HIGH_FADE_DTE3,37.42,1,73.67,HIGH,3,0,0,0,0,0,,,,
13:04:53,23326.95,23267.7,23193.65,NARROW,23363.55,23193.65,0.785,UPTREND,STRONG_SELL_PREMIUM,STRONG_RANGE,PREMIUM_SELL_BULL,UPTREND_ADX_37_STRONG_RANGE,37.42,1,73.63,HIGH,3,0,0,0,0,0,,,,
13:05:08,23328.9,23267.7,23193.65,NARROW,23363.55,23193.65,0.796,UPTREND,STRONG_SELL_PREMIUM,STRONG_RANGE,PREMIUM_SELL_BULL,UPTREND_ADX_35_STRONG_RANGE,35.47,1,73.59,HIGH,3,0,0,0,0,0,,,,
13:05:23,23328.9,23267.7,23193.65,NARROW,23363.55,23193.65,0.796,UPTREND,STRONG_SELL_PREMIUM,RANGE,PREMIUM_SELL_BULL,UPTREND_ADX_35_RANGE,35.47,1,73.55,HIGH,3,0,0,0,0,0,,,,
13:05:38,23329.4,23267.7,23193.65,NARROW,23363.55,23193.65,0.799,UPTREND,STRONG_SELL_PREMIUM,RANGE,PREMIUM_SELL_BULL,UPTREND_ADX_35_RANGE,35.47,1,73.51,HIGH,3,0,0,0,0,0,,,,
13:05:53,23330.8,23267.7,23193.65,NARROW,23363.55,23193.65,0.807,UPTREND,STRONG_SELL_PREMIUM,RANGE,PREMIUM_SELL_BULL,UPTREND_ADX_35_RANGE,35.47,1,73.46,HIGH,3,0,0,0,0,0,,,,
13:06:08,23329.75,23267.7,23193.65,NARROW,23363.55,23193.65,0.801,UPTREND,STRONG_SELL_PREMIUM,RANGE,PREMIUM_SELL_BULL,UPTREND_ADX_35_RANGE,35.16,1,73.43,HIGH,3,0,0,0,0,0,,,,
13:06:23,23329.05,23267.7,23193.65,NARROW,23363.55,23193.65,0.797,UPTREND,STRONG_SELL_PREMIUM,RANGE,PREMIUM_SELL_BULL,UPTREND_ADX_35_RANGE,35.16,1,73.39,HIGH,3,0,0,0,0,0,,,,
13:06:38,23325.9,23267.7,23193.65,NARROW,23363.55,23193.65,0.778,UPTREND,STRONG_SELL_PREMIUM,RANGE,PREMIUM_SELL_BULL,UPTREND_ADX_35_RANGE,35.16,1,73.35,HIGH,3,0,0,0,0,0,,,,
13:06:53,23326.2,23267.7,23193.65,NARROW,23363.55,23193.65,0.780,UPTREND,STRONG_SELL_PREMIUM,RANGE,PREMIUM_SELL_BULL,UPTREND_ADX_35_RANGE,35.16,1,73.31,HIGH,3,0,0,0,0,0,,,,
13:07:08,23325.1,23267.7,23193.65,NARROW,23363.55,23193.65,0.774,UPTREND,STRONG_SELL_PREMIUM,RANGE,PREMIUM_SELL_BULL,UPTREND_ADX_34_RANGE,34.46,1,73.27,HIGH,3,0,0,0,0,0,,,,
13:07:23,23323.15,23267.7,23193.65,NARROW,23363.55,23193.65,0.762,UPTREND,STRONG_SELL_PREMIUM,RANGE,PREMIUM_SELL_BULL,UPTREND_ADX_34_RANGE,34.46,1,73.23,HIGH,3,0,0,0,0,0,,,,
13:07:38,23322.7,23267.7,23193.65,NARROW,23363.55,23193.65,0.760,UPTREND,STRONG_SELL_PREMIUM,RANGE,PREMIUM_SELL_BULL,UPTREND_ADX_34_RANGE,34.46,1,73.19,HIGH,3,0,0,0,0,0,,,,
13:07:53,23322.0,23267.7,23193.65,NARROW,23363.55,23193.65,0.755,UPTREND,STRONG_SELL_PREMIUM,RANGE,PREMIUM_SELL_BULL,UPTREND_ADX_34_RANGE,34.46,1,73.15,HIGH,3,0,0,0,0,0,,,,
13:08:08,23320.85,23267.7,23193.65,NARROW,23363.55,23193.65,0.749,UPTREND,STRONG_SELL_PREMIUM,RANGE,PREMIUM_SELL_BULL,UPTREND_ADX_34_RANGE,34.42,1,73.11,HIGH,3,0,0,0,0,0,,,,
13:08:23,23323.2,23267.7,23193.65,NARROW,23363.55,23193.65,0.763,UPTREND,STRONG_SELL_PREMIUM,RANGE,PREMIUM_SELL_BULL,UPTREND_ADX_34_RANGE,34.42,1,73.07,HIGH,3,0,0,0,0,0,,,,
13:08:39,23322.35,23267.7,23193.65,NARROW,23363.55,23193.65,0.758,UPTREND,STRONG_SELL_PREMIUM,RANGE,PREMIUM_SELL_BULL,UPTREND_ADX_34_RANGE,34.42,1,73.03,HIGH,3,0,0,0,0,0,,,,
13:08:54,23323.55,23267.7,23193.65,NARROW,23363.55,23193.65,0.765,UPTREND,STRONG_SELL_PREMIUM,RANGE,PREMIUM_SELL_BULL,UPTREND_ADX_34_RANGE,34.42,1,72.99,HIGH,3,0,0,0,0,0,,,,
13:09:09,23324.1,23267.7,23193.65,NARROW,23363.55,23193.65,0.768,UPTREND,STRONG_SELL_PREMIUM,RANGE,PREMIUM_SELL_BULL,UPTREND_ADX_34_RANGE,34.42,1,72.95,HIGH,3,0,0,0,0,0,,,,
13:09:24,23325.45,23267.7,23193.65,NARROW,23363.55,23193.65,0.776,UPTREND,STRONG_SELL_PREMIUM,RANGE,PREMIUM_SELL_BULL,UPTREND_ADX_34_RANGE,34.42,1,72.91,HIGH,3,0,0,0,0,0,,,,
13:09:39,23325.9,23267.7,23193.65,NARROW,23363.55,23193.65,0.778,UPTREND,STRONG_SELL_PREMIUM,RANGE,PREMIUM_SELL_BULL,UPTREND_ADX_34_RANGE,34.42,1,72.87,HIGH,3,0,0,0,0,0,,,,
13:09:54,23326.65,23267.7,23193.65,NARROW,23363.55,23193.65,0.783,UPTREND,STRONG_SELL_PREMIUM,RANGE,PREMIUM_SELL_BULL,UPTREND_ADX_34_RANGE,34.42,1,72.84,HIGH,3,0,0,0,0,0,,,,
13:10:09,23327.1,23267.7,23193.65,NARROW,23363.55,23193.65,0.785,UPTREND,STRONG_SELL_PREMIUM,RANGE,PREMIUM_SELL_BULL,UPTREND_ADX_32_RANGE,31.72,1,72.8,HIGH,3,0,0,0,0,0,,,,
13:10:24,23325.2,23267.7,23193.65,NARROW,23363.55,23193.65,0.774,UPTREND,STRONG_SELL_PREMIUM,RANGE,PREMIUM_SELL_BULL,UPTREND_ADX_32_RANGE,31.72,1,72.76,HIGH,3,0,0,0,0,0,,,,
13:10:39,23325.75,23267.7,23193.65,NARROW,23363.55,23193.65,0.778,UPTREND,STRONG_SELL_PREMIUM,RANGE,PREMIUM_SELL_BULL,UPTREND_ADX_32_RANGE,31.72,1,72.72,HIGH,3,0,0,0,0,0,,,,
13:10:54,23326.3,23267.7,23193.65,NARROW,23363.55,23193.65,0.781,UPTREND,STRONG_SELL_PREMIUM,RANGE,PREMIUM_SELL_BULL,UPTREND_ADX_32_RANGE,31.72,1,72.68,HIGH,3,0,0,0,0,0,,,,
13:11:09,23324.2,23267.7,23193.65,NARROW,23363.55,23193.65,0.768,UPTREND,STRONG_SELL_PREMIUM,RANGE,PREMIUM_SELL_BULL,UPTREND_ADX_32_RANGE,31.72,1,72.64,HIGH,3,0,0,0,0,0,,,,
13:11:24,23325.55,23267.7,23193.65,NARROW,23363.55,23193.65,0.776,UPTREND,STRONG_SELL_PREMIUM,RANGE,PREMIUM_SELL_BULL,UPTREND_ADX_32_RANGE,31.72,1,72.6,HIGH,3,0,0,0,0,0,,,,
13:11:39,23325.65,23267.7,23193.65,NARROW,23363.55,23193.65,0.777,UPTREND,STRONG_SELL_PREMIUM,RANGE,PREMIUM_SELL_BULL,UPTREND_ADX_32_RANGE,31.72,1,72.57,HIGH,3,0,0,0,0,0,,,,
13:11:54,23325.7,23267.7,23193.65,NARROW,23363.55,23193.65,0.777,UPTREND,STRONG_SELL_PREMIUM,RANGE,PREMIUM_SELL_BULL,UPTREND_ADX_32_RANGE,31.72,1,72.53,HIGH,3,0,0,0,0,0,,,,
13:12:09,23326.05,23267.7,23193.65,NARROW,23363.55,23193.65,0.779,UPTREND,STRONG_SELL_PREMIUM,RANGE,PREMIUM_SELL_BULL,UPTREND_ADX_32_RANGE,31.72,1,72.49,HIGH,3,0,0,0,0,0,,,,
13:12:24,23328.2,23267.7,23193.65,NARROW,23363.55,23193.65,0.792,UPTREND,STRONG_SELL_PREMIUM,RANGE,PREMIUM_SELL_BULL,UPTREND_ADX_32_RANGE,31.72,1,72.45,HIGH,3,0,0,0,0,0,,,,
13:12:39,23328.4,23267.7,23193.65,NARROW,23363.55,23193.65,0.793,UPTREND,STRONG_SELL_PREMIUM,RANGE,PREMIUM_SELL_BULL,UPTREND_ADX_32_RANGE,31.72,1,72.41,HIGH,3,0,0,0,0,0,,,,
13:12:54,23328.8,23267.7,23193.65,NARROW,23363.55,23193.65,0.795,UPTREND,STRONG_SELL_PREMIUM,RANGE,PREMIUM_SELL_BULL,UPTREND_ADX_32_RANGE,31.72,1,72.37,HIGH,3,0,0,0,0,0,,,,
13:13:09,23327.05,23267.7,23193.65,NARROW,23363.55,23193.65,0.785,UPTREND,STRONG_SELL_PREMIUM,RANGE,PREMIUM_SELL_BULL,UPTREND_ADX_32_RANGE,31.72,1,72.34,HIGH,3,0,0,0,0,0,,,,
13:13:24,23327.25,23267.7,23193.65,NARROW,23363.55,23193.65,0.786,UPTREND,STRONG_SELL_PREMIUM,RANGE,PREMIUM_SELL_BULL,UPTREND_ADX_32_RANGE,31.72,1,72.3,HIGH,3,0,0,0,0,0,,,,
13:13:39,23323.95,23267.7,23193.65,NARROW,23363.55,23193.65,0.767,UPTREND,STRONG_SELL_PREMIUM,RANGE,PREMIUM_SELL_BULL,UPTREND_ADX_32_RANGE,31.72,1,72.26,HIGH,3,0,0,0,0,0,,,,
13:13:54,23324.7,23267.7,23193.65,NARROW,23363.55,23193.65,0.771,UPTREND,STRONG_SELL_PREMIUM,RANGE,PREMIUM_SELL_BULL,UPTREND_ADX_32_RANGE,31.72,1,72.22,HIGH,3,0,0,0,0,0,,,,
13:14:09,23323.85,23267.7,23193.65,NARROW,23363.55,23193.65,0.766,UPTREND,STRONG_SELL_PREMIUM,RANGE,PREMIUM_SELL_BULL,UPTREND_ADX_32_RANGE,31.72,1,72.18,HIGH,3,0,0,0,0,0,,,,
13:14:24,23323.4,23267.7,23193.65,NARROW,23363.55,23193.65,0.764,UPTREND,STRONG_SELL_PREMIUM,RANGE,PREMIUM_SELL_BULL,UPTREND_ADX_32_RANGE,31.72,1,72.15,HIGH,3,0,0,0,0,0,,,,
13:14:39,23322.95,23267.7,23193.65,NARROW,23363.55,23193.65,0.761,UPTREND,STRONG_SELL_PREMIUM,RANGE,PREMIUM_SELL_BULL,UPTREND_ADX_32_RANGE,31.72,1,72.11,HIGH,3,0,0,0,0,0,,,,
13:14:54,23322.75,23267.7,23193.65,NARROW,23363.55,23193.65,0.760,UPTREND,STRONG_SELL_PREMIUM,RANGE,PREMIUM_SELL_BULL,UPTREND_ADX_32_RANGE,31.72,1,72.07,HIGH,3,0,0,0,0,0,,,,
13:15:09,23321.65,23267.7,23193.65,NARROW,23363.55,23193.65,0.753,UPTREND,STRONG_SELL_PREMIUM,RANGE,PREMIUM_SELL_BULL,UPTREND_ADX_29_RANGE,28.65,1,72.03,HIGH,3,0,0,0,0,0,,,,
13:15:24,23319.25,23267.7,23193.65,NARROW,23363.55,23193.65,0.739,UPTREND,STRONG_SELL_PREMIUM,RANGE,PREMIUM_SELL_BULL,UPTREND_ADX_29_RANGE,28.65,1,72.0,HIGH,3,0,0,0,0,0,,,,
13:15:39,23318.35,23267.7,23193.65,NARROW,23363.55,23193.65,0.734,UPTREND,STRONG_SELL_PREMIUM,RANGE,PREMIUM_SELL_BULL,UPTREND_ADX_29_RANGE,28.65,1,71.96,HIGH,3,0,0,0,0,0,,,,
13:15:54,23319.2,23267.7,23193.65,NARROW,23363.55,23193.65,0.739,UPTREND,STRONG_SELL_PREMIUM,RANGE,PREMIUM_SELL_BULL,UPTREND_ADX_29_RANGE,28.65,1,71.92,HIGH,3,0,0,0,0,0,,,,
13:16:09,23318.05,23267.7,23193.65,NARROW,23363.55,23193.65,0.732,UPTREND,STRONG_SELL_PREMIUM,RANGE,PREMIUM_SELL_BULL,UPTREND_ADX_29_RANGE,28.65,1,71.88,HIGH,3,0,0,0,0,0,,,,
13:16:24,23320.55,23267.7,23193.65,NARROW,23363.55,23193.65,0.747,UPTREND,STRONG_SELL_PREMIUM,RANGE,PREMIUM_SELL_BULL,UPTREND_ADX_29_RANGE,28.65,1,71.85,HIGH,3,0,0,0,0,0,,,,
13:16:39,23322.25,23267.7,23193.65,NARROW,23363.55,23193.65,0.757,UPTREND,STRONG_SELL_PREMIUM,RANGE,PREMIUM_SELL_BULL,UPTREND_ADX_29_RANGE,28.65,1,71.81,HIGH,3,0,0,0,0,0,,,,
13:16:54,23324.3,23267.7,23193.65,NARROW,23363.55,23193.65,0.769,UPTREND,STRONG_SELL_PREMIUM,RANGE,PREMIUM_SELL_BULL,UPTREND_ADX_29_RANGE,28.65,1,71.77,HIGH,3,0,0,0,0,0,,,,
13:17:09,23324.5,23267.7,23193.65,NARROW,23363.55,23193.65,0.770,UPTREND,STRONG_SELL_PREMIUM,RANGE,PREMIUM_SELL_BULL,UPTREND_ADX_29_RANGE,28.58,1,71.74,HIGH,3,0,0,0,0,0,,,,
13:17:24,23317.6,23267.7,23193.65,NARROW,23363.55,23193.65,0.730,UPTREND,STRONG_SELL_PREMIUM,RANGE,PREMIUM_SELL_BULL,UPTREND_ADX_29_RANGE,28.58,1,71.7,HIGH,3,0,0,0,0,0,,,,
13:17:39,23317.15,23267.7,23193.65,NARROW,23363.55,23193.65,0.727,UPTREND,STRONG_SELL_PREMIUM,RANGE,PREMIUM_SELL_BULL,UPTREND_ADX_29_RANGE,28.58,1,71.66,HIGH,3,0,0,0,0,0,,,,
13:17:54,23318.85,23267.7,23193.65,NARROW,23363.55,23193.65,0.737,UPTREND,STRONG_SELL_PREMIUM,RANGE,PREMIUM_SELL_BULL,UPTREND_ADX_29_RANGE,28.58,1,71.62,HIGH,3,0,0,0,0,0,,,,
13:18:09,23319.1,23267.7,23193.65,NARROW,23363.55,23193.65,0.738,UPTREND,STRONG_SELL_PREMIUM,RANGE,PREMIUM_SELL_BULL,UPTREND_ADX_29_RANGE,28.58,1,71.59,HIGH,3,0,0,0,0,0,,,,
13:18:24,23318.5,23267.7,23193.65,NARROW,23363.55,23193.65,0.735,UPTREND,STRONG_SELL_PREMIUM,RANGE,PREMIUM_SELL_BULL,UPTREND_ADX_29_RANGE,28.58,1,71.55,HIGH,3,0,0,0,0,0,,,,
13:18:39,23318.8,23267.7,23193.65,NARROW,23363.55,23193.65,0.737,UPTREND,STRONG_SELL_PREMIUM,RANGE,PREMIUM_SELL_BULL,UPTREND_ADX_29_RANGE,28.58,1,71.51,HIGH,3,0,0,0,0,0,,,,
13:18:54,23319.15,23267.7,23193.65,NARROW,23363.55,23193.65,0.739,UPTREND,STRONG_SELL_PREMIUM,RANGE,PREMIUM_SELL_BULL,UPTREND_ADX_29_RANGE,28.58,1,71.48,HIGH,3,0,0,0,0,0,,,,
13:19:10,23319.6,23267.7,23193.65,NARROW,23363.55,23193.65,0.741,UPTREND,STRONG_SELL_PREMIUM,RANGE,PREMIUM_SELL_BULL,UPTREND_ADX_29_RANGE,28.58,1,71.44,HIGH,3,0,0,0,0,0,,,,
13:19:25,23320.8,23267.7,23193.65,NARROW,23363.55,23193.65,0.748,UPTREND,STRONG_SELL_PREMIUM,RANGE,PREMIUM_SELL_BULL,UPTREND_ADX_29_RANGE,28.58,1,71.4,HIGH,3,0,0,0,0,0,,,,
13:19:40,23319.9,23267.7,23193.65,NARROW,23363.55,23193.65,0.743,UPTREND,STRONG_SELL_PREMIUM,RANGE,PREMIUM_SELL_BULL,UPTREND_ADX_29_RANGE,28.58,1,71.37,HIGH,3,0,0,0,0,0,,,,
13:19:55,23319.8,23267.7,23193.65,NARROW,23363.55,23193.65,0.742,UPTREND,STRONG_SELL_PREMIUM,RANGE,PREMIUM_SELL_BULL,UPTREND_ADX_29_RANGE,28.58,1,71.33,HIGH,3,0,0,0,0,0,,,,
13:20:10,23318.15,23267.7,23193.65,NARROW,23363.55,23193.65,0.733,UPTREND,STRONG_SELL_PREMIUM,RANGE,PREMIUM_SELL_BULL,UPTREND_ADX_26_RANGE,25.75,1,71.29,HIGH,3,0,0,0,0,0,,,,
13:20:25,23317.5,23267.7,23193.65,NARROW,23363.55,23193.65,0.729,UPTREND,STRONG_SELL_PREMIUM,RANGE,PREMIUM_SELL_BULL,UPTREND_ADX_26_RANGE,25.75,1,71.26,HIGH,3,0,0,0,0,0,,,,
13:20:40,23319.15,23267.7,23193.65,NARROW,23363.55,23193.65,0.739,UPTREND,STRONG_SELL_PREMIUM,RANGE,PREMIUM_SELL_BULL,UPTREND_ADX_26_RANGE,25.75,1,71.22,HIGH,3,0,0,0,0,0,,,,
13:20:55,23320.85,23267.7,23193.65,NARROW,23363.55,23193.65,0.749,UPTREND,STRONG_SELL_PREMIUM,RANGE,PREMIUM_SELL_BULL,UPTREND_ADX_26_RANGE,25.75,1,71.18,HIGH,3,0,0,0,0,0,,,,
13:21:10,23322.45,23267.7,23193.65,NARROW,23363.55,23193.65,0.758,UPTREND,STRONG_SELL_PREMIUM,RANGE,PREMIUM_SELL_BULL,UPTREND_ADX_26_RANGE,25.75,1,71.15,HIGH,3,0,0,0,0,0,,,,
13:21:25,23322.15,23267.7,23193.65,NARROW,23363.55,23193.65,0.756,UPTREND,STRONG_SELL_PREMIUM,RANGE,PREMIUM_SELL_BULL,UPTREND_ADX_26_RANGE,25.75,1,71.11,HIGH,3,0,0,0,0,0,,,,
13:21:40,23323.35,23267.7,23193.65,NARROW,23363.55,23193.65,0.763,UPTREND,STRONG_SELL_PREMIUM,RANGE,PREMIUM_SELL_BULL,UPTREND_ADX_26_RANGE,25.75,1,71.08,HIGH,3,0,0,0,0,0,,,,
13:21:55,23323.0,23267.7,23193.65,NARROW,23363.55,23193.65,0.761,UPTREND,STRONG_SELL_PREMIUM,RANGE,PREMIUM_SELL_BULL,UPTREND_ADX_26_RANGE,25.75,1,71.04,HIGH,3,0,0,0,0,0,,,,
13:22:10,23322.4,23267.7,23193.65,NARROW,23363.55,23193.65,0.758,UPTREND,STRONG_SELL_PREMIUM,RANGE,PREMIUM_SELL_BULL,UPTREND_ADX_26_RANGE,26.1,1,71.0,HIGH,3,0,0,0,0,0,,,,
13:22:25,23322.2,23267.7,23193.65,NARROW,23363.55,23193.65,0.757,UPTREND,STRONG_SELL_PREMIUM,RANGE,PREMIUM_SELL_BULL,UPTREND_ADX_26_RANGE,26.1,1,70.97,HIGH,3,0,0,0,0,0,,,,
13:22:40,23318.25,23267.7,23193.65,NARROW,23363.55,23193.65,0.733,UPTREND,STRONG_SELL_PREMIUM,RANGE,PREMIUM_SELL_BULL,UPTREND_ADX_26_RANGE,26.1,1,70.93,HIGH,3,0,0,0,0,0,,,,
13:22:55,23314.6,23267.7,23193.65,NARROW,23363.55,23193.65,0.712,UPTREND,STRONG_SELL_PREMIUM,RANGE,PREMIUM_SELL_BULL,UPTREND_ADX_26_RANGE,26.1,1,70.9,HIGH,3,0,0,0,0,0,,,,
13:23:10,23314.4,23267.7,23193.65,NARROW,23363.55,23193.65,0.711,UPTREND,STRONG_SELL_PREMIUM,RANGE,PREMIUM_SELL_BULL,UPTREND_ADX_26_RANGE,26.18,1,70.86,HIGH,3,0,0,0,0,0,,,,
13:23:25,23314.65,23267.7,23193.65,NARROW,23363.55,23193.65,0.712,UPTREND,STRONG_SELL_PREMIUM,RANGE,PREMIUM_SELL_BULL,UPTREND_ADX_26_RANGE,26.18,1,70.82,HIGH,3,0,0,0,0,0,,,,
13:23:40,23314.15,23267.7,23193.65,NARROW,23363.55,23193.65,0.709,UPTREND,STRONG_SELL_PREMIUM,RANGE,PREMIUM_SELL_BULL,UPTREND_ADX_26_RANGE,26.18,1,70.79,HIGH,3,0,0,0,0,0,,,,
13:23:55,23314.5,23267.7,23193.65,NARROW,23363.55,23193.65,0.711,UPTREND,STRONG_SELL_PREMIUM,RANGE,PREMIUM_SELL_BULL,UPTREND_ADX_26_RANGE,26.18,1,70.75,HIGH,3,0,0,0,0,0,,,,
13:24:10,23313.7,23267.7,23193.65,NARROW,23363.55,23193.65,0.707,UPTREND,STRONG_SELL_PREMIUM,RANGE,PREMIUM_SELL_BULL,UPTREND_ADX_27_RANGE,26.97,1,70.72,HIGH,3,0,0,0,0,0,,,,
13:24:25,23314.1,23267.7,23193.65,NARROW,23363.55,23193.65,0.709,UPTREND,STRONG_SELL_PREMIUM,RANGE,PREMIUM_SELL_BULL,UPTREND_ADX_27_RANGE,26.97,1,70.68,HIGH,3,0,0,0,0,0,,,,
13:24:40,23313.8,23267.7,23193.65,NARROW,23363.55,23193.65,0.707,UPTREND,STRONG_SELL_PREMIUM,RANGE,PREMIUM_SELL_BULL,UPTREND_ADX_27_RANGE,26.97,1,70.65,HIGH,3,0,0,0,0,0,,,,
13:24:56,23310.25,23267.7,23193.65,NARROW,23363.55,23193.65,0.686,UPTREND,STRONG_SELL_PREMIUM,RANGE,PREMIUM_SELL_BULL,UPTREND_ADX_27_RANGE,26.97,1,70.61,HIGH,3,0,0,0,0,0,,,,
13:25:11,23306.55,23267.7,23193.65,NARROW,23363.55,23193.65,0.665,UPTREND,STRONG_SELL_PREMIUM,RANGE,PREMIUM_SELL_BULL,UPTREND_ADX_27_RANGE,26.98,1,70.58,HIGH,3,0,0,0,0,0,,,,
13:25:26,23302.15,23267.7,23193.65,NARROW,23363.55,23193.65,0.639,UPTREND,STRONG_SELL_PREMIUM,RANGE,PREMIUM_SELL_BULL,UPTREND_ADX_27_RANGE,26.98,1,70.54,HIGH,3,0,0,0,0,0,,,,
13:25:41,23297.6,23267.7,23193.65,NARROW,23363.55,23193.65,0.612,UPTREND,STRONG_SELL_PREMIUM,RANGE,PREMIUM_SELL_BULL,UPTREND_ADX_27_RANGE,26.98,1,70.51,HIGH,3,0,0,0,0,0,,,,
13:25:56,23298.7,23267.7,23193.65,NARROW,23363.55,23193.65,0.618,UPTREND,STRONG_SELL_PREMIUM,RANGE,PREMIUM_SELL_BULL,UPTREND_ADX_27_RANGE,26.98,1,70.47,HIGH,3,0,0,0,0,0,,,,
13:26:11,23297.7,23267.7,23193.65,NARROW,23363.55,23193.65,0.612,UPTREND,STRONG_SELL_PREMIUM,RANGE,PREMIUM_SELL_BULL,UPTREND_ADX_28_RANGE,27.66,1,70.43,HIGH,3,0,0,0,0,0,,,,
13:26:26,23297.7,23267.7,23193.65,NARROW,23363.55,23193.65,0.612,UPTREND,STRONG_SELL_PREMIUM,RANGE,PREMIUM_SELL_BULL,UPTREND_ADX_28_RANGE,27.66,1,70.4,HIGH,3,0,0,0,0,0,,,,
13:26:41,23296.9,23267.7,23193.65,NARROW,23363.55,23193.65,0.608,UPTREND,STRONG_SELL_PREMIUM,RANGE,PREMIUM_SELL_BULL,UPTREND_ADX_28_RANGE,27.66,1,70.36,HIGH,3,0,0,0,0,0,,,,
13:26:56,23294.55,23267.7,23193.65,NARROW,23363.55,23193.65,0.594,UPTREND,STRONG_SELL_PREMIUM,RANGE,PREMIUM_SELL_BULL,UPTREND_ADX_28_RANGE,27.66,1,70.33,HIGH,3,0,0,0,0,0,,,,
13:27:11,23287.3,23267.7,23193.65,NARROW,23363.55,23193.65,0.551,RANGE,STRONG_SELL_PREMIUM,RANGE,NO_TRADE,RANGE_DTE3_ADX_29_STRONG_TREND,28.81,1,70.29,HIGH,3,0,0,0,0,0,,,,
13:27:26,23278.6,23267.7,23193.65,NARROW,23363.55,23193.65,0.500,RANGE,STRONG_SELL_PREMIUM,RANGE,NO_TRADE,RANGE_DTE3_ADX_29_STRONG_TREND,28.81,1,70.26,HIGH,3,0,0,0,0,0,,,,
13:27:41,23275.45,23267.7,23193.65,NARROW,23363.55,23193.65,0.481,RANGE,STRONG_SELL_PREMIUM,RANGE,NO_TRADE,RANGE_DTE3_ADX_29_STRONG_TREND,28.81,1,70.22,HIGH,3,0,0,0,0,0,,,,
13:27:56,23275.5,23267.7,23193.65,NARROW,23363.55,23193.65,0.482,RANGE,STRONG_SELL_PREMIUM,RANGE,NO_TRADE,RANGE_DTE3_ADX_29_STRONG_TREND,28.81,1,70.19,HIGH,3,0,0,0,0,0,,,,
13:28:11,23271.75,23267.7,23193.65,NARROW,23363.55,23193.65,0.460,RANGE,STRONG_SELL_PREMIUM,RANGE,NO_TRADE,RANGE_DTE3_ADX_29_STRONG_TREND,29.36,1,70.16,HIGH,3,0,0,0,0,0,,,,
13:28:26,23267.9,23267.7,23193.65,NARROW,23363.55,23193.65,0.437,RANGE,STRONG_SELL_PREMIUM,RANGE,NO_TRADE,RANGE_DTE3_ADX_29_STRONG_TREND,29.36,1,70.12,HIGH,3,0,0,0,0,0,,,,
13:28:41,23278.4,23267.7,23193.65,NARROW,23363.55,23193.65,0.499,RANGE,STRONG_SELL_PREMIUM,RANGE,NO_TRADE,RANGE_DTE3_ADX_29_STRONG_TREND,29.36,1,70.09,HIGH,3,0,0,0,0,0,NO_TRADE,,RANGE_DTE3_ADX_29_STRONG_TREND,
13:28:56,23271.55,23267.7,23193.65,NARROW,23363.55,23193.65,0.459,RANGE,STRONG_SELL_PREMIUM,RANGE,NO_TRADE,RANGE_DTE3_ADX_29_STRONG_TREND,29.36,1,70.05,HIGH,3,0,0,0,0,0,NO_TRADE,,RANGE_DTE3_ADX_29_STRONG_TREND,
13:29:11,23268.5,23267.7,23193.65,NARROW,23363.55,23193.65,0.441,RANGE,STRONG_SELL_PREMIUM,RANGE,NO_TRADE,RANGE_DTE3_ADX_29_STRONG_TREND,29.36,1,70.02,HIGH,3,0,0,0,0,0,NO_TRADE,,RANGE_DTE3_ADX_29_STRONG_TREND,
13:29:26,23265.95,23267.7,23193.65,NARROW,23363.55,23193.65,0.426,RANGE,STRONG_SELL_PREMIUM,RANGE,NO_TRADE,RANGE_DTE3_ADX_29_STRONG_TREND,29.36,1,69.98,HIGH,3,0,0,0,0,0,NO_TRADE,,RANGE_DTE3_ADX_29_STRONG_TREND,
13:29:41,23267.5,23267.7,23193.65,NARROW,23363.55,23193.65,0.435,RANGE,STRONG_SELL_PREMIUM,RANGE,NO_TRADE,RANGE_DTE3_ADX_29_STRONG_TREND,29.36,1,69.95,HIGH,3,0,0,0,0,0,NO_TRADE,,RANGE_DTE3_ADX_29_STRONG_TREND,
13:29:56,23265.7,23267.7,23193.65,NARROW,23363.55,23193.65,0.424,RANGE,STRONG_SELL_PREMIUM,RANGE,NO_TRADE,RANGE_DTE3_ADX_29_STRONG_TREND,29.36,1,69.91,HIGH,3,0,0,0,0,0,NO_TRADE,,RANGE_DTE3_ADX_29_STRONG_TREND,
13:30:11,23254.3,23267.7,23193.65,NARROW,23363.55,23193.65,0.357,RANGE,STRONG_SELL_PREMIUM,RANGE,NO_TRADE,RANGE_DTE3_ADX_32_STRONG_TREND,32.03,1,69.88,HIGH,3,0,0,0,0,0,NO_TRADE,,RANGE_DTE3_ADX_32_STRONG_TREND,
13:30:26,23254.2,23267.7,23193.65,NARROW,23363.55,23193.65,0.356,RANGE,STRONG_SELL_PREMIUM,RANGE,NO_TRADE,RANGE_DTE3_ADX_32_STRONG_TREND,32.03,1,69.85,HIGH,3,0,0,0,0,0,NO_TRADE,,RANGE_DTE3_ADX_32_STRONG_TREND,
13:30:41,23256.2,23267.7,23193.65,NARROW,23363.55,23193.65,0.368,RANGE,STRONG_SELL_PREMIUM,RANGE,NO_TRADE,RANGE_DTE3_ADX_32_STRONG_TREND,32.03,1,69.81,HIGH,3,0,0,0,0,0,NO_TRADE,,RANGE_DTE3_ADX_32_STRONG_TREND,
13:30:56,23258.0,23267.7,23193.65,NARROW,23363.55,23193.65,0.379,RANGE,STRONG_SELL_PREMIUM,RANGE,NO_TRADE,RANGE_DTE3_ADX_32_STRONG_TREND,32.03,1,69.78,HIGH,3,0,0,0,0,0,NO_TRADE,,RANGE_DTE3_ADX_32_STRONG_TREND,
13:31:11,23264.55,23267.7,23193.65,NARROW,23363.55,23193.65,0.417,RANGE,STRONG_SELL_PREMIUM,RANGE,NO_TRADE,RANGE_DTE3_ADX_32_STRONG_TREND,32.03,1,69.74,HIGH,3,0,0,0,0,0,NO_TRADE,,RANGE_DTE3_ADX_32_STRONG_TREND,
13:31:26,23264.2,23267.7,23193.65,NARROW,23363.55,23193.65,0.415,RANGE,STRONG_SELL_PREMIUM,RANGE,NO_TRADE,RANGE_DTE3_ADX_32_STRONG_TREND,32.03,1,69.71,HIGH,3,0,0,0,0,0,NO_TRADE,,RANGE_DTE3_ADX_32_STRONG_TREND,
13:31:41,23261.0,23267.7,23193.65,NARROW,23363.55,23193.65,0.396,RANGE,STRONG_SELL_PREMIUM,RANGE,NO_TRADE,RANGE_DTE3_ADX_32_STRONG_TREND,32.03,1,69.67,HIGH,3,0,0,0,0,0,NO_TRADE,,RANGE_DTE3_ADX_32_STRONG_TREND,
13:31:56,23259.05,23267.7,23193.65,NARROW,23363.55,23193.65,0.385,RANGE,STRONG_SELL_PREMIUM,RANGE,NO_TRADE,RANGE_DTE3_ADX_32_STRONG_TREND,32.03,1,69.64,HIGH,3,0,0,0,0,0,NO_TRADE,,RANGE_DTE3_ADX_32_STRONG_TREND,
13:32:11,23261.3,23267.7,23193.65,NARROW,23363.55,23193.65,0.398,RANGE,STRONG_SELL_PREMIUM,RANGE,NO_TRADE,RANGE_DTE3_ADX_32_STRONG_TREND,32.03,1,69.61,HIGH,3,0,0,0,0,0,NO_TRADE,,RANGE_DTE3_ADX_32_STRONG_TREND,
13:32:26,23263.6,23267.7,23193.65,NARROW,23363.55,23193.65,0.412,RANGE,STRONG_SELL_PREMIUM,RANGE,NO_TRADE,RANGE_DTE3_ADX_32_STRONG_TREND,32.03,1,69.57,HIGH,3,0,0,0,0,0,NO_TRADE,,RANGE_DTE3_ADX_32_STRONG_TREND,
13:32:41,23265.55,23267.7,23193.65,NARROW,23363.55,23193.65,0.423,RANGE,STRONG_SELL_PREMIUM,RANGE,NO_TRADE,RANGE_DTE3_ADX_32_STRONG_TREND,32.03,1,69.54,HIGH,3,0,0,0,0,0,NO_TRADE,,RANGE_DTE3_ADX_32_STRONG_TREND,
13:32:56,23264.75,23267.7,23193.65,NARROW,23363.55,23193.65,0.418,RANGE,STRONG_SELL_PREMIUM,RANGE,NO_TRADE,RANGE_DTE3_ADX_32_STRONG_TREND,32.03,1,69.51,HIGH,3,0,0,0,0,0,NO_TRADE,,RANGE_DTE3_ADX_32_STRONG_TREND,
13:33:11,23264.15,23267.7,23193.65,NARROW,23363.55,23193.65,0.415,RANGE,STRONG_SELL_PREMIUM,RANGE,NO_TRADE,RANGE_DTE3_ADX_32_STRONG_TREND,32.03,1,69.47,HIGH,3,0,0,0,0,0,NO_TRADE,,RANGE_DTE3_ADX_32_STRONG_TREND,
13:33:26,23259.95,23267.7,23193.65,NARROW,23363.55,23193.65,0.390,RANGE,STRONG_SELL_PREMIUM,RANGE,NO_TRADE,RANGE_DTE3_ADX_32_STRONG_TREND,32.03,1,69.44,HIGH,3,0,0,0,0,0,NO_TRADE,,RANGE_DTE3_ADX_32_STRONG_TREND,
13:33:41,23256.0,23267.7,23193.65,NARROW,23363.55,23193.65,0.367,RANGE,STRONG_SELL_PREMIUM,RANGE,NO_TRADE,RANGE_DTE3_ADX_32_STRONG_TREND,32.03,1,69.4,HIGH,3,0,0,0,0,0,NO_TRADE,,RANGE_DTE3_ADX_32_STRONG_TREND,
13:33:56,23254.7,23267.7,23193.65,NARROW,23363.55,23193.65,0.359,RANGE,STRONG_SELL_PREMIUM,RANGE,NO_TRADE,RANGE_DTE3_ADX_32_STRONG_TREND,32.03,1,69.37,HIGH,3,0,0,0,0,0,NO_TRADE,,RANGE_DTE3_ADX_32_STRONG_TREND,
13:34:11,23257.1,23267.7,23193.65,NARROW,23363.55,23193.65,0.373,RANGE,STRONG_SELL_PREMIUM,RANGE,NO_TRADE,RANGE_DTE3_ADX_32_STRONG_TREND,32.03,1,69.34,HIGH,3,0,0,0,0,0,NO_TRADE,,RANGE_DTE3_ADX_32_STRONG_TREND,
13:34:26,23257.8,23267.7,23193.65,NARROW,23363.55,23193.65,0.378,RANGE,STRONG_SELL_PREMIUM,RANGE,NO_TRADE,RANGE_DTE3_ADX_32_STRONG_TREND,32.03,1,69.3,HIGH,3,0,0,0,0,0,NO_TRADE,,RANGE_DTE3_ADX_32_STRONG_TREND,
13:34:41,23259.3,23267.7,23193.65,NARROW,23363.55,23193.65,0.386,RANGE,STRONG_SELL_PREMIUM,RANGE,NO_TRADE,RANGE_DTE3_ADX_32_STRONG_TREND,32.03,1,69.27,HIGH,3,0,0,0,0,0,NO_TRADE,,RANGE_DTE3_ADX_32_STRONG_TREND,
13:34:57,23260.85,23267.7,23193.65,NARROW,23363.55,23193.65,0.396,RANGE,STRONG_SELL_PREMIUM,RANGE,NO_TRADE,RANGE_DTE3_ADX_32_STRONG_TREND,32.03,1,69.24,HIGH,3,0,0,0,0,0,NO_TRADE,,RANGE_DTE3_ADX_32_STRONG_TREND,
13:35:12,23246.05,23267.7,23193.65,NARROW,23363.55,23193.65,0.308,RANGE,STRONG_SELL_PREMIUM,RANGE,NO_TRADE,RANGE_DTE3_ADX_35_STRONG_TREND,34.77,1,69.2,HIGH,3,0,0,0,0,0,NO_TRADE,,RANGE_DTE3_ADX_35_STRONG_TREND,
13:35:27,23246.7,23267.7,23193.65,NARROW,23363.55,23193.65,0.312,RANGE,STRONG_SELL_PREMIUM,RANGE,NO_TRADE,RANGE_DTE3_ADX_35_STRONG_TREND,34.77,1,69.17,HIGH,3,0,0,0,0,0,NO_TRADE,,RANGE_DTE3_ADX_35_STRONG_TREND,
13:35:42,23253.35,23267.7,23193.65,NARROW,23363.55,23193.65,0.351,RANGE,STRONG_SELL_PREMIUM,RANGE,NO_TRADE,RANGE_DTE3_ADX_35_STRONG_TREND,34.77,1,69.14,HIGH,3,0,0,0,0,0,NO_TRADE,,RANGE_DTE3_ADX_35_STRONG_TREND,
13:35:57,23251.65,23267.7,23193.65,NARROW,23363.55,23193.65,0.341,RANGE,STRONG_SELL_PREMIUM,RANGE,NO_TRADE,RANGE_DTE3_ADX_35_STRONG_TREND,34.77,1,69.1,HIGH,3,0,0,0,0,0,NO_TRADE,,RANGE_DTE3_ADX_35_STRONG_TREND,
13:36:12,23245.55,23267.7,23193.65,NARROW,23363.55,23193.65,0.305,RANGE,STRONG_SELL_PREMIUM,RANGE,NO_TRADE,RANGE_DTE3_ADX_35_STRONG_TREND,34.78,1,69.07,HIGH,3,0,0,0,0,0,NO_TRADE,,RANGE_DTE3_ADX_35_STRONG_TREND,
13:36:27,23248.25,23267.7,23193.65,NARROW,23363.55,23193.65,0.321,RANGE,STRONG_SELL_PREMIUM,RANGE,NO_TRADE,RANGE_DTE3_ADX_35_STRONG_TREND,34.78,1,69.04,HIGH,3,0,0,0,0,0,NO_TRADE,,RANGE_DTE3_ADX_35_STRONG_TREND,
13:36:42,23247.4,23267.7,23193.65,NARROW,23363.55,23193.65,0.316,RANGE,STRONG_SELL_PREMIUM,RANGE,NO_TRADE,RANGE_DTE3_ADX_35_STRONG_TREND,34.78,1,69.01,HIGH,3,0,0,0,0,0,NO_TRADE,,RANGE_DTE3_ADX_35_STRONG_TREND,
13:36:57,23246.95,23267.7,23193.65,NARROW,23363.55,23193.65,0.314,RANGE,STRONG_SELL_PREMIUM,RANGE,NO_TRADE,RANGE_DTE3_ADX_35_STRONG_TREND,34.78,1,68.97,HIGH,3,0,0,0,0,0,NO_TRADE,,RANGE_DTE3_ADX_35_STRONG_TREND,
13:37:12,23247.55,23267.7,23193.65,NARROW,23363.55,23193.65,0.317,RANGE,STRONG_SELL_PREMIUM,RANGE,NO_TRADE,RANGE_DTE3_ADX_35_STRONG_TREND,34.78,1,68.94,HIGH,3,0,0,0,0,0,NO_TRADE,,RANGE_DTE3_ADX_35_STRONG_TREND,
13:37:27,23253.5,23267.7,23193.65,NARROW,23363.55,23193.65,0.352,RANGE,STRONG_SELL_PREMIUM,RANGE,NO_TRADE,RANGE_DTE3_ADX_35_STRONG_TREND,34.78,1,68.91,HIGH,3,0,0,0,0,0,NO_TRADE,,RANGE_DTE3_ADX_35_STRONG_TREND,
13:37:42,23256.55,23267.7,23193.65,NARROW,23363.55,23193.65,0.370,RANGE,STRONG_SELL_PREMIUM,RANGE,NO_TRADE,RANGE_DTE3_ADX_35_STRONG_TREND,34.78,1,68.87,HIGH,3,0,0,0,0,0,NO_TRADE,,RANGE_DTE3_ADX_35_STRONG_TREND,
13:37:57,23254.65,23267.7,23193.65,NARROW,23363.55,23193.65,0.359,RANGE,STRONG_SELL_PREMIUM,RANGE,NO_TRADE,RANGE_DTE3_ADX_35_STRONG_TREND,34.78,1,68.84,HIGH,3,0,0,0,0,0,NO_TRADE,,RANGE_DTE3_ADX_35_STRONG_TREND,
13:38:12,23256.1,23267.7,23193.65,NARROW,23363.55,23193.65,0.368,RANGE,STRONG_SELL_PREMIUM,RANGE,NO_TRADE,RANGE_DTE3_ADX_35_STRONG_TREND,34.78,1,68.81,HIGH,3,0,0,0,0,0,NO_TRADE,,RANGE_DTE3_ADX_35_STRONG_TREND,
13:38:27,23253.7,23267.7,23193.65,NARROW,23363.55,23193.65,0.353,RANGE,STRONG_SELL_PREMIUM,RANGE,NO_TRADE,RANGE_DTE3_ADX_35_STRONG_TREND,34.78,1,68.78,HIGH,3,0,0,0,0,0,NO_TRADE,,RANGE_DTE3_ADX_35_STRONG_TREND,
13:38:42,23253.75,23267.7,23193.65,NARROW,23363.55,23193.65,0.354,RANGE,STRONG_SELL_PREMIUM,RANGE,NO_TRADE,RANGE_DTE3_ADX_35_STRONG_TREND,34.78,1,68.74,HIGH,3,0,0,0,0,0,NO_TRADE,,RANGE_DTE3_ADX_35_STRONG_TREND,
13:38:57,23256.75,23267.7,23193.65,NARROW,23363.55,23193.65,0.371,RANGE,STRONG_SELL_PREMIUM,RANGE,NO_TRADE,RANGE_DTE3_ADX_35_STRONG_TREND,34.78,1,68.71,HIGH,3,0,0,0,0,0,NO_TRADE,,RANGE_DTE3_ADX_35_STRONG_TREND,
13:39:12,23258.6,23267.7,23193.65,NARROW,23363.55,23193.65,0.382,RANGE,STRONG_SELL_PREMIUM,RANGE,NO_TRADE,RANGE_DTE3_ADX_35_STRONG_TREND,34.78,1,68.68,HIGH,3,0,0,0,0,0,NO_TRADE,,RANGE_DTE3_ADX_35_STRONG_TREND,
13:39:27,23260.95,23267.7,23193.65,NARROW,23363.55,23193.65,0.396,RANGE,STRONG_SELL_PREMIUM,RANGE,NO_TRADE,RANGE_DTE3_ADX_35_STRONG_TREND,34.78,1,68.65,HIGH,3,0,0,0,0,0,NO_TRADE,,RANGE_DTE3_ADX_35_STRONG_TREND,
13:39:42,23261.1,23267.7,23193.65,NARROW,23363.55,23193.65,0.397,RANGE,STRONG_SELL_PREMIUM,RANGE,NO_TRADE,RANGE_DTE3_ADX_35_STRONG_TREND,34.78,1,68.61,HIGH,3,0,0,0,0,0,NO_TRADE,,RANGE_DTE3_ADX_35_STRONG_TREND,
13:39:57,23258.2,23267.7,23193.65,NARROW,23363.55,23193.65,0.380,RANGE,STRONG_SELL_PREMIUM,RANGE,NO_TRADE,RANGE_DTE3_ADX_35_STRONG_TREND,34.78,1,68.58,HIGH,3,0,0,0,0,0,NO_TRADE,,RANGE_DTE3_ADX_35_STRONG_TREND,
13:40:12,23263.65,23267.7,23193.65,NARROW,23363.55,23193.65,0.412,RANGE,STRONG_SELL_PREMIUM,RANGE,NO_TRADE,RANGE_DTE3_ADX_36_STRONG_TREND,36.06,1,68.55,HIGH,3,0,0,0,0,0,NO_TRADE,,RANGE_DTE3_ADX_36_STRONG_TREND,
13:40:27,23267.9,23267.7,23193.65,NARROW,23363.55,23193.65,0.437,RANGE,STRONG_SELL_PREMIUM,RANGE,NO_TRADE,RANGE_DTE3_ADX_36_STRONG_TREND,36.06,1,68.51,HIGH,3,0,0,0,0,0,NO_TRADE,,RANGE_DTE3_ADX_36_STRONG_TREND,
13:40:42,23267.9,23267.7,23193.65,NARROW,23363.55,23193.65,0.437,RANGE,STRONG_SELL_PREMIUM,RANGE,NO_TRADE,RANGE_DTE3_ADX_36_STRONG_TREND,36.06,1,68.48,HIGH,3,0,0,0,0,0,NO_TRADE,,RANGE_DTE3_ADX_36_STRONG_TREND,
13:40:57,23268.05,23267.7,23193.65,NARROW,23363.55,23193.65,0.438,RANGE,STRONG_SELL_PREMIUM,RANGE,NO_TRADE,RANGE_DTE3_ADX_36_STRONG_TREND,36.06,1,68.45,HIGH,3,0,0,0,0,0,NO_TRADE,,RANGE_DTE3_ADX_36_STRONG_TREND,
13:41:12,23269.15,23267.7,23193.65,NARROW,23363.55,23193.65,0.444,RANGE,STRONG_SELL_PREMIUM,RANGE,NO_TRADE,RANGE_DTE3_ADX_35_STRONG_TREND,34.88,1,68.42,HIGH,3,0,0,0,0,0,NO_TRADE,,RANGE_DTE3_ADX_35_STRONG_TREND,
13:41:27,23268.25,23267.7,23193.65,NARROW,23363.55,23193.65,0.439,RANGE,STRONG_SELL_PREMIUM,RANGE,NO_TRADE,RANGE_DTE3_ADX_35_STRONG_TREND,34.88,1,68.39,HIGH,3,0,0,0,0,0,NO_TRADE,,RANGE_DTE3_ADX_35_STRONG_TREND,
13:41:42,23275.35,23267.7,23193.65,NARROW,23363.55,23193.65,0.481,RANGE,STRONG_SELL_PREMIUM,RANGE,NO_TRADE,RANGE_DTE3_ADX_35_STRONG_TREND,34.88,1,68.35,HIGH,3,0,0,0,0,0,NO_TRADE,,RANGE_DTE3_ADX_35_STRONG_TREND,
13:41:57,23277.1,23267.7,23193.65,NARROW,23363.55,23193.65,0.491,RANGE,STRONG_SELL_PREMIUM,RANGE,NO_TRADE,RANGE_DTE3_ADX_35_STRONG_TREND,34.88,1,68.32,HIGH,3,0,0,0,0,0,NO_TRADE,,RANGE_DTE3_ADX_35_STRONG_TREND,
13:42:12,23269.95,23267.7,23193.65,NARROW,23363.55,23193.65,0.449,RANGE,STRONG_SELL_PREMIUM,RANGE,NO_TRADE,RANGE_DTE3_ADX_35_STRONG_TREND,34.88,1,68.29,HIGH,3,0,0,0,0,0,NO_TRADE,,RANGE_DTE3_ADX_35_STRONG_TREND,
13:42:27,23268.4,23267.7,23193.65,NARROW,23363.55,23193.65,0.440,RANGE,STRONG_SELL_PREMIUM,RANGE,NO_TRADE,RANGE_DTE3_ADX_35_STRONG_TREND,34.88,1,68.26,HIGH,3,0,0,0,0,0,NO_TRADE,,RANGE_DTE3_ADX_35_STRONG_TREND,
13:42:42,23267.75,23267.7,23193.65,NARROW,23363.55,23193.65,0.436,RANGE,STRONG_SELL_PREMIUM,RANGE,NO_TRADE,RANGE_DTE3_ADX_35_STRONG_TREND,34.88,1,68.23,HIGH,3,0,0,0,0,0,NO_TRADE,,RANGE_DTE3_ADX_35_STRONG_TREND,
13:42:57,23267.95,23267.7,23193.65,NARROW,23363.55,23193.65,0.437,RANGE,STRONG_SELL_PREMIUM,RANGE,NO_TRADE,RANGE_DTE3_ADX_35_STRONG_TREND,34.88,1,68.19,HIGH,3,0,0,0,0,0,NO_TRADE,,RANGE_DTE3_ADX_35_STRONG_TREND,
13:43:12,23266.5,23267.7,23193.65,NARROW,23363.55,23193.65,0.429,RANGE,STRONG_SELL_PREMIUM,RANGE,NO_TRADE,RANGE_DTE3_ADX_35_STRONG_TREND,34.88,1,68.16,HIGH,3,0,0,0,0,0,NO_TRADE,,RANGE_DTE3_ADX_35_STRONG_TREND,
13:43:27,23269.9,23267.7,23193.65,NARROW,23363.55,23193.65,0.449,RANGE,STRONG_SELL_PREMIUM,RANGE,NO_TRADE,RANGE_DTE3_ADX_35_STRONG_TREND,34.88,1,68.13,HIGH,3,0,0,0,0,0,NO_TRADE,,RANGE_DTE3_ADX_35_STRONG_TREND,
13:43:42,23269.75,23267.7,23193.65,NARROW,23363.55,23193.65,0.448,RANGE,STRONG_SELL_PREMIUM,RANGE,NO_TRADE,RANGE_DTE3_ADX_35_STRONG_TREND,34.88,1,68.1,HIGH,3,0,0,0,0,0,NO_TRADE,,RANGE_DTE3_ADX_35_STRONG_TREND,
13:43:58,23268.6,23267.7,23193.65,NARROW,23363.55,23193.65,0.441,RANGE,STRONG_SELL_PREMIUM,RANGE,NO_TRADE,RANGE_DTE3_ADX_35_STRONG_TREND,34.88,1,68.07,HIGH,3,0,0,0,0,0,NO_TRADE,,RANGE_DTE3_ADX_35_STRONG_TREND,
13:44:13,23270.65,23267.7,23193.65,NARROW,23363.55,23193.65,0.453,RANGE,STRONG_SELL_PREMIUM,RANGE,NO_TRADE,RANGE_DTE3_ADX_35_STRONG_TREND,34.88,1,68.04,HIGH,3,0,0,0,0,0,NO_TRADE,,RANGE_DTE3_ADX_35_STRONG_TREND,
13:44:28,23267.4,23267.7,23193.65,NARROW,23363.55,23193.65,0.434,RANGE,STRONG_SELL_PREMIUM,RANGE,NO_TRADE,RANGE_DTE3_ADX_35_STRONG_TREND,34.88,1,68.0,HIGH,3,0,0,0,0,0,NO_TRADE,,RANGE_DTE3_ADX_35_STRONG_TREND,
13:44:43,23263.5,23267.7,23193.65,NARROW,23363.55,23193.65,0.411,RANGE,STRONG_SELL_PREMIUM,RANGE,NO_TRADE,RANGE_DTE3_ADX_35_STRONG_TREND,34.88,1,67.97,HIGH,3,0,0,0,0,0,NO_TRADE,,RANGE_DTE3_ADX_35_STRONG_TREND,
13:44:57,23263.3,23267.7,23193.65,NARROW,23363.55,23193.65,0.410,RANGE,STRONG_SELL_PREMIUM,RANGE,NO_TRADE,RANGE_DTE3_ADX_35_STRONG_TREND,34.88,1,67.94,HIGH,3,0,0,0,0,0,NO_TRADE,,RANGE_DTE3_ADX_35_STRONG_TREND,
13:45:13,23265.0,23267.7,23193.65,NARROW,23363.55,23193.65,0.420,CHOPPY,STRONG_SELL_PREMIUM,RANGE,NO_TRADE,NO_TRADE:CHOPPY_MARKET,34.96,1,67.91,NONE,3,1,0,0,0,0,NO_TRADE,,NO_TRADE:CHOPPY_MARKET,
13:45:28,23262.35,23267.7,23193.65,NARROW,23363.55,23193.65,0.404,CHOPPY,STRONG_SELL_PREMIUM,RANGE,NO_TRADE,NO_TRADE:CHOPPY_MARKET,34.96,1,67.88,NONE,3,1,0,0,0,0,NO_TRADE,,NO_TRADE:CHOPPY_MARKET,
13:45:43,23264.4,23267.7,23193.65,NARROW,23363.55,23193.65,0.416,CHOPPY,STRONG_SELL_PREMIUM,RANGE,NO_TRADE,NO_TRADE:CHOPPY_MARKET,34.96,1,67.85,NONE,3,1,0,0,0,0,NO_TRADE,,NO_TRADE:CHOPPY_MARKET,
13:45:58,23266.95,23267.7,23193.65,NARROW,23363.55,23193.65,0.431,CHOPPY,STRONG_SELL_PREMIUM,RANGE,NO_TRADE,NO_TRADE:CHOPPY_MARKET,34.96,1,67.82,NONE,3,1,0,0,0,0,NO_TRADE,,NO_TRADE:CHOPPY_MARKET,
13:46:13,23270.75,23267.7,23193.65,NARROW,23363.55,23193.65,0.454,CHOPPY,STRONG_SELL_PREMIUM,RANGE,NO_TRADE,NO_TRADE:CHOPPY_MARKET,34.96,1,67.78,NONE,3,1,0,0,0,0,NO_TRADE,,NO_TRADE:CHOPPY_MARKET,
13:46:28,23270.95,23267.7,23193.65,NARROW,23363.55,23193.65,0.455,CHOPPY,STRONG_SELL_PREMIUM,RANGE,NO_TRADE,NO_TRADE:CHOPPY_MARKET,34.96,1,67.75,NONE,3,1,0,0,0,0,NO_TRADE,,NO_TRADE:CHOPPY_MARKET,
13:46:43,23271.35,23267.7,23193.65,NARROW,23363.55,23193.65,0.457,CHOPPY,STRONG_SELL_PREMIUM,RANGE,NO_TRADE,NO_TRADE:CHOPPY_MARKET,34.96,1,67.72,NONE,3,1,0,0,0,0,NO_TRADE,,NO_TRADE:CHOPPY_MARKET,
13:46:58,23269.2,23267.7,23193.65,NARROW,23363.55,23193.65,0.445,CHOPPY,STRONG_SELL_PREMIUM,RANGE,NO_TRADE,NO_TRADE:CHOPPY_MARKET,34.96,1,67.69,NONE,3,1,0,0,0,0,NO_TRADE,,NO_TRADE:CHOPPY_MARKET,
13:47:13,23274.2,23267.7,23193.65,NARROW,23363.55,23193.65,0.474,CHOPPY,STRONG_SELL_PREMIUM,RANGE,NO_TRADE,NO_TRADE:CHOPPY_MARKET,34.96,1,67.66,NONE,3,1,0,0,0,0,NO_TRADE,,NO_TRADE:CHOPPY_MARKET,
13:47:28,23270.4,23267.7,23193.65,NARROW,23363.55,23193.65,0.452,CHOPPY,STRONG_SELL_PREMIUM,RANGE,NO_TRADE,NO_TRADE:CHOPPY_MARKET,34.96,1,67.63,NONE,3,1,0,0,0,0,NO_TRADE,,NO_TRADE:CHOPPY_MARKET,
13:47:43,23273.75,23267.7,23193.65,NARROW,23363.55,23193.65,0.471,CHOPPY,STRONG_SELL_PREMIUM,RANGE,NO_TRADE,NO_TRADE:CHOPPY_MARKET,34.96,1,67.6,NONE,3,1,0,0,0,0,NO_TRADE,,NO_TRADE:CHOPPY_MARKET,
13:47:58,23274.5,23267.7,23193.65,NARROW,23363.55,23193.65,0.476,CHOPPY,STRONG_SELL_PREMIUM,RANGE,NO_TRADE,NO_TRADE:CHOPPY_MARKET,34.96,1,67.57,NONE,3,1,0,0,0,0,NO_TRADE,,NO_TRADE:CHOPPY_MARKET,
13:48:13,23272.85,23267.7,23193.65,NARROW,23363.55,23193.65,0.466,CHOPPY,STRONG_SELL_PREMIUM,RANGE,NO_TRADE,NO_TRADE:CHOPPY_MARKET,34.96,1,67.53,NONE,3,1,0,0,0,0,NO_TRADE,,NO_TRADE:CHOPPY_MARKET,
13:48:28,23273.9,23267.7,23193.65,NARROW,23363.55,23193.65,0.472,CHOPPY,STRONG_SELL_PREMIUM,RANGE,NO_TRADE,NO_TRADE:CHOPPY_MARKET,34.96,1,67.5,NONE,3,1,0,0,0,0,NO_TRADE,,NO_TRADE:CHOPPY_MARKET,
13:48:43,23267.55,23267.7,23193.65,NARROW,23363.55,23193.65,0.435,CHOPPY,STRONG_SELL_PREMIUM,RANGE,NO_TRADE,NO_TRADE:CHOPPY_MARKET,34.96,1,67.47,NONE,3,1,0,0,0,0,NO_TRADE,,NO_TRADE:CHOPPY_MARKET,
13:48:58,23266.2,23267.7,23193.65,NARROW,23363.55,23193.65,0.427,CHOPPY,STRONG_SELL_PREMIUM,RANGE,NO_TRADE,NO_TRADE:CHOPPY_MARKET,34.96,1,67.44,NONE,3,1,0,0,0,0,NO_TRADE,,NO_TRADE:CHOPPY_MARKET,
13:49:13,23268.7,23267.7,23193.65,NARROW,23363.55,23193.65,0.442,CHOPPY,STRONG_SELL_PREMIUM,RANGE,NO_TRADE,NO_TRADE:CHOPPY_MARKET,34.96,1,67.41,NONE,3,1,0,0,0,0,NO_TRADE,,NO_TRADE:CHOPPY_MARKET,
13:49:28,23268.1,23267.7,23193.65,NARROW,23363.55,23193.65,0.438,CHOPPY,STRONG_SELL_PREMIUM,RANGE,NO_TRADE,NO_TRADE:CHOPPY_MARKET,34.96,1,67.38,NONE,3,1,0,0,0,0,NO_TRADE,,NO_TRADE:CHOPPY_MARKET,
13:49:43,23269.1,23267.7,23193.65,NARROW,23363.55,23193.65,0.444,CHOPPY,STRONG_SELL_PREMIUM,RANGE,NO_TRADE,NO_TRADE:CHOPPY_MARKET,34.96,1,67.35,NONE,3,1,0,0,0,0,NO_TRADE,,NO_TRADE:CHOPPY_MARKET,
13:49:58,23267.75,23267.7,23193.65,NARROW,23363.55,23193.65,0.436,CHOPPY,STRONG_SELL_PREMIUM,RANGE,NO_TRADE,NO_TRADE:CHOPPY_MARKET,34.96,1,67.32,NONE,3,1,0,0,0,0,NO_TRADE,,NO_TRADE:CHOPPY_MARKET,
13:50:13,23269.05,23267.7,23193.65,NARROW,23363.55,23193.65,0.444,CHOPPY,STRONG_SELL_PREMIUM,RANGE,NO_TRADE,NO_TRADE:CHOPPY_MARKET,35.04,1,67.29,NONE,3,1,0,0,0,0,NO_TRADE,,NO_TRADE:CHOPPY_MARKET,
13:50:28,23267.8,23267.7,23193.65,NARROW,23363.55,23193.65,0.436,CHOPPY,STRONG_SELL_PREMIUM,RANGE,NO_TRADE,NO_TRADE:CHOPPY_MARKET,35.04,1,67.26,NONE,3,1,0,0,0,0,NO_TRADE,,NO_TRADE:CHOPPY_MARKET,
13:50:43,23268.35,23267.7,23193.65,NARROW,23363.55,23193.65,0.440,CHOPPY,STRONG_SELL_PREMIUM,RANGE,NO_TRADE,NO_TRADE:CHOPPY_MARKET,35.04,1,67.23,NONE,3,1,0,0,0,0,NO_TRADE,,NO_TRADE:CHOPPY_MARKET,
13:50:58,23269.5,23267.7,23193.65,NARROW,23363.55,23193.65,0.446,CHOPPY,STRONG_SELL_PREMIUM,RANGE,NO_TRADE,NO_TRADE:CHOPPY_MARKET,35.04,1,67.2,NONE,3,1,0,0,0,0,NO_TRADE,,NO_TRADE:CHOPPY_MARKET,
13:51:13,23272.0,23267.7,23193.65,NARROW,23363.55,23193.65,0.461,CHOPPY,STRONG_SELL_PREMIUM,RANGE,NO_TRADE,NO_TRADE:CHOPPY_MARKET,35.04,1,67.17,NONE,3,1,0,0,0,0,NO_TRADE,,NO_TRADE:CHOPPY_MARKET,
13:51:28,23270.4,23267.7,23193.65,NARROW,23363.55,23193.65,0.452,CHOPPY,STRONG_SELL_PREMIUM,RANGE,NO_TRADE,NO_TRADE:CHOPPY_MARKET,35.04,1,67.14,NONE,3,1,0,0,0,0,NO_TRADE,,NO_TRADE:CHOPPY_MARKET,
13:51:43,23269.85,23267.7,23193.65,NARROW,23363.55,23193.65,0.448,CHOPPY,STRONG_SELL_PREMIUM,RANGE,NO_TRADE,NO_TRADE:CHOPPY_MARKET,35.04,1,67.11,NONE,3,1,0,0,0,0,NO_TRADE,,NO_TRADE:CHOPPY_MARKET,
13:51:58,23271.2,23267.7,23193.65,NARROW,23363.55,23193.65,0.456,CHOPPY,STRONG_SELL_PREMIUM,RANGE,NO_TRADE,NO_TRADE:CHOPPY_MARKET,35.04,1,67.08,NONE,3,1,0,0,0,0,NO_TRADE,,NO_TRADE:CHOPPY_MARKET,
13:52:13,23275.65,23267.7,23193.65,NARROW,23363.55,23193.65,0.483,CHOPPY,STRONG_SELL_PREMIUM,RANGE,NO_TRADE,NO_TRADE:CHOPPY_MARKET,35.03,1,67.04,NONE,3,1,0,0,0,0,NO_TRADE,,NO_TRADE:CHOPPY_MARKET,
13:52:28,23274.85,23267.7,23193.65,NARROW,23363.55,23193.65,0.478,CHOPPY,STRONG_SELL_PREMIUM,RANGE,NO_TRADE,NO_TRADE:CHOPPY_MARKET,35.03,1,67.01,NONE,3,1,0,0,0,0,NO_TRADE,,NO_TRADE:CHOPPY_MARKET,
13:52:43,23272.65,23267.7,23193.65,NARROW,23363.55,23193.65,0.465,CHOPPY,STRONG_SELL_PREMIUM,RANGE,NO_TRADE,NO_TRADE:CHOPPY_MARKET,35.03,1,66.98,NONE,3,1,0,0,0,0,NO_TRADE,,NO_TRADE:CHOPPY_MARKET,
13:52:59,23271.85,23267.7,23193.65,NARROW,23363.55,23193.65,0.460,CHOPPY,STRONG_SELL_PREMIUM,RANGE,NO_TRADE,NO_TRADE:CHOPPY_MARKET,35.03,1,66.95,NONE,3,1,0,0,0,0,NO_TRADE,,NO_TRADE:CHOPPY_MARKET,
13:53:13,23268.75,23267.7,23193.65,NARROW,23363.55,23193.65,0.442,CHOPPY,STRONG_SELL_PREMIUM,RANGE,NO_TRADE,NO_TRADE:CHOPPY_MARKET,35.03,1,66.92,NONE,3,1,0,0,0,0,NO_TRADE,,NO_TRADE:CHOPPY_MARKET,
13:53:28,23266.9,23267.7,23193.65,NARROW,23363.55,23193.65,0.431,CHOPPY,STRONG_SELL_PREMIUM,RANGE,NO_TRADE,NO_TRADE:CHOPPY_MARKET,35.03,1,66.89,NONE,3,1,0,0,0,0,NO_TRADE,,NO_TRADE:CHOPPY_MARKET,
13:53:43,23266.45,23267.7,23193.65,NARROW,23363.55,23193.65,0.428,CHOPPY,STRONG_SELL_PREMIUM,RANGE,NO_TRADE,NO_TRADE:CHOPPY_MARKET,35.03,1,66.86,NONE,3,1,0,0,0,0,NO_TRADE,,NO_TRADE:CHOPPY_MARKET,
13:53:58,23266.45,23267.7,23193.65,NARROW,23363.55,23193.65,0.428,CHOPPY,STRONG_SELL_PREMIUM,RANGE,NO_TRADE,NO_TRADE:CHOPPY_MARKET,35.03,1,66.83,NONE,3,1,0,0,0,0,NO_TRADE,,NO_TRADE:CHOPPY_MARKET,
13:54:13,23262.4,23267.7,23193.65,NARROW,23363.55,23193.65,0.405,CHOPPY,STRONG_SELL_PREMIUM,RANGE,NO_TRADE,NO_TRADE:CHOPPY_MARKET,35.1,1,66.8,NONE,3,1,0,0,0,0,NO_TRADE,,NO_TRADE:CHOPPY_MARKET,
13:54:29,23263.7,23267.7,23193.65,NARROW,23363.55,23193.65,0.412,CHOPPY,STRONG_SELL_PREMIUM,RANGE,NO_TRADE,NO_TRADE:CHOPPY_MARKET,35.1,1,66.77,NONE,3,1,0,0,0,0,NO_TRADE,,NO_TRADE:CHOPPY_MARKET,
13:54:44,23266.8,23267.7,23193.65,NARROW,23363.55,23193.65,0.431,CHOPPY,STRONG_SELL_PREMIUM,RANGE,NO_TRADE,NO_TRADE:CHOPPY_MARKET,35.1,1,66.74,NONE,3,1,0,0,0,0,NO_TRADE,,NO_TRADE:CHOPPY_MARKET,
13:54:59,23267.7,23267.7,23193.65,NARROW,23363.55,23193.65,0.436,CHOPPY,STRONG_SELL_PREMIUM,RANGE,NO_TRADE,NO_TRADE:CHOPPY_MARKET,35.1,1,66.71,NONE,3,1,0,0,0,0,NO_TRADE,,NO_TRADE:CHOPPY_MARKET,
13:55:14,23265.2,23267.7,23193.65,NARROW,23363.55,23193.65,0.421,CHOPPY,STRONG_SELL_PREMIUM,RANGE,NO_TRADE,NO_TRADE:CHOPPY_MARKET,35.22,1,66.68,NONE,3,1,0,0,0,0,NO_TRADE,,NO_TRADE:CHOPPY_MARKET,
13:55:29,23263.35,23267.7,23193.65,NARROW,23363.55,23193.65,0.410,CHOPPY,STRONG_SELL_PREMIUM,RANGE,NO_TRADE,NO_TRADE:CHOPPY_MARKET,35.22,1,66.65,NONE,3,1,0,0,0,0,NO_TRADE,,NO_TRADE:CHOPPY_MARKET,
13:55:44,23265.7,23267.7,23193.65,NARROW,23363.55,23193.65,0.424,CHOPPY,STRONG_SELL_PREMIUM,RANGE,NO_TRADE,NO_TRADE:CHOPPY_MARKET,35.22,1,66.63,NONE,3,1,0,0,0,0,NO_TRADE,,NO_TRADE:CHOPPY_MARKET,
13:55:59,23267.5,23267.7,23193.65,NARROW,23363.55,23193.65,0.435,CHOPPY,STRONG_SELL_PREMIUM,RANGE,NO_TRADE,NO_TRADE:CHOPPY_MARKET,35.22,1,66.6,NONE,3,1,0,0,0,0,NO_TRADE,,NO_TRADE:CHOPPY_MARKET,
13:56:14,23266.75,23267.7,23193.65,NARROW,23363.55,23193.65,0.430,CHOPPY,STRONG_SELL_PREMIUM,RANGE,NO_TRADE,NO_TRADE:CHOPPY_MARKET,35.22,1,66.57,NONE,3,1,0,0,0,0,NO_TRADE,,NO_TRADE:CHOPPY_MARKET,
13:56:29,23265.0,23267.7,23193.65,NARROW,23363.55,23193.65,0.420,CHOPPY,STRONG_SELL_PREMIUM,RANGE,NO_TRADE,NO_TRADE:CHOPPY_MARKET,35.22,1,66.54,NONE,3,1,0,0,0,0,NO_TRADE,,NO_TRADE:CHOPPY_MARKET,
13:56:44,23266.55,23267.7,23193.65,NARROW,23363.55,23193.65,0.429,CHOPPY,STRONG_SELL_PREMIUM,RANGE,NO_TRADE,NO_TRADE:CHOPPY_MARKET,35.22,1,66.51,NONE,3,1,0,0,0,0,NO_TRADE,,NO_TRADE:CHOPPY_MARKET,
13:56:59,23266.85,23267.7,23193.65,NARROW,23363.55,23193.65,0.431,CHOPPY,STRONG_SELL_PREMIUM,RANGE,NO_TRADE,NO_TRADE:CHOPPY_MARKET,35.22,1,66.48,NONE,3,1,0,0,0,0,NO_TRADE,,NO_TRADE:CHOPPY_MARKET,
13:57:14,23268.6,23267.7,23193.65,NARROW,23363.55,23193.65,0.441,CHOPPY,STRONG_SELL_PREMIUM,RANGE,NO_TRADE,NO_TRADE:CHOPPY_MARKET,35.22,1,66.45,NONE,3,1,0,0,0,0,NO_TRADE,,NO_TRADE:CHOPPY_MARKET,
13:57:29,23268.15,23267.7,23193.65,NARROW,23363.55,23193.65,0.438,CHOPPY,STRONG_SELL_PREMIUM,RANGE,NO_TRADE,NO_TRADE:CHOPPY_MARKET,35.22,1,66.42,NONE,3,1,0,0,0,0,NO_TRADE,,NO_TRADE:CHOPPY_MARKET,
13:57:44,23269.5,23267.7,23193.65,NARROW,23363.55,23193.65,0.446,CHOPPY,STRONG_SELL_PREMIUM,RANGE,NO_TRADE,NO_TRADE:CHOPPY_MARKET,35.22,1,66.39,NONE,3,1,0,0,0,0,NO_TRADE,,NO_TRADE:CHOPPY_MARKET,
13:57:59,23270.15,23267.7,23193.65,NARROW,23363.55,23193.65,0.450,CHOPPY,STRONG_SELL_PREMIUM,RANGE,NO_TRADE,NO_TRADE:CHOPPY_MARKET,35.22,1,66.36,NONE,3,1,0,0,0,0,NO_TRADE,,NO_TRADE:CHOPPY_MARKET,
13:58:14,23272.5,23267.7,23193.65,NARROW,23363.55,23193.65,0.464,CHOPPY,STRONG_SELL_PREMIUM,RANGE,NO_TRADE,NO_TRADE:CHOPPY_MARKET,35.22,1,66.33,NONE,3,1,0,0,0,0,NO_TRADE,,NO_TRADE:CHOPPY_MARKET,
13:58:29,23270.65,23267.7,23193.65,NARROW,23363.55,23193.65,0.453,CHOPPY,STRONG_SELL_PREMIUM,RANGE,NO_TRADE,NO_TRADE:CHOPPY_MARKET,35.22,1,66.3,NONE,3,1,0,0,0,0,NO_TRADE,,NO_TRADE:CHOPPY_MARKET,
13:58:44,23270.1,23267.7,23193.65,NARROW,23363.55,23193.65,0.450,CHOPPY,STRONG_SELL_PREMIUM,RANGE,NO_TRADE,NO_TRADE:CHOPPY_MARKET,35.22,1,66.27,NONE,3,1,0,0,0,0,NO_TRADE,,NO_TRADE:CHOPPY_MARKET,
13:58:59,23270.0,23267.7,23193.65,NARROW,23363.55,23193.65,0.449,CHOPPY,STRONG_SELL_PREMIUM,RANGE,NO_TRADE,NO_TRADE:CHOPPY_MARKET,35.22,1,66.24,NONE,3,1,0,0,0,0,NO_TRADE,,NO_TRADE:CHOPPY_MARKET,
13:59:14,23270.4,23267.7,23193.65,NARROW,23363.55,23193.65,0.452,CHOPPY,STRONG_SELL_PREMIUM,RANGE,NO_TRADE,NO_TRADE:CHOPPY_MARKET,35.22,1,66.21,NONE,3,1,0,0,0,0,NO_TRADE,,NO_TRADE:CHOPPY_MARKET,
13:59:29,23269.45,23267.7,23193.65,NARROW,23363.55,23193.65,0.446,CHOPPY,STRONG_SELL_PREMIUM,RANGE,NO_TRADE,NO_TRADE:CHOPPY_MARKET,35.22,1,66.18,NONE,3,1,0,0,0,0,NO_TRADE,,NO_TRADE:CHOPPY_MARKET,
13:59:44,23268.75,23267.7,23193.65,NARROW,23363.55,23193.65,0.442,CHOPPY,STRONG_SELL_PREMIUM,RANGE,NO_TRADE,NO_TRADE:CHOPPY_MARKET,35.22,1,66.16,NONE,3,1,0,0,0,0,NO_TRADE,,NO_TRADE:CHOPPY_MARKET,
13:59:59,23263.05,23267.7,23193.65,NARROW,23363.55,23193.65,0.408,CHOPPY,STRONG_SELL_PREMIUM,RANGE,NO_TRADE,NO_TRADE:CHOPPY_MARKET,35.22,1,66.13,NONE,3,1,0,0,0,0,NO_TRADE,,NO_TRADE:CHOPPY_MARKET,
14:00:14,23264.55,23267.7,23193.65,NARROW,23363.55,23193.65,0.417,CHOPPY,STRONG_SELL_PREMIUM,RANGE,NO_TRADE,NO_TRADE:CHOPPY_MARKET,35.33,1,66.1,NONE,3,1,0,0,0,0,NO_TRADE,,NO_TRADE:CHOPPY_MARKET,
14:00:29,23264.95,23267.7,23193.65,NARROW,23363.55,23193.65,0.420,CHOPPY,STRONG_SELL_PREMIUM,RANGE,NO_TRADE,NO_TRADE:CHOPPY_MARKET,35.33,1,66.07,NONE,3,1,0,0,0,0,NO_TRADE,,NO_TRADE:CHOPPY_MARKET,
14:00:44,23264.1,23267.7,23193.65,NARROW,23363.55,23193.65,0.415,CHOPPY,STRONG_SELL_PREMIUM,RANGE,NO_TRADE,NO_TRADE:CHOPPY_MARKET,35.33,1,66.04,NONE,3,1,0,0,0,0,NO_TRADE,,NO_TRADE:CHOPPY_MARKET,
14:00:59,23264.2,23267.7,23193.65,NARROW,23363.55,23193.65,0.415,CHOPPY,STRONG_SELL_PREMIUM,RANGE,NO_TRADE,NO_TRADE:CHOPPY_MARKET,35.33,1,66.01,NONE,3,1,0,0,0,0,NO_TRADE,,NO_TRADE:CHOPPY_MARKET,
14:01:14,23266.6,23267.7,23193.65,NARROW,23363.55,23193.65,0.429,CHOPPY,STRONG_SELL_PREMIUM,RANGE,NO_TRADE,NO_TRADE:CHOPPY_MARKET,35.33,1,65.98,NONE,3,1,0,0,0,0,NO_TRADE,,NO_TRADE:CHOPPY_MARKET,
14:01:29,23270.35,23267.7,23193.65,NARROW,23363.55,23193.65,0.451,CHOPPY,STRONG_SELL_PREMIUM,RANGE,NO_TRADE,NO_TRADE:CHOPPY_MARKET,35.33,1,65.95,NONE,3,1,0,0,0,0,NO_TRADE,,NO_TRADE:CHOPPY_MARKET,
14:01:44,23267.75,23267.7,23193.65,NARROW,23363.55,23193.65,0.436,CHOPPY,STRONG_SELL_PREMIUM,RANGE,NO_TRADE,NO_TRADE:CHOPPY_MARKET,35.33,1,65.92,NONE,3,1,0,0,0,0,NO_TRADE,,NO_TRADE:CHOPPY_MARKET,
14:01:59,23270.0,23267.7,23193.65,NARROW,23363.55,23193.65,0.449,CHOPPY,STRONG_SELL_PREMIUM,RANGE,NO_TRADE,NO_TRADE:CHOPPY_MARKET,35.33,1,65.89,NONE,3,1,0,0,0,0,NO_TRADE,,NO_TRADE:CHOPPY_MARKET,
14:02:14,23268.9,23267.7,23193.65,NARROW,23363.55,23193.65,0.443,CHOPPY,STRONG_SELL_PREMIUM,RANGE,NO_TRADE,NO_TRADE:CHOPPY_MARKET,35.35,1,65.87,NONE,3,1,0,0,0,0,NO_TRADE,,NO_TRADE:CHOPPY_MARKET,
14:02:29,23266.8,23267.7,23193.65,NARROW,23363.55,23193.65,0.431,CHOPPY,STRONG_SELL_PREMIUM,RANGE,NO_TRADE,NO_TRADE:CHOPPY_MARKET,35.35,1,65.84,NONE,3,1,0,0,0,0,NO_TRADE,,NO_TRADE:CHOPPY_MARKET,
14:02:44,23263.45,23267.7,23193.65,NARROW,23363.55,23193.65,0.411,CHOPPY,STRONG_SELL_PREMIUM,RANGE,NO_TRADE,NO_TRADE:CHOPPY_MARKET,35.35,1,65.81,NONE,3,1,0,0,0,0,NO_TRADE,,NO_TRADE:CHOPPY_MARKET,
14:02:59,23263.85,23267.7,23193.65,NARROW,23363.55,23193.65,0.413,CHOPPY,STRONG_SELL_PREMIUM,RANGE,NO_TRADE,NO_TRADE:CHOPPY_MARKET,35.35,1,65.78,NONE,3,1,0,0,0,0,NO_TRADE,,NO_TRADE:CHOPPY_MARKET,
14:03:14,23263.5,23267.7,23193.65,NARROW,23363.55,23193.65,0.411,CHOPPY,STRONG_SELL_PREMIUM,RANGE,NO_TRADE,NO_TRADE:CHOPPY_MARKET,35.36,1,65.75,NONE,3,1,0,0,0,0,NO_TRADE,,NO_TRADE:CHOPPY_MARKET,
14:03:29,23263.65,23267.7,23193.65,NARROW,23363.55,23193.65,0.412,CHOPPY,STRONG_SELL_PREMIUM,RANGE,NO_TRADE,NO_TRADE:CHOPPY_MARKET,35.36,1,65.72,NONE,3,1,0,0,0,0,NO_TRADE,,NO_TRADE:CHOPPY_MARKET,
14:03:44,23265.45,23267.7,23193.65,NARROW,23363.55,23193.65,0.423,CHOPPY,STRONG_SELL_PREMIUM,RANGE,NO_TRADE,NO_TRADE:CHOPPY_MARKET,35.36,1,65.69,NONE,3,1,0,0,0,0,NO_TRADE,,NO_TRADE:CHOPPY_MARKET,
14:03:59,23265.6,23267.7,23193.65,NARROW,23363.55,23193.65,0.423,CHOPPY,STRONG_SELL_PREMIUM,RANGE,NO_TRADE,NO_TRADE:CHOPPY_MARKET,35.36,1,65.67,NONE,3,1,0,0,0,0,NO_TRADE,,NO_TRADE:CHOPPY_MARKET,
14:04:14,23267.05,23267.7,23193.65,NARROW,23363.55,23193.65,0.432,CHOPPY,STRONG_SELL_PREMIUM,RANGE,NO_TRADE,NO_TRADE:CHOPPY_MARKET,35.36,1,65.64,NONE,3,1,0,0,0,0,NO_TRADE,,NO_TRADE:CHOPPY_MARKET,
14:04:29,23268.8,23267.7,23193.65,NARROW,23363.55,23193.65,0.442,CHOPPY,STRONG_SELL_PREMIUM,RANGE,NO_TRADE,NO_TRADE:CHOPPY_MARKET,35.36,1,65.61,NONE,3,1,0,0,0,0,NO_TRADE,,NO_TRADE:CHOPPY_MARKET,
14:04:44,23271.25,23267.7,23193.65,NARROW,23363.55,23193.65,0.457,CHOPPY,STRONG_SELL_PREMIUM,RANGE,NO_TRADE,NO_TRADE:CHOPPY_MARKET,35.36,1,65.58,NONE,3,1,0,0,0,0,NO_TRADE,,NO_TRADE:CHOPPY_MARKET,
14:05:00,23270.3,23267.7,23193.65,NARROW,23363.55,23193.65,0.451,CHOPPY,STRONG_SELL_PREMIUM,RANGE,NO_TRADE,NO_TRADE:CHOPPY_MARKET,35.47,1,65.55,NONE,3,1,0,0,0,0,NO_TRADE,,NO_TRADE:CHOPPY_MARKET,
14:05:14,23269.6,23267.7,23193.65,NARROW,23363.55,23193.65,0.447,CHOPPY,STRONG_SELL_PREMIUM,RANGE,NO_TRADE,NO_TRADE:CHOPPY_MARKET,35.47,1,65.52,NONE,3,1,0,0,0,0,NO_TRADE,,NO_TRADE:CHOPPY_MARKET,
14:05:29,23269.8,23267.7,23193.65,NARROW,23363.55,23193.65,0.448,CHOPPY,STRONG_SELL_PREMIUM,RANGE,NO_TRADE,NO_TRADE:CHOPPY_MARKET,35.47,1,65.5,NONE,3,1,0,0,0,0,NO_TRADE,,NO_TRADE:CHOPPY_MARKET,
14:05:44,23269.4,23267.7,23193.65,NARROW,23363.55,23193.65,0.446,CHOPPY,STRONG_SELL_PREMIUM,RANGE,NO_TRADE,NO_TRADE:CHOPPY_MARKET,35.47,1,65.47,NONE,3,1,0,0,0,0,NO_TRADE,,NO_TRADE:CHOPPY_MARKET,
14:06:00,23270.0,23267.7,23193.65,NARROW,23363.55,23193.65,0.449,CHOPPY,STRONG_SELL_PREMIUM,RANGE,NO_TRADE,NO_TRADE:CHOPPY_MARKET,34.9,1,65.44,NONE,3,1,0,0,0,0,NO_TRADE,,NO_TRADE:CHOPPY_MARKET,
14:06:15,23272.85,23267.7,23193.65,NARROW,23363.55,23193.65,0.466,RANGE,STRONG_SELL_PREMIUM,RANGE,NO_TRADE,RANGE_DTE3_ADX_35_STRONG_TREND,34.9,1,65.41,HIGH,3,0,0,0,0,0,NO_TRADE,,RANGE_DTE3_ADX_35_STRONG_TREND,
14:06:30,23274.2,23267.7,23193.65,NARROW,23363.55,23193.65,0.474,RANGE,STRONG_SELL_PREMIUM,RANGE,NO_TRADE,RANGE_DTE3_ADX_35_STRONG_TREND,34.9,1,65.38,HIGH,3,0,0,0,0,0,NO_TRADE,,RANGE_DTE3_ADX_35_STRONG_TREND,
14:06:45,23268.5,23267.7,23193.65,NARROW,23363.55,23193.65,0.441,RANGE,STRONG_SELL_PREMIUM,RANGE,NO_TRADE,RANGE_DTE3_ADX_35_STRONG_TREND,34.9,1,65.36,HIGH,3,0,0,0,0,0,NO_TRADE,,RANGE_DTE3_ADX_35_STRONG_TREND,
14:07:00,23271.4,23267.7,23193.65,NARROW,23363.55,23193.65,0.458,RANGE,STRONG_SELL_PREMIUM,RANGE,NO_TRADE,RANGE_DTE3_ADX_33_STRONG_TREND,33.34,1,65.33,HIGH,3,0,0,0,0,0,NO_TRADE,,RANGE_DTE3_ADX_33_STRONG_TREND,
14:07:15,23273.5,23267.7,23193.65,NARROW,23363.55,23193.65,0.470,RANGE,STRONG_SELL_PREMIUM,RANGE,NO_TRADE,RANGE_DTE3_ADX_33_STRONG_TREND,33.34,1,65.3,HIGH,3,0,0,0,0,0,NO_TRADE,,RANGE_DTE3_ADX_33_STRONG_TREND,
14:07:30,23275.2,23267.7,23193.65,NARROW,23363.55,23193.65,0.480,RANGE,STRONG_SELL_PREMIUM,RANGE,NO_TRADE,RANGE_DTE3_ADX_33_STRONG_TREND,33.34,1,65.27,HIGH,3,0,0,0,0,0,NO_TRADE,,RANGE_DTE3_ADX_33_STRONG_TREND,
14:07:45,23279.8,23267.7,23193.65,NARROW,23363.55,23193.65,0.507,RANGE,STRONG_SELL_PREMIUM,RANGE,NO_TRADE,RANGE_DTE3_ADX_33_STRONG_TREND,33.34,1,65.24,HIGH,3,0,0,0,0,0,NO_TRADE,,RANGE_DTE3_ADX_33_STRONG_TREND,
14:08:00,23280.6,23267.7,23193.65,NARROW,23363.55,23193.65,0.512,RANGE,STRONG_SELL_PREMIUM,RANGE,NO_TRADE,RANGE_DTE3_ADX_33_STRONG_TREND,33.08,1,65.22,HIGH,3,0,0,0,0,0,NO_TRADE,,RANGE_DTE3_ADX_33_STRONG_TREND,
14:08:15,23283.5,23267.7,23193.65,NARROW,23363.55,23193.65,0.529,RANGE,STRONG_SELL_PREMIUM,RANGE,NO_TRADE,RANGE_DTE3_ADX_33_STRONG_TREND,33.08,1,65.19,HIGH,3,0,0,0,0,0,NO_TRADE,,RANGE_DTE3_ADX_33_STRONG_TREND,
14:08:30,23283.3,23267.7,23193.65,NARROW,23363.55,23193.65,0.528,RANGE,STRONG_SELL_PREMIUM,RANGE,NO_TRADE,RANGE_DTE3_ADX_33_STRONG_TREND,33.08,1,65.16,HIGH,3,0,0,0,0,0,NO_TRADE,,RANGE_DTE3_ADX_33_STRONG_TREND,
14:08:45,23281.45,23267.7,23193.65,NARROW,23363.55,23193.65,0.517,RANGE,STRONG_SELL_PREMIUM,RANGE,NO_TRADE,RANGE_DTE3_ADX_33_STRONG_TREND,33.08,1,65.13,HIGH,3,0,0,0,0,0,NO_TRADE,,RANGE_DTE3_ADX_33_STRONG_TREND,
14:09:00,23277.95,23267.7,23193.65,NARROW,23363.55,23193.65,0.496,RANGE,STRONG_SELL_PREMIUM,RANGE,NO_TRADE,RANGE_DTE3_ADX_33_STRONG_TREND,33.08,1,65.1,HIGH,3,0,0,0,0,0,NO_TRADE,,RANGE_DTE3_ADX_33_STRONG_TREND,
14:09:15,23279.45,23267.7,23193.65,NARROW,23363.55,23193.65,0.505,RANGE,STRONG_SELL_PREMIUM,RANGE,NO_TRADE,RANGE_DTE3_ADX_33_STRONG_TREND,33.08,1,65.08,HIGH,3,0,0,0,0,0,NO_TRADE,,RANGE_DTE3_ADX_33_STRONG_TREND,
14:09:30,23279.6,23267.7,23193.65,NARROW,23363.55,23193.65,0.506,RANGE,STRONG_SELL_PREMIUM,RANGE,NO_TRADE,RANGE_DTE3_ADX_33_STRONG_TREND,33.08,1,65.05,HIGH,3,0,0,0,0,0,NO_TRADE,,RANGE_DTE3_ADX_33_STRONG_TREND,
14:09:45,23279.2,23267.7,23193.65,NARROW,23363.55,23193.65,0.504,RANGE,STRONG_SELL_PREMIUM,RANGE,NO_TRADE,RANGE_DTE3_ADX_33_STRONG_TREND,33.08,1,65.02,HIGH,3,0,0,0,0,0,NO_TRADE,,RANGE_DTE3_ADX_33_STRONG_TREND,
14:10:00,23280.85,23267.7,23193.65,NARROW,23363.55,23193.65,0.513,RANGE,STRONG_SELL_PREMIUM,RANGE,NO_TRADE,RANGE_DTE3_ADX_31_STRONG_TREND,30.89,1,64.99,HIGH,3,0,0,0,0,0,NO_TRADE,,RANGE_DTE3_ADX_31_STRONG_TREND,
14:10:15,23281.7,23267.7,23193.65,NARROW,23363.55,23193.65,0.518,RANGE,STRONG_SELL_PREMIUM,RANGE,NO_TRADE,RANGE_DTE3_ADX_31_STRONG_TREND,30.89,1,64.97,HIGH,3,0,0,0,0,0,NO_TRADE,,RANGE_DTE3_ADX_31_STRONG_TREND,
14:10:30,23285.45,23267.7,23193.65,NARROW,23363.55,23193.65,0.540,RANGE,STRONG_SELL_PREMIUM,RANGE,NO_TRADE,RANGE_DTE3_ADX_31_STRONG_TREND,30.89,1,64.94,HIGH,3,0,0,0,0,0,NO_TRADE,,RANGE_DTE3_ADX_31_STRONG_TREND,
14:10:45,23284.25,23267.7,23193.65,NARROW,23363.55,23193.65,0.533,RANGE,STRONG_SELL_PREMIUM,RANGE,NO_TRADE,RANGE_DTE3_ADX_31_STRONG_TREND,30.89,1,64.91,HIGH,3,0,0,0,0,0,NO_TRADE,,RANGE_DTE3_ADX_31_STRONG_TREND,
14:11:00,23284.9,23267.7,23193.65,NARROW,23363.55,23193.65,0.537,RANGE,STRONG_SELL_PREMIUM,RANGE,NO_TRADE,RANGE_DTE3_ADX_31_STRONG_TREND,30.89,1,64.88,HIGH,3,0,0,0,0,0,NO_TRADE,,RANGE_DTE3_ADX_31_STRONG_TREND,
14:11:15,23276.65,23267.7,23193.65,NARROW,23363.55,23193.65,0.489,RANGE,STRONG_SELL_PREMIUM,RANGE,NO_TRADE,RANGE_DTE3_ADX_31_STRONG_TREND,30.89,1,64.86,HIGH,3,0,0,0,0,0,NO_TRADE,,RANGE_DTE3_ADX_31_STRONG_TREND,
14:11:30,23279.7,23267.7,23193.65,NARROW,23363.55,23193.65,0.506,RANGE,STRONG_SELL_PREMIUM,RANGE,NO_TRADE,RANGE_DTE3_ADX_31_STRONG_TREND,30.89,1,64.83,HIGH,3,0,0,0,0,0,NO_TRADE,,RANGE_DTE3_ADX_31_STRONG_TREND,
14:11:45,23276.9,23267.7,23193.65,NARROW,23363.55,23193.65,0.490,RANGE,STRONG_SELL_PREMIUM,RANGE,NO_TRADE,RANGE_DTE3_ADX_31_STRONG_TREND,30.89,1,64.8,HIGH,3,0,0,0,0,0,NO_TRADE,,RANGE_DTE3_ADX_31_STRONG_TREND,
14:12:00,23276.85,23267.7,23193.65,NARROW,23363.55,23193.65,0.490,RANGE,STRONG_SELL_PREMIUM,RANGE,NO_TRADE,RANGE_DTE3_ADX_31_STRONG_TREND,30.89,1,64.77,HIGH,3,0,0,0,0,0,NO_TRADE,,RANGE_DTE3_ADX_31_STRONG_TREND,
14:12:15,23276.3,23267.7,23193.65,NARROW,23363.55,23193.65,0.486,RANGE,STRONG_SELL_PREMIUM,RANGE,NO_TRADE,RANGE_DTE3_ADX_31_STRONG_TREND,30.89,1,64.75,HIGH,3,0,0,0,0,0,NO_TRADE,,RANGE_DTE3_ADX_31_STRONG_TREND,
14:12:30,23277.8,23267.7,23193.65,NARROW,23363.55,23193.65,0.495,RANGE,STRONG_SELL_PREMIUM,RANGE,NO_TRADE,RANGE_DTE3_ADX_31_STRONG_TREND,30.89,1,64.72,HIGH,3,0,0,0,0,0,NO_TRADE,,RANGE_DTE3_ADX_31_STRONG_TREND,
14:12:45,23276.25,23267.7,23193.65,NARROW,23363.55,23193.65,0.486,RANGE,STRONG_SELL_PREMIUM,RANGE,NO_TRADE,RANGE_DTE3_ADX_31_STRONG_TREND,30.89,1,64.69,HIGH,3,0,0,0,0,0,NO_TRADE,,RANGE_DTE3_ADX_31_STRONG_TREND,
14:13:00,23278.6,23267.7,23193.65,NARROW,23363.55,23193.65,0.500,RANGE,STRONG_SELL_PREMIUM,RANGE,NO_TRADE,RANGE_DTE3_ADX_31_STRONG_TREND,30.89,1,64.67,HIGH,3,0,0,0,0,0,NO_TRADE,,RANGE_DTE3_ADX_31_STRONG_TREND,
14:13:15,23276.35,23267.7,23193.65,NARROW,23363.55,23193.65,0.487,RANGE,STRONG_SELL_PREMIUM,RANGE,NO_TRADE,RANGE_DTE3_ADX_31_STRONG_TREND,30.89,1,64.64,HIGH,3,0,0,0,0,0,NO_TRADE,,RANGE_DTE3_ADX_31_STRONG_TREND,
14:13:30,23279.55,23267.7,23193.65,NARROW,23363.55,23193.65,0.506,RANGE,STRONG_SELL_PREMIUM,RANGE,NO_TRADE,RANGE_DTE3_ADX_31_STRONG_TREND,30.89,1,64.61,HIGH,3,0,0,0,0,0,NO_TRADE,,RANGE_DTE3_ADX_31_STRONG_TREND,
14:13:45,23279.25,23267.7,23193.65,NARROW,23363.55,23193.65,0.504,RANGE,STRONG_SELL_PREMIUM,RANGE,NO_TRADE,RANGE_DTE3_ADX_31_STRONG_TREND,30.89,1,64.58,HIGH,3,0,0,0,0,0,NO_TRADE,,RANGE_DTE3_ADX_31_STRONG_TREND,
14:14:00,23278.75,23267.7,23193.65,NARROW,23363.55,23193.65,0.501,RANGE,STRONG_SELL_PREMIUM,RANGE,NO_TRADE,RANGE_DTE3_ADX_31_STRONG_TREND,30.89,1,64.56,HIGH,3,0,0,0,0,0,NO_TRADE,,RANGE_DTE3_ADX_31_STRONG_TREND,
14:14:15,23278.55,23267.7,23193.65,NARROW,23363.55,23193.65,0.500,RANGE,STRONG_SELL_PREMIUM,RANGE,NO_TRADE,RANGE_DTE3_ADX_31_STRONG_TREND,30.89,1,64.53,HIGH,3,0,0,0,0,0,NO_TRADE,,RANGE_DTE3_ADX_31_STRONG_TREND,
14:14:30,23280.45,23267.7,23193.65,NARROW,23363.55,23193.65,0.511,RANGE,STRONG_SELL_PREMIUM,RANGE,NO_TRADE,RANGE_DTE3_ADX_31_STRONG_TREND,30.89,1,64.5,HIGH,3,0,0,0,0,0,NO_TRADE,,RANGE_DTE3_ADX_31_STRONG_TREND,
14:14:45,23280.4,23267.7,23193.65,NARROW,23363.55,23193.65,0.511,RANGE,STRONG_SELL_PREMIUM,RANGE,NO_TRADE,RANGE_DTE3_ADX_31_STRONG_TREND,30.89,1,64.48,HIGH,3,0,0,0,0,0,NO_TRADE,,RANGE_DTE3_ADX_31_STRONG_TREND,
14:15:00,23278.0,23267.7,23193.65,NARROW,23363.55,23193.65,0.496,RANGE,STRONG_SELL_PREMIUM,RANGE,NO_TRADE,RANGE_DTE3_ADX_29_STRONG_TREND,28.92,1,64.45,HIGH,3,0,0,0,0,0,NO_TRADE,,RANGE_DTE3_ADX_29_STRONG_TREND,
14:15:15,23277.8,23267.7,23193.65,NARROW,23363.55,23193.65,0.495,RANGE,STRONG_SELL_PREMIUM,RANGE,NO_TRADE,RANGE_DTE3_ADX_29_STRONG_TREND,28.92,1,64.42,HIGH,3,0,0,0,0,0,NO_TRADE,,RANGE_DTE3_ADX_29_STRONG_TREND,
14:15:30,23278.9,23267.7,23193.65,NARROW,23363.55,23193.65,0.502,RANGE,STRONG_SELL_PREMIUM,RANGE,NO_TRADE,RANGE_DTE3_ADX_29_STRONG_TREND,28.92,1,64.4,HIGH,3,0,0,0,0,0,NO_TRADE,,RANGE_DTE3_ADX_29_STRONG_TREND,
14:15:45,23277.15,23267.7,23193.65,NARROW,23363.55,23193.65,0.491,RANGE,STRONG_SELL_PREMIUM,RANGE,NO_TRADE,RANGE_DTE3_ADX_29_STRONG_TREND,28.92,1,64.37,HIGH,3,0,0,0,0,0,NO_TRADE,,RANGE_DTE3_ADX_29_STRONG_TREND,
14:16:01,23276.9,23267.7,23193.65,NARROW,23363.55,23193.65,0.490,RANGE,STRONG_SELL_PREMIUM,RANGE,NO_TRADE,RANGE_DTE3_ADX_29_STRONG_TREND,29.32,1,64.34,HIGH,3,0,0,0,0,0,NO_TRADE,,RANGE_DTE3_ADX_29_STRONG_TREND,
14:16:16,23275.5,23267.7,23193.65,NARROW,23363.55,23193.65,0.482,RANGE,STRONG_SELL_PREMIUM,RANGE,NO_TRADE,RANGE_DTE3_ADX_29_STRONG_TREND,29.32,1,64.31,HIGH,3,0,0,0,0,0,NO_TRADE,,RANGE_DTE3_ADX_29_STRONG_TREND,
14:16:31,23273.2,23267.7,23193.65,NARROW,23363.55,23193.65,0.468,RANGE,STRONG_SELL_PREMIUM,RANGE,NO_TRADE,RANGE_DTE3_ADX_29_STRONG_TREND,29.32,1,64.29,HIGH,3,0,0,0,0,0,NO_TRADE,,RANGE_DTE3_ADX_29_STRONG_TREND,
14:16:46,23272.35,23267.7,23193.65,NARROW,23363.55,23193.65,0.463,RANGE,STRONG_SELL_PREMIUM,RANGE,NO_TRADE,RANGE_DTE3_ADX_29_STRONG_TREND,29.32,1,64.26,HIGH,3,0,0,0,0,0,NO_TRADE,,RANGE_DTE3_ADX_29_STRONG_TREND,
14:17:01,23271.4,23267.7,23193.65,NARROW,23363.55,23193.65,0.458,RANGE,STRONG_SELL_PREMIUM,RANGE,NO_TRADE,RANGE_DTE3_ADX_29_STRONG_TREND,29.49,1,64.23,HIGH,3,0,0,0,0,0,NO_TRADE,,RANGE_DTE3_ADX_29_STRONG_TREND,
14:17:16,23271.8,23267.7,23193.65,NARROW,23363.55,23193.65,0.460,RANGE,STRONG_SELL_PREMIUM,RANGE,NO_TRADE,RANGE_DTE3_ADX_29_STRONG_TREND,29.49,1,64.21,HIGH,3,0,0,0,0,0,NO_TRADE,,RANGE_DTE3_ADX_29_STRONG_TREND,
14:17:31,23272.95,23267.7,23193.65,NARROW,23363.55,23193.65,0.467,RANGE,STRONG_SELL_PREMIUM,RANGE,NO_TRADE,RANGE_DTE3_ADX_29_STRONG_TREND,29.49,1,64.18,HIGH,3,0,0,0,0,0,NO_TRADE,,RANGE_DTE3_ADX_29_STRONG_TREND,
14:17:46,23272.5,23267.7,23193.65,NARROW,23363.55,23193.65,0.464,RANGE,STRONG_SELL_PREMIUM,RANGE,NO_TRADE,RANGE_DTE3_ADX_29_STRONG_TREND,29.49,1,64.15,HIGH,3,0,0,0,0,0,NO_TRADE,,RANGE_DTE3_ADX_29_STRONG_TREND,
14:18:01,23274.5,23267.7,23193.65,NARROW,23363.55,23193.65,0.476,RANGE,STRONG_SELL_PREMIUM,RANGE,NO_TRADE,RANGE_DTE3_ADX_29_STRONG_TREND,29.49,1,64.13,HIGH,3,0,0,0,0,0,NO_TRADE,,RANGE_DTE3_ADX_29_STRONG_TREND,
14:18:16,23277.15,23267.7,23193.65,NARROW,23363.55,23193.65,0.491,RANGE,STRONG_SELL_PREMIUM,RANGE,NO_TRADE,RANGE_DTE3_ADX_29_STRONG_TREND,29.49,1,64.1,HIGH,3,0,0,0,0,0,NO_TRADE,,RANGE_DTE3_ADX_29_STRONG_TREND,
14:18:31,23280.3,23267.7,23193.65,NARROW,23363.55,23193.65,0.510,RANGE,STRONG_SELL_PREMIUM,RANGE,NO_TRADE,RANGE_DTE3_ADX_29_STRONG_TREND,29.49,1,64.08,HIGH,3,0,0,0,0,0,NO_TRADE,,RANGE_DTE3_ADX_29_STRONG_TREND,
14:18:46,23282.4,23267.7,23193.65,NARROW,23363.55,23193.65,0.522,RANGE,STRONG_SELL_PREMIUM,RANGE,NO_TRADE,RANGE_DTE3_ADX_29_STRONG_TREND,29.49,1,64.05,HIGH,3,0,0,0,0,0,NO_TRADE,,RANGE_DTE3_ADX_29_STRONG_TREND,
14:19:01,23283.8,23267.7,23193.65,NARROW,23363.55,23193.65,0.531,RANGE,STRONG_SELL_PREMIUM,RANGE,NO_TRADE,RANGE_DTE3_ADX_29_STRONG_TREND,29.49,1,64.02,HIGH,3,0,0,0,0,0,NO_TRADE,,RANGE_DTE3_ADX_29_STRONG_TREND,
14:19:16,23284.75,23267.7,23193.65,NARROW,23363.55,23193.65,0.536,RANGE,STRONG_SELL_PREMIUM,RANGE,NO_TRADE,RANGE_DTE3_ADX_29_STRONG_TREND,29.49,1,64.0,HIGH,3,0,0,0,0,0,NO_TRADE,,RANGE_DTE3_ADX_29_STRONG_TREND,
14:19:31,23289.2,23267.7,23193.65,NARROW,23363.55,23193.65,0.562,RANGE,STRONG_SELL_PREMIUM,RANGE,NO_TRADE,RANGE_DTE3_ADX_29_STRONG_TREND,29.49,1,63.97,HIGH,3,0,0,0,0,0,NO_TRADE,,RANGE_DTE3_ADX_29_STRONG_TREND,
14:19:46,23287.15,23267.7,23193.65,NARROW,23363.55,23193.65,0.550,RANGE,STRONG_SELL_PREMIUM,RANGE,NO_TRADE,RANGE_DTE3_ADX_29_STRONG_TREND,29.49,1,63.94,HIGH,3,0,0,0,0,0,NO_TRADE,,RANGE_DTE3_ADX_29_STRONG_TREND,
14:20:01,23281.15,23267.7,23193.65,NARROW,23363.55,23193.65,0.515,RANGE,STRONG_SELL_PREMIUM,RANGE,NO_TRADE,RANGE_DTE3_ADX_28_STRONG_TREND,28.22,1,63.92,HIGH,3,0,0,0,0,0,NO_TRADE,,RANGE_DTE3_ADX_28_STRONG_TREND,
14:20:16,23281.05,23267.7,23193.65,NARROW,23363.55,23193.65,0.514,RANGE,STRONG_SELL_PREMIUM,RANGE,NO_TRADE,RANGE_DTE3_ADX_28_STRONG_TREND,28.22,1,63.89,HIGH,3,0,0,0,0,0,NO_TRADE,,RANGE_DTE3_ADX_28_STRONG_TREND,
14:20:31,23283.15,23267.7,23193.65,NARROW,23363.55,23193.65,0.527,RANGE,STRONG_SELL_PREMIUM,RANGE,NO_TRADE,RANGE_DTE3_ADX_28_STRONG_TREND,28.22,1,63.87,HIGH,3,0,0,0,0,0,NO_TRADE,,RANGE_DTE3_ADX_28_STRONG_TREND,
14:20:46,23281.85,23267.7,23193.65,NARROW,23363.55,23193.65,0.519,RANGE,STRONG_SELL_PREMIUM,RANGE,NO_TRADE,RANGE_DTE3_ADX_28_STRONG_TREND,28.22,1,63.84,HIGH,3,0,0,0,0,0,NO_TRADE,,RANGE_DTE3_ADX_28_STRONG_TREND,
14:21:01,23282.55,23267.7,23193.65,NARROW,23363.55,23193.65,0.523,RANGE,STRONG_SELL_PREMIUM,RANGE,NO_TRADE,RANGE_DTE3_ADX_28_STRONG_TREND,28.22,1,63.81,HIGH,3,0,0,0,0,0,NO_TRADE,,RANGE_DTE3_ADX_28_STRONG_TREND,
14:21:16,23285.05,23267.7,23193.65,NARROW,23363.55,23193.65,0.538,RANGE,STRONG_SELL_PREMIUM,RANGE,NO_TRADE,RANGE_DTE3_ADX_28_STRONG_TREND,28.22,1,63.79,HIGH,3,0,0,0,0,0,NO_TRADE,,RANGE_DTE3_ADX_28_STRONG_TREND,
14:21:31,23285.9,23267.7,23193.65,NARROW,23363.55,23193.65,0.543,RANGE,STRONG_SELL_PREMIUM,RANGE,NO_TRADE,RANGE_DTE3_ADX_28_STRONG_TREND,28.22,1,63.76,HIGH,3,0,0,0,0,0,NO_TRADE,,RANGE_DTE3_ADX_28_STRONG_TREND,
14:21:46,23284.75,23267.7,23193.65,NARROW,23363.55,23193.65,0.536,RANGE,STRONG_SELL_PREMIUM,RANGE,NO_TRADE,RANGE_DTE3_ADX_28_STRONG_TREND,28.22,1,63.73,HIGH,3,0,0,0,0,0,NO_TRADE,,RANGE_DTE3_ADX_28_STRONG_TREND,
14:22:01,23288.2,23267.7,23193.65,NARROW,23363.55,23193.65,0.557,RANGE,STRONG_SELL_PREMIUM,RANGE,NO_TRADE,RANGE_DTE3_ADX_28_STRONG_TREND,27.98,1,63.71,HIGH,3,0,0,0,0,0,NO_TRADE,,RANGE_DTE3_ADX_28_STRONG_TREND,
14:22:16,23290.5,23267.7,23193.65,NARROW,23363.55,23193.65,0.570,RANGE,STRONG_SELL_PREMIUM,RANGE,NO_TRADE,RANGE_DTE3_ADX_28_STRONG_TREND,27.98,1,63.68,HIGH,3,0,0,0,0,0,NO_TRADE,,RANGE_DTE3_ADX_28_STRONG_TREND,
14:22:31,23290.3,23267.7,23193.65,NARROW,23363.55,23193.65,0.569,UPTREND,STRONG_SELL_PREMIUM,RANGE,PREMIUM_SELL_BULL,UPTREND_ADX_28_RANGE,27.98,1,63.66,HIGH,3,0,0,0,0,0,NO_TRADE,,past_entry_window_14:00:00,
14:22:46,23286.55,23267.7,23193.65,NARROW,23363.55,23193.65,0.547,UPTREND,STRONG_SELL_PREMIUM,RANGE,PREMIUM_SELL_BULL,UPTREND_ADX_28_RANGE,27.98,1,63.63,HIGH,3,0,0,0,0,0,NO_TRADE,,past_entry_window_14:00:00,
14:23:01,23287.4,23267.7,23193.65,NARROW,23363.55,23193.65,0.552,UPTREND,STRONG_SELL_PREMIUM,RANGE,PREMIUM_SELL_BULL,UPTREND_ADX_28_RANGE,27.98,1,63.61,HIGH,3,0,0,0,0,0,NO_TRADE,,past_entry_window_14:00:00,
14:23:16,23287.75,23267.7,23193.65,NARROW,23363.55,23193.65,0.554,UPTREND,STRONG_SELL_PREMIUM,RANGE,PREMIUM_SELL_BULL,UPTREND_ADX_28_RANGE,27.98,1,63.58,HIGH,3,0,0,0,0,0,NO_TRADE,,past_entry_window_14:00:00,
14:23:31,23289.5,23267.7,23193.65,NARROW,23363.55,23193.65,0.564,UPTREND,STRONG_SELL_PREMIUM,RANGE,PREMIUM_SELL_BULL,UPTREND_ADX_28_RANGE,27.98,1,63.55,HIGH,3,0,0,0,0,0,NO_TRADE,,past_entry_window_14:00:00,
14:23:46,23288.05,23267.7,23193.65,NARROW,23363.55,23193.65,0.556,UPTREND,STRONG_SELL_PREMIUM,RANGE,PREMIUM_SELL_BULL,UPTREND_ADX_28_RANGE,27.98,1,63.53,HIGH,3,0,0,0,0,0,NO_TRADE,,past_entry_window_14:00:00,
14:24:02,23288.55,23267.7,23193.65,NARROW,23363.55,23193.65,0.559,UPTREND,STRONG_SELL_PREMIUM,RANGE,PREMIUM_SELL_BULL,UPTREND_ADX_28_RANGE,27.98,1,63.5,HIGH,3,0,0,0,0,0,NO_TRADE,,past_entry_window_14:00:00,
14:24:16,23287.95,23267.7,23193.65,NARROW,23363.55,23193.65,0.555,UPTREND,STRONG_SELL_PREMIUM,RANGE,PREMIUM_SELL_BULL,UPTREND_ADX_28_RANGE,27.98,1,63.48,HIGH,3,0,0,0,0,0,NO_TRADE,,past_entry_window_14:00:00,
14:24:31,23289.15,23267.7,23193.65,NARROW,23363.55,23193.65,0.562,UPTREND,STRONG_SELL_PREMIUM,RANGE,PREMIUM_SELL_BULL,UPTREND_ADX_28_RANGE,27.98,1,63.45,HIGH,3,0,0,0,0,0,NO_TRADE,,past_entry_window_14:00:00,
14:24:46,23287.15,23267.7,23193.65,NARROW,23363.55,23193.65,0.550,UPTREND,STRONG_SELL_PREMIUM,RANGE,PREMIUM_SELL_BULL,UPTREND_ADX_28_RANGE,27.98,1,63.42,HIGH,3,0,0,0,0,0,NO_TRADE,,past_entry_window_14:00:00,
14:25:01,23283.2,23267.7,23193.65,NARROW,23363.55,23193.65,0.527,UPTREND,STRONG_SELL_PREMIUM,RANGE,PREMIUM_SELL_BULL,UPTREND_ADX_28_RANGE,27.14,1,63.4,HIGH,3,0,0,0,0,0,NO_TRADE,,past_entry_window_14:00:00,
14:25:16,23281.4,23267.7,23193.65,NARROW,23363.55,23193.65,0.516,RANGE,STRONG_SELL_PREMIUM,RANGE,PREMIUM_SELL_RANGE,RANGE_DTE3_WIDE_CONDOR_ADX_27,27.14,1,63.37,HIGH,3,0,0,0,0,0,NO_TRADE,,past_entry_window_14:00:00,
14:25:32,23279.2,23267.7,23193.65,NARROW,23363.55,23193.65,0.504,RANGE,STRONG_SELL_PREMIUM,RANGE,PREMIUM_SELL_RANGE,RANGE_DTE3_WIDE_CONDOR_ADX_27,27.14,1,63.35,HIGH,3,0,0,0,0,0,NO_TRADE,,past_entry_window_14:00:00,
14:25:47,23280.1,23267.7,23193.65,NARROW,23363.55,23193.65,0.509,RANGE,STRONG_SELL_PREMIUM,RANGE,PREMIUM_SELL_RANGE,RANGE_DTE3_WIDE_CONDOR_ADX_27,27.14,1,63.32,HIGH,3,0,0,0,0,0,NO_TRADE,,past_entry_window_14:00:00,
14:26:02,23278.25,23267.7,23193.65,NARROW,23363.55,23193.65,0.498,RANGE,STRONG_SELL_PREMIUM,RANGE,PREMIUM_SELL_RANGE,RANGE_DTE3_WIDE_CONDOR_ADX_28,27.58,1,63.3,HIGH,3,0,0,0,0,0,NO_TRADE,,past_entry_window_14:00:00,
14:26:17,23274.05,23267.7,23193.65,NARROW,23363.55,23193.65,0.473,RANGE,STRONG_SELL_PREMIUM,RANGE,PREMIUM_SELL_RANGE,RANGE_DTE3_WIDE_CONDOR_ADX_28,27.58,1,63.27,HIGH,3,0,0,0,0,0,NO_TRADE,,past_entry_window_14:00:00,
14:26:32,23276.5,23267.7,23193.65,NARROW,23363.55,23193.65,0.488,RANGE,STRONG_SELL_PREMIUM,RANGE,PREMIUM_SELL_RANGE,RANGE_DTE3_WIDE_CONDOR_ADX_28,27.58,1,63.25,HIGH,3,0,0,0,0,0,NO_TRADE,,past_entry_window_14:00:00,
14:26:47,23276.05,23267.7,23193.65,NARROW,23363.55,23193.65,0.485,RANGE,STRONG_SELL_PREMIUM,RANGE,PREMIUM_SELL_RANGE,RANGE_DTE3_WIDE_CONDOR_ADX_28,27.58,1,63.22,HIGH,3,0,0,0,0,0,NO_TRADE,,past_entry_window_14:00:00,
14:27:02,23275.75,23267.7,23193.65,NARROW,23363.55,23193.65,0.483,RANGE,STRONG_SELL_PREMIUM,RANGE,PREMIUM_SELL_RANGE,RANGE_DTE3_WIDE_CONDOR_ADX_28,27.77,1,63.2,HIGH,3,0,0,0,0,0,NO_TRADE,,past_entry_window_14:00:00,
14:27:17,23275.15,23267.7,23193.65,NARROW,23363.55,23193.65,0.480,RANGE,STRONG_SELL_PREMIUM,RANGE,PREMIUM_SELL_RANGE,RANGE_DTE3_WIDE_CONDOR_ADX_28,27.77,1,63.17,HIGH,3,0,0,0,0,0,NO_TRADE,,past_entry_window_14:00:00,
14:27:32,23275.05,23267.7,23193.65,NARROW,23363.55,23193.65,0.479,RANGE,STRONG_SELL_PREMIUM,RANGE,PREMIUM_SELL_RANGE,RANGE_DTE3_WIDE_CONDOR_ADX_28,27.77,1,63.14,HIGH,3,0,0,0,0,0,NO_TRADE,,past_entry_window_14:00:00,
14:27:47,23275.45,23267.7,23193.65,NARROW,23363.55,23193.65,0.481,RANGE,STRONG_SELL_PREMIUM,RANGE,PREMIUM_SELL_RANGE,RANGE_DTE3_WIDE_CONDOR_ADX_28,27.77,1,63.12,HIGH,3,0,0,0,0,0,NO_TRADE,,past_entry_window_14:00:00,
14:28:02,23276.2,23267.7,23193.65,NARROW,23363.55,23193.65,0.486,RANGE,STRONG_SELL_PREMIUM,RANGE,NO_TRADE,RANGE_DTE3_ADX_28_STRONG_TREND,28.03,1,63.09,HIGH,3,0,0,0,0,0,NO_TRADE,,RANGE_DTE3_ADX_28_STRONG_TREND,
14:28:17,23271.9,23267.7,23193.65,NARROW,23363.55,23193.65,0.461,RANGE,STRONG_SELL_PREMIUM,RANGE,NO_TRADE,RANGE_DTE3_ADX_28_STRONG_TREND,28.03,1,63.07,HIGH,3,0,0,0,0,0,NO_TRADE,,RANGE_DTE3_ADX_28_STRONG_TREND,
14:28:32,23272.6,23267.7,23193.65,NARROW,23363.55,23193.65,0.465,RANGE,STRONG_SELL_PREMIUM,RANGE,NO_TRADE,RANGE_DTE3_ADX_28_STRONG_TREND,28.03,1,63.04,HIGH,3,0,0,0,0,0,NO_TRADE,,RANGE_DTE3_ADX_28_STRONG_TREND,
14:28:47,23271.85,23267.7,23193.65,NARROW,23363.55,23193.65,0.460,RANGE,STRONG_SELL_PREMIUM,RANGE,NO_TRADE,RANGE_DTE3_ADX_28_STRONG_TREND,28.03,1,63.02,HIGH,3,0,0,0,0,0,NO_TRADE,,RANGE_DTE3_ADX_28_STRONG_TREND,
14:29:02,23271.45,23267.7,23193.65,NARROW,23363.55,23193.65,0.458,RANGE,STRONG_SELL_PREMIUM,RANGE,NO_TRADE,RANGE_DTE3_ADX_28_STRONG_TREND,28.03,1,62.99,HIGH,3,0,0,0,0,0,NO_TRADE,,RANGE_DTE3_ADX_28_STRONG_TREND,
14:29:17,23271.95,23267.7,23193.65,NARROW,23363.55,23193.65,0.461,RANGE,STRONG_SELL_PREMIUM,RANGE,NO_TRADE,RANGE_DTE3_ADX_28_STRONG_TREND,28.03,1,62.97,HIGH,3,0,0,0,0,0,NO_TRADE,,RANGE_DTE3_ADX_28_STRONG_TREND,
14:29:32,23279.4,23267.7,23193.65,NARROW,23363.55,23193.65,0.505,RANGE,STRONG_SELL_PREMIUM,RANGE,NO_TRADE,RANGE_DTE3_ADX_28_STRONG_TREND,28.03,1,62.94,HIGH,3,0,0,0,0,0,NO_TRADE,,RANGE_DTE3_ADX_28_STRONG_TREND,
14:29:47,23282.8,23267.7,23193.65,NARROW,23363.55,23193.65,0.525,RANGE,STRONG_SELL_PREMIUM,RANGE,NO_TRADE,RANGE_DTE3_ADX_28_STRONG_TREND,28.03,1,62.92,HIGH,3,0,0,0,0,0,NO_TRADE,,RANGE_DTE3_ADX_28_STRONG_TREND,
14:30:02,23282.6,23267.7,23193.65,NARROW,23363.55,23193.65,0.524,RANGE,STRONG_SELL_PREMIUM,RANGE,NO_TRADE,NO_TRADE:PAST_14:30,28.08,1,62.89,HIGH,3,0,0,0,0,0,NO_TRADE,,NO_TRADE:PAST_14:30,
14:30:17,23278.2,23267.7,23193.65,NARROW,23363.55,23193.65,0.498,RANGE,STRONG_SELL_PREMIUM,RANGE,NO_TRADE,NO_TRADE:PAST_14:30,28.08,1,62.87,HIGH,3,0,0,0,0,0,NO_TRADE,,NO_TRADE:PAST_14:30,
14:30:33,23278.05,23267.7,23193.65,NARROW,23363.55,23193.65,0.497,RANGE,STRONG_SELL_PREMIUM,RANGE,NO_TRADE,NO_TRADE:PAST_14:30,28.08,1,62.84,HIGH,3,0,0,0,0,0,NO_TRADE,,NO_TRADE:PAST_14:30,
14:30:47,23280.15,23267.7,23193.65,NARROW,23363.55,23193.65,0.509,RANGE,STRONG_SELL_PREMIUM,RANGE,NO_TRADE,NO_TRADE:PAST_14:30,28.08,1,62.82,HIGH,3,0,0,0,0,0,NO_TRADE,,NO_TRADE:PAST_14:30,
14:31:02,23284.5,23267.7,23193.65,NARROW,23363.55,23193.65,0.535,RANGE,STRONG_SELL_PREMIUM,RANGE,NO_TRADE,NO_TRADE:PAST_14:30,28.08,1,62.79,HIGH,3,0,0,0,0,0,NO_TRADE,,NO_TRADE:PAST_14:30,
14:31:17,23284.4,23267.7,23193.65,NARROW,23363.55,23193.65,0.534,RANGE,STRONG_SELL_PREMIUM,RANGE,NO_TRADE,NO_TRADE:PAST_14:30,28.08,1,62.77,HIGH,3,0,0,0,0,0,NO_TRADE,,NO_TRADE:PAST_14:30,
14:31:32,23284.1,23267.7,23193.65,NARROW,23363.55,23193.65,0.532,RANGE,STRONG_SELL_PREMIUM,RANGE,NO_TRADE,NO_TRADE:PAST_14:30,28.08,1,62.74,HIGH,3,0,0,0,0,0,NO_TRADE,,NO_TRADE:PAST_14:30,
14:31:47,23283.05,23267.7,23193.65,NARROW,23363.55,23193.65,0.526,RANGE,STRONG_SELL_PREMIUM,RANGE,NO_TRADE,NO_TRADE:PAST_14:30,28.08,1,62.72,HIGH,3,0,0,0,0,0,NO_TRADE,,NO_TRADE:PAST_14:30,
14:32:02,23283.25,23267.7,23193.65,NARROW,23363.55,23193.65,0.527,RANGE,STRONG_SELL_PREMIUM,RANGE,NO_TRADE,NO_TRADE:PAST_14:30,28.08,1,62.69,HIGH,3,0,0,0,0,0,NO_TRADE,,NO_TRADE:PAST_14:30,
14:32:18,23281.85,23267.7,23193.65,NARROW,23363.55,23193.65,0.519,RANGE,STRONG_SELL_PREMIUM,RANGE,NO_TRADE,NO_TRADE:PAST_14:30,28.08,1,62.67,HIGH,3,0,0,0,0,0,NO_TRADE,,NO_TRADE:PAST_14:30,
14:32:32,23281.75,23267.7,23193.65,NARROW,23363.55,23193.65,0.519,RANGE,STRONG_SELL_PREMIUM,RANGE,NO_TRADE,NO_TRADE:PAST_14:30,28.08,1,62.64,HIGH,3,0,0,0,0,0,NO_TRADE,,NO_TRADE:PAST_14:30,
14:32:48,23281.45,23267.7,23193.65,NARROW,23363.55,23193.65,0.517,RANGE,STRONG_SELL_PREMIUM,RANGE,NO_TRADE,NO_TRADE:PAST_14:30,28.08,1,62.62,HIGH,3,0,0,0,0,0,NO_TRADE,,NO_TRADE:PAST_14:30,
14:33:03,23279.75,23267.7,23193.65,NARROW,23363.55,23193.65,0.507,RANGE,STRONG_SELL_PREMIUM,RANGE,NO_TRADE,NO_TRADE:PAST_14:30,28.08,1,62.59,HIGH,3,0,0,0,0,0,NO_TRADE,,NO_TRADE:PAST_14:30,
14:33:18,23277.55,23267.7,23193.65,NARROW,23363.55,23193.65,0.494,RANGE,STRONG_SELL_PREMIUM,RANGE,NO_TRADE,NO_TRADE:PAST_14:30,28.08,1,62.57,HIGH,3,0,0,0,0,0,NO_TRADE,,NO_TRADE:PAST_14:30,
14:33:33,23280.15,23267.7,23193.65,NARROW,23363.55,23193.65,0.509,RANGE,STRONG_SELL_PREMIUM,RANGE,NO_TRADE,NO_TRADE:PAST_14:30,28.08,1,62.55,HIGH,3,0,0,0,0,0,NO_TRADE,,NO_TRADE:PAST_14:30,
14:33:48,23278.95,23267.7,23193.65,NARROW,23363.55,23193.65,0.502,RANGE,STRONG_SELL_PREMIUM,RANGE,NO_TRADE,NO_TRADE:PAST_14:30,28.08,1,62.52,HIGH,3,0,0,0,0,0,NO_TRADE,,NO_TRADE:PAST_14:30,
14:34:03,23280.8,23267.7,23193.65,NARROW,23363.55,23193.65,0.513,RANGE,STRONG_SELL_PREMIUM,RANGE,NO_TRADE,NO_TRADE:PAST_14:30,28.08,1,62.5,HIGH,3,0,0,0,0,0,NO_TRADE,,NO_TRADE:PAST_14:30,
14:34:18,23276.55,23267.7,23193.65,NARROW,23363.55,23193.65,0.488,RANGE,STRONG_SELL_PREMIUM,RANGE,NO_TRADE,NO_TRADE:PAST_14:30,28.08,1,62.47,HIGH,3,0,0,0,0,0,NO_TRADE,,NO_TRADE:PAST_14:30,
14:34:33,23277.25,23267.7,23193.65,NARROW,23363.55,23193.65,0.492,RANGE,STRONG_SELL_PREMIUM,RANGE,NO_TRADE,NO_TRADE:PAST_14:30,28.08,1,62.45,HIGH,3,0,0,0,0,0,NO_TRADE,,NO_TRADE:PAST_14:30,
14:34:48,23275.6,23267.7,23193.65,NARROW,23363.55,23193.65,0.482,RANGE,STRONG_SELL_PREMIUM,RANGE,NO_TRADE,NO_TRADE:PAST_14:30,28.08,1,62.42,HIGH,3,0,0,0,0,0,NO_TRADE,,NO_TRADE:PAST_14:30,
14:35:03,23277.75,23267.7,23193.65,NARROW,23363.55,23193.65,0.495,RANGE,STRONG_SELL_PREMIUM,RANGE,NO_TRADE,NO_TRADE:PAST_14:30,27.84,1,62.4,HIGH,3,0,0,0,0,0,NO_TRADE,,NO_TRADE:PAST_14:30,
14:35:18,23276.45,23267.7,23193.65,NARROW,23363.55,23193.65,0.487,RANGE,STRONG_SELL_PREMIUM,RANGE,NO_TRADE,NO_TRADE:PAST_14:30,27.84,1,62.37,HIGH,3,0,0,0,0,0,NO_TRADE,,NO_TRADE:PAST_14:30,
14:35:33,23275.35,23267.7,23193.65,NARROW,23363.55,23193.65,0.481,RANGE,STRONG_SELL_PREMIUM,RANGE,NO_TRADE,NO_TRADE:PAST_14:30,27.84,1,62.35,HIGH,3,0,0,0,0,0,NO_TRADE,,NO_TRADE:PAST_14:30,
14:35:48,23276.05,23267.7,23193.65,NARROW,23363.55,23193.65,0.485,RANGE,STRONG_SELL_PREMIUM,RANGE,NO_TRADE,NO_TRADE:PAST_14:30,27.84,1,62.33,HIGH,3,0,0,0,0,0,NO_TRADE,,NO_TRADE:PAST_14:30,
14:36:03,23292.55,23267.7,23193.65,NARROW,23363.55,23193.65,0.582,UPTREND,STRONG_SELL_PREMIUM,RANGE,NO_TRADE,NO_TRADE:PAST_14:30,26.82,1,62.3,HIGH,3,0,0,0,0,0,NO_TRADE,,NO_TRADE:PAST_14:30,
14:36:18,23285.65,23267.7,23193.65,NARROW,23363.55,23193.65,0.541,RANGE,STRONG_SELL_PREMIUM,RANGE,NO_TRADE,NO_TRADE:PAST_14:30,26.82,1,62.28,HIGH,3,0,0,0,0,0,NO_TRADE,,NO_TRADE:PAST_14:30,
14:36:33,23291.45,23267.7,23193.65,NARROW,23363.55,23193.65,0.576,UPTREND,STRONG_SELL_PREMIUM,RANGE,NO_TRADE,NO_TRADE:PAST_14:30,26.82,1,62.25,HIGH,3,0,0,0,0,0,NO_TRADE,,NO_TRADE:PAST_14:30,
14:36:48,23288.45,23267.7,23193.65,NARROW,23363.55,23193.65,0.558,UPTREND,STRONG_SELL_PREMIUM,RANGE,NO_TRADE,NO_TRADE:PAST_14:30,26.82,1,62.23,HIGH,3,0,0,0,0,0,NO_TRADE,,NO_TRADE:PAST_14:30,
14:37:03,23287.85,23267.7,23193.65,NARROW,23363.55,23193.65,0.554,UPTREND,STRONG_SELL_PREMIUM,RANGE,NO_TRADE,NO_TRADE:PAST_14:30,26.17,1,62.2,HIGH,3,0,0,0,0,0,NO_TRADE,,NO_TRADE:PAST_14:30,
14:37:18,23290.45,23267.7,23193.65,NARROW,23363.55,23193.65,0.570,UPTREND,STRONG_SELL_PREMIUM,RANGE,NO_TRADE,NO_TRADE:PAST_14:30,26.17,1,62.18,HIGH,3,0,0,0,0,0,NO_TRADE,,NO_TRADE:PAST_14:30,
14:37:33,23290.4,23267.7,23193.65,NARROW,23363.55,23193.65,0.569,UPTREND,STRONG_SELL_PREMIUM,RANGE,NO_TRADE,NO_TRADE:PAST_14:30,26.17,1,62.16,HIGH,3,0,0,0,0,0,NO_TRADE,,NO_TRADE:PAST_14:30,
14:37:48,23305.65,23267.7,23193.65,NARROW,23363.55,23193.65,0.659,UPTREND,STRONG_SELL_PREMIUM,RANGE,NO_TRADE,NO_TRADE:PAST_14:30,26.17,1,62.13,HIGH,3,0,0,0,0,0,NO_TRADE,,NO_TRADE:PAST_14:30,
14:38:03,23303.75,23267.7,23193.65,NARROW,23363.55,23193.65,0.648,UPTREND,STRONG_SELL_PREMIUM,RANGE,NO_TRADE,NO_TRADE:PAST_14:30,26.17,1,62.11,HIGH,3,0,0,0,0,0,NO_TRADE,,NO_TRADE:PAST_14:30,
14:38:18,23303.25,23267.7,23193.65,NARROW,23363.55,23193.65,0.645,UPTREND,STRONG_SELL_PREMIUM,RANGE,NO_TRADE,NO_TRADE:PAST_14:30,26.17,1,62.08,HIGH,3,0,0,0,0,0,NO_TRADE,,NO_TRADE:PAST_14:30,
14:38:33,23304.85,23267.7,23193.65,NARROW,23363.55,23193.65,0.655,UPTREND,STRONG_SELL_PREMIUM,RANGE,NO_TRADE,NO_TRADE:PAST_14:30,26.17,1,62.06,HIGH,3,0,0,0,0,0,NO_TRADE,,NO_TRADE:PAST_14:30,
14:38:48,23300.85,23267.7,23193.65,NARROW,23363.55,23193.65,0.631,UPTREND,STRONG_SELL_PREMIUM,RANGE,NO_TRADE,NO_TRADE:PAST_14:30,26.17,1,62.04,HIGH,3,0,0,0,0,0,NO_TRADE,,NO_TRADE:PAST_14:30,
14:39:04,23301.65,23267.7,23193.65,NARROW,23363.55,23193.65,0.636,UPTREND,STRONG_SELL_PREMIUM,RANGE,NO_TRADE,NO_TRADE:PAST_14:30,26.17,1,62.01,HIGH,3,0,0,0,0,0,NO_TRADE,,NO_TRADE:PAST_14:30,
14:39:19,23304.1,23267.7,23193.65,NARROW,23363.55,23193.65,0.650,UPTREND,STRONG_SELL_PREMIUM,RANGE,NO_TRADE,NO_TRADE:PAST_14:30,26.17,1,61.99,HIGH,3,0,0,0,0,0,NO_TRADE,,NO_TRADE:PAST_14:30,
14:39:34,23308.55,23267.7,23193.65,NARROW,23363.55,23193.65,0.676,UPTREND,STRONG_SELL_PREMIUM,RANGE,NO_TRADE,NO_TRADE:PAST_14:30,26.17,1,61.96,HIGH,3,0,0,0,0,0,NO_TRADE,,NO_TRADE:PAST_14:30,
14:39:49,23306.4,23267.7,23193.65,NARROW,23363.55,23193.65,0.664,UPTREND,STRONG_SELL_PREMIUM,RANGE,NO_TRADE,NO_TRADE:PAST_14:30,26.17,1,61.94,HIGH,3,0,0,0,0,0,NO_TRADE,,NO_TRADE:PAST_14:30,
14:40:04,23303.25,23267.7,23193.65,NARROW,23363.55,23193.65,0.645,UPTREND,STRONG_SELL_PREMIUM,RANGE,NO_TRADE,NO_TRADE:PAST_14:30,24.44,1,61.92,HIGH,3,0,0,0,0,0,NO_TRADE,,NO_TRADE:PAST_14:30,
14:40:19,23302.05,23267.7,23193.65,NARROW,23363.55,23193.65,0.638,UPTREND,STRONG_SELL_PREMIUM,RANGE,NO_TRADE,NO_TRADE:PAST_14:30,24.44,1,61.89,HIGH,3,0,0,0,0,0,NO_TRADE,,NO_TRADE:PAST_14:30,
14:40:34,23296.75,23267.7,23193.65,NARROW,23363.55,23193.65,0.607,UPTREND,STRONG_SELL_PREMIUM,RANGE,NO_TRADE,NO_TRADE:PAST_14:30,24.44,1,61.87,HIGH,3,0,0,0,0,0,NO_TRADE,,NO_TRADE:PAST_14:30,
14:40:49,23293.1,23267.7,23193.65,NARROW,23363.55,23193.65,0.585,UPTREND,STRONG_SELL_PREMIUM,RANGE,NO_TRADE,NO_TRADE:PAST_14:30,24.44,1,61.84,HIGH,3,0,0,0,0,0,NO_TRADE,,NO_TRADE:PAST_14:30,
14:41:04,23299.9,23267.7,23193.65,NARROW,23363.55,23193.65,0.625,UPTREND,STRONG_SELL_PREMIUM,RANGE,NO_TRADE,NO_TRADE:PAST_14:30,24.44,1,61.82,HIGH,3,0,0,0,0,0,NO_TRADE,,NO_TRADE:PAST_14:30,
14:41:19,23301.75,23267.7,23193.65,NARROW,23363.55,23193.65,0.636,UPTREND,STRONG_SELL_PREMIUM,RANGE,NO_TRADE,NO_TRADE:PAST_14:30,24.44,1,61.8,HIGH,3,0,0,0,0,0,NO_TRADE,,NO_TRADE:PAST_14:30,
14:41:34,23301.4,23267.7,23193.65,NARROW,23363.55,23193.65,0.634,UPTREND,STRONG_SELL_PREMIUM,RANGE,NO_TRADE,NO_TRADE:PAST_14:30,24.44,1,61.77,HIGH,3,0,0,0,0,0,NO_TRADE,,NO_TRADE:PAST_14:30,
14:41:49,23299.75,23267.7,23193.65,NARROW,23363.55,23193.65,0.624,UPTREND,STRONG_SELL_PREMIUM,RANGE,NO_TRADE,NO_TRADE:PAST_14:30,24.44,1,61.75,HIGH,3,0,0,0,0,0,NO_TRADE,,NO_TRADE:PAST_14:30,
14:42:04,23298.15,23267.7,23193.65,NARROW,23363.55,23193.65,0.615,UPTREND,STRONG_SELL_PREMIUM,RANGE,NO_TRADE,NO_TRADE:PAST_14:30,24.44,1,61.73,HIGH,3,0,0,0,0,0,NO_TRADE,,NO_TRADE:PAST_14:30,
14:42:19,23294.2,23267.7,23193.65,NARROW,23363.55,23193.65,0.592,UPTREND,STRONG_SELL_PREMIUM,RANGE,NO_TRADE,NO_TRADE:PAST_14:30,24.44,1,61.7,HIGH,3,0,0,0,0,0,NO_TRADE,,NO_TRADE:PAST_14:30,
14:42:34,23294.15,23267.7,23193.65,NARROW,23363.55,23193.65,0.592,UPTREND,STRONG_SELL_PREMIUM,RANGE,NO_TRADE,NO_TRADE:PAST_14:30,24.44,1,61.68,HIGH,3,0,0,0,0,0,NO_TRADE,,NO_TRADE:PAST_14:30,
14:42:49,23288.9,23267.7,23193.65,NARROW,23363.55,23193.65,0.561,UPTREND,STRONG_SELL_PREMIUM,RANGE,NO_TRADE,NO_TRADE:PAST_14:30,24.44,1,61.65,HIGH,3,0,0,0,0,0,NO_TRADE,,NO_TRADE:PAST_14:30,
14:43:04,23290.4,23267.7,23193.65,NARROW,23363.55,23193.65,0.569,UPTREND,STRONG_SELL_PREMIUM,RANGE,NO_TRADE,NO_TRADE:PAST_14:30,24.44,1,61.63,HIGH,3,0,0,0,0,0,NO_TRADE,,NO_TRADE:PAST_14:30,
14:43:19,23289.35,23267.7,23193.65,NARROW,23363.55,23193.65,0.563,UPTREND,STRONG_SELL_PREMIUM,RANGE,NO_TRADE,NO_TRADE:PAST_14:30,24.44,1,61.61,HIGH,3,0,0,0,0,0,NO_TRADE,,NO_TRADE:PAST_14:30,
14:43:34,23291.0,23267.7,23193.65,NARROW,23363.55,23193.65,0.573,UPTREND,STRONG_SELL_PREMIUM,RANGE,NO_TRADE,NO_TRADE:PAST_14:30,24.44,1,61.58,HIGH,3,0,0,0,0,0,NO_TRADE,,NO_TRADE:PAST_14:30,
14:43:49,23292.75,23267.7,23193.65,NARROW,23363.55,23193.65,0.583,UPTREND,STRONG_SELL_PREMIUM,RANGE,NO_TRADE,NO_TRADE:PAST_14:30,24.44,1,61.56,HIGH,3,0,0,0,0,0,NO_TRADE,,NO_TRADE:PAST_14:30,
14:44:04,23291.0,23267.7,23193.65,NARROW,23363.55,23193.65,0.573,UPTREND,STRONG_SELL_PREMIUM,RANGE,NO_TRADE,NO_TRADE:PAST_14:30,24.44,1,61.54,HIGH,3,0,0,0,0,0,NO_TRADE,,NO_TRADE:PAST_14:30,
14:44:19,23285.6,23267.7,23193.65,NARROW,23363.55,23193.65,0.541,RANGE,STRONG_SELL_PREMIUM,RANGE,NO_TRADE,NO_TRADE:PAST_14:30,24.44,1,61.51,HIGH,3,0,0,0,0,0,NO_TRADE,,NO_TRADE:PAST_14:30,
14:44:34,23286.8,23267.7,23193.65,NARROW,23363.55,23193.65,0.548,RANGE,STRONG_SELL_PREMIUM,RANGE,NO_TRADE,NO_TRADE:PAST_14:30,24.44,1,61.49,HIGH,3,0,0,0,0,0,NO_TRADE,,NO_TRADE:PAST_14:30,
14:44:49,23286.5,23267.7,23193.65,NARROW,23363.55,23193.65,0.546,RANGE,STRONG_SELL_PREMIUM,RANGE,NO_TRADE,NO_TRADE:PAST_14:30,24.44,1,61.47,HIGH,3,0,0,0,0,0,NO_TRADE,,NO_TRADE:PAST_14:30,
14:45:04,23289.3,23267.7,23193.65,NARROW,23363.55,23193.65,0.563,UPTREND,STRONG_SELL_PREMIUM,RANGE,NO_TRADE,NO_TRADE:PAST_14:30,22.89,1,61.44,HIGH,3,0,0,0,0,0,NO_TRADE,,NO_TRADE:PAST_14:30,
14:45:19,23295.35,23267.7,23193.65,NARROW,23363.55,23193.65,0.599,UPTREND,STRONG_SELL_PREMIUM,RANGE,NO_TRADE,NO_TRADE:PAST_14:30,22.89,1,61.42,HIGH,3,0,0,0,0,0,NO_TRADE,,NO_TRADE:PAST_14:30,
14:45:34,23291.65,23267.7,23193.65,NARROW,23363.55,23193.65,0.577,UPTREND,STRONG_SELL_PREMIUM,RANGE,NO_TRADE,NO_TRADE:PAST_14:30,22.89,1,61.4,HIGH,3,0,0,0,0,0,NO_TRADE,,NO_TRADE:PAST_14:30,
14:45:49,23297.4,23267.7,23193.65,NARROW,23363.55,23193.65,0.611,UPTREND,STRONG_SELL_PREMIUM,RANGE,NO_TRADE,NO_TRADE:PAST_14:30,22.89,1,61.37,HIGH,3,0,0,0,0,0,NO_TRADE,,NO_TRADE:PAST_14:30,
14:46:05,23295.5,23267.7,23193.65,NARROW,23363.55,23193.65,0.599,UPTREND,STRONG_SELL_PREMIUM,RANGE,NO_TRADE,NO_TRADE:PAST_14:30,22.89,1,61.35,HIGH,3,0,0,0,0,0,NO_TRADE,,NO_TRADE:PAST_14:30,
14:46:20,23297.85,23267.7,23193.65,NARROW,23363.55,23193.65,0.613,UPTREND,STRONG_SELL_PREMIUM,RANGE,NO_TRADE,NO_TRADE:PAST_14:30,22.89,1,61.33,HIGH,3,0,0,0,0,0,NO_TRADE,,NO_TRADE:PAST_14:30,
14:46:35,23296.6,23267.7,23193.65,NARROW,23363.55,23193.65,0.606,UPTREND,STRONG_SELL_PREMIUM,RANGE,NO_TRADE,NO_TRADE:PAST_14:30,22.89,1,61.3,HIGH,3,0,0,0,0,0,NO_TRADE,,NO_TRADE:PAST_14:30,
14:46:50,23295.0,23267.7,23193.65,NARROW,23363.55,23193.65,0.597,UPTREND,STRONG_SELL_PREMIUM,RANGE,NO_TRADE,NO_TRADE:PAST_14:30,22.89,1,61.28,HIGH,3,0,0,0,0,0,NO_TRADE,,NO_TRADE:PAST_14:30,
14:47:05,23300.75,23267.7,23193.65,NARROW,23363.55,23193.65,0.630,UPTREND,STRONG_SELL_PREMIUM,RANGE,NO_TRADE,NO_TRADE:PAST_14:30,22.89,1,61.26,HIGH,3,0,0,0,0,0,NO_TRADE,,NO_TRADE:PAST_14:30,
14:47:20,23300.55,23267.7,23193.65,NARROW,23363.55,23193.65,0.629,UPTREND,STRONG_SELL_PREMIUM,RANGE,NO_TRADE,NO_TRADE:PAST_14:30,22.89,1,61.23,HIGH,3,0,0,0,0,0,NO_TRADE,,NO_TRADE:PAST_14:30,
14:47:35,23294.9,23267.7,23193.65,NARROW,23363.55,23193.65,0.596,UPTREND,STRONG_SELL_PREMIUM,RANGE,NO_TRADE,NO_TRADE:PAST_14:30,22.89,1,61.21,HIGH,3,0,0,0,0,0,NO_TRADE,,NO_TRADE:PAST_14:30,
14:47:50,23298.2,23267.7,23193.65,NARROW,23363.55,23193.65,0.615,UPTREND,STRONG_SELL_PREMIUM,RANGE,NO_TRADE,NO_TRADE:PAST_14:30,22.89,1,61.19,HIGH,3,0,0,0,0,0,NO_TRADE,,NO_TRADE:PAST_14:30,
14:48:05,23299.6,23267.7,23193.65,NARROW,23363.55,23193.65,0.624,UPTREND,STRONG_SELL_PREMIUM,RANGE,NO_TRADE,NO_TRADE:PAST_14:30,23.3,1,61.17,HIGH,3,0,0,0,0,0,NO_TRADE,,NO_TRADE:PAST_14:30,
14:48:20,23302.4,23267.7,23193.65,NARROW,23363.55,23193.65,0.640,UPTREND,STRONG_SELL_PREMIUM,RANGE,NO_TRADE,NO_TRADE:PAST_14:30,23.3,1,61.14,HIGH,3,0,0,0,0,0,NO_TRADE,,NO_TRADE:PAST_14:30,
14:48:35,23304.4,23267.7,23193.65,NARROW,23363.55,23193.65,0.652,UPTREND,STRONG_SELL_PREMIUM,RANGE,NO_TRADE,NO_TRADE:PAST_14:30,23.3,1,61.12,HIGH,3,0,0,0,0,0,NO_TRADE,,NO_TRADE:PAST_14:30,
14:48:50,23305.9,23267.7,23193.65,NARROW,23363.55,23193.65,0.661,UPTREND,SELL_PREMIUM,RANGE,NO_TRADE,NO_TRADE:PAST_14:30,23.3,1,61.1,HIGH,3,0,0,0,0,0,NO_TRADE,,NO_TRADE:PAST_14:30,
14:49:05,23307.0,23267.7,23193.65,NARROW,23363.55,23193.65,0.667,UPTREND,SELL_PREMIUM,RANGE,NO_TRADE,NO_TRADE:PAST_14:30,23.6,1,61.07,HIGH,3,0,0,0,0,0,NO_TRADE,,NO_TRADE:PAST_14:30,
14:49:20,23309.0,23267.7,23193.65,NARROW,23363.55,23193.65,0.679,UPTREND,SELL_PREMIUM,RANGE,NO_TRADE,NO_TRADE:PAST_14:30,23.6,1,61.05,HIGH,3,0,0,0,0,0,NO_TRADE,,NO_TRADE:PAST_14:30,
14:49:35,23306.7,23267.7,23193.65,NARROW,23363.55,23193.65,0.665,UPTREND,SELL_PREMIUM,RANGE,NO_TRADE,NO_TRADE:PAST_14:30,23.6,1,61.03,HIGH,3,0,0,0,0,0,NO_TRADE,,NO_TRADE:PAST_14:30,
14:49:50,23302.7,23267.7,23193.65,NARROW,23363.55,23193.65,0.642,UPTREND,SELL_PREMIUM,RANGE,NO_TRADE,NO_TRADE:PAST_14:30,23.6,1,61.01,HIGH,3,0,0,0,0,0,NO_TRADE,,NO_TRADE:PAST_14:30,
14:50:05,23299.35,23267.7,23193.65,NARROW,23363.55,23193.65,0.622,UPTREND,SELL_PREMIUM,RANGE,NO_TRADE,NO_TRADE:PAST_14:30,22.85,1,60.98,HIGH,3,0,0,0,0,0,NO_TRADE,,NO_TRADE:PAST_14:30,
14:50:20,23305.2,23267.7,23193.65,NARROW,23363.55,23193.65,0.657,UPTREND,SELL_PREMIUM,RANGE,NO_TRADE,NO_TRADE:PAST_14:30,22.85,1,60.96,HIGH,3,0,0,0,0,0,NO_TRADE,,NO_TRADE:PAST_14:30,
14:50:35,23302.1,23267.7,23193.65,NARROW,23363.55,23193.65,0.638,UPTREND,SELL_PREMIUM,RANGE,NO_TRADE,NO_TRADE:PAST_14:30,22.85,1,60.94,HIGH,3,0,0,0,0,0,NO_TRADE,,NO_TRADE:PAST_14:30,
14:50:50,23302.75,23267.7,23193.65,NARROW,23363.55,23193.65,0.642,UPTREND,SELL_PREMIUM,RANGE,NO_TRADE,NO_TRADE:PAST_14:30,22.85,1,60.91,HIGH,3,0,0,0,0,0,NO_TRADE,,NO_TRADE:PAST_14:30,
14:51:05,23303.15,23267.7,23193.65,NARROW,23363.55,23193.65,0.644,UPTREND,SELL_PREMIUM,RANGE,NO_TRADE,NO_TRADE:PAST_14:30,22.85,1,60.89,HIGH,3,0,0,0,0,0,NO_TRADE,,NO_TRADE:PAST_14:30,
14:51:20,23301.0,23267.7,23193.65,NARROW,23363.55,23193.65,0.632,UPTREND,STRONG_SELL_PREMIUM,RANGE,NO_TRADE,NO_TRADE:PAST_14:30,22.85,1,60.87,HIGH,3,0,0,0,0,0,NO_TRADE,,NO_TRADE:PAST_14:30,
14:51:36,23300.45,23267.7,23193.65,NARROW,23363.55,23193.65,0.629,UPTREND,STRONG_SELL_PREMIUM,RANGE,NO_TRADE,NO_TRADE:PAST_14:30,22.85,1,60.85,HIGH,3,0,0,0,0,0,NO_TRADE,,NO_TRADE:PAST_14:30,
14:51:51,23300.75,23267.7,23193.65,NARROW,23363.55,23193.65,0.630,UPTREND,STRONG_SELL_PREMIUM,RANGE,NO_TRADE,NO_TRADE:PAST_14:30,22.85,1,60.82,HIGH,3,0,0,0,0,0,NO_TRADE,,NO_TRADE:PAST_14:30,
14:52:06,23300.95,23267.7,23193.65,NARROW,23363.55,23193.65,0.632,UPTREND,STRONG_SELL_PREMIUM,RANGE,NO_TRADE,NO_TRADE:PAST_14:30,22.85,1,60.8,HIGH,3,0,0,0,0,0,NO_TRADE,,NO_TRADE:PAST_14:30,
14:52:21,23303.8,23267.7,23193.65,NARROW,23363.55,23193.65,0.648,UPTREND,STRONG_SELL_PREMIUM,RANGE,NO_TRADE,NO_TRADE:PAST_14:30,22.85,1,60.78,HIGH,3,0,0,0,0,0,NO_TRADE,,NO_TRADE:PAST_14:30,
14:52:36,23304.9,23267.7,23193.65,NARROW,23363.55,23193.65,0.655,UPTREND,STRONG_SELL_PREMIUM,RANGE,NO_TRADE,NO_TRADE:PAST_14:30,22.85,1,60.75,HIGH,3,0,0,0,0,0,NO_TRADE,,NO_TRADE:PAST_14:30,
14:52:51,23302.65,23267.7,23193.65,NARROW,23363.55,23193.65,0.642,UPTREND,STRONG_SELL_PREMIUM,RANGE,NO_TRADE,NO_TRADE:PAST_14:30,22.85,1,60.73,HIGH,3,0,0,0,0,0,NO_TRADE,,NO_TRADE:PAST_14:30,
14:53:06,23302.0,23267.7,23193.65,NARROW,23363.55,23193.65,0.638,UPTREND,STRONG_SELL_PREMIUM,RANGE,NO_TRADE,NO_TRADE:PAST_14:30,22.85,1,60.71,HIGH,3,0,0,0,0,0,NO_TRADE,,NO_TRADE:PAST_14:30,
14:53:21,23298.45,23267.7,23193.65,NARROW,23363.55,23193.65,0.617,UPTREND,STRONG_SELL_PREMIUM,RANGE,NO_TRADE,NO_TRADE:PAST_14:30,22.85,1,60.69,HIGH,3,0,0,0,0,0,NO_TRADE,,NO_TRADE:PAST_14:30,
14:53:36,23302.2,23267.7,23193.65,NARROW,23363.55,23193.65,0.639,UPTREND,STRONG_SELL_PREMIUM,RANGE,NO_TRADE,NO_TRADE:PAST_14:30,22.85,1,60.66,HIGH,3,0,0,0,0,0,NO_TRADE,,NO_TRADE:PAST_14:30,
14:53:51,23298.95,23267.7,23193.65,NARROW,23363.55,23193.65,0.620,UPTREND,STRONG_SELL_PREMIUM,RANGE,NO_TRADE,NO_TRADE:PAST_14:30,22.85,1,60.64,HIGH,3,0,0,0,0,0,NO_TRADE,,NO_TRADE:PAST_14:30,
14:54:06,23298.05,23267.7,23193.65,NARROW,23363.55,23193.65,0.614,UPTREND,STRONG_SELL_PREMIUM,RANGE,NO_TRADE,NO_TRADE:PAST_14:30,22.85,1,60.62,HIGH,3,0,0,0,0,0,NO_TRADE,,NO_TRADE:PAST_14:30,
14:54:21,23295.65,23267.7,23193.65,NARROW,23363.55,23193.65,0.600,UPTREND,STRONG_SELL_PREMIUM,RANGE,NO_TRADE,NO_TRADE:PAST_14:30,22.85,1,60.6,HIGH,3,0,0,0,0,0,NO_TRADE,,NO_TRADE:PAST_14:30,
14:54:36,23298.5,23267.7,23193.65,NARROW,23363.55,23193.65,0.617,UPTREND,STRONG_SELL_PREMIUM,RANGE,NO_TRADE,NO_TRADE:PAST_14:30,22.85,1,60.58,HIGH,3,0,0,0,0,0,NO_TRADE,,NO_TRADE:PAST_14:30,
14:54:51,23297.05,23267.7,23193.65,NARROW,23363.55,23193.65,0.609,UPTREND,STRONG_SELL_PREMIUM,RANGE,NO_TRADE,NO_TRADE:PAST_14:30,22.85,1,60.55,HIGH,3,0,0,0,0,0,NO_TRADE,,NO_TRADE:PAST_14:30,
14:55:06,23297.95,23267.7,23193.65,NARROW,23363.55,23193.65,0.614,UPTREND,STRONG_SELL_PREMIUM,RANGE,NO_TRADE,NO_TRADE:PAST_14:30,21.58,1,60.53,HIGH,3,0,0,0,0,0,NO_TRADE,,NO_TRADE:PAST_14:30,
14:55:21,23295.65,23267.7,23193.65,NARROW,23363.55,23193.65,0.600,UPTREND,STRONG_SELL_PREMIUM,RANGE,NO_TRADE,NO_TRADE:PAST_14:30,21.58,1,60.51,HIGH,3,0,0,0,0,0,NO_TRADE,,NO_TRADE:PAST_14:30,
14:55:36,23294.3,23267.7,23193.65,NARROW,23363.55,23193.65,0.592,UPTREND,STRONG_SELL_PREMIUM,RANGE,NO_TRADE,NO_TRADE:PAST_14:30,21.58,1,60.49,HIGH,3,0,0,0,0,0,NO_TRADE,,NO_TRADE:PAST_14:30,
14:55:51,23293.95,23267.7,23193.65,NARROW,23363.55,23193.65,0.590,UPTREND,STRONG_SELL_PREMIUM,RANGE,NO_TRADE,NO_TRADE:PAST_14:30,21.58,1,60.46,HIGH,3,0,0,0,0,0,NO_TRADE,,NO_TRADE:PAST_14:30,
14:56:06,23293.1,23267.7,23193.65,NARROW,23363.55,23193.65,0.585,UPTREND,STRONG_SELL_PREMIUM,RANGE,NO_TRADE,NO_TRADE:PAST_14:30,20.72,1,60.44,HIGH,3,0,0,0,0,0,NO_TRADE,,NO_TRADE:PAST_14:30,
14:56:21,23291.7,23267.7,23193.65,NARROW,23363.55,23193.65,0.577,UPTREND,STRONG_SELL_PREMIUM,RANGE,NO_TRADE,NO_TRADE:PAST_14:30,20.72,1,60.42,HIGH,3,0,0,0,0,0,NO_TRADE,,NO_TRADE:PAST_14:30,
14:56:36,23290.7,23267.7,23193.65,NARROW,23363.55,23193.65,0.571,UPTREND,STRONG_SELL_PREMIUM,RANGE,NO_TRADE,NO_TRADE:PAST_14:30,20.72,1,60.4,HIGH,3,0,0,0,0,0,NO_TRADE,,NO_TRADE:PAST_14:30,
14:56:51,23288.0,23267.7,23193.65,NARROW,23363.55,23193.65,0.555,UPTREND,STRONG_SELL_PREMIUM,RANGE,NO_TRADE,NO_TRADE:PAST_14:30,20.72,1,60.38,HIGH,3,0,0,0,0,0,NO_TRADE,,NO_TRADE:PAST_14:30,
14:57:06,23288.35,23267.7,23193.65,NARROW,23363.55,23193.65,0.557,RANGE,STRONG_SELL_PREMIUM,RANGE,NO_TRADE,NO_TRADE:PAST_14:30,20.95,1,60.35,HIGH,3,0,0,0,0,0,NO_TRADE,,NO_TRADE:PAST_14:30,
14:57:21,23285.4,23267.7,23193.65,NARROW,23363.55,23193.65,0.540,RANGE,STRONG_SELL_PREMIUM,RANGE,NO_TRADE,NO_TRADE:PAST_14:30,20.95,1,60.33,HIGH,3,0,0,0,0,0,NO_TRADE,,NO_TRADE:PAST_14:30,
14:57:36,23285.95,23267.7,23193.65,NARROW,23363.55,23193.65,0.543,RANGE,STRONG_SELL_PREMIUM,RANGE,NO_TRADE,NO_TRADE:PAST_14:30,20.95,1,60.31,HIGH,3,0,0,0,0,0,NO_TRADE,,NO_TRADE:PAST_14:30,
14:57:52,23284.7,23267.7,23193.65,NARROW,23363.55,23193.65,0.536,RANGE,STRONG_SELL_PREMIUM,RANGE,NO_TRADE,NO_TRADE:PAST_14:30,20.95,1,60.29,HIGH,3,0,0,0,0,0,NO_TRADE,,NO_TRADE:PAST_14:30,
14:58:07,23286.2,23267.7,23193.65,NARROW,23363.55,23193.65,0.545,RANGE,STRONG_SELL_PREMIUM,RANGE,NO_TRADE,NO_TRADE:PAST_14:30,21.0,1,60.27,HIGH,3,0,0,0,0,0,NO_TRADE,,NO_TRADE:PAST_14:30,
14:58:22,23287.05,23267.7,23193.65,NARROW,23363.55,23193.65,0.550,RANGE,STRONG_SELL_PREMIUM,RANGE,NO_TRADE,NO_TRADE:PAST_14:30,21.0,1,60.24,HIGH,3,0,0,0,0,0,NO_TRADE,,NO_TRADE:PAST_14:30,
14:58:37,23287.2,23267.7,23193.65,NARROW,23363.55,23193.65,0.551,RANGE,STRONG_SELL_PREMIUM,RANGE,NO_TRADE,NO_TRADE:PAST_14:30,21.0,1,60.22,HIGH,3,0,0,0,0,0,NO_TRADE,,NO_TRADE:PAST_14:30,
14:58:52,23287.5,23267.7,23193.65,NARROW,23363.55,23193.65,0.552,RANGE,STRONG_SELL_PREMIUM,RANGE,NO_TRADE,NO_TRADE:PAST_14:30,21.0,1,60.2,HIGH,3,0,0,0,0,0,NO_TRADE,,NO_TRADE:PAST_14:30,
14:59:07,23286.25,23267.7,23193.65,NARROW,23363.55,23193.65,0.545,RANGE,STRONG_SELL_PREMIUM,RANGE,NO_TRADE,NO_TRADE:PAST_14:30,21.0,1,60.18,HIGH,3,0,0,0,0,0,NO_TRADE,,NO_TRADE:PAST_14:30,
14:59:22,23285.6,23267.7,23193.65,NARROW,23363.55,23193.65,0.541,RANGE,STRONG_SELL_PREMIUM,RANGE,NO_TRADE,NO_TRADE:PAST_14:30,21.0,1,60.16,HIGH,3,0,0,0,0,0,NO_TRADE,,NO_TRADE:PAST_14:30,
14:59:37,23284.25,23267.7,23193.65,NARROW,23363.55,23193.65,0.533,RANGE,STRONG_SELL_PREMIUM,RANGE,NO_TRADE,NO_TRADE:PAST_14:30,21.0,1,60.13,HIGH,3,0,0,0,0,0,NO_TRADE,,NO_TRADE:PAST_14:30,
14:59:52,23286.25,23267.7,23193.65,NARROW,23363.55,23193.65,0.545,RANGE,STRONG_SELL_PREMIUM,RANGE,NO_TRADE,NO_TRADE:PAST_14:30,21.0,1,60.11,HIGH,3,0,0,0,0,0,NO_TRADE,,NO_TRADE:PAST_14:30,
15:00:07,23283.5,23267.7,23193.65,NARROW,23363.55,23193.65,0.529,RANGE,STRONG_SELL_PREMIUM,RANGE,NO_TRADE,NO_TRADE:PAST_14:30,20.02,1,60.09,HIGH,3,0,0,0,0,0,NO_TRADE,,NO_TRADE:PAST_14:30,
15:00:22,23279.9,23267.7,23193.65,NARROW,23363.55,23193.65,0.508,RANGE,STRONG_SELL_PREMIUM,RANGE,NO_TRADE,NO_TRADE:PAST_14:30,20.02,1,60.07,HIGH,3,0,0,0,0,0,NO_TRADE,,NO_TRADE:PAST_14:30,
15:00:37,23281.6,23267.7,23193.65,NARROW,23363.55,23193.65,0.518,RANGE,STRONG_SELL_PREMIUM,RANGE,NO_TRADE,NO_TRADE:PAST_14:30,20.02,1,60.05,HIGH,3,0,0,0,0,0,NO_TRADE,,NO_TRADE:PAST_14:30,
15:00:52,23287.25,23267.7,23193.65,NARROW,23363.55,23193.65,0.551,RANGE,STRONG_SELL_PREMIUM,RANGE,NO_TRADE,NO_TRADE:PAST_14:30,20.02,1,60.02,HIGH,3,0,0,0,0,0,NO_TRADE,,NO_TRADE:PAST_14:30,
15:01:07,23286.85,23267.7,23193.65,NARROW,23363.55,23193.65,0.549,RANGE,STRONG_SELL_PREMIUM,RANGE,NO_TRADE,NO_TRADE:PAST_14:30,20.02,1,60.0,HIGH,3,0,0,0,0,0,NO_TRADE,,NO_TRADE:PAST_14:30,
15:01:22,23288.85,23267.7,23193.65,NARROW,23363.55,23193.65,0.560,RANGE,STRONG_SELL_PREMIUM,RANGE,NO_TRADE,NO_TRADE:PAST_14:30,20.02,1,59.98,HIGH,3,0,0,0,0,0,NO_TRADE,,NO_TRADE:PAST_14:30,
15:01:37,23288.7,23267.7,23193.65,NARROW,23363.55,23193.65,0.559,RANGE,STRONG_SELL_PREMIUM,RANGE,NO_TRADE,NO_TRADE:PAST_14:30,20.02,1,59.96,HIGH,3,0,0,0,0,0,NO_TRADE,,NO_TRADE:PAST_14:30,
15:01:52,23289.9,23267.7,23193.65,NARROW,23363.55,23193.65,0.567,RANGE,STRONG_SELL_PREMIUM,RANGE,NO_TRADE,NO_TRADE:PAST_14:30,20.02,1,59.94,HIGH,3,0,0,0,0,0,NO_TRADE,,NO_TRADE:PAST_14:30,
15:02:07,23287.5,23267.7,23193.65,NARROW,23363.55,23193.65,0.552,RANGE,STRONG_SELL_PREMIUM,RANGE,NO_TRADE,NO_TRADE:PAST_14:30,20.02,1,59.92,HIGH,3,0,0,0,0,0,NO_TRADE,,NO_TRADE:PAST_14:30,
15:02:22,23287.45,23267.7,23193.65,NARROW,23363.55,23193.65,0.552,RANGE,STRONG_SELL_PREMIUM,RANGE,NO_TRADE,NO_TRADE:PAST_14:30,20.02,1,59.89,HIGH,3,0,0,0,0,0,NO_TRADE,,NO_TRADE:PAST_14:30,
15:02:37,23287.65,23267.7,23193.65,NARROW,23363.55,23193.65,0.553,RANGE,STRONG_SELL_PREMIUM,RANGE,NO_TRADE,NO_TRADE:PAST_14:30,20.02,1,59.87,HIGH,3,0,0,0,0,0,NO_TRADE,,NO_TRADE:PAST_14:30,
15:02:52,23288.5,23267.7,23193.65,NARROW,23363.55,23193.65,0.558,RANGE,STRONG_SELL_PREMIUM,RANGE,NO_TRADE,NO_TRADE:PAST_14:30,20.02,1,59.85,HIGH,3,0,0,0,0,0,NO_TRADE,,NO_TRADE:PAST_14:30,
15:03:07,23290.75,23267.7,23193.65,NARROW,23363.55,23193.65,0.572,RANGE,STRONG_SELL_PREMIUM,RANGE,NO_TRADE,NO_TRADE:PAST_14:30,20.02,1,59.83,HIGH,3,0,0,0,0,0,NO_TRADE,,NO_TRADE:PAST_14:30,
15:03:22,23292.3,23267.7,23193.65,NARROW,23363.55,23193.65,0.581,RANGE,STRONG_SELL_PREMIUM,RANGE,NO_TRADE,NO_TRADE:PAST_14:30,20.02,1,59.81,HIGH,3,0,0,0,0,0,NO_TRADE,,NO_TRADE:PAST_14:30,
15:03:37,23289.95,23267.7,23193.65,NARROW,23363.55,23193.65,0.567,RANGE,STRONG_SELL_PREMIUM,RANGE,NO_TRADE,NO_TRADE:PAST_14:30,20.02,1,59.79,HIGH,3,0,0,0,0,0,NO_TRADE,,NO_TRADE:PAST_14:30,
15:03:52,23288.25,23267.7,23193.65,NARROW,23363.55,23193.65,0.557,RANGE,STRONG_SELL_PREMIUM,RANGE,NO_TRADE,NO_TRADE:PAST_14:30,20.02,1,59.77,HIGH,3,0,0,0,0,0,NO_TRADE,,NO_TRADE:PAST_14:30,
15:04:07,23287.5,23267.7,23193.65,NARROW,23363.55,23193.65,0.552,RANGE,STRONG_SELL_PREMIUM,RANGE,NO_TRADE,NO_TRADE:PAST_14:30,20.02,1,59.74,HIGH,3,0,0,0,0,0,NO_TRADE,,NO_TRADE:PAST_14:30,
15:04:23,23289.1,23267.7,23193.65,NARROW,23363.55,23193.65,0.562,RANGE,STRONG_SELL_PREMIUM,RANGE,NO_TRADE,NO_TRADE:PAST_14:30,20.02,1,59.72,HIGH,3,0,0,0,0,0,NO_TRADE,,NO_TRADE:PAST_14:30,
15:04:37,23289.2,23267.7,23193.65,NARROW,23363.55,23193.65,0.562,RANGE,STRONG_SELL_PREMIUM,RANGE,NO_TRADE,NO_TRADE:PAST_14:30,20.02,1,59.7,HIGH,3,0,0,0,0,0,NO_TRADE,,NO_TRADE:PAST_14:30,
15:04:52,23287.05,23267.7,23193.65,NARROW,23363.55,23193.65,0.550,RANGE,STRONG_SELL_PREMIUM,RANGE,NO_TRADE,NO_TRADE:PAST_14:30,20.02,1,59.68,HIGH,3,0,0,0,0,0,NO_TRADE,,NO_TRADE:PAST_14:30,
15:05:07,23286.7,23267.7,23193.65,NARROW,23363.55,23193.65,0.548,RANGE,STRONG_SELL_PREMIUM,RANGE,NO_TRADE,NO_TRADE:PAST_14:30,19.14,1,59.66,HIGH,3,0,0,0,0,0,NO_TRADE,,NO_TRADE:PAST_14:30,
15:05:22,23288.5,23267.7,23193.65,NARROW,23363.55,23193.65,0.558,RANGE,STRONG_SELL_PREMIUM,RANGE,NO_TRADE,NO_TRADE:PAST_14:30,19.14,1,59.64,HIGH,3,0,0,0,0,0,NO_TRADE,,NO_TRADE:PAST_14:30,
15:05:37,23287.0,23267.7,23193.65,NARROW,23363.55,23193.65,0.549,RANGE,STRONG_SELL_PREMIUM,RANGE,NO_TRADE,NO_TRADE:PAST_14:30,19.14,1,59.62,HIGH,3,0,0,0,0,0,NO_TRADE,,NO_TRADE:PAST_14:30,
15:05:52,23287.95,23267.7,23193.65,NARROW,23363.55,23193.65,0.555,RANGE,STRONG_SELL_PREMIUM,RANGE,NO_TRADE,NO_TRADE:PAST_14:30,19.14,1,59.59,HIGH,3,0,0,0,0,0,NO_TRADE,,NO_TRADE:PAST_14:30,
15:06:07,23285.2,23267.7,23193.65,NARROW,23363.55,23193.65,0.539,RANGE,STRONG_SELL_PREMIUM,RANGE,NO_TRADE,NO_TRADE:PAST_14:30,19.14,1,59.57,HIGH,3,0,0,0,0,0,NO_TRADE,,NO_TRADE:PAST_14:30,
15:06:23,23286.55,23267.7,23193.65,NARROW,23363.55,23193.65,0.547,RANGE,STRONG_SELL_PREMIUM,RANGE,NO_TRADE,NO_TRADE:PAST_14:30,19.14,1,59.55,HIGH,3,0,0,0,0,0,NO_TRADE,,NO_TRADE:PAST_14:30,
15:06:38,23284.9,23267.7,23193.65,NARROW,23363.55,23193.65,0.537,RANGE,STRONG_SELL_PREMIUM,RANGE,NO_TRADE,NO_TRADE:PAST_14:30,19.14,1,59.53,HIGH,3,0,0,0,0,0,NO_TRADE,,NO_TRADE:PAST_14:30,
15:06:53,23286.0,23267.7,23193.65,NARROW,23363.55,23193.65,0.544,RANGE,STRONG_SELL_PREMIUM,RANGE,NO_TRADE,NO_TRADE:PAST_14:30,19.14,1,59.51,HIGH,3,0,0,0,0,0,NO_TRADE,,NO_TRADE:PAST_14:30,
15:07:08,23288.55,23267.7,23193.65,NARROW,23363.55,23193.65,0.559,RANGE,STRONG_SELL_PREMIUM,RANGE,NO_TRADE,NO_TRADE:PAST_14:30,19.14,1,59.49,HIGH,3,0,0,0,0,0,NO_TRADE,,NO_TRADE:PAST_14:30,
15:07:23,23289.7,23267.7,23193.65,NARROW,23363.55,23193.65,0.565,RANGE,STRONG_SELL_PREMIUM,RANGE,NO_TRADE,NO_TRADE:PAST_14:30,19.14,1,59.47,HIGH,3,0,0,0,0,0,NO_TRADE,,NO_TRADE:PAST_14:30,
15:07:38,23289.1,23267.7,23193.65,NARROW,23363.55,23193.65,0.562,RANGE,STRONG_SELL_PREMIUM,RANGE,NO_TRADE,NO_TRADE:PAST_14:30,19.14,1,59.45,HIGH,3,0,0,0,0,0,NO_TRADE,,NO_TRADE:PAST_14:30,
15:07:53,23286.95,23267.7,23193.65,NARROW,23363.55,23193.65,0.549,RANGE,STRONG_SELL_PREMIUM,RANGE,NO_TRADE,NO_TRADE:PAST_14:30,19.14,1,59.42,HIGH,3,0,0,0,0,0,NO_TRADE,,NO_TRADE:PAST_14:30,
15:08:08,23284.9,23267.7,23193.65,NARROW,23363.55,23193.65,0.537,RANGE,STRONG_SELL_PREMIUM,RANGE,NO_TRADE,NO_TRADE:PAST_14:30,19.14,1,59.4,HIGH,3,0,0,0,0,0,NO_TRADE,,NO_TRADE:PAST_14:30,
15:08:23,23284.0,23267.7,23193.65,NARROW,23363.55,23193.65,0.532,RANGE,STRONG_SELL_PREMIUM,RANGE,NO_TRADE,NO_TRADE:PAST_14:30,19.14,1,59.38,HIGH,3,0,0,0,0,0,NO_TRADE,,NO_TRADE:PAST_14:30,
15:08:38,23285.55,23267.7,23193.65,NARROW,23363.55,23193.65,0.541,RANGE,STRONG_SELL_PREMIUM,RANGE,NO_TRADE,NO_TRADE:PAST_14:30,19.14,1,59.36,HIGH,3,0,0,0,0,0,NO_TRADE,,NO_TRADE:PAST_14:30,
15:08:53,23284.5,23267.7,23193.65,NARROW,23363.55,23193.65,0.535,RANGE,STRONG_SELL_PREMIUM,RANGE,NO_TRADE,NO_TRADE:PAST_14:30,19.14,1,59.34,HIGH,3,0,0,0,0,0,NO_TRADE,,NO_TRADE:PAST_14:30,
15:09:08,23284.5,23267.7,23193.65,NARROW,23363.55,23193.65,0.535,RANGE,STRONG_SELL_PREMIUM,RANGE,NO_TRADE,NO_TRADE:PAST_14:30,19.14,1,59.32,HIGH,3,0,0,0,0,0,NO_TRADE,,NO_TRADE:PAST_14:30,
15:09:23,23284.2,23267.7,23193.65,NARROW,23363.55,23193.65,0.533,RANGE,STRONG_SELL_PREMIUM,RANGE,NO_TRADE,NO_TRADE:PAST_14:30,19.14,1,59.3,HIGH,3,0,0,0,0,0,NO_TRADE,,NO_TRADE:PAST_14:30,
15:09:38,23282.85,23267.7,23193.65,NARROW,23363.55,23193.65,0.525,RANGE,STRONG_SELL_PREMIUM,RANGE,NO_TRADE,NO_TRADE:PAST_14:30,19.14,1,59.28,HIGH,3,0,0,0,0,0,NO_TRADE,,NO_TRADE:PAST_14:30,
15:09:53,23282.25,23267.7,23193.65,NARROW,23363.55,23193.65,0.521,RANGE,STRONG_SELL_PREMIUM,RANGE,NO_TRADE,NO_TRADE:PAST_14:30,19.14,1,59.26,HIGH,3,0,0,0,0,0,NO_TRADE,,NO_TRADE:PAST_14:30,
15:10:08,23282.8,23267.7,23193.65,NARROW,23363.55,23193.65,0.525,RANGE,STRONG_SELL_PREMIUM,RANGE,NO_TRADE,NO_TRADE:PAST_14:30,18.35,1,59.24,HIGH,3,0,0,0,0,0,NO_TRADE,,NO_TRADE:PAST_14:30,
15:10:23,23283.75,23267.7,23193.65,NARROW,23363.55,23193.65,0.530,RANGE,STRONG_SELL_PREMIUM,RANGE,NO_TRADE,NO_TRADE:PAST_14:30,18.35,1,59.22,HIGH,3,0,0,0,0,0,NO_TRADE,,NO_TRADE:PAST_14:30,
15:10:38,23285.55,23267.7,23193.65,NARROW,23363.55,23193.65,0.541,RANGE,STRONG_SELL_PREMIUM,RANGE,NO_TRADE,NO_TRADE:PAST_14:30,18.35,1,59.19,HIGH,3,0,0,0,0,0,NO_TRADE,,NO_TRADE:PAST_14:30,
15:10:53,23283.45,23267.7,23193.65,NARROW,23363.55,23193.65,0.529,RANGE,STRONG_SELL_PREMIUM,RANGE,NO_TRADE,NO_TRADE:PAST_14:30,18.35,1,59.17,HIGH,3,0,0,0,0,0,NO_TRADE,,NO_TRADE:PAST_14:30,
15:11:08,23282.05,23267.7,23193.65,NARROW,23363.55,23193.65,0.520,RANGE,STRONG_SELL_PREMIUM,RANGE,NO_TRADE,NO_TRADE:PAST_14:30,18.67,1,59.15,HIGH,3,0,0,0,0,0,NO_TRADE,,NO_TRADE:PAST_14:30,
15:11:23,23282.05,23267.7,23193.65,NARROW,23363.55,23193.65,0.520,RANGE,STRONG_SELL_PREMIUM,RANGE,NO_TRADE,NO_TRADE:PAST_14:30,18.67,1,59.13,HIGH,3,0,0,0,0,0,NO_TRADE,,NO_TRADE:PAST_14:30,
15:11:38,23282.05,23267.7,23193.65,NARROW,23363.55,23193.65,0.520,RANGE,STRONG_SELL_PREMIUM,RANGE,NO_TRADE,NO_TRADE:PAST_14:30,18.67,1,59.11,HIGH,3,0,0,0,0,0,NO_TRADE,,NO_TRADE:PAST_14:30,
15:11:53,23281.5,23267.7,23193.65,NARROW,23363.55,23193.65,0.517,RANGE,STRONG_SELL_PREMIUM,RANGE,NO_TRADE,NO_TRADE:PAST_14:30,18.67,1,59.09,HIGH,3,0,0,0,0,0,NO_TRADE,,NO_TRADE:PAST_14:30,
15:12:08,23283.4,23267.7,23193.65,NARROW,23363.55,23193.65,0.528,RANGE,STRONG_SELL_PREMIUM,RANGE,NO_TRADE,NO_TRADE:PAST_14:30,18.67,1,59.07,HIGH,3,0,0,0,0,0,NO_TRADE,,NO_TRADE:PAST_14:30,
15:12:23,23285.3,23267.7,23193.65,NARROW,23363.55,23193.65,0.539,RANGE,STRONG_SELL_PREMIUM,RANGE,NO_TRADE,NO_TRADE:PAST_14:30,18.67,1,59.05,HIGH,3,0,0,0,0,0,NO_TRADE,,NO_TRADE:PAST_14:30,
15:12:38,23285.6,23267.7,23193.65,NARROW,23363.55,23193.65,0.541,RANGE,STRONG_SELL_PREMIUM,RANGE,NO_TRADE,NO_TRADE:PAST_14:30,18.67,1,59.03,HIGH,3,0,0,0,0,0,NO_TRADE,,NO_TRADE:PAST_14:30,
15:12:53,23285.5,23267.7,23193.65,NARROW,23363.55,23193.65,0.541,RANGE,STRONG_SELL_PREMIUM,RANGE,NO_TRADE,NO_TRADE:PAST_14:30,18.67,1,59.01,HIGH,3,0,0,0,0,0,NO_TRADE,,NO_TRADE:PAST_14:30,
15:13:08,23285.4,23267.7,23193.65,NARROW,23363.55,23193.65,0.540,RANGE,STRONG_SELL_PREMIUM,RANGE,NO_TRADE,NO_TRADE:PAST_14:30,18.67,1,58.99,HIGH,3,0,0,0,0,0,NO_TRADE,,NO_TRADE:PAST_14:30,
15:13:23,23289.95,23267.7,23193.65,NARROW,23363.55,23193.65,0.567,RANGE,STRONG_SELL_PREMIUM,RANGE,NO_TRADE,NO_TRADE:PAST_14:30,18.67,1,58.97,HIGH,3,0,0,0,0,0,NO_TRADE,,NO_TRADE:PAST_14:30,
15:13:38,23289.1,23267.7,23193.65,NARROW,23363.55,23193.65,0.562,RANGE,STRONG_SELL_PREMIUM,RANGE,NO_TRADE,NO_TRADE:PAST_14:30,18.67,1,58.95,HIGH,3,0,0,0,0,0,NO_TRADE,,NO_TRADE:PAST_14:30,
15:13:53,23286.85,23267.7,23193.65,NARROW,23363.55,23193.65,0.549,RANGE,STRONG_SELL_PREMIUM,RANGE,NO_TRADE,NO_TRADE:PAST_14:30,18.67,1,58.93,HIGH,3,0,0,0,0,0,NO_TRADE,,NO_TRADE:PAST_14:30,
15:14:09,23287.55,23267.7,23193.65,NARROW,23363.55,23193.65,0.553,RANGE,STRONG_SELL_PREMIUM,RANGE,NO_TRADE,NO_TRADE:PAST_14:30,17.46,1,58.9,HIGH,3,0,0,0,0,0,NO_TRADE,,NO_TRADE:PAST_14:30,
15:14:24,23290.65,23267.7,23193.65,NARROW,23363.55,23193.65,0.571,RANGE,STRONG_SELL_PREMIUM,RANGE,NO_TRADE,NO_TRADE:PAST_14:30,17.46,1,58.88,HIGH,3,0,0,0,0,0,NO_TRADE,,NO_TRADE:PAST_14:30,
15:14:39,23292.95,23267.7,23193.65,NARROW,23363.55,23193.65,0.584,RANGE,STRONG_SELL_PREMIUM,RANGE,NO_TRADE,NO_TRADE:PAST_14:30,17.46,1,58.86,HIGH,3,0,0,0,0,0,NO_TRADE,,NO_TRADE:PAST_14:30,
15:14:54,23290.9,23267.7,23193.65,NARROW,23363.55,23193.65,0.572,RANGE,STRONG_SELL_PREMIUM,RANGE,NO_TRADE,NO_TRADE:PAST_14:30,17.46,1,58.84,HIGH,3,0,0,0,0,0,NO_TRADE,,NO_TRADE:PAST_14:30,
15:15:09,23294.35,23267.7,23193.65,NARROW,23363.55,23193.65,0.593,RANGE,STRONG_SELL_PREMIUM,RANGE,NO_TRADE,NO_TRADE:PAST_14:30,15.95,1,58.82,HIGH,3,0,0,0,0,0,NO_TRADE,,NO_TRADE:PAST_14:30,
15:15:24,23294.35,23267.7,23193.65,NARROW,23363.55,23193.65,0.593,RANGE,STRONG_SELL_PREMIUM,RANGE,NO_TRADE,NO_TRADE:PAST_14:30,15.95,1,58.8,HIGH,3,0,0,0,0,0,NO_TRADE,,NO_TRADE:PAST_14:30,
15:15:39,23294.35,23267.7,23193.65,NARROW,23363.55,23193.65,0.593,RANGE,STRONG_SELL_PREMIUM,RANGE,NO_TRADE,NO_TRADE:PAST_14:30,15.95,1,58.78,HIGH,3,0,0,0,0,0,NO_TRADE,,NO_TRADE:PAST_14:30,
15:15:54,23294.35,23267.7,23193.65,NARROW,23363.55,23193.65,0.593,RANGE,STRONG_SELL_PREMIUM,RANGE,NO_TRADE,NO_TRADE:PAST_14:30,15.95,1,58.76,HIGH,3,0,0,0,0,0,NO_TRADE,,NO_TRADE:PAST_14:30,
15:16:09,23294.35,23267.7,23193.65,NARROW,23363.55,23193.65,0.593,RANGE,STRONG_SELL_PREMIUM,RANGE,NO_TRADE,NO_TRADE:PAST_14:30,15.95,1,58.74,HIGH,3,0,0,0,0,0,NO_TRADE,,NO_TRADE:PAST_14:30,
15:16:24,23294.35,23267.7,23193.65,NARROW,23363.55,23193.65,0.593,RANGE,STRONG_SELL_PREMIUM,RANGE,NO_TRADE,NO_TRADE:PAST_14:30,15.95,1,58.72,HIGH,3,0,0,0,0,0,NO_TRADE,,NO_TRADE:PAST_14:30,
15:16:39,23294.35,23267.7,23193.65,NARROW,23363.55,23193.65,0.593,RANGE,STRONG_SELL_PREMIUM,RANGE,NO_TRADE,NO_TRADE:PAST_14:30,15.95,1,58.7,HIGH,3,0,0,0,0,0,NO_TRADE,,NO_TRADE:PAST_14:30,
15:16:54,23294.35,23267.7,23193.65,NARROW,23363.55,23193.65,0.593,RANGE,STRONG_SELL_PREMIUM,RANGE,NO_TRADE,NO_TRADE:PAST_14:30,15.95,1,58.68,HIGH,3,0,0,0,0,0,NO_TRADE,,NO_TRADE:PAST_14:30,
15:17:09,23294.35,23267.7,23193.65,NARROW,23363.55,23193.65,0.593,RANGE,STRONG_SELL_PREMIUM,RANGE,NO_TRADE,NO_TRADE:PAST_14:30,15.95,1,58.66,HIGH,3,0,0,0,0,0,NO_TRADE,,NO_TRADE:PAST_14:30,
15:17:24,23294.35,23267.7,23193.65,NARROW,23363.55,23193.65,0.593,RANGE,STRONG_SELL_PREMIUM,RANGE,NO_TRADE,NO_TRADE:PAST_14:30,15.95,1,58.64,HIGH,3,0,0,0,0,0,NO_TRADE,,NO_TRADE:PAST_14:30,
15:17:39,23294.35,23267.7,23193.65,NARROW,23363.55,23193.65,0.593,RANGE,STRONG_SELL_PREMIUM,RANGE,NO_TRADE,NO_TRADE:PAST_14:30,15.95,1,58.62,HIGH,3,0,0,0,0,0,NO_TRADE,,NO_TRADE:PAST_14:30,
15:17:54,23294.35,23267.7,23193.65,NARROW,23363.55,23193.65,0.593,RANGE,STRONG_SELL_PREMIUM,RANGE,NO_TRADE,NO_TRADE:PAST_14:30,15.95,1,58.6,HIGH,3,0,0,0,0,0,NO_TRADE,,NO_TRADE:PAST_14:30,
15:18:09,23294.35,23267.7,23193.65,NARROW,23363.55,23193.65,0.593,RANGE,STRONG_SELL_PREMIUM,RANGE,NO_TRADE,NO_TRADE:PAST_14:30,15.95,1,58.58,HIGH,3,0,0,0,0,0,NO_TRADE,,NO_TRADE:PAST_14:30,
15:18:24,23294.35,23267.7,23193.65,NARROW,23363.55,23193.65,0.593,RANGE,STRONG_SELL_PREMIUM,RANGE,NO_TRADE,NO_TRADE:PAST_14:30,15.95,1,58.56,HIGH,3,0,0,0,0,0,NO_TRADE,,NO_TRADE:PAST_14:30,
15:18:39,23294.35,23267.7,23193.65,NARROW,23363.55,23193.65,0.593,RANGE,STRONG_SELL_PREMIUM,RANGE,NO_TRADE,NO_TRADE:PAST_14:30,15.95,1,58.54,HIGH,3,0,0,0,0,0,NO_TRADE,,NO_TRADE:PAST_14:30,
15:18:54,23294.35,23267.7,23193.65,NARROW,23363.55,23193.65,0.593,RANGE,STRONG_SELL_PREMIUM,RANGE,NO_TRADE,NO_TRADE:PAST_14:30,15.95,1,58.52,HIGH,3,0,0,0,0,0,NO_TRADE,,NO_TRADE:PAST_14:30,
15:19:09,23294.35,23267.7,23193.65,NARROW,23363.55,23193.65,0.593,RANGE,STRONG_SELL_PREMIUM,RANGE,NO_TRADE,NO_TRADE:PAST_14:30,15.95,1,58.5,HIGH,3,0,0,0,0,0,NO_TRADE,,NO_TRADE:PAST_14:30,
15:19:24,23294.35,23267.7,23193.65,NARROW,23363.55,23193.65,0.593,RANGE,STRONG_SELL_PREMIUM,RANGE,NO_TRADE,NO_TRADE:PAST_14:30,15.95,1,58.48,HIGH,3,0,0,0,0,0,NO_TRADE,,NO_TRADE:PAST_14:30,
15:19:39,23294.35,23267.7,23193.65,NARROW,23363.55,23193.65,0.593,RANGE,STRONG_SELL_PREMIUM,RANGE,NO_TRADE,NO_TRADE:PAST_14:30,15.95,1,58.46,HIGH,3,0,0,0,0,0,NO_TRADE,,NO_TRADE:PAST_14:30,
15:19:54,23294.35,23267.7,23193.65,NARROW,23363.55,23193.65,0.593,RANGE,STRONG_SELL_PREMIUM,RANGE,NO_TRADE,NO_TRADE:PAST_14:30,15.95,1,58.44,HIGH,3,0,0,0,0,0,NO_TRADE,,NO_TRADE:PAST_14:30,
15:20:09,23294.35,23267.7,23193.65,NARROW,23363.55,23193.65,0.593,RANGE,STRONG_SELL_PREMIUM,RANGE,NO_TRADE,NO_TRADE:PAST_14:30,14.59,1,58.42,HIGH,3,0,0,0,0,0,NO_TRADE,,NO_TRADE:PAST_14:30,
15:20:24,23294.35,23267.7,23193.65,NARROW,23363.55,23193.65,0.593,RANGE,STRONG_SELL_PREMIUM,RANGE,NO_TRADE,NO_TRADE:PAST_14:30,14.59,1,58.4,HIGH,3,0,0,0,0,0,NO_TRADE,,NO_TRADE:PAST_14:30,
15:20:39,23294.35,23267.7,23193.65,NARROW,23363.55,23193.65,0.593,RANGE,STRONG_SELL_PREMIUM,RANGE,NO_TRADE,NO_TRADE:PAST_14:30,14.59,1,58.38,HIGH,3,0,0,0,0,0,NO_TRADE,,NO_TRADE:PAST_14:30,
15:20:54,23294.35,23267.7,23193.65,NARROW,23363.55,23193.65,0.593,RANGE,STRONG_SELL_PREMIUM,RANGE,NO_TRADE,NO_TRADE:PAST_14:30,14.59,1,58.36,HIGH,3,0,0,0,0,0,NO_TRADE,,NO_TRADE:PAST_14:30,
15:21:09,23294.35,23267.7,23193.65,NARROW,23363.55,23193.65,0.593,RANGE,STRONG_SELL_PREMIUM,RANGE,NO_TRADE,NO_TRADE:PAST_14:30,14.59,1,58.34,HIGH,3,0,0,0,0,0,NO_TRADE,,NO_TRADE:PAST_14:30,
15:21:25,23294.35,23267.7,23193.65,NARROW,23363.55,23193.65,0.593,RANGE,STRONG_SELL_PREMIUM,RANGE,NO_TRADE,NO_TRADE:PAST_14:30,14.59,1,58.32,HIGH,3,0,0,0,0,0,NO_TRADE,,NO_TRADE:PAST_14:30,
15:21:40,23294.35,23267.7,23193.65,NARROW,23363.55,23193.65,0.593,RANGE,STRONG_SELL_PREMIUM,RANGE,NO_TRADE,NO_TRADE:PAST_14:30,14.59,1,58.3,HIGH,3,0,0,0,0,0,NO_TRADE,,NO_TRADE:PAST_14:30,
15:21:55,23294.35,23267.7,23193.65,NARROW,23363.55,23193.65,0.593,RANGE,STRONG_SELL_PREMIUM,RANGE,NO_TRADE,NO_TRADE:PAST_14:30,14.59,1,58.28,HIGH,3,0,0,0,0,0,NO_TRADE,,NO_TRADE:PAST_14:30,
15:22:10,23294.35,23267.7,23193.65,NARROW,23363.55,23193.65,0.593,RANGE,STRONG_SELL_PREMIUM,RANGE,NO_TRADE,NO_TRADE:PAST_14:30,14.59,1,58.26,HIGH,3,0,0,0,0,0,NO_TRADE,,NO_TRADE:PAST_14:30,
15:22:25,23294.35,23267.7,23193.65,NARROW,23363.55,23193.65,0.593,RANGE,STRONG_SELL_PREMIUM,RANGE,NO_TRADE,NO_TRADE:PAST_14:30,14.59,1,58.24,HIGH,3,0,0,0,0,0,NO_TRADE,,NO_TRADE:PAST_14:30,
15:22:40,23294.35,23267.7,23193.65,NARROW,23363.55,23193.65,0.593,RANGE,STRONG_SELL_PREMIUM,RANGE,NO_TRADE,NO_TRADE:PAST_14:30,14.59,1,58.22,HIGH,3,0,0,0,0,0,NO_TRADE,,NO_TRADE:PAST_14:30,
15:22:55,23294.35,23267.7,23193.65,NARROW,23363.55,23193.65,0.593,RANGE,STRONG_SELL_PREMIUM,RANGE,NO_TRADE,NO_TRADE:PAST_14:30,14.59,1,58.2,HIGH,3,0,0,0,0,0,NO_TRADE,,NO_TRADE:PAST_14:30,
15:23:10,23294.35,23267.7,23193.65,NARROW,23363.55,23193.65,0.593,RANGE,STRONG_SELL_PREMIUM,RANGE,NO_TRADE,NO_TRADE:PAST_14:30,14.59,1,58.18,HIGH,3,0,0,0,0,0,NO_TRADE,,NO_TRADE:PAST_14:30,
15:23:25,23294.35,23267.7,23193.65,NARROW,23363.55,23193.65,0.593,RANGE,STRONG_SELL_PREMIUM,RANGE,NO_TRADE,NO_TRADE:PAST_14:30,14.59,1,58.16,HIGH,3,0,0,0,0,0,NO_TRADE,,NO_TRADE:PAST_14:30,
15:23:40,23294.35,23267.7,23193.65,NARROW,23363.55,23193.65,0.593,RANGE,STRONG_SELL_PREMIUM,RANGE,NO_TRADE,NO_TRADE:PAST_14:30,14.59,1,58.14,HIGH,3,0,0,0,0,0,NO_TRADE,,NO_TRADE:PAST_14:30,
15:23:55,23294.35,23267.7,23193.65,NARROW,23363.55,23193.65,0.593,RANGE,STRONG_SELL_PREMIUM,RANGE,NO_TRADE,NO_TRADE:PAST_14:30,14.59,1,58.12,HIGH,3,0,0,0,0,0,NO_TRADE,,NO_TRADE:PAST_14:30,
15:24:10,23294.35,23267.7,23193.65,NARROW,23363.55,23193.65,0.593,RANGE,STRONG_SELL_PREMIUM,RANGE,NO_TRADE,NO_TRADE:PAST_14:30,14.59,1,58.1,HIGH,3,0,0,0,0,0,NO_TRADE,,NO_TRADE:PAST_14:30,
15:24:25,23294.35,23267.7,23193.65,NARROW,23363.55,23193.65,0.593,RANGE,STRONG_SELL_PREMIUM,RANGE,NO_TRADE,NO_TRADE:PAST_14:30,14.59,1,58.08,HIGH,3,0,0,0,0,0,NO_TRADE,,NO_TRADE:PAST_14:30,
15:24:40,23294.35,23267.7,23193.65,NARROW,23363.55,23193.65,0.593,RANGE,STRONG_SELL_PREMIUM,RANGE,NO_TRADE,NO_TRADE:PAST_14:30,14.59,1,58.06,HIGH,3,0,0,0,0,0,NO_TRADE,,NO_TRADE:PAST_14:30,
15:24:55,23294.35,23267.7,23193.65,NARROW,23363.55,23193.65,0.593,RANGE,STRONG_SELL_PREMIUM,RANGE,NO_TRADE,NO_TRADE:PAST_14:30,14.59,1,58.04,HIGH,3,0,0,0,0,0,NO_TRADE,,NO_TRADE:PAST_14:30,
15:25:10,23294.35,23267.7,23193.65,NARROW,23363.55,23193.65,0.593,RANGE,STRONG_SELL_PREMIUM,RANGE,NO_TRADE,NO_TRADE:PAST_14:30,13.37,1,58.02,HIGH,3,0,0,0,0,0,NO_TRADE,,NO_TRADE:PAST_14:30,
15:25:25,23294.35,23267.7,23193.65,NARROW,23363.55,23193.65,0.593,RANGE,STRONG_SELL_PREMIUM,RANGE,NO_TRADE,NO_TRADE:PAST_14:30,13.37,1,58.0,HIGH,3,0,0,0,0,0,NO_TRADE,,NO_TRADE:PAST_14:30,
15:25:40,23294.35,23267.7,23193.65,NARROW,23363.55,23193.65,0.593,RANGE,STRONG_SELL_PREMIUM,RANGE,NO_TRADE,NO_TRADE:PAST_14:30,13.37,1,57.98,HIGH,3,0,0,0,0,0,NO_TRADE,,NO_TRADE:PAST_14:30,
15:25:55,23294.35,23267.7,23193.65,NARROW,23363.55,23193.65,0.593,RANGE,STRONG_SELL_PREMIUM,RANGE,NO_TRADE,NO_TRADE:PAST_14:30,13.37,1,57.96,HIGH,3,0,0,0,0,0,NO_TRADE,,NO_TRADE:PAST_14:30,
15:26:10,23294.35,23267.7,23193.65,NARROW,23363.55,23193.65,0.593,RANGE,STRONG_SELL_PREMIUM,RANGE,NO_TRADE,NO_TRADE:PAST_14:30,13.37,1,57.94,HIGH,3,0,0,0,0,0,NO_TRADE,,NO_TRADE:PAST_14:30,
15:26:25,23294.35,23267.7,23193.65,NARROW,23363.55,23193.65,0.593,RANGE,STRONG_SELL_PREMIUM,RANGE,NO_TRADE,NO_TRADE:PAST_14:30,13.37,1,57.92,HIGH,3,0,0,0,0,0,NO_TRADE,,NO_TRADE:PAST_14:30,
15:26:40,23294.35,23267.7,23193.65,NARROW,23363.55,23193.65,0.593,RANGE,STRONG_SELL_PREMIUM,RANGE,NO_TRADE,NO_TRADE:PAST_14:30,13.37,1,57.9,HIGH,3,0,0,0,0,0,NO_TRADE,,NO_TRADE:PAST_14:30,
15:26:55,23294.35,23267.7,23193.65,NARROW,23363.55,23193.65,0.593,RANGE,STRONG_SELL_PREMIUM,RANGE,NO_TRADE,NO_TRADE:PAST_14:30,13.37,1,57.88,HIGH,3,0,0,0,0,0,NO_TRADE,,NO_TRADE:PAST_14:30,
15:27:10,23294.35,23267.7,23193.65,NARROW,23363.55,23193.65,0.593,RANGE,STRONG_SELL_PREMIUM,RANGE,NO_TRADE,NO_TRADE:PAST_14:30,13.37,1,57.86,HIGH,3,0,0,0,0,0,NO_TRADE,,NO_TRADE:PAST_14:30,
15:27:25,23294.35,23267.7,23193.65,NARROW,23363.55,23193.65,0.593,RANGE,STRONG_SELL_PREMIUM,RANGE,NO_TRADE,NO_TRADE:PAST_14:30,13.37,1,57.85,HIGH,3,0,0,0,0,0,NO_TRADE,,NO_TRADE:PAST_14:30,
15:27:40,23294.35,23267.7,23193.65,NARROW,23363.55,23193.65,0.593,RANGE,STRONG_SELL_PREMIUM,RANGE,NO_TRADE,NO_TRADE:PAST_14:30,13.37,1,57.83,HIGH,3,0,0,0,0,0,NO_TRADE,,NO_TRADE:PAST_14:30,
15:27:55,23294.35,23267.7,23193.65,NARROW,23363.55,23193.65,0.593,RANGE,STRONG_SELL_PREMIUM,RANGE,NO_TRADE,NO_TRADE:PAST_14:30,13.37,1,57.81,HIGH,3,0,0,0,0,0,NO_TRADE,,NO_TRADE:PAST_14:30,
15:28:10,23294.35,23267.7,23193.65,NARROW,23363.55,23193.65,0.593,RANGE,STRONG_SELL_PREMIUM,RANGE,NO_TRADE,NO_TRADE:PAST_14:30,16.51,1,57.79,HIGH,3,0,0,0,0,0,NO_TRADE,,NO_TRADE:PAST_14:30,
15:28:25,23294.35,23267.7,23193.65,NARROW,23363.55,23193.65,0.593,RANGE,STRONG_SELL_PREMIUM,RANGE,NO_TRADE,NO_TRADE:PAST_14:30,16.51,1,57.77,HIGH,3,0,0,0,0,0,NO_TRADE,,NO_TRADE:PAST_14:30,
15:28:40,23270.6,23267.7,23193.65,NARROW,23363.55,23193.65,0.453,RANGE,STRONG_SELL_PREMIUM,RANGE,NO_TRADE,NO_TRADE:PAST_14:30,16.51,1,57.75,HIGH,3,0,0,0,0,0,NO_TRADE,,NO_TRADE:PAST_14:30,
15:28:55,23270.6,23267.7,23193.65,NARROW,23363.55,23193.65,0.453,RANGE,STRONG_SELL_PREMIUM,BEARISH,NO_TRADE,NO_TRADE:PAST_14:30,16.51,1,57.73,HIGH,3,0,0,0,0,0,NO_TRADE,,NO_TRADE:PAST_14:30,
15:29:10,23270.6,23267.7,23193.65,NARROW,23363.55,23193.65,0.453,RANGE,STRONG_SELL_PREMIUM,BEARISH,NO_TRADE,NO_TRADE:PAST_14:30,16.51,1,57.71,HIGH,3,0,0,0,0,0,NO_TRADE,,NO_TRADE:PAST_14:30,
15:29:25,23270.6,23267.7,23193.65,NARROW,23363.55,23193.65,0.453,RANGE,STRONG_SELL_PREMIUM,BEARISH,NO_TRADE,NO_TRADE:PAST_14:30,16.51,1,57.69,HIGH,3,0,0,0,0,0,NO_TRADE,,NO_TRADE:PAST_14:30,
15:29:40,23270.6,23267.7,23193.65,NARROW,23363.55,23193.65,0.453,RANGE,STRONG_SELL_PREMIUM,BEARISH,NO_TRADE,NO_TRADE:PAST_14:30,16.51,1,57.67,HIGH,3,0,0,0,0,0,NO_TRADE,,NO_TRADE:PAST_14:30,
15:29:55,23270.6,23267.7,23193.65,NARROW,23363.55,23193.65,0.453,RANGE,STRONG_SELL_PREMIUM,BEARISH,NO_TRADE,NO_TRADE:PAST_14:30,16.51,1,57.65,HIGH,3,0,0,0,0,0,NO_TRADE,,NO_TRADE:PAST_14:30,
15:30:10,23270.6,23267.7,23193.65,NARROW,23363.55,23193.65,0.453,RANGE,NEUTRAL,BEARISH,NO_TRADE,NO_TRADE:PAST_14:30,16.51,1,57.65,HIGH,3,0,0,0,0,0,NO_TRADE,,NO_TRADE:PAST_14:30,
15:30:25,23270.6,23267.7,23193.65,NARROW,23363.55,23193.65,0.453,RANGE,NEUTRAL,BEARISH,NO_TRADE,NO_TRADE:PAST_14:30,16.51,1,57.65,HIGH,3,0,0,0,0,0,NO_TRADE,,NO_TRADE:PAST_14:30,
15:30:40,23270.6,23267.7,23193.65,NARROW,23363.55,23193.65,0.453,RANGE,NEUTRAL,BEARISH,NO_TRADE,NO_TRADE:PAST_14:30,16.51,1,57.65,HIGH,3,0,0,0,0,0,NO_TRADE,,NO_TRADE:PAST_14:30,
15:30:55,23270.6,23267.7,23193.65,NARROW,23363.55,23193.65,0.453,RANGE,NEUTRAL,BEARISH,NO_TRADE,NO_TRADE:PAST_14:30,16.51,1,57.65,HIGH,3,0,0,0,0,0,NO_TRADE,,NO_TRADE:PAST_14:30,
