time,spot,or_h,or_l,or_cond,day_h,day_l,loc,px,vol,pos,final,notes,adx,adx_m,dmu,conf,dte,choppy,fade_hi,fade_lo,fb_lo,fb_hi,action,strat,reason,in_trade
09:15:11,23508.5,,,,23536.5,23493.3,0.352,OBSERVING,NEUTRAL,BEARISH,NO_TRADE,NO_TRADE:OR_NOT_ESTABLISHED,0.0,0,0.0,NONE,3,0,0,0,0,0,NO_TRADE,,NO_TRADE:OR_NOT_ESTABLISHED,
09:15:26,23527.4,,,,23536.5,23493.3,0.789,OBSERVING,NEUTRAL,BEARISH,NO_TRADE,NO_TRADE:OR_NOT_ESTABLISHED,0.0,0,0.0,NONE,3,0,0,0,0,0,NO_TRADE,,NO_TRADE:OR_NOT_ESTABLISHED,
09:15:41,23508.6,,,,23536.5,23493.3,0.354,OBSERVING,NEUTRAL,BEARISH,NO_TRADE,NO_TRADE:OR_NOT_ESTABLISHED,0.0,0,0.0,NONE,3,0,0,0,0,0,NO_TRADE,,NO_TRADE:OR_NOT_ESTABLISHED,
09:15:56,23497.25,,,,23536.5,23493.3,0.091,OBSERVING,NEUTRAL,BEARISH,NO_TRADE,NO_TRADE:OR_NOT_ESTABLISHED,0.0,0,0.0,NONE,3,0,0,0,0,0,NO_TRADE,,NO_TRADE:OR_NOT_ESTABLISHED,
09:16:11,23484.25,,,,23536.5,23477.55,0.114,OBSERVING,NEUTRAL,BEARISH,NO_TRADE,NO_TRADE:OR_NOT_ESTABLISHED,0.0,0,0.0,NONE,3,0,0,0,0,0,NO_TRADE,,NO_TRADE:OR_NOT_ESTABLISHED,
09:16:26,23483.75,,,,23536.5,23477.55,0.105,OBSERVING,NEUTRAL,BEARISH,NO_TRADE,NO_TRADE:OR_NOT_ESTABLISHED,0.0,0,0.0,NONE,3,0,0,0,0,0,NO_TRADE,,NO_TRADE:OR_NOT_ESTABLISHED,
09:16:41,23479.5,,,,23536.5,23477.55,0.033,OBSERVING,NEUTRAL,BEARISH,NO_TRADE,NO_TRADE:OR_NOT_ESTABLISHED,0.0,0,0.0,NONE,3,0,0,0,0,0,NO_TRADE,,NO_TRADE:OR_NOT_ESTABLISHED,
09:16:56,23482.2,,,,23536.5,23477.55,0.079,OBSERVING,NEUTRAL,BEARISH,NO_TRADE,NO_TRADE:OR_NOT_ESTABLISHED,0.0,0,0.0,NONE,3,0,0,0,0,0,NO_TRADE,,NO_TRADE:OR_NOT_ESTABLISHED,
09:17:11,23485.5,,,,23536.5,23477.55,0.135,OBSERVING,NEUTRAL,BEARISH,NO_TRADE,NO_TRADE:OR_NOT_ESTABLISHED,0.0,0,0.0,NONE,3,0,0,0,0,0,NO_TRADE,,NO_TRADE:OR_NOT_ESTABLISHED,
09:17:26,23481.9,,,,23536.5,23477.55,0.074,OBSERVING,NEUTRAL,BEARISH,NO_TRADE,NO_TRADE:OR_NOT_ESTABLISHED,0.0,0,0.0,NONE,3,0,0,0,0,0,NO_TRADE,,NO_TRADE:OR_NOT_ESTABLISHED,
09:17:41,23488.35,,,,23536.5,23477.55,0.183,OBSERVING,NEUTRAL,BEARISH,NO_TRADE,NO_TRADE:OR_NOT_ESTABLISHED,0.0,0,0.0,NONE,3,0,0,0,0,0,NO_TRADE,,NO_TRADE:OR_NOT_ESTABLISHED,
09:17:56,23485.0,,,,23536.5,23477.55,0.126,OBSERVING,NEUTRAL,BEARISH,NO_TRADE,NO_TRADE:OR_NOT_ESTABLISHED,0.0,0,0.0,NONE,3,0,0,0,0,0,NO_TRADE,,NO_TRADE:OR_NOT_ESTABLISHED,
09:18:12,23487.5,,,,23536.5,23477.55,0.169,OBSERVING,NEUTRAL,BEARISH,NO_TRADE,NO_TRADE:OR_NOT_ESTABLISHED,0.0,0,0.0,NONE,3,0,0,0,0,0,NO_TRADE,,NO_TRADE:OR_NOT_ESTABLISHED,
09:18:27,23496.95,,,,23536.5,23477.55,0.329,OBSERVING,NEUTRAL,BEARISH,NO_TRADE,NO_TRADE:OR_NOT_ESTABLISHED,0.0,0,0.0,NONE,3,0,0,0,0,0,NO_TRADE,,NO_TRADE:OR_NOT_ESTABLISHED,
09:18:42,23499.0,,,,23536.5,23477.55,0.364,OBSERVING,NEUTRAL,BEARISH,NO_TRADE,NO_TRADE:OR_NOT_ESTABLISHED,0.0,0,0.0,NONE,3,0,0,0,0,0,NO_TRADE,,NO_TRADE:OR_NOT_ESTABLISHED,
09:18:58,23495.85,,,,23536.5,23477.55,0.310,OBSERVING,NEUTRAL,BEARISH,NO_TRADE,NO_TRADE:OR_NOT_ESTABLISHED,0.0,0,0.0,NONE,3,0,0,0,0,0,NO_TRADE,,NO_TRADE:OR_NOT_ESTABLISHED,
09:19:14,23502.15,,,,23536.5,23477.55,0.417,OBSERVING,NEUTRAL,UNCLEAR,NO_TRADE,NO_TRADE:OR_NOT_ESTABLISHED,0.0,0,0.0,NONE,3,0,0,0,0,0,NO_TRADE,,NO_TRADE:OR_NOT_ESTABLISHED,
09:19:27,23501.95,,,,23536.5,23477.55,0.414,OBSERVING,NEUTRAL,UNCLEAR,NO_TRADE,NO_TRADE:OR_NOT_ESTABLISHED,0.0,0,0.0,NONE,3,0,0,0,0,0,NO_TRADE,,NO_TRADE:OR_NOT_ESTABLISHED,
09:19:42,23499.95,,,,23536.5,23477.55,0.380,OBSERVING,NEUTRAL,BEARISH,NO_TRADE,NO_TRADE:OR_NOT_ESTABLISHED,0.0,0,0.0,NONE,3,0,0,0,0,0,NO_TRADE,,NO_TRADE:OR_NOT_ESTABLISHED,
09:19:58,23500.8,,,,23536.5,23477.55,0.394,OBSERVING,NEUTRAL,UNCLEAR,NO_TRADE,NO_TRADE:OR_NOT_ESTABLISHED,0.0,0,0.0,NONE,3,0,0,0,0,0,NO_TRADE,,NO_TRADE:OR_NOT_ESTABLISHED,
09:20:13,23499.85,,,,23536.5,23477.55,0.378,OBSERVING,NEUTRAL,BEARISH,NO_TRADE,NO_TRADE:OR_NOT_ESTABLISHED,0.0,0,0.0,NONE,3,0,0,0,0,0,NO_TRADE,,NO_TRADE:OR_NOT_ESTABLISHED,
09:20:27,23501.75,,,,23536.5,23477.55,0.411,OBSERVING,NEUTRAL,UNCLEAR,NO_TRADE,NO_TRADE:OR_NOT_ESTABLISHED,0.0,0,0.0,NONE,3,0,0,0,0,0,NO_TRADE,,NO_TRADE:OR_NOT_ESTABLISHED,
09:20:43,23502.25,,,,23536.5,23477.55,0.419,OBSERVING,NEUTRAL,UNCLEAR,NO_TRADE,NO_TRADE:OR_NOT_ESTABLISHED,0.0,0,0.0,NONE,3,0,0,0,0,0,NO_TRADE,,NO_TRADE:OR_NOT_ESTABLISHED,
09:20:58,23505.0,,,,23536.5,23477.55,0.466,OBSERVING,NEUTRAL,UNCLEAR,NO_TRADE,NO_TRADE:OR_NOT_ESTABLISHED,0.0,0,0.0,NONE,3,0,0,0,0,0,NO_TRADE,,NO_TRADE:OR_NOT_ESTABLISHED,
09:21:13,23504.95,,,,23536.5,23477.55,0.465,OBSERVING,NEUTRAL,UNCLEAR,NO_TRADE,NO_TRADE:OR_NOT_ESTABLISHED,0.0,0,0.0,NONE,3,0,0,0,0,0,NO_TRADE,,NO_TRADE:OR_NOT_ESTABLISHED,
09:21:28,23512.2,,,,23536.5,23477.55,0.588,OBSERVING,NEUTRAL,UNCLEAR,NO_TRADE,NO_TRADE:OR_NOT_ESTABLISHED,0.0,0,0.0,NONE,3,0,0,0,0,0,NO_TRADE,,NO_TRADE:OR_NOT_ESTABLISHED,
09:21:43,23513.05,,,,23536.5,23477.55,0.602,OBSERVING,NEUTRAL,UNCLEAR,NO_TRADE,NO_TRADE:OR_NOT_ESTABLISHED,0.0,0,0.0,NONE,3,0,0,0,0,0,NO_TRADE,,NO_TRADE:OR_NOT_ESTABLISHED,
09:21:58,23507.65,,,,23536.5,23477.55,0.511,OBSERVING,NEUTRAL,UNCLEAR,NO_TRADE,NO_TRADE:OR_NOT_ESTABLISHED,0.0,0,0.0,NONE,3,0,0,0,0,0,NO_TRADE,,NO_TRADE:OR_NOT_ESTABLISHED,
09:22:13,23507.15,,,,23536.5,23477.55,0.502,OBSERVING,NEUTRAL,UNCLEAR,NO_TRADE,NO_TRADE:OR_NOT_ESTABLISHED,0.0,0,0.0,NONE,3,0,0,0,0,0,NO_TRADE,,NO_TRADE:OR_NOT_ESTABLISHED,
09:22:28,23506.05,,,,23536.5,23477.55,0.483,OBSERVING,NEUTRAL,UNCLEAR,NO_TRADE,NO_TRADE:OR_NOT_ESTABLISHED,0.0,0,0.0,NONE,3,0,0,0,0,0,NO_TRADE,,NO_TRADE:OR_NOT_ESTABLISHED,
09:22:43,23505.05,,,,23536.5,23477.55,0.466,OBSERVING,NEUTRAL,UNCLEAR,NO_TRADE,NO_TRADE:OR_NOT_ESTABLISHED,0.0,0,0.0,NONE,3,0,0,0,0,0,NO_TRADE,,NO_TRADE:OR_NOT_ESTABLISHED,
09:22:58,23501.0,,,,23536.5,23477.55,0.398,OBSERVING,NEUTRAL,UNCLEAR,NO_TRADE,NO_TRADE:OR_NOT_ESTABLISHED,0.0,0,0.0,NONE,3,0,0,0,0,0,NO_TRADE,,NO_TRADE:OR_NOT_ESTABLISHED,
09:23:13,23498.95,,,,23536.5,23477.55,0.363,OBSERVING,NEUTRAL,BEARISH,NO_TRADE,NO_TRADE:OR_NOT_ESTABLISHED,0.0,0,0.0,NONE,3,0,0,0,0,0,NO_TRADE,,NO_TRADE:OR_NOT_ESTABLISHED,
09:23:28,23497.8,,,,23536.5,23477.55,0.344,OBSERVING,NEUTRAL,BEARISH,NO_TRADE,NO_TRADE:OR_NOT_ESTABLISHED,0.0,0,0.0,NONE,3,0,0,0,0,0,NO_TRADE,,NO_TRADE:OR_NOT_ESTABLISHED,
09:23:43,23496.95,,,,23536.5,23477.55,0.329,OBSERVING,NEUTRAL,BEARISH,NO_TRADE,NO_TRADE:OR_NOT_ESTABLISHED,0.0,0,0.0,NONE,3,0,0,0,0,0,NO_TRADE,,NO_TRADE:OR_NOT_ESTABLISHED,
09:23:58,23500.85,,,,23536.5,23477.55,0.395,OBSERVING,NEUTRAL,UNCLEAR,NO_TRADE,NO_TRADE:OR_NOT_ESTABLISHED,0.0,0,0.0,NONE,3,0,0,0,0,0,NO_TRADE,,NO_TRADE:OR_NOT_ESTABLISHED,
09:24:13,23500.45,,,,23536.5,23477.55,0.388,OBSERVING,NEUTRAL,UNCLEAR,NO_TRADE,NO_TRADE:OR_NOT_ESTABLISHED,0.0,0,0.0,NONE,3,0,0,0,0,0,NO_TRADE,,NO_TRADE:OR_NOT_ESTABLISHED,
09:24:28,23500.0,,,,23536.5,23477.55,0.381,OBSERVING,NEUTRAL,BEARISH,NO_TRADE,NO_TRADE:OR_NOT_ESTABLISHED,0.0,0,0.0,NONE,3,0,0,0,0,0,NO_TRADE,,NO_TRADE:OR_NOT_ESTABLISHED,
09:24:43,23504.5,,,,23536.5,23477.55,0.457,OBSERVING,NEUTRAL,UNCLEAR,NO_TRADE,NO_TRADE:OR_NOT_ESTABLISHED,0.0,0,0.0,NONE,3,0,0,0,0,0,NO_TRADE,,NO_TRADE:OR_NOT_ESTABLISHED,
09:24:58,23511.65,,,,23536.5,23477.55,0.578,OBSERVING,NEUTRAL,UNCLEAR,NO_TRADE,NO_TRADE:OR_NOT_ESTABLISHED,0.0,0,0.0,NONE,3,0,0,0,0,0,NO_TRADE,,NO_TRADE:OR_NOT_ESTABLISHED,
09:25:13,23510.2,,,,23536.5,23477.55,0.554,OBSERVING,NEUTRAL,UNCLEAR,NO_TRADE,NO_TRADE:OR_NOT_ESTABLISHED,0.0,0,0.0,NONE,3,0,0,0,0,0,NO_TRADE,,NO_TRADE:OR_NOT_ESTABLISHED,
09:25:28,23510.35,,,,23536.5,23477.55,0.556,OBSERVING,NEUTRAL,UNCLEAR,NO_TRADE,NO_TRADE:OR_NOT_ESTABLISHED,0.0,0,0.0,NONE,3,0,0,0,0,0,NO_TRADE,,NO_TRADE:OR_NOT_ESTABLISHED,
09:25:43,23511.55,,,,23536.5,23477.55,0.577,OBSERVING,NEUTRAL,UNCLEAR,NO_TRADE,NO_TRADE:OR_NOT_ESTABLISHED,0.0,0,0.0,NONE,3,0,0,0,0,0,NO_TRADE,,NO_TRADE:OR_NOT_ESTABLISHED,
09:25:58,23512.8,,,,23536.5,23477.55,0.598,OBSERVING,NEUTRAL,UNCLEAR,NO_TRADE,NO_TRADE:OR_NOT_ESTABLISHED,0.0,0,0.0,NONE,3,0,0,0,0,0,NO_TRADE,,NO_TRADE:OR_NOT_ESTABLISHED,
09:26:13,23518.4,,,,23536.5,23477.55,0.693,OBSERVING,NEUTRAL,UNCLEAR,NO_TRADE,NO_TRADE:OR_NOT_ESTABLISHED,0.0,0,0.0,NONE,3,0,0,0,0,0,NO_TRADE,,NO_TRADE:OR_NOT_ESTABLISHED,
09:26:28,23518.3,,,,23536.5,23477.55,0.691,OBSERVING,NEUTRAL,UNCLEAR,NO_TRADE,NO_TRADE:OR_NOT_ESTABLISHED,0.0,0,0.0,NONE,3,0,0,0,0,0,NO_TRADE,,NO_TRADE:OR_NOT_ESTABLISHED,
09:26:43,23517.5,,,,23536.5,23477.55,0.678,OBSERVING,NEUTRAL,UNCLEAR,NO_TRADE,NO_TRADE:OR_NOT_ESTABLISHED,0.0,0,0.0,NONE,3,0,0,0,0,0,NO_TRADE,,NO_TRADE:OR_NOT_ESTABLISHED,
09:26:58,23512.6,,,,23536.5,23477.55,0.595,OBSERVING,NEUTRAL,UNCLEAR,NO_TRADE,NO_TRADE:OR_NOT_ESTABLISHED,0.0,0,0.0,NONE,3,0,0,0,0,0,NO_TRADE,,NO_TRADE:OR_NOT_ESTABLISHED,
09:27:13,23509.25,,,,23536.5,23477.55,0.538,OBSERVING,NEUTRAL,UNCLEAR,NO_TRADE,NO_TRADE:OR_NOT_ESTABLISHED,0.0,0,0.0,NONE,3,0,0,0,0,0,NO_TRADE,,NO_TRADE:OR_NOT_ESTABLISHED,
09:27:28,23506.65,,,,23536.5,23477.55,0.494,OBSERVING,NEUTRAL,UNCLEAR,NO_TRADE,NO_TRADE:OR_NOT_ESTABLISHED,0.0,0,0.0,NONE,3,0,0,0,0,0,NO_TRADE,,NO_TRADE:OR_NOT_ESTABLISHED,
09:27:43,23509.0,,,,23536.5,23477.55,0.534,OBSERVING,NEUTRAL,UNCLEAR,NO_TRADE,NO_TRADE:OR_NOT_ESTABLISHED,0.0,0,0.0,NONE,3,0,0,0,0,0,NO_TRADE,,NO_TRADE:OR_NOT_ESTABLISHED,
09:27:59,23512.5,,,,23536.5,23477.55,0.593,OBSERVING,NEUTRAL,UNCLEAR,NO_TRADE,NO_TRADE:OR_NOT_ESTABLISHED,0.0,0,0.0,NONE,3,0,0,0,0,0,NO_TRADE,,NO_TRADE:OR_NOT_ESTABLISHED,
09:28:14,23510.5,,,,23536.5,23477.55,0.559,OBSERVING,NEUTRAL,UNCLEAR,NO_TRADE,NO_TRADE:OR_NOT_ESTABLISHED,0.0,0,0.0,NONE,3,0,0,0,0,0,NO_TRADE,,NO_TRADE:OR_NOT_ESTABLISHED,
09:28:29,23508.75,,,,23536.5,23477.55,0.529,OBSERVING,NEUTRAL,UNCLEAR,NO_TRADE,NO_TRADE:OR_NOT_ESTABLISHED,0.0,0,0.0,NONE,3,0,0,0,0,0,NO_TRADE,,NO_TRADE:OR_NOT_ESTABLISHED,
09:28:44,23509.35,,,,23536.5,23477.55,0.539,OBSERVING,NEUTRAL,UNCLEAR,NO_TRADE,NO_TRADE:OR_NOT_ESTABLISHED,0.0,0,0.0,NONE,3,0,0,0,0,0,NO_TRADE,,NO_TRADE:OR_NOT_ESTABLISHED,
09:28:59,23508.9,,,,23536.5,23477.55,0.532,OBSERVING,NEUTRAL,UNCLEAR,NO_TRADE,NO_TRADE:OR_NOT_ESTABLISHED,0.0,0,0.0,NONE,3,0,0,0,0,0,NO_TRADE,,NO_TRADE:OR_NOT_ESTABLISHED,
09:29:14,23509.35,,,,23536.5,23477.55,0.539,OBSERVING,NEUTRAL,UNCLEAR,NO_TRADE,NO_TRADE:OR_NOT_ESTABLISHED,0.0,0,0.0,NONE,3,0,0,0,0,0,NO_TRADE,,NO_TRADE:OR_NOT_ESTABLISHED,
09:29:29,23507.9,,,,23536.5,23477.55,0.515,OBSERVING,NEUTRAL,UNCLEAR,NO_TRADE,NO_TRADE:OR_NOT_ESTABLISHED,0.0,0,0.0,NONE,3,0,0,0,0,0,NO_TRADE,,NO_TRADE:OR_NOT_ESTABLISHED,
09:29:44,23507.85,,,,23536.5,23477.55,0.514,OBSERVING,NEUTRAL,UNCLEAR,NO_TRADE,NO_TRADE:OR_NOT_ESTABLISHED,0.0,0,0.0,NONE,3,0,0,0,0,0,NO_TRADE,,NO_TRADE:OR_NOT_ESTABLISHED,
09:29:59,23510.3,,,,23536.5,23477.55,0.556,OBSERVING,NEUTRAL,UNCLEAR,NO_TRADE,NO_TRADE:OR_NOT_ESTABLISHED,0.0,0,0.0,NONE,3,0,0,0,0,0,NO_TRADE,,NO_TRADE:OR_NOT_ESTABLISHED,
09:30:14,23514.5,,,,23536.5,23477.55,0.627,OBSERVING,NEUTRAL,UNCLEAR,NO_TRADE,NO_TRADE:OR_NOT_ESTABLISHED,0.0,0,79.99,NONE,3,0,0,0,0,0,NO_TRADE,,NO_TRADE:OR_NOT_ESTABLISHED,
09:30:29,23514.2,,,,23536.5,23477.55,0.622,OBSERVING,NEUTRAL,UNCLEAR,NO_TRADE,NO_TRADE:OR_NOT_ESTABLISHED,0.0,0,79.99,NONE,3,0,0,0,0,0,NO_TRADE,,NO_TRADE:OR_NOT_ESTABLISHED,
09:30:44,23510.65,,,,23536.5,23477.55,0.561,OBSERVING,NEUTRAL,UNCLEAR,NO_TRADE,NO_TRADE:OR_NOT_ESTABLISHED,0.0,0,79.99,NONE,3,0,0,0,0,0,NO_TRADE,,NO_TRADE:OR_NOT_ESTABLISHED,
09:30:59,23510.6,,,,23536.5,23477.55,0.561,OBSERVING,NEUTRAL,UNCLEAR,NO_TRADE,NO_TRADE:OR_NOT_ESTABLISHED,0.0,0,79.99,NONE,3,0,0,0,0,0,NO_TRADE,,NO_TRADE:OR_NOT_ESTABLISHED,
09:31:14,23510.6,,,,23536.5,23477.55,0.561,OBSERVING,NEUTRAL,UNCLEAR,NO_TRADE,NO_TRADE:OR_NOT_ESTABLISHED,0.0,0,79.99,NONE,3,0,0,0,0,0,NO_TRADE,,NO_TRADE:OR_NOT_ESTABLISHED,
09:31:29,23515.8,,,,23536.5,23477.55,0.649,OBSERVING,NEUTRAL,UNCLEAR,NO_TRADE,NO_TRADE:OR_NOT_ESTABLISHED,0.0,0,79.99,NONE,3,0,0,0,0,0,NO_TRADE,,NO_TRADE:OR_NOT_ESTABLISHED,
09:31:44,23513.85,,,,23536.5,23477.55,0.616,OBSERVING,NEUTRAL,UNCLEAR,NO_TRADE,NO_TRADE:OR_NOT_ESTABLISHED,0.0,0,79.99,NONE,3,0,0,0,0,0,NO_TRADE,,NO_TRADE:OR_NOT_ESTABLISHED,
09:31:59,23509.3,,,,23536.5,23477.55,0.539,OBSERVING,NEUTRAL,UNCLEAR,NO_TRADE,NO_TRADE:OR_NOT_ESTABLISHED,0.0,0,79.99,NONE,3,0,0,0,0,0,NO_TRADE,,NO_TRADE:OR_NOT_ESTABLISHED,
09:32:14,23512.45,,,,23536.5,23477.55,0.592,OBSERVING,NEUTRAL,RANGE,NO_TRADE,NO_TRADE:OR_NOT_ESTABLISHED,0.0,0,79.99,NONE,3,0,0,0,0,0,NO_TRADE,,NO_TRADE:OR_NOT_ESTABLISHED,
09:32:29,23511.6,,,,23536.5,23477.55,0.578,OBSERVING,NEUTRAL,RANGE,NO_TRADE,NO_TRADE:OR_NOT_ESTABLISHED,0.0,0,79.99,NONE,3,0,0,0,0,0,NO_TRADE,,NO_TRADE:OR_NOT_ESTABLISHED,
09:32:44,23511.85,,,,23536.5,23477.55,0.582,OBSERVING,NEUTRAL,RANGE,NO_TRADE,NO_TRADE:OR_NOT_ESTABLISHED,0.0,0,79.99,NONE,3,0,0,0,0,0,NO_TRADE,,NO_TRADE:OR_NOT_ESTABLISHED,
09:32:59,23510.0,,,,23536.5,23477.55,0.550,OBSERVING,NEUTRAL,RANGE,NO_TRADE,NO_TRADE:OR_NOT_ESTABLISHED,0.0,0,79.99,NONE,3,0,0,0,0,0,NO_TRADE,,NO_TRADE:OR_NOT_ESTABLISHED,
09:33:14,23511.05,,,,23536.5,23477.55,0.568,OBSERVING,NEUTRAL,RANGE,NO_TRADE,NO_TRADE:OR_NOT_ESTABLISHED,0.0,0,79.99,NONE,3,0,0,0,0,0,NO_TRADE,,NO_TRADE:OR_NOT_ESTABLISHED,
09:33:29,23513.65,,,,23536.5,23477.55,0.612,OBSERVING,NEUTRAL,RANGE,NO_TRADE,NO_TRADE:OR_NOT_ESTABLISHED,0.0,0,79.99,NONE,3,0,0,0,0,0,NO_TRADE,,NO_TRADE:OR_NOT_ESTABLISHED,
09:33:44,23514.1,,,,23536.5,23477.55,0.620,OBSERVING,NEUTRAL,RANGE,NO_TRADE,NO_TRADE:OR_NOT_ESTABLISHED,0.0,0,79.99,NONE,3,0,0,0,0,0,NO_TRADE,,NO_TRADE:OR_NOT_ESTABLISHED,
09:33:59,23512.45,,,,23536.5,23477.55,0.592,OBSERVING,NEUTRAL,RANGE,NO_TRADE,NO_TRADE:OR_NOT_ESTABLISHED,0.0,0,79.99,NONE,3,0,0,0,0,0,NO_TRADE,,NO_TRADE:OR_NOT_ESTABLISHED,
09:34:14,23517.05,23536.5,23477.55,NARROW,23536.5,23477.55,0.670,RANGE,NEUTRAL,RANGE,NO_TRADE,NO_TRADE:BEFORE_09:45,0.0,0,79.99,HIGH,3,0,0,0,0,0,NO_TRADE,,NO_TRADE:BEFORE_09:45,
09:34:29,23516.3,23536.5,23477.55,NARROW,23536.5,23477.55,0.657,RANGE,NEUTRAL,RANGE,NO_TRADE,NO_TRADE:BEFORE_09:45,0.0,0,79.99,HIGH,3,0,0,0,0,0,NO_TRADE,,NO_TRADE:BEFORE_09:45,
09:34:44,23515.4,23536.5,23477.55,NARROW,23536.5,23477.55,0.642,RANGE,NEUTRAL,RANGE,NO_TRADE,NO_TRADE:BEFORE_09:45,0.0,0,79.99,HIGH,3,0,0,0,0,0,NO_TRADE,,NO_TRADE:BEFORE_09:45,
09:34:59,23514.95,23536.5,23477.55,NARROW,23536.5,23477.55,0.634,RANGE,NEUTRAL,RANGE,NO_TRADE,NO_TRADE:BEFORE_09:45,0.0,0,79.99,HIGH,3,0,0,0,0,0,NO_TRADE,,NO_TRADE:BEFORE_09:45,
09:35:14,23512.9,23536.5,23477.55,NARROW,23536.5,23477.55,0.600,RANGE,NEUTRAL,RANGE,NO_TRADE,NO_TRADE:BEFORE_09:45,0.0,0,79.99,HIGH,3,0,0,0,0,0,NO_TRADE,,NO_TRADE:BEFORE_09:45,
09:35:29,23511.3,23536.5,23477.55,NARROW,23536.5,23477.55,0.573,RANGE,NEUTRAL,RANGE,NO_TRADE,NO_TRADE:BEFORE_09:45,0.0,0,79.99,HIGH,3,0,0,0,0,0,NO_TRADE,,NO_TRADE:BEFORE_09:45,
09:35:44,23510.1,23536.5,23477.55,NARROW,23536.5,23477.55,0.552,RANGE,NEUTRAL,RANGE,NO_TRADE,NO_TRADE:BEFORE_09:45,0.0,0,79.99,HIGH,3,0,0,0,0,0,NO_TRADE,,NO_TRADE:BEFORE_09:45,
09:35:59,23509.85,23536.5,23477.55,NARROW,23536.5,23477.55,0.548,RANGE,NEUTRAL,RANGE,NO_TRADE,NO_TRADE:BEFORE_09:45,0.0,0,79.99,HIGH,3,0,0,0,0,0,NO_TRADE,,NO_TRADE:BEFORE_09:45,
09:36:14,23511.65,23536.5,23477.55,NARROW,23536.5,23477.55,0.578,RANGE,NEUTRAL,RANGE,NO_TRADE,NO_TRADE:BEFORE_09:45,0.0,0,79.99,HIGH,3,0,0,0,0,0,NO_TRADE,,NO_TRADE:BEFORE_09:45,
09:36:29,23509.95,23536.5,23477.55,NARROW,23536.5,23477.55,0.550,RANGE,NEUTRAL,RANGE,NO_TRADE,NO_TRADE:BEFORE_09:45,0.0,0,79.99,HIGH,3,0,0,0,0,0,NO_TRADE,,NO_TRADE:BEFORE_09:45,
09:36:44,23509.8,23536.5,23477.55,NARROW,23536.5,23477.55,0.547,RANGE,NEUTRAL,RANGE,NO_TRADE,NO_TRADE:BEFORE_09:45,0.0,0,79.99,HIGH,3,0,0,0,0,0,NO_TRADE,,NO_TRADE:BEFORE_09:45,
09:36:59,23512.9,23536.5,23477.55,NARROW,23536.5,23477.55,0.600,RANGE,NEUTRAL,RANGE,NO_TRADE,NO_TRADE:BEFORE_09:45,0.0,0,79.99,HIGH,3,0,0,0,0,0,NO_TRADE,,NO_TRADE:BEFORE_09:45,
09:37:14,23515.6,23536.5,23477.55,NARROW,23536.5,23477.55,0.645,RANGE,NEUTRAL,RANGE,NO_TRADE,NO_TRADE:BEFORE_09:45,0.0,0,79.99,HIGH,3,0,0,0,0,0,NO_TRADE,,NO_TRADE:BEFORE_09:45,
09:37:29,23518.9,23536.5,23477.55,NARROW,23536.5,23477.55,0.701,RANGE,NEUTRAL,RANGE,NO_TRADE,NO_TRADE:BEFORE_09:45,0.0,0,79.99,HIGH,3,0,0,0,0,0,NO_TRADE,,NO_TRADE:BEFORE_09:45,
09:37:44,23518.35,23536.5,23477.55,NARROW,23536.5,23477.55,0.692,RANGE,NEUTRAL,RANGE,NO_TRADE,NO_TRADE:BEFORE_09:45,0.0,0,79.55,HIGH,3,0,0,0,0,0,NO_TRADE,,NO_TRADE:BEFORE_09:45,
09:38:00,23519.15,23536.5,23477.55,NARROW,23536.5,23477.55,0.706,RANGE,NEUTRAL,RANGE,NO_TRADE,NO_TRADE:BEFORE_09:45,0.0,0,79.12,HIGH,3,0,0,0,0,0,NO_TRADE,,NO_TRADE:BEFORE_09:45,
09:38:15,23521.15,23536.5,23477.55,NARROW,23536.5,23477.55,0.740,RANGE,NEUTRAL,RANGE,NO_TRADE,NO_TRADE:BEFORE_09:45,0.0,0,78.69,HIGH,3,0,0,0,0,0,NO_TRADE,,NO_TRADE:BEFORE_09:45,
09:38:30,23522.1,23536.5,23477.55,NARROW,23536.5,23477.55,0.756,RANGE,NEUTRAL,RANGE,NO_TRADE,NO_TRADE:BEFORE_09:45,0.0,0,78.27,HIGH,3,0,0,0,0,0,NO_TRADE,,NO_TRADE:BEFORE_09:45,
09:38:45,23525.4,23536.5,23477.55,NARROW,23536.5,23477.55,0.812,RANGE,NEUTRAL,UNCLEAR,NO_TRADE,NO_TRADE:BEFORE_09:45,0.0,0,77.85,HIGH,3,0,0,0,0,0,NO_TRADE,,NO_TRADE:BEFORE_09:45,
09:39:00,23525.15,23536.5,23477.55,NARROW,23536.5,23477.55,0.807,RANGE,NEUTRAL,UNCLEAR,NO_TRADE,NO_TRADE:BEFORE_09:45,0.0,0,77.45,HIGH,3,0,0,0,0,0,NO_TRADE,,NO_TRADE:BEFORE_09:45,
09:39:15,23524.9,23536.5,23477.55,NARROW,23536.5,23477.55,0.803,RANGE,NEUTRAL,UNCLEAR,NO_TRADE,NO_TRADE:BEFORE_09:45,0.0,0,77.05,HIGH,3,0,0,0,0,0,NO_TRADE,,NO_TRADE:BEFORE_09:45,
09:39:30,23526.3,23536.5,23477.55,NARROW,23536.5,23477.55,0.827,RANGE,NEUTRAL,UNCLEAR,NO_TRADE,NO_TRADE:BEFORE_09:45,0.0,0,76.65,HIGH,3,0,0,0,0,0,NO_TRADE,,NO_TRADE:BEFORE_09:45,
09:39:45,23529.95,23536.5,23477.55,NARROW,23536.5,23477.55,0.889,RANGE,NEUTRAL,UNCLEAR,NO_TRADE,NO_TRADE:BEFORE_09:45,0.0,0,76.26,HIGH,3,0,0,0,0,0,NO_TRADE,,NO_TRADE:BEFORE_09:45,
09:40:00,23526.25,23536.5,23477.55,NARROW,23536.5,23477.55,0.826,RANGE,NEUTRAL,UNCLEAR,NO_TRADE,NO_TRADE:BEFORE_09:45,0.0,0,75.88,HIGH,3,0,0,0,0,0,NO_TRADE,,NO_TRADE:BEFORE_09:45,
09:40:15,23528.1,23536.5,23477.55,NARROW,23536.5,23477.55,0.858,RANGE,NEUTRAL,UNCLEAR,NO_TRADE,NO_TRADE:BEFORE_09:45,0.0,0,75.5,HIGH,3,0,0,0,0,0,NO_TRADE,,NO_TRADE:BEFORE_09:45,
09:40:30,23530.65,23536.5,23477.55,NARROW,23536.5,23477.55,0.901,RANGE,NEUTRAL,UNCLEAR,NO_TRADE,NO_TRADE:BEFORE_09:45,0.0,0,75.13,HIGH,3,0,0,0,0,0,NO_TRADE,,NO_TRADE:BEFORE_09:45,
09:40:45,23532.3,23536.5,23477.55,NARROW,23536.5,23477.55,0.929,RANGE,NEUTRAL,UNCLEAR,NO_TRADE,NO_TRADE:BEFORE_09:45,0.0,0,74.76,HIGH,3,0,0,0,0,0,NO_TRADE,,NO_TRADE:BEFORE_09:45,
09:41:00,23532.55,23536.5,23477.55,NARROW,23536.5,23477.55,0.933,RANGE,NEUTRAL,UNCLEAR,NO_TRADE,NO_TRADE:BEFORE_09:45,0.0,0,74.4,HIGH,3,0,0,0,0,0,NO_TRADE,,NO_TRADE:BEFORE_09:45,
09:41:15,23530.25,23536.5,23477.55,NARROW,23536.5,23477.55,0.894,RANGE,NEUTRAL,UNCLEAR,NO_TRADE,NO_TRADE:BEFORE_09:45,0.0,0,74.04,HIGH,3,0,0,0,0,0,NO_TRADE,,NO_TRADE:BEFORE_09:45,
09:41:30,23526.95,23536.5,23477.55,NARROW,23536.5,23477.55,0.838,RANGE,NEUTRAL,UNCLEAR,NO_TRADE,NO_TRADE:BEFORE_09:45,0.0,0,73.69,HIGH,3,0,0,0,0,0,NO_TRADE,,NO_TRADE:BEFORE_09:45,
09:41:45,23526.6,23536.5,23477.55,NARROW,23536.5,23477.55,0.832,RANGE,NEUTRAL,UNCLEAR,NO_TRADE,NO_TRADE:BEFORE_09:45,0.0,0,73.35,HIGH,3,0,0,0,0,0,NO_TRADE,,NO_TRADE:BEFORE_09:45,
09:42:00,23526.7,23536.5,23477.55,NARROW,23536.5,23477.55,0.834,RANGE,NEUTRAL,UNCLEAR,NO_TRADE,NO_TRADE:BEFORE_09:45,0.0,0,73.0,HIGH,3,0,0,0,0,0,NO_TRADE,,NO_TRADE:BEFORE_09:45,
09:42:15,23525.9,23536.5,23477.55,NARROW,23536.5,23477.55,0.820,RANGE,NEUTRAL,RANGE,NO_TRADE,NO_TRADE:BEFORE_09:45,0.0,0,72.67,HIGH,3,0,0,0,0,0,NO_TRADE,,NO_TRADE:BEFORE_09:45,
09:42:30,23526.6,23536.5,23477.55,NARROW,23536.5,23477.55,0.832,RANGE,NEUTRAL,RANGE,NO_TRADE,NO_TRADE:BEFORE_09:45,0.0,0,72.34,HIGH,3,0,0,0,0,0,NO_TRADE,,NO_TRADE:BEFORE_09:45,
09:42:45,23525.7,23536.5,23477.55,NARROW,23536.5,23477.55,0.817,RANGE,NEUTRAL,RANGE,NO_TRADE,NO_TRADE:BEFORE_09:45,0.0,0,72.01,HIGH,3,0,0,0,0,0,NO_TRADE,,NO_TRADE:BEFORE_09:45,
09:43:01,23526.55,23536.5,23477.55,NARROW,23536.5,23477.55,0.831,RANGE,NEUTRAL,RANGE,NO_TRADE,NO_TRADE:BEFORE_09:45,0.0,0,71.68,HIGH,3,0,0,0,0,0,NO_TRADE,,NO_TRADE:BEFORE_09:45,
09:43:16,23528.35,23536.5,23477.55,NARROW,23536.5,23477.55,0.862,RANGE,SELL_PREMIUM,RANGE,NO_TRADE,NO_TRADE:BEFORE_09:45,0.0,0,71.37,HIGH,3,0,0,0,0,0,NO_TRADE,,NO_TRADE:BEFORE_09:45,
09:43:31,23528.7,23536.5,23477.55,NARROW,23536.5,23477.55,0.868,RANGE,SELL_PREMIUM,RANGE,NO_TRADE,NO_TRADE:BEFORE_09:45,0.0,0,71.05,HIGH,3,0,0,0,0,0,NO_TRADE,,NO_TRADE:BEFORE_09:45,
09:43:46,23531.55,23536.5,23477.55,NARROW,23536.5,23477.55,0.916,RANGE,SELL_PREMIUM,RANGE,NO_TRADE,NO_TRADE:BEFORE_09:45,0.0,0,70.74,HIGH,3,0,0,0,0,0,NO_TRADE,,NO_TRADE:BEFORE_09:45,
09:44:01,23530.95,23536.5,23477.55,NARROW,23536.5,23477.55,0.906,RANGE,SELL_PREMIUM,RANGE,NO_TRADE,NO_TRADE:BEFORE_09:45,0.0,0,70.43,HIGH,3,0,0,0,0,0,NO_TRADE,,NO_TRADE:BEFORE_09:45,
09:44:16,23530.2,23536.5,23477.55,NARROW,23536.5,23477.55,0.893,RANGE,SELL_PREMIUM,RANGE,NO_TRADE,NO_TRADE:BEFORE_09:45,0.0,0,70.13,HIGH,3,0,0,0,0,0,NO_TRADE,,NO_TRADE:BEFORE_09:45,
09:44:31,23528.15,23536.5,23477.55,NARROW,23536.5,23477.55,0.858,RANGE,SELL_PREMIUM,RANGE,NO_TRADE,NO_TRADE:BEFORE_09:45,0.0,0,69.83,HIGH,3,0,0,0,0,0,NO_TRADE,,NO_TRADE:BEFORE_09:45,
09:44:46,23526.65,23536.5,23477.55,NARROW,23536.5,23477.55,0.833,RANGE,SELL_PREMIUM,RANGE,NO_TRADE,NO_TRADE:BEFORE_09:45,0.0,0,69.54,HIGH,3,0,0,0,0,0,NO_TRADE,,NO_TRADE:BEFORE_09:45,
09:45:01,23527.3,23536.5,23477.55,NARROW,23536.5,23477.55,0.844,RANGE,SELL_PREMIUM,RANGE,NO_TRADE,NO_TRADE:BEFORE_09:45,0.0,0,69.25,HIGH,3,0,0,0,0,0,NO_TRADE,,NO_TRADE:BEFORE_09:45,
09:45:16,23524.05,23536.5,23477.55,NARROW,23536.5,23477.55,0.789,RANGE,SELL_PREMIUM,RANGE,NO_TRADE,NO_TRADE:BEFORE_09:45,0.0,0,68.96,HIGH,3,0,0,0,0,0,NO_TRADE,,NO_TRADE:BEFORE_09:45,
09:45:31,23522.05,23536.5,23477.55,NARROW,23536.5,23477.55,0.755,RANGE,SELL_PREMIUM,RANGE,PREMIUM_SELL_RANGE,RANGE_DTE3_NEW_CYCLE_STRONG_SELL_CONTAINED_OR,0.0,0,68.68,HIGH,3,0,0,0,0,0,ENTER,BEAR_CALL_SPREAD,regime:PREMIUM_SELL_RANGE:conf=HIGH:dte=3:or=NARROW:adx=0:day_structure_lean_bearish:gap_down_unfilled_dh=23536_pc=23635_wall=24000x4.1,
09:45:46,23520.9,23536.5,23477.55,NARROW,23536.5,23477.55,0.735,RANGE,SELL_PREMIUM,RANGE,PREMIUM_SELL_RANGE,RANGE_DTE3_NEW_CYCLE_STRONG_SELL_CONTAINED_OR,0.0,0,68.4,HIGH,3,0,0,0,0,0,,,,
09:46:01,23521.1,23536.5,23477.55,NARROW,23536.5,23477.55,0.739,RANGE,SELL_PREMIUM,RANGE,PREMIUM_SELL_RANGE,RANGE_DTE3_NEW_CYCLE_STRONG_SELL_CONTAINED_OR,0.0,0,68.12,HIGH,3,0,0,0,0,0,,,,
09:46:16,23522.0,23536.5,23477.55,NARROW,23536.5,23477.55,0.754,RANGE,SELL_PREMIUM,RANGE,PREMIUM_SELL_RANGE,RANGE_DTE3_NEW_CYCLE_STRONG_SELL_CONTAINED_OR,0.0,0,67.85,HIGH,3,0,0,0,0,0,,,,
09:46:31,23516.45,23536.5,23477.55,NARROW,23536.5,23477.55,0.660,RANGE,SELL_PREMIUM,RANGE,PREMIUM_SELL_RANGE,RANGE_DTE3_NEW_CYCLE_STRONG_SELL_CONTAINED_OR,0.0,0,67.58,HIGH,3,0,0,0,0,0,,,,
09:46:46,23515.9,23536.5,23477.55,NARROW,23536.5,23477.55,0.651,RANGE,SELL_PREMIUM,RANGE,PREMIUM_SELL_RANGE,RANGE_DTE3_NEW_CYCLE_STRONG_SELL_CONTAINED_OR,0.0,0,67.32,HIGH,3,0,0,0,0,0,,,,
09:47:01,23514.7,23536.5,23477.55,NARROW,23536.5,23477.55,0.630,RANGE,SELL_PREMIUM,RANGE,PREMIUM_SELL_RANGE,RANGE_DTE3_NEW_CYCLE_STRONG_SELL_CONTAINED_OR,0.0,0,67.05,HIGH,3,0,0,0,0,0,,,,
09:47:16,23513.2,23536.5,23477.55,NARROW,23536.5,23477.55,0.605,RANGE,SELL_PREMIUM,RANGE,PREMIUM_SELL_RANGE,RANGE_DTE3_NEW_CYCLE_STRONG_SELL_CONTAINED_OR,0.0,0,66.79,HIGH,3,0,0,0,0,0,,,,
09:47:31,23512.4,23536.5,23477.55,NARROW,23536.5,23477.55,0.591,RANGE,SELL_PREMIUM,RANGE,PREMIUM_SELL_RANGE,RANGE_DTE3_NEW_CYCLE_STRONG_SELL_CONTAINED_OR,0.0,0,66.53,HIGH,3,0,0,0,0,0,,,,
09:47:46,23514.25,23536.5,23477.55,NARROW,23536.5,23477.55,0.623,RANGE,SELL_PREMIUM,RANGE,PREMIUM_SELL_RANGE,RANGE_DTE3_NEW_CYCLE_STRONG_SELL_CONTAINED_OR,0.0,0,66.28,HIGH,3,0,0,0,0,0,,,,
09:48:01,23510.8,23536.5,23477.55,NARROW,23536.5,23477.55,0.564,RANGE,SELL_PREMIUM,RANGE,PREMIUM_SELL_RANGE,RANGE_DTE3_NEW_CYCLE_STRONG_SELL_CONTAINED_OR,0.0,0,66.03,HIGH,3,0,0,0,0,0,,,,
09:48:16,23506.7,23536.5,23477.55,NARROW,23536.5,23477.55,0.494,RANGE,SELL_PREMIUM,RANGE,PREMIUM_SELL_RANGE,RANGE_DTE3_NEW_CYCLE_STRONG_SELL_CONTAINED_OR,0.0,0,65.78,HIGH,3,0,0,0,0,0,,,,
09:48:31,23508.9,23536.5,23477.55,NARROW,23536.5,23477.55,0.532,RANGE,SELL_PREMIUM,RANGE,PREMIUM_SELL_RANGE,RANGE_DTE3_NEW_CYCLE_STRONG_SELL_CONTAINED_OR,0.0,0,65.53,HIGH,3,0,0,0,0,0,,,,
09:48:46,23506.55,23536.5,23477.55,NARROW,23536.5,23477.55,0.492,RANGE,SELL_PREMIUM,RANGE,PREMIUM_SELL_RANGE,RANGE_DTE3_NEW_CYCLE_STRONG_SELL_CONTAINED_OR,0.0,0,65.29,HIGH,3,0,0,0,0,0,,,,
09:49:01,23505.7,23536.5,23477.55,NARROW,23536.5,23477.55,0.478,RANGE,SELL_PREMIUM,RANGE,PREMIUM_SELL_RANGE,RANGE_DTE3_NEW_CYCLE_STRONG_SELL_CONTAINED_OR,0.0,0,65.05,HIGH,3,0,0,0,0,0,,,,
09:49:16,23502.55,23536.5,23477.55,NARROW,23536.5,23477.55,0.424,RANGE,SELL_PREMIUM,RANGE,PREMIUM_SELL_RANGE,RANGE_DTE3_NEW_CYCLE_STRONG_SELL_CONTAINED_OR,0.0,0,64.81,HIGH,3,0,0,0,0,0,,,,
09:49:31,23500.55,23536.5,23477.55,NARROW,23536.5,23477.55,0.390,RANGE,SELL_PREMIUM,RANGE,PREMIUM_SELL_RANGE,RANGE_DTE3_NEW_CYCLE_STRONG_SELL_CONTAINED_OR,0.0,0,64.58,HIGH,3,0,0,0,0,0,,,,
09:49:46,23500.0,23536.5,23477.55,NARROW,23536.5,23477.55,0.381,RANGE,SELL_PREMIUM,UNCLEAR,PREMIUM_SELL_RANGE,RANGE_DTE3_UNCLEAR_RICH_VRP_CONDOR,0.0,0,64.34,HIGH,3,0,0,0,0,0,,,,
09:50:01,23497.55,23536.5,23477.55,NARROW,23536.5,23477.55,0.339,RANGE,NEUTRAL,BEARISH,NO_TRADE,RANGE_VERTICAL_ADX_IMMATURE,0.0,0,64.11,HIGH,3,0,0,0,0,0,,,,
09:50:16,23499.2,23536.5,23477.55,NARROW,23536.5,23477.55,0.367,RANGE,NEUTRAL,BEARISH,NO_TRADE,RANGE_VERTICAL_ADX_IMMATURE,0.0,0,63.88,HIGH,3,0,0,0,0,0,,,,
09:50:31,23497.95,23536.5,23477.55,NARROW,23536.5,23477.55,0.346,RANGE,NEUTRAL,BEARISH,NO_TRADE,RANGE_VERTICAL_ADX_IMMATURE,0.0,0,63.66,HIGH,3,0,0,0,0,0,,,,
09:50:46,23495.35,23536.5,23477.55,NARROW,23536.5,23477.55,0.302,RANGE,NEUTRAL,BEARISH,NO_TRADE,RANGE_VERTICAL_ADX_IMMATURE,0.0,0,63.44,HIGH,3,0,0,0,0,0,,,,
09:51:01,23492.35,23536.5,23477.55,NARROW,23536.5,23477.55,0.251,RANGE,NEUTRAL,BEARISH,NO_TRADE,RANGE_VERTICAL_ADX_IMMATURE,0.0,0,63.22,HIGH,3,0,0,0,0,0,,,,
09:51:16,23494.55,23536.5,23477.55,NARROW,23536.5,23477.55,0.288,RANGE,NEUTRAL,BEARISH,NO_TRADE,RANGE_VERTICAL_ADX_IMMATURE,0.0,0,63.0,HIGH,3,0,0,0,0,0,,,,
09:51:31,23493.75,23536.5,23477.55,NARROW,23536.5,23477.55,0.275,RANGE,NEUTRAL,BEARISH,NO_TRADE,RANGE_VERTICAL_ADX_IMMATURE,0.0,0,62.78,HIGH,3,0,0,0,0,0,,,,
09:51:46,23493.75,23536.5,23477.55,NARROW,23536.5,23477.55,0.275,RANGE,NEUTRAL,BEARISH,NO_TRADE,RANGE_VERTICAL_ADX_IMMATURE,0.0,0,62.57,HIGH,3,0,0,0,0,0,,,,
09:52:01,23492.3,23536.5,23477.55,NARROW,23536.5,23477.55,0.250,RANGE,NEUTRAL,BEARISH,NO_TRADE,RANGE_VERTICAL_ADX_IMMATURE,0.0,0,62.35,HIGH,3,0,0,0,0,0,,,,
09:52:16,23490.05,23536.5,23477.55,NARROW,23536.5,23477.55,0.212,RANGE,NEUTRAL,BEARISH,NO_TRADE,RANGE_VERTICAL_ADX_IMMATURE,0.0,0,62.14,HIGH,3,0,0,0,0,0,,,,
09:52:31,23496.95,23536.5,23477.55,NARROW,23536.5,23477.55,0.329,RANGE,NEUTRAL,BEARISH,NO_TRADE,RANGE_VERTICAL_ADX_IMMATURE,0.0,0,61.94,HIGH,3,0,0,0,0,0,,,,
09:52:46,23499.1,23536.5,23477.55,NARROW,23536.5,23477.55,0.366,RANGE,NEUTRAL,BEARISH,NO_TRADE,RANGE_VERTICAL_ADX_IMMATURE,0.0,0,61.73,HIGH,3,0,0,0,0,0,,,,
09:53:02,23499.15,23536.5,23477.55,NARROW,23536.5,23477.55,0.366,RANGE,SELL_PREMIUM,BEARISH,NO_TRADE,RANGE_VERTICAL_ADX_IMMATURE,0.0,0,61.53,HIGH,3,0,0,0,0,0,,,,
09:53:17,23497.5,23536.5,23477.55,NARROW,23536.5,23477.55,0.338,RANGE,SELL_PREMIUM,BEARISH,NO_TRADE,RANGE_VERTICAL_ADX_IMMATURE,0.0,0,61.32,HIGH,3,0,0,0,0,0,,,,
09:53:32,23497.3,23536.5,23477.55,NARROW,23536.5,23477.55,0.335,RANGE,SELL_PREMIUM,BEARISH,NO_TRADE,RANGE_VERTICAL_ADX_IMMATURE,0.0,0,61.12,HIGH,3,0,0,0,0,0,,,,
09:53:47,23496.05,23536.5,23477.55,NARROW,23536.5,23477.55,0.314,RANGE,SELL_PREMIUM,BEARISH,NO_TRADE,RANGE_VERTICAL_ADX_IMMATURE,0.0,0,60.93,HIGH,3,0,0,0,0,0,,,,
09:54:01,23496.1,23536.5,23477.55,NARROW,23536.5,23477.55,0.315,RANGE,SELL_PREMIUM,BEARISH,NO_TRADE,RANGE_VERTICAL_ADX_IMMATURE,0.0,0,60.73,HIGH,3,0,0,0,0,0,,,,
09:54:17,23497.2,23536.5,23477.55,NARROW,23536.5,23477.55,0.333,RANGE,SELL_PREMIUM,BEARISH,NO_TRADE,RANGE_VERTICAL_ADX_IMMATURE,0.0,0,60.54,HIGH,3,0,0,0,0,0,,,,
09:54:32,23495.4,23536.5,23477.55,NARROW,23536.5,23477.55,0.303,RANGE,SELL_PREMIUM,BEARISH,NO_TRADE,RANGE_VERTICAL_ADX_IMMATURE,0.0,0,60.35,HIGH,3,0,0,0,0,0,,,,
09:54:47,23497.4,23536.5,23477.55,NARROW,23536.5,23477.55,0.337,RANGE,SELL_PREMIUM,BEARISH,NO_TRADE,RANGE_VERTICAL_ADX_IMMATURE,0.0,0,60.16,HIGH,3,0,0,0,0,0,,,,
09:55:02,23496.3,23536.5,23477.55,NARROW,23536.5,23477.55,0.318,RANGE,SELL_PREMIUM,BEARISH,NO_TRADE,RANGE_VERTICAL_ADX_IMMATURE,0.0,0,59.97,HIGH,3,0,0,0,0,0,,,,
09:55:17,23496.3,23536.5,23477.55,NARROW,23536.5,23477.55,0.318,RANGE,SELL_PREMIUM,BEARISH,NO_TRADE,RANGE_VERTICAL_ADX_IMMATURE,0.0,0,59.78,HIGH,3,0,0,0,0,0,,,,
09:55:32,23495.3,23536.5,23477.55,NARROW,23536.5,23477.55,0.301,RANGE,SELL_PREMIUM,BEARISH,NO_TRADE,RANGE_VERTICAL_ADX_IMMATURE,0.0,0,59.6,HIGH,3,0,0,0,0,0,,,,
09:55:47,23496.05,23536.5,23477.55,NARROW,23536.5,23477.55,0.314,RANGE,SELL_PREMIUM,BEARISH,NO_TRADE,RANGE_VERTICAL_ADX_IMMATURE,0.0,0,59.41,HIGH,3,0,0,0,0,0,,,,
09:56:02,23496.7,23536.5,23477.55,NARROW,23536.5,23477.55,0.325,RANGE,SELL_PREMIUM,BEARISH,NO_TRADE,RANGE_VERTICAL_ADX_IMMATURE,0.0,0,59.23,HIGH,3,0,0,0,0,0,,,,
09:56:17,23495.2,23536.5,23477.55,NARROW,23536.5,23477.55,0.299,RANGE,SELL_PREMIUM,BEARISH,NO_TRADE,RANGE_VERTICAL_ADX_IMMATURE,0.0,0,59.05,HIGH,3,0,0,0,0,0,,,,
09:56:32,23495.7,23536.5,23477.55,NARROW,23536.5,23477.55,0.308,RANGE,SELL_PREMIUM,BEARISH,NO_TRADE,RANGE_VERTICAL_ADX_IMMATURE,0.0,0,58.87,HIGH,3,0,0,0,0,0,,,,
09:56:47,23493.85,23536.5,23477.55,NARROW,23536.5,23477.55,0.277,RANGE,SELL_PREMIUM,BEARISH,NO_TRADE,RANGE_VERTICAL_ADX_IMMATURE,0.0,0,58.7,HIGH,3,0,0,0,0,0,,,,
09:57:02,23493.65,23536.5,23477.55,NARROW,23536.5,23477.55,0.273,RANGE,SELL_PREMIUM,BEARISH,NO_TRADE,RANGE_VERTICAL_ADX_IMMATURE,0.0,0,58.52,HIGH,3,0,0,0,0,0,,,,
09:57:17,23492.55,23536.5,23477.55,NARROW,23536.5,23477.55,0.254,RANGE,SELL_PREMIUM,BEARISH,NO_TRADE,RANGE_VERTICAL_ADX_IMMATURE,0.0,0,58.35,HIGH,3,0,0,0,0,0,,,,
09:57:32,23493.65,23536.5,23477.55,NARROW,23536.5,23477.55,0.273,RANGE,SELL_PREMIUM,BEARISH,NO_TRADE,RANGE_VERTICAL_ADX_IMMATURE,0.0,0,58.18,HIGH,3,0,0,0,0,0,,,,
09:57:47,23493.05,23536.5,23477.55,NARROW,23536.5,23477.55,0.263,RANGE,SELL_PREMIUM,BEARISH,NO_TRADE,RANGE_VERTICAL_ADX_IMMATURE,0.0,0,58.01,HIGH,3,0,0,0,0,0,,,,
09:58:02,23493.5,23536.5,23477.55,NARROW,23536.5,23477.55,0.271,RANGE,SELL_PREMIUM,BEARISH,NO_TRADE,RANGE_VERTICAL_ADX_IMMATURE,0.0,0,57.84,HIGH,3,0,0,0,0,0,,,,
09:58:17,23493.7,23536.5,23477.55,NARROW,23536.5,23477.55,0.274,RANGE,SELL_PREMIUM,BEARISH,NO_TRADE,RANGE_VERTICAL_ADX_IMMATURE,0.0,0,57.67,HIGH,3,0,0,0,0,0,,,,
09:58:32,23493.85,23536.5,23477.55,NARROW,23536.5,23477.55,0.277,RANGE,SELL_PREMIUM,BEARISH,NO_TRADE,RANGE_VERTICAL_ADX_IMMATURE,0.0,0,57.51,HIGH,3,0,0,0,0,0,,,,
09:58:47,23490.5,23536.5,23477.55,NARROW,23536.5,23477.55,0.220,RANGE,SELL_PREMIUM,BEARISH,NO_TRADE,RANGE_VERTICAL_ADX_IMMATURE,0.0,0,57.34,HIGH,3,0,0,0,0,0,,,,
09:59:02,23491.0,23536.5,23477.55,NARROW,23536.5,23477.55,0.228,RANGE,SELL_PREMIUM,BEARISH,NO_TRADE,RANGE_VERTICAL_ADX_IMMATURE,0.0,0,57.18,HIGH,3,0,0,0,0,0,,,,
09:59:17,23487.7,23536.5,23477.55,NARROW,23536.5,23477.55,0.172,RANGE,SELL_PREMIUM,BEARISH,NO_TRADE,RANGE_VERTICAL_ADX_IMMATURE,0.0,0,57.02,HIGH,3,0,0,0,0,0,,,,
09:59:32,23484.9,23536.5,23477.55,NARROW,23536.5,23477.55,0.125,RANGE,SELL_PREMIUM,BEARISH,NO_TRADE,RANGE_VERTICAL_ADX_IMMATURE,0.0,0,56.85,HIGH,3,0,0,0,0,0,,,,
09:59:47,23490.0,23536.5,23477.55,NARROW,23536.5,23477.55,0.211,RANGE,SELL_PREMIUM,BEARISH,NO_TRADE,RANGE_VERTICAL_ADX_IMMATURE,0.0,0,56.7,HIGH,3,0,0,0,0,0,,,,
10:00:02,23487.65,23536.5,23477.55,NARROW,23536.5,23472.85,0.233,RANGE,SELL_PREMIUM,BEARISH,NO_TRADE,RANGE_VERTICAL_ADX_IMMATURE,0.0,0,61.04,HIGH,3,0,0,0,0,0,,,,
10:00:17,23481.65,23536.5,23477.55,NARROW,23536.5,23472.85,0.138,RANGE,SELL_PREMIUM,BEARISH,NO_TRADE,RANGE_VERTICAL_ADX_IMMATURE,0.0,0,60.88,HIGH,3,0,0,0,0,0,,,,
10:00:32,23480.95,23536.5,23477.55,NARROW,23536.5,23472.85,0.127,RANGE,SELL_PREMIUM,BEARISH,NO_TRADE,RANGE_VERTICAL_ADX_IMMATURE,0.0,0,60.71,HIGH,3,0,0,0,0,0,,,,
10:00:47,23479.5,23536.5,23477.55,NARROW,23536.5,23472.85,0.104,RANGE,SELL_PREMIUM,BEARISH,NO_TRADE,RANGE_VERTICAL_ADX_IMMATURE,0.0,0,60.54,HIGH,3,0,0,0,0,0,,,,
10:01:02,23474.8,23536.5,23477.55,NARROW,23536.5,23468.45,0.093,RANGE,SELL_PREMIUM,BEARISH,NO_TRADE,RANGE_VERTICAL_ADX_IMMATURE,0.0,0,64.55,HIGH,3,0,0,0,0,0,,,,
10:01:17,23475.2,23536.5,23477.55,NARROW,23536.5,23468.45,0.099,RANGE,SELL_PREMIUM,BEARISH,NO_TRADE,RANGE_VERTICAL_ADX_IMMATURE,0.0,0,64.37,HIGH,3,0,0,0,0,0,,,,
10:01:32,23472.85,23536.5,23477.55,NARROW,23536.5,23468.45,0.065,RANGE,SELL_PREMIUM,BEARISH,NO_TRADE,RANGE_VERTICAL_ADX_IMMATURE,0.0,0,64.2,HIGH,3,0,0,0,0,0,,,,
10:01:47,23472.4,23536.5,23477.55,NARROW,23536.5,23468.45,0.058,RANGE,SELL_PREMIUM,BEARISH,NO_TRADE,RANGE_VERTICAL_ADX_IMMATURE,0.0,0,64.03,HIGH,3,0,0,0,0,0,,,,
10:02:02,23475.1,23536.5,23477.55,NARROW,23536.5,23468.45,0.098,RANGE,SELL_PREMIUM,BEARISH,NO_TRADE,RANGE_VERTICAL_ADX_IMMATURE,0.0,0,63.86,HIGH,3,0,0,0,0,0,,,,
10:02:17,23477.65,23536.5,23477.55,NARROW,23536.5,23468.45,0.135,RANGE,SELL_PREMIUM,BEARISH,NO_TRADE,RANGE_VERTICAL_ADX_IMMATURE,0.0,0,63.69,HIGH,3,0,0,0,0,0,,,,
10:02:32,23479.15,23536.5,23477.55,NARROW,23536.5,23468.45,0.157,RANGE,SELL_PREMIUM,BEARISH,NO_TRADE,RANGE_VERTICAL_ADX_IMMATURE,0.0,0,63.52,HIGH,3,0,0,0,0,0,,,,
10:02:47,23481.25,23536.5,23477.55,NARROW,23536.5,23468.45,0.188,RANGE,SELL_PREMIUM,BEARISH,NO_TRADE,RANGE_VERTICAL_ADX_IMMATURE,0.0,0,63.36,HIGH,3,0,0,0,0,0,,,,
10:03:02,23479.95,23536.5,23477.55,NARROW,23536.5,23468.45,0.169,RANGE,SELL_PREMIUM,BEARISH,NO_TRADE,RANGE_VERTICAL_ADX_IMMATURE,0.0,0,63.19,HIGH,3,0,0,0,0,0,,,,
10:03:17,23478.5,23536.5,23477.55,NARROW,23536.5,23468.45,0.148,RANGE,SELL_PREMIUM,BEARISH,NO_TRADE,RANGE_VERTICAL_ADX_IMMATURE,0.0,0,63.03,HIGH,3,0,0,0,0,0,,,,
10:03:32,23479.2,23536.5,23477.55,NARROW,23536.5,23468.45,0.158,RANGE,SELL_PREMIUM,BEARISH,NO_TRADE,RANGE_VERTICAL_ADX_IMMATURE,0.0,0,62.86,HIGH,3,0,0,0,0,0,,,,
10:03:47,23481.15,23536.5,23477.55,NARROW,23536.5,23468.45,0.187,RANGE,SELL_PREMIUM,BEARISH,NO_TRADE,RANGE_VERTICAL_ADX_IMMATURE,0.0,0,62.7,HIGH,3,0,0,0,0,0,,,,
10:04:02,23481.95,23536.5,23477.55,NARROW,23536.5,23468.45,0.198,CHOPPY,SELL_PREMIUM,BEARISH,NO_TRADE,NO_TRADE:CHOPPY_MARKET,0.0,0,62.54,NONE,3,1,0,0,0,0,,,,
10:04:17,23477.45,23536.5,23477.55,NARROW,23536.5,23468.45,0.132,CHOPPY,SELL_PREMIUM,BEARISH,NO_TRADE,NO_TRADE:CHOPPY_MARKET,0.0,0,62.38,NONE,3,1,0,0,0,0,,,,
10:04:32,23477.0,23536.5,23477.55,NARROW,23536.5,23468.45,0.126,CHOPPY,SELL_PREMIUM,BEARISH,NO_TRADE,NO_TRADE:CHOPPY_MARKET,0.0,0,62.23,NONE,3,1,0,0,0,0,,,,
10:04:47,23476.7,23536.5,23477.55,NARROW,23536.5,23468.45,0.121,CHOPPY,SELL_PREMIUM,BEARISH,NO_TRADE,NO_TRADE:CHOPPY_MARKET,0.0,0,62.07,NONE,3,1,0,0,0,0,,,,
10:05:02,23480.25,23536.5,23477.55,NARROW,23536.5,23468.45,0.173,CHOPPY,SELL_PREMIUM,BEARISH,NO_TRADE,NO_TRADE:CHOPPY_MARKET,0.0,0,61.91,NONE,3,1,0,0,0,0,,,,
10:05:17,23478.95,23536.5,23477.55,NARROW,23536.5,23468.45,0.154,CHOPPY,SELL_PREMIUM,BEARISH,NO_TRADE,NO_TRADE:CHOPPY_MARKET,0.0,0,61.76,NONE,3,1,0,0,0,0,,,,
10:05:32,23478.55,23536.5,23477.55,NARROW,23536.5,23468.45,0.148,CHOPPY,SELL_PREMIUM,BEARISH,NO_TRADE,NO_TRADE:CHOPPY_MARKET,0.0,0,61.61,NONE,3,1,0,0,0,0,,,,
10:05:47,23478.3,23536.5,23477.55,NARROW,23536.5,23468.45,0.145,CHOPPY,SELL_PREMIUM,BEARISH,NO_TRADE,NO_TRADE:CHOPPY_MARKET,0.0,0,61.45,NONE,3,1,0,0,0,0,,,,
10:06:02,23479.0,23536.5,23477.55,NARROW,23536.5,23468.45,0.155,CHOPPY,SELL_PREMIUM,BEARISH,NO_TRADE,NO_TRADE:CHOPPY_MARKET,0.0,0,61.3,NONE,3,1,0,0,0,0,,,,
10:06:17,23479.15,23536.5,23477.55,NARROW,23536.5,23468.45,0.157,CHOPPY,SELL_PREMIUM,BEARISH,NO_TRADE,NO_TRADE:CHOPPY_MARKET,0.0,0,61.15,NONE,3,1,0,0,0,0,,,,
10:06:32,23478.8,23536.5,23477.55,NARROW,23536.5,23468.45,0.152,CHOPPY,STRONG_SELL_PREMIUM,BEARISH,NO_TRADE,NO_TRADE:CHOPPY_MARKET,0.0,0,61.01,NONE,3,1,0,0,0,0,,,,
10:06:47,23476.3,23536.5,23477.55,NARROW,23536.5,23468.45,0.115,CHOPPY,STRONG_SELL_PREMIUM,BEARISH,NO_TRADE,NO_TRADE:CHOPPY_MARKET,0.0,0,60.86,NONE,3,1,0,0,0,0,,,,
10:07:02,23475.0,23536.5,23477.55,NARROW,23536.5,23467.85,0.104,CHOPPY,STRONG_SELL_PREMIUM,BEARISH,NO_TRADE,NO_TRADE:CHOPPY_MARKET,0.0,0,61.25,NONE,3,1,0,0,0,0,,,,
11:21:58,23521.65,23536.5,23477.55,NARROW,23549.3,23466.65,0.665,CHOPPY,STRONG_SELL_PREMIUM,BEARISH,NO_TRADE,NO_TRADE:CHOPPY_MARKET,15.21,1,47.21,NONE,3,0,0,0,0,0,,,,
11:22:07,23520.4,23536.5,23477.55,NARROW,23549.3,23466.65,0.650,CHOPPY,STRONG_SELL_PREMIUM,BEARISH,NO_TRADE,NO_TRADE:CHOPPY_MARKET,14.8,1,47.18,NONE,3,0,0,0,0,0,,,,
11:22:22,23516.75,23536.5,23477.55,NARROW,23549.3,23466.65,0.606,RANGE,SELL_PREMIUM,STRONG_RANGE,PREMIUM_SELL_RANGE,RANGE_DTE3_NEW_CYCLE_STRONG_SELL_CONTAINED_OR,14.8,1,47.14,HIGH,3,0,0,0,0,0,,,,
11:22:37,23517.9,23536.5,23477.55,NARROW,23549.3,23466.65,0.620,RANGE,SELL_PREMIUM,STRONG_RANGE,PREMIUM_SELL_RANGE,RANGE_DTE3_NEW_CYCLE_STRONG_SELL_CONTAINED_OR,14.8,1,47.09,HIGH,3,0,0,0,0,0,,,,
11:22:52,23516.05,23536.5,23477.55,NARROW,23549.3,23466.65,0.598,RANGE,SELL_PREMIUM,STRONG_RANGE,PREMIUM_SELL_RANGE,RANGE_DTE3_NEW_CYCLE_STRONG_SELL_CONTAINED_OR,14.8,1,47.04,HIGH,3,0,0,0,0,0,,,,
11:23:07,23517.75,23536.5,23477.55,NARROW,23549.3,23466.65,0.618,RANGE,SELL_PREMIUM,STRONG_RANGE,PREMIUM_SELL_RANGE,RANGE_DTE3_NEW_CYCLE_STRONG_SELL_CONTAINED_OR,14.65,1,47.0,HIGH,3,0,0,0,0,0,,,,
11:23:22,23514.8,23536.5,23477.55,NARROW,23549.3,23466.65,0.583,RANGE,SELL_PREMIUM,STRONG_RANGE,PREMIUM_SELL_RANGE,RANGE_DTE3_NEW_CYCLE_STRONG_SELL_CONTAINED_OR,14.65,1,46.95,HIGH,3,0,0,0,0,0,,,,
11:23:37,23515.75,23536.5,23477.55,NARROW,23549.3,23466.65,0.594,RANGE,SELL_PREMIUM,STRONG_RANGE,PREMIUM_SELL_RANGE,RANGE_DTE3_NEW_CYCLE_STRONG_SELL_CONTAINED_OR,14.65,1,46.91,HIGH,3,0,0,0,0,0,,,,
11:23:52,23514.15,23536.5,23477.55,NARROW,23549.3,23466.65,0.575,RANGE,SELL_PREMIUM,STRONG_RANGE,PREMIUM_SELL_RANGE,RANGE_DTE3_NEW_CYCLE_STRONG_SELL_CONTAINED_OR,14.65,1,46.86,HIGH,3,0,0,0,0,0,,,,
11:24:07,23516.7,23536.5,23477.55,NARROW,23549.3,23466.65,0.606,RANGE,SELL_PREMIUM,STRONG_RANGE,PREMIUM_SELL_RANGE,RANGE_DTE3_NEW_CYCLE_STRONG_SELL_CONTAINED_OR,14.65,1,46.81,HIGH,3,0,0,0,0,0,,,,
11:24:22,23515.45,23536.5,23477.55,NARROW,23549.3,23466.65,0.590,RANGE,SELL_PREMIUM,STRONG_RANGE,PREMIUM_SELL_RANGE,RANGE_DTE3_NEW_CYCLE_STRONG_SELL_CONTAINED_OR,14.65,1,46.77,HIGH,3,0,0,0,0,0,,,,
11:24:38,23517.2,23536.5,23477.55,NARROW,23549.3,23466.65,0.612,RANGE,SELL_PREMIUM,STRONG_RANGE,PREMIUM_SELL_RANGE,RANGE_DTE3_NEW_CYCLE_STRONG_SELL_CONTAINED_OR,14.65,1,46.72,HIGH,3,0,0,0,0,0,,,,
11:24:53,23515.4,23536.5,23477.55,NARROW,23549.3,23466.65,0.590,RANGE,SELL_PREMIUM,STRONG_RANGE,PREMIUM_SELL_RANGE,RANGE_DTE3_NEW_CYCLE_STRONG_SELL_CONTAINED_OR,14.65,1,46.68,HIGH,3,0,0,0,0,0,,,,
11:25:08,23518.4,23536.5,23477.55,NARROW,23549.3,23466.65,0.626,RANGE,SELL_PREMIUM,STRONG_RANGE,PREMIUM_SELL_RANGE,RANGE_DTE3_NEW_CYCLE_STRONG_SELL_CONTAINED_OR,13.19,1,46.63,HIGH,3,0,0,0,0,0,,,,
11:25:23,23517.0,23536.5,23477.55,NARROW,23549.3,23466.65,0.609,RANGE,SELL_PREMIUM,STRONG_RANGE,PREMIUM_SELL_RANGE,RANGE_DTE3_NEW_CYCLE_STRONG_SELL_CONTAINED_OR,13.19,1,46.59,HIGH,3,0,0,0,0,0,,,,
11:25:38,23520.5,23536.5,23477.55,NARROW,23549.3,23466.65,0.652,RANGE,SELL_PREMIUM,STRONG_RANGE,PREMIUM_SELL_RANGE,RANGE_DTE3_NEW_CYCLE_STRONG_SELL_CONTAINED_OR,13.19,1,46.54,HIGH,3,0,0,0,0,0,,,,
11:25:53,23519.8,23536.5,23477.55,NARROW,23549.3,23466.65,0.643,RANGE,SELL_PREMIUM,STRONG_RANGE,PREMIUM_SELL_RANGE,RANGE_DTE3_NEW_CYCLE_STRONG_SELL_CONTAINED_OR,13.19,1,46.5,HIGH,3,0,0,0,0,0,,,,
11:26:08,23521.2,23536.5,23477.55,NARROW,23549.3,23466.65,0.660,RANGE,SELL_PREMIUM,STRONG_RANGE,PREMIUM_SELL_RANGE,RANGE_DTE3_NEW_CYCLE_STRONG_SELL_CONTAINED_OR,13.19,1,46.46,HIGH,3,0,0,0,0,0,,,,
11:26:23,23520.4,23536.5,23477.55,NARROW,23549.3,23466.65,0.650,RANGE,SELL_PREMIUM,STRONG_RANGE,PREMIUM_SELL_RANGE,RANGE_DTE3_NEW_CYCLE_STRONG_SELL_CONTAINED_OR,13.19,1,46.41,HIGH,3,0,0,0,0,0,,,,
11:26:38,23518.9,23536.5,23477.55,NARROW,23549.3,23466.65,0.632,RANGE,SELL_PREMIUM,STRONG_RANGE,PREMIUM_SELL_RANGE,RANGE_DTE3_NEW_CYCLE_STRONG_SELL_CONTAINED_OR,13.19,1,46.37,HIGH,3,0,0,0,0,0,,,,
11:26:53,23515.95,23536.5,23477.55,NARROW,23549.3,23466.65,0.596,RANGE,SELL_PREMIUM,STRONG_RANGE,PREMIUM_SELL_RANGE,RANGE_DTE3_NEW_CYCLE_STRONG_SELL_CONTAINED_OR,13.19,1,46.32,HIGH,3,0,0,0,0,0,,,,
11:27:08,23515.45,23536.5,23477.55,NARROW,23549.3,23466.65,0.590,RANGE,SELL_PREMIUM,STRONG_RANGE,PREMIUM_SELL_RANGE,RANGE_DTE3_NEW_CYCLE_STRONG_SELL_CONTAINED_OR,13.38,1,46.28,HIGH,3,0,0,0,0,0,,,,
11:27:23,23512.95,23536.5,23477.55,NARROW,23549.3,23466.65,0.560,RANGE,SELL_PREMIUM,STRONG_RANGE,PREMIUM_SELL_RANGE,RANGE_DTE3_NEW_CYCLE_STRONG_SELL_CONTAINED_OR,13.38,1,46.24,HIGH,3,0,0,0,0,0,,,,
11:27:38,23515.3,23536.5,23477.55,NARROW,23549.3,23466.65,0.589,RANGE,SELL_PREMIUM,STRONG_RANGE,PREMIUM_SELL_RANGE,RANGE_DTE3_NEW_CYCLE_STRONG_SELL_CONTAINED_OR,13.38,1,46.19,HIGH,3,0,0,0,0,0,,,,
11:27:53,23513.85,23536.5,23477.55,NARROW,23549.3,23466.65,0.571,RANGE,SELL_PREMIUM,STRONG_RANGE,PREMIUM_SELL_RANGE,RANGE_DTE3_NEW_CYCLE_STRONG_SELL_CONTAINED_OR,13.38,1,46.15,HIGH,3,0,0,0,0,0,,,,
11:28:08,23515.3,23536.5,23477.55,NARROW,23549.3,23466.65,0.589,RANGE,SELL_PREMIUM,STRONG_RANGE,PREMIUM_SELL_RANGE,RANGE_DTE3_NEW_CYCLE_STRONG_SELL_CONTAINED_OR,13.38,1,46.1,HIGH,3,0,0,0,0,0,,,,
11:28:23,23516.15,23536.5,23477.55,NARROW,23549.3,23466.65,0.599,RANGE,SELL_PREMIUM,STRONG_RANGE,PREMIUM_SELL_RANGE,RANGE_DTE3_NEW_CYCLE_STRONG_SELL_CONTAINED_OR,13.38,1,46.06,HIGH,3,0,0,0,0,0,,,,
11:28:38,23516.3,23536.5,23477.55,NARROW,23549.3,23466.65,0.601,RANGE,SELL_PREMIUM,STRONG_RANGE,PREMIUM_SELL_RANGE,RANGE_DTE3_NEW_CYCLE_STRONG_SELL_CONTAINED_OR,13.38,1,46.02,HIGH,3,0,0,0,0,0,,,,
11:28:53,23515.3,23536.5,23477.55,NARROW,23549.3,23466.65,0.589,RANGE,SELL_PREMIUM,STRONG_RANGE,PREMIUM_SELL_RANGE,RANGE_DTE3_NEW_CYCLE_STRONG_SELL_CONTAINED_OR,13.38,1,45.97,HIGH,3,0,0,0,0,0,,,,
11:29:08,23517.55,23536.5,23477.55,NARROW,23549.3,23466.65,0.616,RANGE,SELL_PREMIUM,STRONG_RANGE,PREMIUM_SELL_RANGE,RANGE_DTE3_NEW_CYCLE_STRONG_SELL_CONTAINED_OR,13.38,1,45.93,HIGH,3,0,0,0,0,0,,,,
11:29:23,23515.1,23536.5,23477.55,NARROW,23549.3,23466.65,0.586,RANGE,SELL_PREMIUM,STRONG_RANGE,PREMIUM_SELL_RANGE,RANGE_DTE3_NEW_CYCLE_STRONG_SELL_CONTAINED_OR,13.38,1,45.89,HIGH,3,0,0,0,0,0,,,,
11:29:38,23516.55,23536.5,23477.55,NARROW,23549.3,23466.65,0.604,RANGE,SELL_PREMIUM,STRONG_RANGE,PREMIUM_SELL_RANGE,RANGE_DTE3_NEW_CYCLE_STRONG_SELL_CONTAINED_OR,13.38,1,45.85,HIGH,3,0,0,0,0,0,,,,
11:29:53,23516.6,23536.5,23477.55,NARROW,23549.3,23466.65,0.604,RANGE,SELL_PREMIUM,STRONG_RANGE,PREMIUM_SELL_RANGE,RANGE_DTE3_NEW_CYCLE_STRONG_SELL_CONTAINED_OR,13.38,1,45.8,HIGH,3,0,0,0,0,0,,,,
11:30:08,23517.9,23536.5,23477.55,NARROW,23549.3,23466.65,0.620,RANGE,SELL_PREMIUM,STRONG_RANGE,PREMIUM_SELL_RANGE,RANGE_DTE3_NEW_CYCLE_STRONG_SELL_CONTAINED_OR,12.25,1,45.76,HIGH,3,0,0,0,0,0,,,,
11:30:23,23517.0,23536.5,23477.55,NARROW,23549.3,23466.65,0.609,RANGE,SELL_PREMIUM,STRONG_RANGE,PREMIUM_SELL_RANGE,RANGE_DTE3_NEW_CYCLE_STRONG_SELL_CONTAINED_OR,12.25,1,45.72,HIGH,3,0,0,0,0,0,,,,
11:30:38,23518.9,23536.5,23477.55,NARROW,23549.3,23466.65,0.632,RANGE,SELL_PREMIUM,STRONG_RANGE,PREMIUM_SELL_RANGE,RANGE_DTE3_NEW_CYCLE_STRONG_SELL_CONTAINED_OR,12.25,1,45.68,HIGH,3,0,0,0,0,0,,,,
11:30:53,23517.05,23536.5,23477.55,NARROW,23549.3,23466.65,0.610,RANGE,SELL_PREMIUM,STRONG_RANGE,PREMIUM_SELL_RANGE,RANGE_DTE3_NEW_CYCLE_STRONG_SELL_CONTAINED_OR,12.25,1,45.64,HIGH,3,0,0,0,0,0,,,,
11:31:08,23517.9,23536.5,23477.55,NARROW,23549.3,23466.65,0.620,RANGE,SELL_PREMIUM,STRONG_RANGE,PREMIUM_SELL_RANGE,RANGE_DTE3_NEW_CYCLE_STRONG_SELL_CONTAINED_OR,12.25,1,45.59,HIGH,3,0,0,0,0,0,,,,
11:31:23,23517.8,23536.5,23477.55,NARROW,23549.3,23466.65,0.619,RANGE,SELL_PREMIUM,STRONG_RANGE,PREMIUM_SELL_RANGE,RANGE_DTE3_NEW_CYCLE_STRONG_SELL_CONTAINED_OR,12.25,1,45.55,HIGH,3,0,0,0,0,0,,,,
11:31:38,23517.55,23536.5,23477.55,NARROW,23549.3,23466.65,0.616,RANGE,SELL_PREMIUM,STRONG_RANGE,PREMIUM_SELL_RANGE,RANGE_DTE3_NEW_CYCLE_STRONG_SELL_CONTAINED_OR,12.25,1,45.51,HIGH,3,0,0,0,0,0,,,,
11:31:53,23517.4,23536.5,23477.55,NARROW,23549.3,23466.65,0.614,RANGE,SELL_PREMIUM,STRONG_RANGE,PREMIUM_SELL_RANGE,RANGE_DTE3_NEW_CYCLE_STRONG_SELL_CONTAINED_OR,12.25,1,45.47,HIGH,3,0,0,0,0,0,,,,
11:32:08,23518.7,23536.5,23477.55,NARROW,23549.3,23466.65,0.630,RANGE,SELL_PREMIUM,STRONG_RANGE,PREMIUM_SELL_RANGE,RANGE_DTE3_NEW_CYCLE_STRONG_SELL_CONTAINED_OR,12.25,1,45.43,HIGH,3,0,0,0,0,0,,,,
11:32:23,23516.05,23536.5,23477.55,NARROW,23549.3,23466.65,0.598,RANGE,SELL_PREMIUM,STRONG_RANGE,PREMIUM_SELL_RANGE,RANGE_DTE3_NEW_CYCLE_STRONG_SELL_CONTAINED_OR,12.25,1,45.38,HIGH,3,0,0,0,0,0,,,,
11:32:38,23517.1,23536.5,23477.55,NARROW,23549.3,23466.65,0.610,RANGE,SELL_PREMIUM,STRONG_RANGE,PREMIUM_SELL_RANGE,RANGE_DTE3_NEW_CYCLE_STRONG_SELL_CONTAINED_OR,12.25,1,45.34,HIGH,3,0,0,0,0,0,,,,
11:32:53,23516.85,23536.5,23477.55,NARROW,23549.3,23466.65,0.607,RANGE,SELL_PREMIUM,STRONG_RANGE,PREMIUM_SELL_RANGE,RANGE_DTE3_NEW_CYCLE_STRONG_SELL_CONTAINED_OR,12.25,1,45.3,HIGH,3,0,0,0,0,0,,,,
11:33:08,23516.6,23536.5,23477.55,NARROW,23549.3,23466.65,0.604,RANGE,SELL_PREMIUM,STRONG_RANGE,PREMIUM_SELL_RANGE,RANGE_DTE3_NEW_CYCLE_STRONG_SELL_CONTAINED_OR,12.25,1,45.26,HIGH,3,0,0,0,0,0,,,,
11:33:23,23516.95,23536.5,23477.55,NARROW,23549.3,23466.65,0.609,RANGE,SELL_PREMIUM,STRONG_RANGE,PREMIUM_SELL_RANGE,RANGE_DTE3_NEW_CYCLE_STRONG_SELL_CONTAINED_OR,12.25,1,45.22,HIGH,3,0,0,0,0,0,,,,
11:33:38,23517.85,23536.5,23477.55,NARROW,23549.3,23466.65,0.619,RANGE,SELL_PREMIUM,STRONG_RANGE,PREMIUM_SELL_RANGE,RANGE_DTE3_NEW_CYCLE_STRONG_SELL_CONTAINED_OR,12.25,1,45.18,HIGH,3,0,0,0,0,0,,,,
11:33:53,23516.9,23536.5,23477.55,NARROW,23549.3,23466.65,0.608,RANGE,SELL_PREMIUM,STRONG_RANGE,PREMIUM_SELL_RANGE,RANGE_DTE3_NEW_CYCLE_STRONG_SELL_CONTAINED_OR,12.25,1,45.14,HIGH,3,0,0,0,0,0,,,,
11:34:08,23516.25,23536.5,23477.55,NARROW,23549.3,23466.65,0.600,RANGE,SELL_PREMIUM,STRONG_RANGE,PREMIUM_SELL_RANGE,RANGE_DTE3_NEW_CYCLE_STRONG_SELL_CONTAINED_OR,12.25,1,45.1,HIGH,3,0,0,0,0,0,,,,
11:34:23,23516.7,23536.5,23477.55,NARROW,23549.3,23466.65,0.606,RANGE,SELL_PREMIUM,STRONG_RANGE,PREMIUM_SELL_RANGE,RANGE_DTE3_NEW_CYCLE_STRONG_SELL_CONTAINED_OR,12.25,1,45.06,HIGH,3,0,0,0,0,0,,,,
11:34:38,23516.55,23536.5,23477.55,NARROW,23549.3,23466.65,0.604,RANGE,SELL_PREMIUM,STRONG_RANGE,PREMIUM_SELL_RANGE,RANGE_DTE3_NEW_CYCLE_STRONG_SELL_CONTAINED_OR,12.25,1,45.02,HIGH,3,0,0,0,0,0,,,,
11:34:53,23515.25,23536.5,23477.55,NARROW,23549.3,23466.65,0.588,RANGE,SELL_PREMIUM,STRONG_RANGE,PREMIUM_SELL_RANGE,RANGE_DTE3_NEW_CYCLE_STRONG_SELL_CONTAINED_OR,12.25,1,44.98,HIGH,3,0,0,0,0,0,,,,
11:35:09,23515.85,23536.5,23477.55,NARROW,23549.3,23466.65,0.595,RANGE,SELL_PREMIUM,STRONG_RANGE,PREMIUM_SELL_RANGE,RANGE_DTE3_NEW_CYCLE_STRONG_SELL_CONTAINED_OR,11.46,1,44.94,HIGH,3,0,0,0,0,0,,,,
11:35:24,23513.5,23536.5,23477.55,NARROW,23549.3,23466.65,0.567,RANGE,SELL_PREMIUM,STRONG_RANGE,PREMIUM_SELL_RANGE,RANGE_DTE3_NEW_CYCLE_STRONG_SELL_CONTAINED_OR,11.46,1,44.9,HIGH,3,0,0,0,0,0,,,,
11:35:39,23517.95,23536.5,23477.55,NARROW,23549.3,23466.65,0.621,RANGE,SELL_PREMIUM,STRONG_RANGE,PREMIUM_SELL_RANGE,RANGE_DTE3_NEW_CYCLE_STRONG_SELL_CONTAINED_OR,11.46,1,44.86,HIGH,3,0,0,0,0,0,,,,
11:35:54,23517.2,23536.5,23477.55,NARROW,23549.3,23466.65,0.612,RANGE,SELL_PREMIUM,STRONG_RANGE,PREMIUM_SELL_RANGE,RANGE_DTE3_NEW_CYCLE_STRONG_SELL_CONTAINED_OR,11.46,1,44.82,HIGH,3,0,0,0,0,0,,,,
11:36:09,23517.35,23536.5,23477.55,NARROW,23549.3,23466.65,0.613,RANGE,SELL_PREMIUM,STRONG_RANGE,PREMIUM_SELL_RANGE,RANGE_DTE3_NEW_CYCLE_STRONG_SELL_CONTAINED_OR,11.46,1,44.78,HIGH,3,0,0,0,0,0,,,,
11:36:24,23518.8,23536.5,23477.55,NARROW,23549.3,23466.65,0.631,RANGE,SELL_PREMIUM,STRONG_RANGE,PREMIUM_SELL_RANGE,RANGE_DTE3_NEW_CYCLE_STRONG_SELL_CONTAINED_OR,11.46,1,44.74,HIGH,3,0,0,0,0,0,,,,
11:36:39,23517.6,23536.5,23477.55,NARROW,23549.3,23466.65,0.616,RANGE,SELL_PREMIUM,STRONG_RANGE,PREMIUM_SELL_RANGE,RANGE_DTE3_NEW_CYCLE_STRONG_SELL_CONTAINED_OR,11.46,1,44.7,HIGH,3,0,0,0,0,0,,,,
11:36:54,23516.3,23536.5,23477.55,NARROW,23549.3,23466.65,0.601,RANGE,SELL_PREMIUM,STRONG_RANGE,PREMIUM_SELL_RANGE,RANGE_DTE3_NEW_CYCLE_STRONG_SELL_CONTAINED_OR,11.46,1,44.66,HIGH,3,0,0,0,0,0,,,,
11:37:09,23516.6,23536.5,23477.55,NARROW,23549.3,23466.65,0.604,RANGE,SELL_PREMIUM,STRONG_RANGE,PREMIUM_SELL_RANGE,RANGE_DTE3_NEW_CYCLE_STRONG_SELL_CONTAINED_OR,11.47,1,44.62,HIGH,3,0,0,0,0,0,,,,
11:37:24,23517.05,23536.5,23477.55,NARROW,23549.3,23466.65,0.610,RANGE,SELL_PREMIUM,STRONG_RANGE,PREMIUM_SELL_RANGE,RANGE_DTE3_NEW_CYCLE_STRONG_SELL_CONTAINED_OR,11.47,1,44.58,HIGH,3,0,0,0,0,0,,,,
11:37:39,23514.0,23536.5,23477.55,NARROW,23549.3,23466.65,0.573,RANGE,SELL_PREMIUM,STRONG_RANGE,PREMIUM_SELL_RANGE,RANGE_DTE3_NEW_CYCLE_STRONG_SELL_CONTAINED_OR,11.47,1,44.54,HIGH,3,0,0,0,0,0,,,,
11:37:54,23514.8,23536.5,23477.55,NARROW,23549.3,23466.65,0.583,RANGE,SELL_PREMIUM,STRONG_RANGE,PREMIUM_SELL_RANGE,RANGE_DTE3_NEW_CYCLE_STRONG_SELL_CONTAINED_OR,11.47,1,44.5,HIGH,3,0,0,0,0,0,,,,
11:38:09,23515.35,23536.5,23477.55,NARROW,23549.3,23466.65,0.589,RANGE,SELL_PREMIUM,STRONG_RANGE,PREMIUM_SELL_RANGE,RANGE_DTE3_NEW_CYCLE_STRONG_SELL_CONTAINED_OR,11.47,1,44.46,HIGH,3,0,0,0,0,0,,,,
11:38:24,23516.15,23536.5,23477.55,NARROW,23549.3,23466.65,0.599,RANGE,SELL_PREMIUM,STRONG_RANGE,PREMIUM_SELL_RANGE,RANGE_DTE3_NEW_CYCLE_STRONG_SELL_CONTAINED_OR,11.47,1,44.42,HIGH,3,0,0,0,0,0,,,,
11:38:39,23515.45,23536.5,23477.55,NARROW,23549.3,23466.65,0.590,RANGE,SELL_PREMIUM,STRONG_RANGE,PREMIUM_SELL_RANGE,RANGE_DTE3_NEW_CYCLE_STRONG_SELL_CONTAINED_OR,11.47,1,44.38,HIGH,3,0,0,0,0,0,,,,
11:38:54,23517.95,23536.5,23477.55,NARROW,23549.3,23466.65,0.621,RANGE,SELL_PREMIUM,STRONG_RANGE,PREMIUM_SELL_RANGE,RANGE_DTE3_NEW_CYCLE_STRONG_SELL_CONTAINED_OR,11.47,1,44.35,HIGH,3,0,0,0,0,0,,,,
11:39:09,23517.4,23536.5,23477.55,NARROW,23549.3,23466.65,0.614,RANGE,SELL_PREMIUM,STRONG_RANGE,PREMIUM_SELL_RANGE,RANGE_DTE3_NEW_CYCLE_STRONG_SELL_CONTAINED_OR,11.47,1,44.31,HIGH,3,0,0,0,0,0,,,,
11:39:24,23519.0,23536.5,23477.55,NARROW,23549.3,23466.65,0.633,RANGE,SELL_PREMIUM,STRONG_RANGE,PREMIUM_SELL_RANGE,RANGE_DTE3_NEW_CYCLE_STRONG_SELL_CONTAINED_OR,11.47,1,44.27,HIGH,3,0,0,0,0,0,,,,
11:39:39,23519.5,23536.5,23477.55,NARROW,23549.3,23466.65,0.639,RANGE,SELL_PREMIUM,STRONG_RANGE,PREMIUM_SELL_RANGE,RANGE_DTE3_NEW_CYCLE_STRONG_SELL_CONTAINED_OR,11.47,1,44.23,HIGH,3,0,0,0,0,0,,,,
11:39:54,23516.85,23536.5,23477.55,NARROW,23549.3,23466.65,0.607,RANGE,SELL_PREMIUM,STRONG_RANGE,PREMIUM_SELL_RANGE,RANGE_DTE3_NEW_CYCLE_STRONG_SELL_CONTAINED_OR,11.47,1,44.19,HIGH,3,0,0,0,0,0,,,,
11:40:09,23518.45,23536.5,23477.55,NARROW,23549.3,23466.65,0.627,RANGE,SELL_PREMIUM,STRONG_RANGE,PREMIUM_SELL_RANGE,RANGE_DTE3_NEW_CYCLE_STRONG_SELL_CONTAINED_OR,10.57,1,44.15,HIGH,3,0,0,0,0,0,,,,
11:40:24,23518.75,23536.5,23477.55,NARROW,23549.3,23466.65,0.630,RANGE,SELL_PREMIUM,STRONG_RANGE,PREMIUM_SELL_RANGE,RANGE_DTE3_NEW_CYCLE_STRONG_SELL_CONTAINED_OR,10.57,1,44.12,HIGH,3,0,0,0,0,0,,,,
11:40:39,23520.5,23536.5,23477.55,NARROW,23549.3,23466.65,0.652,RANGE,SELL_PREMIUM,STRONG_RANGE,PREMIUM_SELL_RANGE,RANGE_DTE3_NEW_CYCLE_STRONG_SELL_CONTAINED_OR,10.57,1,44.08,HIGH,3,0,0,0,0,0,,,,
11:40:54,23519.5,23536.5,23477.55,NARROW,23549.3,23466.65,0.639,RANGE,SELL_PREMIUM,STRONG_RANGE,PREMIUM_SELL_RANGE,RANGE_DTE3_NEW_CYCLE_STRONG_SELL_CONTAINED_OR,10.57,1,44.04,HIGH,3,0,0,0,0,0,,,,
11:41:09,23520.0,23536.5,23477.55,NARROW,23549.3,23466.65,0.645,RANGE,SELL_PREMIUM,STRONG_RANGE,PREMIUM_SELL_RANGE,RANGE_DTE3_NEW_CYCLE_STRONG_SELL_CONTAINED_OR,10.54,1,44.0,HIGH,3,0,0,0,0,0,,,,
11:41:24,23520.4,23536.5,23477.55,NARROW,23549.3,23466.65,0.650,RANGE,SELL_PREMIUM,STRONG_RANGE,PREMIUM_SELL_RANGE,RANGE_DTE3_NEW_CYCLE_STRONG_SELL_CONTAINED_OR,10.54,1,43.97,HIGH,3,0,0,0,0,0,,,,
11:41:39,23521.25,23536.5,23477.55,NARROW,23549.3,23466.65,0.661,RANGE,SELL_PREMIUM,STRONG_RANGE,PREMIUM_SELL_RANGE,RANGE_DTE3_NEW_CYCLE_STRONG_SELL_CONTAINED_OR,10.54,1,43.93,HIGH,3,0,0,0,0,0,,,,
11:41:54,23522.25,23536.5,23477.55,NARROW,23549.3,23466.65,0.673,RANGE,SELL_PREMIUM,STRONG_RANGE,PREMIUM_SELL_RANGE,RANGE_DTE3_NEW_CYCLE_STRONG_SELL_CONTAINED_OR,10.54,1,43.89,HIGH,3,0,0,0,0,0,,,,
11:42:09,23522.3,23536.5,23477.55,NARROW,23549.3,23466.65,0.673,RANGE,SELL_PREMIUM,STRONG_RANGE,PREMIUM_SELL_RANGE,RANGE_DTE3_NEW_CYCLE_STRONG_SELL_CONTAINED_OR,10.86,1,43.85,HIGH,3,0,0,0,0,0,,,,
11:42:24,23523.2,23536.5,23477.55,NARROW,23549.3,23466.65,0.684,RANGE,SELL_PREMIUM,STRONG_RANGE,PREMIUM_SELL_RANGE,RANGE_DTE3_NEW_CYCLE_STRONG_SELL_CONTAINED_OR,10.86,1,43.82,HIGH,3,0,0,0,0,0,,,,
11:42:39,23524.3,23536.5,23477.55,NARROW,23549.3,23466.65,0.698,RANGE,SELL_PREMIUM,RANGE,PREMIUM_SELL_RANGE,RANGE_DTE3_NEW_CYCLE_STRONG_SELL_CONTAINED_OR,10.86,1,43.78,HIGH,3,0,0,0,0,0,,,,
11:42:54,23525.65,23536.5,23477.55,NARROW,23549.3,23466.65,0.714,RANGE,SELL_PREMIUM,RANGE,PREMIUM_SELL_RANGE,RANGE_DTE3_NEW_CYCLE_STRONG_SELL_CONTAINED_OR,10.86,1,43.74,HIGH,3,0,0,0,0,0,,,,
11:43:10,23525.5,23536.5,23477.55,NARROW,23549.3,23466.65,0.712,RANGE,SELL_PREMIUM,RANGE,PREMIUM_SELL_RANGE,RANGE_DTE3_NEW_CYCLE_STRONG_SELL_CONTAINED_OR,11.33,1,43.7,HIGH,3,0,0,0,0,0,,,,
11:43:24,23527.45,23536.5,23477.55,NARROW,23549.3,23466.65,0.736,RANGE,SELL_PREMIUM,RANGE,PREMIUM_SELL_RANGE,RANGE_DTE3_NEW_CYCLE_STRONG_SELL_CONTAINED_OR,11.33,1,43.67,HIGH,3,0,0,0,0,0,,,,
11:43:40,23529.0,23536.5,23477.55,NARROW,23549.3,23466.65,0.754,RANGE,SELL_PREMIUM,RANGE,PREMIUM_SELL_RANGE,RANGE_DTE3_NEW_CYCLE_STRONG_SELL_CONTAINED_OR,11.33,1,43.63,HIGH,3,0,0,0,0,0,,,,
11:43:54,23526.0,23536.5,23477.55,NARROW,23549.3,23466.65,0.718,RANGE,SELL_PREMIUM,RANGE,PREMIUM_SELL_RANGE,RANGE_DTE3_NEW_CYCLE_STRONG_SELL_CONTAINED_OR,11.33,1,43.59,HIGH,3,0,0,0,0,0,,,,
11:44:10,23528.75,23536.5,23477.55,NARROW,23549.3,23466.65,0.751,RANGE,SELL_PREMIUM,RANGE,PREMIUM_SELL_RANGE,RANGE_DTE3_NEW_CYCLE_STRONG_SELL_CONTAINED_OR,11.67,1,43.56,HIGH,3,0,0,0,0,0,,,,
11:44:24,23527.8,23536.5,23477.55,NARROW,23549.3,23466.65,0.740,RANGE,SELL_PREMIUM,RANGE,PREMIUM_SELL_RANGE,RANGE_DTE3_NEW_CYCLE_STRONG_SELL_CONTAINED_OR,11.67,1,43.52,HIGH,3,0,0,0,0,0,,,,
11:44:40,23529.85,23536.5,23477.55,NARROW,23549.3,23466.65,0.765,RANGE,SELL_PREMIUM,RANGE,PREMIUM_SELL_RANGE,RANGE_DTE3_NEW_CYCLE_STRONG_SELL_CONTAINED_OR,11.67,1,43.48,HIGH,3,0,0,0,0,0,,,,
11:44:55,23529.05,23536.5,23477.55,NARROW,23549.3,23466.65,0.755,RANGE,SELL_PREMIUM,RANGE,PREMIUM_SELL_RANGE,RANGE_DTE3_NEW_CYCLE_STRONG_SELL_CONTAINED_OR,11.67,1,43.45,HIGH,3,0,0,0,0,0,,,,
11:45:10,23531.7,23536.5,23477.55,NARROW,23549.3,23466.65,0.787,RANGE,SELL_PREMIUM,RANGE,PREMIUM_SELL_RANGE,RANGE_DTE3_NEW_CYCLE_STRONG_SELL_CONTAINED_OR,11.97,1,43.41,HIGH,3,0,0,0,0,0,,,,
11:45:25,23528.7,23536.5,23477.55,NARROW,23549.3,23466.65,0.751,RANGE,SELL_PREMIUM,RANGE,PREMIUM_SELL_RANGE,RANGE_DTE3_NEW_CYCLE_STRONG_SELL_CONTAINED_OR,11.97,1,43.38,HIGH,3,0,0,0,0,0,,,,
11:45:40,23529.0,23536.5,23477.55,NARROW,23549.3,23466.65,0.754,RANGE,SELL_PREMIUM,RANGE,PREMIUM_SELL_RANGE,RANGE_DTE3_NEW_CYCLE_STRONG_SELL_CONTAINED_OR,11.97,1,43.34,HIGH,3,0,0,0,0,0,,,,
11:45:55,23529.3,23536.5,23477.55,NARROW,23549.3,23466.65,0.758,RANGE,SELL_PREMIUM,RANGE,PREMIUM_SELL_RANGE,RANGE_DTE3_NEW_CYCLE_STRONG_SELL_CONTAINED_OR,11.97,1,43.3,HIGH,3,0,0,0,0,0,,,,
11:46:10,23526.85,23536.5,23477.55,NARROW,23549.3,23466.65,0.728,RANGE,SELL_PREMIUM,RANGE,PREMIUM_SELL_RANGE,RANGE_DTE3_NEW_CYCLE_STRONG_SELL_CONTAINED_OR,11.97,1,43.27,HIGH,3,0,0,0,0,0,,,,
11:46:25,23526.45,23536.5,23477.55,NARROW,23549.3,23466.65,0.724,RANGE,SELL_PREMIUM,RANGE,PREMIUM_SELL_RANGE,RANGE_DTE3_NEW_CYCLE_STRONG_SELL_CONTAINED_OR,11.97,1,43.23,HIGH,3,0,0,0,0,0,,,,
11:46:40,23525.25,23536.5,23477.55,NARROW,23549.3,23466.65,0.709,RANGE,SELL_PREMIUM,RANGE,PREMIUM_SELL_RANGE,RANGE_DTE3_NEW_CYCLE_STRONG_SELL_CONTAINED_OR,11.97,1,43.2,HIGH,3,0,0,0,0,0,,,,
11:46:55,23523.8,23536.5,23477.55,NARROW,23549.3,23466.65,0.691,RANGE,SELL_PREMIUM,STRONG_RANGE,PREMIUM_SELL_RANGE,RANGE_DTE3_NEW_CYCLE_STRONG_SELL_CONTAINED_OR,11.97,1,43.16,HIGH,3,0,0,0,0,0,,,,
11:47:10,23525.75,23536.5,23477.55,NARROW,23549.3,23466.65,0.715,RANGE,SELL_PREMIUM,STRONG_RANGE,PREMIUM_SELL_RANGE,RANGE_DTE3_NEW_CYCLE_STRONG_SELL_CONTAINED_OR,11.97,1,43.12,HIGH,3,0,0,0,0,0,,,,
11:47:25,23524.8,23536.5,23477.55,NARROW,23549.3,23466.65,0.704,RANGE,SELL_PREMIUM,STRONG_RANGE,PREMIUM_SELL_RANGE,RANGE_DTE3_NEW_CYCLE_STRONG_SELL_CONTAINED_OR,11.97,1,43.09,HIGH,3,0,0,0,0,0,,,,
11:47:40,23525.15,23536.5,23477.55,NARROW,23549.3,23466.65,0.708,RANGE,SELL_PREMIUM,STRONG_RANGE,PREMIUM_SELL_RANGE,RANGE_DTE3_NEW_CYCLE_STRONG_SELL_CONTAINED_OR,11.97,1,43.05,HIGH,3,0,0,0,0,0,,,,
11:47:55,23525.15,23536.5,23477.55,NARROW,23549.3,23466.65,0.708,RANGE,SELL_PREMIUM,STRONG_RANGE,PREMIUM_SELL_RANGE,RANGE_DTE3_NEW_CYCLE_STRONG_SELL_CONTAINED_OR,11.97,1,43.02,HIGH,3,0,0,0,0,0,,,,
11:48:10,23523.65,23536.5,23477.55,NARROW,23549.3,23466.65,0.690,RANGE,SELL_PREMIUM,STRONG_RANGE,PREMIUM_SELL_RANGE,RANGE_DTE3_NEW_CYCLE_STRONG_SELL_CONTAINED_OR,11.97,1,42.98,HIGH,3,0,0,0,0,0,,,,
11:48:25,23521.25,23536.5,23477.55,NARROW,23549.3,23466.65,0.661,RANGE,SELL_PREMIUM,STRONG_RANGE,PREMIUM_SELL_RANGE,RANGE_DTE3_NEW_CYCLE_STRONG_SELL_CONTAINED_OR,11.97,1,42.95,HIGH,3,0,0,0,0,0,,,,
11:48:40,23521.3,23536.5,23477.55,NARROW,23549.3,23466.65,0.661,RANGE,SELL_PREMIUM,STRONG_RANGE,PREMIUM_SELL_RANGE,RANGE_DTE3_NEW_CYCLE_STRONG_SELL_CONTAINED_OR,11.97,1,42.91,HIGH,3,0,0,0,0,0,,,,
11:48:55,23522.45,23536.5,23477.55,NARROW,23549.3,23466.65,0.675,RANGE,SELL_PREMIUM,STRONG_RANGE,PREMIUM_SELL_RANGE,RANGE_DTE3_NEW_CYCLE_STRONG_SELL_CONTAINED_OR,11.97,1,42.88,HIGH,3,0,0,0,0,0,,,,
11:49:10,23521.1,23536.5,23477.55,NARROW,23549.3,23466.65,0.659,RANGE,SELL_PREMIUM,STRONG_RANGE,PREMIUM_SELL_RANGE,RANGE_DTE3_NEW_CYCLE_STRONG_SELL_CONTAINED_OR,11.63,1,42.84,HIGH,3,0,0,0,0,0,,,,
11:49:25,23520.25,23536.5,23477.55,NARROW,23549.3,23466.65,0.649,RANGE,SELL_PREMIUM,STRONG_RANGE,PREMIUM_SELL_RANGE,RANGE_DTE3_NEW_CYCLE_STRONG_SELL_CONTAINED_OR,11.63,1,42.81,HIGH,3,0,0,0,0,0,,,,
11:49:40,23517.85,23536.5,23477.55,NARROW,23549.3,23466.65,0.619,RANGE,SELL_PREMIUM,STRONG_RANGE,PREMIUM_SELL_RANGE,RANGE_DTE3_NEW_CYCLE_STRONG_SELL_CONTAINED_OR,11.63,1,42.77,HIGH,3,0,0,0,0,0,,,,
11:49:55,23516.85,23536.5,23477.55,NARROW,23549.3,23466.65,0.607,RANGE,SELL_PREMIUM,STRONG_RANGE,PREMIUM_SELL_RANGE,RANGE_DTE3_NEW_CYCLE_STRONG_SELL_CONTAINED_OR,11.63,1,42.74,HIGH,3,0,0,0,0,0,,,,
11:50:10,23514.75,23536.5,23477.55,NARROW,23549.3,23466.65,0.582,RANGE,SELL_PREMIUM,STRONG_RANGE,PREMIUM_SELL_RANGE,RANGE_DTE3_NEW_CYCLE_STRONG_SELL_CONTAINED_OR,11.09,1,42.7,HIGH,3,0,0,0,0,0,,,,
11:50:25,23513.1,23536.5,23477.55,NARROW,23549.3,23466.65,0.562,RANGE,SELL_PREMIUM,STRONG_RANGE,PREMIUM_SELL_RANGE,RANGE_DTE3_NEW_CYCLE_STRONG_SELL_CONTAINED_OR,11.09,1,42.67,HIGH,3,0,0,0,0,0,,,,
11:50:40,23514.45,23536.5,23477.55,NARROW,23549.3,23466.65,0.578,RANGE,SELL_PREMIUM,STRONG_RANGE,PREMIUM_SELL_RANGE,RANGE_DTE3_NEW_CYCLE_STRONG_SELL_CONTAINED_OR,11.09,1,42.64,HIGH,3,0,0,0,0,0,,,,
11:50:55,23513.6,23536.5,23477.55,NARROW,23549.3,23466.65,0.568,RANGE,SELL_PREMIUM,STRONG_RANGE,PREMIUM_SELL_RANGE,RANGE_DTE3_NEW_CYCLE_STRONG_SELL_CONTAINED_OR,11.09,1,42.6,HIGH,3,0,0,0,0,0,,,,
11:51:11,23514.15,23536.5,23477.55,NARROW,23549.3,23466.65,0.575,RANGE,SELL_PREMIUM,STRONG_RANGE,PREMIUM_SELL_RANGE,RANGE_DTE3_NEW_CYCLE_STRONG_SELL_CONTAINED_OR,10.55,1,42.57,HIGH,3,0,0,0,0,0,,,,
11:51:26,23511.3,23536.5,23477.55,NARROW,23549.3,23466.65,0.540,RANGE,SELL_PREMIUM,STRONG_RANGE,PREMIUM_SELL_RANGE,RANGE_DTE3_NEW_CYCLE_STRONG_SELL_CONTAINED_OR,10.55,1,42.53,HIGH,3,0,0,0,0,0,,,,
11:51:41,23509.85,23536.5,23477.55,NARROW,23549.3,23466.65,0.523,RANGE,SELL_PREMIUM,STRONG_RANGE,PREMIUM_SELL_RANGE,RANGE_DTE3_NEW_CYCLE_STRONG_SELL_CONTAINED_OR,10.55,1,42.5,HIGH,3,0,0,0,0,0,,,,
11:51:56,23509.0,23536.5,23477.55,NARROW,23549.3,23466.65,0.512,RANGE,SELL_PREMIUM,STRONG_RANGE,PREMIUM_SELL_RANGE,RANGE_DTE3_NEW_CYCLE_STRONG_SELL_CONTAINED_OR,10.55,1,42.47,HIGH,3,0,0,0,0,0,,,,
11:52:11,23509.75,23536.5,23477.55,NARROW,23549.3,23466.65,0.521,RANGE,SELL_PREMIUM,RANGE,PREMIUM_SELL_RANGE,RANGE_DTE3_NEW_CYCLE_STRONG_SELL_CONTAINED_OR,11.13,1,42.43,HIGH,3,0,0,0,0,0,,,,
11:52:26,23507.9,23536.5,23477.55,NARROW,23549.3,23466.65,0.499,RANGE,SELL_PREMIUM,RANGE,PREMIUM_SELL_RANGE,RANGE_DTE3_NEW_CYCLE_STRONG_SELL_CONTAINED_OR,11.13,1,42.4,HIGH,3,0,0,0,0,0,,,,
11:52:41,23506.95,23536.5,23477.55,NARROW,23549.3,23466.65,0.488,RANGE,SELL_PREMIUM,RANGE,PREMIUM_SELL_RANGE,RANGE_DTE3_NEW_CYCLE_STRONG_SELL_CONTAINED_OR,11.13,1,42.36,HIGH,3,0,0,0,0,0,,,,
11:52:56,23505.55,23536.5,23477.55,NARROW,23549.3,23466.65,0.471,RANGE,SELL_PREMIUM,RANGE,PREMIUM_SELL_RANGE,RANGE_DTE3_NEW_CYCLE_STRONG_SELL_CONTAINED_OR,11.13,1,42.33,HIGH,3,0,0,0,0,0,,,,
11:53:11,23506.9,23536.5,23477.55,NARROW,23549.3,23466.65,0.487,RANGE,SELL_PREMIUM,RANGE,PREMIUM_SELL_RANGE,RANGE_DTE3_NEW_CYCLE_STRONG_SELL_CONTAINED_OR,11.37,1,42.3,HIGH,3,0,0,0,0,0,,,,
11:53:26,23505.1,23536.5,23477.55,NARROW,23549.3,23466.65,0.465,RANGE,SELL_PREMIUM,RANGE,PREMIUM_SELL_RANGE,RANGE_DTE3_NEW_CYCLE_STRONG_SELL_CONTAINED_OR,11.37,1,42.26,HIGH,3,0,0,0,0,0,,,,
11:53:41,23504.5,23536.5,23477.55,NARROW,23549.3,23466.65,0.458,RANGE,SELL_PREMIUM,RANGE,PREMIUM_SELL_RANGE,RANGE_DTE3_NEW_CYCLE_STRONG_SELL_CONTAINED_OR,11.37,1,42.23,HIGH,3,0,0,0,0,0,,,,
11:53:56,23506.9,23536.5,23477.55,NARROW,23549.3,23466.65,0.487,RANGE,SELL_PREMIUM,RANGE,PREMIUM_SELL_RANGE,RANGE_DTE3_NEW_CYCLE_STRONG_SELL_CONTAINED_OR,11.37,1,42.2,HIGH,3,0,0,0,0,0,,,,
11:54:11,23505.9,23536.5,23477.55,NARROW,23549.3,23466.65,0.475,RANGE,SELL_PREMIUM,RANGE,PREMIUM_SELL_RANGE,RANGE_DTE3_NEW_CYCLE_STRONG_SELL_CONTAINED_OR,11.51,1,42.16,HIGH,3,0,0,0,0,0,,,,
11:54:26,23504.75,23536.5,23477.55,NARROW,23549.3,23466.65,0.461,RANGE,SELL_PREMIUM,RANGE,PREMIUM_SELL_RANGE,RANGE_DTE3_NEW_CYCLE_STRONG_SELL_CONTAINED_OR,11.51,1,42.13,HIGH,3,0,0,0,0,0,,,,
11:54:41,23504.25,23536.5,23477.55,NARROW,23549.3,23466.65,0.455,RANGE,SELL_PREMIUM,RANGE,PREMIUM_SELL_RANGE,RANGE_DTE3_NEW_CYCLE_STRONG_SELL_CONTAINED_OR,11.51,1,42.1,HIGH,3,0,0,0,0,0,,,,
11:54:56,23502.35,23536.5,23477.55,NARROW,23549.3,23466.65,0.432,RANGE,SELL_PREMIUM,RANGE,PREMIUM_SELL_RANGE,RANGE_DTE3_NEW_CYCLE_STRONG_SELL_CONTAINED_OR,11.51,1,42.06,HIGH,3,0,0,0,0,0,,,,
11:55:11,23502.8,23536.5,23477.55,NARROW,23549.3,23466.65,0.437,RANGE,SELL_PREMIUM,RANGE,PREMIUM_SELL_RANGE,RANGE_DTE3_NEW_CYCLE_STRONG_SELL_CONTAINED_OR,12.13,1,42.03,HIGH,3,0,0,0,0,0,,,,
11:55:26,23501.2,23536.5,23477.55,NARROW,23549.3,23466.65,0.418,RANGE,SELL_PREMIUM,RANGE,PREMIUM_SELL_RANGE,RANGE_DTE3_NEW_CYCLE_STRONG_SELL_CONTAINED_OR,12.13,1,42.0,HIGH,3,0,0,0,0,0,,,,
11:55:41,23500.9,23536.5,23477.55,NARROW,23549.3,23466.65,0.414,RANGE,SELL_PREMIUM,RANGE,PREMIUM_SELL_RANGE,RANGE_DTE3_NEW_CYCLE_STRONG_SELL_CONTAINED_OR,12.13,1,41.97,HIGH,3,0,0,0,0,0,,,,
11:55:56,23500.9,23536.5,23477.55,NARROW,23549.3,23466.65,0.414,RANGE,SELL_PREMIUM,RANGE,PREMIUM_SELL_RANGE,RANGE_DTE3_NEW_CYCLE_STRONG_SELL_CONTAINED_OR,12.13,1,41.93,HIGH,3,0,0,0,0,0,,,,
11:56:11,23501.85,23536.5,23477.55,NARROW,23549.3,23466.65,0.426,RANGE,SELL_PREMIUM,RANGE,PREMIUM_SELL_RANGE,RANGE_DTE3_NEW_CYCLE_STRONG_SELL_CONTAINED_OR,12.13,1,41.9,HIGH,3,0,0,0,0,0,,,,
11:56:26,23502.1,23536.5,23477.55,NARROW,23549.3,23466.65,0.429,RANGE,SELL_PREMIUM,RANGE,PREMIUM_SELL_RANGE,RANGE_DTE3_NEW_CYCLE_STRONG_SELL_CONTAINED_OR,12.13,1,41.87,HIGH,3,0,0,0,0,0,,,,
11:56:41,23501.65,23536.5,23477.55,NARROW,23549.3,23466.65,0.423,RANGE,SELL_PREMIUM,RANGE,PREMIUM_SELL_RANGE,RANGE_DTE3_NEW_CYCLE_STRONG_SELL_CONTAINED_OR,12.13,1,41.84,HIGH,3,0,0,0,0,0,,,,
11:56:56,23500.8,23536.5,23477.55,NARROW,23549.3,23466.65,0.413,RANGE,SELL_PREMIUM,RANGE,PREMIUM_SELL_RANGE,RANGE_DTE3_NEW_CYCLE_STRONG_SELL_CONTAINED_OR,12.13,1,41.8,HIGH,3,0,0,0,0,0,,,,
11:57:11,23499.65,23536.5,23477.55,NARROW,23549.3,23466.65,0.399,RANGE,SELL_PREMIUM,UNCLEAR,PREMIUM_SELL_RANGE,RANGE_DTE3_UNCLEAR_RICH_VRP_CONDOR,12.18,1,41.77,HIGH,3,0,0,0,0,0,,,,
11:57:26,23501.6,23536.5,23477.55,NARROW,23549.3,23466.65,0.423,RANGE,SELL_PREMIUM,RANGE,PREMIUM_SELL_RANGE,RANGE_DTE3_NEW_CYCLE_STRONG_SELL_CONTAINED_OR,12.18,1,41.74,HIGH,3,0,0,0,0,0,,,,
11:57:42,23499.2,23536.5,23477.55,NARROW,23549.3,23466.65,0.394,RANGE,SELL_PREMIUM,UNCLEAR,PREMIUM_SELL_RANGE,RANGE_DTE3_UNCLEAR_RICH_VRP_CONDOR,12.18,1,41.71,HIGH,3,0,0,0,0,0,,,,
11:57:56,23498.45,23536.5,23477.55,NARROW,23549.3,23466.65,0.385,RANGE,SELL_PREMIUM,UNCLEAR,PREMIUM_SELL_RANGE,RANGE_DTE3_UNCLEAR_RICH_VRP_CONDOR,12.18,1,41.67,HIGH,3,0,0,0,0,0,,,,
11:58:12,23498.85,23536.5,23477.55,NARROW,23549.3,23466.65,0.390,RANGE,SELL_PREMIUM,UNCLEAR,PREMIUM_SELL_RANGE,RANGE_DTE3_UNCLEAR_RICH_VRP_CONDOR,12.31,1,41.64,HIGH,3,0,0,0,0,0,,,,
11:58:27,23497.4,23536.5,23477.55,NARROW,23549.3,23466.65,0.372,RANGE,SELL_PREMIUM,UNCLEAR,PREMIUM_SELL_RANGE,RANGE_DTE3_UNCLEAR_RICH_VRP_CONDOR,12.31,1,41.61,HIGH,3,0,0,0,0,0,,,,
11:58:42,23497.15,23536.5,23477.55,NARROW,23549.3,23466.65,0.369,RANGE,SELL_PREMIUM,UNCLEAR,PREMIUM_SELL_RANGE,RANGE_DTE3_UNCLEAR_RICH_VRP_CONDOR,12.31,1,41.58,HIGH,3,0,0,0,0,0,,,,
11:58:57,23495.75,23536.5,23477.55,NARROW,23549.3,23466.65,0.352,RANGE,SELL_PREMIUM,UNCLEAR,PREMIUM_SELL_RANGE,RANGE_DTE3_UNCLEAR_RICH_VRP_CONDOR,12.31,1,41.55,HIGH,3,0,0,0,0,0,,,,
11:59:12,23492.6,23536.5,23477.55,NARROW,23549.3,23466.65,0.314,RANGE,SELL_PREMIUM,UNCLEAR,PREMIUM_SELL_RANGE,RANGE_DTE3_UNCLEAR_RICH_VRP_CONDOR,13.19,1,41.52,HIGH,3,0,0,0,0,0,,,,
11:59:27,23491.65,23536.5,23477.55,NARROW,23549.3,23466.65,0.302,RANGE,SELL_PREMIUM,UNCLEAR,PREMIUM_SELL_RANGE,RANGE_DTE3_UNCLEAR_RICH_VRP_CONDOR,13.19,1,41.48,HIGH,3,0,0,0,0,0,,,,
11:59:42,23490.65,23536.5,23477.55,NARROW,23549.3,23466.65,0.290,RANGE,SELL_PREMIUM,UNCLEAR,PREMIUM_SELL_RANGE,RANGE_DTE3_UNCLEAR_RICH_VRP_CONDOR,13.19,1,41.45,HIGH,3,0,0,0,0,0,,,,
11:59:57,23487.55,23536.5,23477.55,NARROW,23549.3,23466.65,0.253,RANGE,SELL_PREMIUM,UNCLEAR,PREMIUM_SELL_RANGE,RANGE_DTE3_UNCLEAR_RICH_VRP_CONDOR,13.19,1,41.42,HIGH,3,0,0,0,0,0,,,,
12:00:12,23488.3,23536.5,23477.55,NARROW,23549.3,23466.65,0.262,RANGE,SELL_PREMIUM,UNCLEAR,PREMIUM_SELL_RANGE,RANGE_DTE3_UNCLEAR_RICH_VRP_CONDOR,14.81,1,41.39,HIGH,3,0,0,0,0,0,,,,
12:00:27,23488.25,23536.5,23477.55,NARROW,23549.3,23466.65,0.261,RANGE,SELL_PREMIUM,BEARISH,PREMIUM_SELL_BEAR,RANGE_BEARISH_SPOT_BELOW_OR_MID,14.81,1,41.36,HIGH,3,0,0,0,0,0,,,,
12:00:42,23488.9,23536.5,23477.55,NARROW,23549.3,23466.65,0.269,RANGE,SELL_PREMIUM,BEARISH,PREMIUM_SELL_BEAR,RANGE_BEARISH_SPOT_BELOW_OR_MID,14.81,1,41.33,HIGH,3,0,0,0,0,0,,,,
12:00:57,23487.4,23536.5,23477.55,NARROW,23549.3,23466.65,0.251,RANGE,SELL_PREMIUM,BEARISH,PREMIUM_SELL_BEAR,RANGE_BEARISH_SPOT_BELOW_OR_MID,14.81,1,41.3,HIGH,3,0,0,0,0,0,,,,
12:01:12,23484.8,23536.5,23477.55,NARROW,23549.3,23466.65,0.220,RANGE,SELL_PREMIUM,BEARISH,PREMIUM_SELL_BEAR,RANGE_BEARISH_SPOT_BELOW_OR_MID,15.4,1,41.26,HIGH,3,0,0,0,0,0,,,,
12:01:27,23484.7,23536.5,23477.55,NARROW,23549.3,23466.65,0.218,RANGE,SELL_PREMIUM,BEARISH,PREMIUM_SELL_BEAR,RANGE_BEARISH_SPOT_BELOW_OR_MID,15.4,1,41.23,HIGH,3,0,0,0,0,0,,,,
12:01:42,23480.35,23536.5,23477.55,NARROW,23549.3,23466.65,0.166,RANGE,SELL_PREMIUM,BEARISH,PREMIUM_SELL_BEAR,RANGE_BEARISH_SPOT_BELOW_OR_MID,15.4,1,41.2,HIGH,3,0,0,0,0,0,,,,
12:01:57,23481.65,23536.5,23477.55,NARROW,23549.3,23466.65,0.181,RANGE,SELL_PREMIUM,BEARISH,PREMIUM_SELL_BEAR,RANGE_BEARISH_SPOT_BELOW_OR_MID,15.4,1,41.17,HIGH,3,0,0,0,0,0,,,,
12:02:12,23482.95,23536.5,23477.55,NARROW,23549.3,23466.65,0.197,RANGE,SELL_PREMIUM,BEARISH,PREMIUM_SELL_BEAR,RANGE_BEARISH_SPOT_BELOW_OR_MID,15.52,1,41.14,HIGH,3,0,0,0,0,0,,,,
12:02:27,23480.55,23536.5,23477.55,NARROW,23549.3,23466.65,0.168,RANGE,SELL_PREMIUM,BEARISH,PREMIUM_SELL_BEAR,RANGE_BEARISH_SPOT_BELOW_OR_MID,15.52,1,41.11,HIGH,3,0,0,0,0,0,,,,
12:02:42,23479.5,23536.5,23477.55,NARROW,23549.3,23466.65,0.155,RANGE,SELL_PREMIUM,BEARISH,PREMIUM_SELL_BEAR,RANGE_BEARISH_SPOT_BELOW_OR_MID,15.52,1,41.08,HIGH,3,0,0,0,0,0,,,,
12:02:57,23480.1,23536.5,23477.55,NARROW,23549.3,23466.65,0.163,RANGE,SELL_PREMIUM,BEARISH,PREMIUM_SELL_BEAR,RANGE_BEARISH_SPOT_BELOW_OR_MID,15.52,1,41.05,HIGH,3,0,0,0,0,0,,,,
12:03:12,23479.45,23536.5,23477.55,NARROW,23549.3,23466.65,0.155,RANGE,SELL_PREMIUM,BEARISH,PREMIUM_SELL_BEAR,RANGE_BEARISH_SPOT_BELOW_OR_MID,15.59,1,41.02,HIGH,3,0,0,0,0,0,,,,
12:03:27,23478.75,23536.5,23477.55,NARROW,23549.3,23466.65,0.146,RANGE,SELL_PREMIUM,BEARISH,PREMIUM_SELL_BEAR,RANGE_BEARISH_SPOT_BELOW_OR_MID,15.59,1,40.99,HIGH,3,0,0,0,0,0,,,,
12:03:42,23482.85,23536.5,23477.55,NARROW,23549.3,23466.65,0.196,RANGE,SELL_PREMIUM,BEARISH,PREMIUM_SELL_BEAR,RANGE_BEARISH_SPOT_BELOW_OR_MID,15.59,1,40.96,HIGH,3,0,0,0,0,0,,,,
12:03:57,23481.75,23536.5,23477.55,NARROW,23549.3,23466.65,0.183,RANGE,SELL_PREMIUM,BEARISH,PREMIUM_SELL_BEAR,RANGE_BEARISH_SPOT_BELOW_OR_MID,15.59,1,40.93,HIGH,3,0,0,0,0,0,,,,
12:04:12,23483.0,23536.5,23477.55,NARROW,23549.3,23466.65,0.198,RANGE,SELL_PREMIUM,BEARISH,PREMIUM_SELL_BEAR,RANGE_BEARISH_SPOT_BELOW_OR_MID,15.59,1,40.9,HIGH,3,0,0,0,0,0,,,,
12:04:27,23482.2,23536.5,23477.55,NARROW,23549.3,23466.65,0.188,RANGE,SELL_PREMIUM,BEARISH,PREMIUM_SELL_BEAR,RANGE_BEARISH_SPOT_BELOW_OR_MID,15.59,1,40.87,HIGH,3,0,0,0,0,0,,,,
12:04:42,23480.5,23536.5,23477.55,NARROW,23549.3,23466.65,0.168,RANGE,SELL_PREMIUM,BEARISH,PREMIUM_SELL_BEAR,RANGE_BEARISH_SPOT_BELOW_OR_MID,15.59,1,40.84,HIGH,3,0,0,0,0,0,,,,
12:04:57,23481.15,23536.5,23477.55,NARROW,23549.3,23466.65,0.175,RANGE,SELL_PREMIUM,BEARISH,PREMIUM_SELL_BEAR,RANGE_BEARISH_SPOT_BELOW_OR_MID,15.59,1,40.81,HIGH,3,0,0,0,0,0,,,,
12:05:12,23482.65,23536.5,23477.55,NARROW,23549.3,23466.65,0.194,RANGE,SELL_PREMIUM,BEARISH,PREMIUM_SELL_BEAR,RANGE_BEARISH_SPOT_BELOW_OR_MID,17.75,1,40.78,HIGH,3,0,0,0,0,0,,,,
12:05:27,23482.05,23536.5,23477.55,NARROW,23549.3,23466.65,0.186,RANGE,SELL_PREMIUM,BEARISH,PREMIUM_SELL_BEAR,RANGE_BEARISH_SPOT_BELOW_OR_MID,17.75,1,40.75,HIGH,3,0,0,0,0,0,,,,
12:05:42,23480.4,23536.5,23477.55,NARROW,23549.3,23466.65,0.166,RANGE,SELL_PREMIUM,BEARISH,PREMIUM_SELL_BEAR,RANGE_BEARISH_SPOT_BELOW_OR_MID,17.75,1,40.72,HIGH,3,0,0,0,0,0,,,,
12:05:57,23477.55,23536.5,23477.55,NARROW,23549.3,23466.65,0.132,RANGE,SELL_PREMIUM,BEARISH,PREMIUM_SELL_BEAR,RANGE_BEARISH_SPOT_BELOW_OR_MID,17.75,1,40.69,HIGH,3,0,0,0,0,0,,,,
12:06:12,23475.95,23536.5,23477.55,NARROW,23549.3,23466.65,0.113,RANGE,SELL_PREMIUM,BEARISH,PREMIUM_SELL_BEAR,RANGE_BEARISH_SPOT_BELOW_OR_MID,18.02,1,40.66,HIGH,3,0,0,0,0,0,,,,
12:06:27,23474.75,23536.5,23477.55,NARROW,23549.3,23466.65,0.098,RANGE,SELL_PREMIUM,BEARISH,PREMIUM_SELL_BEAR,RANGE_BEARISH_SPOT_BELOW_OR_MID,18.02,1,40.63,HIGH,3,0,0,0,0,0,,,,
12:06:42,23475.35,23536.5,23477.55,NARROW,23549.3,23466.65,0.105,RANGE,SELL_PREMIUM,BEARISH,PREMIUM_SELL_BEAR,RANGE_BEARISH_SPOT_BELOW_OR_MID,18.02,1,40.6,HIGH,3,0,0,0,0,0,,,,
12:06:58,23475.85,23536.5,23477.55,NARROW,23549.3,23466.65,0.111,RANGE,SELL_PREMIUM,BEARISH,PREMIUM_SELL_BEAR,RANGE_BEARISH_SPOT_BELOW_OR_MID,18.02,1,40.57,HIGH,3,0,0,0,0,0,,,,
12:07:13,23474.7,23536.5,23477.55,NARROW,23549.3,23466.65,0.097,RANGE,SELL_PREMIUM,BEARISH,PREMIUM_SELL_BEAR,RANGE_BEARISH_SPOT_BELOW_OR_MID,18.27,1,40.54,HIGH,3,0,0,0,0,0,,,,
12:07:28,23474.4,23536.5,23477.55,NARROW,23549.3,23466.65,0.094,RANGE,SELL_PREMIUM,BEARISH,PREMIUM_SELL_BEAR,RANGE_BEARISH_SPOT_BELOW_OR_MID,18.27,1,40.51,HIGH,3,0,0,0,0,0,,,,
12:07:43,23471.95,23536.5,23477.55,NARROW,23549.3,23466.65,0.064,RANGE,SELL_PREMIUM,BEARISH,PREMIUM_SELL_BEAR,RANGE_BEARISH_SPOT_BELOW_OR_MID,18.27,1,40.48,HIGH,3,0,0,0,0,0,,,,
12:07:58,23471.6,23536.5,23477.55,NARROW,23549.3,23466.65,0.060,RANGE,SELL_PREMIUM,BEARISH,PREMIUM_SELL_BEAR,RANGE_BEARISH_SPOT_BELOW_OR_MID,18.27,1,40.45,HIGH,3,0,0,0,0,0,,,,
12:08:13,23472.85,23536.5,23477.55,NARROW,23549.3,23466.65,0.075,RANGE,SELL_PREMIUM,BEARISH,PREMIUM_SELL_BEAR,RANGE_BEARISH_SPOT_BELOW_OR_MID,18.27,1,40.42,HIGH,3,0,0,0,0,0,,,,
12:08:28,23472.45,23536.5,23477.55,NARROW,23549.3,23466.65,0.070,RANGE,SELL_PREMIUM,BEARISH,PREMIUM_SELL_BEAR,RANGE_BEARISH_SPOT_BELOW_OR_MID,18.27,1,40.39,HIGH,3,0,0,0,0,0,,,,
12:08:43,23475.85,23536.5,23477.55,NARROW,23549.3,23466.65,0.111,RANGE,SELL_PREMIUM,BEARISH,PREMIUM_SELL_BEAR,RANGE_BEARISH_SPOT_BELOW_OR_MID,18.27,1,40.36,HIGH,3,0,0,0,0,0,,,,
12:08:58,23475.85,23536.5,23477.55,NARROW,23549.3,23466.65,0.111,RANGE,SELL_PREMIUM,BEARISH,PREMIUM_SELL_BEAR,RANGE_BEARISH_SPOT_BELOW_OR_MID,18.27,1,40.33,HIGH,3,0,0,0,0,0,,,,
12:09:13,23476.55,23536.5,23477.55,NARROW,23549.3,23466.65,0.120,RANGE,SELL_PREMIUM,BEARISH,PREMIUM_SELL_BEAR,RANGE_BEARISH_SPOT_BELOW_OR_MID,18.27,1,40.3,HIGH,3,0,0,0,0,0,,,,
12:09:28,23476.4,23536.5,23477.55,NARROW,23549.3,23466.65,0.118,RANGE,SELL_PREMIUM,BEARISH,PREMIUM_SELL_BEAR,RANGE_BEARISH_SPOT_BELOW_OR_MID,18.27,1,40.28,HIGH,3,0,0,0,0,0,,,,
12:09:43,23473.7,23536.5,23477.55,NARROW,23549.3,23466.65,0.085,RANGE,SELL_PREMIUM,BEARISH,PREMIUM_SELL_BEAR,RANGE_BEARISH_SPOT_BELOW_OR_MID,18.27,1,40.25,HIGH,3,0,0,0,0,0,,,,
12:09:58,23474.5,23536.5,23477.55,NARROW,23549.3,23466.65,0.095,RANGE,SELL_PREMIUM,BEARISH,PREMIUM_SELL_BEAR,RANGE_BEARISH_SPOT_BELOW_OR_MID,18.27,1,40.22,HIGH,3,0,0,0,0,0,,,,
12:10:13,23475.6,23536.5,23477.55,NARROW,23549.3,23466.65,0.108,RANGE,SELL_PREMIUM,BEARISH,PREMIUM_SELL_BEAR,RANGE_BEARISH_SPOT_BELOW_OR_MID,20.68,1,40.19,HIGH,3,0,0,0,0,0,,,,
12:10:28,23475.15,23536.5,23477.55,NARROW,23549.3,23466.65,0.103,RANGE,SELL_PREMIUM,BEARISH,PREMIUM_SELL_BEAR,RANGE_BEARISH_SPOT_BELOW_OR_MID,20.68,1,40.16,HIGH,3,0,0,0,0,0,,,,
12:10:43,23475.15,23536.5,23477.55,NARROW,23549.3,23466.65,0.103,RANGE,SELL_PREMIUM,BEARISH,PREMIUM_SELL_BEAR,RANGE_BEARISH_SPOT_BELOW_OR_MID,20.68,1,40.13,HIGH,3,0,0,0,0,0,,,,
12:10:58,23474.75,23536.5,23477.55,NARROW,23549.3,23466.65,0.098,RANGE,SELL_PREMIUM,BEARISH,PREMIUM_SELL_BEAR,RANGE_BEARISH_SPOT_BELOW_OR_MID,20.68,1,40.1,HIGH,3,0,0,0,0,0,,,,
12:11:13,23474.2,23536.5,23477.55,NARROW,23549.3,23466.65,0.091,RANGE,SELL_PREMIUM,BEARISH,PREMIUM_SELL_BEAR,RANGE_BEARISH_SPOT_BELOW_OR_MID,20.68,1,40.07,HIGH,3,0,0,0,0,0,,,,
12:11:28,23473.65,23536.5,23477.55,NARROW,23549.3,23466.65,0.085,RANGE,SELL_PREMIUM,BEARISH,PREMIUM_SELL_BEAR,RANGE_BEARISH_SPOT_BELOW_OR_MID,20.68,1,40.05,HIGH,3,0,0,0,0,0,,,,
12:11:43,23474.45,23536.5,23477.55,NARROW,23549.3,23466.65,0.094,RANGE,SELL_PREMIUM,BEARISH,PREMIUM_SELL_BEAR,RANGE_BEARISH_SPOT_BELOW_OR_MID,20.68,1,40.02,HIGH,3,0,0,0,0,0,,,,
12:11:58,23475.65,23536.5,23477.55,NARROW,23549.3,23466.65,0.109,RANGE,SELL_PREMIUM,BEARISH,PREMIUM_SELL_BEAR,RANGE_BEARISH_SPOT_BELOW_OR_MID,20.68,1,39.99,HIGH,3,0,0,0,0,0,,,,
12:12:13,23477.3,23536.5,23477.55,NARROW,23549.3,23466.65,0.129,CHOPPY,SELL_PREMIUM,BEARISH,NO_TRADE,NO_TRADE:CHOPPY_MARKET,20.68,1,39.96,NONE,3,1,0,0,0,0,,,,
12:12:28,23480.2,23536.5,23477.55,NARROW,23549.3,23466.65,0.164,CHOPPY,SELL_PREMIUM,BEARISH,NO_TRADE,NO_TRADE:CHOPPY_MARKET,20.68,1,39.93,NONE,3,1,0,0,0,0,,,,
12:12:43,23479.2,23536.5,23477.55,NARROW,23549.3,23466.65,0.152,CHOPPY,SELL_PREMIUM,BEARISH,NO_TRADE,NO_TRADE:CHOPPY_MARKET,20.68,1,39.9,NONE,3,1,0,0,0,0,,,,
12:12:58,23482.75,23536.5,23477.55,NARROW,23549.3,23466.65,0.195,CHOPPY,SELL_PREMIUM,BEARISH,NO_TRADE,NO_TRADE:CHOPPY_MARKET,20.68,1,39.88,NONE,3,1,0,0,0,0,,,,
12:13:13,23484.15,23536.5,23477.55,NARROW,23549.3,23466.65,0.212,CHOPPY,SELL_PREMIUM,BEARISH,NO_TRADE,NO_TRADE:CHOPPY_MARKET,20.01,1,39.85,NONE,3,0,0,0,0,0,,,,
12:13:28,23485.45,23536.5,23477.55,NARROW,23549.3,23466.65,0.227,CHOPPY,SELL_PREMIUM,BEARISH,NO_TRADE,NO_TRADE:CHOPPY_MARKET,20.01,1,39.82,NONE,3,0,0,0,0,0,,,,
12:13:43,23485.1,23536.5,23477.55,NARROW,23549.3,23466.65,0.223,RANGE,SELL_PREMIUM,BEARISH,PREMIUM_SELL_BEAR,RANGE_BEARISH_SPOT_BELOW_OR_MID,20.01,1,39.79,HIGH,3,0,0,0,0,0,,,,
12:13:58,23485.9,23536.5,23477.55,NARROW,23549.3,23466.65,0.233,RANGE,SELL_PREMIUM,BEARISH,PREMIUM_SELL_BEAR,RANGE_BEARISH_SPOT_BELOW_OR_MID,20.01,1,39.76,HIGH,3,0,0,0,0,0,,,,
12:14:13,23487.05,23536.5,23477.55,NARROW,23549.3,23466.65,0.247,RANGE,SELL_PREMIUM,BEARISH,PREMIUM_SELL_BEAR,RANGE_BEARISH_SPOT_BELOW_OR_MID,19.53,1,39.74,HIGH,3,0,0,0,0,0,,,,
12:14:28,23487.4,23536.5,23477.55,NARROW,23549.3,23466.65,0.251,RANGE,SELL_PREMIUM,BEARISH,PREMIUM_SELL_BEAR,RANGE_BEARISH_SPOT_BELOW_OR_MID,19.53,1,39.71,HIGH,3,0,0,0,0,0,,,,
12:14:43,23486.25,23536.5,23477.55,NARROW,23549.3,23466.65,0.237,RANGE,SELL_PREMIUM,BEARISH,PREMIUM_SELL_BEAR,RANGE_BEARISH_SPOT_BELOW_OR_MID,19.53,1,39.68,HIGH,3,0,0,0,0,0,,,,
12:14:58,23487.7,23536.5,23477.55,NARROW,23549.3,23466.65,0.255,RANGE,SELL_PREMIUM,BEARISH,PREMIUM_SELL_BEAR,RANGE_BEARISH_SPOT_BELOW_OR_MID,19.53,1,39.65,HIGH,3,0,0,0,0,0,,,,
12:15:13,23485.7,23536.5,23477.55,NARROW,23549.3,23466.65,0.230,RANGE,SELL_PREMIUM,BEARISH,PREMIUM_SELL_BEAR,RANGE_BEARISH_SPOT_BELOW_OR_MID,20.67,1,39.63,HIGH,3,0,0,0,0,0,,,,
12:15:28,23487.55,23536.5,23477.55,NARROW,23549.3,23466.65,0.253,RANGE,SELL_PREMIUM,BEARISH,PREMIUM_SELL_BEAR,RANGE_BEARISH_SPOT_BELOW_OR_MID,20.67,1,39.6,HIGH,3,0,0,0,0,0,,,,
12:15:43,23485.0,23536.5,23477.55,NARROW,23549.3,23466.65,0.222,RANGE,SELL_PREMIUM,BEARISH,PREMIUM_SELL_BEAR,RANGE_BEARISH_SPOT_BELOW_OR_MID,20.67,1,39.57,HIGH,3,0,0,0,0,0,,,,
12:15:58,23484.7,23536.5,23477.55,NARROW,23549.3,23466.65,0.218,RANGE,SELL_PREMIUM,BEARISH,PREMIUM_SELL_BEAR,RANGE_BEARISH_SPOT_BELOW_OR_MID,20.67,1,39.54,HIGH,3,0,0,0,0,0,,,,
12:16:13,23485.65,23536.5,23477.55,NARROW,23549.3,23466.65,0.230,RANGE,SELL_PREMIUM,BEARISH,PREMIUM_SELL_BEAR,RANGE_BEARISH_SPOT_BELOW_OR_MID,20.67,1,39.52,HIGH,3,0,0,0,0,0,,,,
12:16:28,23481.5,23536.5,23477.55,NARROW,23549.3,23466.65,0.180,RANGE,SELL_PREMIUM,BEARISH,PREMIUM_SELL_BEAR,RANGE_BEARISH_SPOT_BELOW_OR_MID,20.67,1,39.49,HIGH,3,0,0,0,0,0,,,,
12:16:43,23481.25,23536.5,23477.55,NARROW,23549.3,23466.65,0.177,RANGE,SELL_PREMIUM,BEARISH,PREMIUM_SELL_BEAR,RANGE_BEARISH_SPOT_BELOW_OR_MID,20.67,1,39.46,HIGH,3,0,0,0,0,0,,,,
12:16:58,23480.85,23536.5,23477.55,NARROW,23549.3,23466.65,0.172,RANGE,SELL_PREMIUM,BEARISH,PREMIUM_SELL_BEAR,RANGE_BEARISH_SPOT_BELOW_OR_MID,20.67,1,39.44,HIGH,3,0,0,0,0,0,,,,
12:17:13,23481.9,23536.5,23477.55,NARROW,23549.3,23466.65,0.185,RANGE,SELL_PREMIUM,BEARISH,PREMIUM_SELL_BEAR,RANGE_BEARISH_SPOT_BELOW_OR_MID,20.67,1,39.41,HIGH,3,0,0,0,0,0,,,,
12:17:28,23483.8,23536.5,23477.55,NARROW,23549.3,23466.65,0.208,RANGE,SELL_PREMIUM,BEARISH,PREMIUM_SELL_BEAR,RANGE_BEARISH_SPOT_BELOW_OR_MID,20.67,1,39.38,HIGH,3,0,0,0,0,0,,,,
12:17:43,23484.1,23536.5,23477.55,NARROW,23549.3,23466.65,0.211,RANGE,SELL_PREMIUM,BEARISH,PREMIUM_SELL_BEAR,RANGE_BEARISH_SPOT_BELOW_OR_MID,20.67,1,39.35,HIGH,3,0,0,0,0,0,,,,
12:17:59,23484.95,23536.5,23477.55,NARROW,23549.3,23466.65,0.221,RANGE,SELL_PREMIUM,BEARISH,PREMIUM_SELL_BEAR,RANGE_BEARISH_SPOT_BELOW_OR_MID,20.67,1,39.33,HIGH,3,0,0,0,0,0,,,,
12:18:14,23484.95,23536.5,23477.55,NARROW,23549.3,23466.65,0.221,RANGE,SELL_PREMIUM,BEARISH,PREMIUM_SELL_BEAR,RANGE_BEARISH_SPOT_BELOW_OR_MID,20.67,1,39.3,HIGH,3,0,0,0,0,0,,,,
12:18:29,23484.2,23536.5,23477.55,NARROW,23549.3,23466.65,0.212,RANGE,SELL_PREMIUM,BEARISH,PREMIUM_SELL_BEAR,RANGE_BEARISH_SPOT_BELOW_OR_MID,20.67,1,39.27,HIGH,3,0,0,0,0,0,,,,
12:18:44,23483.2,23536.5,23477.55,NARROW,23549.3,23466.65,0.200,RANGE,SELL_PREMIUM,BEARISH,PREMIUM_SELL_BEAR,RANGE_BEARISH_SPOT_BELOW_OR_MID,20.67,1,39.25,HIGH,3,0,0,0,0,0,,,,
12:18:59,23481.85,23536.5,23477.55,NARROW,23549.3,23466.65,0.184,RANGE,SELL_PREMIUM,BEARISH,PREMIUM_SELL_BEAR,RANGE_BEARISH_SPOT_BELOW_OR_MID,20.67,1,39.22,HIGH,3,0,0,0,0,0,,,,
12:19:14,23481.3,23536.5,23477.55,NARROW,23549.3,23466.65,0.177,RANGE,SELL_PREMIUM,BEARISH,PREMIUM_SELL_BEAR,RANGE_BEARISH_SPOT_BELOW_OR_MID,20.67,1,39.19,HIGH,3,0,0,0,0,0,,,,
12:19:29,23479.8,23536.5,23477.55,NARROW,23549.3,23466.65,0.159,RANGE,SELL_PREMIUM,BEARISH,PREMIUM_SELL_BEAR,RANGE_BEARISH_SPOT_BELOW_OR_MID,20.67,1,39.17,HIGH,3,0,0,0,0,0,,,,
12:19:44,23479.7,23536.5,23477.55,NARROW,23549.3,23466.65,0.158,RANGE,SELL_PREMIUM,BEARISH,PREMIUM_SELL_BEAR,RANGE_BEARISH_SPOT_BELOW_OR_MID,20.67,1,39.14,HIGH,3,0,0,0,0,0,,,,
12:19:59,23478.85,23536.5,23477.55,NARROW,23549.3,23466.65,0.148,RANGE,SELL_PREMIUM,BEARISH,PREMIUM_SELL_BEAR,RANGE_BEARISH_SPOT_BELOW_OR_MID,20.67,1,39.11,HIGH,3,0,0,0,0,0,,,,
12:20:14,23479.9,23536.5,23477.55,NARROW,23549.3,23466.65,0.160,CHOPPY,SELL_PREMIUM,BEARISH,NO_TRADE,NO_TRADE:CHOPPY_MARKET,21.7,1,39.09,NONE,3,1,0,0,0,0,,,,
12:20:29,23478.25,23536.5,23477.55,NARROW,23549.3,23466.65,0.140,CHOPPY,SELL_PREMIUM,BEARISH,NO_TRADE,NO_TRADE:CHOPPY_MARKET,21.7,1,39.06,NONE,3,1,0,0,0,0,,,,
12:20:44,23478.6,23536.5,23477.55,NARROW,23549.3,23466.65,0.145,CHOPPY,SELL_PREMIUM,BEARISH,NO_TRADE,NO_TRADE:CHOPPY_MARKET,21.7,1,39.03,NONE,3,1,0,0,0,0,,,,
12:20:59,23481.05,23536.5,23477.55,NARROW,23549.3,23466.65,0.174,CHOPPY,SELL_PREMIUM,BEARISH,NO_TRADE,NO_TRADE:CHOPPY_MARKET,21.7,1,39.01,NONE,3,1,0,0,0,0,,,,
12:21:14,23479.95,23536.5,23477.55,NARROW,23549.3,23466.65,0.161,CHOPPY,SELL_PREMIUM,BEARISH,NO_TRADE,NO_TRADE:CHOPPY_MARKET,21.7,1,38.98,NONE,3,1,0,0,0,0,,,,
12:21:29,23480.4,23536.5,23477.55,NARROW,23549.3,23466.65,0.166,CHOPPY,SELL_PREMIUM,BEARISH,NO_TRADE,NO_TRADE:CHOPPY_MARKET,21.7,1,38.96,NONE,3,1,0,0,0,0,,,,
12:21:44,23479.4,23536.5,23477.55,NARROW,23549.3,23466.65,0.154,CHOPPY,SELL_PREMIUM,BEARISH,NO_TRADE,NO_TRADE:CHOPPY_MARKET,21.7,1,38.93,NONE,3,1,0,0,0,0,,,,
12:21:59,23478.0,23536.5,23477.55,NARROW,23549.3,23466.65,0.137,CHOPPY,SELL_PREMIUM,BEARISH,NO_TRADE,NO_TRADE:CHOPPY_MARKET,21.7,1,38.9,NONE,3,1,0,0,0,0,,,,
12:22:14,23478.1,23536.5,23477.55,NARROW,23549.3,23466.65,0.139,CHOPPY,SELL_PREMIUM,BEARISH,NO_TRADE,NO_TRADE:CHOPPY_MARKET,21.73,1,38.88,NONE,3,1,0,0,0,0,,,,
12:22:29,23479.1,23536.5,23477.55,NARROW,23549.3,23466.65,0.151,CHOPPY,SELL_PREMIUM,BEARISH,NO_TRADE,NO_TRADE:CHOPPY_MARKET,21.73,1,38.85,NONE,3,1,0,0,0,0,,,,
12:22:44,23478.7,23536.5,23477.55,NARROW,23549.3,23466.65,0.146,CHOPPY,SELL_PREMIUM,BEARISH,NO_TRADE,NO_TRADE:CHOPPY_MARKET,21.73,1,38.83,NONE,3,1,0,0,0,0,,,,
12:22:59,23478.8,23536.5,23477.55,NARROW,23549.3,23466.65,0.147,CHOPPY,SELL_PREMIUM,BEARISH,NO_TRADE,NO_TRADE:CHOPPY_MARKET,21.73,1,38.8,NONE,3,1,0,0,0,0,,,,
12:23:14,23477.85,23536.5,23477.55,NARROW,23549.3,23466.65,0.136,CHOPPY,SELL_PREMIUM,BEARISH,NO_TRADE,NO_TRADE:CHOPPY_MARKET,21.73,1,38.77,NONE,3,1,0,0,0,0,,,,
12:23:29,23480.9,23536.5,23477.55,NARROW,23549.3,23466.65,0.172,CHOPPY,SELL_PREMIUM,BEARISH,NO_TRADE,NO_TRADE:CHOPPY_MARKET,21.73,1,38.75,NONE,3,1,0,0,0,0,,,,
12:23:45,23481.2,23536.5,23477.55,NARROW,23549.3,23466.65,0.176,CHOPPY,SELL_PREMIUM,BEARISH,NO_TRADE,NO_TRADE:CHOPPY_MARKET,21.73,1,38.72,NONE,3,1,0,0,0,0,,,,
12:24:00,23483.8,23536.5,23477.55,NARROW,23549.3,23466.65,0.208,CHOPPY,SELL_PREMIUM,BEARISH,NO_TRADE,NO_TRADE:CHOPPY_MARKET,21.73,1,38.7,NONE,3,1,0,0,0,0,,,,
12:24:15,23484.0,23536.5,23477.55,NARROW,23549.3,23466.65,0.210,CHOPPY,SELL_PREMIUM,BEARISH,NO_TRADE,NO_TRADE:CHOPPY_MARKET,21.73,1,38.67,NONE,3,1,0,0,0,0,,,,
12:24:30,23487.0,23536.5,23477.55,NARROW,23549.3,23466.65,0.246,CHOPPY,SELL_PREMIUM,BEARISH,NO_TRADE,NO_TRADE:CHOPPY_MARKET,21.73,1,38.64,NONE,3,1,0,0,0,0,,,,
12:24:45,23487.65,23536.5,23477.55,NARROW,23549.3,23466.65,0.254,CHOPPY,SELL_PREMIUM,BEARISH,NO_TRADE,NO_TRADE:CHOPPY_MARKET,21.73,1,38.62,NONE,3,1,0,0,0,0,,,,
12:25:00,23487.1,23536.5,23477.55,NARROW,23549.3,23466.65,0.247,CHOPPY,SELL_PREMIUM,BEARISH,NO_TRADE,NO_TRADE:CHOPPY_MARKET,22.16,1,38.59,NONE,3,1,0,0,0,0,,,,
12:25:15,23487.6,23536.5,23477.55,NARROW,23549.3,23466.65,0.253,CHOPPY,SELL_PREMIUM,BEARISH,NO_TRADE,NO_TRADE:CHOPPY_MARKET,22.16,1,38.57,NONE,3,1,0,0,0,0,,,,
12:25:30,23487.1,23536.5,23477.55,NARROW,23549.3,23466.65,0.247,CHOPPY,SELL_PREMIUM,BEARISH,NO_TRADE,NO_TRADE:CHOPPY_MARKET,22.16,1,38.54,NONE,3,1,0,0,0,0,,,,
12:25:45,23488.6,23536.5,23477.55,NARROW,23549.3,23466.65,0.266,CHOPPY,SELL_PREMIUM,BEARISH,NO_TRADE,NO_TRADE:CHOPPY_MARKET,22.16,1,38.52,NONE,3,1,0,0,0,0,,,,
12:26:00,23489.65,23536.5,23477.55,NARROW,23549.3,23466.65,0.278,CHOPPY,SELL_PREMIUM,BEARISH,NO_TRADE,NO_TRADE:CHOPPY_MARKET,20.8,1,38.49,NONE,3,1,0,0,0,0,,,,
12:26:15,23494.0,23536.5,23477.55,NARROW,23549.3,23466.65,0.331,CHOPPY,SELL_PREMIUM,BEARISH,NO_TRADE,NO_TRADE:CHOPPY_MARKET,20.8,1,38.47,NONE,3,1,0,0,0,0,,,,
12:26:30,23496.4,23536.5,23477.55,NARROW,23549.3,23466.65,0.360,CHOPPY,SELL_PREMIUM,BEARISH,NO_TRADE,NO_TRADE:CHOPPY_MARKET,20.8,1,38.44,NONE,3,1,0,0,0,0,,,,
12:26:45,23497.0,23536.5,23477.55,NARROW,23549.3,23466.65,0.367,CHOPPY,SELL_PREMIUM,BEARISH,NO_TRADE,NO_TRADE:CHOPPY_MARKET,20.8,1,38.42,NONE,3,1,0,0,0,0,,,,
12:27:00,23498.0,23536.5,23477.55,NARROW,23549.3,23466.65,0.379,CHOPPY,SELL_PREMIUM,BEARISH,NO_TRADE,NO_TRADE:CHOPPY_MARKET,20.23,1,38.39,NONE,3,1,0,0,0,0,,,,
12:27:15,23500.55,23536.5,23477.55,NARROW,23549.3,23466.65,0.410,CHOPPY,SELL_PREMIUM,UNCLEAR,NO_TRADE,NO_TRADE:CHOPPY_MARKET,20.23,1,38.37,NONE,3,1,0,0,0,0,,,,
12:27:30,23501.65,23536.5,23477.55,NARROW,23549.3,23466.65,0.423,CHOPPY,SELL_PREMIUM,UNCLEAR,NO_TRADE,NO_TRADE:CHOPPY_MARKET,20.23,1,38.34,NONE,3,1,0,0,0,0,,,,
12:27:45,23501.3,23536.5,23477.55,NARROW,23549.3,23466.65,0.419,CHOPPY,SELL_PREMIUM,UNCLEAR,NO_TRADE,NO_TRADE:CHOPPY_MARKET,20.23,1,38.32,NONE,3,1,0,0,0,0,,,,
12:28:00,23500.4,23536.5,23477.55,NARROW,23549.3,23466.65,0.408,CHOPPY,SELL_PREMIUM,UNCLEAR,NO_TRADE,NO_TRADE:CHOPPY_MARKET,19.86,1,38.29,NONE,3,1,0,0,0,0,,,,
12:28:15,23500.9,23536.5,23477.55,NARROW,23549.3,23466.65,0.414,CHOPPY,SELL_PREMIUM,UNCLEAR,NO_TRADE,NO_TRADE:CHOPPY_MARKET,19.86,1,38.27,NONE,3,1,0,0,0,0,,,,
12:28:30,23502.35,23536.5,23477.55,NARROW,23549.3,23466.65,0.432,CHOPPY,SELL_PREMIUM,UNCLEAR,NO_TRADE,NO_TRADE:CHOPPY_MARKET,19.86,1,38.24,NONE,3,1,0,0,0,0,,,,
12:28:45,23503.65,23536.5,23477.55,NARROW,23549.3,23466.65,0.448,CHOPPY,SELL_PREMIUM,UNCLEAR,NO_TRADE,NO_TRADE:CHOPPY_MARKET,19.86,1,38.22,NONE,3,1,0,0,0,0,,,,
12:29:00,23503.25,23536.5,23477.55,NARROW,23549.3,23466.65,0.443,CHOPPY,SELL_PREMIUM,UNCLEAR,NO_TRADE,NO_TRADE:CHOPPY_MARKET,20.19,1,38.19,NONE,3,1,0,0,0,0,,,,
12:29:16,23504.15,23536.5,23477.55,NARROW,23549.3,23466.65,0.454,CHOPPY,SELL_PREMIUM,UNCLEAR,NO_TRADE,NO_TRADE:CHOPPY_MARKET,20.19,1,38.17,NONE,3,1,0,0,0,0,,,,
12:29:31,23507.8,23536.5,23477.55,NARROW,23549.3,23466.65,0.498,CHOPPY,SELL_PREMIUM,UNCLEAR,NO_TRADE,NO_TRADE:CHOPPY_MARKET,20.19,1,38.14,NONE,3,1,0,0,0,0,,,,
12:29:46,23508.15,23536.5,23477.55,NARROW,23549.3,23466.65,0.502,CHOPPY,SELL_PREMIUM,UNCLEAR,NO_TRADE,NO_TRADE:CHOPPY_MARKET,20.19,1,38.12,NONE,3,1,0,0,0,0,,,,
12:30:01,23511.5,23536.5,23477.55,NARROW,23549.3,23466.65,0.543,CHOPPY,SELL_PREMIUM,UNCLEAR,NO_TRADE,NO_TRADE:CHOPPY_MARKET,19.46,1,38.09,NONE,3,0,0,0,0,0,,,,
12:30:16,23511.7,23536.5,23477.55,NARROW,23549.3,23466.65,0.545,CHOPPY,SELL_PREMIUM,UNCLEAR,NO_TRADE,NO_TRADE:CHOPPY_MARKET,19.46,1,38.07,NONE,3,0,0,0,0,0,,,,
12:30:31,23512.9,23536.5,23477.55,NARROW,23549.3,23466.65,0.560,RANGE,SELL_PREMIUM,UNCLEAR,PREMIUM_SELL_RANGE,RANGE_DTE3_UNCLEAR_RICH_VRP_CONDOR,19.46,1,38.05,HIGH,3,0,0,0,0,0,,,,
12:30:46,23515.1,23536.5,23477.55,NARROW,23549.3,23466.65,0.586,RANGE,SELL_PREMIUM,UNCLEAR,PREMIUM_SELL_RANGE,RANGE_DTE3_UNCLEAR_RICH_VRP_CONDOR,19.46,1,38.02,HIGH,3,0,0,0,0,0,,,,
12:31:01,23516.05,23536.5,23477.55,NARROW,23549.3,23466.65,0.598,RANGE,SELL_PREMIUM,UNCLEAR,PREMIUM_SELL_RANGE,RANGE_DTE3_WIDE_CONDOR_ADX_20,20.14,1,38.0,HIGH,3,0,0,0,0,0,NO_TRADE,,entry_cooldown_10min_remaining,
12:31:16,23517.65,23536.5,23477.55,NARROW,23549.3,23466.65,0.617,RANGE,SELL_PREMIUM,UNCLEAR,PREMIUM_SELL_RANGE,RANGE_DTE3_WIDE_CONDOR_ADX_20,20.14,1,37.97,HIGH,3,0,0,0,0,0,NO_TRADE,,entry_cooldown_9min_remaining,
12:31:31,23518.5,23536.5,23477.55,NARROW,23549.3,23466.65,0.627,RANGE,SELL_PREMIUM,UNCLEAR,PREMIUM_SELL_RANGE,RANGE_DTE3_WIDE_CONDOR_ADX_20,20.14,1,37.95,HIGH,3,0,0,0,0,0,NO_TRADE,,entry_cooldown_9min_remaining,
12:31:46,23520.05,23536.5,23477.55,NARROW,23549.3,23466.65,0.646,RANGE,SELL_PREMIUM,UNCLEAR,PREMIUM_SELL_RANGE,RANGE_DTE3_WIDE_CONDOR_ADX_20,20.14,1,37.92,HIGH,3,0,0,0,0,0,NO_TRADE,,entry_cooldown_9min_remaining,
12:32:01,23523.1,23536.5,23477.55,NARROW,23549.3,23466.65,0.683,RANGE,SELL_PREMIUM,UNCLEAR,PREMIUM_SELL_RANGE,RANGE_DTE3_WIDE_CONDOR_ADX_21,20.82,1,37.9,HIGH,3,0,0,0,0,0,NO_TRADE,,entry_cooldown_9min_remaining,
12:32:16,23525.6,23536.5,23477.55,NARROW,23549.3,23466.65,0.713,RANGE,SELL_PREMIUM,UNCLEAR,PREMIUM_SELL_RANGE,RANGE_DTE3_WIDE_CONDOR_ADX_21,20.82,1,37.88,HIGH,3,0,0,0,0,0,NO_TRADE,,entry_cooldown_8min_remaining,
12:32:31,23527.65,23536.5,23477.55,NARROW,23549.3,23466.65,0.738,RANGE,SELL_PREMIUM,UNCLEAR,PREMIUM_SELL_RANGE,RANGE_DTE3_WIDE_CONDOR_ADX_21,20.82,1,37.85,HIGH,3,0,0,0,0,0,NO_TRADE,,entry_cooldown_8min_remaining,
12:32:46,23528.1,23536.5,23477.55,NARROW,23549.3,23466.65,0.743,RANGE,SELL_PREMIUM,UNCLEAR,PREMIUM_SELL_RANGE,RANGE_DTE3_WIDE_CONDOR_ADX_21,20.82,1,37.83,HIGH,3,0,0,0,0,0,NO_TRADE,,entry_cooldown_8min_remaining,
12:33:01,23530.35,23536.5,23477.55,NARROW,23553.65,23466.65,0.732,RANGE,SELL_PREMIUM,UNCLEAR,PREMIUM_SELL_RANGE,RANGE_DTE3_WIDE_CONDOR_ADX_22,22.35,1,39.79,HIGH,3,0,0,0,0,0,NO_TRADE,,entry_cooldown_8min_remaining,
12:33:16,23531.25,23536.5,23477.55,NARROW,23553.65,23466.65,0.743,RANGE,SELL_PREMIUM,UNCLEAR,PREMIUM_SELL_RANGE,RANGE_DTE3_WIDE_CONDOR_ADX_22,22.35,1,39.77,HIGH,3,0,0,0,0,0,NO_TRADE,,entry_cooldown_7min_remaining,
12:33:31,23541.7,23536.5,23477.55,NARROW,23553.65,23466.65,0.863,RANGE,SELL_PREMIUM,UNCLEAR,PREMIUM_SELL_RANGE,RANGE_DTE3_WIDE_CONDOR_ADX_22,22.35,1,39.74,HIGH,3,0,0,0,0,0,NO_TRADE,,entry_cooldown_7min_remaining,
12:33:46,23551.7,23536.5,23477.55,NARROW,23553.65,23466.65,0.978,RANGE,SELL_PREMIUM,RANGE,PREMIUM_SELL_RANGE,RANGE_DTE3_WIDE_CONDOR_ADX_22,22.35,1,39.72,HIGH,3,0,0,0,0,0,NO_TRADE,,entry_cooldown_7min_remaining,
12:34:01,23547.35,23536.5,23477.55,NARROW,23554.75,23466.65,0.916,RANGE,SELL_PREMIUM,UNCLEAR,PREMIUM_SELL_RANGE,RANGE_DTE3_WIDE_CONDOR_ADX_22,22.41,1,40.2,HIGH,3,0,0,0,0,0,NO_TRADE,,entry_cooldown_7min_remaining,
12:34:16,23547.4,23536.5,23477.55,NARROW,23554.75,23466.65,0.917,RANGE,SELL_PREMIUM,UNCLEAR,PREMIUM_SELL_RANGE,RANGE_DTE3_WIDE_CONDOR_ADX_22,22.41,1,40.17,HIGH,3,0,0,0,0,0,NO_TRADE,,entry_cooldown_6min_remaining,
12:34:31,23552.85,23536.5,23477.55,NARROW,23554.75,23466.65,0.978,RANGE,SELL_PREMIUM,RANGE,PREMIUM_SELL_RANGE,RANGE_DTE3_WIDE_CONDOR_ADX_22,22.41,1,40.14,HIGH,3,0,0,0,0,0,NO_TRADE,,entry_cooldown_6min_remaining,
12:34:46,23550.7,23536.5,23477.55,NARROW,23554.75,23466.65,0.954,RANGE,SELL_PREMIUM,RANGE,PREMIUM_SELL_RANGE,RANGE_DTE3_WIDE_CONDOR_ADX_22,22.41,1,40.12,HIGH,3,0,0,0,0,0,NO_TRADE,,entry_cooldown_6min_remaining,
12:35:01,23548.4,23536.5,23477.55,NARROW,23565.0,23466.65,0.831,RANGE,STRONG_SELL_PREMIUM,RANGE,PREMIUM_SELL_RANGE,RANGE_DTE3_WIDE_CONDOR_ADX_25,24.93,1,44.76,HIGH,3,0,0,0,0,0,NO_TRADE,,entry_cooldown_6min_remaining,
12:35:16,23552.0,23536.5,23477.55,NARROW,23565.0,23466.65,0.868,RANGE,STRONG_SELL_PREMIUM,RANGE,PREMIUM_SELL_RANGE,RANGE_DTE3_WIDE_CONDOR_ADX_25,24.93,1,44.73,HIGH,3,0,0,0,0,0,NO_TRADE,,entry_cooldown_5min_remaining,
12:35:31,23563.95,23536.5,23477.55,NARROW,23565.0,23466.65,0.989,RANGE,STRONG_SELL_PREMIUM,RANGE,PREMIUM_SELL_RANGE,RANGE_DTE3_WIDE_CONDOR_ADX_25,24.93,1,44.7,HIGH,3,0,0,0,0,0,NO_TRADE,,entry_cooldown_5min_remaining,
12:35:46,23563.3,23536.5,23477.55,NARROW,23565.0,23466.65,0.983,RANGE,STRONG_SELL_PREMIUM,RANGE,PREMIUM_SELL_RANGE,RANGE_DTE3_WIDE_CONDOR_ADX_25,24.93,1,44.68,HIGH,3,0,0,0,0,0,NO_TRADE,,entry_cooldown_5min_remaining,
12:36:01,23558.2,23536.5,23477.55,NARROW,23565.0,23466.65,0.931,UPTREND,STRONG_SELL_PREMIUM,RANGE,PREMIUM_SELL_BULL,UPTREND_ADX_25_RANGE,24.93,1,44.65,HIGH,3,0,0,0,0,0,NO_TRADE,,entry_cooldown_5min_remaining,
12:36:16,23555.9,23536.5,23477.55,NARROW,23565.0,23466.65,0.907,UPTREND,STRONG_SELL_PREMIUM,RANGE,PREMIUM_SELL_BULL,UPTREND_ADX_25_RANGE,24.93,1,44.62,HIGH,3,0,0,0,0,0,NO_TRADE,,entry_cooldown_4min_remaining,
12:36:31,23557.05,23536.5,23477.55,NARROW,23565.0,23466.65,0.919,UPTREND,STRONG_SELL_PREMIUM,RANGE,PREMIUM_SELL_BULL,UPTREND_ADX_25_RANGE,24.93,1,44.59,HIGH,3,0,0,0,0,0,NO_TRADE,,entry_cooldown_4min_remaining,
12:36:46,23553.45,23536.5,23477.55,NARROW,23565.0,23466.65,0.883,UPTREND,STRONG_SELL_PREMIUM,RANGE,PREMIUM_SELL_BULL,UPTREND_ADX_25_RANGE,24.93,1,44.56,HIGH,3,0,0,0,0,0,NO_TRADE,,entry_cooldown_4min_remaining,
12:37:02,23555.2,23536.5,23477.55,NARROW,23565.0,23466.65,0.900,UPTREND,STRONG_SELL_PREMIUM,RANGE,PREMIUM_SELL_BULL,UPTREND_ADX_25_RANGE,24.93,1,44.54,HIGH,3,0,0,0,0,0,NO_TRADE,,entry_cooldown_4min_remaining,
12:37:17,23554.45,23536.5,23477.55,NARROW,23565.0,23466.65,0.893,RANGE,STRONG_SELL_PREMIUM,RANGE,PREMIUM_SELL_RANGE,RANGE_DTE3_WIDE_CONDOR_ADX_25,24.93,1,44.51,HIGH,3,0,0,0,0,0,NO_TRADE,,entry_cooldown_3min_remaining,
12:37:32,23558.9,23536.5,23477.55,NARROW,23565.0,23466.65,0.938,RANGE,STRONG_SELL_PREMIUM,RANGE,PREMIUM_SELL_RANGE,RANGE_DTE3_WIDE_CONDOR_ADX_25,24.93,1,44.48,HIGH,3,0,0,0,0,0,NO_TRADE,,entry_cooldown_3min_remaining,
12:37:47,23554.7,23536.5,23477.55,NARROW,23565.0,23466.65,0.895,RANGE,STRONG_SELL_PREMIUM,RANGE,PREMIUM_SELL_RANGE,RANGE_DTE3_WIDE_CONDOR_ADX_25,24.93,1,44.45,HIGH,3,0,0,0,0,0,NO_TRADE,,entry_cooldown_3min_remaining,
12:38:02,23557.2,23536.5,23477.55,NARROW,23565.0,23466.65,0.921,RANGE,STRONG_SELL_PREMIUM,RANGE,PREMIUM_SELL_RANGE,RANGE_DTE3_WIDE_CONDOR_ADX_25,24.93,1,44.43,HIGH,3,0,0,0,0,0,NO_TRADE,,entry_cooldown_3min_remaining,
12:38:17,23556.6,23536.5,23477.55,NARROW,23565.0,23466.65,0.915,RANGE,STRONG_SELL_PREMIUM,RANGE,PREMIUM_SELL_RANGE,RANGE_DTE3_WIDE_CONDOR_ADX_25,24.93,1,44.4,HIGH,3,0,0,0,0,0,NO_TRADE,,entry_cooldown_2min_remaining,
12:38:32,23559.75,23536.5,23477.55,NARROW,23565.0,23466.65,0.947,UPTREND,STRONG_SELL_PREMIUM,RANGE,PREMIUM_SELL_BULL,UPTREND_ADX_25_RANGE,24.93,1,44.37,HIGH,3,0,0,0,0,0,NO_TRADE,,entry_cooldown_2min_remaining,
12:38:47,23560.0,23536.5,23477.55,NARROW,23565.0,23466.65,0.949,UPTREND,STRONG_SELL_PREMIUM,RANGE,PREMIUM_SELL_BULL,UPTREND_ADX_25_RANGE,24.93,1,44.34,HIGH,3,0,0,0,0,0,NO_TRADE,,entry_cooldown_2min_remaining,
12:39:02,23558.85,23536.5,23477.55,NARROW,23565.0,23466.65,0.937,UPTREND,STRONG_SELL_PREMIUM,RANGE,PREMIUM_SELL_BULL,UPTREND_ADX_25_RANGE,24.93,1,44.32,HIGH,3,0,0,0,0,0,NO_TRADE,,entry_cooldown_2min_remaining,
12:39:17,23557.8,23536.5,23477.55,NARROW,23565.0,23466.65,0.927,UPTREND,STRONG_SELL_PREMIUM,RANGE,PREMIUM_SELL_BULL,UPTREND_ADX_25_RANGE,24.93,1,44.29,HIGH,3,0,0,0,0,0,NO_TRADE,,entry_cooldown_1min_remaining,
12:39:32,23555.8,23536.5,23477.55,NARROW,23565.0,23466.65,0.906,UPTREND,STRONG_SELL_PREMIUM,RANGE,PREMIUM_SELL_BULL,UPTREND_ADX_25_RANGE,24.93,1,44.26,HIGH,3,0,0,0,0,0,NO_TRADE,,entry_cooldown_1min_remaining,
12:39:47,23557.65,23536.5,23477.55,NARROW,23565.0,23466.65,0.925,UPTREND,STRONG_SELL_PREMIUM,RANGE,PREMIUM_SELL_BULL,UPTREND_ADX_25_RANGE,24.93,1,44.24,HIGH,3,0,0,0,0,0,NO_TRADE,,entry_cooldown_1min_remaining,
12:40:02,23557.6,23536.5,23477.55,NARROW,23565.0,23466.65,0.925,UPTREND,STRONG_SELL_PREMIUM,RANGE,PREMIUM_SELL_BULL,UPTREND_ADX_27_RANGE,27.21,1,44.21,HIGH,3,0,0,0,0,0,NO_TRADE,,entry_cooldown_1min_remaining,
12:40:17,23558.15,23536.5,23477.55,NARROW,23565.0,23466.65,0.930,UPTREND,STRONG_SELL_PREMIUM,RANGE,PREMIUM_SELL_BULL,UPTREND_ADX_27_RANGE,27.21,1,44.18,HIGH,3,0,0,0,0,0,NO_TRADE,,entry_cooldown_0min_remaining,
12:40:32,23558.95,23536.5,23477.55,NARROW,23565.0,23466.65,0.938,UPTREND,STRONG_SELL_PREMIUM,RANGE,PREMIUM_SELL_BULL,UPTREND_ADX_27_RANGE,27.21,1,44.16,HIGH,3,0,0,0,0,0,NO_TRADE,,entry_cooldown_0min_remaining,
12:40:47,23558.1,23536.5,23477.55,NARROW,23565.0,23466.65,0.930,UPTREND,STRONG_SELL_PREMIUM,RANGE,PREMIUM_SELL_BULL,UPTREND_ADX_27_RANGE,27.21,1,44.13,HIGH,3,0,0,0,0,0,NO_TRADE,,day_structure_contradicts_bull_premium:gap_down_unfilled_dh=23565_pc=23635_wall=24000x4.2,
12:41:02,23557.6,23536.5,23477.55,NARROW,23565.0,23466.65,0.925,UPTREND,STRONG_SELL_PREMIUM,RANGE,PREMIUM_SELL_BULL,UPTREND_ADX_27_RANGE,27.21,1,44.1,HIGH,3,0,0,0,0,0,NO_TRADE,,day_structure_contradicts_bull_premium:gap_down_unfilled_dh=23565_pc=23635_wall=24000x4.2,
12:41:17,23554.8,23536.5,23477.55,NARROW,23565.0,23466.65,0.896,UPTREND,STRONG_SELL_PREMIUM,RANGE,PREMIUM_SELL_BULL,UPTREND_ADX_27_RANGE,27.21,1,44.08,HIGH,3,0,0,0,0,0,NO_TRADE,,day_structure_contradicts_bull_premium:gap_down_unfilled_dh=23565_pc=23635_wall=24000x4.2,
12:41:32,23556.95,23536.5,23477.55,NARROW,23565.0,23466.65,0.918,UPTREND,STRONG_SELL_PREMIUM,RANGE,PREMIUM_SELL_BULL,UPTREND_ADX_27_RANGE,27.21,1,44.05,HIGH,3,0,0,0,0,0,NO_TRADE,,day_structure_contradicts_bull_premium:gap_down_unfilled_dh=23565_pc=23635_wall=24000x4.2,
12:41:47,23559.7,23536.5,23477.55,NARROW,23565.0,23466.65,0.946,UPTREND,STRONG_SELL_PREMIUM,RANGE,PREMIUM_SELL_BULL,UPTREND_ADX_27_RANGE,27.21,1,44.02,HIGH,3,0,0,0,0,0,NO_TRADE,,day_structure_contradicts_bull_premium:gap_down_unfilled_dh=23565_pc=23635_wall=24000x4.2,
12:42:02,23561.7,23536.5,23477.55,NARROW,23568.0,23466.65,0.938,UPTREND,STRONG_SELL_PREMIUM,RANGE,PREMIUM_SELL_BEAR,UPTREND_ADX_27_RANGE,27.36,1,45.34,HIGH,3,0,1,0,0,0,ENTER,BEAR_CALL_SPREAD,regime:PREMIUM_SELL_BEAR:conf=HIGH:dte=3:adx=27:price=UPTREND,
12:42:17,23565.0,23536.5,23477.55,NARROW,23568.0,23466.65,0.970,UPTREND,STRONG_SELL_PREMIUM,RANGE,PREMIUM_SELL_BULL,UPTREND_ADX_27_RANGE,27.36,1,45.31,HIGH,3,0,1,0,0,0,,,,
12:42:32,23566.05,23536.5,23477.55,NARROW,23568.0,23466.65,0.981,UPTREND,STRONG_SELL_PREMIUM,RANGE,PREMIUM_SELL_BEAR,AFTERNOON_DAY_HIGH_FADE_DTE3,27.36,1,45.28,HIGH,3,0,1,0,0,0,,,,
12:42:47,23565.85,23536.5,23477.55,NARROW,23568.0,23466.65,0.979,UPTREND,STRONG_SELL_PREMIUM,RANGE,PREMIUM_SELL_BEAR,AFTERNOON_DAY_HIGH_FADE_DTE3,27.36,1,45.26,HIGH,3,0,1,0,0,0,,,,
12:43:02,23568.3,23536.5,23477.55,NARROW,23571.55,23466.65,0.969,UPTREND,STRONG_SELL_PREMIUM,RANGE,PREMIUM_SELL_BEAR,AFTERNOON_DAY_HIGH_FADE_DTE3,27.52,1,46.81,HIGH,3,0,1,0,0,0,,,,
12:43:17,23567.95,23536.5,23477.55,NARROW,23571.55,23466.65,0.966,UPTREND,STRONG_SELL_PREMIUM,RANGE,PREMIUM_SELL_BEAR,AFTERNOON_DAY_HIGH_FADE_DTE3,27.52,1,46.78,HIGH,3,0,1,0,0,0,,,,
12:43:32,23567.4,23536.5,23477.55,NARROW,23571.55,23466.65,0.960,UPTREND,STRONG_SELL_PREMIUM,RANGE,PREMIUM_SELL_BEAR,AFTERNOON_DAY_HIGH_FADE_DTE3,27.52,1,46.76,HIGH,3,0,1,0,0,0,,,,
12:43:47,23568.95,23536.5,23477.55,NARROW,23571.55,23466.65,0.975,UPTREND,STRONG_SELL_PREMIUM,RANGE,PREMIUM_SELL_BEAR,AFTERNOON_DAY_HIGH_FADE_DTE3,27.52,1,46.73,HIGH,3,0,1,0,0,0,,,,
12:44:02,23567.65,23536.5,23477.55,NARROW,23571.55,23466.65,0.963,UPTREND,STRONG_SELL_PREMIUM,RANGE,PREMIUM_SELL_BEAR,AFTERNOON_DAY_HIGH_FADE_DTE3,27.52,1,46.7,HIGH,3,0,1,0,0,0,,,,
12:44:17,23568.75,23536.5,23477.55,NARROW,23571.55,23466.65,0.973,UPTREND,STRONG_SELL_PREMIUM,RANGE,PREMIUM_SELL_BEAR,AFTERNOON_DAY_HIGH_FADE_DTE3,27.52,1,46.67,HIGH,3,0,1,0,0,0,,,,
12:44:32,23566.3,23536.5,23477.55,NARROW,23571.55,23466.65,0.950,UPTREND,STRONG_SELL_PREMIUM,RANGE,PREMIUM_SELL_BEAR,AFTERNOON_DAY_HIGH_FADE_DTE3,27.52,1,46.64,HIGH,3,0,1,0,0,0,,,,
12:44:47,23566.55,23536.5,23477.55,NARROW,23571.55,23466.65,0.952,UPTREND,STRONG_SELL_PREMIUM,RANGE,PREMIUM_SELL_BEAR,AFTERNOON_DAY_HIGH_FADE_DTE3,27.52,1,46.62,HIGH,3,0,1,0,0,0,,,,
12:45:02,23565.3,23536.5,23477.55,NARROW,23571.55,23466.65,0.940,UPTREND,STRONG_SELL_PREMIUM,RANGE,PREMIUM_SELL_BEAR,AFTERNOON_DAY_HIGH_FADE_DTE3,29.86,1,46.59,HIGH,3,0,1,0,0,0,,,,
12:45:17,23565.2,23536.5,23477.55,NARROW,23571.55,23466.65,0.939,UPTREND,STRONG_SELL_PREMIUM,RANGE,PREMIUM_SELL_BEAR,AFTERNOON_DAY_HIGH_FADE_DTE3,29.86,1,46.56,HIGH,3,0,1,0,0,0,,,,
12:45:32,23562.65,23536.5,23477.55,NARROW,23571.55,23466.65,0.915,UPTREND,STRONG_SELL_PREMIUM,RANGE,PREMIUM_SELL_BEAR,AFTERNOON_DAY_HIGH_FADE_DTE3,29.86,1,46.53,HIGH,3,0,1,0,0,0,,,,
12:45:47,23556.4,23536.5,23477.55,NARROW,23571.55,23466.65,0.856,RANGE,STRONG_SELL_PREMIUM,RANGE,PREMIUM_SELL_BEAR,AFTERNOON_DAY_HIGH_FADE_DTE3,29.86,1,46.51,HIGH,3,0,1,0,0,0,,,,
12:46:02,23559.55,23536.5,23477.55,NARROW,23571.55,23466.65,0.886,UPTREND,STRONG_SELL_PREMIUM,RANGE,PREMIUM_SELL_BEAR,AFTERNOON_DAY_HIGH_FADE_DTE3,29.86,1,46.48,HIGH,3,0,1,0,0,0,,,,
12:46:17,23558.65,23536.5,23477.55,NARROW,23571.55,23466.65,0.877,UPTREND,STRONG_SELL_PREMIUM,RANGE,PREMIUM_SELL_BEAR,AFTERNOON_DAY_HIGH_FADE_DTE3,29.86,1,46.45,HIGH,3,0,1,0,0,0,,,,
12:46:32,23559.9,23536.5,23477.55,NARROW,23571.55,23466.65,0.889,UPTREND,STRONG_SELL_PREMIUM,RANGE,PREMIUM_SELL_BEAR,AFTERNOON_DAY_HIGH_FADE_DTE3,29.86,1,46.42,HIGH,3,0,1,0,0,0,,,,
12:46:47,23561.75,23536.5,23477.55,NARROW,23571.55,23466.65,0.907,UPTREND,STRONG_SELL_PREMIUM,RANGE,PREMIUM_SELL_BEAR,AFTERNOON_DAY_HIGH_FADE_DTE3,29.86,1,46.4,HIGH,3,0,1,0,0,0,,,,
12:47:02,23562.1,23536.5,23477.55,NARROW,23571.55,23466.65,0.910,UPTREND,STRONG_SELL_PREMIUM,RANGE,PREMIUM_SELL_BEAR,AFTERNOON_DAY_HIGH_FADE_DTE3,29.86,1,46.37,HIGH,3,0,1,0,0,0,,,,
12:47:17,23563.3,23536.5,23477.55,NARROW,23571.55,23466.65,0.921,UPTREND,STRONG_SELL_PREMIUM,RANGE,PREMIUM_SELL_BEAR,AFTERNOON_DAY_HIGH_FADE_DTE3,29.86,1,46.34,HIGH,3,0,1,0,0,0,,,,
12:47:32,23563.15,23536.5,23477.55,NARROW,23571.55,23466.65,0.920,UPTREND,STRONG_SELL_PREMIUM,RANGE,PREMIUM_SELL_BEAR,AFTERNOON_DAY_HIGH_FADE_DTE3,29.86,1,46.31,HIGH,3,0,1,0,0,0,,,,
12:47:47,23563.85,23536.5,23477.55,NARROW,23571.55,23466.65,0.927,UPTREND,STRONG_SELL_PREMIUM,RANGE,PREMIUM_SELL_BEAR,AFTERNOON_DAY_HIGH_FADE_DTE3,29.86,1,46.29,HIGH,3,0,1,0,0,0,,,,
12:48:02,23563.85,23536.5,23477.55,NARROW,23571.55,23466.65,0.927,UPTREND,STRONG_SELL_PREMIUM,RANGE,PREMIUM_SELL_BEAR,AFTERNOON_DAY_HIGH_FADE_DTE3,29.86,1,46.26,HIGH,3,0,1,0,0,0,,,,
12:48:17,23563.4,23536.5,23477.55,NARROW,23571.55,23466.65,0.922,UPTREND,STRONG_SELL_PREMIUM,RANGE,PREMIUM_SELL_BEAR,AFTERNOON_DAY_HIGH_FADE_DTE3,29.86,1,46.23,HIGH,3,0,1,0,0,0,,,,
12:48:32,23565.1,23536.5,23477.55,NARROW,23571.55,23466.65,0.939,UPTREND,STRONG_SELL_PREMIUM,RANGE,PREMIUM_SELL_BEAR,AFTERNOON_DAY_HIGH_FADE_DTE3,29.86,1,46.2,HIGH,3,0,1,0,0,0,,,,
12:48:47,23564.95,23536.5,23477.55,NARROW,23571.55,23466.65,0.937,UPTREND,STRONG_SELL_PREMIUM,RANGE,PREMIUM_SELL_BEAR,AFTERNOON_DAY_HIGH_FADE_DTE3,29.86,1,46.18,HIGH,3,0,1,0,0,0,,,,
12:49:02,23566.75,23536.5,23477.55,NARROW,23571.55,23466.65,0.954,UPTREND,STRONG_SELL_PREMIUM,RANGE,PREMIUM_SELL_BEAR,AFTERNOON_DAY_HIGH_FADE_DTE3,29.86,1,46.15,HIGH,3,0,1,0,0,0,,,,
12:49:17,23568.2,23536.5,23477.55,NARROW,23571.55,23466.65,0.968,UPTREND,STRONG_SELL_PREMIUM,RANGE,PREMIUM_SELL_BEAR,AFTERNOON_DAY_HIGH_FADE_DTE3,29.86,1,46.12,HIGH,3,0,1,0,0,0,,,,
12:49:32,23567.85,23536.5,23477.55,NARROW,23571.55,23466.65,0.965,UPTREND,STRONG_SELL_PREMIUM,RANGE,PREMIUM_SELL_BEAR,AFTERNOON_DAY_HIGH_FADE_DTE3,29.86,1,46.1,HIGH,3,0,1,0,0,0,,,,
12:49:47,23562.3,23536.5,23477.55,NARROW,23571.55,23466.65,0.912,UPTREND,STRONG_SELL_PREMIUM,RANGE,PREMIUM_SELL_BEAR,AFTERNOON_DAY_HIGH_FADE_DTE3,29.86,1,46.07,HIGH,3,0,1,0,0,0,,,,
12:50:02,23559.25,23536.5,23477.55,NARROW,23571.55,23466.65,0.883,UPTREND,STRONG_SELL_PREMIUM,RANGE,PREMIUM_SELL_BEAR,AFTERNOON_DAY_HIGH_FADE_DTE3,31.96,1,46.04,HIGH,3,0,1,0,0,0,,,,
12:50:17,23560.3,23536.5,23477.55,NARROW,23571.55,23466.65,0.893,UPTREND,STRONG_SELL_PREMIUM,RANGE,PREMIUM_SELL_BEAR,AFTERNOON_DAY_HIGH_FADE_DTE3,31.96,1,46.02,HIGH,3,0,1,0,0,0,,,,
12:50:32,23558.65,23536.5,23477.55,NARROW,23571.55,23466.65,0.877,UPTREND,STRONG_SELL_PREMIUM,RANGE,PREMIUM_SELL_BEAR,AFTERNOON_DAY_HIGH_FADE_DTE3,31.96,1,45.99,HIGH,3,0,1,0,0,0,,,,
12:50:47,23558.95,23536.5,23477.55,NARROW,23571.55,23466.65,0.880,UPTREND,STRONG_SELL_PREMIUM,RANGE,PREMIUM_SELL_BEAR,AFTERNOON_DAY_HIGH_FADE_DTE3,31.96,1,45.96,HIGH,3,0,1,0,0,0,,,,
12:51:02,23558.8,23536.5,23477.55,NARROW,23571.55,23466.65,0.878,UPTREND,STRONG_SELL_PREMIUM,RANGE,PREMIUM_SELL_BEAR,AFTERNOON_DAY_HIGH_FADE_DTE3,31.92,1,45.94,HIGH,3,0,1,0,0,0,,,,
12:51:17,23556.65,23536.5,23477.55,NARROW,23571.55,23466.65,0.858,UPTREND,STRONG_SELL_PREMIUM,RANGE,PREMIUM_SELL_BEAR,AFTERNOON_DAY_HIGH_FADE_DTE3,31.92,1,45.91,HIGH,3,0,1,0,0,0,,,,
12:51:32,23559.25,23536.5,23477.55,NARROW,23571.55,23466.65,0.883,UPTREND,STRONG_SELL_PREMIUM,RANGE,PREMIUM_SELL_BEAR,AFTERNOON_DAY_HIGH_FADE_DTE3,31.92,1,45.88,HIGH,3,0,1,0,0,0,,,,
12:51:47,23559.2,23536.5,23477.55,NARROW,23571.55,23466.65,0.882,UPTREND,STRONG_SELL_PREMIUM,RANGE,PREMIUM_SELL_BEAR,AFTERNOON_DAY_HIGH_FADE_DTE3,31.92,1,45.86,HIGH,3,0,1,0,0,0,,,,
12:52:03,23560.7,23536.5,23477.55,NARROW,23571.55,23466.65,0.897,UPTREND,STRONG_SELL_PREMIUM,RANGE,PREMIUM_SELL_BEAR,AFTERNOON_DAY_HIGH_FADE_DTE3,31.92,1,45.83,HIGH,3,0,1,0,0,0,,,,
12:52:18,23561.4,23536.5,23477.55,NARROW,23571.55,23466.65,0.903,UPTREND,STRONG_SELL_PREMIUM,RANGE,PREMIUM_SELL_BEAR,AFTERNOON_DAY_HIGH_FADE_DTE3,31.92,1,45.8,HIGH,3,0,1,0,0,0,,,,
12:52:33,23563.05,23536.5,23477.55,NARROW,23571.55,23466.65,0.919,UPTREND,STRONG_SELL_PREMIUM,RANGE,PREMIUM_SELL_BEAR,AFTERNOON_DAY_HIGH_FADE_DTE3,31.92,1,45.78,HIGH,3,0,1,0,0,0,,,,
12:52:48,23562.95,23536.5,23477.55,NARROW,23571.55,23466.65,0.918,UPTREND,STRONG_SELL_PREMIUM,RANGE,PREMIUM_SELL_BEAR,AFTERNOON_DAY_HIGH_FADE_DTE3,31.92,1,45.75,HIGH,3,0,1,0,0,0,,,,
12:53:03,23561.55,23536.5,23477.55,NARROW,23571.55,23466.65,0.905,UPTREND,STRONG_SELL_PREMIUM,RANGE,PREMIUM_SELL_BEAR,AFTERNOON_DAY_HIGH_FADE_DTE3,30.91,1,45.72,HIGH,3,0,1,0,0,0,,,,
12:53:18,23560.4,23536.5,23477.55,NARROW,23571.55,23466.65,0.894,UPTREND,STRONG_SELL_PREMIUM,RANGE,PREMIUM_SELL_BEAR,AFTERNOON_DAY_HIGH_FADE_DTE3,30.91,1,45.7,HIGH,3,0,1,0,0,0,,,,
12:53:33,23558.3,23536.5,23477.55,NARROW,23571.55,23466.65,0.874,UPTREND,STRONG_SELL_PREMIUM,RANGE,PREMIUM_SELL_BEAR,AFTERNOON_DAY_HIGH_FADE_DTE3,30.91,1,45.67,HIGH,3,0,1,0,0,0,,,,
12:53:48,23552.45,23536.5,23477.55,NARROW,23571.55,23466.65,0.818,RANGE,STRONG_SELL_PREMIUM,RANGE,PREMIUM_SELL_BEAR,AFTERNOON_DAY_HIGH_FADE_DTE3,30.91,1,45.65,HIGH,3,0,1,0,0,0,,,,
12:54:03,23550.4,23536.5,23477.55,NARROW,23571.55,23466.65,0.798,RANGE,STRONG_SELL_PREMIUM,RANGE,NO_TRADE,RANGE_DTE3_ADX_30_STRONG_TREND,30.28,1,45.62,HIGH,3,0,0,0,0,0,,,,
12:54:18,23549.15,23536.5,23477.55,NARROW,23571.55,23466.65,0.786,RANGE,STRONG_SELL_PREMIUM,RANGE,NO_TRADE,RANGE_DTE3_ADX_30_STRONG_TREND,30.28,1,45.59,HIGH,3,0,0,0,0,0,,,,
12:54:33,23550.3,23536.5,23477.55,NARROW,23571.55,23466.65,0.797,RANGE,STRONG_SELL_PREMIUM,RANGE,NO_TRADE,RANGE_DTE3_ADX_30_STRONG_TREND,30.28,1,45.57,HIGH,3,0,0,0,0,0,,,,
12:54:48,23548.9,23536.5,23477.55,NARROW,23571.55,23466.65,0.784,RANGE,STRONG_SELL_PREMIUM,RANGE,NO_TRADE,RANGE_DTE3_ADX_30_STRONG_TREND,30.28,1,45.54,HIGH,3,0,0,0,0,0,,,,
12:55:03,23549.15,23536.5,23477.55,NARROW,23571.55,23466.65,0.786,RANGE,STRONG_SELL_PREMIUM,RANGE,NO_TRADE,RANGE_DTE3_ADX_30_STRONG_TREND,30.25,1,45.52,HIGH,3,0,0,0,0,0,,,,
12:55:18,23547.8,23536.5,23477.55,NARROW,23571.55,23466.65,0.774,RANGE,STRONG_SELL_PREMIUM,RANGE,NO_TRADE,RANGE_DTE3_ADX_30_STRONG_TREND,30.25,1,45.49,HIGH,3,0,0,0,0,0,,,,
12:55:33,23544.2,23536.5,23477.55,NARROW,23571.55,23466.65,0.739,RANGE,STRONG_SELL_PREMIUM,RANGE,NO_TRADE,RANGE_DTE3_ADX_30_STRONG_TREND,30.25,1,45.46,HIGH,3,0,0,0,0,0,,,,
12:55:48,23548.25,23536.5,23477.55,NARROW,23571.55,23466.65,0.778,RANGE,STRONG_SELL_PREMIUM,RANGE,NO_TRADE,RANGE_DTE3_ADX_30_STRONG_TREND,30.25,1,45.44,HIGH,3,0,0,0,0,0,,,,
12:56:03,23550.1,23536.5,23477.55,NARROW,23571.55,23466.65,0.796,RANGE,STRONG_SELL_PREMIUM,RANGE,NO_TRADE,RANGE_DTE3_ADX_30_STRONG_TREND,30.25,1,45.41,HIGH,3,0,0,0,0,0,,,,
12:56:18,23552.6,23536.5,23477.55,NARROW,23571.55,23466.65,0.819,RANGE,STRONG_SELL_PREMIUM,RANGE,NO_TRADE,RANGE_DTE3_ADX_30_STRONG_TREND,30.25,1,45.39,HIGH,3,0,1,0,0,0,,,,
12:56:33,23556.45,23536.5,23477.55,NARROW,23571.55,23466.65,0.856,RANGE,STRONG_SELL_PREMIUM,RANGE,NO_TRADE,RANGE_DTE3_ADX_30_STRONG_TREND,30.25,1,45.36,HIGH,3,0,1,0,0,0,,,,
12:56:48,23559.3,23536.5,23477.55,NARROW,23571.55,23466.65,0.883,UPTREND,STRONG_SELL_PREMIUM,RANGE,PREMIUM_SELL_BEAR,AFTERNOON_DAY_HIGH_FADE_DTE3,30.25,1,45.34,HIGH,3,0,1,0,0,0,,,,
12:57:03,23559.45,23536.5,23477.55,NARROW,23571.55,23466.65,0.885,UPTREND,STRONG_SELL_PREMIUM,RANGE,PREMIUM_SELL_BEAR,AFTERNOON_DAY_HIGH_FADE_DTE3,30.25,1,45.31,HIGH,3,0,1,0,0,0,,,,
12:57:18,23560.7,23536.5,23477.55,NARROW,23571.55,23466.65,0.897,UPTREND,STRONG_SELL_PREMIUM,RANGE,PREMIUM_SELL_BEAR,AFTERNOON_DAY_HIGH_FADE_DTE3,30.25,1,45.28,HIGH,3,0,1,0,0,0,,,,
12:57:33,23561.0,23536.5,23477.55,NARROW,23571.55,23466.65,0.899,UPTREND,STRONG_SELL_PREMIUM,RANGE,PREMIUM_SELL_BEAR,AFTERNOON_DAY_HIGH_FADE_DTE3,30.25,1,45.26,HIGH,3,0,1,0,0,0,,,,
12:57:48,23560.7,23536.5,23477.55,NARROW,23571.55,23466.65,0.897,UPTREND,STRONG_SELL_PREMIUM,RANGE,PREMIUM_SELL_BEAR,AFTERNOON_DAY_HIGH_FADE_DTE3,30.25,1,45.23,HIGH,3,0,1,0,0,0,,,,
12:58:03,23562.35,23536.5,23477.55,NARROW,23571.55,23466.65,0.912,UPTREND,STRONG_SELL_PREMIUM,RANGE,PREMIUM_SELL_BEAR,AFTERNOON_DAY_HIGH_FADE_DTE3,30.25,1,45.21,HIGH,3,0,1,0,0,0,,,,
12:58:18,23563.4,23536.5,23477.55,NARROW,23571.55,23466.65,0.922,UPTREND,STRONG_SELL_PREMIUM,RANGE,PREMIUM_SELL_BEAR,AFTERNOON_DAY_HIGH_FADE_DTE3,30.25,1,45.18,HIGH,3,0,1,0,0,0,,,,
12:58:33,23564.25,23536.5,23477.55,NARROW,23571.55,23466.65,0.930,UPTREND,STRONG_SELL_PREMIUM,RANGE,PREMIUM_SELL_BEAR,AFTERNOON_DAY_HIGH_FADE_DTE3,30.25,1,45.16,HIGH,3,0,1,0,0,0,,,,
12:58:48,23563.75,23536.5,23477.55,NARROW,23571.55,23466.65,0.926,UPTREND,STRONG_SELL_PREMIUM,RANGE,PREMIUM_SELL_BEAR,AFTERNOON_DAY_HIGH_FADE_DTE3,30.25,1,45.13,HIGH,3,0,1,0,0,0,,,,
12:59:03,23563.3,23536.5,23477.55,NARROW,23571.55,23466.65,0.921,UPTREND,STRONG_SELL_PREMIUM,RANGE,PREMIUM_SELL_BEAR,AFTERNOON_DAY_HIGH_FADE_DTE3,30.96,1,45.11,HIGH,3,0,1,0,0,0,,,,
12:59:18,23563.95,23536.5,23477.55,NARROW,23571.55,23466.65,0.928,UPTREND,STRONG_SELL_PREMIUM,RANGE,PREMIUM_SELL_BEAR,AFTERNOON_DAY_HIGH_FADE_DTE3,30.96,1,45.08,HIGH,3,0,1,0,0,0,,,,
12:59:33,23564.9,23536.5,23477.55,NARROW,23571.55,23466.65,0.937,UPTREND,STRONG_SELL_PREMIUM,RANGE,PREMIUM_SELL_BEAR,AFTERNOON_DAY_HIGH_FADE_DTE3,30.96,1,45.06,HIGH,3,0,1,0,0,0,,,,
12:59:48,23565.6,23536.5,23477.55,NARROW,23571.55,23466.65,0.943,UPTREND,STRONG_SELL_PREMIUM,RANGE,PREMIUM_SELL_BEAR,AFTERNOON_DAY_HIGH_FADE_DTE3,30.96,1,45.03,HIGH,3,0,1,0,0,0,,,,
13:00:03,23567.65,23536.5,23477.55,NARROW,23571.55,23466.65,0.963,UPTREND,STRONG_SELL_PREMIUM,RANGE,PREMIUM_SELL_BEAR,AFTERNOON_DAY_HIGH_FADE_DTE3,31.75,1,45.01,HIGH,3,0,1,0,0,0,,,,
13:00:18,23568.4,23536.5,23477.55,NARROW,23571.55,23466.65,0.970,UPTREND,STRONG_SELL_PREMIUM,STRONG_RANGE,PREMIUM_SELL_BEAR,AFTERNOON_DAY_HIGH_FADE_DTE3,31.75,1,44.98,HIGH,3,0,1,0,0,0,,,,
13:00:33,23565.75,23536.5,23477.55,NARROW,23571.55,23466.65,0.945,UPTREND,STRONG_SELL_PREMIUM,STRONG_RANGE,PREMIUM_SELL_BEAR,AFTERNOON_DAY_HIGH_FADE_DTE3,31.75,1,44.96,HIGH,3,0,1,0,0,0,,,,
13:00:48,23561.6,23536.5,23477.55,NARROW,23571.55,23466.65,0.905,UPTREND,STRONG_SELL_PREMIUM,STRONG_RANGE,PREMIUM_SELL_BEAR,AFTERNOON_DAY_HIGH_FADE_DTE3,31.75,1,44.93,HIGH,3,0,1,0,0,0,,,,
13:01:03,23557.75,23536.5,23477.55,NARROW,23571.55,23466.65,0.868,UPTREND,STRONG_SELL_PREMIUM,STRONG_RANGE,PREMIUM_SELL_BEAR,AFTERNOON_DAY_HIGH_FADE_DTE3,31.75,1,44.91,HIGH,3,0,1,0,0,0,,,,
13:01:19,23559.45,23536.5,23477.55,NARROW,23571.55,23466.65,0.885,UPTREND,STRONG_SELL_PREMIUM,STRONG_RANGE,PREMIUM_SELL_BEAR,AFTERNOON_DAY_HIGH_FADE_DTE3,31.75,1,44.88,HIGH,3,0,1,0,0,0,,,,
13:01:34,23558.1,23536.5,23477.55,NARROW,23571.55,23466.65,0.872,UPTREND,STRONG_SELL_PREMIUM,STRONG_RANGE,PREMIUM_SELL_BEAR,AFTERNOON_DAY_HIGH_FADE_DTE3,31.75,1,44.86,HIGH,3,0,1,0,0,0,,,,
13:01:49,23557.8,23536.5,23477.55,NARROW,23571.55,23466.65,0.869,UPTREND,STRONG_SELL_PREMIUM,STRONG_RANGE,PREMIUM_SELL_BEAR,AFTERNOON_DAY_HIGH_FADE_DTE3,31.75,1,44.83,HIGH,3,0,1,0,0,0,,,,
13:02:04,23556.9,23536.5,23477.55,NARROW,23571.55,23466.65,0.860,UPTREND,STRONG_SELL_PREMIUM,STRONG_RANGE,PREMIUM_SELL_BEAR,AFTERNOON_DAY_HIGH_FADE_DTE3,31.75,1,44.81,HIGH,3,0,1,0,0,0,,,,
13:02:19,23554.5,23536.5,23477.55,NARROW,23571.55,23466.65,0.837,RANGE,STRONG_SELL_PREMIUM,STRONG_RANGE,PREMIUM_SELL_BEAR,AFTERNOON_DAY_HIGH_FADE_DTE3,31.75,1,44.78,HIGH,3,0,1,0,0,0,,,,
13:02:34,23550.8,23536.5,23477.55,NARROW,23571.55,23466.65,0.802,RANGE,STRONG_SELL_PREMIUM,STRONG_RANGE,PREMIUM_SELL_BEAR,AFTERNOON_DAY_HIGH_FADE_DTE3,31.75,1,44.76,HIGH,3,0,1,0,0,0,,,,
13:02:49,23547.65,23536.5,23477.55,NARROW,23571.55,23466.65,0.772,RANGE,STRONG_SELL_PREMIUM,STRONG_RANGE,NO_TRADE,RANGE_DTE3_ADX_32_STRONG_TREND,31.75,1,44.73,HIGH,3,0,0,0,0,0,,,,
13:03:04,23546.25,23536.5,23477.55,NARROW,23571.55,23466.65,0.759,RANGE,STRONG_SELL_PREMIUM,STRONG_RANGE,NO_TRADE,RANGE_DTE3_ADX_32_STRONG_TREND,31.75,1,44.71,HIGH,3,0,0,0,0,0,,,,
13:03:19,23546.35,23536.5,23477.55,NARROW,23571.55,23466.65,0.760,RANGE,STRONG_SELL_PREMIUM,STRONG_RANGE,NO_TRADE,RANGE_DTE3_ADX_32_STRONG_TREND,31.75,1,44.68,HIGH,3,0,0,0,0,0,,,,
13:03:34,23548.9,23536.5,23477.55,NARROW,23571.55,23466.65,0.784,RANGE,STRONG_SELL_PREMIUM,STRONG_RANGE,NO_TRADE,RANGE_DTE3_ADX_32_STRONG_TREND,31.75,1,44.66,HIGH,3,0,0,0,0,0,,,,
13:03:49,23550.4,23536.5,23477.55,NARROW,23571.55,23466.65,0.798,RANGE,STRONG_SELL_PREMIUM,STRONG_RANGE,NO_TRADE,RANGE_DTE3_ADX_32_STRONG_TREND,31.75,1,44.64,HIGH,3,0,0,0,0,0,,,,
13:04:04,23549.05,23536.5,23477.55,NARROW,23571.55,23466.65,0.786,RANGE,STRONG_SELL_PREMIUM,STRONG_RANGE,NO_TRADE,RANGE_DTE3_ADX_32_STRONG_TREND,31.75,1,44.61,HIGH,3,0,0,0,0,0,,,,
13:04:19,23547.95,23536.5,23477.55,NARROW,23571.55,23466.65,0.775,RANGE,STRONG_SELL_PREMIUM,STRONG_RANGE,NO_TRADE,RANGE_DTE3_ADX_32_STRONG_TREND,31.75,1,44.59,HIGH,3,0,0,0,0,0,,,,
13:04:34,23547.1,23536.5,23477.55,NARROW,23571.55,23466.65,0.767,RANGE,STRONG_SELL_PREMIUM,STRONG_RANGE,NO_TRADE,RANGE_DTE3_ADX_32_STRONG_TREND,31.75,1,44.56,HIGH,3,0,0,0,0,0,,,,
13:04:49,23547.5,23536.5,23477.55,NARROW,23571.55,23466.65,0.771,RANGE,STRONG_SELL_PREMIUM,STRONG_RANGE,NO_TRADE,RANGE_DTE3_ADX_32_STRONG_TREND,31.75,1,44.54,HIGH,3,0,0,0,0,0,,,,
13:05:04,23549.25,23536.5,23477.55,NARROW,23571.55,23466.65,0.787,RANGE,STRONG_SELL_PREMIUM,STRONG_RANGE,NO_TRADE,RANGE_DTE3_ADX_32_STRONG_TREND,32.45,1,44.51,HIGH,3,0,0,0,0,0,,,,
13:05:19,23548.8,23536.5,23477.55,NARROW,23571.55,23466.65,0.783,RANGE,STRONG_SELL_PREMIUM,STRONG_RANGE,NO_TRADE,RANGE_DTE3_ADX_32_STRONG_TREND,32.45,1,44.49,HIGH,3,0,0,0,0,0,,,,
13:05:34,23548.35,23536.5,23477.55,NARROW,23571.55,23466.65,0.779,RANGE,STRONG_SELL_PREMIUM,STRONG_RANGE,NO_TRADE,RANGE_DTE3_ADX_32_STRONG_TREND,32.45,1,44.47,HIGH,3,0,0,0,0,0,,,,
13:05:49,23550.05,23536.5,23477.55,NARROW,23571.55,23466.65,0.795,RANGE,STRONG_SELL_PREMIUM,STRONG_RANGE,NO_TRADE,RANGE_DTE3_ADX_32_STRONG_TREND,32.45,1,44.44,HIGH,3,0,0,0,0,0,,,,
13:06:04,23550.15,23536.5,23477.55,NARROW,23571.55,23466.65,0.796,RANGE,STRONG_SELL_PREMIUM,STRONG_RANGE,NO_TRADE,RANGE_DTE3_ADX_32_STRONG_TREND,32.45,1,44.42,HIGH,3,0,0,0,0,0,,,,
13:06:19,23550.5,23536.5,23477.55,NARROW,23571.55,23466.65,0.799,RANGE,STRONG_SELL_PREMIUM,STRONG_RANGE,NO_TRADE,RANGE_DTE3_ADX_32_STRONG_TREND,32.45,1,44.39,HIGH,3,0,0,0,0,0,,,,
13:06:34,23552.75,23536.5,23477.55,NARROW,23571.55,23466.65,0.821,RANGE,STRONG_SELL_PREMIUM,STRONG_RANGE,NO_TRADE,RANGE_DTE3_ADX_32_STRONG_TREND,32.45,1,44.37,HIGH,3,0,1,0,0,0,,,,
13:06:49,23555.0,23536.5,23477.55,NARROW,23571.55,23466.65,0.842,RANGE,STRONG_SELL_PREMIUM,STRONG_RANGE,NO_TRADE,RANGE_DTE3_ADX_32_STRONG_TREND,32.45,1,44.35,HIGH,3,0,1,0,0,0,,,,
13:07:04,23555.15,23536.5,23477.55,NARROW,23571.55,23466.65,0.844,RANGE,STRONG_SELL_PREMIUM,STRONG_RANGE,PREMIUM_SELL_BEAR,AFTERNOON_DAY_HIGH_FADE_DTE3,32.45,1,44.32,HIGH,3,0,1,0,0,0,,,,
13:07:19,23551.9,23536.5,23477.55,NARROW,23571.55,23466.65,0.813,RANGE,STRONG_SELL_PREMIUM,STRONG_RANGE,PREMIUM_SELL_BEAR,AFTERNOON_DAY_HIGH_FADE_DTE3,32.45,1,44.3,HIGH,3,0,1,0,0,0,,,,
13:07:34,23554.6,23536.5,23477.55,NARROW,23571.55,23466.65,0.838,RANGE,STRONG_SELL_PREMIUM,STRONG_RANGE,PREMIUM_SELL_BEAR,AFTERNOON_DAY_HIGH_FADE_DTE3,32.45,1,44.27,HIGH,3,0,1,0,0,0,,,,
13:07:49,23555.85,23536.5,23477.55,NARROW,23571.55,23466.65,0.850,RANGE,STRONG_SELL_PREMIUM,STRONG_RANGE,PREMIUM_SELL_BEAR,AFTERNOON_DAY_HIGH_FADE_DTE3,32.45,1,44.25,HIGH,3,0,1,0,0,0,,,,
13:08:04,23559.45,23536.5,23477.55,NARROW,23571.55,23466.65,0.885,UPTREND,STRONG_SELL_PREMIUM,STRONG_RANGE,PREMIUM_SELL_BEAR,AFTERNOON_DAY_HIGH_FADE_DTE3,32.45,1,44.23,HIGH,3,0,1,0,0,0,,,,
13:08:19,23556.95,23536.5,23477.55,NARROW,23571.55,23466.65,0.861,UPTREND,STRONG_SELL_PREMIUM,STRONG_RANGE,PREMIUM_SELL_BEAR,AFTERNOON_DAY_HIGH_FADE_DTE3,32.45,1,44.2,HIGH,3,0,1,0,0,0,,,,
13:08:34,23554.3,23536.5,23477.55,NARROW,23571.55,23466.65,0.836,RANGE,STRONG_SELL_PREMIUM,STRONG_RANGE,PREMIUM_SELL_BEAR,AFTERNOON_DAY_HIGH_FADE_DTE3,32.45,1,44.18,HIGH,3,0,1,0,0,0,,,,
13:08:49,23554.5,23536.5,23477.55,NARROW,23571.55,23466.65,0.837,RANGE,STRONG_SELL_PREMIUM,STRONG_RANGE,PREMIUM_SELL_BEAR,AFTERNOON_DAY_HIGH_FADE_DTE3,32.45,1,44.16,HIGH,3,0,1,0,0,0,,,,
13:09:04,23553.4,23536.5,23477.55,NARROW,23571.55,23466.65,0.827,RANGE,STRONG_SELL_PREMIUM,STRONG_RANGE,PREMIUM_SELL_BEAR,AFTERNOON_DAY_HIGH_FADE_DTE3,32.45,1,44.13,HIGH,3,0,1,0,0,0,,,,
13:09:19,23553.8,23536.5,23477.55,NARROW,23571.55,23466.65,0.831,RANGE,STRONG_SELL_PREMIUM,STRONG_RANGE,PREMIUM_SELL_BEAR,AFTERNOON_DAY_HIGH_FADE_DTE3,32.45,1,44.11,HIGH,3,0,1,0,0,0,,,,
13:09:34,23551.8,23536.5,23477.55,NARROW,23571.55,23466.65,0.812,RANGE,STRONG_SELL_PREMIUM,STRONG_RANGE,PREMIUM_SELL_BEAR,AFTERNOON_DAY_HIGH_FADE_DTE3,32.45,1,44.08,HIGH,3,0,1,0,0,0,,,,
13:09:49,23552.1,23536.5,23477.55,NARROW,23571.55,23466.65,0.815,RANGE,STRONG_SELL_PREMIUM,STRONG_RANGE,PREMIUM_SELL_BEAR,AFTERNOON_DAY_HIGH_FADE_DTE3,32.45,1,44.06,HIGH,3,0,1,0,0,0,,,,
13:10:04,23549.15,23536.5,23477.55,NARROW,23571.55,23466.65,0.786,RANGE,STRONG_SELL_PREMIUM,STRONG_RANGE,NO_TRADE,RANGE_DTE3_ADX_33_STRONG_TREND,32.67,1,44.04,HIGH,3,0,0,0,0,0,,,,
13:10:19,23548.35,23536.5,23477.55,NARROW,23571.55,23466.65,0.779,RANGE,STRONG_SELL_PREMIUM,STRONG_RANGE,NO_TRADE,RANGE_DTE3_ADX_33_STRONG_TREND,32.67,1,44.01,HIGH,3,0,0,0,0,0,,,,
13:10:34,23547.45,23536.5,23477.55,NARROW,23571.55,23466.65,0.770,RANGE,STRONG_SELL_PREMIUM,STRONG_RANGE,NO_TRADE,RANGE_DTE3_ADX_33_STRONG_TREND,32.67,1,43.99,HIGH,3,0,0,0,0,0,,,,
13:10:49,23547.45,23536.5,23477.55,NARROW,23571.55,23466.65,0.770,RANGE,STRONG_SELL_PREMIUM,STRONG_RANGE,NO_TRADE,RANGE_DTE3_ADX_33_STRONG_TREND,32.67,1,43.97,HIGH,3,0,0,0,0,0,,,,
13:11:04,23547.65,23536.5,23477.55,NARROW,23571.55,23466.65,0.772,RANGE,STRONG_SELL_PREMIUM,STRONG_RANGE,NO_TRADE,RANGE_DTE3_ADX_33_STRONG_TREND,32.67,1,43.94,HIGH,3,0,0,0,0,0,,,,
13:11:19,23548.55,23536.5,23477.55,NARROW,23571.55,23466.65,0.781,RANGE,STRONG_SELL_PREMIUM,STRONG_RANGE,NO_TRADE,RANGE_DTE3_ADX_33_STRONG_TREND,32.67,1,43.92,HIGH,3,0,0,0,0,0,,,,
13:11:34,23547.55,23536.5,23477.55,NARROW,23571.55,23466.65,0.771,RANGE,STRONG_SELL_PREMIUM,STRONG_RANGE,NO_TRADE,RANGE_DTE3_ADX_33_STRONG_TREND,32.67,1,43.9,HIGH,3,0,0,0,0,0,,,,
13:11:49,23546.65,23536.5,23477.55,NARROW,23571.55,23466.65,0.763,RANGE,STRONG_SELL_PREMIUM,STRONG_RANGE,NO_TRADE,RANGE_DTE3_ADX_33_STRONG_TREND,32.67,1,43.87,HIGH,3,0,0,0,0,0,,,,
13:12:04,23541.85,23536.5,23477.55,NARROW,23571.55,23466.65,0.717,RANGE,STRONG_SELL_PREMIUM,STRONG_RANGE,NO_TRADE,RANGE_DTE3_ADX_31_STRONG_TREND,31.46,1,43.85,HIGH,3,0,0,0,0,0,,,,
13:12:19,23539.85,23536.5,23477.55,NARROW,23571.55,23466.65,0.698,RANGE,STRONG_SELL_PREMIUM,STRONG_RANGE,NO_TRADE,RANGE_DTE3_ADX_31_STRONG_TREND,31.46,1,43.83,HIGH,3,0,0,0,0,0,,,,
13:12:34,23542.3,23536.5,23477.55,NARROW,23571.55,23466.65,0.721,RANGE,STRONG_SELL_PREMIUM,STRONG_RANGE,NO_TRADE,RANGE_DTE3_ADX_31_STRONG_TREND,31.46,1,43.81,HIGH,3,0,0,0,0,0,,,,
13:12:49,23542.5,23536.5,23477.55,NARROW,23571.55,23466.65,0.723,RANGE,STRONG_SELL_PREMIUM,STRONG_RANGE,NO_TRADE,RANGE_DTE3_ADX_31_STRONG_TREND,31.46,1,43.78,HIGH,3,0,0,0,0,0,,,,
13:13:04,23541.5,23536.5,23477.55,NARROW,23571.55,23466.65,0.714,RANGE,STRONG_SELL_PREMIUM,STRONG_RANGE,NO_TRADE,RANGE_DTE3_ADX_31_STRONG_TREND,31.32,1,43.76,HIGH,3,0,0,0,0,0,,,,
13:13:20,23541.15,23536.5,23477.55,NARROW,23571.55,23466.65,0.710,RANGE,STRONG_SELL_PREMIUM,STRONG_RANGE,NO_TRADE,RANGE_DTE3_ADX_31_STRONG_TREND,31.32,1,43.74,HIGH,3,0,0,0,0,0,,,,
13:13:34,23540.05,23536.5,23477.55,NARROW,23571.55,23466.65,0.700,RANGE,STRONG_SELL_PREMIUM,STRONG_RANGE,NO_TRADE,RANGE_DTE3_ADX_31_STRONG_TREND,31.32,1,43.71,HIGH,3,0,0,0,0,0,,,,
13:13:50,23541.35,23536.5,23477.55,NARROW,23571.55,23466.65,0.712,RANGE,STRONG_SELL_PREMIUM,STRONG_RANGE,NO_TRADE,RANGE_DTE3_ADX_31_STRONG_TREND,31.32,1,43.69,HIGH,3,0,0,0,0,0,,,,
13:14:05,23541.35,23536.5,23477.55,NARROW,23571.55,23466.65,0.712,RANGE,STRONG_SELL_PREMIUM,STRONG_RANGE,NO_TRADE,RANGE_DTE3_ADX_31_STRONG_TREND,31.32,1,43.67,HIGH,3,0,0,0,0,0,,,,
13:14:20,23540.5,23536.5,23477.55,NARROW,23571.55,23466.65,0.704,RANGE,STRONG_SELL_PREMIUM,STRONG_RANGE,NO_TRADE,RANGE_DTE3_ADX_31_STRONG_TREND,31.32,1,43.64,HIGH,3,0,0,0,0,0,,,,
13:14:35,23541.8,23536.5,23477.55,NARROW,23571.55,23466.65,0.716,RANGE,STRONG_SELL_PREMIUM,STRONG_RANGE,NO_TRADE,RANGE_DTE3_ADX_31_STRONG_TREND,31.32,1,43.62,HIGH,3,0,0,0,0,0,,,,
13:14:50,23542.2,23536.5,23477.55,NARROW,23571.55,23466.65,0.720,RANGE,STRONG_SELL_PREMIUM,STRONG_RANGE,NO_TRADE,RANGE_DTE3_ADX_31_STRONG_TREND,31.32,1,43.6,HIGH,3,0,0,0,0,0,,,,
13:15:05,23543.8,23536.5,23477.55,NARROW,23571.55,23466.65,0.735,RANGE,STRONG_SELL_PREMIUM,STRONG_RANGE,NO_TRADE,RANGE_DTE3_ADX_30_STRONG_TREND,30.31,1,43.58,HIGH,3,0,0,0,0,0,,,,
13:15:20,23543.7,23536.5,23477.55,NARROW,23571.55,23466.65,0.735,RANGE,STRONG_SELL_PREMIUM,STRONG_RANGE,NO_TRADE,RANGE_DTE3_ADX_30_STRONG_TREND,30.31,1,43.55,HIGH,3,0,0,0,0,0,,,,
13:15:35,23543.0,23536.5,23477.55,NARROW,23571.55,23466.65,0.728,RANGE,STRONG_SELL_PREMIUM,STRONG_RANGE,NO_TRADE,RANGE_DTE3_ADX_30_STRONG_TREND,30.31,1,43.53,HIGH,3,0,0,0,0,0,,,,
13:15:50,23542.4,23536.5,23477.55,NARROW,23571.55,23466.65,0.722,RANGE,STRONG_SELL_PREMIUM,STRONG_RANGE,NO_TRADE,RANGE_DTE3_ADX_30_STRONG_TREND,30.31,1,43.51,HIGH,3,0,0,0,0,0,,,,
13:16:05,23541.55,23536.5,23477.55,NARROW,23571.55,23466.65,0.714,RANGE,STRONG_SELL_PREMIUM,STRONG_RANGE,NO_TRADE,RANGE_DTE3_ADX_30_STRONG_TREND,30.31,1,43.49,HIGH,3,0,0,0,0,0,,,,
13:16:20,23542.6,23536.5,23477.55,NARROW,23571.55,23466.65,0.724,RANGE,STRONG_SELL_PREMIUM,STRONG_RANGE,NO_TRADE,RANGE_DTE3_ADX_30_STRONG_TREND,30.31,1,43.46,HIGH,3,0,0,0,0,0,,,,
13:16:35,23543.55,23536.5,23477.55,NARROW,23571.55,23466.65,0.733,RANGE,STRONG_SELL_PREMIUM,STRONG_RANGE,NO_TRADE,RANGE_DTE3_ADX_30_STRONG_TREND,30.31,1,43.44,HIGH,3,0,0,0,0,0,,,,
13:16:50,23543.1,23536.5,23477.55,NARROW,23571.55,23466.65,0.729,RANGE,STRONG_SELL_PREMIUM,STRONG_RANGE,NO_TRADE,RANGE_DTE3_ADX_30_STRONG_TREND,30.31,1,43.42,HIGH,3,0,0,0,0,0,,,,
13:17:05,23541.6,23536.5,23477.55,NARROW,23571.55,23466.65,0.714,RANGE,STRONG_SELL_PREMIUM,RANGE,NO_TRADE,RANGE_DTE3_ADX_30_STRONG_TREND,30.31,1,43.4,HIGH,3,0,0,0,0,0,,,,
13:17:20,23542.0,23536.5,23477.55,NARROW,23571.55,23466.65,0.718,RANGE,STRONG_SELL_PREMIUM,RANGE,NO_TRADE,RANGE_DTE3_ADX_30_STRONG_TREND,30.31,1,43.37,HIGH,3,0,0,0,0,0,,,,
13:17:35,23540.3,23536.5,23477.55,NARROW,23571.55,23466.65,0.702,RANGE,STRONG_SELL_PREMIUM,RANGE,NO_TRADE,RANGE_DTE3_ADX_30_STRONG_TREND,30.31,1,43.35,HIGH,3,0,0,0,0,0,,,,
13:17:50,23539.55,23536.5,23477.55,NARROW,23571.55,23466.65,0.695,RANGE,STRONG_SELL_PREMIUM,RANGE,NO_TRADE,RANGE_DTE3_ADX_30_STRONG_TREND,30.31,1,43.33,HIGH,3,0,0,0,0,0,,,,
13:18:05,23540.7,23536.5,23477.55,NARROW,23571.55,23466.65,0.706,RANGE,STRONG_SELL_PREMIUM,RANGE,NO_TRADE,RANGE_DTE3_ADX_30_STRONG_TREND,30.31,1,43.31,HIGH,3,0,0,0,0,0,,,,
13:18:20,23543.3,23536.5,23477.55,NARROW,23571.55,23466.65,0.731,RANGE,STRONG_SELL_PREMIUM,RANGE,NO_TRADE,RANGE_DTE3_ADX_30_STRONG_TREND,30.31,1,43.28,HIGH,3,0,0,0,0,0,,,,
13:18:35,23543.35,23536.5,23477.55,NARROW,23571.55,23466.65,0.731,RANGE,STRONG_SELL_PREMIUM,RANGE,NO_TRADE,RANGE_DTE3_ADX_30_STRONG_TREND,30.31,1,43.26,HIGH,3,0,0,0,0,0,,,,
13:18:50,23544.65,23536.5,23477.55,NARROW,23571.55,23466.65,0.744,RANGE,STRONG_SELL_PREMIUM,RANGE,NO_TRADE,RANGE_DTE3_ADX_30_STRONG_TREND,30.31,1,43.24,HIGH,3,0,0,0,0,0,,,,
13:19:05,23542.8,23536.5,23477.55,NARROW,23571.55,23466.65,0.726,RANGE,STRONG_SELL_PREMIUM,RANGE,NO_TRADE,RANGE_DTE3_ADX_30_STRONG_TREND,30.31,1,43.22,HIGH,3,0,0,0,0,0,,,,
13:19:20,23543.65,23536.5,23477.55,NARROW,23571.55,23466.65,0.734,RANGE,STRONG_SELL_PREMIUM,RANGE,NO_TRADE,RANGE_DTE3_ADX_30_STRONG_TREND,30.31,1,43.19,HIGH,3,0,0,0,0,0,,,,
13:19:35,23541.7,23536.5,23477.55,NARROW,23571.55,23466.65,0.715,RANGE,STRONG_SELL_PREMIUM,RANGE,NO_TRADE,RANGE_DTE3_ADX_30_STRONG_TREND,30.31,1,43.17,HIGH,3,0,0,0,0,0,,,,
13:19:50,23542.45,23536.5,23477.55,NARROW,23571.55,23466.65,0.723,RANGE,STRONG_SELL_PREMIUM,RANGE,NO_TRADE,RANGE_DTE3_ADX_30_STRONG_TREND,30.31,1,43.15,HIGH,3,0,0,0,0,0,,,,
13:20:05,23540.8,23536.5,23477.55,NARROW,23571.55,23466.65,0.707,RANGE,STRONG_SELL_PREMIUM,RANGE,NO_TRADE,RANGE_DTE3_ADX_29_STRONG_TREND,29.16,1,43.13,HIGH,3,0,0,0,0,0,,,,
13:20:20,23539.45,23536.5,23477.55,NARROW,23571.55,23466.65,0.694,RANGE,STRONG_SELL_PREMIUM,RANGE,NO_TRADE,RANGE_DTE3_ADX_29_STRONG_TREND,29.16,1,43.11,HIGH,3,0,0,0,0,0,,,,
13:20:35,23540.9,23536.5,23477.55,NARROW,23571.55,23466.65,0.708,RANGE,STRONG_SELL_PREMIUM,RANGE,NO_TRADE,RANGE_DTE3_ADX_29_STRONG_TREND,29.16,1,43.08,HIGH,3,0,0,0,0,0,,,,
13:20:50,23538.65,23536.5,23477.55,NARROW,23571.55,23466.65,0.686,RANGE,STRONG_SELL_PREMIUM,RANGE,NO_TRADE,RANGE_DTE3_ADX_29_STRONG_TREND,29.16,1,43.06,HIGH,3,0,0,0,0,0,,,,
13:21:05,23546.5,23536.5,23477.55,NARROW,23571.55,23466.65,0.761,RANGE,STRONG_SELL_PREMIUM,RANGE,NO_TRADE,RANGE_DTE3_ADX_30_STRONG_TREND,30.45,1,43.04,HIGH,3,0,0,0,0,0,,,,
13:21:20,23547.75,23536.5,23477.55,NARROW,23571.55,23466.65,0.773,RANGE,STRONG_SELL_PREMIUM,RANGE,NO_TRADE,RANGE_DTE3_ADX_30_STRONG_TREND,30.45,1,43.02,HIGH,3,0,0,0,0,0,,,,
13:21:35,23554.25,23536.5,23477.55,NARROW,23571.55,23466.65,0.835,RANGE,STRONG_SELL_PREMIUM,RANGE,NO_TRADE,RANGE_DTE3_ADX_30_STRONG_TREND,30.45,1,43.0,HIGH,3,0,1,0,0,0,,,,
13:21:50,23554.2,23536.5,23477.55,NARROW,23571.55,23466.65,0.835,RANGE,STRONG_SELL_PREMIUM,RANGE,NO_TRADE,RANGE_DTE3_ADX_30_STRONG_TREND,30.45,1,42.98,HIGH,3,0,1,0,0,0,,,,
13:22:05,23554.8,23536.5,23477.55,NARROW,23571.55,23466.65,0.840,RANGE,STRONG_SELL_PREMIUM,RANGE,PREMIUM_SELL_BEAR,AFTERNOON_DAY_HIGH_FADE_DTE3,30.63,1,42.95,HIGH,3,0,1,0,0,0,,,,
13:22:21,23552.55,23536.5,23477.55,NARROW,23571.55,23466.65,0.819,RANGE,STRONG_SELL_PREMIUM,RANGE,PREMIUM_SELL_BEAR,AFTERNOON_DAY_HIGH_FADE_DTE3,30.63,1,42.93,HIGH,3,0,1,0,0,0,,,,
13:22:35,23548.85,23536.5,23477.55,NARROW,23571.55,23466.65,0.784,RANGE,STRONG_SELL_PREMIUM,RANGE,NO_TRADE,RANGE_DTE3_ADX_31_STRONG_TREND,30.63,1,42.91,HIGH,3,0,0,0,0,0,,,,
13:22:50,23549.45,23536.5,23477.55,NARROW,23571.55,23466.65,0.789,RANGE,STRONG_SELL_PREMIUM,RANGE,NO_TRADE,RANGE_DTE3_ADX_31_STRONG_TREND,30.63,1,42.89,HIGH,3,0,0,0,0,0,,,,
13:23:05,23546.95,23536.5,23477.55,NARROW,23571.55,23466.65,0.765,RANGE,STRONG_SELL_PREMIUM,RANGE,NO_TRADE,RANGE_DTE3_ADX_31_STRONG_TREND,30.63,1,42.87,HIGH,3,0,0,0,0,0,,,,
13:23:21,23546.9,23536.5,23477.55,NARROW,23571.55,23466.65,0.765,RANGE,STRONG_SELL_PREMIUM,RANGE,NO_TRADE,RANGE_DTE3_ADX_31_STRONG_TREND,30.63,1,42.84,HIGH,3,0,0,0,0,0,,,,
13:23:36,23546.95,23536.5,23477.55,NARROW,23571.55,23466.65,0.765,RANGE,STRONG_SELL_PREMIUM,RANGE,NO_TRADE,RANGE_DTE3_ADX_31_STRONG_TREND,30.63,1,42.82,HIGH,3,0,0,0,0,0,,,,
13:23:51,23547.7,23536.5,23477.55,NARROW,23571.55,23466.65,0.773,RANGE,STRONG_SELL_PREMIUM,RANGE,NO_TRADE,RANGE_DTE3_ADX_31_STRONG_TREND,30.63,1,42.8,HIGH,3,0,0,0,0,0,,,,
13:24:06,23546.1,23536.5,23477.55,NARROW,23571.55,23466.65,0.757,RANGE,STRONG_SELL_PREMIUM,RANGE,NO_TRADE,RANGE_DTE3_ADX_31_STRONG_TREND,30.63,1,42.78,HIGH,3,0,0,0,0,0,,,,
13:24:21,23545.0,23536.5,23477.55,NARROW,23571.55,23466.65,0.747,RANGE,STRONG_SELL_PREMIUM,RANGE,NO_TRADE,RANGE_DTE3_ADX_31_STRONG_TREND,30.63,1,42.76,HIGH,3,0,0,0,0,0,,,,
13:24:36,23544.35,23536.5,23477.55,NARROW,23571.55,23466.65,0.741,RANGE,STRONG_SELL_PREMIUM,RANGE,NO_TRADE,RANGE_DTE3_ADX_31_STRONG_TREND,30.63,1,42.74,HIGH,3,0,0,0,0,0,,,,
13:24:51,23545.3,23536.5,23477.55,NARROW,23571.55,23466.65,0.750,RANGE,STRONG_SELL_PREMIUM,RANGE,NO_TRADE,RANGE_DTE3_ADX_31_STRONG_TREND,30.63,1,42.72,HIGH,3,0,0,0,0,0,,,,
13:25:06,23546.45,23536.5,23477.55,NARROW,23571.55,23466.65,0.761,RANGE,STRONG_SELL_PREMIUM,RANGE,NO_TRADE,RANGE_DTE3_ADX_31_STRONG_TREND,30.93,1,42.69,HIGH,3,0,0,0,0,0,,,,
13:25:21,23547.5,23536.5,23477.55,NARROW,23571.55,23466.65,0.771,RANGE,STRONG_SELL_PREMIUM,RANGE,NO_TRADE,RANGE_DTE3_ADX_31_STRONG_TREND,30.93,1,42.67,HIGH,3,0,0,0,0,0,,,,
13:25:36,23546.95,23536.5,23477.55,NARROW,23571.55,23466.65,0.765,RANGE,STRONG_SELL_PREMIUM,RANGE,NO_TRADE,RANGE_DTE3_ADX_31_STRONG_TREND,30.93,1,42.65,HIGH,3,0,0,0,0,0,,,,
13:25:51,23549.95,23536.5,23477.55,NARROW,23571.55,23466.65,0.794,RANGE,STRONG_SELL_PREMIUM,RANGE,NO_TRADE,RANGE_DTE3_ADX_31_STRONG_TREND,30.93,1,42.63,HIGH,3,0,0,0,0,0,,,,
13:26:06,23551.45,23536.5,23477.55,NARROW,23571.55,23466.65,0.808,RANGE,STRONG_SELL_PREMIUM,RANGE,NO_TRADE,RANGE_DTE3_ADX_31_STRONG_TREND,30.93,1,42.61,HIGH,3,0,1,0,0,0,,,,
13:26:21,23553.1,23536.5,23477.55,NARROW,23571.55,23466.65,0.824,RANGE,STRONG_SELL_PREMIUM,RANGE,NO_TRADE,RANGE_DTE3_ADX_31_STRONG_TREND,30.93,1,42.59,HIGH,3,0,1,0,0,0,,,,
13:26:36,23550.35,23536.5,23477.55,NARROW,23571.55,23466.65,0.798,RANGE,STRONG_SELL_PREMIUM,RANGE,NO_TRADE,RANGE_DTE3_ADX_31_STRONG_TREND,30.93,1,42.57,HIGH,3,0,0,0,0,0,,,,
13:26:51,23553.15,23536.5,23477.55,NARROW,23571.55,23466.65,0.825,RANGE,STRONG_SELL_PREMIUM,RANGE,NO_TRADE,RANGE_DTE3_ADX_31_STRONG_TREND,30.93,1,42.55,HIGH,3,0,1,0,0,0,,,,
13:27:06,23553.6,23536.5,23477.55,NARROW,23571.55,23466.65,0.829,RANGE,STRONG_SELL_PREMIUM,RANGE,NO_TRADE,RANGE_DTE3_ADX_31_STRONG_TREND,30.93,1,42.52,HIGH,3,0,1,0,0,0,,,,
13:27:21,23554.5,23536.5,23477.55,NARROW,23571.55,23466.65,0.837,RANGE,STRONG_SELL_PREMIUM,RANGE,PREMIUM_SELL_BEAR,AFTERNOON_DAY_HIGH_FADE_DTE3,30.93,1,42.5,HIGH,3,0,1,0,0,0,,,,
13:27:36,23553.35,23536.5,23477.55,NARROW,23571.55,23466.65,0.827,RANGE,STRONG_SELL_PREMIUM,RANGE,PREMIUM_SELL_BEAR,AFTERNOON_DAY_HIGH_FADE_DTE3,30.93,1,42.48,HIGH,3,0,1,0,0,0,,,,
13:27:51,23553.8,23536.5,23477.55,NARROW,23571.55,23466.65,0.831,RANGE,STRONG_SELL_PREMIUM,RANGE,PREMIUM_SELL_BEAR,AFTERNOON_DAY_HIGH_FADE_DTE3,30.93,1,42.46,HIGH,3,0,1,0,0,0,,,,
13:28:06,23553.0,23536.5,23477.55,NARROW,23571.55,23466.65,0.823,RANGE,STRONG_SELL_PREMIUM,RANGE,PREMIUM_SELL_BEAR,AFTERNOON_DAY_HIGH_FADE_DTE3,30.93,1,42.44,HIGH,3,0,1,0,0,0,,,,
13:28:21,23552.4,23536.5,23477.55,NARROW,23571.55,23466.65,0.817,RANGE,STRONG_SELL_PREMIUM,RANGE,PREMIUM_SELL_BEAR,AFTERNOON_DAY_HIGH_FADE_DTE3,30.93,1,42.42,HIGH,3,0,1,0,0,0,,,,
13:28:36,23553.5,23536.5,23477.55,NARROW,23571.55,23466.65,0.828,RANGE,STRONG_SELL_PREMIUM,RANGE,PREMIUM_SELL_BEAR,AFTERNOON_DAY_HIGH_FADE_DTE3,30.93,1,42.4,HIGH,3,0,1,0,0,0,,,,
13:28:51,23551.7,23536.5,23477.55,NARROW,23571.55,23466.65,0.811,RANGE,STRONG_SELL_PREMIUM,RANGE,PREMIUM_SELL_BEAR,AFTERNOON_DAY_HIGH_FADE_DTE3,30.93,1,42.38,HIGH,3,0,1,0,0,0,,,,
13:29:06,23554.05,23536.5,23477.55,NARROW,23571.55,23466.65,0.833,RANGE,STRONG_SELL_PREMIUM,RANGE,PREMIUM_SELL_BEAR,AFTERNOON_DAY_HIGH_FADE_DTE3,31.2,1,42.36,HIGH,3,0,1,0,0,0,,,,
13:29:21,23555.75,23536.5,23477.55,NARROW,23571.55,23466.65,0.849,RANGE,STRONG_SELL_PREMIUM,RANGE,PREMIUM_SELL_BEAR,AFTERNOON_DAY_HIGH_FADE_DTE3,31.2,1,42.34,HIGH,3,0,1,0,0,0,,,,
13:29:36,23558.0,23536.5,23477.55,NARROW,23571.55,23466.65,0.871,UPTREND,STRONG_SELL_PREMIUM,RANGE,PREMIUM_SELL_BEAR,AFTERNOON_DAY_HIGH_FADE_DTE3,31.2,1,42.31,HIGH,3,0,1,0,0,0,,,,
13:29:51,23559.6,23536.5,23477.55,NARROW,23571.55,23466.65,0.886,UPTREND,STRONG_SELL_PREMIUM,RANGE,PREMIUM_SELL_BEAR,AFTERNOON_DAY_HIGH_FADE_DTE3,31.2,1,42.29,HIGH,3,0,1,0,0,0,,,,
13:30:06,23559.6,23536.5,23477.55,NARROW,23571.55,23466.65,0.886,UPTREND,STRONG_SELL_PREMIUM,RANGE,PREMIUM_SELL_BEAR,AFTERNOON_DAY_HIGH_FADE_DTE3,31.76,1,42.27,HIGH,3,0,1,0,0,0,,,,
13:30:21,23553.95,23536.5,23477.55,NARROW,23571.55,23466.65,0.832,RANGE,STRONG_SELL_PREMIUM,RANGE,PREMIUM_SELL_BEAR,AFTERNOON_DAY_HIGH_FADE_DTE3,31.76,1,42.25,HIGH,3,0,1,0,0,0,,,,
13:30:36,23555.85,23536.5,23477.55,NARROW,23571.55,23466.65,0.850,RANGE,STRONG_SELL_PREMIUM,RANGE,PREMIUM_SELL_BEAR,AFTERNOON_DAY_HIGH_FADE_DTE3,31.76,1,42.23,HIGH,3,0,1,0,0,0,,,,
13:30:51,23557.25,23536.5,23477.55,NARROW,23571.55,23466.65,0.864,UPTREND,STRONG_SELL_PREMIUM,RANGE,PREMIUM_SELL_BEAR,AFTERNOON_DAY_HIGH_FADE_DTE3,31.76,1,42.21,HIGH,3,0,1,0,0,0,,,,
13:31:06,23555.25,23536.5,23477.55,NARROW,23571.55,23466.65,0.845,RANGE,STRONG_SELL_PREMIUM,RANGE,PREMIUM_SELL_BEAR,AFTERNOON_DAY_HIGH_FADE_DTE3,31.76,1,42.19,HIGH,3,0,1,0,0,0,,,,
13:31:21,23554.45,23536.5,23477.55,NARROW,23571.55,23466.65,0.837,RANGE,STRONG_SELL_PREMIUM,RANGE,PREMIUM_SELL_BEAR,AFTERNOON_DAY_HIGH_FADE_DTE3,31.76,1,42.17,HIGH,3,0,1,0,0,0,,,,
13:31:36,23557.6,23536.5,23477.55,NARROW,23571.55,23466.65,0.867,UPTREND,STRONG_SELL_PREMIUM,RANGE,PREMIUM_SELL_BEAR,AFTERNOON_DAY_HIGH_FADE_DTE3,31.76,1,42.15,HIGH,3,0,1,0,0,0,,,,
13:31:51,23557.25,23536.5,23477.55,NARROW,23571.55,23466.65,0.864,UPTREND,STRONG_SELL_PREMIUM,RANGE,PREMIUM_SELL_BEAR,AFTERNOON_DAY_HIGH_FADE_DTE3,31.76,1,42.13,HIGH,3,0,1,0,0,0,,,,
13:32:06,23554.6,23536.5,23477.55,NARROW,23571.55,23466.65,0.838,RANGE,STRONG_SELL_PREMIUM,RANGE,PREMIUM_SELL_BEAR,AFTERNOON_DAY_HIGH_FADE_DTE3,31.76,1,42.11,HIGH,3,0,1,0,0,0,,,,
13:32:21,23555.55,23536.5,23477.55,NARROW,23571.55,23466.65,0.847,RANGE,STRONG_SELL_PREMIUM,RANGE,PREMIUM_SELL_BEAR,AFTERNOON_DAY_HIGH_FADE_DTE3,31.76,1,42.09,HIGH,3,0,1,0,0,0,,,,
13:32:36,23557.05,23536.5,23477.55,NARROW,23571.55,23466.65,0.862,UPTREND,STRONG_SELL_PREMIUM,RANGE,PREMIUM_SELL_BEAR,AFTERNOON_DAY_HIGH_FADE_DTE3,31.76,1,42.07,HIGH,3,0,1,0,0,0,,,,
13:32:51,23556.6,23536.5,23477.55,NARROW,23571.55,23466.65,0.857,UPTREND,STRONG_SELL_PREMIUM,RANGE,PREMIUM_SELL_BEAR,AFTERNOON_DAY_HIGH_FADE_DTE3,31.76,1,42.05,HIGH,3,0,1,0,0,0,,,,
13:33:06,23555.45,23536.5,23477.55,NARROW,23571.55,23466.65,0.847,RANGE,STRONG_SELL_PREMIUM,RANGE,PREMIUM_SELL_BEAR,AFTERNOON_DAY_HIGH_FADE_DTE3,31.76,1,42.03,HIGH,3,0,1,0,0,0,,,,
13:33:21,23553.4,23536.5,23477.55,NARROW,23571.55,23466.65,0.827,RANGE,STRONG_SELL_PREMIUM,RANGE,PREMIUM_SELL_BEAR,AFTERNOON_DAY_HIGH_FADE_DTE3,31.76,1,42.01,HIGH,3,0,1,0,0,0,,,,
13:33:36,23547.75,23536.5,23477.55,NARROW,23571.55,23466.65,0.773,RANGE,STRONG_SELL_PREMIUM,RANGE,NO_TRADE,RANGE_DTE3_ADX_32_STRONG_TREND,31.76,1,41.99,HIGH,3,0,0,0,0,0,,,,
13:33:51,23547.3,23536.5,23477.55,NARROW,23571.55,23466.65,0.769,RANGE,STRONG_SELL_PREMIUM,RANGE,NO_TRADE,RANGE_DTE3_ADX_32_STRONG_TREND,31.76,1,41.97,HIGH,3,0,0,0,0,0,,,,
13:34:06,23546.75,23536.5,23477.55,NARROW,23571.55,23466.65,0.764,RANGE,STRONG_SELL_PREMIUM,RANGE,NO_TRADE,RANGE_DTE3_ADX_31_STRONG_TREND,31.29,1,41.95,HIGH,3,0,0,0,0,0,,,,
13:34:22,23545.2,23536.5,23477.55,NARROW,23571.55,23466.65,0.749,RANGE,STRONG_SELL_PREMIUM,RANGE,NO_TRADE,RANGE_DTE3_ADX_31_STRONG_TREND,31.29,1,41.93,HIGH,3,0,0,0,0,0,,,,
13:34:36,23544.9,23536.5,23477.55,NARROW,23571.55,23466.65,0.746,RANGE,STRONG_SELL_PREMIUM,RANGE,NO_TRADE,RANGE_DTE3_ADX_31_STRONG_TREND,31.29,1,41.9,HIGH,3,0,0,0,0,0,,,,
13:34:51,23544.5,23536.5,23477.55,NARROW,23571.55,23466.65,0.742,RANGE,STRONG_SELL_PREMIUM,RANGE,NO_TRADE,RANGE_DTE3_ADX_31_STRONG_TREND,31.29,1,41.88,HIGH,3,0,0,0,0,0,,,,
13:35:06,23544.45,23536.5,23477.55,NARROW,23571.55,23466.65,0.742,RANGE,STRONG_SELL_PREMIUM,RANGE,NO_TRADE,RANGE_DTE3_ADX_31_STRONG_TREND,31.35,1,41.86,HIGH,3,0,0,0,0,0,,,,
13:35:22,23544.1,23536.5,23477.55,NARROW,23571.55,23466.65,0.738,RANGE,STRONG_SELL_PREMIUM,RANGE,NO_TRADE,RANGE_DTE3_ADX_31_STRONG_TREND,31.35,1,41.84,HIGH,3,0,0,0,0,0,,,,
13:35:36,23545.95,23536.5,23477.55,NARROW,23571.55,23466.65,0.756,RANGE,STRONG_SELL_PREMIUM,RANGE,NO_TRADE,RANGE_DTE3_ADX_31_STRONG_TREND,31.35,1,41.82,HIGH,3,0,0,0,0,0,,,,
13:35:51,23546.55,23536.5,23477.55,NARROW,23571.55,23466.65,0.762,RANGE,STRONG_SELL_PREMIUM,RANGE,NO_TRADE,RANGE_DTE3_ADX_31_STRONG_TREND,31.35,1,41.8,HIGH,3,0,0,0,0,0,,,,
13:36:07,23545.2,23536.5,23477.55,NARROW,23571.55,23466.65,0.749,RANGE,STRONG_SELL_PREMIUM,RANGE,NO_TRADE,RANGE_DTE3_ADX_31_STRONG_TREND,31.35,1,41.78,HIGH,3,0,0,0,0,0,,,,
13:36:22,23547.85,23536.5,23477.55,NARROW,23571.55,23466.65,0.774,RANGE,STRONG_SELL_PREMIUM,RANGE,NO_TRADE,RANGE_DTE3_ADX_31_STRONG_TREND,31.35,1,41.76,HIGH,3,0,0,0,0,0,,,,
13:36:37,23549.6,23536.5,23477.55,NARROW,23571.55,23466.65,0.791,RANGE,STRONG_SELL_PREMIUM,RANGE,NO_TRADE,RANGE_DTE3_ADX_31_STRONG_TREND,31.35,1,41.74,HIGH,3,0,0,0,0,0,,,,
13:36:52,23546.75,23536.5,23477.55,NARROW,23571.55,23466.65,0.764,RANGE,STRONG_SELL_PREMIUM,RANGE,NO_TRADE,RANGE_DTE3_ADX_31_STRONG_TREND,31.35,1,41.72,HIGH,3,0,0,0,0,0,,,,
13:37:07,23546.7,23536.5,23477.55,NARROW,23571.55,23466.65,0.763,RANGE,STRONG_SELL_PREMIUM,RANGE,NO_TRADE,RANGE_DTE3_ADX_31_STRONG_TREND,31.35,1,41.7,HIGH,3,0,0,0,0,0,,,,
13:37:22,23548.25,23536.5,23477.55,NARROW,23571.55,23466.65,0.778,RANGE,STRONG_SELL_PREMIUM,RANGE,NO_TRADE,RANGE_DTE3_ADX_31_STRONG_TREND,31.35,1,41.68,HIGH,3,0,0,0,0,0,,,,
13:37:37,23547.3,23536.5,23477.55,NARROW,23571.55,23466.65,0.769,RANGE,STRONG_SELL_PREMIUM,RANGE,NO_TRADE,RANGE_DTE3_ADX_31_STRONG_TREND,31.35,1,41.66,HIGH,3,0,0,0,0,0,,,,
13:37:52,23548.15,23536.5,23477.55,NARROW,23571.55,23466.65,0.777,RANGE,STRONG_SELL_PREMIUM,RANGE,NO_TRADE,RANGE_DTE3_ADX_31_STRONG_TREND,31.35,1,41.64,HIGH,3,0,0,0,0,0,,,,
13:38:07,23552.3,23536.5,23477.55,NARROW,23571.55,23466.65,0.816,RANGE,STRONG_SELL_PREMIUM,RANGE,NO_TRADE,RANGE_DTE3_ADX_31_STRONG_TREND,31.35,1,41.62,HIGH,3,0,1,0,0,0,,,,
13:38:22,23554.05,23536.5,23477.55,NARROW,23571.55,23466.65,0.833,RANGE,STRONG_SELL_PREMIUM,RANGE,NO_TRADE,RANGE_DTE3_ADX_31_STRONG_TREND,31.35,1,41.6,HIGH,3,0,1,0,0,0,,,,
13:38:37,23553.55,23536.5,23477.55,NARROW,23571.55,23466.65,0.828,RANGE,STRONG_SELL_PREMIUM,RANGE,PREMIUM_SELL_BEAR,AFTERNOON_DAY_HIGH_FADE_DTE3,31.35,1,41.59,HIGH,3,0,1,0,0,0,,,,
13:38:52,23554.95,23536.5,23477.55,NARROW,23571.55,23466.65,0.842,RANGE,STRONG_SELL_PREMIUM,RANGE,PREMIUM_SELL_BEAR,AFTERNOON_DAY_HIGH_FADE_DTE3,31.35,1,41.57,HIGH,3,0,1,0,0,0,,,,
13:39:07,23555.15,23536.5,23477.55,NARROW,23571.55,23466.65,0.844,RANGE,STRONG_SELL_PREMIUM,RANGE,PREMIUM_SELL_BEAR,AFTERNOON_DAY_HIGH_FADE_DTE3,31.35,1,41.55,HIGH,3,0,1,0,0,0,,,,
13:39:22,23555.05,23536.5,23477.55,NARROW,23571.55,23466.65,0.843,RANGE,STRONG_SELL_PREMIUM,RANGE,PREMIUM_SELL_BEAR,AFTERNOON_DAY_HIGH_FADE_DTE3,31.35,1,41.53,HIGH,3,0,1,0,0,0,,,,
13:39:37,23555.5,23536.5,23477.55,NARROW,23571.55,23466.65,0.847,RANGE,STRONG_SELL_PREMIUM,RANGE,PREMIUM_SELL_BEAR,AFTERNOON_DAY_HIGH_FADE_DTE3,31.35,1,41.51,HIGH,3,0,1,0,0,0,,,,
13:39:52,23555.9,23536.5,23477.55,NARROW,23571.55,23466.65,0.851,RANGE,STRONG_SELL_PREMIUM,RANGE,PREMIUM_SELL_BEAR,AFTERNOON_DAY_HIGH_FADE_DTE3,31.35,1,41.49,HIGH,3,0,1,0,0,0,,,,
13:40:07,23554.4,23536.5,23477.55,NARROW,23571.55,23466.65,0.837,RANGE,STRONG_SELL_PREMIUM,RANGE,PREMIUM_SELL_BEAR,AFTERNOON_DAY_HIGH_FADE_DTE3,31.4,1,41.47,HIGH,3,0,1,0,0,0,,,,
13:40:22,23555.55,23536.5,23477.55,NARROW,23571.55,23466.65,0.847,RANGE,STRONG_SELL_PREMIUM,RANGE,PREMIUM_SELL_BEAR,AFTERNOON_DAY_HIGH_FADE_DTE3,31.4,1,41.45,HIGH,3,0,1,0,0,0,,,,
13:40:37,23554.8,23536.5,23477.55,NARROW,23571.55,23466.65,0.840,RANGE,STRONG_SELL_PREMIUM,RANGE,PREMIUM_SELL_BEAR,AFTERNOON_DAY_HIGH_FADE_DTE3,31.4,1,41.43,HIGH,3,0,1,0,0,0,,,,
13:40:52,23554.35,23536.5,23477.55,NARROW,23571.55,23466.65,0.836,RANGE,STRONG_SELL_PREMIUM,RANGE,PREMIUM_SELL_BEAR,AFTERNOON_DAY_HIGH_FADE_DTE3,31.4,1,41.41,HIGH,3,0,1,0,0,0,,,,
13:41:07,23554.35,23536.5,23477.55,NARROW,23571.55,23466.65,0.836,RANGE,STRONG_SELL_PREMIUM,RANGE,PREMIUM_SELL_BEAR,AFTERNOON_DAY_HIGH_FADE_DTE3,31.5,1,41.39,HIGH,3,0,1,0,0,0,,,,
13:41:22,23556.0,23536.5,23477.55,NARROW,23571.55,23466.65,0.852,RANGE,STRONG_SELL_PREMIUM,RANGE,PREMIUM_SELL_BEAR,AFTERNOON_DAY_HIGH_FADE_DTE3,31.5,1,41.37,HIGH,3,0,1,0,0,0,,,,
13:41:37,23557.65,23536.5,23477.55,NARROW,23571.55,23466.65,0.867,UPTREND,STRONG_SELL_PREMIUM,RANGE,PREMIUM_SELL_BEAR,AFTERNOON_DAY_HIGH_FADE_DTE3,31.5,1,41.35,HIGH,3,0,1,0,0,0,,,,
13:41:53,23557.85,23536.5,23477.55,NARROW,23571.55,23466.65,0.869,UPTREND,STRONG_SELL_PREMIUM,RANGE,PREMIUM_SELL_BEAR,AFTERNOON_DAY_HIGH_FADE_DTE3,31.5,1,41.33,HIGH,3,0,1,0,0,0,,,,
13:42:08,23558.25,23536.5,23477.55,NARROW,23571.55,23466.65,0.873,UPTREND,STRONG_SELL_PREMIUM,RANGE,PREMIUM_SELL_BEAR,AFTERNOON_DAY_HIGH_FADE_DTE3,31.68,1,41.31,HIGH,3,0,1,0,0,0,,,,
13:42:23,23559.75,23536.5,23477.55,NARROW,23571.55,23466.65,0.888,UPTREND,STRONG_SELL_PREMIUM,RANGE,PREMIUM_SELL_BEAR,AFTERNOON_DAY_HIGH_FADE_DTE3,31.68,1,41.29,HIGH,3,0,1,0,0,0,,,,
13:42:38,23558.5,23536.5,23477.55,NARROW,23571.55,23466.65,0.876,UPTREND,STRONG_SELL_PREMIUM,RANGE,PREMIUM_SELL_BEAR,AFTERNOON_DAY_HIGH_FADE_DTE3,31.68,1,41.27,HIGH,3,0,1,0,0,0,,,,
13:42:53,23558.15,23536.5,23477.55,NARROW,23571.55,23466.65,0.872,UPTREND,STRONG_SELL_PREMIUM,RANGE,PREMIUM_SELL_BEAR,AFTERNOON_DAY_HIGH_FADE_DTE3,31.68,1,41.25,HIGH,3,0,1,0,0,0,,,,
13:43:08,23556.55,23536.5,23477.55,NARROW,23571.55,23466.65,0.857,UPTREND,STRONG_SELL_PREMIUM,RANGE,PREMIUM_SELL_BEAR,AFTERNOON_DAY_HIGH_FADE_DTE3,31.68,1,41.23,HIGH,3,0,1,0,0,0,,,,
13:43:23,23557.9,23536.5,23477.55,NARROW,23571.55,23466.65,0.870,UPTREND,STRONG_SELL_PREMIUM,RANGE,PREMIUM_SELL_BEAR,AFTERNOON_DAY_HIGH_FADE_DTE3,31.68,1,41.21,HIGH,3,0,1,0,0,0,,,,
13:43:38,23559.1,23536.5,23477.55,NARROW,23571.55,23466.65,0.881,UPTREND,STRONG_SELL_PREMIUM,RANGE,PREMIUM_SELL_BEAR,AFTERNOON_DAY_HIGH_FADE_DTE3,31.68,1,41.2,HIGH,3,0,1,0,0,0,,,,
13:43:53,23558.05,23536.5,23477.55,NARROW,23571.55,23466.65,0.871,UPTREND,STRONG_SELL_PREMIUM,RANGE,PREMIUM_SELL_BEAR,AFTERNOON_DAY_HIGH_FADE_DTE3,31.68,1,41.18,HIGH,3,0,1,0,0,0,,,,
13:44:08,23558.3,23536.5,23477.55,NARROW,23571.55,23466.65,0.874,UPTREND,STRONG_SELL_PREMIUM,RANGE,PREMIUM_SELL_BEAR,AFTERNOON_DAY_HIGH_FADE_DTE3,31.68,1,41.16,HIGH,3,0,1,0,0,0,,,,
13:44:23,23556.6,23536.5,23477.55,NARROW,23571.55,23466.65,0.857,UPTREND,STRONG_SELL_PREMIUM,RANGE,PREMIUM_SELL_BEAR,AFTERNOON_DAY_HIGH_FADE_DTE3,31.68,1,41.14,HIGH,3,0,1,0,0,0,,,,
13:44:38,23555.1,23536.5,23477.55,NARROW,23571.55,23466.65,0.843,RANGE,STRONG_SELL_PREMIUM,RANGE,PREMIUM_SELL_BEAR,AFTERNOON_DAY_HIGH_FADE_DTE3,31.68,1,41.12,HIGH,3,0,1,0,0,0,,,,
13:44:53,23554.85,23536.5,23477.55,NARROW,23571.55,23466.65,0.841,RANGE,STRONG_SELL_PREMIUM,RANGE,PREMIUM_SELL_BEAR,AFTERNOON_DAY_HIGH_FADE_DTE3,31.68,1,41.1,HIGH,3,0,1,0,0,0,,,,
13:45:08,23555.0,23536.5,23477.55,NARROW,23571.55,23466.65,0.842,RANGE,STRONG_SELL_PREMIUM,RANGE,PREMIUM_SELL_BEAR,AFTERNOON_DAY_HIGH_FADE_DTE3,31.98,1,41.08,HIGH,3,0,1,0,0,0,,,,
13:45:23,23554.55,23536.5,23477.55,NARROW,23571.55,23466.65,0.838,RANGE,STRONG_SELL_PREMIUM,RANGE,PREMIUM_SELL_BEAR,AFTERNOON_DAY_HIGH_FADE_DTE3,31.98,1,41.06,HIGH,3,0,1,0,0,0,,,,
13:45:38,23554.8,23536.5,23477.55,NARROW,23571.55,23466.65,0.840,RANGE,STRONG_SELL_PREMIUM,RANGE,PREMIUM_SELL_BEAR,AFTERNOON_DAY_HIGH_FADE_DTE3,31.98,1,41.04,HIGH,3,0,1,0,0,0,,,,
13:45:53,23554.15,23536.5,23477.55,NARROW,23571.55,23466.65,0.834,RANGE,STRONG_SELL_PREMIUM,RANGE,PREMIUM_SELL_BEAR,AFTERNOON_DAY_HIGH_FADE_DTE3,31.98,1,41.02,HIGH,3,0,1,0,0,0,,,,
13:46:08,23552.45,23536.5,23477.55,NARROW,23571.55,23466.65,0.818,RANGE,STRONG_SELL_PREMIUM,RANGE,PREMIUM_SELL_BEAR,AFTERNOON_DAY_HIGH_FADE_DTE3,31.13,1,41.0,HIGH,3,0,1,0,0,0,,,,
13:46:23,23551.4,23536.5,23477.55,NARROW,23571.55,23466.65,0.808,RANGE,STRONG_SELL_PREMIUM,RANGE,PREMIUM_SELL_BEAR,AFTERNOON_DAY_HIGH_FADE_DTE3,31.13,1,40.99,HIGH,3,0,1,0,0,0,,,,
13:46:38,23549.85,23536.5,23477.55,NARROW,23571.55,23466.65,0.793,RANGE,STRONG_SELL_PREMIUM,RANGE,NO_TRADE,RANGE_DTE3_ADX_31_STRONG_TREND,31.13,1,40.97,HIGH,3,0,0,0,0,0,,,,
13:46:53,23551.4,23536.5,23477.55,NARROW,23571.55,23466.65,0.808,RANGE,STRONG_SELL_PREMIUM,RANGE,NO_TRADE,RANGE_DTE3_ADX_31_STRONG_TREND,31.13,1,40.95,HIGH,3,0,1,0,0,0,,,,
13:47:08,23551.05,23536.5,23477.55,NARROW,23571.55,23466.65,0.805,RANGE,STRONG_SELL_PREMIUM,RANGE,NO_TRADE,RANGE_DTE3_ADX_31_STRONG_TREND,31.13,1,40.93,HIGH,3,0,1,0,0,0,,,,
13:47:23,23551.35,23536.5,23477.55,NARROW,23571.55,23466.65,0.807,RANGE,STRONG_SELL_PREMIUM,RANGE,PREMIUM_SELL_BEAR,AFTERNOON_DAY_HIGH_FADE_DTE3,31.13,1,40.91,HIGH,3,0,1,0,0,0,,,,
13:47:39,23553.3,23536.5,23477.55,NARROW,23571.55,23466.65,0.826,RANGE,STRONG_SELL_PREMIUM,RANGE,PREMIUM_SELL_BEAR,AFTERNOON_DAY_HIGH_FADE_DTE3,31.13,1,40.89,HIGH,3,0,1,0,0,0,,,,
13:47:53,23553.05,23536.5,23477.55,NARROW,23571.55,23466.65,0.824,RANGE,STRONG_SELL_PREMIUM,RANGE,PREMIUM_SELL_BEAR,AFTERNOON_DAY_HIGH_FADE_DTE3,31.13,1,40.87,HIGH,3,0,1,0,0,0,,,,
13:48:08,23552.15,23536.5,23477.55,NARROW,23571.55,23466.65,0.815,RANGE,STRONG_SELL_PREMIUM,RANGE,PREMIUM_SELL_BEAR,AFTERNOON_DAY_HIGH_FADE_DTE3,31.02,1,40.85,HIGH,3,0,1,0,0,0,,,,
13:48:24,23551.75,23536.5,23477.55,NARROW,23571.55,23466.65,0.811,RANGE,STRONG_SELL_PREMIUM,RANGE,PREMIUM_SELL_BEAR,AFTERNOON_DAY_HIGH_FADE_DTE3,31.02,1,40.83,HIGH,3,0,1,0,0,0,,,,
13:48:38,23549.1,23536.5,23477.55,NARROW,23571.55,23466.65,0.786,RANGE,STRONG_SELL_PREMIUM,RANGE,NO_TRADE,RANGE_DTE3_ADX_31_STRONG_TREND,31.02,1,40.82,HIGH,3,0,0,0,0,0,,,,
13:48:54,23550.45,23536.5,23477.55,NARROW,23571.55,23466.65,0.799,RANGE,STRONG_SELL_PREMIUM,RANGE,NO_TRADE,RANGE_DTE3_ADX_31_STRONG_TREND,31.02,1,40.8,HIGH,3,0,0,0,0,0,,,,
13:49:09,23551.4,23536.5,23477.55,NARROW,23571.55,23466.65,0.808,RANGE,STRONG_SELL_PREMIUM,RANGE,NO_TRADE,RANGE_DTE3_ADX_31_STRONG_TREND,31.02,1,40.78,HIGH,3,0,1,0,0,0,,,,
13:49:24,23551.55,23536.5,23477.55,NARROW,23571.55,23466.65,0.809,RANGE,STRONG_SELL_PREMIUM,RANGE,NO_TRADE,RANGE_DTE3_ADX_31_STRONG_TREND,31.02,1,40.76,HIGH,3,0,1,0,0,0,,,,
13:49:39,23550.45,23536.5,23477.55,NARROW,23571.55,23466.65,0.799,RANGE,STRONG_SELL_PREMIUM,RANGE,NO_TRADE,RANGE_DTE3_ADX_31_STRONG_TREND,31.02,1,40.74,HIGH,3,0,0,0,0,0,,,,
13:49:54,23552.1,23536.5,23477.55,NARROW,23571.55,23466.65,0.815,RANGE,STRONG_SELL_PREMIUM,RANGE,NO_TRADE,RANGE_DTE3_ADX_31_STRONG_TREND,31.02,1,40.72,HIGH,3,0,1,0,0,0,,,,
13:50:09,23552.85,23536.5,23477.55,NARROW,23571.55,23466.65,0.822,RANGE,STRONG_SELL_PREMIUM,RANGE,NO_TRADE,RANGE_DTE3_ADX_31_STRONG_TREND,30.43,1,40.7,HIGH,3,0,1,0,0,0,,,,
13:50:24,23552.2,23536.5,23477.55,NARROW,23571.55,23466.65,0.816,RANGE,STRONG_SELL_PREMIUM,RANGE,PREMIUM_SELL_BEAR,AFTERNOON_DAY_HIGH_FADE_DTE3,30.43,1,40.69,HIGH,3,0,1,0,0,0,,,,
13:50:39,23553.9,23536.5,23477.55,NARROW,23571.55,23466.65,0.832,RANGE,STRONG_SELL_PREMIUM,RANGE,PREMIUM_SELL_BEAR,AFTERNOON_DAY_HIGH_FADE_DTE3,30.43,1,40.67,HIGH,3,0,1,0,0,0,,,,
13:50:54,23554.6,23536.5,23477.55,NARROW,23571.55,23466.65,0.838,RANGE,STRONG_SELL_PREMIUM,RANGE,PREMIUM_SELL_BEAR,AFTERNOON_DAY_HIGH_FADE_DTE3,30.43,1,40.65,HIGH,3,0,1,0,0,0,,,,
13:51:09,23553.5,23536.5,23477.55,NARROW,23571.55,23466.65,0.828,RANGE,STRONG_SELL_PREMIUM,RANGE,PREMIUM_SELL_BEAR,AFTERNOON_DAY_HIGH_FADE_DTE3,30.43,1,40.63,HIGH,3,0,1,0,0,0,,,,
13:51:24,23554.3,23536.5,23477.55,NARROW,23571.55,23466.65,0.836,RANGE,STRONG_SELL_PREMIUM,RANGE,PREMIUM_SELL_BEAR,AFTERNOON_DAY_HIGH_FADE_DTE3,30.43,1,40.61,HIGH,3,0,1,0,0,0,,,,
13:51:39,23553.8,23536.5,23477.55,NARROW,23571.55,23466.65,0.831,RANGE,STRONG_SELL_PREMIUM,RANGE,PREMIUM_SELL_BEAR,AFTERNOON_DAY_HIGH_FADE_DTE3,30.43,1,40.59,HIGH,3,0,1,0,0,0,,,,
13:51:54,23554.4,23536.5,23477.55,NARROW,23571.55,23466.65,0.837,RANGE,STRONG_SELL_PREMIUM,RANGE,PREMIUM_SELL_BEAR,AFTERNOON_DAY_HIGH_FADE_DTE3,30.43,1,40.58,HIGH,3,0,1,0,0,0,,,,
13:52:09,23554.8,23536.5,23477.55,NARROW,23571.55,23466.65,0.840,RANGE,STRONG_SELL_PREMIUM,RANGE,PREMIUM_SELL_BEAR,AFTERNOON_DAY_HIGH_FADE_DTE3,30.52,1,40.56,HIGH,3,0,1,0,0,0,,,,
13:52:24,23553.25,23536.5,23477.55,NARROW,23571.55,23466.65,0.826,RANGE,STRONG_SELL_PREMIUM,RANGE,PREMIUM_SELL_BEAR,AFTERNOON_DAY_HIGH_FADE_DTE3,30.52,1,40.54,HIGH,3,0,1,0,0,0,,,,
13:52:39,23553.75,23536.5,23477.55,NARROW,23571.55,23466.65,0.830,RANGE,STRONG_SELL_PREMIUM,RANGE,PREMIUM_SELL_BEAR,AFTERNOON_DAY_HIGH_FADE_DTE3,30.52,1,40.52,HIGH,3,0,1,0,0,0,,,,
13:52:54,23555.85,23536.5,23477.55,NARROW,23571.55,23466.65,0.850,RANGE,STRONG_SELL_PREMIUM,RANGE,PREMIUM_SELL_BEAR,AFTERNOON_DAY_HIGH_FADE_DTE3,30.52,1,40.5,HIGH,3,0,1,0,0,0,,,,
13:53:09,23556.9,23536.5,23477.55,NARROW,23571.55,23466.65,0.860,UPTREND,STRONG_SELL_PREMIUM,RANGE,PREMIUM_SELL_BEAR,AFTERNOON_DAY_HIGH_FADE_DTE3,30.75,1,40.48,HIGH,3,0,1,0,0,0,,,,
13:53:24,23556.95,23536.5,23477.55,NARROW,23571.55,23466.65,0.861,UPTREND,STRONG_SELL_PREMIUM,RANGE,PREMIUM_SELL_BEAR,AFTERNOON_DAY_HIGH_FADE_DTE3,30.75,1,40.47,HIGH,3,0,1,0,0,0,,,,
13:53:39,23558.15,23536.5,23477.55,NARROW,23571.55,23466.65,0.872,UPTREND,STRONG_SELL_PREMIUM,RANGE,PREMIUM_SELL_BEAR,AFTERNOON_DAY_HIGH_FADE_DTE3,30.75,1,40.45,HIGH,3,0,1,0,0,0,,,,
13:53:54,23555.2,23536.5,23477.55,NARROW,23571.55,23466.65,0.844,RANGE,STRONG_SELL_PREMIUM,RANGE,PREMIUM_SELL_BEAR,AFTERNOON_DAY_HIGH_FADE_DTE3,30.75,1,40.43,HIGH,3,0,1,0,0,0,,,,
13:54:09,23551.75,23536.5,23477.55,NARROW,23571.55,23466.65,0.811,RANGE,STRONG_SELL_PREMIUM,RANGE,PREMIUM_SELL_BEAR,AFTERNOON_DAY_HIGH_FADE_DTE3,29.14,1,40.41,HIGH,3,0,1,0,0,0,,,,
13:54:24,23548.2,23536.5,23477.55,NARROW,23571.55,23466.65,0.777,RANGE,STRONG_SELL_PREMIUM,RANGE,NO_TRADE,RANGE_DTE3_ADX_29_STRONG_TREND,29.14,1,40.39,HIGH,3,0,0,0,0,0,,,,
13:54:39,23547.1,23536.5,23477.55,NARROW,23571.55,23466.65,0.767,RANGE,STRONG_SELL_PREMIUM,RANGE,NO_TRADE,RANGE_DTE3_ADX_29_STRONG_TREND,29.14,1,40.38,HIGH,3,0,0,0,0,0,,,,
13:54:54,23544.05,23536.5,23477.55,NARROW,23571.55,23466.65,0.738,RANGE,STRONG_SELL_PREMIUM,RANGE,NO_TRADE,RANGE_DTE3_ADX_29_STRONG_TREND,29.14,1,40.36,HIGH,3,0,0,0,0,0,,,,
13:55:09,23543.95,23536.5,23477.55,NARROW,23571.55,23466.65,0.737,RANGE,STRONG_SELL_PREMIUM,RANGE,NO_TRADE,RANGE_DTE3_ADX_29_STRONG_TREND,26.81,1,40.34,HIGH,3,0,0,0,0,0,,,,
13:55:24,23543.35,23536.5,23477.55,NARROW,23571.55,23466.65,0.731,RANGE,STRONG_SELL_PREMIUM,RANGE,NO_TRADE,RANGE_DTE3_ADX_29_STRONG_TREND,26.81,1,40.32,HIGH,3,0,0,0,0,0,,,,
13:55:39,23542.9,23536.5,23477.55,NARROW,23571.55,23466.65,0.727,RANGE,STRONG_SELL_PREMIUM,RANGE,PREMIUM_SELL_RANGE,RANGE_DTE3_WIDE_CONDOR_ADX_27,26.81,1,40.3,HIGH,3,0,0,0,0,0,,,,
13:55:54,23541.15,23536.5,23477.55,NARROW,23571.55,23466.65,0.710,RANGE,STRONG_SELL_PREMIUM,RANGE,PREMIUM_SELL_RANGE,RANGE_DTE3_WIDE_CONDOR_ADX_27,26.81,1,40.29,HIGH,3,0,0,0,0,0,,,,
13:56:09,23540.3,23536.5,23477.55,NARROW,23571.55,23466.65,0.702,RANGE,STRONG_SELL_PREMIUM,RANGE,PREMIUM_SELL_RANGE,RANGE_DTE3_WIDE_CONDOR_ADX_26,26.34,1,40.27,HIGH,3,0,0,0,0,0,,,,
13:56:24,23538.2,23536.5,23477.55,NARROW,23571.55,23466.65,0.682,RANGE,STRONG_SELL_PREMIUM,RANGE,PREMIUM_SELL_RANGE,RANGE_DTE3_WIDE_CONDOR_ADX_26,26.34,1,40.25,HIGH,3,0,0,0,0,0,,,,
13:56:39,23539.85,23536.5,23477.55,NARROW,23571.55,23466.65,0.698,RANGE,STRONG_SELL_PREMIUM,RANGE,PREMIUM_SELL_RANGE,RANGE_DTE3_WIDE_CONDOR_ADX_26,26.34,1,40.23,HIGH,3,0,0,0,0,0,,,,
13:56:54,23536.85,23536.5,23477.55,NARROW,23571.55,23466.65,0.669,RANGE,STRONG_SELL_PREMIUM,RANGE,PREMIUM_SELL_RANGE,RANGE_DTE3_WIDE_CONDOR_ADX_26,26.34,1,40.21,HIGH,3,0,0,0,0,0,,,,
13:57:09,23539.3,23536.5,23477.55,NARROW,23571.55,23466.65,0.693,RANGE,STRONG_SELL_PREMIUM,RANGE,PREMIUM_SELL_RANGE,RANGE_DTE3_WIDE_CONDOR_ADX_26,26.34,1,40.2,HIGH,3,0,0,0,0,0,,,,
13:57:24,23539.8,23536.5,23477.55,NARROW,23571.55,23466.65,0.697,RANGE,STRONG_SELL_PREMIUM,RANGE,PREMIUM_SELL_RANGE,RANGE_DTE3_WIDE_CONDOR_ADX_26,26.34,1,40.18,HIGH,3,0,0,0,0,0,,,,
13:57:40,23540.7,23536.5,23477.55,NARROW,23571.55,23466.65,0.706,RANGE,STRONG_SELL_PREMIUM,RANGE,PREMIUM_SELL_RANGE,RANGE_DTE3_WIDE_CONDOR_ADX_26,26.34,1,40.16,HIGH,3,0,0,0,0,0,,,,
13:57:54,23540.4,23536.5,23477.55,NARROW,23571.55,23466.65,0.703,RANGE,STRONG_SELL_PREMIUM,RANGE,PREMIUM_SELL_RANGE,RANGE_DTE3_WIDE_CONDOR_ADX_26,26.34,1,40.14,HIGH,3,0,0,0,0,0,,,,
13:58:09,23541.65,23536.5,23477.55,NARROW,23571.55,23466.65,0.715,RANGE,STRONG_SELL_PREMIUM,RANGE,PREMIUM_SELL_RANGE,RANGE_DTE3_WIDE_CONDOR_ADX_26,26.34,1,40.12,HIGH,3,0,0,0,0,0,,,,
13:58:24,23543.45,23536.5,23477.55,NARROW,23571.55,23466.65,0.732,RANGE,STRONG_SELL_PREMIUM,RANGE,PREMIUM_SELL_RANGE,RANGE_DTE3_WIDE_CONDOR_ADX_26,26.34,1,40.11,HIGH,3,0,0,0,0,0,,,,
13:58:39,23544.05,23536.5,23477.55,NARROW,23571.55,23466.65,0.738,RANGE,STRONG_SELL_PREMIUM,RANGE,PREMIUM_SELL_RANGE,RANGE_DTE3_WIDE_CONDOR_ADX_26,26.34,1,40.09,HIGH,3,0,0,0,0,0,,,,
13:58:54,23544.9,23536.5,23477.55,NARROW,23571.55,23466.65,0.746,RANGE,STRONG_SELL_PREMIUM,RANGE,PREMIUM_SELL_RANGE,RANGE_DTE3_WIDE_CONDOR_ADX_26,26.34,1,40.07,HIGH,3,0,0,0,0,0,,,,
13:59:09,23546.85,23536.5,23477.55,NARROW,23571.55,23466.65,0.765,RANGE,STRONG_SELL_PREMIUM,RANGE,PREMIUM_SELL_RANGE,RANGE_DTE3_WIDE_CONDOR_ADX_26,26.34,1,40.05,HIGH,3,0,0,0,0,0,,,,
13:59:24,23546.3,23536.5,23477.55,NARROW,23571.55,23466.65,0.759,RANGE,STRONG_SELL_PREMIUM,RANGE,PREMIUM_SELL_RANGE,RANGE_DTE3_WIDE_CONDOR_ADX_26,26.34,1,40.04,HIGH,3,0,0,0,0,0,,,,
13:59:39,23549.0,23536.5,23477.55,NARROW,23571.55,23466.65,0.785,RANGE,STRONG_SELL_PREMIUM,RANGE,PREMIUM_SELL_RANGE,RANGE_DTE3_WIDE_CONDOR_ADX_26,26.34,1,40.02,HIGH,3,0,0,0,0,0,,,,
13:59:54,23551.6,23536.5,23477.55,NARROW,23571.55,23466.65,0.810,RANGE,STRONG_SELL_PREMIUM,RANGE,PREMIUM_SELL_RANGE,RANGE_DTE3_WIDE_CONDOR_ADX_26,26.34,1,40.0,HIGH,3,0,1,0,0,0,,,,
14:00:09,23555.4,23536.5,23477.55,NARROW,23571.55,23466.65,0.846,RANGE,STRONG_SELL_PREMIUM,RANGE,PREMIUM_SELL_RANGE,RANGE_DTE3_WIDE_CONDOR_ADX_25,24.85,1,39.98,HIGH,3,0,0,0,0,0,,,,
14:00:24,23555.55,23536.5,23477.55,NARROW,23571.55,23466.65,0.847,RANGE,STRONG_SELL_PREMIUM,RANGE,PREMIUM_SELL_RANGE,RANGE_DTE3_WIDE_CONDOR_ADX_25,24.85,1,39.97,HIGH,3,0,0,0,0,0,,,,
14:00:39,23554.9,23536.5,23477.55,NARROW,23571.55,23466.65,0.841,RANGE,STRONG_SELL_PREMIUM,RANGE,PREMIUM_SELL_RANGE,RANGE_DTE3_WIDE_CONDOR_ADX_25,24.85,1,39.95,HIGH,3,0,0,0,0,0,,,,
14:00:54,23552.65,23536.5,23477.55,NARROW,23571.55,23466.65,0.820,RANGE,STRONG_SELL_PREMIUM,RANGE,PREMIUM_SELL_RANGE,RANGE_DTE3_WIDE_CONDOR_ADX_25,24.85,1,39.93,HIGH,3,0,0,0,0,0,,,,
14:01:09,23552.2,23536.5,23477.55,NARROW,23571.55,23466.65,0.816,RANGE,STRONG_SELL_PREMIUM,RANGE,PREMIUM_SELL_RANGE,RANGE_DTE3_WIDE_CONDOR_ADX_25,25.01,1,39.91,HIGH,3,0,0,0,0,0,,,,
14:01:25,23553.7,23536.5,23477.55,NARROW,23571.55,23466.65,0.830,RANGE,STRONG_SELL_PREMIUM,RANGE,PREMIUM_SELL_RANGE,RANGE_DTE3_WIDE_CONDOR_ADX_25,25.01,1,39.9,HIGH,3,0,0,0,0,0,,,,
14:01:39,23555.45,23536.5,23477.55,NARROW,23571.55,23466.65,0.847,RANGE,STRONG_SELL_PREMIUM,RANGE,PREMIUM_SELL_RANGE,RANGE_DTE3_WIDE_CONDOR_ADX_25,25.01,1,39.88,HIGH,3,0,0,0,0,0,,,,
14:01:54,23557.85,23536.5,23477.55,NARROW,23571.55,23466.65,0.869,RANGE,STRONG_SELL_PREMIUM,RANGE,PREMIUM_SELL_RANGE,RANGE_DTE3_WIDE_CONDOR_ADX_25,25.01,1,39.86,HIGH,3,0,0,0,0,0,,,,
14:02:10,23557.75,23536.5,23477.55,NARROW,23571.55,23466.65,0.868,RANGE,STRONG_SELL_PREMIUM,RANGE,PREMIUM_SELL_RANGE,RANGE_DTE3_WIDE_CONDOR_ADX_25,25.19,1,39.84,HIGH,3,0,0,0,0,0,,,,
14:02:25,23558.1,23536.5,23477.55,NARROW,23571.55,23466.65,0.872,RANGE,STRONG_SELL_PREMIUM,RANGE,PREMIUM_SELL_RANGE,RANGE_DTE3_WIDE_CONDOR_ADX_25,25.19,1,39.83,HIGH,3,0,0,0,0,0,,,,
14:02:40,23560.1,23536.5,23477.55,NARROW,23571.55,23466.65,0.891,RANGE,STRONG_SELL_PREMIUM,RANGE,PREMIUM_SELL_RANGE,RANGE_DTE3_WIDE_CONDOR_ADX_25,25.19,1,39.81,HIGH,3,0,0,0,0,0,,,,
14:02:55,23560.9,23536.5,23477.55,NARROW,23571.55,23466.65,0.898,RANGE,STRONG_SELL_PREMIUM,RANGE,PREMIUM_SELL_RANGE,RANGE_DTE3_WIDE_CONDOR_ADX_25,25.19,1,39.79,HIGH,3,0,0,0,0,0,,,,
14:03:10,23560.35,23536.5,23477.55,NARROW,23571.55,23466.65,0.893,RANGE,STRONG_SELL_PREMIUM,RANGE,PREMIUM_SELL_RANGE,RANGE_DTE3_WIDE_CONDOR_ADX_25,25.22,1,39.77,HIGH,3,0,0,0,0,0,,,,
14:03:25,23560.7,23536.5,23477.55,NARROW,23571.55,23466.65,0.897,RANGE,STRONG_SELL_PREMIUM,RANGE,PREMIUM_SELL_RANGE,RANGE_DTE3_WIDE_CONDOR_ADX_25,25.22,1,39.76,HIGH,3,0,0,0,0,0,,,,
14:03:40,23560.0,23536.5,23477.55,NARROW,23571.55,23466.65,0.890,RANGE,STRONG_SELL_PREMIUM,RANGE,PREMIUM_SELL_RANGE,RANGE_DTE3_WIDE_CONDOR_ADX_25,25.22,1,39.74,HIGH,3,0,0,0,0,0,,,,
14:03:55,23556.35,23536.5,23477.55,NARROW,23571.55,23466.65,0.855,RANGE,STRONG_SELL_PREMIUM,RANGE,PREMIUM_SELL_RANGE,RANGE_DTE3_WIDE_CONDOR_ADX_25,25.22,1,39.72,HIGH,3,0,0,0,0,0,,,,
14:04:10,23553.35,23536.5,23477.55,NARROW,23571.55,23466.65,0.827,RANGE,STRONG_SELL_PREMIUM,RANGE,PREMIUM_SELL_RANGE,RANGE_DTE3_WIDE_CONDOR_ADX_25,25.22,1,39.71,HIGH,3,0,0,0,0,0,,,,
14:04:25,23554.05,23536.5,23477.55,NARROW,23571.55,23466.65,0.833,RANGE,STRONG_SELL_PREMIUM,RANGE,PREMIUM_SELL_RANGE,RANGE_DTE3_WIDE_CONDOR_ADX_25,25.22,1,39.69,HIGH,3,0,0,0,0,0,,,,
14:04:40,23554.4,23536.5,23477.55,NARROW,23571.55,23466.65,0.837,RANGE,STRONG_SELL_PREMIUM,RANGE,PREMIUM_SELL_RANGE,RANGE_DTE3_WIDE_CONDOR_ADX_25,25.22,1,39.67,HIGH,3,0,0,0,0,0,,,,
14:04:55,23554.85,23536.5,23477.55,NARROW,23571.55,23466.65,0.841,RANGE,STRONG_SELL_PREMIUM,RANGE,PREMIUM_SELL_RANGE,RANGE_DTE3_WIDE_CONDOR_ADX_25,25.22,1,39.65,HIGH,3,0,0,0,0,0,,,,
14:05:10,23556.8,23536.5,23477.55,NARROW,23571.55,23466.65,0.859,RANGE,STRONG_SELL_PREMIUM,RANGE,PREMIUM_SELL_RANGE,RANGE_DTE3_WIDE_CONDOR_ADX_24,24.21,1,39.64,HIGH,3,0,0,0,0,0,,,,
14:05:25,23557.3,23536.5,23477.55,NARROW,23571.55,23466.65,0.864,RANGE,STRONG_SELL_PREMIUM,RANGE,PREMIUM_SELL_RANGE,RANGE_DTE3_WIDE_CONDOR_ADX_24,24.21,1,39.62,HIGH,3,0,0,0,0,0,,,,
14:05:40,23559.15,23536.5,23477.55,NARROW,23571.55,23466.65,0.882,RANGE,STRONG_SELL_PREMIUM,RANGE,PREMIUM_SELL_RANGE,RANGE_DTE3_WIDE_CONDOR_ADX_24,24.21,1,39.6,HIGH,3,0,0,0,0,0,,,,
14:05:55,23559.75,23536.5,23477.55,NARROW,23571.55,23466.65,0.888,RANGE,STRONG_SELL_PREMIUM,RANGE,PREMIUM_SELL_RANGE,RANGE_DTE3_WIDE_CONDOR_ADX_24,24.21,1,39.59,HIGH,3,0,0,0,0,0,,,,
14:06:10,23563.75,23536.5,23477.55,NARROW,23571.55,23466.65,0.926,RANGE,STRONG_SELL_PREMIUM,RANGE,PREMIUM_SELL_RANGE,RANGE_DTE3_WIDE_CONDOR_ADX_25,25.12,1,39.57,HIGH,3,0,0,0,0,0,,,,
14:06:25,23566.8,23536.5,23477.55,NARROW,23571.55,23466.65,0.955,RANGE,STRONG_SELL_PREMIUM,RANGE,PREMIUM_SELL_RANGE,RANGE_DTE3_WIDE_CONDOR_ADX_25,25.12,1,39.55,HIGH,3,0,0,0,0,0,,,,
14:06:40,23564.55,23536.5,23477.55,NARROW,23571.55,23466.65,0.933,RANGE,STRONG_SELL_PREMIUM,RANGE,PREMIUM_SELL_RANGE,RANGE_DTE3_WIDE_CONDOR_ADX_25,25.12,1,39.54,HIGH,3,0,0,0,0,0,,,,
14:06:55,23564.35,23536.5,23477.55,NARROW,23571.55,23466.65,0.931,RANGE,STRONG_SELL_PREMIUM,RANGE,PREMIUM_SELL_RANGE,RANGE_DTE3_WIDE_CONDOR_ADX_25,25.12,1,39.52,HIGH,3,0,0,0,0,0,,,,
14:07:10,23562.55,23536.5,23477.55,NARROW,23571.55,23466.65,0.914,RANGE,STRONG_SELL_PREMIUM,RANGE,PREMIUM_SELL_RANGE,RANGE_DTE3_WIDE_CONDOR_ADX_25,25.12,1,39.5,HIGH,3,0,0,0,0,0,,,,
14:07:25,23562.3,23536.5,23477.55,NARROW,23571.55,23466.65,0.912,RANGE,STRONG_SELL_PREMIUM,RANGE,PREMIUM_SELL_RANGE,RANGE_DTE3_WIDE_CONDOR_ADX_25,25.12,1,39.48,HIGH,3,0,0,0,0,0,,,,
14:07:40,23560.65,23536.5,23477.55,NARROW,23571.55,23466.65,0.896,RANGE,STRONG_SELL_PREMIUM,RANGE,PREMIUM_SELL_RANGE,RANGE_DTE3_WIDE_CONDOR_ADX_25,25.12,1,39.47,HIGH,3,0,0,0,0,0,,,,
14:07:55,23560.85,23536.5,23477.55,NARROW,23571.55,23466.65,0.898,RANGE,STRONG_SELL_PREMIUM,RANGE,PREMIUM_SELL_RANGE,RANGE_DTE3_WIDE_CONDOR_ADX_25,25.12,1,39.45,HIGH,3,0,0,0,0,0,,,,
14:08:10,23560.7,23536.5,23477.55,NARROW,23571.55,23466.65,0.897,RANGE,STRONG_SELL_PREMIUM,RANGE,PREMIUM_SELL_RANGE,RANGE_DTE3_WIDE_CONDOR_ADX_25,25.12,1,39.43,HIGH,3,0,0,0,0,0,,,,
14:08:26,23559.05,23536.5,23477.55,NARROW,23571.55,23466.65,0.881,RANGE,STRONG_SELL_PREMIUM,RANGE,PREMIUM_SELL_RANGE,RANGE_DTE3_WIDE_CONDOR_ADX_25,25.12,1,39.42,HIGH,3,0,0,0,0,0,,,,
14:08:40,23558.6,23536.5,23477.55,NARROW,23571.55,23466.65,0.877,RANGE,STRONG_SELL_PREMIUM,RANGE,PREMIUM_SELL_RANGE,RANGE_DTE3_WIDE_CONDOR_ADX_25,25.12,1,39.4,HIGH,3,0,0,0,0,0,,,,
14:08:56,23559.65,23536.5,23477.55,NARROW,23571.55,23466.65,0.887,RANGE,STRONG_SELL_PREMIUM,RANGE,PREMIUM_SELL_RANGE,RANGE_DTE3_WIDE_CONDOR_ADX_25,25.12,1,39.38,HIGH,3,0,0,0,0,0,,,,
14:09:11,23561.9,23536.5,23477.55,NARROW,23571.55,23466.65,0.908,RANGE,STRONG_SELL_PREMIUM,RANGE,PREMIUM_SELL_RANGE,RANGE_DTE3_WIDE_CONDOR_ADX_25,25.12,1,39.37,HIGH,3,0,0,0,0,0,,,,
14:09:26,23560.9,23536.5,23477.55,NARROW,23571.55,23466.65,0.898,RANGE,STRONG_SELL_PREMIUM,RANGE,PREMIUM_SELL_RANGE,RANGE_DTE3_WIDE_CONDOR_ADX_25,25.12,1,39.35,HIGH,3,0,0,0,0,0,,,,
14:09:41,23558.0,23536.5,23477.55,NARROW,23571.55,23466.65,0.871,RANGE,STRONG_SELL_PREMIUM,RANGE,PREMIUM_SELL_RANGE,RANGE_DTE3_WIDE_CONDOR_ADX_25,25.12,1,39.33,HIGH,3,0,0,0,0,0,,,,
14:09:55,23555.65,23536.5,23477.55,NARROW,23571.55,23466.65,0.848,RANGE,STRONG_SELL_PREMIUM,RANGE,PREMIUM_SELL_RANGE,RANGE_DTE3_WIDE_CONDOR_ADX_25,25.12,1,39.32,HIGH,3,0,0,0,0,0,,,,
14:10:10,23553.4,23536.5,23477.55,NARROW,23571.55,23466.65,0.827,RANGE,STRONG_SELL_PREMIUM,RANGE,PREMIUM_SELL_RANGE,RANGE_DTE3_WIDE_CONDOR_ADX_24,23.82,1,39.3,HIGH,3,0,0,0,0,0,,,,
14:10:26,23551.45,23536.5,23477.55,NARROW,23571.55,23466.65,0.808,RANGE,STRONG_SELL_PREMIUM,RANGE,PREMIUM_SELL_RANGE,RANGE_DTE3_WIDE_CONDOR_ADX_24,23.82,1,39.28,HIGH,3,0,0,0,0,0,,,,
14:10:41,23552.05,23536.5,23477.55,NARROW,23571.55,23466.65,0.814,RANGE,STRONG_SELL_PREMIUM,RANGE,PREMIUM_SELL_RANGE,RANGE_DTE3_WIDE_CONDOR_ADX_24,23.82,1,39.27,HIGH,3,0,0,0,0,0,,,,
14:10:56,23549.55,23536.5,23477.55,NARROW,23571.55,23466.65,0.790,RANGE,STRONG_SELL_PREMIUM,RANGE,PREMIUM_SELL_RANGE,RANGE_DTE3_WIDE_CONDOR_ADX_24,23.82,1,39.25,HIGH,3,0,0,0,0,0,,,,
14:11:11,23550.2,23536.5,23477.55,NARROW,23571.55,23466.65,0.796,RANGE,STRONG_SELL_PREMIUM,RANGE,PREMIUM_SELL_RANGE,RANGE_DTE3_WIDE_CONDOR_ADX_24,23.71,1,39.23,HIGH,3,0,0,0,0,0,,,,
14:11:26,23551.55,23536.5,23477.55,NARROW,23571.55,23466.65,0.809,RANGE,STRONG_SELL_PREMIUM,RANGE,PREMIUM_SELL_RANGE,RANGE_DTE3_WIDE_CONDOR_ADX_24,23.71,1,39.22,HIGH,3,0,0,0,0,0,,,,
14:11:41,23554.3,23536.5,23477.55,NARROW,23571.55,23466.65,0.836,RANGE,STRONG_SELL_PREMIUM,RANGE,PREMIUM_SELL_RANGE,RANGE_DTE3_WIDE_CONDOR_ADX_24,23.71,1,39.2,HIGH,3,0,0,0,0,0,,,,
14:11:56,23553.25,23536.5,23477.55,NARROW,23571.55,23466.65,0.826,RANGE,STRONG_SELL_PREMIUM,RANGE,PREMIUM_SELL_RANGE,RANGE_DTE3_WIDE_CONDOR_ADX_24,23.71,1,39.18,HIGH,3,0,0,0,0,0,,,,
14:12:11,23552.4,23536.5,23477.55,NARROW,23571.55,23466.65,0.817,RANGE,STRONG_SELL_PREMIUM,RANGE,PREMIUM_SELL_RANGE,RANGE_DTE3_WIDE_CONDOR_ADX_24,23.71,1,39.17,HIGH,3,0,0,0,0,0,,,,
14:12:26,23552.65,23536.5,23477.55,NARROW,23571.55,23466.65,0.820,RANGE,STRONG_SELL_PREMIUM,RANGE,PREMIUM_SELL_RANGE,RANGE_DTE3_WIDE_CONDOR_ADX_24,23.71,1,39.15,HIGH,3,0,0,0,0,0,,,,
14:12:41,23554.15,23536.5,23477.55,NARROW,23571.55,23466.65,0.834,RANGE,STRONG_SELL_PREMIUM,RANGE,PREMIUM_SELL_RANGE,RANGE_DTE3_WIDE_CONDOR_ADX_24,23.71,1,39.13,HIGH,3,0,0,0,0,0,,,,
14:12:56,23552.2,23536.5,23477.55,NARROW,23571.55,23466.65,0.816,RANGE,STRONG_SELL_PREMIUM,RANGE,PREMIUM_SELL_RANGE,RANGE_DTE3_WIDE_CONDOR_ADX_24,23.71,1,39.12,HIGH,3,0,0,0,0,0,,,,
14:13:11,23550.5,23536.5,23477.55,NARROW,23571.55,23466.65,0.799,RANGE,STRONG_SELL_PREMIUM,RANGE,PREMIUM_SELL_RANGE,RANGE_DTE3_WIDE_CONDOR_ADX_23,22.69,1,39.1,HIGH,3,0,0,0,0,0,,,,
14:13:26,23549.45,23536.5,23477.55,NARROW,23571.55,23466.65,0.789,RANGE,STRONG_SELL_PREMIUM,RANGE,PREMIUM_SELL_RANGE,RANGE_DTE3_WIDE_CONDOR_ADX_23,22.69,1,39.08,HIGH,3,0,0,0,0,0,,,,
14:13:41,23545.7,23536.5,23477.55,NARROW,23571.55,23466.65,0.754,RANGE,STRONG_SELL_PREMIUM,RANGE,PREMIUM_SELL_RANGE,RANGE_DTE3_WIDE_CONDOR_ADX_23,22.69,1,39.07,HIGH,3,0,0,0,0,0,,,,
14:13:56,23542.3,23536.5,23477.55,NARROW,23571.55,23466.65,0.721,RANGE,STRONG_SELL_PREMIUM,RANGE,PREMIUM_SELL_RANGE,RANGE_DTE3_WIDE_CONDOR_ADX_23,22.69,1,39.05,HIGH,3,0,0,0,0,0,,,,
14:14:11,23541.3,23536.5,23477.55,NARROW,23571.55,23466.65,0.712,RANGE,STRONG_SELL_PREMIUM,RANGE,PREMIUM_SELL_RANGE,RANGE_DTE3_WIDE_CONDOR_ADX_23,23.13,1,39.04,HIGH,3,0,0,0,0,0,,,,
14:14:26,23541.3,23536.5,23477.55,NARROW,23571.55,23466.65,0.712,RANGE,STRONG_SELL_PREMIUM,RANGE,PREMIUM_SELL_RANGE,RANGE_DTE3_WIDE_CONDOR_ADX_23,23.13,1,39.02,HIGH,3,0,0,0,0,0,,,,
14:14:41,23541.6,23536.5,23477.55,NARROW,23571.55,23466.65,0.714,RANGE,STRONG_SELL_PREMIUM,RANGE,PREMIUM_SELL_RANGE,RANGE_DTE3_WIDE_CONDOR_ADX_23,23.13,1,39.0,HIGH,3,0,0,0,0,0,,,,
14:14:56,23546.5,23536.5,23477.55,NARROW,23571.55,23466.65,0.761,RANGE,STRONG_SELL_PREMIUM,RANGE,PREMIUM_SELL_RANGE,RANGE_DTE3_WIDE_CONDOR_ADX_23,23.13,1,38.99,HIGH,3,0,0,0,0,0,,,,
14:15:11,23545.85,23536.5,23477.55,NARROW,23571.55,23466.65,0.755,RANGE,STRONG_SELL_PREMIUM,RANGE,PREMIUM_SELL_RANGE,RANGE_DTE3_WIDE_CONDOR_ADX_21,21.33,1,38.97,HIGH,3,0,0,0,0,0,,,,
14:15:27,23545.55,23536.5,23477.55,NARROW,23571.55,23466.65,0.752,RANGE,STRONG_SELL_PREMIUM,RANGE,PREMIUM_SELL_RANGE,RANGE_DTE3_WIDE_CONDOR_ADX_21,21.33,1,38.95,HIGH,3,0,0,0,0,0,,,,
14:15:41,23546.2,23536.5,23477.55,NARROW,23571.55,23466.65,0.758,RANGE,STRONG_SELL_PREMIUM,RANGE,PREMIUM_SELL_RANGE,RANGE_DTE3_WIDE_CONDOR_ADX_21,21.33,1,38.94,HIGH,3,0,0,0,0,0,,,,
14:15:56,23545.15,23536.5,23477.55,NARROW,23571.55,23466.65,0.748,RANGE,STRONG_SELL_PREMIUM,RANGE,PREMIUM_SELL_RANGE,RANGE_DTE3_WIDE_CONDOR_ADX_21,21.33,1,38.92,HIGH,3,0,0,0,0,0,,,,
14:16:11,23546.35,23536.5,23477.55,NARROW,23571.55,23466.65,0.760,RANGE,STRONG_SELL_PREMIUM,RANGE,PREMIUM_SELL_RANGE,RANGE_DTE3_WIDE_CONDOR_ADX_21,21.33,1,38.91,HIGH,3,0,0,0,0,0,,,,
14:16:26,23547.65,23536.5,23477.55,NARROW,23571.55,23466.65,0.772,RANGE,STRONG_SELL_PREMIUM,RANGE,PREMIUM_SELL_RANGE,RANGE_DTE3_WIDE_CONDOR_ADX_21,21.33,1,38.89,HIGH,3,0,0,0,0,0,,,,
14:16:42,23545.3,23536.5,23477.55,NARROW,23571.55,23466.65,0.750,RANGE,STRONG_SELL_PREMIUM,RANGE,PREMIUM_SELL_RANGE,RANGE_DTE3_WIDE_CONDOR_ADX_21,21.33,1,38.87,HIGH,3,0,0,0,0,0,,,,
14:16:57,23540.75,23536.5,23477.55,NARROW,23571.55,23466.65,0.706,RANGE,STRONG_SELL_PREMIUM,RANGE,PREMIUM_SELL_RANGE,RANGE_DTE3_WIDE_CONDOR_ADX_21,21.33,1,38.86,HIGH,3,0,0,0,0,0,,,,
14:17:12,23544.0,23536.5,23477.55,NARROW,23571.55,23466.65,0.737,RANGE,STRONG_SELL_PREMIUM,RANGE,PREMIUM_SELL_RANGE,RANGE_DTE3_WIDE_CONDOR_ADX_21,21.33,1,38.84,HIGH,3,0,0,0,0,0,,,,
14:17:30,23547.05,23536.5,23477.55,NARROW,23571.55,23466.65,0.766,RANGE,STRONG_SELL_PREMIUM,RANGE,PREMIUM_SELL_RANGE,RANGE_DTE3_WIDE_CONDOR_ADX_21,21.33,1,38.82,HIGH,3,0,0,0,0,0,,,,
14:17:42,23544.65,23536.5,23477.55,NARROW,23571.55,23466.65,0.744,RANGE,STRONG_SELL_PREMIUM,RANGE,PREMIUM_SELL_RANGE,RANGE_DTE3_WIDE_CONDOR_ADX_21,21.33,1,38.81,HIGH,3,0,0,0,0,0,,,,
14:17:57,23542.35,23536.5,23477.55,NARROW,23571.55,23466.65,0.722,RANGE,STRONG_SELL_PREMIUM,RANGE,PREMIUM_SELL_RANGE,RANGE_DTE3_WIDE_CONDOR_ADX_21,21.33,1,38.79,HIGH,3,0,0,0,0,0,,,,
14:18:19,23538.45,23536.5,23477.55,NARROW,23571.55,23466.65,0.684,RANGE,STRONG_SELL_PREMIUM,RANGE,PREMIUM_SELL_RANGE,RANGE_DTE3_WIDE_CONDOR_ADX_21,21.34,1,38.77,HIGH,3,0,0,0,0,0,,,,
14:18:28,23540.3,23536.5,23477.55,NARROW,23571.55,23466.65,0.702,RANGE,STRONG_SELL_PREMIUM,RANGE,PREMIUM_SELL_RANGE,RANGE_DTE3_WIDE_CONDOR_ADX_21,21.34,1,38.76,HIGH,3,0,0,0,0,0,,,,
14:18:43,23542.1,23536.5,23477.55,NARROW,23571.55,23466.65,0.719,RANGE,STRONG_SELL_PREMIUM,RANGE,PREMIUM_SELL_RANGE,RANGE_DTE3_WIDE_CONDOR_ADX_21,21.34,1,38.74,HIGH,3,0,0,0,0,0,,,,
14:18:58,23540.05,23536.5,23477.55,NARROW,23571.55,23466.65,0.700,RANGE,STRONG_SELL_PREMIUM,RANGE,PREMIUM_SELL_RANGE,RANGE_DTE3_WIDE_CONDOR_ADX_21,21.34,1,38.73,HIGH,3,0,0,0,0,0,,,,
14:19:13,23541.45,23536.5,23477.55,NARROW,23571.55,23466.65,0.713,RANGE,STRONG_SELL_PREMIUM,RANGE,PREMIUM_SELL_RANGE,RANGE_DTE3_WIDE_CONDOR_ADX_21,21.34,1,38.71,HIGH,3,0,0,0,0,0,,,,
14:19:28,23542.4,23536.5,23477.55,NARROW,23571.55,23466.65,0.722,RANGE,STRONG_SELL_PREMIUM,RANGE,PREMIUM_SELL_RANGE,RANGE_DTE3_WIDE_CONDOR_ADX_21,21.34,1,38.7,HIGH,3,0,0,0,0,0,,,,
14:19:43,23541.8,23536.5,23477.55,NARROW,23571.55,23466.65,0.716,RANGE,STRONG_SELL_PREMIUM,RANGE,PREMIUM_SELL_RANGE,RANGE_DTE3_WIDE_CONDOR_ADX_21,21.34,1,38.68,HIGH,3,0,0,0,0,0,,,,
14:19:58,23542.9,23536.5,23477.55,NARROW,23571.55,23466.65,0.727,RANGE,STRONG_SELL_PREMIUM,RANGE,PREMIUM_SELL_RANGE,RANGE_DTE3_WIDE_CONDOR_ADX_21,21.34,1,38.66,HIGH,3,0,0,0,0,0,,,,
14:20:13,23542.1,23536.5,23477.55,NARROW,23571.55,23466.65,0.719,RANGE,STRONG_SELL_PREMIUM,RANGE,PREMIUM_SELL_RANGE,RANGE_DTE3_NEW_CYCLE_STRONG_SELL_CONTAINED_OR,19.73,1,38.65,HIGH,3,0,0,0,0,0,,,,
14:20:28,23539.35,23536.5,23477.55,NARROW,23571.55,23466.65,0.693,RANGE,STRONG_SELL_PREMIUM,RANGE,PREMIUM_SELL_RANGE,RANGE_DTE3_NEW_CYCLE_STRONG_SELL_CONTAINED_OR,19.73,1,38.63,HIGH,3,0,0,0,0,0,,,,
14:20:43,23539.65,23536.5,23477.55,NARROW,23571.55,23466.65,0.696,RANGE,STRONG_SELL_PREMIUM,RANGE,PREMIUM_SELL_RANGE,RANGE_DTE3_NEW_CYCLE_STRONG_SELL_CONTAINED_OR,19.73,1,38.62,HIGH,3,0,0,0,0,0,,,,
14:20:58,23542.45,23536.5,23477.55,NARROW,23571.55,23466.65,0.723,RANGE,STRONG_SELL_PREMIUM,RANGE,PREMIUM_SELL_RANGE,RANGE_DTE3_NEW_CYCLE_STRONG_SELL_CONTAINED_OR,19.73,1,38.6,HIGH,3,0,0,0,0,0,,,,
14:21:13,23543.65,23536.5,23477.55,NARROW,23571.55,23466.65,0.734,RANGE,STRONG_SELL_PREMIUM,RANGE,PREMIUM_SELL_RANGE,RANGE_DTE3_NEW_CYCLE_STRONG_SELL_CONTAINED_OR,19.68,1,38.58,HIGH,3,0,0,0,0,0,,,,
14:21:29,23546.0,23536.5,23477.55,NARROW,23571.55,23466.65,0.756,RANGE,STRONG_SELL_PREMIUM,RANGE,PREMIUM_SELL_RANGE,RANGE_DTE3_NEW_CYCLE_STRONG_SELL_CONTAINED_OR,19.68,1,38.57,HIGH,3,0,0,0,0,0,,,,
14:21:43,23546.3,23536.5,23477.55,NARROW,23571.55,23466.65,0.759,RANGE,STRONG_SELL_PREMIUM,RANGE,PREMIUM_SELL_RANGE,RANGE_DTE3_NEW_CYCLE_STRONG_SELL_CONTAINED_OR,19.68,1,38.55,HIGH,3,0,0,0,0,0,,,,
14:21:59,23546.4,23536.5,23477.55,NARROW,23571.55,23466.65,0.760,RANGE,STRONG_SELL_PREMIUM,RANGE,PREMIUM_SELL_RANGE,RANGE_DTE3_NEW_CYCLE_STRONG_SELL_CONTAINED_OR,19.68,1,38.54,HIGH,3,0,0,0,0,0,,,,
14:22:14,23544.1,23536.5,23477.55,NARROW,23571.55,23466.65,0.738,RANGE,STRONG_SELL_PREMIUM,RANGE,PREMIUM_SELL_RANGE,RANGE_DTE3_NEW_CYCLE_STRONG_SELL_CONTAINED_OR,19.66,1,38.52,HIGH,3,0,0,0,0,0,,,,
14:22:29,23546.35,23536.5,23477.55,NARROW,23571.55,23466.65,0.760,RANGE,STRONG_SELL_PREMIUM,RANGE,PREMIUM_SELL_RANGE,RANGE_DTE3_NEW_CYCLE_STRONG_SELL_CONTAINED_OR,19.66,1,38.5,HIGH,3,0,0,0,0,0,,,,
14:22:44,23544.05,23536.5,23477.55,NARROW,23571.55,23466.65,0.738,RANGE,STRONG_SELL_PREMIUM,RANGE,PREMIUM_SELL_RANGE,RANGE_DTE3_NEW_CYCLE_STRONG_SELL_CONTAINED_OR,19.66,1,38.49,HIGH,3,0,0,0,0,0,,,,
14:22:59,23545.6,23536.5,23477.55,NARROW,23571.55,23466.65,0.753,RANGE,STRONG_SELL_PREMIUM,RANGE,PREMIUM_SELL_RANGE,RANGE_DTE3_NEW_CYCLE_STRONG_SELL_CONTAINED_OR,19.66,1,38.47,HIGH,3,0,0,0,0,0,,,,
14:23:14,23544.5,23536.5,23477.55,NARROW,23571.55,23466.65,0.742,RANGE,STRONG_SELL_PREMIUM,RANGE,PREMIUM_SELL_RANGE,RANGE_DTE3_NEW_CYCLE_STRONG_SELL_CONTAINED_OR,19.66,1,38.46,HIGH,3,0,0,0,0,0,,,,
14:23:29,23546.9,23536.5,23477.55,NARROW,23571.55,23466.65,0.765,RANGE,STRONG_SELL_PREMIUM,RANGE,PREMIUM_SELL_RANGE,RANGE_DTE3_NEW_CYCLE_STRONG_SELL_CONTAINED_OR,19.66,1,38.44,HIGH,3,0,0,0,0,0,,,,
14:23:44,23544.0,23536.5,23477.55,NARROW,23571.55,23466.65,0.737,RANGE,STRONG_SELL_PREMIUM,RANGE,PREMIUM_SELL_RANGE,RANGE_DTE3_NEW_CYCLE_STRONG_SELL_CONTAINED_OR,19.66,1,38.43,HIGH,3,0,0,0,0,0,,,,
14:23:59,23544.0,23536.5,23477.55,NARROW,23571.55,23466.65,0.737,RANGE,STRONG_SELL_PREMIUM,RANGE,PREMIUM_SELL_RANGE,RANGE_DTE3_NEW_CYCLE_STRONG_SELL_CONTAINED_OR,19.66,1,38.41,HIGH,3,0,0,0,0,0,,,,
14:24:15,23542.8,23536.5,23477.55,NARROW,23571.55,23466.65,0.726,RANGE,STRONG_SELL_PREMIUM,RANGE,PREMIUM_SELL_RANGE,RANGE_DTE3_NEW_CYCLE_STRONG_SELL_CONTAINED_OR,19.66,1,38.4,HIGH,3,0,0,0,0,0,,,,
14:24:29,23543.95,23536.5,23477.55,NARROW,23571.55,23466.65,0.737,RANGE,STRONG_SELL_PREMIUM,RANGE,PREMIUM_SELL_RANGE,RANGE_DTE3_NEW_CYCLE_STRONG_SELL_CONTAINED_OR,19.66,1,38.38,HIGH,3,0,0,0,0,0,,,,
14:24:44,23542.2,23536.5,23477.55,NARROW,23571.55,23466.65,0.720,RANGE,STRONG_SELL_PREMIUM,RANGE,PREMIUM_SELL_RANGE,RANGE_DTE3_NEW_CYCLE_STRONG_SELL_CONTAINED_OR,19.66,1,38.36,HIGH,3,0,0,0,0,0,,,,
14:24:59,23540.7,23536.5,23477.55,NARROW,23571.55,23466.65,0.706,RANGE,STRONG_SELL_PREMIUM,RANGE,PREMIUM_SELL_RANGE,RANGE_DTE3_NEW_CYCLE_STRONG_SELL_CONTAINED_OR,19.66,1,38.35,HIGH,3,0,0,0,0,0,,,,
14:25:14,23543.55,23536.5,23477.55,NARROW,23571.55,23466.65,0.733,RANGE,STRONG_SELL_PREMIUM,RANGE,PREMIUM_SELL_RANGE,RANGE_DTE3_NEW_CYCLE_STRONG_SELL_CONTAINED_OR,18.31,1,38.33,HIGH,3,0,0,0,0,0,,,,
14:25:29,23540.45,23536.5,23477.55,NARROW,23571.55,23466.65,0.704,RANGE,STRONG_SELL_PREMIUM,RANGE,PREMIUM_SELL_RANGE,RANGE_DTE3_NEW_CYCLE_STRONG_SELL_CONTAINED_OR,18.31,1,38.32,HIGH,3,0,0,0,0,0,,,,
14:25:44,23540.4,23536.5,23477.55,NARROW,23571.55,23466.65,0.703,RANGE,STRONG_SELL_PREMIUM,RANGE,PREMIUM_SELL_RANGE,RANGE_DTE3_NEW_CYCLE_STRONG_SELL_CONTAINED_OR,18.31,1,38.3,HIGH,3,0,0,0,0,0,,,,
14:25:59,23540.2,23536.5,23477.55,NARROW,23571.55,23466.65,0.701,RANGE,STRONG_SELL_PREMIUM,RANGE,PREMIUM_SELL_RANGE,RANGE_DTE3_NEW_CYCLE_STRONG_SELL_CONTAINED_OR,18.31,1,38.29,HIGH,3,0,0,0,0,0,,,,
14:26:14,23540.9,23536.5,23477.55,NARROW,23571.55,23466.65,0.708,RANGE,STRONG_SELL_PREMIUM,RANGE,PREMIUM_SELL_RANGE,RANGE_DTE3_NEW_CYCLE_STRONG_SELL_CONTAINED_OR,18.31,1,38.27,HIGH,3,0,0,0,0,0,,,,
14:26:29,23539.95,23536.5,23477.55,NARROW,23571.55,23466.65,0.699,RANGE,STRONG_SELL_PREMIUM,RANGE,PREMIUM_SELL_RANGE,RANGE_DTE3_NEW_CYCLE_STRONG_SELL_CONTAINED_OR,18.31,1,38.26,HIGH,3,0,0,0,0,0,,,,
14:26:44,23542.2,23536.5,23477.55,NARROW,23571.55,23466.65,0.720,RANGE,STRONG_SELL_PREMIUM,RANGE,PREMIUM_SELL_RANGE,RANGE_DTE3_NEW_CYCLE_STRONG_SELL_CONTAINED_OR,18.31,1,38.24,HIGH,3,0,0,0,0,0,,,,
14:26:59,23540.95,23536.5,23477.55,NARROW,23571.55,23466.65,0.708,RANGE,STRONG_SELL_PREMIUM,RANGE,PREMIUM_SELL_RANGE,RANGE_DTE3_NEW_CYCLE_STRONG_SELL_CONTAINED_OR,18.31,1,38.23,HIGH,3,0,0,0,0,0,,,,
14:27:14,23543.15,23536.5,23477.55,NARROW,23571.55,23466.65,0.729,RANGE,STRONG_SELL_PREMIUM,RANGE,PREMIUM_SELL_RANGE,RANGE_DTE3_NEW_CYCLE_STRONG_SELL_CONTAINED_OR,18.92,1,38.21,HIGH,3,0,0,0,0,0,,,,
14:27:30,23541.7,23536.5,23477.55,NARROW,23571.55,23466.65,0.715,RANGE,STRONG_SELL_PREMIUM,RANGE,PREMIUM_SELL_RANGE,RANGE_DTE3_NEW_CYCLE_STRONG_SELL_CONTAINED_OR,18.92,1,38.19,HIGH,3,0,0,0,0,0,,,,
14:27:45,23539.1,23536.5,23477.55,NARROW,23571.55,23466.65,0.691,RANGE,STRONG_SELL_PREMIUM,RANGE,PREMIUM_SELL_RANGE,RANGE_DTE3_NEW_CYCLE_STRONG_SELL_CONTAINED_OR,18.92,1,38.18,HIGH,3,0,0,0,0,0,,,,
14:28:00,23534.2,23536.5,23477.55,NARROW,23571.55,23466.65,0.644,RANGE,STRONG_SELL_PREMIUM,RANGE,PREMIUM_SELL_RANGE,RANGE_DTE3_NEW_CYCLE_STRONG_SELL_CONTAINED_OR,18.92,1,38.16,HIGH,3,0,0,0,0,0,,,,
14:28:15,23536.95,23536.5,23477.55,NARROW,23571.55,23466.65,0.670,RANGE,STRONG_SELL_PREMIUM,RANGE,PREMIUM_SELL_RANGE,RANGE_DTE3_NEW_CYCLE_STRONG_SELL_CONTAINED_OR,18.92,1,38.15,HIGH,3,0,0,0,0,0,,,,
14:28:30,23540.05,23536.5,23477.55,NARROW,23571.55,23466.65,0.700,RANGE,STRONG_SELL_PREMIUM,RANGE,PREMIUM_SELL_RANGE,RANGE_DTE3_NEW_CYCLE_STRONG_SELL_CONTAINED_OR,18.92,1,38.13,HIGH,3,0,0,0,0,0,,,,
14:28:45,23539.55,23536.5,23477.55,NARROW,23571.55,23466.65,0.695,RANGE,STRONG_SELL_PREMIUM,RANGE,PREMIUM_SELL_RANGE,RANGE_DTE3_NEW_CYCLE_STRONG_SELL_CONTAINED_OR,18.92,1,38.12,HIGH,3,0,0,0,0,0,,,,
14:29:00,23537.65,23536.5,23477.55,NARROW,23571.55,23466.65,0.677,RANGE,STRONG_SELL_PREMIUM,RANGE,PREMIUM_SELL_RANGE,RANGE_DTE3_NEW_CYCLE_STRONG_SELL_CONTAINED_OR,18.92,1,38.1,HIGH,3,0,0,0,0,0,,,,
14:29:15,23537.85,23536.5,23477.55,NARROW,23571.55,23466.65,0.679,RANGE,STRONG_SELL_PREMIUM,RANGE,PREMIUM_SELL_RANGE,RANGE_DTE3_NEW_CYCLE_STRONG_SELL_CONTAINED_OR,18.92,1,38.09,HIGH,3,0,0,0,0,0,,,,
14:29:30,23536.15,23536.5,23477.55,NARROW,23571.55,23466.65,0.663,RANGE,STRONG_SELL_PREMIUM,RANGE,PREMIUM_SELL_RANGE,RANGE_DTE3_NEW_CYCLE_STRONG_SELL_CONTAINED_OR,18.92,1,38.07,HIGH,3,0,0,0,0,0,,,,
14:29:45,23537.05,23536.5,23477.55,NARROW,23571.55,23466.65,0.671,RANGE,STRONG_SELL_PREMIUM,RANGE,PREMIUM_SELL_RANGE,RANGE_DTE3_NEW_CYCLE_STRONG_SELL_CONTAINED_OR,18.92,1,38.06,HIGH,3,0,0,0,0,0,,,,
14:30:00,23536.1,23536.5,23477.55,NARROW,23571.55,23466.65,0.662,CHOPPY,STRONG_SELL_PREMIUM,RANGE,NO_TRADE,NO_TRADE:CHOPPY_MARKET,19.54,1,38.04,NONE,3,1,0,0,0,0,,,,
14:30:15,23535.9,23536.5,23477.55,NARROW,23571.55,23466.65,0.660,CHOPPY,STRONG_SELL_PREMIUM,RANGE,NO_TRADE,NO_TRADE:CHOPPY_MARKET,19.54,1,38.03,NONE,3,1,0,0,0,0,,,,
14:30:30,23529.5,23536.5,23477.55,NARROW,23571.55,23466.65,0.599,CHOPPY,STRONG_SELL_PREMIUM,RANGE,NO_TRADE,NO_TRADE:CHOPPY_MARKET,19.54,1,38.01,NONE,3,1,0,0,0,0,,,,
14:30:45,23529.3,23536.5,23477.55,NARROW,23571.55,23466.65,0.597,CHOPPY,STRONG_SELL_PREMIUM,RANGE,NO_TRADE,NO_TRADE:CHOPPY_MARKET,19.54,1,38.0,NONE,3,1,0,0,0,0,,,,
14:31:00,23527.0,23536.5,23477.55,NARROW,23571.55,23466.65,0.575,CHOPPY,STRONG_SELL_PREMIUM,RANGE,NO_TRADE,NO_TRADE:CHOPPY_MARKET,19.61,1,37.98,NONE,3,1,0,0,0,0,,,,
14:31:15,23530.2,23536.5,23477.55,NARROW,23571.55,23466.65,0.606,CHOPPY,STRONG_SELL_PREMIUM,RANGE,NO_TRADE,NO_TRADE:CHOPPY_MARKET,19.61,1,37.97,NONE,3,1,0,0,0,0,,,,
14:31:30,23526.95,23536.5,23477.55,NARROW,23571.55,23466.65,0.575,CHOPPY,STRONG_SELL_PREMIUM,RANGE,NO_TRADE,NO_TRADE:CHOPPY_MARKET,19.61,1,37.95,NONE,3,1,0,0,0,0,,,,
14:31:45,23527.0,23536.5,23477.55,NARROW,23571.55,23466.65,0.575,CHOPPY,STRONG_SELL_PREMIUM,RANGE,NO_TRADE,NO_TRADE:CHOPPY_MARKET,19.61,1,37.94,NONE,3,1,0,0,0,0,,,,
14:32:00,23526.65,23536.5,23477.55,NARROW,23571.55,23466.65,0.572,CHOPPY,STRONG_SELL_PREMIUM,RANGE,NO_TRADE,NO_TRADE:CHOPPY_MARKET,19.75,1,37.92,NONE,3,1,0,0,0,0,,,,
14:32:15,23525.75,23536.5,23477.55,NARROW,23571.55,23466.65,0.563,CHOPPY,STRONG_SELL_PREMIUM,RANGE,NO_TRADE,NO_TRADE:CHOPPY_MARKET,19.75,1,37.91,NONE,3,1,0,0,0,0,,,,
14:32:30,23524.95,23536.5,23477.55,NARROW,23571.55,23466.65,0.556,CHOPPY,STRONG_SELL_PREMIUM,RANGE,NO_TRADE,NO_TRADE:CHOPPY_MARKET,19.75,1,37.89,NONE,3,1,0,0,0,0,,,,
14:32:45,23525.7,23536.5,23477.55,NARROW,23571.55,23466.65,0.563,CHOPPY,STRONG_SELL_PREMIUM,RANGE,NO_TRADE,NO_TRADE:CHOPPY_MARKET,19.75,1,37.88,NONE,3,1,0,0,0,0,,,,
14:33:00,23523.05,23536.5,23477.55,NARROW,23571.55,23466.65,0.538,CHOPPY,STRONG_SELL_PREMIUM,RANGE,NO_TRADE,NO_TRADE:CHOPPY_MARKET,20.59,1,37.86,NONE,3,1,0,0,0,0,,,,
14:33:15,23522.35,23536.5,23477.55,NARROW,23571.55,23466.65,0.531,CHOPPY,STRONG_SELL_PREMIUM,RANGE,NO_TRADE,NO_TRADE:CHOPPY_MARKET,20.59,1,37.85,NONE,3,1,0,0,0,0,,,,
14:33:30,23519.05,23536.5,23477.55,NARROW,23571.55,23466.65,0.500,CHOPPY,STRONG_SELL_PREMIUM,RANGE,NO_TRADE,NO_TRADE:CHOPPY_MARKET,20.59,1,37.83,NONE,3,1,0,0,0,0,,,,
14:33:45,23515.75,23536.5,23477.55,NARROW,23571.55,23466.65,0.468,CHOPPY,STRONG_SELL_PREMIUM,RANGE,NO_TRADE,NO_TRADE:CHOPPY_MARKET,20.59,1,37.82,NONE,3,1,0,0,0,0,,,,
14:34:00,23515.35,23536.5,23477.55,NARROW,23571.55,23466.65,0.464,CHOPPY,STRONG_SELL_PREMIUM,RANGE,NO_TRADE,NO_TRADE:CHOPPY_MARKET,20.95,1,37.8,NONE,3,1,0,0,0,0,,,,
14:34:15,23514.25,23536.5,23477.55,NARROW,23571.55,23466.65,0.454,CHOPPY,STRONG_SELL_PREMIUM,RANGE,NO_TRADE,NO_TRADE:CHOPPY_MARKET,20.95,1,37.79,NONE,3,1,0,0,0,0,,,,
14:34:30,23512.35,23536.5,23477.55,NARROW,23571.55,23466.65,0.436,CHOPPY,STRONG_SELL_PREMIUM,RANGE,NO_TRADE,NO_TRADE:CHOPPY_MARKET,20.95,1,37.77,NONE,3,1,0,0,0,0,,,,
14:34:45,23514.4,23536.5,23477.55,NARROW,23571.55,23466.65,0.455,CHOPPY,STRONG_SELL_PREMIUM,RANGE,NO_TRADE,NO_TRADE:CHOPPY_MARKET,20.95,1,37.76,NONE,3,1,0,0,0,0,,,,
14:35:00,23511.35,23536.5,23477.55,NARROW,23571.55,23466.65,0.426,CHOPPY,STRONG_SELL_PREMIUM,RANGE,NO_TRADE,NO_TRADE:CHOPPY_MARKET,23.09,1,37.74,NONE,3,1,0,0,0,0,,,,
14:35:15,23513.25,23536.5,23477.55,NARROW,23571.55,23466.65,0.444,CHOPPY,STRONG_SELL_PREMIUM,RANGE,NO_TRADE,NO_TRADE:CHOPPY_MARKET,23.09,1,37.73,NONE,3,1,0,0,0,0,,,,
14:35:30,23512.2,23536.5,23477.55,NARROW,23571.55,23466.65,0.434,CHOPPY,STRONG_SELL_PREMIUM,RANGE,NO_TRADE,NO_TRADE:CHOPPY_MARKET,23.09,1,37.71,NONE,3,1,0,0,0,0,,,,
14:35:45,23508.0,23536.5,23477.55,NARROW,23571.55,23466.65,0.394,CHOPPY,STRONG_SELL_PREMIUM,RANGE,NO_TRADE,NO_TRADE:CHOPPY_MARKET,23.09,1,37.7,NONE,3,1,0,0,0,0,,,,
14:36:00,23510.1,23536.5,23477.55,NARROW,23571.55,23466.65,0.414,CHOPPY,STRONG_SELL_PREMIUM,RANGE,NO_TRADE,NO_TRADE:CHOPPY_MARKET,23.31,1,37.69,NONE,3,1,0,0,0,0,,,,
14:36:15,23507.85,23536.5,23477.55,NARROW,23571.55,23466.65,0.393,CHOPPY,STRONG_SELL_PREMIUM,RANGE,NO_TRADE,NO_TRADE:CHOPPY_MARKET,23.31,1,37.67,NONE,3,1,0,0,0,0,,,,
14:36:30,23507.9,23536.5,23477.55,NARROW,23571.55,23466.65,0.393,CHOPPY,STRONG_SELL_PREMIUM,RANGE,NO_TRADE,NO_TRADE:CHOPPY_MARKET,23.31,1,37.66,NONE,3,1,0,0,0,0,,,,
14:36:45,23504.75,23536.5,23477.55,NARROW,23571.55,23466.65,0.363,CHOPPY,STRONG_SELL_PREMIUM,RANGE,NO_TRADE,NO_TRADE:CHOPPY_MARKET,23.31,1,37.64,NONE,3,1,0,0,0,0,,,,
14:37:00,23506.75,23536.5,23477.55,NARROW,23571.55,23466.65,0.382,CHOPPY,STRONG_SELL_PREMIUM,RANGE,NO_TRADE,NO_TRADE:CHOPPY_MARKET,23.88,1,37.63,NONE,3,1,0,0,0,0,,,,
14:37:15,23503.4,23536.5,23477.55,NARROW,23571.55,23466.65,0.350,RANGE,STRONG_SELL_PREMIUM,RANGE,NO_TRADE,NO_TRADE:PAST_14:30,23.88,1,37.61,HIGH,3,0,0,0,0,0,,,,
14:37:30,23499.05,23536.5,23477.55,NARROW,23571.55,23466.65,0.309,RANGE,STRONG_SELL_PREMIUM,UNCLEAR,NO_TRADE,NO_TRADE:PAST_14:30,23.88,1,37.6,HIGH,3,0,0,0,0,0,,,,
14:37:45,23497.55,23536.5,23477.55,NARROW,23571.55,23466.65,0.295,RANGE,STRONG_SELL_PREMIUM,UNCLEAR,NO_TRADE,NO_TRADE:PAST_14:30,23.88,1,37.58,HIGH,3,0,0,0,0,0,,,,
14:38:00,23499.35,23536.5,23477.55,NARROW,23571.55,23466.65,0.312,RANGE,STRONG_SELL_PREMIUM,UNCLEAR,NO_TRADE,NO_TRADE:PAST_14:30,24.22,1,37.57,HIGH,3,0,0,0,0,0,,,,
14:38:15,23498.55,23536.5,23477.55,NARROW,23571.55,23466.65,0.304,RANGE,STRONG_SELL_PREMIUM,UNCLEAR,NO_TRADE,NO_TRADE:PAST_14:30,24.22,1,37.55,HIGH,3,0,0,0,0,0,,,,
14:38:31,23497.15,23536.5,23477.55,NARROW,23571.55,23466.65,0.291,RANGE,STRONG_SELL_PREMIUM,UNCLEAR,NO_TRADE,NO_TRADE:PAST_14:30,24.22,1,37.54,HIGH,3,0,0,0,0,0,,,,
14:38:45,23495.0,23536.5,23477.55,NARROW,23571.55,23466.65,0.270,RANGE,STRONG_SELL_PREMIUM,UNCLEAR,NO_TRADE,NO_TRADE:PAST_14:30,24.22,1,37.52,HIGH,3,0,0,0,0,0,,,,
14:39:02,23493.5,23536.5,23477.55,NARROW,23571.55,23466.65,0.256,RANGE,STRONG_SELL_PREMIUM,UNCLEAR,NO_TRADE,NO_TRADE:PAST_14:30,24.22,1,37.51,HIGH,3,0,0,0,0,0,,,,
14:39:17,23493.55,23536.5,23477.55,NARROW,23571.55,23466.65,0.256,RANGE,STRONG_SELL_PREMIUM,UNCLEAR,NO_TRADE,NO_TRADE:PAST_14:30,24.22,1,37.49,HIGH,3,0,0,0,0,0,,,,
14:39:31,23495.45,23536.5,23477.55,NARROW,23571.55,23466.65,0.275,RANGE,STRONG_SELL_PREMIUM,UNCLEAR,NO_TRADE,NO_TRADE:PAST_14:30,24.22,1,37.48,HIGH,3,0,0,0,0,0,NO_TRADE,,NO_TRADE:PAST_14:30,
14:39:47,23495.2,23536.5,23477.55,NARROW,23571.55,23466.65,0.272,RANGE,STRONG_SELL_PREMIUM,UNCLEAR,NO_TRADE,NO_TRADE:PAST_14:30,24.22,1,37.47,HIGH,3,0,0,0,0,0,NO_TRADE,,NO_TRADE:PAST_14:30,
14:40:01,23494.5,23536.5,23477.55,NARROW,23571.55,23466.65,0.265,RANGE,STRONG_SELL_PREMIUM,UNCLEAR,NO_TRADE,NO_TRADE:PAST_14:30,27.2,1,37.45,HIGH,3,0,0,0,0,0,NO_TRADE,,NO_TRADE:PAST_14:30,
14:40:17,23493.45,23536.5,23477.55,NARROW,23571.55,23466.65,0.255,RANGE,STRONG_SELL_PREMIUM,UNCLEAR,NO_TRADE,NO_TRADE:PAST_14:30,27.2,1,37.44,HIGH,3,0,0,0,0,0,NO_TRADE,,NO_TRADE:PAST_14:30,
14:40:32,23493.4,23536.5,23477.55,NARROW,23571.55,23466.65,0.255,RANGE,STRONG_SELL_PREMIUM,UNCLEAR,NO_TRADE,NO_TRADE:PAST_14:30,27.2,1,37.42,HIGH,3,0,0,0,0,0,NO_TRADE,,NO_TRADE:PAST_14:30,
14:40:47,23493.95,23536.5,23477.55,NARROW,23571.55,23466.65,0.260,RANGE,STRONG_SELL_PREMIUM,UNCLEAR,NO_TRADE,NO_TRADE:PAST_14:30,27.2,1,37.41,HIGH,3,0,0,0,0,0,NO_TRADE,,NO_TRADE:PAST_14:30,
14:41:03,23489.8,23536.5,23477.55,NARROW,23571.55,23466.65,0.221,RANGE,STRONG_SELL_PREMIUM,UNCLEAR,NO_TRADE,NO_TRADE:PAST_14:30,27.2,1,37.39,HIGH,3,0,0,0,0,0,NO_TRADE,,NO_TRADE:PAST_14:30,
14:41:17,23495.35,23536.5,23477.55,NARROW,23571.55,23466.65,0.274,RANGE,STRONG_SELL_PREMIUM,UNCLEAR,NO_TRADE,NO_TRADE:PAST_14:30,27.2,1,37.38,HIGH,3,0,0,0,0,0,NO_TRADE,,NO_TRADE:PAST_14:30,
14:41:33,23494.4,23536.5,23477.55,NARROW,23571.55,23466.65,0.265,RANGE,STRONG_SELL_PREMIUM,UNCLEAR,NO_TRADE,NO_TRADE:PAST_14:30,27.2,1,37.36,HIGH,3,0,0,0,0,0,NO_TRADE,,NO_TRADE:PAST_14:30,
14:41:48,23493.55,23536.5,23477.55,NARROW,23571.55,23466.65,0.256,RANGE,STRONG_SELL_PREMIUM,UNCLEAR,NO_TRADE,NO_TRADE:PAST_14:30,27.2,1,37.35,HIGH,3,0,0,0,0,0,NO_TRADE,,NO_TRADE:PAST_14:30,
14:42:03,23494.3,23536.5,23477.55,NARROW,23571.55,23466.65,0.264,RANGE,STRONG_SELL_PREMIUM,UNCLEAR,NO_TRADE,NO_TRADE:PAST_14:30,27.22,1,37.33,HIGH,3,0,0,0,0,0,NO_TRADE,,NO_TRADE:PAST_14:30,
14:42:18,23493.55,23536.5,23477.55,NARROW,23571.55,23466.65,0.256,RANGE,STRONG_SELL_PREMIUM,UNCLEAR,NO_TRADE,NO_TRADE:PAST_14:30,27.22,1,37.32,HIGH,3,0,0,0,0,0,NO_TRADE,,NO_TRADE:PAST_14:30,
14:42:33,23492.65,23536.5,23477.55,NARROW,23571.55,23466.65,0.248,RANGE,STRONG_SELL_PREMIUM,UNCLEAR,NO_TRADE,NO_TRADE:PAST_14:30,27.22,1,37.31,HIGH,3,0,0,0,0,0,NO_TRADE,,NO_TRADE:PAST_14:30,
14:42:48,23490.45,23536.5,23477.55,NARROW,23571.55,23466.65,0.227,RANGE,STRONG_SELL_PREMIUM,UNCLEAR,NO_TRADE,NO_TRADE:PAST_14:30,27.22,1,37.29,HIGH,3,0,0,0,0,0,NO_TRADE,,NO_TRADE:PAST_14:30,
14:43:03,23489.9,23536.5,23477.55,NARROW,23571.55,23466.65,0.222,RANGE,STRONG_SELL_PREMIUM,UNCLEAR,NO_TRADE,NO_TRADE:PAST_14:30,27.23,1,37.28,HIGH,3,0,0,0,0,0,NO_TRADE,,NO_TRADE:PAST_14:30,
14:43:18,23491.6,23536.5,23477.55,NARROW,23571.55,23466.65,0.238,RANGE,STRONG_SELL_PREMIUM,UNCLEAR,NO_TRADE,NO_TRADE:PAST_14:30,27.23,1,37.26,HIGH,3,0,0,0,0,0,NO_TRADE,,NO_TRADE:PAST_14:30,
14:43:33,23492.5,23536.5,23477.55,NARROW,23571.55,23466.65,0.246,RANGE,STRONG_SELL_PREMIUM,UNCLEAR,NO_TRADE,NO_TRADE:PAST_14:30,27.23,1,37.25,HIGH,3,0,0,0,0,0,NO_TRADE,,NO_TRADE:PAST_14:30,
14:43:48,23492.15,23536.5,23477.55,NARROW,23571.55,23466.65,0.243,RANGE,STRONG_SELL_PREMIUM,UNCLEAR,NO_TRADE,NO_TRADE:PAST_14:30,27.23,1,37.24,HIGH,3,0,0,0,0,0,NO_TRADE,,NO_TRADE:PAST_14:30,
14:44:03,23487.65,23536.5,23477.55,NARROW,23571.55,23466.65,0.200,RANGE,STRONG_SELL_PREMIUM,UNCLEAR,NO_TRADE,NO_TRADE:PAST_14:30,27.4,1,37.22,HIGH,3,0,0,0,0,0,NO_TRADE,,NO_TRADE:PAST_14:30,
14:44:18,23489.0,23536.5,23477.55,NARROW,23571.55,23466.65,0.213,RANGE,STRONG_SELL_PREMIUM,UNCLEAR,NO_TRADE,NO_TRADE:PAST_14:30,27.4,1,37.21,HIGH,3,0,0,0,0,0,NO_TRADE,,NO_TRADE:PAST_14:30,
14:44:33,23490.6,23536.5,23477.55,NARROW,23571.55,23466.65,0.228,RANGE,STRONG_SELL_PREMIUM,UNCLEAR,NO_TRADE,NO_TRADE:PAST_14:30,27.4,1,37.19,HIGH,3,0,0,0,0,0,NO_TRADE,,NO_TRADE:PAST_14:30,
14:44:48,23489.1,23536.5,23477.55,NARROW,23571.55,23466.65,0.214,RANGE,STRONG_SELL_PREMIUM,UNCLEAR,NO_TRADE,NO_TRADE:PAST_14:30,27.4,1,37.18,HIGH,3,0,0,0,0,0,NO_TRADE,,NO_TRADE:PAST_14:30,
14:45:04,23488.9,23536.5,23477.55,NARROW,23571.55,23466.65,0.212,RANGE,STRONG_SELL_PREMIUM,UNCLEAR,NO_TRADE,NO_TRADE:PAST_14:30,30.68,1,37.16,HIGH,3,0,0,0,0,0,ENTER,LONG_PUT,momentum_trend_expression:LONG_PUT:dte=3:adx=31:conf=HIGH:late_window:replacing=NO_TRADE:PAST_14:30,
14:45:18,23485.85,23536.5,23477.55,NARROW,23571.55,23466.65,0.183,RANGE,STRONG_SELL_PREMIUM,UNCLEAR,NO_TRADE,NO_TRADE:PAST_14:30,30.68,1,37.15,HIGH,3,0,0,0,0,0,,,,
14:45:34,23482.75,23536.5,23477.55,NARROW,23571.55,23466.65,0.153,RANGE,STRONG_SELL_PREMIUM,UNCLEAR,NO_TRADE,NO_TRADE:PAST_14:30,30.68,1,37.14,HIGH,3,0,0,0,0,0,,,,
14:45:48,23480.85,23536.5,23477.55,NARROW,23571.55,23466.65,0.135,RANGE,STRONG_SELL_PREMIUM,UNCLEAR,NO_TRADE,NO_TRADE:PAST_14:30,30.68,1,37.12,HIGH,3,0,0,0,0,0,,,,
14:46:03,23481.3,23536.5,23477.55,NARROW,23571.55,23466.65,0.140,RANGE,STRONG_SELL_PREMIUM,UNCLEAR,NO_TRADE,NO_TRADE:PAST_14:30,30.68,1,37.11,HIGH,3,0,0,0,0,0,,,,
14:46:19,23482.7,23536.5,23477.55,NARROW,23571.55,23466.65,0.153,RANGE,STRONG_SELL_PREMIUM,UNCLEAR,NO_TRADE,NO_TRADE:PAST_14:30,30.68,1,37.09,HIGH,3,0,0,0,0,0,,,,
14:46:33,23480.2,23536.5,23477.55,NARROW,23571.55,23466.65,0.129,RANGE,STRONG_SELL_PREMIUM,BEARISH,NO_TRADE,NO_TRADE:PAST_14:30,30.68,1,37.08,HIGH,3,0,0,0,0,0,,,,
14:46:48,23479.9,23536.5,23477.55,NARROW,23571.55,23466.65,0.126,RANGE,STRONG_SELL_PREMIUM,BEARISH,NO_TRADE,NO_TRADE:PAST_14:30,30.68,1,37.07,HIGH,3,0,0,0,0,0,,,,
14:47:03,23479.4,23536.5,23477.55,NARROW,23571.55,23466.65,0.122,RANGE,STRONG_SELL_PREMIUM,BEARISH,NO_TRADE,NO_TRADE:PAST_14:30,30.71,1,37.05,HIGH,3,0,0,0,0,0,,,,
14:47:19,23479.4,23536.5,23477.55,NARROW,23571.55,23466.65,0.122,RANGE,STRONG_SELL_PREMIUM,BEARISH,NO_TRADE,NO_TRADE:PAST_14:30,30.71,1,37.04,HIGH,3,0,0,0,0,0,,,,
14:47:33,23482.5,23536.5,23477.55,NARROW,23571.55,23466.65,0.151,RANGE,STRONG_SELL_PREMIUM,BEARISH,NO_TRADE,NO_TRADE:PAST_14:30,30.71,1,37.02,HIGH,3,0,0,0,0,0,,,,
14:47:49,23486.75,23536.5,23477.55,NARROW,23571.55,23466.65,0.192,RANGE,STRONG_SELL_PREMIUM,BEARISH,NO_TRADE,NO_TRADE:PAST_14:30,30.71,1,37.01,HIGH,3,0,0,0,0,0,,,,
14:48:04,23486.0,23536.5,23477.55,NARROW,23571.55,23466.65,0.184,RANGE,STRONG_SELL_PREMIUM,BEARISH,NO_TRADE,NO_TRADE:PAST_14:30,30.71,1,37.0,HIGH,3,0,0,0,0,0,,,,
14:48:19,23485.15,23536.5,23477.55,NARROW,23571.55,23466.65,0.176,RANGE,STRONG_SELL_PREMIUM,BEARISH,NO_TRADE,NO_TRADE:PAST_14:30,30.71,1,36.98,HIGH,3,0,0,0,0,0,,,,
14:48:34,23485.25,23536.5,23477.55,NARROW,23571.55,23466.65,0.177,RANGE,STRONG_SELL_PREMIUM,BEARISH,NO_TRADE,NO_TRADE:PAST_14:30,30.71,1,36.97,HIGH,3,0,0,0,0,0,,,,
14:48:49,23483.6,23536.5,23477.55,NARROW,23571.55,23466.65,0.162,RANGE,STRONG_SELL_PREMIUM,BEARISH,NO_TRADE,NO_TRADE:PAST_14:30,30.71,1,36.96,HIGH,3,0,0,0,0,0,,,,
14:49:04,23483.7,23536.5,23477.55,NARROW,23571.55,23466.65,0.163,RANGE,STRONG_SELL_PREMIUM,BEARISH,NO_TRADE,NO_TRADE:PAST_14:30,30.71,1,36.94,HIGH,3,0,0,0,0,0,,,,
14:49:19,23484.05,23536.5,23477.55,NARROW,23571.55,23466.65,0.166,RANGE,STRONG_SELL_PREMIUM,BEARISH,NO_TRADE,NO_TRADE:PAST_14:30,30.71,1,36.93,HIGH,3,0,0,0,0,0,,,,
14:49:34,23485.65,23536.5,23477.55,NARROW,23571.55,23466.65,0.181,RANGE,STRONG_SELL_PREMIUM,BEARISH,NO_TRADE,NO_TRADE:PAST_14:30,30.71,1,36.91,HIGH,3,0,0,0,0,0,,,,
14:49:49,23486.45,23536.5,23477.55,NARROW,23571.55,23466.65,0.189,RANGE,STRONG_SELL_PREMIUM,BEARISH,NO_TRADE,NO_TRADE:PAST_14:30,30.71,1,36.9,HIGH,3,0,0,0,0,0,,,,
14:50:04,23485.1,23536.5,23477.55,NARROW,23571.55,23466.65,0.176,RANGE,STRONG_SELL_PREMIUM,BEARISH,NO_TRADE,NO_TRADE:PAST_14:30,33.21,1,36.89,HIGH,3,0,0,0,0,0,,,,
14:50:19,23487.45,23536.5,23477.55,NARROW,23571.55,23466.65,0.198,RANGE,STRONG_SELL_PREMIUM,BEARISH,NO_TRADE,NO_TRADE:PAST_14:30,33.21,1,36.87,HIGH,3,0,0,0,0,0,,,,
14:50:34,23490.2,23536.5,23477.55,NARROW,23571.55,23466.65,0.224,RANGE,STRONG_SELL_PREMIUM,BEARISH,NO_TRADE,NO_TRADE:PAST_14:30,33.21,1,36.86,HIGH,3,0,0,0,0,0,,,,
14:50:49,23491.65,23536.5,23477.55,NARROW,23571.55,23466.65,0.238,RANGE,STRONG_SELL_PREMIUM,BEARISH,NO_TRADE,NO_TRADE:PAST_14:30,33.21,1,36.84,HIGH,3,0,0,0,0,0,,,,
14:51:04,23490.8,23536.5,23477.55,NARROW,23571.55,23466.65,0.230,RANGE,STRONG_SELL_PREMIUM,BEARISH,NO_TRADE,NO_TRADE:PAST_14:30,32.98,1,36.83,HIGH,3,0,0,0,0,0,,,,
14:51:19,23490.55,23536.5,23477.55,NARROW,23571.55,23466.65,0.228,RANGE,STRONG_SELL_PREMIUM,BEARISH,NO_TRADE,NO_TRADE:PAST_14:30,32.98,1,36.82,HIGH,3,0,0,0,0,0,,,,
14:51:34,23489.85,23536.5,23477.55,NARROW,23571.55,23466.65,0.221,RANGE,STRONG_SELL_PREMIUM,BEARISH,NO_TRADE,NO_TRADE:PAST_14:30,32.98,1,36.8,HIGH,3,0,0,0,0,0,,,,
14:51:49,23488.55,23536.5,23477.55,NARROW,23571.55,23466.65,0.209,RANGE,STRONG_SELL_PREMIUM,BEARISH,NO_TRADE,NO_TRADE:PAST_14:30,32.98,1,36.79,HIGH,3,0,0,0,0,0,,,,
14:52:04,23486.9,23536.5,23477.55,NARROW,23571.55,23466.65,0.193,RANGE,STRONG_SELL_PREMIUM,BEARISH,NO_TRADE,NO_TRADE:PAST_14:30,32.98,1,36.78,HIGH,3,0,0,0,0,0,,,,
14:52:19,23489.95,23536.5,23477.55,NARROW,23571.55,23466.65,0.222,RANGE,STRONG_SELL_PREMIUM,BEARISH,NO_TRADE,NO_TRADE:PAST_14:30,32.98,1,36.76,HIGH,3,0,0,0,0,0,,,,
14:52:35,23490.45,23536.5,23477.55,NARROW,23571.55,23466.65,0.227,RANGE,STRONG_SELL_PREMIUM,BEARISH,NO_TRADE,NO_TRADE:PAST_14:30,32.98,1,36.75,HIGH,3,0,0,0,0,0,,,,
14:52:49,23485.05,23536.5,23477.55,NARROW,23571.55,23466.65,0.175,RANGE,STRONG_SELL_PREMIUM,BEARISH,NO_TRADE,NO_TRADE:PAST_14:30,32.98,1,36.74,HIGH,3,0,0,0,0,0,,,,
14:53:04,23486.2,23536.5,23477.55,NARROW,23571.55,23466.65,0.186,RANGE,STRONG_SELL_PREMIUM,BEARISH,NO_TRADE,NO_TRADE:PAST_14:30,32.98,1,36.72,HIGH,3,0,0,0,0,0,,,,
14:53:19,23488.45,23536.5,23477.55,NARROW,23571.55,23466.65,0.208,RANGE,STRONG_SELL_PREMIUM,BEARISH,NO_TRADE,NO_TRADE:PAST_14:30,32.98,1,36.71,HIGH,3,0,0,0,0,0,,,,
14:53:34,23488.65,23536.5,23477.55,NARROW,23571.55,23466.65,0.210,RANGE,STRONG_SELL_PREMIUM,BEARISH,NO_TRADE,NO_TRADE:PAST_14:30,32.98,1,36.69,HIGH,3,0,0,0,0,0,,,,
14:53:49,23487.85,23536.5,23477.55,NARROW,23571.55,23466.65,0.202,RANGE,STRONG_SELL_PREMIUM,BEARISH,NO_TRADE,NO_TRADE:PAST_14:30,32.98,1,36.68,HIGH,3,0,0,0,0,0,,,,
14:54:04,23490.25,23536.5,23477.55,NARROW,23571.55,23466.65,0.225,RANGE,STRONG_SELL_PREMIUM,BEARISH,NO_TRADE,NO_TRADE:PAST_14:30,32.67,1,36.67,HIGH,3,0,0,0,0,0,,,,
14:54:19,23490.85,23536.5,23477.55,NARROW,23571.55,23466.65,0.231,RANGE,STRONG_SELL_PREMIUM,BEARISH,NO_TRADE,NO_TRADE:PAST_14:30,32.67,1,36.65,HIGH,3,0,0,0,0,0,,,,
14:54:34,23493.45,23536.5,23477.55,NARROW,23571.55,23466.65,0.255,RANGE,STRONG_SELL_PREMIUM,BEARISH,NO_TRADE,NO_TRADE:PAST_14:30,32.67,1,36.64,HIGH,3,0,0,0,0,0,,,,
14:54:50,23491.05,23536.5,23477.55,NARROW,23571.55,23466.65,0.233,RANGE,STRONG_SELL_PREMIUM,BEARISH,NO_TRADE,NO_TRADE:PAST_14:30,32.67,1,36.63,HIGH,3,0,0,0,0,0,,,,
14:55:04,23488.4,23536.5,23477.55,NARROW,23571.55,23466.65,0.207,RANGE,STRONG_SELL_PREMIUM,BEARISH,NO_TRADE,NO_TRADE:PAST_14:30,34.43,1,36.61,HIGH,3,0,0,0,0,0,,,,
14:55:19,23488.75,23536.5,23477.55,NARROW,23571.55,23466.65,0.211,RANGE,STRONG_SELL_PREMIUM,BEARISH,NO_TRADE,NO_TRADE:PAST_14:30,34.43,1,36.6,HIGH,3,0,0,0,0,0,,,,
14:55:34,23488.0,23536.5,23477.55,NARROW,23571.55,23466.65,0.204,RANGE,STRONG_SELL_PREMIUM,BEARISH,NO_TRADE,NO_TRADE:PAST_14:30,34.43,1,36.59,HIGH,3,0,0,0,0,0,,,,
14:55:49,23488.1,23536.5,23477.55,NARROW,23571.55,23466.65,0.204,RANGE,STRONG_SELL_PREMIUM,BEARISH,NO_TRADE,NO_TRADE:PAST_14:30,34.43,1,36.57,HIGH,3,0,0,0,0,0,,,,
14:56:04,23488.0,23536.5,23477.55,NARROW,23571.55,23466.65,0.204,RANGE,STRONG_SELL_PREMIUM,BEARISH,NO_TRADE,NO_TRADE:PAST_14:30,34.55,1,36.56,HIGH,3,0,0,0,0,0,,,,
14:56:20,23487.7,23536.5,23477.55,NARROW,23571.55,23466.65,0.201,RANGE,STRONG_SELL_PREMIUM,BEARISH,NO_TRADE,NO_TRADE:PAST_14:30,34.55,1,36.55,HIGH,3,0,0,0,0,0,,,,
14:56:34,23486.25,23536.5,23477.55,NARROW,23571.55,23466.65,0.187,RANGE,STRONG_SELL_PREMIUM,BEARISH,NO_TRADE,NO_TRADE:PAST_14:30,34.55,1,36.53,HIGH,3,0,0,0,0,0,,,,
14:56:50,23484.05,23536.5,23477.55,NARROW,23571.55,23466.65,0.166,RANGE,STRONG_SELL_PREMIUM,BEARISH,NO_TRADE,NO_TRADE:PAST_14:30,34.55,1,36.52,HIGH,3,0,0,0,0,0,,,,
14:57:05,23483.5,23536.5,23477.55,NARROW,23571.55,23466.65,0.161,RANGE,STRONG_SELL_PREMIUM,BEARISH,NO_TRADE,NO_TRADE:PAST_14:30,34.55,1,36.51,HIGH,3,0,0,0,0,0,,,,
14:57:20,23485.45,23536.5,23477.55,NARROW,23571.55,23466.65,0.179,RANGE,STRONG_SELL_PREMIUM,BEARISH,NO_TRADE,NO_TRADE:PAST_14:30,34.55,1,36.49,HIGH,3,0,0,0,0,0,,,,
14:57:35,23485.2,23536.5,23477.55,NARROW,23571.55,23466.65,0.177,RANGE,STRONG_SELL_PREMIUM,BEARISH,NO_TRADE,NO_TRADE:PAST_14:30,34.55,1,36.48,HIGH,3,0,0,0,0,0,,,,
14:57:50,23485.65,23536.5,23477.55,NARROW,23571.55,23466.65,0.181,RANGE,STRONG_SELL_PREMIUM,BEARISH,NO_TRADE,NO_TRADE:PAST_14:30,34.55,1,36.47,HIGH,3,0,0,0,0,0,,,,
14:58:05,23486.9,23536.5,23477.55,NARROW,23571.55,23466.65,0.193,RANGE,STRONG_SELL_PREMIUM,BEARISH,NO_TRADE,NO_TRADE:PAST_14:30,34.55,1,36.45,HIGH,3,0,0,0,0,0,,,,
14:58:20,23486.65,23536.5,23477.55,NARROW,23571.55,23466.65,0.191,RANGE,STRONG_SELL_PREMIUM,BEARISH,NO_TRADE,NO_TRADE:PAST_14:30,34.55,1,36.44,HIGH,3,0,0,0,0,0,,,,
14:58:35,23487.15,23536.5,23477.55,NARROW,23571.55,23466.65,0.195,RANGE,STRONG_SELL_PREMIUM,BEARISH,NO_TRADE,NO_TRADE:PAST_14:30,34.55,1,36.43,HIGH,3,0,0,0,0,0,,,,
14:58:50,23486.7,23536.5,23477.55,NARROW,23571.55,23466.65,0.191,RANGE,STRONG_SELL_PREMIUM,BEARISH,NO_TRADE,NO_TRADE:PAST_14:30,34.55,1,36.41,HIGH,3,0,0,0,0,0,,,,
14:59:05,23485.65,23536.5,23477.55,NARROW,23571.55,23466.65,0.181,RANGE,STRONG_SELL_PREMIUM,BEARISH,NO_TRADE,NO_TRADE:PAST_14:30,34.55,1,36.4,HIGH,3,0,0,0,0,0,,,,
14:59:24,23485.2,23536.5,23477.55,NARROW,23571.55,23466.65,0.177,RANGE,STRONG_SELL_PREMIUM,BEARISH,NO_TRADE,NO_TRADE:PAST_14:30,34.55,1,36.38,HIGH,3,0,0,0,0,0,,,,
14:59:39,23484.8,23536.5,23477.55,NARROW,23571.55,23466.65,0.173,RANGE,STRONG_SELL_PREMIUM,BEARISH,NO_TRADE,NO_TRADE:PAST_14:30,34.55,1,36.37,HIGH,3,0,0,0,0,0,,,,
14:59:54,23485.45,23536.5,23477.55,NARROW,23571.55,23466.65,0.179,RANGE,STRONG_SELL_PREMIUM,BEARISH,NO_TRADE,NO_TRADE:PAST_14:30,34.55,1,36.36,HIGH,3,0,0,0,0,0,,,,
15:00:09,23486.35,23536.5,23477.55,NARROW,23571.55,23466.65,0.188,RANGE,STRONG_SELL_PREMIUM,BEARISH,NO_TRADE,NO_TRADE:PAST_14:30,36.24,1,36.34,HIGH,3,0,0,0,0,0,,,,
15:00:24,23485.95,23536.5,23477.55,NARROW,23571.55,23466.65,0.184,RANGE,STRONG_SELL_PREMIUM,BEARISH,NO_TRADE,NO_TRADE:PAST_14:30,36.24,1,36.33,HIGH,3,0,0,0,0,0,,,,
15:00:39,23485.75,23536.5,23477.55,NARROW,23571.55,23466.65,0.182,RANGE,STRONG_SELL_PREMIUM,BEARISH,NO_TRADE,NO_TRADE:PAST_14:30,36.24,1,36.32,HIGH,3,0,0,0,0,0,,,,
15:00:54,23485.45,23536.5,23477.55,NARROW,23571.55,23466.65,0.179,RANGE,STRONG_SELL_PREMIUM,BEARISH,NO_TRADE,NO_TRADE:PAST_14:30,36.24,1,36.3,HIGH,3,0,0,0,0,0,,,,
15:01:10,23485.4,23536.5,23477.55,NARROW,23571.55,23466.65,0.179,RANGE,STRONG_SELL_PREMIUM,BEARISH,NO_TRADE,NO_TRADE:PAST_14:30,36.38,1,36.29,HIGH,3,0,0,0,0,0,,,,
15:01:25,23485.8,23536.5,23477.55,NARROW,23571.55,23466.65,0.183,RANGE,STRONG_SELL_PREMIUM,BEARISH,NO_TRADE,NO_TRADE:PAST_14:30,36.38,1,36.28,HIGH,3,0,0,0,0,0,,,,
15:01:40,23484.5,23536.5,23477.55,NARROW,23571.55,23466.65,0.170,RANGE,STRONG_SELL_PREMIUM,BEARISH,NO_TRADE,NO_TRADE:PAST_14:30,36.38,1,36.26,HIGH,3,0,0,0,0,0,,,,
15:01:55,23481.25,23536.5,23477.55,NARROW,23571.55,23466.65,0.139,RANGE,STRONG_SELL_PREMIUM,BEARISH,NO_TRADE,NO_TRADE:PAST_14:30,36.38,1,36.25,HIGH,3,0,0,0,0,0,,,,
15:02:10,23480.2,23536.5,23477.55,NARROW,23571.55,23466.65,0.129,RANGE,STRONG_SELL_PREMIUM,BEARISH,NO_TRADE,NO_TRADE:PAST_14:30,36.58,1,36.24,HIGH,3,0,0,0,0,0,,,,
15:02:25,23480.9,23536.5,23477.55,NARROW,23571.55,23466.65,0.136,RANGE,STRONG_SELL_PREMIUM,BEARISH,NO_TRADE,NO_TRADE:PAST_14:30,36.58,1,36.22,HIGH,3,0,0,0,0,0,,,,
15:02:40,23479.0,23536.5,23477.55,NARROW,23571.55,23466.65,0.118,RANGE,STRONG_SELL_PREMIUM,BEARISH,NO_TRADE,NO_TRADE:PAST_14:30,36.58,1,36.21,HIGH,3,0,0,0,0,0,,,,
15:02:55,23478.5,23536.5,23477.55,NARROW,23571.55,23466.65,0.113,RANGE,STRONG_SELL_PREMIUM,BEARISH,NO_TRADE,NO_TRADE:PAST_14:30,36.58,1,36.2,HIGH,3,0,0,0,0,0,,,,
15:03:10,23475.2,23536.5,23477.55,NARROW,23571.55,23466.65,0.082,RANGE,STRONG_SELL_PREMIUM,BEARISH,NO_TRADE,NO_TRADE:PAST_14:30,36.92,1,36.19,HIGH,3,0,0,0,0,0,,,,
15:03:25,23473.9,23536.5,23477.55,NARROW,23571.55,23466.65,0.069,DOWNTREND,STRONG_SELL_PREMIUM,BEARISH,NO_TRADE,NO_TRADE:PAST_14:30,36.92,1,36.17,HIGH,3,0,0,0,0,0,,,,
15:03:40,23472.5,23536.5,23477.55,NARROW,23571.55,23466.65,0.056,DOWNTREND,STRONG_SELL_PREMIUM,BEARISH,NO_TRADE,NO_TRADE:PAST_14:30,36.92,1,36.16,HIGH,3,0,0,0,0,0,,,,
15:03:55,23471.35,23536.5,23477.55,NARROW,23571.55,23466.65,0.045,DOWNTREND,STRONG_SELL_PREMIUM,BEARISH,NO_TRADE,NO_TRADE:PAST_14:30,36.92,1,36.15,HIGH,3,0,0,0,0,0,,,,
15:04:10,23470.45,23536.5,23477.55,NARROW,23571.55,23461.3,0.083,DOWNTREND,STRONG_SELL_PREMIUM,BEARISH,NO_TRADE,NO_TRADE:PAST_14:30,37.4,1,37.98,HIGH,3,0,0,0,0,0,,,,
15:04:25,23469.55,23536.5,23477.55,NARROW,23571.55,23461.3,0.075,DOWNTREND,STRONG_SELL_PREMIUM,BEARISH,NO_TRADE,NO_TRADE:PAST_14:30,37.4,1,37.96,HIGH,3,0,0,0,0,0,,,,
15:04:40,23469.0,23536.5,23477.55,NARROW,23571.55,23461.3,0.070,DOWNTREND,STRONG_SELL_PREMIUM,BEARISH,NO_TRADE,NO_TRADE:PAST_14:30,37.4,1,37.95,HIGH,3,0,0,0,0,0,,,,
15:04:55,23465.65,23536.5,23477.55,NARROW,23571.55,23461.3,0.039,DOWNTREND,STRONG_SELL_PREMIUM,BEARISH,NO_TRADE,NO_TRADE:PAST_14:30,37.4,1,37.94,HIGH,3,0,0,0,0,0,,,,
15:05:10,23455.6,23536.5,23477.55,NARROW,23571.55,23450.95,0.039,DOWNTREND,STRONG_SELL_PREMIUM,BEARISH,NO_TRADE,NO_TRADE:PAST_14:30,40.4,1,41.48,HIGH,3,0,0,0,0,0,,,,
15:05:25,23452.15,23536.5,23477.55,NARROW,23571.55,23450.95,0.010,DOWNTREND,STRONG_SELL_PREMIUM,BEARISH,NO_TRADE,NO_TRADE:PAST_14:30,40.4,1,41.47,HIGH,3,0,0,0,0,0,,,,
15:05:40,23451.95,23536.5,23477.55,NARROW,23571.55,23450.95,0.008,DOWNTREND,STRONG_SELL_PREMIUM,BEARISH,NO_TRADE,NO_TRADE:PAST_14:30,40.4,1,41.45,HIGH,3,0,0,0,0,0,,,,
15:05:55,23458.55,23536.5,23477.55,NARROW,23571.55,23450.95,0.063,DOWNTREND,STRONG_SELL_PREMIUM,BEARISH,NO_TRADE,NO_TRADE:PAST_14:30,40.4,1,41.44,HIGH,3,0,0,0,0,0,,,,
15:06:10,23456.95,23536.5,23477.55,NARROW,23571.55,23450.95,0.050,DOWNTREND,STRONG_SELL_PREMIUM,BEARISH,NO_TRADE,NO_TRADE:PAST_14:30,40.4,1,41.42,HIGH,3,0,0,0,0,0,,,,
15:06:25,23456.9,23536.5,23477.55,NARROW,23571.55,23450.95,0.049,DOWNTREND,STRONG_SELL_PREMIUM,BEARISH,NO_TRADE,NO_TRADE:PAST_14:30,40.4,1,41.41,HIGH,3,0,0,0,0,0,,,,
15:06:40,23455.9,23536.5,23477.55,NARROW,23571.55,23450.95,0.041,DOWNTREND,STRONG_SELL_PREMIUM,BEARISH,NO_TRADE,NO_TRADE:PAST_14:30,40.4,1,41.39,HIGH,3,0,0,0,0,0,,,,
15:06:55,23455.15,23536.5,23477.55,NARROW,23571.55,23450.95,0.035,DOWNTREND,STRONG_SELL_PREMIUM,BEARISH,NO_TRADE,NO_TRADE:PAST_14:30,40.4,1,41.38,HIGH,3,0,0,0,0,0,,,,
15:07:10,23453.0,23536.5,23477.55,NARROW,23571.55,23450.95,0.017,DOWNTREND,STRONG_SELL_PREMIUM,BEARISH,NO_TRADE,NO_TRADE:PAST_14:30,40.4,1,41.36,HIGH,3,0,0,0,0,0,,,,
15:07:25,23453.5,23536.5,23477.55,NARROW,23571.55,23450.95,0.021,DOWNTREND,STRONG_SELL_PREMIUM,BEARISH,NO_TRADE,NO_TRADE:PAST_14:30,40.4,1,41.35,HIGH,3,0,0,0,0,0,,,,
15:07:40,23455.7,23536.5,23477.55,NARROW,23571.55,23450.95,0.039,DOWNTREND,STRONG_SELL_PREMIUM,BEARISH,NO_TRADE,NO_TRADE:PAST_14:30,40.4,1,41.33,HIGH,3,0,0,0,0,0,,,,
15:07:55,23457.25,23536.5,23477.55,NARROW,23571.55,23450.95,0.052,DOWNTREND,STRONG_SELL_PREMIUM,BEARISH,NO_TRADE,NO_TRADE:PAST_14:30,40.4,1,41.32,HIGH,3,0,0,0,0,0,,,,
15:08:10,23461.7,23536.5,23477.55,NARROW,23571.55,23450.95,0.089,DOWNTREND,STRONG_SELL_PREMIUM,BEARISH,NO_TRADE,NO_TRADE:PAST_14:30,40.4,1,41.31,HIGH,3,0,0,0,0,0,,,,
15:08:25,23463.25,23536.5,23477.55,NARROW,23571.55,23450.95,0.102,DOWNTREND,STRONG_SELL_PREMIUM,BEARISH,NO_TRADE,NO_TRADE:PAST_14:30,40.4,1,41.29,HIGH,3,0,0,0,0,0,,,,
15:08:40,23463.7,23536.5,23477.55,NARROW,23571.55,23450.95,0.106,DOWNTREND,STRONG_SELL_PREMIUM,BEARISH,NO_TRADE,NO_TRADE:PAST_14:30,40.4,1,41.28,HIGH,3,0,0,0,0,0,,,,
15:08:55,23467.15,23536.5,23477.55,NARROW,23571.55,23450.95,0.134,DOWNTREND,STRONG_SELL_PREMIUM,BEARISH,NO_TRADE,NO_TRADE:PAST_14:30,40.4,1,41.26,HIGH,3,0,0,0,0,0,,,,
15:09:10,23468.3,23536.5,23477.55,NARROW,23571.55,23450.95,0.144,DOWNTREND,STRONG_SELL_PREMIUM,BEARISH,NO_TRADE,NO_TRADE:PAST_14:30,40.4,1,41.25,HIGH,3,0,0,0,0,0,,,,
15:09:25,23468.15,23536.5,23477.55,NARROW,23571.55,23450.95,0.143,DOWNTREND,STRONG_SELL_PREMIUM,BEARISH,NO_TRADE,NO_TRADE:PAST_14:30,40.4,1,41.23,HIGH,3,0,0,0,0,0,,,,
15:09:40,23469.75,23536.5,23477.55,NARROW,23571.55,23450.95,0.156,DOWNTREND,STRONG_SELL_PREMIUM,BEARISH,NO_TRADE,NO_TRADE:PAST_14:30,40.4,1,41.22,HIGH,3,0,0,0,0,0,,,,
15:09:55,23470.05,23536.5,23477.55,NARROW,23571.55,23450.95,0.158,DOWNTREND,STRONG_SELL_PREMIUM,BEARISH,NO_TRADE,NO_TRADE:PAST_14:30,40.4,1,41.2,HIGH,3,0,0,0,0,0,,,,
15:10:10,23469.25,23536.5,23477.55,NARROW,23571.55,23450.95,0.152,DOWNTREND,STRONG_SELL_PREMIUM,BEARISH,NO_TRADE,NO_TRADE:PAST_14:30,42.76,1,41.19,HIGH,3,0,0,0,0,0,,,,
15:10:25,23471.5,23536.5,23477.55,NARROW,23571.55,23450.95,0.170,DOWNTREND,STRONG_SELL_PREMIUM,BEARISH,NO_TRADE,NO_TRADE:PAST_14:30,42.76,1,41.17,HIGH,3,0,0,0,0,0,,,,
15:10:40,23470.5,23536.5,23477.55,NARROW,23571.55,23450.95,0.162,DOWNTREND,STRONG_SELL_PREMIUM,BEARISH,NO_TRADE,NO_TRADE:PAST_14:30,42.76,1,41.16,HIGH,3,0,0,0,0,0,,,,
15:10:55,23471.95,23536.5,23477.55,NARROW,23571.55,23450.95,0.174,DOWNTREND,STRONG_SELL_PREMIUM,BEARISH,NO_TRADE,NO_TRADE:PAST_14:30,42.76,1,41.15,HIGH,3,0,0,0,0,0,,,,
15:11:11,23471.7,23536.5,23477.55,NARROW,23571.55,23450.95,0.172,DOWNTREND,STRONG_SELL_PREMIUM,BEARISH,NO_TRADE,NO_TRADE:PAST_14:30,42.49,1,41.13,HIGH,3,0,0,0,0,0,,,,
15:11:26,23473.2,23536.5,23477.55,NARROW,23571.55,23450.95,0.184,DOWNTREND,STRONG_SELL_PREMIUM,BEARISH,NO_TRADE,NO_TRADE:PAST_14:30,42.49,1,41.12,HIGH,3,0,0,0,0,0,,,,
15:11:41,23469.2,23536.5,23477.55,NARROW,23571.55,23450.95,0.151,DOWNTREND,STRONG_SELL_PREMIUM,BEARISH,NO_TRADE,NO_TRADE:PAST_14:30,42.49,1,41.1,HIGH,3,0,0,0,0,0,,,,
15:11:56,23467.85,23536.5,23477.55,NARROW,23571.55,23450.95,0.140,DOWNTREND,STRONG_SELL_PREMIUM,BEARISH,NO_TRADE,NO_TRADE:PAST_14:30,42.49,1,41.09,HIGH,3,0,0,0,0,0,,,,
15:12:11,23463.6,23536.5,23477.55,NARROW,23571.55,23450.95,0.105,DOWNTREND,STRONG_SELL_PREMIUM,BEARISH,NO_TRADE,NO_TRADE:PAST_14:30,42.49,1,41.07,HIGH,3,0,0,0,0,0,,,,
15:12:26,23467.8,23536.5,23477.55,NARROW,23571.55,23450.95,0.140,DOWNTREND,STRONG_SELL_PREMIUM,BEARISH,NO_TRADE,NO_TRADE:PAST_14:30,42.49,1,41.06,HIGH,3,0,0,0,0,0,,,,
15:12:41,23466.05,23536.5,23477.55,NARROW,23571.55,23450.95,0.125,DOWNTREND,STRONG_SELL_PREMIUM,BEARISH,NO_TRADE,NO_TRADE:PAST_14:30,42.49,1,41.04,HIGH,3,0,0,0,0,0,,,,
15:12:56,23467.8,23536.5,23477.55,NARROW,23571.55,23450.95,0.140,DOWNTREND,STRONG_SELL_PREMIUM,BEARISH,NO_TRADE,NO_TRADE:PAST_14:30,42.49,1,41.03,HIGH,3,0,0,0,0,0,,,,
15:13:11,23469.0,23536.5,23477.55,NARROW,23571.55,23450.95,0.150,DOWNTREND,STRONG_SELL_PREMIUM,BEARISH,NO_TRADE,NO_TRADE:PAST_14:30,42.49,1,41.02,HIGH,3,0,0,0,0,0,,,,
15:13:26,23465.95,23536.5,23477.55,NARROW,23571.55,23450.95,0.124,DOWNTREND,STRONG_SELL_PREMIUM,BEARISH,NO_TRADE,NO_TRADE:PAST_14:30,42.49,1,41.0,HIGH,3,0,0,0,0,0,,,,
15:13:41,23469.1,23536.5,23477.55,NARROW,23571.55,23450.95,0.150,DOWNTREND,STRONG_SELL_PREMIUM,BEARISH,NO_TRADE,NO_TRADE:PAST_14:30,42.49,1,40.99,HIGH,3,0,0,0,0,0,,,,
15:13:56,23470.55,23536.5,23477.55,NARROW,23571.55,23450.95,0.163,DOWNTREND,STRONG_SELL_PREMIUM,BEARISH,NO_TRADE,NO_TRADE:PAST_14:30,42.49,1,40.97,HIGH,3,0,0,0,0,0,,,,
15:14:11,23466.85,23536.5,23477.55,NARROW,23571.55,23450.95,0.132,DOWNTREND,STRONG_SELL_PREMIUM,BEARISH,NO_TRADE,NO_TRADE:PAST_14:30,42.49,1,40.96,HIGH,3,0,0,0,0,0,,,,
15:14:26,23466.15,23536.5,23477.55,NARROW,23571.55,23450.95,0.126,DOWNTREND,STRONG_SELL_PREMIUM,BEARISH,NO_TRADE,NO_TRADE:PAST_14:30,42.49,1,40.94,HIGH,3,0,0,0,0,0,,,,
15:14:41,23462.85,23536.5,23477.55,NARROW,23571.55,23450.95,0.099,DOWNTREND,STRONG_SELL_PREMIUM,BEARISH,NO_TRADE,NO_TRADE:PAST_14:30,42.49,1,40.93,HIGH,3,0,0,0,0,0,,,,
15:14:56,23466.0,23536.5,23477.55,NARROW,23571.55,23450.95,0.125,DOWNTREND,STRONG_SELL_PREMIUM,BEARISH,NO_TRADE,NO_TRADE:PAST_14:30,42.49,1,40.92,HIGH,3,0,0,0,0,0,,,,
15:15:11,23462.45,23536.5,23477.55,NARROW,23571.55,23450.95,0.095,DOWNTREND,STRONG_SELL_PREMIUM,BEARISH,NO_TRADE,NO_TRADE:PAST_14:30,44.38,1,40.9,HIGH,3,0,0,0,0,0,,,,
15:15:26,23462.45,23536.5,23477.55,NARROW,23571.55,23450.95,0.095,DOWNTREND,STRONG_SELL_PREMIUM,BEARISH,NO_TRADE,NO_TRADE:PAST_14:30,44.38,1,40.89,HIGH,3,0,0,0,0,0,NO_TRADE,,NO_TRADE:PAST_14:30,
15:15:41,23462.45,23536.5,23477.55,NARROW,23571.55,23450.95,0.095,DOWNTREND,STRONG_SELL_PREMIUM,BEARISH,NO_TRADE,NO_TRADE:PAST_14:30,44.38,1,40.87,HIGH,3,0,0,0,0,0,NO_TRADE,,NO_TRADE:PAST_14:30,
15:15:56,23462.45,23536.5,23477.55,NARROW,23571.55,23450.95,0.095,DOWNTREND,STRONG_SELL_PREMIUM,BEARISH,NO_TRADE,NO_TRADE:PAST_14:30,44.38,1,40.86,HIGH,3,0,0,0,0,0,NO_TRADE,,NO_TRADE:PAST_14:30,
15:16:11,23462.45,23536.5,23477.55,NARROW,23571.55,23450.95,0.095,DOWNTREND,STRONG_SELL_PREMIUM,BEARISH,NO_TRADE,NO_TRADE:PAST_14:30,44.38,1,40.84,HIGH,3,0,0,0,0,0,NO_TRADE,,NO_TRADE:PAST_14:30,
15:16:26,23462.45,23536.5,23477.55,NARROW,23571.55,23450.95,0.095,DOWNTREND,STRONG_SELL_PREMIUM,BEARISH,NO_TRADE,NO_TRADE:PAST_14:30,44.38,1,40.83,HIGH,3,0,0,0,0,0,NO_TRADE,,NO_TRADE:PAST_14:30,
15:16:41,23462.45,23536.5,23477.55,NARROW,23571.55,23450.95,0.095,DOWNTREND,STRONG_SELL_PREMIUM,BEARISH,NO_TRADE,NO_TRADE:PAST_14:30,44.38,1,40.82,HIGH,3,0,0,0,0,0,NO_TRADE,,NO_TRADE:PAST_14:30,
15:16:56,23462.45,23536.5,23477.55,NARROW,23571.55,23450.95,0.095,DOWNTREND,STRONG_SELL_PREMIUM,BEARISH,NO_TRADE,NO_TRADE:PAST_14:30,44.38,1,40.8,HIGH,3,0,0,0,0,0,NO_TRADE,,NO_TRADE:PAST_14:30,
15:17:11,23462.45,23536.5,23477.55,NARROW,23571.55,23450.95,0.095,DOWNTREND,STRONG_SELL_PREMIUM,BEARISH,NO_TRADE,NO_TRADE:PAST_14:30,44.38,1,40.79,HIGH,3,0,0,0,0,0,NO_TRADE,,NO_TRADE:PAST_14:30,
15:17:26,23462.45,23536.5,23477.55,NARROW,23571.55,23450.95,0.095,DOWNTREND,STRONG_SELL_PREMIUM,BEARISH,NO_TRADE,NO_TRADE:PAST_14:30,44.38,1,40.77,HIGH,3,0,0,0,0,0,NO_TRADE,,NO_TRADE:PAST_14:30,
15:17:41,23462.45,23536.5,23477.55,NARROW,23571.55,23450.95,0.095,DOWNTREND,STRONG_SELL_PREMIUM,BEARISH,NO_TRADE,NO_TRADE:PAST_14:30,44.38,1,40.76,HIGH,3,0,0,0,0,0,NO_TRADE,,NO_TRADE:PAST_14:30,
15:17:56,23462.45,23536.5,23477.55,NARROW,23571.55,23450.95,0.095,DOWNTREND,STRONG_SELL_PREMIUM,BEARISH,NO_TRADE,NO_TRADE:PAST_14:30,44.38,1,40.75,HIGH,3,0,0,0,0,0,NO_TRADE,,NO_TRADE:PAST_14:30,
15:18:11,23462.45,23536.5,23477.55,NARROW,23571.55,23450.95,0.095,DOWNTREND,STRONG_SELL_PREMIUM,BEARISH,NO_TRADE,NO_TRADE:PAST_14:30,44.38,1,40.73,HIGH,3,0,0,0,0,0,NO_TRADE,,NO_TRADE:PAST_14:30,
15:18:26,23462.45,23536.5,23477.55,NARROW,23571.55,23450.95,0.095,DOWNTREND,STRONG_SELL_PREMIUM,BEARISH,NO_TRADE,NO_TRADE:PAST_14:30,44.38,1,40.72,HIGH,3,0,0,0,0,0,NO_TRADE,,NO_TRADE:PAST_14:30,
15:18:41,23462.45,23536.5,23477.55,NARROW,23571.55,23450.95,0.095,DOWNTREND,STRONG_SELL_PREMIUM,BEARISH,NO_TRADE,NO_TRADE:PAST_14:30,44.38,1,40.7,HIGH,3,0,0,0,0,0,NO_TRADE,,NO_TRADE:PAST_14:30,
15:18:56,23462.45,23536.5,23477.55,NARROW,23571.55,23450.95,0.095,DOWNTREND,STRONG_SELL_PREMIUM,BEARISH,NO_TRADE,NO_TRADE:PAST_14:30,44.38,1,40.69,HIGH,3,0,0,0,0,0,NO_TRADE,,NO_TRADE:PAST_14:30,
15:19:11,23462.45,23536.5,23477.55,NARROW,23571.55,23450.95,0.095,DOWNTREND,STRONG_SELL_PREMIUM,BEARISH,NO_TRADE,NO_TRADE:PAST_14:30,44.38,1,40.68,HIGH,3,0,0,0,0,0,NO_TRADE,,NO_TRADE:PAST_14:30,
15:19:26,23462.45,23536.5,23477.55,NARROW,23571.55,23450.95,0.095,DOWNTREND,STRONG_SELL_PREMIUM,BEARISH,NO_TRADE,NO_TRADE:PAST_14:30,44.38,1,40.66,HIGH,3,0,0,0,0,0,NO_TRADE,,NO_TRADE:PAST_14:30,
15:19:41,23462.45,23536.5,23477.55,NARROW,23571.55,23450.95,0.095,DOWNTREND,STRONG_SELL_PREMIUM,BEARISH,NO_TRADE,NO_TRADE:PAST_14:30,44.38,1,40.65,HIGH,3,0,0,0,0,0,NO_TRADE,,NO_TRADE:PAST_14:30,
15:19:56,23462.45,23536.5,23477.55,NARROW,23571.55,23450.95,0.095,DOWNTREND,STRONG_SELL_PREMIUM,BEARISH,NO_TRADE,NO_TRADE:PAST_14:30,44.38,1,40.63,HIGH,3,0,0,0,0,0,NO_TRADE,,NO_TRADE:PAST_14:30,
15:20:11,23462.45,23536.5,23477.55,NARROW,23571.55,23450.95,0.095,DOWNTREND,STRONG_SELL_PREMIUM,BEARISH,NO_TRADE,NO_TRADE:PAST_14:30,46.07,1,40.62,HIGH,3,0,0,0,0,0,NO_TRADE,,NO_TRADE:PAST_14:30,
15:20:26,23462.45,23536.5,23477.55,NARROW,23571.55,23450.95,0.095,DOWNTREND,STRONG_SELL_PREMIUM,BEARISH,NO_TRADE,NO_TRADE:PAST_14:30,46.07,1,40.61,HIGH,3,0,0,0,0,0,NO_TRADE,,NO_TRADE:PAST_14:30,
15:20:41,23462.45,23536.5,23477.55,NARROW,23571.55,23450.95,0.095,DOWNTREND,STRONG_SELL_PREMIUM,BEARISH,NO_TRADE,NO_TRADE:PAST_14:30,46.07,1,40.59,HIGH,3,0,0,0,0,0,NO_TRADE,,NO_TRADE:PAST_14:30,
15:20:56,23462.45,23536.5,23477.55,NARROW,23571.55,23450.95,0.095,DOWNTREND,STRONG_SELL_PREMIUM,BEARISH,NO_TRADE,NO_TRADE:PAST_14:30,46.07,1,40.58,HIGH,3,0,0,0,0,0,NO_TRADE,,NO_TRADE:PAST_14:30,
15:21:12,23462.45,23536.5,23477.55,NARROW,23571.55,23450.95,0.095,DOWNTREND,STRONG_SELL_PREMIUM,BEARISH,NO_TRADE,NO_TRADE:PAST_14:30,46.07,1,40.56,HIGH,3,0,0,0,0,0,NO_TRADE,,NO_TRADE:PAST_14:30,
15:21:27,23462.45,23536.5,23477.55,NARROW,23571.55,23450.95,0.095,DOWNTREND,STRONG_SELL_PREMIUM,BEARISH,NO_TRADE,NO_TRADE:PAST_14:30,46.07,1,40.55,HIGH,3,0,0,0,0,0,NO_TRADE,,NO_TRADE:PAST_14:30,
15:21:42,23462.45,23536.5,23477.55,NARROW,23571.55,23450.95,0.095,DOWNTREND,STRONG_SELL_PREMIUM,BEARISH,NO_TRADE,NO_TRADE:PAST_14:30,46.07,1,40.54,HIGH,3,0,0,0,0,0,NO_TRADE,,NO_TRADE:PAST_14:30,
15:21:57,23462.45,23536.5,23477.55,NARROW,23571.55,23450.95,0.095,DOWNTREND,STRONG_SELL_PREMIUM,BEARISH,NO_TRADE,NO_TRADE:PAST_14:30,46.07,1,40.52,HIGH,3,0,0,0,0,0,NO_TRADE,,NO_TRADE:PAST_14:30,
15:22:12,23462.45,23536.5,23477.55,NARROW,23571.55,23450.95,0.095,DOWNTREND,STRONG_SELL_PREMIUM,BEARISH,NO_TRADE,NO_TRADE:PAST_14:30,46.07,1,40.51,HIGH,3,0,0,0,0,0,NO_TRADE,,NO_TRADE:PAST_14:30,
15:22:27,23462.45,23536.5,23477.55,NARROW,23571.55,23450.95,0.095,DOWNTREND,STRONG_SELL_PREMIUM,BEARISH,NO_TRADE,NO_TRADE:PAST_14:30,46.07,1,40.49,HIGH,3,0,0,0,0,0,NO_TRADE,,NO_TRADE:PAST_14:30,
15:22:42,23462.45,23536.5,23477.55,NARROW,23571.55,23450.95,0.095,DOWNTREND,STRONG_SELL_PREMIUM,BEARISH,NO_TRADE,NO_TRADE:PAST_14:30,46.07,1,40.48,HIGH,3,0,0,0,0,0,NO_TRADE,,NO_TRADE:PAST_14:30,
15:22:57,23462.45,23536.5,23477.55,NARROW,23571.55,23450.95,0.095,DOWNTREND,STRONG_SELL_PREMIUM,BEARISH,NO_TRADE,NO_TRADE:PAST_14:30,46.07,1,40.47,HIGH,3,0,0,0,0,0,NO_TRADE,,NO_TRADE:PAST_14:30,
15:23:12,23462.45,23536.5,23477.55,NARROW,23571.55,23450.95,0.095,DOWNTREND,STRONG_SELL_PREMIUM,BEARISH,NO_TRADE,NO_TRADE:PAST_14:30,46.07,1,40.45,HIGH,3,0,0,0,0,0,NO_TRADE,,NO_TRADE:PAST_14:30,
15:23:27,23462.45,23536.5,23477.55,NARROW,23571.55,23450.95,0.095,DOWNTREND,STRONG_SELL_PREMIUM,BEARISH,NO_TRADE,NO_TRADE:PAST_14:30,46.07,1,40.44,HIGH,3,0,0,0,0,0,NO_TRADE,,NO_TRADE:PAST_14:30,
15:23:42,23462.45,23536.5,23477.55,NARROW,23571.55,23450.95,0.095,DOWNTREND,STRONG_SELL_PREMIUM,BEARISH,NO_TRADE,NO_TRADE:PAST_14:30,46.07,1,40.43,HIGH,3,0,0,0,0,0,NO_TRADE,,NO_TRADE:PAST_14:30,
15:23:57,23462.45,23536.5,23477.55,NARROW,23571.55,23450.95,0.095,DOWNTREND,STRONG_SELL_PREMIUM,BEARISH,NO_TRADE,NO_TRADE:PAST_14:30,46.07,1,40.41,HIGH,3,0,0,0,0,0,NO_TRADE,,NO_TRADE:PAST_14:30,
15:24:12,23462.45,23536.5,23477.55,NARROW,23571.55,23450.95,0.095,DOWNTREND,STRONG_SELL_PREMIUM,BEARISH,NO_TRADE,NO_TRADE:PAST_14:30,46.07,1,40.4,HIGH,3,0,0,0,0,0,NO_TRADE,,NO_TRADE:PAST_14:30,
15:24:27,23462.45,23536.5,23477.55,NARROW,23571.55,23450.95,0.095,DOWNTREND,STRONG_SELL_PREMIUM,BEARISH,NO_TRADE,NO_TRADE:PAST_14:30,46.07,1,40.38,HIGH,3,0,0,0,0,0,NO_TRADE,,NO_TRADE:PAST_14:30,
15:24:42,23462.45,23536.5,23477.55,NARROW,23571.55,23450.95,0.095,DOWNTREND,STRONG_SELL_PREMIUM,BEARISH,NO_TRADE,NO_TRADE:PAST_14:30,46.07,1,40.37,HIGH,3,0,0,0,0,0,NO_TRADE,,NO_TRADE:PAST_14:30,
15:24:57,23462.45,23536.5,23477.55,NARROW,23571.55,23450.95,0.095,DOWNTREND,STRONG_SELL_PREMIUM,BEARISH,NO_TRADE,NO_TRADE:PAST_14:30,46.07,1,40.36,HIGH,3,0,0,0,0,0,NO_TRADE,,NO_TRADE:PAST_14:30,
15:25:12,23462.45,23536.5,23477.55,NARROW,23571.55,23450.95,0.095,DOWNTREND,STRONG_SELL_PREMIUM,BEARISH,NO_TRADE,NO_TRADE:PAST_14:30,47.6,1,40.34,HIGH,3,0,0,0,0,0,NO_TRADE,,NO_TRADE:PAST_14:30,
15:25:27,23462.45,23536.5,23477.55,NARROW,23571.55,23450.95,0.095,DOWNTREND,STRONG_SELL_PREMIUM,BEARISH,NO_TRADE,NO_TRADE:PAST_14:30,47.6,1,40.33,HIGH,3,0,0,0,0,0,NO_TRADE,,NO_TRADE:PAST_14:30,
15:25:42,23462.45,23536.5,23477.55,NARROW,23571.55,23450.95,0.095,DOWNTREND,STRONG_SELL_PREMIUM,BEARISH,NO_TRADE,NO_TRADE:PAST_14:30,47.6,1,40.32,HIGH,3,0,0,0,0,0,NO_TRADE,,NO_TRADE:PAST_14:30,
15:25:57,23462.45,23536.5,23477.55,NARROW,23571.55,23450.95,0.095,DOWNTREND,STRONG_SELL_PREMIUM,BEARISH,NO_TRADE,NO_TRADE:PAST_14:30,47.6,1,40.3,HIGH,3,0,0,0,0,0,NO_TRADE,,NO_TRADE:PAST_14:30,
15:26:12,23462.45,23536.5,23477.55,NARROW,23571.55,23450.95,0.095,DOWNTREND,STRONG_SELL_PREMIUM,BEARISH,NO_TRADE,NO_TRADE:PAST_14:30,47.6,1,40.29,HIGH,3,0,0,0,0,0,NO_TRADE,,NO_TRADE:PAST_14:30,
15:26:27,23462.45,23536.5,23477.55,NARROW,23571.55,23450.95,0.095,DOWNTREND,STRONG_SELL_PREMIUM,BEARISH,NO_TRADE,NO_TRADE:PAST_14:30,47.6,1,40.28,HIGH,3,0,0,0,0,0,NO_TRADE,,NO_TRADE:PAST_14:30,
15:26:42,23462.45,23536.5,23477.55,NARROW,23571.55,23450.95,0.095,DOWNTREND,STRONG_SELL_PREMIUM,BEARISH,NO_TRADE,NO_TRADE:PAST_14:30,47.6,1,40.26,HIGH,3,0,0,0,0,0,NO_TRADE,,NO_TRADE:PAST_14:30,
15:26:57,23462.45,23536.5,23477.55,NARROW,23571.55,23450.95,0.095,DOWNTREND,STRONG_SELL_PREMIUM,BEARISH,NO_TRADE,NO_TRADE:PAST_14:30,47.6,1,40.25,HIGH,3,0,0,0,0,0,NO_TRADE,,NO_TRADE:PAST_14:30,
15:27:12,23462.45,23536.5,23477.55,NARROW,23571.55,23450.95,0.095,DOWNTREND,STRONG_SELL_PREMIUM,BEARISH,NO_TRADE,NO_TRADE:PAST_14:30,47.6,1,40.24,HIGH,3,0,0,0,0,0,NO_TRADE,,NO_TRADE:PAST_14:30,
15:27:27,23462.45,23536.5,23477.55,NARROW,23571.55,23450.95,0.095,DOWNTREND,STRONG_SELL_PREMIUM,BEARISH,NO_TRADE,NO_TRADE:PAST_14:30,47.6,1,40.22,HIGH,3,0,0,0,0,0,NO_TRADE,,NO_TRADE:PAST_14:30,
15:27:42,23462.45,23536.5,23477.55,NARROW,23571.55,23450.95,0.095,DOWNTREND,STRONG_SELL_PREMIUM,BEARISH,NO_TRADE,NO_TRADE:PAST_14:30,47.6,1,40.21,HIGH,3,0,0,0,0,0,NO_TRADE,,NO_TRADE:PAST_14:30,
15:27:57,23462.45,23536.5,23477.55,NARROW,23571.55,23450.95,0.095,DOWNTREND,STRONG_SELL_PREMIUM,BEARISH,NO_TRADE,NO_TRADE:PAST_14:30,47.6,1,40.19,HIGH,3,0,0,0,0,0,NO_TRADE,,NO_TRADE:PAST_14:30,
15:28:12,23462.45,23536.5,23477.55,NARROW,23571.55,23431.5,0.221,DOWNTREND,STRONG_SELL_PREMIUM,BEARISH,NO_TRADE,NO_TRADE:PAST_14:30,48.91,1,46.66,HIGH,3,0,0,0,0,0,NO_TRADE,,NO_TRADE:PAST_14:30,
15:28:27,23462.45,23536.5,23477.55,NARROW,23571.55,23431.5,0.221,DOWNTREND,SELL_PREMIUM,BEARISH,NO_TRADE,NO_TRADE:PAST_14:30,48.91,1,46.65,HIGH,3,0,0,0,0,0,NO_TRADE,,NO_TRADE:PAST_14:30,
15:28:42,23462.45,23536.5,23477.55,NARROW,23571.55,23431.5,0.221,DOWNTREND,SELL_PREMIUM,BEARISH,NO_TRADE,NO_TRADE:PAST_14:30,48.91,1,46.63,HIGH,3,0,0,0,0,0,NO_TRADE,,NO_TRADE:PAST_14:30,
15:28:57,23431.5,23536.5,23477.55,NARROW,23571.55,23431.5,0.000,DOWNTREND,SELL_PREMIUM,BEARISH,NO_TRADE,NO_TRADE:PAST_14:30,48.91,1,46.61,HIGH,3,0,0,0,0,0,NO_TRADE,,NO_TRADE:PAST_14:30,
15:29:12,23431.5,23536.5,23477.55,NARROW,23571.55,23431.5,0.000,DOWNTREND,SELL_PREMIUM,BEARISH,NO_TRADE,NO_TRADE:PAST_14:30,48.91,1,46.6,HIGH,3,0,0,0,0,0,NO_TRADE,,NO_TRADE:PAST_14:30,
15:29:27,23431.5,23536.5,23477.55,NARROW,23571.55,23431.5,0.000,DOWNTREND,SELL_PREMIUM,BEARISH,NO_TRADE,NO_TRADE:PAST_14:30,48.91,1,46.58,HIGH,3,0,0,0,0,0,NO_TRADE,,NO_TRADE:PAST_14:30,
15:29:42,23431.5,23536.5,23477.55,NARROW,23571.55,23431.5,0.000,DOWNTREND,SELL_PREMIUM,BEARISH,NO_TRADE,NO_TRADE:PAST_14:30,48.91,1,46.57,HIGH,3,0,0,0,0,0,NO_TRADE,,NO_TRADE:PAST_14:30,
15:29:57,23431.5,23536.5,23477.55,NARROW,23571.55,23431.5,0.000,DOWNTREND,SELL_PREMIUM,BEARISH,NO_TRADE,NO_TRADE:PAST_14:30,48.91,1,46.55,HIGH,3,0,0,0,0,0,NO_TRADE,,NO_TRADE:PAST_14:30,
15:30:12,23431.5,23536.5,23477.55,NARROW,23571.55,23431.5,0.000,DOWNTREND,NEUTRAL,BEARISH,NO_TRADE,NO_TRADE:PAST_14:30,48.91,1,46.55,HIGH,3,0,0,0,0,0,NO_TRADE,,NO_TRADE:PAST_14:30,
15:30:27,23431.5,23536.5,23477.55,NARROW,23571.55,23431.5,0.000,DOWNTREND,NEUTRAL,BEARISH,NO_TRADE,NO_TRADE:PAST_14:30,48.91,1,46.55,HIGH,3,0,0,0,0,0,NO_TRADE,,NO_TRADE:PAST_14:30,
15:30:43,23431.5,23536.5,23477.55,NARROW,23571.55,23431.5,0.000,DOWNTREND,NEUTRAL,BEARISH,NO_TRADE,NO_TRADE:PAST_14:30,48.91,1,46.55,HIGH,3,0,0,0,0,0,NO_TRADE,,NO_TRADE:PAST_14:30,
15:30:58,23431.5,23536.5,23477.55,NARROW,23571.55,23431.5,0.000,DOWNTREND,NEUTRAL,BEARISH,NO_TRADE,NO_TRADE:PAST_14:30,48.91,1,46.55,HIGH,3,0,0,0,0,0,NO_TRADE,,NO_TRADE:PAST_14:30,
