time,spot,or_h,or_l,or_cond,day_h,day_l,loc,px,vol,pos,final,notes,adx,adx_m,dmu,conf,dte,choppy,fade_hi,fade_lo,fb_lo,fb_hi,action,strat,reason,in_trade
09:15:23,23695.7,,,,23758.95,23685.6,0.138,OBSERVING,NEUTRAL,BEARISH,NO_TRADE,NO_TRADE:OR_NOT_ESTABLISHED,0.0,0,0.0,NONE,4,0,0,0,0,0,NO_TRADE,,NO_TRADE:OR_NOT_ESTABLISHED,
09:16:07,23683.05,,,,23758.95,23680.65,0.031,OBSERVING,NEUTRAL,BEARISH,NO_TRADE,NO_TRADE:OR_NOT_ESTABLISHED,0.0,0,0.0,NONE,4,0,0,0,0,0,NO_TRADE,,NO_TRADE:OR_NOT_ESTABLISHED,
09:16:53,23694.5,,,,23758.95,23680.65,0.177,OBSERVING,NEUTRAL,BEARISH,NO_TRADE,NO_TRADE:OR_NOT_ESTABLISHED,0.0,0,0.0,NONE,4,0,0,0,0,0,NO_TRADE,,NO_TRADE:OR_NOT_ESTABLISHED,
09:17:38,23697.4,,,,23758.95,23680.65,0.214,OBSERVING,NEUTRAL,BEARISH,NO_TRADE,NO_TRADE:OR_NOT_ESTABLISHED,0.0,0,0.0,NONE,4,0,0,0,0,0,NO_TRADE,,NO_TRADE:OR_NOT_ESTABLISHED,
09:18:32,23693.2,,,,23758.95,23680.65,0.160,OBSERVING,NEUTRAL,BEARISH,NO_TRADE,NO_TRADE:OR_NOT_ESTABLISHED,0.0,0,0.0,NONE,4,0,0,0,0,0,NO_TRADE,,NO_TRADE:OR_NOT_ESTABLISHED,
09:19:08,23694.15,,,,23758.95,23680.65,0.172,OBSERVING,NEUTRAL,BEARISH,NO_TRADE,NO_TRADE:OR_NOT_ESTABLISHED,0.0,0,0.0,NONE,4,0,0,0,0,0,NO_TRADE,,NO_TRADE:OR_NOT_ESTABLISHED,
09:19:53,23694.15,,,,23758.95,23680.65,0.172,OBSERVING,NEUTRAL,BEARISH,NO_TRADE,NO_TRADE:OR_NOT_ESTABLISHED,0.0,0,0.0,NONE,4,0,0,0,0,0,NO_TRADE,,NO_TRADE:OR_NOT_ESTABLISHED,
09:20:38,23694.35,,,,23758.95,23680.65,0.175,OBSERVING,NEUTRAL,BEARISH,NO_TRADE,NO_TRADE:OR_NOT_ESTABLISHED,0.0,0,0.0,NONE,4,0,0,0,0,0,NO_TRADE,,NO_TRADE:OR_NOT_ESTABLISHED,
09:21:23,23689.4,,,,23758.95,23680.65,0.112,OBSERVING,NEUTRAL,BEARISH,NO_TRADE,NO_TRADE:OR_NOT_ESTABLISHED,0.0,0,0.0,NONE,4,0,0,0,0,0,NO_TRADE,,NO_TRADE:OR_NOT_ESTABLISHED,
09:22:08,23692.55,,,,23758.95,23680.65,0.152,OBSERVING,NEUTRAL,BEARISH,NO_TRADE,NO_TRADE:OR_NOT_ESTABLISHED,0.0,0,0.0,NONE,4,0,0,0,0,0,NO_TRADE,,NO_TRADE:OR_NOT_ESTABLISHED,
09:22:54,23692.3,,,,23758.95,23680.65,0.149,OBSERVING,NEUTRAL,BEARISH,NO_TRADE,NO_TRADE:OR_NOT_ESTABLISHED,0.0,0,0.0,NONE,4,0,0,0,0,0,NO_TRADE,,NO_TRADE:OR_NOT_ESTABLISHED,
09:23:39,23682.1,,,,23758.95,23680.65,0.019,OBSERVING,NEUTRAL,BEARISH,NO_TRADE,NO_TRADE:OR_NOT_ESTABLISHED,0.0,0,0.0,NONE,4,0,0,0,0,0,NO_TRADE,,NO_TRADE:OR_NOT_ESTABLISHED,
09:24:24,23682.65,,,,23758.95,23678.9,0.047,OBSERVING,NEUTRAL,BEARISH,NO_TRADE,NO_TRADE:OR_NOT_ESTABLISHED,0.0,0,0.0,NONE,4,0,0,0,0,0,NO_TRADE,,NO_TRADE:OR_NOT_ESTABLISHED,
09:25:09,23679.05,,,,23758.95,23677.5,0.019,OBSERVING,NEUTRAL,BEARISH,NO_TRADE,NO_TRADE:OR_NOT_ESTABLISHED,0.0,0,0.0,NONE,4,0,0,0,0,0,NO_TRADE,,NO_TRADE:OR_NOT_ESTABLISHED,
09:25:54,23681.75,,,,23758.95,23677.5,0.052,OBSERVING,NEUTRAL,BEARISH,NO_TRADE,NO_TRADE:OR_NOT_ESTABLISHED,0.0,0,0.0,NONE,4,0,0,0,0,0,NO_TRADE,,NO_TRADE:OR_NOT_ESTABLISHED,
09:26:39,23680.5,,,,23758.95,23677.5,0.037,OBSERVING,NEUTRAL,BEARISH,NO_TRADE,NO_TRADE:OR_NOT_ESTABLISHED,0.0,0,0.0,NONE,4,0,0,0,0,0,NO_TRADE,,NO_TRADE:OR_NOT_ESTABLISHED,
09:27:24,23682.55,,,,23758.95,23675.05,0.089,OBSERVING,NEUTRAL,BEARISH,NO_TRADE,NO_TRADE:OR_NOT_ESTABLISHED,0.0,0,0.0,NONE,4,0,0,0,0,0,NO_TRADE,,NO_TRADE:OR_NOT_ESTABLISHED,
09:28:09,23676.6,,,,23758.95,23669.65,0.078,OBSERVING,NEUTRAL,BEARISH,NO_TRADE,NO_TRADE:OR_NOT_ESTABLISHED,0.0,0,0.0,NONE,4,0,0,0,0,0,NO_TRADE,,NO_TRADE:OR_NOT_ESTABLISHED,
09:28:54,23673.05,,,,23758.95,23669.65,0.038,OBSERVING,NEUTRAL,BEARISH,NO_TRADE,NO_TRADE:OR_NOT_ESTABLISHED,0.0,0,0.0,NONE,4,0,0,0,0,0,NO_TRADE,,NO_TRADE:OR_NOT_ESTABLISHED,
09:29:39,23672.1,,,,23758.95,23669.2,0.032,OBSERVING,NEUTRAL,BEARISH,NO_TRADE,NO_TRADE:OR_NOT_ESTABLISHED,0.0,0,0.0,NONE,4,0,0,0,0,0,NO_TRADE,,NO_TRADE:OR_NOT_ESTABLISHED,
09:30:24,23671.55,,,,23758.95,23668.15,0.037,OBSERVING,NEUTRAL,BEARISH,NO_TRADE,NO_TRADE:OR_NOT_ESTABLISHED,0.0,0,137.0,NONE,4,0,0,0,0,0,NO_TRADE,,NO_TRADE:OR_NOT_ESTABLISHED,
09:31:09,23672.35,,,,23758.95,23668.15,0.046,OBSERVING,NEUTRAL,BEARISH,NO_TRADE,NO_TRADE:OR_NOT_ESTABLISHED,0.0,0,137.0,NONE,4,0,0,0,0,0,NO_TRADE,,NO_TRADE:OR_NOT_ESTABLISHED,
09:31:55,23674.5,,,,23758.95,23668.15,0.070,OBSERVING,NEUTRAL,BEARISH,NO_TRADE,NO_TRADE:OR_NOT_ESTABLISHED,0.0,0,137.0,NONE,4,0,0,0,0,0,NO_TRADE,,NO_TRADE:OR_NOT_ESTABLISHED,
09:32:40,23675.0,,,,23758.95,23668.15,0.075,OBSERVING,NEUTRAL,BEARISH,NO_TRADE,NO_TRADE:OR_NOT_ESTABLISHED,0.0,0,137.0,NONE,4,0,0,0,0,0,NO_TRADE,,NO_TRADE:OR_NOT_ESTABLISHED,
09:33:25,23673.55,,,,23758.95,23668.15,0.059,OBSERVING,NEUTRAL,BEARISH,NO_TRADE,NO_TRADE:OR_NOT_ESTABLISHED,0.0,0,137.0,NONE,4,0,0,0,0,0,NO_TRADE,,NO_TRADE:OR_NOT_ESTABLISHED,
09:34:10,23672.95,23758.95,23677.5,NARROW,23758.95,23668.15,0.053,RANGE,NEUTRAL,BEARISH,NO_TRADE,NO_TRADE:BEFORE_09:45,0.0,0,137.0,HIGH,4,0,0,0,0,0,NO_TRADE,,NO_TRADE:BEFORE_09:45,
09:34:55,23674.85,23758.95,23677.5,NARROW,23758.95,23668.15,0.074,RANGE,NEUTRAL,BEARISH,NO_TRADE,NO_TRADE:BEFORE_09:45,0.0,0,137.0,HIGH,4,0,0,0,0,0,NO_TRADE,,NO_TRADE:BEFORE_09:45,
09:35:40,23682.85,23758.95,23677.5,NARROW,23758.95,23668.15,0.162,RANGE,NEUTRAL,BEARISH,NO_TRADE,NO_TRADE:BEFORE_09:45,0.0,0,137.0,HIGH,4,0,0,0,0,0,NO_TRADE,,NO_TRADE:BEFORE_09:45,
09:36:25,23682.1,23758.95,23677.5,NARROW,23758.95,23668.15,0.154,RANGE,NEUTRAL,BEARISH,NO_TRADE,NO_TRADE:BEFORE_09:45,0.0,0,137.0,HIGH,4,0,0,0,0,0,NO_TRADE,,NO_TRADE:BEFORE_09:45,
09:37:11,23684.9,23758.95,23677.5,NARROW,23758.95,23668.15,0.184,RANGE,NEUTRAL,BEARISH,NO_TRADE,NO_TRADE:BEFORE_09:45,0.0,0,137.0,HIGH,4,0,0,0,0,0,NO_TRADE,,NO_TRADE:BEFORE_09:45,
09:37:56,23688.9,23758.95,23677.5,NARROW,23758.95,23668.15,0.229,RANGE,NEUTRAL,BEARISH,NO_TRADE,NO_TRADE:BEFORE_09:45,0.0,0,135.69,HIGH,4,0,0,0,0,0,NO_TRADE,,NO_TRADE:BEFORE_09:45,
09:38:41,23689.6,23758.95,23677.5,NARROW,23758.95,23668.15,0.236,RANGE,NEUTRAL,BEARISH,NO_TRADE,NO_TRADE:BEFORE_09:45,0.0,0,133.53,HIGH,4,0,0,0,0,0,NO_TRADE,,NO_TRADE:BEFORE_09:45,
09:39:26,23686.1,23758.95,23677.5,NARROW,23758.95,23668.15,0.198,RANGE,NEUTRAL,BEARISH,NO_TRADE,NO_TRADE:BEFORE_09:45,0.0,0,131.46,HIGH,4,0,0,0,0,0,NO_TRADE,,NO_TRADE:BEFORE_09:45,
09:40:11,23685.6,23758.95,23677.5,NARROW,23758.95,23668.15,0.192,RANGE,NEUTRAL,BEARISH,NO_TRADE,NO_TRADE:BEFORE_09:45,0.0,0,129.49,HIGH,4,0,0,0,0,0,NO_TRADE,,NO_TRADE:BEFORE_09:45,
09:40:56,23682.1,23758.95,23677.5,NARROW,23758.95,23668.15,0.154,RANGE,NEUTRAL,UNCLEAR,NO_TRADE,NO_TRADE:BEFORE_09:45,0.0,0,127.6,HIGH,4,0,0,0,0,0,NO_TRADE,,NO_TRADE:BEFORE_09:45,
09:41:41,23684.05,23758.95,23677.5,NARROW,23758.95,23668.15,0.175,RANGE,NEUTRAL,UNCLEAR,NO_TRADE,NO_TRADE:BEFORE_09:45,0.0,0,125.79,HIGH,4,0,0,0,0,0,NO_TRADE,,NO_TRADE:BEFORE_09:45,
09:42:26,23679.5,23758.95,23677.5,NARROW,23758.95,23668.15,0.125,RANGE,NEUTRAL,UNCLEAR,NO_TRADE,NO_TRADE:BEFORE_09:45,0.0,0,124.05,HIGH,4,0,0,0,0,0,NO_TRADE,,NO_TRADE:BEFORE_09:45,
09:43:11,23678.0,23758.95,23677.5,NARROW,23758.95,23668.15,0.108,RANGE,NEUTRAL,UNCLEAR,NO_TRADE,NO_TRADE:BEFORE_09:45,0.0,0,122.38,HIGH,4,0,0,0,0,0,NO_TRADE,,NO_TRADE:BEFORE_09:45,
09:43:56,23672.45,23758.95,23677.5,NARROW,23758.95,23668.15,0.047,RANGE,NEUTRAL,UNCLEAR,NO_TRADE,NO_TRADE:BEFORE_09:45,0.0,0,120.78,HIGH,4,0,0,0,0,0,NO_TRADE,,NO_TRADE:BEFORE_09:45,
09:44:41,23673.05,23758.95,23677.5,NARROW,23758.95,23668.15,0.054,RANGE,NEUTRAL,UNCLEAR,NO_TRADE,NO_TRADE:BEFORE_09:45,0.0,0,119.24,HIGH,4,0,0,0,0,0,NO_TRADE,,NO_TRADE:BEFORE_09:45,
09:45:27,23675.35,23758.95,23677.5,NARROW,23758.95,23668.15,0.079,RANGE,NEUTRAL,UNCLEAR,NO_TRADE,NO_TRADE:BEFORE_09:45,0.0,0,117.76,HIGH,4,0,0,0,0,0,NO_TRADE,,NO_TRADE:BEFORE_09:45,
09:46:12,23675.6,23758.95,23677.5,NARROW,23758.95,23668.15,0.082,RANGE,NEUTRAL,UNCLEAR,NO_TRADE,NO_TRADE:BEFORE_09:45,0.0,0,116.33,HIGH,4,0,0,0,0,0,NO_TRADE,,NO_TRADE:BEFORE_09:45,
09:46:57,23680.65,23758.95,23677.5,NARROW,23758.95,23668.15,0.138,RANGE,NEUTRAL,UNCLEAR,PREMIUM_SELL_RANGE,RANGE_DTE4_WIDE_CONDOR_NEUTRAL_VOL,0.0,0,114.95,HIGH,4,0,0,0,0,0,NO_TRADE,,open_spike_wait_unresolved_lower_high,
09:47:42,23678.8,23758.95,23677.5,NARROW,23758.95,23668.15,0.117,RANGE,NEUTRAL,UNCLEAR,PREMIUM_SELL_RANGE,RANGE_DTE4_WIDE_CONDOR_NEUTRAL_VOL,0.0,0,113.62,HIGH,4,0,0,0,0,0,NO_TRADE,,open_spike_wait_unresolved_lower_high,
09:48:27,23680.45,23758.95,23677.5,NARROW,23758.95,23668.15,0.135,RANGE,NEUTRAL,UNCLEAR,PREMIUM_SELL_RANGE,RANGE_DTE4_WIDE_CONDOR_NEUTRAL_VOL,0.0,0,112.34,HIGH,4,0,0,0,0,0,NO_TRADE,,open_spike_wait_unresolved_lower_high,
09:49:12,23680.7,23758.95,23677.5,NARROW,23758.95,23668.15,0.138,RANGE,NEUTRAL,UNCLEAR,PREMIUM_SELL_RANGE,RANGE_DTE4_WIDE_CONDOR_NEUTRAL_VOL,0.0,0,111.1,HIGH,4,0,0,0,0,0,NO_TRADE,,open_spike_wait_unresolved_lower_high,
09:49:57,23686.45,23758.95,23677.5,NARROW,23758.95,23668.15,0.202,RANGE,NEUTRAL,BEARISH,NO_TRADE,RANGE_VERTICAL_ADX_IMMATURE,0.0,0,109.9,HIGH,4,0,0,0,0,0,NO_TRADE,,RANGE_VERTICAL_ADX_IMMATURE,
09:50:42,23690.2,23758.95,23677.5,NARROW,23758.95,23668.15,0.243,RANGE,NEUTRAL,BEARISH,NO_TRADE,RANGE_VERTICAL_ADX_IMMATURE,0.0,0,108.74,HIGH,4,0,0,0,0,0,NO_TRADE,,RANGE_VERTICAL_ADX_IMMATURE,
09:51:27,23689.4,23758.95,23677.5,NARROW,23758.95,23668.15,0.234,RANGE,NEUTRAL,BEARISH,NO_TRADE,RANGE_VERTICAL_ADX_IMMATURE,0.0,0,107.61,HIGH,4,0,0,0,0,0,NO_TRADE,,RANGE_VERTICAL_ADX_IMMATURE,
09:52:12,23683.3,23758.95,23677.5,NARROW,23758.95,23668.15,0.167,RANGE,NEUTRAL,BEARISH,NO_TRADE,RANGE_VERTICAL_ADX_IMMATURE,0.0,0,106.52,HIGH,4,0,0,0,0,0,NO_TRADE,,RANGE_VERTICAL_ADX_IMMATURE,
09:52:57,23680.15,23758.95,23677.5,NARROW,23758.95,23668.15,0.132,RANGE,NEUTRAL,BEARISH,NO_TRADE,RANGE_VERTICAL_ADX_IMMATURE,0.0,0,105.46,HIGH,4,0,0,0,0,0,NO_TRADE,,RANGE_VERTICAL_ADX_IMMATURE,
09:53:42,23677.85,23758.95,23677.5,NARROW,23758.95,23668.15,0.107,CHOPPY,NEUTRAL,UNCLEAR,NO_TRADE,NO_TRADE:CHOPPY_MARKET,0.0,0,104.44,NONE,4,1,0,0,0,0,NO_TRADE,,NO_TRADE:CHOPPY_MARKET,
09:54:28,23679.05,23758.95,23677.5,NARROW,23758.95,23668.15,0.120,CHOPPY,NEUTRAL,UNCLEAR,NO_TRADE,NO_TRADE:CHOPPY_MARKET,0.0,0,103.44,NONE,4,1,0,0,0,0,NO_TRADE,,NO_TRADE:CHOPPY_MARKET,
09:55:13,23676.8,23758.95,23677.5,NARROW,23758.95,23668.15,0.095,CHOPPY,NEUTRAL,UNCLEAR,NO_TRADE,NO_TRADE:CHOPPY_MARKET,0.0,0,102.46,NONE,4,1,0,0,0,0,NO_TRADE,,NO_TRADE:CHOPPY_MARKET,
09:55:58,23673.55,23758.95,23677.5,NARROW,23758.95,23668.15,0.059,CHOPPY,NEUTRAL,UNCLEAR,NO_TRADE,NO_TRADE:CHOPPY_MARKET,0.0,0,101.52,NONE,4,1,0,0,0,0,NO_TRADE,,NO_TRADE:CHOPPY_MARKET,
09:56:43,23674.1,23758.95,23677.5,NARROW,23758.95,23668.15,0.066,CHOPPY,NEUTRAL,UNCLEAR,NO_TRADE,NO_TRADE:CHOPPY_MARKET,0.0,0,100.6,NONE,4,1,0,0,0,0,NO_TRADE,,NO_TRADE:CHOPPY_MARKET,
09:57:28,23671.3,23758.95,23677.5,NARROW,23758.95,23668.15,0.035,CHOPPY,NEUTRAL,UNCLEAR,NO_TRADE,NO_TRADE:CHOPPY_MARKET,0.0,0,99.7,NONE,4,0,0,0,0,0,NO_TRADE,,NO_TRADE:CHOPPY_MARKET,
09:58:13,23673.25,23758.95,23677.5,NARROW,23758.95,23667.15,0.066,CHOPPY,NEUTRAL,UNCLEAR,NO_TRADE,NO_TRADE:CHOPPY_MARKET,0.0,0,99.92,NONE,4,0,0,0,0,0,NO_TRADE,,NO_TRADE:CHOPPY_MARKET,
09:58:58,23667.45,23758.95,23677.5,NARROW,23758.95,23667.15,0.003,RANGE,NEUTRAL,UNCLEAR,PREMIUM_SELL_RANGE,RANGE_DTE4_WIDE_CONDOR_NEUTRAL_VOL,0.0,0,99.06,HIGH,4,0,0,0,0,0,NO_TRADE,,open_spike_wait_unresolved_lower_high,
09:59:44,23667.4,23758.95,23677.5,NARROW,23758.95,23664.7,0.029,RANGE,NEUTRAL,UNCLEAR,NO_TRADE,RANGE_DTE4_CONDOR_REQUIRES_SELL_PREMIUM_GOT_NEUTRAL,0.0,0,100.85,HIGH,4,0,0,0,0,0,NO_TRADE,,RANGE_DTE4_CONDOR_REQUIRES_SELL_PREMIUM_GOT_NEUTRAL,
10:00:29,23668.3,23758.95,23677.5,NARROW,23758.95,23664.7,0.038,RANGE,NEUTRAL,UNCLEAR,NO_TRADE,RANGE_DTE4_CONDOR_REQUIRES_SELL_PREMIUM_GOT_NEUTRAL,0.0,0,100.01,HIGH,4,0,0,0,0,0,NO_TRADE,,RANGE_DTE4_CONDOR_REQUIRES_SELL_PREMIUM_GOT_NEUTRAL,
10:01:14,23672.55,23758.95,23677.5,NARROW,23758.95,23664.7,0.083,RANGE,NEUTRAL,UNCLEAR,NO_TRADE,RANGE_DTE4_CONDOR_REQUIRES_SELL_PREMIUM_GOT_NEUTRAL,0.0,0,99.19,HIGH,4,0,0,0,0,0,NO_TRADE,,RANGE_DTE4_CONDOR_REQUIRES_SELL_PREMIUM_GOT_NEUTRAL,
10:01:59,23670.95,23758.95,23677.5,NARROW,23758.95,23664.7,0.066,RANGE,SELL_PREMIUM,UNCLEAR,PREMIUM_SELL_RANGE,RANGE_DTE4_UNCLEAR_RICH_VRP_CONDOR,0.0,0,98.39,HIGH,4,0,0,0,0,0,NO_TRADE,,open_spike_wait_unresolved_lower_high,
10:02:44,23670.0,23758.95,23677.5,NARROW,23758.95,23664.7,0.056,RANGE,SELL_PREMIUM,UNCLEAR,PREMIUM_SELL_RANGE,RANGE_DTE4_UNCLEAR_RICH_VRP_CONDOR,0.0,0,97.62,HIGH,4,0,0,0,0,0,NO_TRADE,,open_spike_wait_unresolved_lower_high,
10:03:29,23664.25,23758.95,23677.5,NARROW,23758.95,23659.05,0.052,RANGE,SELL_PREMIUM,UNCLEAR,PREMIUM_SELL_RANGE,RANGE_DTE4_UNCLEAR_RICH_VRP_CONDOR,0.0,0,102.66,HIGH,4,0,0,0,0,0,NO_TRADE,,open_spike_wait_unresolved_lower_high,
10:04:14,23663.35,23758.95,23677.5,NARROW,23758.95,23659.05,0.043,RANGE,SELL_PREMIUM,UNCLEAR,PREMIUM_SELL_RANGE,RANGE_DTE4_UNCLEAR_RICH_VRP_CONDOR,0.0,0,101.88,HIGH,4,0,0,0,0,0,NO_TRADE,,open_spike_wait_unresolved_lower_high,
10:05:00,23659.7,23758.95,23677.5,NARROW,23758.95,23657.15,0.025,RANGE,SELL_PREMIUM,UNCLEAR,PREMIUM_SELL_RANGE,RANGE_DTE4_UNCLEAR_RICH_VRP_CONDOR,0.0,0,103.03,HIGH,4,0,0,0,0,0,NO_TRADE,,open_spike_wait_unresolved_lower_high,
10:05:45,23660.7,23758.95,23677.5,NARROW,23758.95,23657.15,0.035,RANGE,SELL_PREMIUM,UNCLEAR,PREMIUM_SELL_RANGE,RANGE_DTE4_UNCLEAR_RICH_VRP_CONDOR,0.0,0,102.27,HIGH,4,0,0,0,0,0,NO_TRADE,,open_spike_wait_unresolved_lower_high,
10:06:30,23663.9,23758.95,23677.5,NARROW,23758.95,23657.15,0.066,RANGE,SELL_PREMIUM,UNCLEAR,PREMIUM_SELL_RANGE,RANGE_DTE4_UNCLEAR_RICH_VRP_CONDOR,0.0,0,101.52,HIGH,4,0,0,0,0,0,NO_TRADE,,open_spike_wait_unresolved_lower_high,
10:07:15,23672.55,23758.95,23677.5,NARROW,23758.95,23657.15,0.151,RANGE,SELL_PREMIUM,UNCLEAR,PREMIUM_SELL_RANGE,RANGE_DTE4_UNCLEAR_RICH_VRP_CONDOR,0.0,0,100.79,HIGH,4,0,0,0,0,0,NO_TRADE,,open_spike_wait_unresolved_lower_high,
10:08:00,23678.35,23758.95,23677.5,NARROW,23758.95,23657.15,0.208,RANGE,SELL_PREMIUM,UNCLEAR,PREMIUM_SELL_RANGE,RANGE_DTE4_UNCLEAR_RICH_VRP_CONDOR,0.0,0,100.07,HIGH,4,0,0,0,0,0,NO_TRADE,,open_spike_wait_unresolved_lower_high,
10:08:45,23681.6,23758.95,23677.5,NARROW,23758.95,23657.15,0.240,RANGE,SELL_PREMIUM,UNCLEAR,PREMIUM_SELL_RANGE,RANGE_DTE4_UNCLEAR_RICH_VRP_CONDOR,0.0,0,99.37,HIGH,4,0,0,0,0,0,NO_TRADE,,open_spike_wait_unresolved_lower_high,
10:09:30,23680.0,23758.95,23677.5,NARROW,23758.95,23657.15,0.224,RANGE,SELL_PREMIUM,UNCLEAR,PREMIUM_SELL_RANGE,RANGE_DTE4_UNCLEAR_RICH_VRP_CONDOR,0.0,0,98.68,HIGH,4,0,0,0,0,0,NO_TRADE,,open_spike_wait_unresolved_lower_high,
10:10:15,23683.0,23758.95,23677.5,NARROW,23758.95,23657.15,0.254,RANGE,SELL_PREMIUM,UNCLEAR,PREMIUM_SELL_RANGE,RANGE_DTE4_UNCLEAR_RICH_VRP_CONDOR,0.0,0,98.01,HIGH,4,0,0,0,0,0,NO_TRADE,,open_spike_wait_unresolved_lower_high,
10:11:00,23680.15,23758.95,23677.5,NARROW,23758.95,23657.15,0.226,RANGE,SELL_PREMIUM,UNCLEAR,PREMIUM_SELL_RANGE,RANGE_DTE4_UNCLEAR_RICH_VRP_CONDOR,0.0,0,97.35,HIGH,4,0,0,0,0,0,NO_TRADE,,open_spike_wait_unresolved_lower_high,
10:11:45,23683.15,23758.95,23677.5,NARROW,23758.95,23657.15,0.255,RANGE,SELL_PREMIUM,UNCLEAR,PREMIUM_SELL_RANGE,RANGE_DTE4_UNCLEAR_RICH_VRP_CONDOR,0.0,0,96.71,HIGH,4,0,0,0,0,0,NO_TRADE,,open_spike_wait_unresolved_lower_high,
10:12:30,23683.95,23758.95,23677.5,NARROW,23758.95,23657.15,0.263,RANGE,SELL_PREMIUM,UNCLEAR,PREMIUM_SELL_RANGE,RANGE_DTE4_UNCLEAR_RICH_VRP_CONDOR,0.0,0,96.07,HIGH,4,0,0,0,0,0,NO_TRADE,,open_spike_wait_unresolved_lower_high,
10:13:15,23699.2,23758.95,23677.5,NARROW,23758.95,23657.15,0.413,RANGE,SELL_PREMIUM,BEARISH,NO_TRADE,RANGE_VERTICAL_ADX_IMMATURE,0.0,0,95.45,HIGH,4,0,0,0,0,0,NO_TRADE,,RANGE_VERTICAL_ADX_IMMATURE,
10:14:00,23699.1,23758.95,23677.5,NARROW,23758.95,23657.15,0.412,RANGE,SELL_PREMIUM,BEARISH,NO_TRADE,RANGE_VERTICAL_ADX_IMMATURE,0.0,0,94.84,HIGH,4,0,0,0,0,0,NO_TRADE,,RANGE_VERTICAL_ADX_IMMATURE,
10:14:45,23701.2,23758.95,23677.5,NARROW,23758.95,23657.15,0.433,RANGE,SELL_PREMIUM,BEARISH,NO_TRADE,RANGE_VERTICAL_ADX_IMMATURE,0.0,0,94.25,HIGH,4,0,0,0,0,0,NO_TRADE,,RANGE_VERTICAL_ADX_IMMATURE,
10:15:30,23713.4,23758.95,23677.5,NARROW,23758.95,23657.15,0.553,RANGE,SELL_PREMIUM,BEARISH,NO_TRADE,RANGE_VERTICAL_ADX_IMMATURE,0.0,0,93.66,HIGH,4,0,0,0,0,0,NO_TRADE,,RANGE_VERTICAL_ADX_IMMATURE,
10:16:15,23705.9,23758.95,23677.5,NARROW,23758.95,23657.15,0.479,RANGE,SELL_PREMIUM,BEARISH,NO_TRADE,RANGE_VERTICAL_ADX_IMMATURE,0.0,0,93.08,HIGH,4,0,0,0,0,0,NO_TRADE,,RANGE_VERTICAL_ADX_IMMATURE,
10:17:00,23706.65,23758.95,23677.5,NARROW,23758.95,23657.15,0.486,RANGE,NEUTRAL,UNCLEAR,PREMIUM_SELL_BULL,RANGE_DTE4_FAILED_BREAK_RECLAIM_BULL_PUT,0.0,0,92.51,HIGH,4,0,0,0,0,0,NO_TRADE,,expiry_day_waiting_for_0dte_series_listed,
10:17:45,23707.7,23758.95,23677.5,NARROW,23758.95,23657.15,0.497,RANGE,NEUTRAL,UNCLEAR,PREMIUM_SELL_BULL,RANGE_DTE4_FAILED_BREAK_RECLAIM_BULL_PUT,0.0,0,91.96,HIGH,4,0,0,0,0,0,NO_TRADE,,expiry_day_waiting_for_0dte_series_listed,
10:18:30,23698.55,23758.95,23677.5,NARROW,23758.95,23657.15,0.407,RANGE,NEUTRAL,BEARISH,NO_TRADE,RANGE_VERTICAL_ADX_IMMATURE,0.0,0,91.41,HIGH,4,0,0,0,0,0,NO_TRADE,,RANGE_VERTICAL_ADX_IMMATURE,
10:19:16,23701.95,23758.95,23677.5,NARROW,23758.95,23657.15,0.440,RANGE,NEUTRAL,BEARISH,NO_TRADE,RANGE_VERTICAL_ADX_IMMATURE,0.0,0,90.88,HIGH,4,0,0,0,0,0,NO_TRADE,,RANGE_VERTICAL_ADX_IMMATURE,
10:20:01,23704.3,23758.95,23677.5,NARROW,23758.95,23657.15,0.463,RANGE,NEUTRAL,BEARISH,NO_TRADE,RANGE_VERTICAL_ADX_IMMATURE,0.0,0,90.35,HIGH,4,0,0,0,0,0,NO_TRADE,,RANGE_VERTICAL_ADX_IMMATURE,
10:20:46,23706.35,23758.95,23677.5,NARROW,23758.95,23657.15,0.483,RANGE,NEUTRAL,BEARISH,NO_TRADE,RANGE_VERTICAL_ADX_IMMATURE,0.0,0,89.84,HIGH,4,0,0,0,0,0,NO_TRADE,,RANGE_VERTICAL_ADX_IMMATURE,
10:21:31,23700.3,23758.95,23677.5,NARROW,23758.95,23657.15,0.424,RANGE,NEUTRAL,BEARISH,NO_TRADE,RANGE_VERTICAL_ADX_IMMATURE,0.0,0,89.33,HIGH,4,0,0,0,0,0,NO_TRADE,,RANGE_VERTICAL_ADX_IMMATURE,
10:22:16,23703.35,23758.95,23677.5,NARROW,23758.95,23657.15,0.454,RANGE,SELL_PREMIUM,UNCLEAR,PREMIUM_SELL_RANGE,RANGE_DTE4_UNCLEAR_RICH_VRP_CONDOR,0.0,0,88.83,HIGH,4,0,0,0,0,0,NO_TRADE,,open_spike_wait_unresolved_lower_high,
10:23:01,23701.6,23758.95,23677.5,NARROW,23758.95,23657.15,0.437,RANGE,SELL_PREMIUM,UNCLEAR,PREMIUM_SELL_RANGE,RANGE_DTE4_UNCLEAR_RICH_VRP_CONDOR,0.0,0,88.34,HIGH,4,0,0,0,0,0,NO_TRADE,,open_spike_wait_unresolved_lower_high,
10:23:46,23705.3,23758.95,23677.5,NARROW,23758.95,23657.15,0.473,RANGE,SELL_PREMIUM,UNCLEAR,PREMIUM_SELL_RANGE,RANGE_DTE4_UNCLEAR_RICH_VRP_CONDOR,0.0,0,87.85,HIGH,4,0,0,0,0,0,NO_TRADE,,open_spike_wait_unresolved_lower_high,
10:24:31,23697.55,23758.95,23677.5,NARROW,23758.95,23657.15,0.397,RANGE,SELL_PREMIUM,BEARISH,NO_TRADE,RANGE_VERTICAL_ADX_IMMATURE,0.0,0,87.38,HIGH,4,0,0,0,0,0,NO_TRADE,,RANGE_VERTICAL_ADX_IMMATURE,
10:25:16,23691.5,23758.95,23677.5,NARROW,23758.95,23657.15,0.337,RANGE,SELL_PREMIUM,BEARISH,NO_TRADE,RANGE_VERTICAL_ADX_IMMATURE,0.0,0,86.91,HIGH,4,0,0,0,0,0,NO_TRADE,,RANGE_VERTICAL_ADX_IMMATURE,
10:26:01,23690.1,23758.95,23677.5,NARROW,23758.95,23657.15,0.324,RANGE,SELL_PREMIUM,BEARISH,NO_TRADE,RANGE_VERTICAL_ADX_IMMATURE,0.0,0,86.45,HIGH,4,0,0,0,0,0,NO_TRADE,,RANGE_VERTICAL_ADX_IMMATURE,
10:26:46,23690.75,23758.95,23677.5,NARROW,23758.95,23657.15,0.330,RANGE,SELL_PREMIUM,BEARISH,NO_TRADE,RANGE_VERTICAL_ADX_IMMATURE,0.0,0,85.99,HIGH,4,0,0,0,0,0,NO_TRADE,,RANGE_VERTICAL_ADX_IMMATURE,
10:27:31,23697.9,23758.95,23677.5,NARROW,23758.95,23657.15,0.400,RANGE,SELL_PREMIUM,BEARISH,NO_TRADE,RANGE_VERTICAL_ADX_IMMATURE,0.0,0,85.54,HIGH,4,0,0,0,0,0,NO_TRADE,,RANGE_VERTICAL_ADX_IMMATURE,
10:28:17,23696.85,23758.95,23677.5,NARROW,23758.95,23657.15,0.390,RANGE,SELL_PREMIUM,BEARISH,NO_TRADE,RANGE_VERTICAL_ADX_IMMATURE,0.0,0,85.1,HIGH,4,0,0,0,0,0,NO_TRADE,,RANGE_VERTICAL_ADX_IMMATURE,
10:29:02,23695.2,23758.95,23677.5,NARROW,23758.95,23657.15,0.374,RANGE,SELL_PREMIUM,BEARISH,NO_TRADE,RANGE_VERTICAL_ADX_IMMATURE,0.0,0,84.67,HIGH,4,0,0,0,0,0,NO_TRADE,,RANGE_VERTICAL_ADX_IMMATURE,
10:29:47,23693.25,23758.95,23677.5,NARROW,23758.95,23657.15,0.355,RANGE,SELL_PREMIUM,BEARISH,NO_TRADE,RANGE_VERTICAL_ADX_IMMATURE,0.0,0,84.24,HIGH,4,0,0,0,0,0,NO_TRADE,,RANGE_VERTICAL_ADX_IMMATURE,
10:30:32,23695.55,23758.95,23677.5,NARROW,23758.95,23657.15,0.377,RANGE,SELL_PREMIUM,BEARISH,NO_TRADE,RANGE_VERTICAL_ADX_IMMATURE,0.0,0,83.82,HIGH,4,0,0,0,0,0,NO_TRADE,,RANGE_VERTICAL_ADX_IMMATURE,
10:31:17,23700.55,23758.95,23677.5,NARROW,23758.95,23657.15,0.426,RANGE,SELL_PREMIUM,BEARISH,NO_TRADE,RANGE_VERTICAL_ADX_IMMATURE,0.0,0,83.41,HIGH,4,0,0,0,0,0,NO_TRADE,,RANGE_VERTICAL_ADX_IMMATURE,
10:32:02,23691.8,23758.95,23677.5,NARROW,23758.95,23657.15,0.340,RANGE,SELL_PREMIUM,BEARISH,NO_TRADE,RANGE_VERTICAL_ADX_IMMATURE,0.0,0,83.0,HIGH,4,0,0,0,0,0,NO_TRADE,,RANGE_VERTICAL_ADX_IMMATURE,
10:32:47,23690.0,23758.95,23677.5,NARROW,23758.95,23657.15,0.323,RANGE,SELL_PREMIUM,BEARISH,NO_TRADE,RANGE_VERTICAL_ADX_IMMATURE,0.0,0,82.6,HIGH,4,0,0,0,0,0,NO_TRADE,,RANGE_VERTICAL_ADX_IMMATURE,
10:33:32,23688.8,23758.95,23677.5,NARROW,23758.95,23657.15,0.311,RANGE,SELL_PREMIUM,BEARISH,NO_TRADE,RANGE_VERTICAL_ADX_IMMATURE,0.0,0,82.2,HIGH,4,0,0,0,0,0,NO_TRADE,,RANGE_VERTICAL_ADX_IMMATURE,
10:34:17,23692.2,23758.95,23677.5,NARROW,23758.95,23657.15,0.344,RANGE,SELL_PREMIUM,BEARISH,NO_TRADE,RANGE_VERTICAL_ADX_IMMATURE,0.0,0,81.82,HIGH,4,0,0,0,0,0,NO_TRADE,,RANGE_VERTICAL_ADX_IMMATURE,
10:35:02,23692.8,23758.95,23677.5,NARROW,23758.95,23657.15,0.350,RANGE,SELL_PREMIUM,BEARISH,NO_TRADE,RANGE_VERTICAL_ADX_IMMATURE,0.0,0,81.43,HIGH,4,0,0,0,0,0,NO_TRADE,,RANGE_VERTICAL_ADX_IMMATURE,
10:35:47,23688.25,23758.95,23677.5,NARROW,23758.95,23657.15,0.306,RANGE,SELL_PREMIUM,BEARISH,NO_TRADE,RANGE_VERTICAL_ADX_IMMATURE,0.0,0,81.05,HIGH,4,0,0,0,0,0,NO_TRADE,,RANGE_VERTICAL_ADX_IMMATURE,
10:36:32,23680.7,23758.95,23677.5,NARROW,23758.95,23657.15,0.231,RANGE,SELL_PREMIUM,BEARISH,NO_TRADE,RANGE_VERTICAL_ADX_IMMATURE,0.0,0,80.68,HIGH,4,0,0,0,0,0,NO_TRADE,,RANGE_VERTICAL_ADX_IMMATURE,
10:37:18,23674.95,23758.95,23677.5,NARROW,23758.95,23657.15,0.175,RANGE,SELL_PREMIUM,BEARISH,NO_TRADE,RANGE_VERTICAL_ADX_IMMATURE,0.0,0,80.31,HIGH,4,0,0,0,0,0,NO_TRADE,,RANGE_VERTICAL_ADX_IMMATURE,
10:38:03,23674.7,23758.95,23677.5,NARROW,23758.95,23657.15,0.172,RANGE,SELL_PREMIUM,BEARISH,NO_TRADE,RANGE_VERTICAL_ADX_IMMATURE,0.0,0,79.94,HIGH,4,0,0,0,0,0,NO_TRADE,,RANGE_VERTICAL_ADX_IMMATURE,
10:38:48,23670.45,23758.95,23677.5,NARROW,23758.95,23657.15,0.131,RANGE,SELL_PREMIUM,BEARISH,NO_TRADE,RANGE_VERTICAL_ADX_IMMATURE,0.0,0,79.58,HIGH,4,0,0,0,0,0,NO_TRADE,,RANGE_VERTICAL_ADX_IMMATURE,
10:39:33,23674.15,23758.95,23677.5,NARROW,23758.95,23657.15,0.167,RANGE,SELL_PREMIUM,BEARISH,NO_TRADE,RANGE_VERTICAL_ADX_IMMATURE,0.0,0,79.23,HIGH,4,0,0,0,0,0,NO_TRADE,,RANGE_VERTICAL_ADX_IMMATURE,
10:40:18,23670.9,23758.95,23677.5,NARROW,23758.95,23657.15,0.135,RANGE,SELL_PREMIUM,BEARISH,NO_TRADE,RANGE_VERTICAL_ADX_IMMATURE,0.0,0,78.88,HIGH,4,0,0,0,0,0,NO_TRADE,,RANGE_VERTICAL_ADX_IMMATURE,
10:41:03,23670.65,23758.95,23677.5,NARROW,23758.95,23657.15,0.133,RANGE,SELL_PREMIUM,BEARISH,NO_TRADE,RANGE_VERTICAL_ADX_IMMATURE,0.0,0,78.53,HIGH,4,0,0,0,0,0,NO_TRADE,,RANGE_VERTICAL_ADX_IMMATURE,
10:41:48,23673.8,23758.95,23677.5,NARROW,23758.95,23657.15,0.164,RANGE,SELL_PREMIUM,BEARISH,NO_TRADE,RANGE_VERTICAL_ADX_IMMATURE,0.0,0,78.19,HIGH,4,0,0,0,0,0,NO_TRADE,,RANGE_VERTICAL_ADX_IMMATURE,
10:42:33,23672.85,23758.95,23677.5,NARROW,23758.95,23657.15,0.154,RANGE,SELL_PREMIUM,BEARISH,NO_TRADE,RANGE_VERTICAL_ADX_IMMATURE,0.0,0,77.86,HIGH,4,0,0,0,0,0,NO_TRADE,,RANGE_VERTICAL_ADX_IMMATURE,
10:43:18,23671.85,23758.95,23677.5,NARROW,23758.95,23657.15,0.144,RANGE,SELL_PREMIUM,BEARISH,NO_TRADE,RANGE_VERTICAL_ADX_IMMATURE,0.0,0,77.53,HIGH,4,0,0,0,0,0,NO_TRADE,,RANGE_VERTICAL_ADX_IMMATURE,
10:44:03,23671.65,23758.95,23677.5,NARROW,23758.95,23657.15,0.142,RANGE,SELL_PREMIUM,BEARISH,NO_TRADE,RANGE_VERTICAL_ADX_IMMATURE,0.0,0,77.2,HIGH,4,0,0,0,0,0,NO_TRADE,,RANGE_VERTICAL_ADX_IMMATURE,
10:44:48,23669.55,23758.95,23677.5,NARROW,23758.95,23657.15,0.122,RANGE,SELL_PREMIUM,BEARISH,NO_TRADE,RANGE_VERTICAL_ADX_IMMATURE,0.0,0,76.87,HIGH,4,0,0,0,0,0,NO_TRADE,,RANGE_VERTICAL_ADX_IMMATURE,
10:45:34,23674.7,23758.95,23677.5,NARROW,23758.95,23657.15,0.172,RANGE,STRONG_SELL_PREMIUM,BEARISH,NO_TRADE,RANGE_VERTICAL_ADX_IMMATURE,0.0,0,76.55,HIGH,4,0,0,0,0,0,NO_TRADE,,RANGE_VERTICAL_ADX_IMMATURE,
10:46:19,23682.9,23758.95,23677.5,NARROW,23758.95,23657.15,0.253,RANGE,SELL_PREMIUM,BEARISH,NO_TRADE,RANGE_VERTICAL_ADX_IMMATURE,0.0,0,76.24,HIGH,4,0,0,0,0,0,NO_TRADE,,RANGE_VERTICAL_ADX_IMMATURE,
10:47:04,23683.45,23758.95,23677.5,NARROW,23758.95,23657.15,0.258,RANGE,SELL_PREMIUM,BEARISH,NO_TRADE,RANGE_VERTICAL_ADX_IMMATURE,0.0,0,75.93,HIGH,4,0,0,0,0,0,NO_TRADE,,RANGE_VERTICAL_ADX_IMMATURE,
10:47:49,23685.55,23758.95,23677.5,NARROW,23758.95,23657.15,0.279,RANGE,SELL_PREMIUM,BEARISH,NO_TRADE,RANGE_VERTICAL_ADX_IMMATURE,0.0,0,75.62,HIGH,4,0,0,0,0,0,NO_TRADE,,RANGE_VERTICAL_ADX_IMMATURE,
10:48:34,23687.15,23758.95,23677.5,NARROW,23758.95,23657.15,0.295,RANGE,SELL_PREMIUM,BEARISH,NO_TRADE,RANGE_VERTICAL_ADX_IMMATURE,0.0,0,75.32,HIGH,4,0,0,0,0,0,NO_TRADE,,RANGE_VERTICAL_ADX_IMMATURE,
10:49:19,23686.8,23758.95,23677.5,NARROW,23758.95,23657.15,0.291,RANGE,SELL_PREMIUM,BEARISH,NO_TRADE,RANGE_VERTICAL_ADX_IMMATURE,0.0,0,75.01,HIGH,4,0,0,0,0,0,NO_TRADE,,RANGE_VERTICAL_ADX_IMMATURE,
10:50:04,23691.05,23758.95,23677.5,NARROW,23758.95,23657.15,0.333,RANGE,SELL_PREMIUM,BEARISH,NO_TRADE,RANGE_VERTICAL_ADX_IMMATURE,0.0,0,74.72,HIGH,4,0,0,0,0,0,NO_TRADE,,RANGE_VERTICAL_ADX_IMMATURE,
10:50:49,23698.55,23758.95,23677.5,NARROW,23758.95,23657.15,0.407,RANGE,SELL_PREMIUM,BEARISH,NO_TRADE,RANGE_VERTICAL_ADX_IMMATURE,0.0,0,74.42,HIGH,4,0,0,0,0,0,NO_TRADE,,RANGE_VERTICAL_ADX_IMMATURE,
10:51:34,23694.2,23758.95,23677.5,NARROW,23758.95,23657.15,0.364,RANGE,SELL_PREMIUM,BEARISH,NO_TRADE,RANGE_VERTICAL_ADX_IMMATURE,0.0,0,74.13,HIGH,4,0,0,0,0,0,NO_TRADE,,RANGE_VERTICAL_ADX_IMMATURE,
10:52:19,23693.0,23758.95,23677.5,NARROW,23758.95,23657.15,0.352,RANGE,SELL_PREMIUM,BEARISH,NO_TRADE,RANGE_VERTICAL_ADX_IMMATURE,0.0,0,73.85,HIGH,4,0,0,0,0,0,NO_TRADE,,RANGE_VERTICAL_ADX_IMMATURE,
10:53:04,23691.4,23758.95,23677.5,NARROW,23758.95,23657.15,0.336,RANGE,SELL_PREMIUM,BEARISH,NO_TRADE,RANGE_VERTICAL_ADX_IMMATURE,0.0,0,73.56,HIGH,4,0,0,0,0,0,NO_TRADE,,RANGE_VERTICAL_ADX_IMMATURE,
10:53:49,23688.85,23758.95,23677.5,NARROW,23758.95,23657.15,0.311,RANGE,SELL_PREMIUM,BEARISH,NO_TRADE,RANGE_VERTICAL_ADX_IMMATURE,0.0,0,73.28,HIGH,4,0,0,0,0,0,NO_TRADE,,RANGE_VERTICAL_ADX_IMMATURE,
10:54:34,23688.95,23758.95,23677.5,NARROW,23758.95,23657.15,0.312,RANGE,SELL_PREMIUM,BEARISH,NO_TRADE,RANGE_VERTICAL_ADX_IMMATURE,0.0,0,73.01,HIGH,4,0,0,0,0,0,NO_TRADE,,RANGE_VERTICAL_ADX_IMMATURE,
10:55:19,23678.4,23758.95,23677.5,NARROW,23758.95,23657.15,0.209,RANGE,SELL_PREMIUM,BEARISH,NO_TRADE,RANGE_VERTICAL_ADX_IMMATURE,17.41,1,72.73,HIGH,4,0,0,0,0,0,NO_TRADE,,RANGE_VERTICAL_ADX_IMMATURE,
10:56:04,23679.35,23758.95,23677.5,NARROW,23758.95,23657.15,0.218,RANGE,SELL_PREMIUM,BEARISH,NO_TRADE,RANGE_VERTICAL_ADX_IMMATURE,17.31,1,72.46,HIGH,4,0,0,0,0,0,NO_TRADE,,RANGE_VERTICAL_ADX_IMMATURE,
10:56:50,23676.0,23758.95,23677.5,NARROW,23758.95,23657.15,0.185,RANGE,SELL_PREMIUM,BEARISH,PREMIUM_SELL_BEAR,RANGE_BEARISH_SPOT_BELOW_OR_MID,17.31,1,72.2,HIGH,4,0,0,0,0,0,NO_TRADE,,open_spike_wait_unresolved_lower_high,
10:57:35,23674.55,23758.95,23677.5,NARROW,23758.95,23657.15,0.171,RANGE,SELL_PREMIUM,BEARISH,PREMIUM_SELL_BEAR,RANGE_BEARISH_SPOT_BELOW_OR_MID,17.08,1,71.93,HIGH,4,0,0,0,0,0,NO_TRADE,,open_spike_wait_unresolved_lower_high,
10:58:20,23675.0,23758.95,23677.5,NARROW,23758.95,23657.15,0.175,RANGE,SELL_PREMIUM,BEARISH,PREMIUM_SELL_BEAR,RANGE_BEARISH_SPOT_BELOW_OR_MID,16.77,1,71.67,HIGH,4,0,0,0,0,0,NO_TRADE,,open_spike_wait_unresolved_lower_high,
10:59:05,23670.9,23758.95,23677.5,NARROW,23758.95,23657.15,0.135,RANGE,SELL_PREMIUM,BEARISH,PREMIUM_SELL_BEAR,RANGE_BEARISH_SPOT_BELOW_OR_MID,16.65,1,71.41,HIGH,4,0,0,0,0,0,NO_TRADE,,open_spike_wait_unresolved_lower_high,
10:59:50,23670.4,23758.95,23677.5,NARROW,23758.95,23657.15,0.130,RANGE,SELL_PREMIUM,BEARISH,PREMIUM_SELL_BEAR,RANGE_BEARISH_SPOT_BELOW_OR_MID,16.65,1,71.15,HIGH,4,0,0,0,0,0,NO_TRADE,,open_spike_wait_unresolved_lower_high,
11:00:35,23670.45,23758.95,23677.5,NARROW,23758.95,23657.15,0.131,RANGE,SELL_PREMIUM,BEARISH,PREMIUM_SELL_BEAR,RANGE_BEARISH_SPOT_BELOW_OR_MID,15.34,1,70.9,HIGH,4,0,0,0,0,0,NO_TRADE,,open_spike_wait_unresolved_lower_high,
11:01:20,23664.3,23758.95,23677.5,NARROW,23758.95,23657.15,0.070,RANGE,SELL_PREMIUM,BEARISH,PREMIUM_SELL_BULL,RANGE_BEARISH_SPOT_BELOW_OR_MID,15.68,1,70.65,HIGH,4,0,0,1,0,0,NO_TRADE,,expiry_day_waiting_for_0dte_series_listed,
11:02:05,23666.95,23758.95,23677.5,NARROW,23758.95,23657.15,0.096,RANGE,SELL_PREMIUM,BEARISH,PREMIUM_SELL_BULL,RANGE_BEARISH_SPOT_BELOW_OR_MID,15.68,1,70.4,HIGH,4,0,0,1,0,0,NO_TRADE,,expiry_day_waiting_for_0dte_series_listed,
11:02:50,23667.2,23758.95,23677.5,NARROW,23758.95,23657.15,0.099,RANGE,SELL_PREMIUM,BEARISH,PREMIUM_SELL_BULL,RANGE_BEARISH_SPOT_BELOW_OR_MID,15.68,1,70.16,HIGH,4,0,0,1,0,0,NO_TRADE,,expiry_day_waiting_for_0dte_series_listed,
11:03:35,23667.25,23758.95,23677.5,NARROW,23758.95,23657.15,0.099,RANGE,SELL_PREMIUM,BEARISH,PREMIUM_SELL_BULL,RANGE_BEARISH_SPOT_BELOW_OR_MID,15.71,1,69.91,HIGH,4,0,0,1,0,0,NO_TRADE,,expiry_day_waiting_for_0dte_series_listed,
11:04:20,23668.45,23758.95,23677.5,NARROW,23758.95,23657.15,0.111,RANGE,STRONG_SELL_PREMIUM,BEARISH,PREMIUM_SELL_BULL,RANGE_BEARISH_SPOT_BELOW_OR_MID,15.76,1,69.67,HIGH,4,0,0,1,0,0,NO_TRADE,,expiry_day_waiting_for_0dte_series_listed,
11:05:05,23665.25,23758.95,23677.5,NARROW,23758.95,23657.15,0.080,RANGE,STRONG_SELL_PREMIUM,BEARISH,PREMIUM_SELL_BULL,RANGE_BEARISH_SPOT_BELOW_OR_MID,15.02,1,69.43,HIGH,4,0,0,1,0,0,NO_TRADE,,expiry_day_waiting_for_0dte_series_listed,
11:05:50,23665.4,23758.95,23677.5,NARROW,23758.95,23657.15,0.081,RANGE,STRONG_SELL_PREMIUM,BEARISH,PREMIUM_SELL_BULL,RANGE_BEARISH_SPOT_BELOW_OR_MID,15.02,1,69.2,HIGH,4,0,0,1,0,0,NO_TRADE,,expiry_day_waiting_for_0dte_series_listed,
11:06:35,23668.55,23758.95,23677.5,NARROW,23758.95,23657.15,0.112,RANGE,STRONG_SELL_PREMIUM,BEARISH,PREMIUM_SELL_BULL,RANGE_BEARISH_SPOT_BELOW_OR_MID,15.02,1,68.97,HIGH,4,0,0,1,0,0,NO_TRADE,,expiry_day_waiting_for_0dte_series_listed,
11:07:20,23670.75,23758.95,23677.5,NARROW,23758.95,23657.15,0.134,RANGE,STRONG_SELL_PREMIUM,BEARISH,PREMIUM_SELL_BEAR,RANGE_BEARISH_SPOT_BELOW_OR_MID,14.46,1,68.74,HIGH,4,0,0,0,0,0,NO_TRADE,,open_spike_wait_unresolved_lower_high,
11:08:05,23675.95,23758.95,23677.5,NARROW,23758.95,23657.15,0.185,RANGE,SELL_PREMIUM,BEARISH,PREMIUM_SELL_BEAR,RANGE_BEARISH_SPOT_BELOW_OR_MID,14.27,1,68.51,HIGH,4,0,0,0,0,0,NO_TRADE,,open_spike_wait_unresolved_lower_high,
11:08:50,23676.15,23758.95,23677.5,NARROW,23758.95,23657.15,0.187,RANGE,SELL_PREMIUM,BEARISH,PREMIUM_SELL_BEAR,RANGE_BEARISH_SPOT_BELOW_OR_MID,14.27,1,68.28,HIGH,4,0,0,0,0,0,NO_TRADE,,open_spike_wait_unresolved_lower_high,
11:09:35,23673.8,23758.95,23677.5,NARROW,23758.95,23657.15,0.164,RANGE,SELL_PREMIUM,BEARISH,PREMIUM_SELL_BEAR,RANGE_BEARISH_SPOT_BELOW_OR_MID,14.52,1,68.06,HIGH,4,0,0,0,0,0,NO_TRADE,,open_spike_wait_unresolved_lower_high,
11:10:21,23676.65,23758.95,23677.5,NARROW,23758.95,23657.15,0.192,RANGE,SELL_PREMIUM,BEARISH,PREMIUM_SELL_BEAR,RANGE_BEARISH_SPOT_BELOW_OR_MID,13.49,1,67.83,HIGH,4,0,0,0,0,0,NO_TRADE,,open_spike_wait_unresolved_lower_high,
11:10:31,23675.35,23758.95,23677.5,NARROW,23758.95,23657.15,0.179,RANGE,SELL_PREMIUM,BEARISH,PREMIUM_SELL_BEAR,RANGE_BEARISH_SPOT_BELOW_OR_MID,13.49,1,67.78,HIGH,4,0,0,0,0,0,NO_TRADE,,open_spike_wait_unresolved_lower_high,
11:11:06,23671.45,23758.95,23677.5,NARROW,23758.95,23657.15,0.140,RANGE,STRONG_SELL_PREMIUM,BEARISH,PREMIUM_SELL_BEAR,RANGE_BEARISH_SPOT_BELOW_OR_MID,13.49,1,67.61,HIGH,4,0,0,0,0,0,NO_TRADE,,open_spike_wait_unresolved_lower_high,
11:11:51,23674.8,23758.95,23677.5,NARROW,23758.95,23657.15,0.173,RANGE,STRONG_SELL_PREMIUM,BEARISH,PREMIUM_SELL_BEAR,RANGE_BEARISH_SPOT_BELOW_OR_MID,13.49,1,67.4,HIGH,4,0,0,0,0,0,NO_TRADE,,open_spike_wait_unresolved_lower_high,
11:12:03,23675.45,23758.95,23677.5,NARROW,23758.95,23657.15,0.180,RANGE,STRONG_SELL_PREMIUM,BEARISH,PREMIUM_SELL_BEAR,RANGE_BEARISH_SPOT_BELOW_OR_MID,13.49,1,67.34,HIGH,4,0,0,0,0,0,NO_TRADE,,open_spike_wait_unresolved_lower_high,
11:12:06,23675.05,23758.95,23677.5,NARROW,23758.95,23657.15,0.176,RANGE,SELL_PREMIUM,BEARISH,PREMIUM_SELL_BEAR,RANGE_BEARISH_SPOT_BELOW_OR_MID,13.49,1,67.32,HIGH,4,0,0,0,0,0,NO_TRADE,,open_spike_wait_unresolved_lower_high,
11:12:36,23674.9,23758.95,23677.5,NARROW,23758.95,23657.15,0.174,RANGE,STRONG_SELL_PREMIUM,BEARISH,PREMIUM_SELL_BEAR,RANGE_BEARISH_SPOT_BELOW_OR_MID,13.49,1,67.18,HIGH,4,0,0,0,0,0,NO_TRADE,,open_spike_wait_unresolved_lower_high,
11:13:21,23674.1,23758.95,23677.5,NARROW,23758.95,23657.15,0.167,RANGE,STRONG_SELL_PREMIUM,BEARISH,PREMIUM_SELL_BEAR,RANGE_BEARISH_SPOT_BELOW_OR_MID,13.49,1,66.97,HIGH,4,0,0,0,0,0,NO_TRADE,,open_spike_wait_unresolved_lower_high,
11:14:06,23675.85,23758.95,23677.5,NARROW,23758.95,23657.15,0.184,CHOPPY,STRONG_SELL_PREMIUM,BEARISH,NO_TRADE,NO_TRADE:CHOPPY_MARKET,13.49,1,66.76,NONE,4,1,0,0,0,0,NO_TRADE,,NO_TRADE:CHOPPY_MARKET,
11:14:51,23676.5,23758.95,23677.5,NARROW,23758.95,23657.15,0.190,CHOPPY,STRONG_SELL_PREMIUM,BEARISH,NO_TRADE,NO_TRADE:CHOPPY_MARKET,13.49,1,66.55,NONE,4,1,0,0,0,0,NO_TRADE,,NO_TRADE:CHOPPY_MARKET,
11:15:05,23676.45,23758.95,23677.5,NARROW,23758.95,23657.15,0.190,CHOPPY,SELL_PREMIUM,BEARISH,NO_TRADE,NO_TRADE:CHOPPY_MARKET,12.56,1,66.48,NONE,4,1,0,0,0,0,NO_TRADE,,NO_TRADE:CHOPPY_MARKET,
11:15:50,23676.9,23758.95,23677.5,NARROW,23758.95,23657.15,0.194,CHOPPY,SELL_PREMIUM,BEARISH,NO_TRADE,NO_TRADE:CHOPPY_MARKET,12.56,1,66.27,NONE,4,1,0,0,0,0,NO_TRADE,,NO_TRADE:CHOPPY_MARKET,
11:16:35,23677.6,23758.95,23677.5,NARROW,23758.95,23657.15,0.201,CHOPPY,SELL_PREMIUM,BEARISH,NO_TRADE,NO_TRADE:CHOPPY_MARKET,12.56,1,66.07,NONE,4,1,0,0,0,0,NO_TRADE,,NO_TRADE:CHOPPY_MARKET,
11:17:21,23680.65,23758.95,23677.5,NARROW,23758.95,23657.15,0.231,CHOPPY,STRONG_SELL_PREMIUM,BEARISH,NO_TRADE,NO_TRADE:CHOPPY_MARKET,12.68,1,65.86,NONE,4,1,0,0,0,0,NO_TRADE,,NO_TRADE:CHOPPY_MARKET,
11:18:06,23678.7,23758.95,23677.5,NARROW,23758.95,23657.15,0.212,CHOPPY,STRONG_SELL_PREMIUM,BEARISH,NO_TRADE,NO_TRADE:CHOPPY_MARKET,12.94,1,65.66,NONE,4,1,0,0,0,0,NO_TRADE,,NO_TRADE:CHOPPY_MARKET,
11:18:51,23682.3,23758.95,23677.5,NARROW,23758.95,23657.15,0.247,CHOPPY,SELL_PREMIUM,BEARISH,NO_TRADE,NO_TRADE:CHOPPY_MARKET,12.94,1,65.46,NONE,4,1,0,0,0,0,NO_TRADE,,NO_TRADE:CHOPPY_MARKET,
11:19:36,23683.65,23758.95,23677.5,NARROW,23758.95,23657.15,0.260,CHOPPY,SELL_PREMIUM,BEARISH,NO_TRADE,NO_TRADE:CHOPPY_MARKET,13.12,1,65.27,NONE,4,1,0,0,0,0,NO_TRADE,,NO_TRADE:CHOPPY_MARKET,
11:20:21,23682.6,23758.95,23677.5,NARROW,23758.95,23657.15,0.250,CHOPPY,SELL_PREMIUM,BEARISH,NO_TRADE,NO_TRADE:CHOPPY_MARKET,12.78,1,65.07,NONE,4,1,0,0,0,0,NO_TRADE,,NO_TRADE:CHOPPY_MARKET,
11:21:06,23681.75,23758.95,23677.5,NARROW,23758.95,23657.15,0.242,CHOPPY,SELL_PREMIUM,BEARISH,NO_TRADE,NO_TRADE:CHOPPY_MARKET,12.78,1,64.88,NONE,4,1,0,0,0,0,NO_TRADE,,NO_TRADE:CHOPPY_MARKET,
11:21:51,23679.05,23758.95,23677.5,NARROW,23758.95,23657.15,0.215,CHOPPY,SELL_PREMIUM,BEARISH,NO_TRADE,NO_TRADE:CHOPPY_MARKET,12.78,1,64.68,NONE,4,1,0,0,0,0,NO_TRADE,,NO_TRADE:CHOPPY_MARKET,
11:22:36,23677.3,23758.95,23677.5,NARROW,23758.95,23657.15,0.198,CHOPPY,SELL_PREMIUM,BEARISH,NO_TRADE,NO_TRADE:CHOPPY_MARKET,12.78,1,64.49,NONE,4,1,0,0,0,0,NO_TRADE,,NO_TRADE:CHOPPY_MARKET,
11:23:21,23675.5,23758.95,23677.5,NARROW,23758.95,23657.15,0.180,CHOPPY,SELL_PREMIUM,BEARISH,NO_TRADE,NO_TRADE:CHOPPY_MARKET,12.78,1,64.3,NONE,4,1,0,0,0,0,NO_TRADE,,NO_TRADE:CHOPPY_MARKET,
11:24:07,23675.4,23758.95,23677.5,NARROW,23758.95,23657.15,0.179,CHOPPY,SELL_PREMIUM,BEARISH,NO_TRADE,NO_TRADE:CHOPPY_MARKET,12.68,1,64.12,NONE,4,0,0,0,0,0,NO_TRADE,,NO_TRADE:CHOPPY_MARKET,
11:24:52,23673.15,23758.95,23677.5,NARROW,23758.95,23657.15,0.157,CHOPPY,SELL_PREMIUM,BEARISH,NO_TRADE,NO_TRADE:CHOPPY_MARKET,12.68,1,63.93,NONE,4,0,0,0,0,0,NO_TRADE,,NO_TRADE:CHOPPY_MARKET,
11:25:37,23679.55,23758.95,23677.5,NARROW,23758.95,23657.15,0.220,CHOPPY,SELL_PREMIUM,BEARISH,NO_TRADE,NO_TRADE:CHOPPY_MARKET,12.28,1,63.75,NONE,4,1,0,0,0,0,NO_TRADE,,NO_TRADE:CHOPPY_MARKET,
11:26:22,23684.8,23758.95,23677.5,NARROW,23758.95,23657.15,0.272,CHOPPY,SELL_PREMIUM,BEARISH,NO_TRADE,NO_TRADE:CHOPPY_MARKET,12.66,1,63.56,NONE,4,0,0,0,0,0,NO_TRADE,,NO_TRADE:CHOPPY_MARKET,
11:27:07,23681.45,23758.95,23677.5,NARROW,23758.95,23657.15,0.239,CHOPPY,SELL_PREMIUM,BEARISH,NO_TRADE,NO_TRADE:CHOPPY_MARKET,12.66,1,63.38,NONE,4,0,0,0,0,0,NO_TRADE,,NO_TRADE:CHOPPY_MARKET,
11:27:52,23680.35,23758.95,23677.5,NARROW,23758.95,23657.15,0.228,RANGE,SELL_PREMIUM,BEARISH,PREMIUM_SELL_BEAR,RANGE_BEARISH_SPOT_BELOW_OR_MID,12.66,1,63.2,HIGH,4,0,0,0,0,0,NO_TRADE,,open_spike_wait_unresolved_lower_high,
11:28:37,23675.55,23758.95,23677.5,NARROW,23758.95,23657.15,0.181,RANGE,SELL_PREMIUM,BEARISH,PREMIUM_SELL_BEAR,RANGE_BEARISH_SPOT_BELOW_OR_MID,12.66,1,63.02,HIGH,4,0,0,0,0,0,NO_TRADE,,open_spike_wait_unresolved_lower_high,
11:29:22,23673.7,23758.95,23677.5,NARROW,23758.95,23657.15,0.163,RANGE,SELL_PREMIUM,BEARISH,PREMIUM_SELL_BEAR,RANGE_BEARISH_SPOT_BELOW_OR_MID,12.66,1,62.85,HIGH,4,0,0,0,0,0,NO_TRADE,,open_spike_wait_unresolved_lower_high,
11:30:07,23678.4,23758.95,23677.5,NARROW,23758.95,23657.15,0.209,RANGE,SELL_PREMIUM,BEARISH,PREMIUM_SELL_BEAR,RANGE_BEARISH_SPOT_BELOW_OR_MID,12.56,1,62.67,HIGH,4,0,0,0,0,0,NO_TRADE,,open_spike_wait_unresolved_lower_high,
11:30:52,23673.25,23758.95,23677.5,NARROW,23758.95,23657.15,0.158,RANGE,STRONG_SELL_PREMIUM,BEARISH,PREMIUM_SELL_BEAR,RANGE_BEARISH_SPOT_BELOW_OR_MID,12.56,1,62.5,HIGH,4,0,0,0,0,0,NO_TRADE,,open_spike_wait_unresolved_lower_high,
11:31:37,23668.4,23758.95,23677.5,NARROW,23758.95,23657.15,0.111,RANGE,SELL_PREMIUM,BEARISH,PREMIUM_SELL_BULL,RANGE_BEARISH_SPOT_BELOW_OR_MID,11.77,1,62.33,HIGH,4,0,0,1,0,0,NO_TRADE,,expiry_day_waiting_for_0dte_series_listed,
11:32:22,23671.7,23758.95,23677.5,NARROW,23758.95,23657.15,0.143,RANGE,STRONG_SELL_PREMIUM,BEARISH,PREMIUM_SELL_BEAR,RANGE_BEARISH_SPOT_BELOW_OR_MID,11.77,1,62.16,HIGH,4,0,0,0,0,0,NO_TRADE,,open_spike_wait_unresolved_lower_high,
11:33:07,23668.5,23758.95,23677.5,NARROW,23758.95,23657.15,0.111,RANGE,STRONG_SELL_PREMIUM,BEARISH,PREMIUM_SELL_BULL,RANGE_BEARISH_SPOT_BELOW_OR_MID,11.44,1,61.99,HIGH,4,0,0,1,0,0,NO_TRADE,,expiry_day_waiting_for_0dte_series_listed,
11:33:52,23667.25,23758.95,23677.5,NARROW,23758.95,23657.15,0.099,RANGE,SELL_PREMIUM,BEARISH,PREMIUM_SELL_BULL,RANGE_BEARISH_SPOT_BELOW_OR_MID,11.44,1,61.82,HIGH,4,0,0,1,0,0,NO_TRADE,,expiry_day_waiting_for_0dte_series_listed,
11:34:38,23668.15,23758.95,23677.5,NARROW,23758.95,23657.15,0.108,RANGE,STRONG_SELL_PREMIUM,BEARISH,PREMIUM_SELL_BULL,RANGE_BEARISH_SPOT_BELOW_OR_MID,11.44,1,61.65,HIGH,4,0,0,1,0,0,NO_TRADE,,expiry_day_waiting_for_0dte_series_listed,
11:35:23,23670.45,23758.95,23677.5,NARROW,23758.95,23657.15,0.131,RANGE,SELL_PREMIUM,BEARISH,PREMIUM_SELL_BEAR,RANGE_BEARISH_SPOT_BELOW_OR_MID,10.34,1,61.49,HIGH,4,0,0,0,0,0,NO_TRADE,,open_spike_wait_unresolved_lower_high,
11:36:08,23669.35,23758.95,23677.5,NARROW,23758.95,23657.15,0.120,RANGE,STRONG_SELL_PREMIUM,BEARISH,PREMIUM_SELL_BULL,RANGE_BEARISH_SPOT_BELOW_OR_MID,10.34,1,61.32,HIGH,4,0,0,1,0,0,NO_TRADE,,expiry_day_waiting_for_0dte_series_listed,
11:36:53,23669.4,23758.95,23677.5,NARROW,23758.95,23657.15,0.120,RANGE,STRONG_SELL_PREMIUM,BEARISH,PREMIUM_SELL_BULL,RANGE_BEARISH_SPOT_BELOW_OR_MID,10.34,1,61.16,HIGH,4,0,0,1,0,0,NO_TRADE,,expiry_day_waiting_for_0dte_series_listed,
11:37:38,23672.85,23758.95,23677.5,NARROW,23758.95,23657.15,0.154,RANGE,SELL_PREMIUM,BEARISH,PREMIUM_SELL_BEAR,RANGE_BEARISH_SPOT_BELOW_OR_MID,10.34,1,61.0,HIGH,4,0,0,0,0,0,NO_TRADE,,open_spike_wait_unresolved_lower_high,
11:38:23,23671.9,23758.95,23677.5,NARROW,23758.95,23657.15,0.145,RANGE,STRONG_SELL_PREMIUM,BEARISH,PREMIUM_SELL_BEAR,RANGE_BEARISH_SPOT_BELOW_OR_MID,10.34,1,60.84,HIGH,4,0,0,0,0,0,NO_TRADE,,open_spike_wait_unresolved_lower_high,
11:39:08,23671.75,23758.95,23677.5,NARROW,23758.95,23657.15,0.143,RANGE,STRONG_SELL_PREMIUM,BEARISH,PREMIUM_SELL_BEAR,RANGE_BEARISH_SPOT_BELOW_OR_MID,10.34,1,60.68,HIGH,4,0,0,0,0,0,NO_TRADE,,open_spike_wait_unresolved_lower_high,
11:39:53,23671.9,23758.95,23677.5,NARROW,23758.95,23657.15,0.145,RANGE,STRONG_SELL_PREMIUM,BEARISH,PREMIUM_SELL_BEAR,RANGE_BEARISH_SPOT_BELOW_OR_MID,10.34,1,60.52,HIGH,4,0,0,0,0,0,NO_TRADE,,open_spike_wait_unresolved_lower_high,
11:40:38,23674.35,23758.95,23677.5,NARROW,23758.95,23657.15,0.169,RANGE,STRONG_SELL_PREMIUM,BEARISH,PREMIUM_SELL_BEAR,RANGE_BEARISH_SPOT_BELOW_OR_MID,9.63,1,60.37,HIGH,4,0,0,0,0,0,NO_TRADE,,open_spike_wait_unresolved_lower_high,
11:40:42,23675.0,23758.95,23677.5,NARROW,23758.95,23657.15,0.175,RANGE,SELL_PREMIUM,BEARISH,PREMIUM_SELL_BEAR,RANGE_BEARISH_SPOT_BELOW_OR_MID,9.63,1,60.36,HIGH,4,0,0,0,0,0,NO_TRADE,,open_spike_wait_unresolved_lower_high,
11:40:45,23676.05,23758.95,23677.5,NARROW,23758.95,23657.15,0.186,RANGE,SELL_PREMIUM,BEARISH,PREMIUM_SELL_BEAR,RANGE_BEARISH_SPOT_BELOW_OR_MID,9.63,1,60.34,HIGH,4,0,0,0,0,0,NO_TRADE,,open_spike_wait_unresolved_lower_high,
11:41:24,23675.75,23758.95,23677.5,NARROW,23758.95,23657.15,0.183,RANGE,SELL_PREMIUM,BEARISH,PREMIUM_SELL_BEAR,RANGE_BEARISH_SPOT_BELOW_OR_MID,9.69,1,60.21,HIGH,4,0,0,0,0,0,NO_TRADE,,open_spike_wait_unresolved_lower_high,
11:41:57,23676.1,23758.95,23677.5,NARROW,23758.95,23657.15,0.186,RANGE,STRONG_SELL_PREMIUM,BEARISH,PREMIUM_SELL_BEAR,RANGE_BEARISH_SPOT_BELOW_OR_MID,9.69,1,60.1,HIGH,4,0,0,0,0,0,NO_TRADE,,open_spike_wait_unresolved_lower_high,
11:42:00,23675.35,23758.95,23677.5,NARROW,23758.95,23657.15,0.179,RANGE,STRONG_SELL_PREMIUM,BEARISH,PREMIUM_SELL_BEAR,RANGE_BEARISH_SPOT_BELOW_OR_MID,9.69,1,60.09,HIGH,4,0,0,0,0,0,NO_TRADE,,open_spike_wait_unresolved_lower_high,
11:42:09,23674.0,23758.95,23677.5,NARROW,23758.95,23657.15,0.166,RANGE,STRONG_SELL_PREMIUM,BEARISH,PREMIUM_SELL_BEAR,RANGE_BEARISH_SPOT_BELOW_OR_MID,9.69,1,60.06,HIGH,4,0,0,0,0,0,NO_TRADE,,open_spike_wait_unresolved_lower_high,
11:42:56,23672.05,23758.95,23677.5,NARROW,23758.95,23657.15,0.146,RANGE,STRONG_SELL_PREMIUM,BEARISH,PREMIUM_SELL_BEAR,RANGE_BEARISH_SPOT_BELOW_OR_MID,9.69,1,59.9,HIGH,4,0,0,0,0,0,NO_TRADE,,open_spike_wait_unresolved_lower_high,
11:43:41,23670.6,23758.95,23677.5,NARROW,23758.95,23657.15,0.132,RANGE,STRONG_SELL_PREMIUM,BEARISH,PREMIUM_SELL_BEAR,RANGE_BEARISH_SPOT_BELOW_OR_MID,9.69,1,59.75,HIGH,4,0,0,0,0,0,NO_TRADE,,open_spike_wait_unresolved_lower_high,
12:03:30,23654.5,23758.95,23677.5,NARROW,23758.95,23649.65,0.044,RANGE,STRONG_SELL_PREMIUM,BEARISH,PREMIUM_SELL_BULL,RANGE_BEARISH_SPOT_BELOW_OR_MID,13.5,1,30.13,HIGH,0,0,0,1,0,0,NO_TRADE,,params_invalid:credit_risk_ratio_0.053_below_min_0.132,
12:03:33,23655.55,23758.95,23677.5,NARROW,23758.95,23649.65,0.054,RANGE,STRONG_SELL_PREMIUM,BEARISH,PREMIUM_SELL_BULL,RANGE_BEARISH_SPOT_BELOW_OR_MID,13.5,1,30.12,HIGH,0,0,0,1,0,0,NO_TRADE,,params_invalid:credit_risk_ratio_0.053_below_min_0.132,
12:03:45,23655.6,23758.95,23677.5,NARROW,23758.95,23649.65,0.054,RANGE,STRONG_SELL_PREMIUM,BEARISH,PREMIUM_SELL_BULL,RANGE_BEARISH_SPOT_BELOW_OR_MID,13.5,1,30.11,HIGH,0,0,0,1,0,0,NO_TRADE,,params_invalid:credit_risk_ratio_0.053_below_min_0.132,
12:03:53,23654.85,23758.95,23677.5,NARROW,23758.95,23649.65,0.048,RANGE,STRONG_SELL_PREMIUM,BEARISH,PREMIUM_SELL_BULL,RANGE_BEARISH_SPOT_BELOW_OR_MID,13.5,1,30.1,HIGH,0,0,0,1,0,0,NO_TRADE,,params_invalid:credit_risk_ratio_0.052_below_min_0.132,
12:04:38,23650.55,23758.95,23677.5,NARROW,23758.95,23648.7,0.017,RANGE,STRONG_SELL_PREMIUM,BEARISH,PREMIUM_SELL_BULL,RANGE_BEARISH_SPOT_BELOW_OR_MID,13.64,1,30.29,HIGH,0,0,0,1,0,0,NO_TRADE,,params_invalid:credit_risk_ratio_0.058_below_min_0.132,
12:05:23,23643.4,23758.95,23677.5,NARROW,23758.95,23640.9,0.021,RANGE,STRONG_SELL_PREMIUM,BEARISH,PREMIUM_SELL_BULL,RANGE_BEARISH_SPOT_BELOW_OR_MID,16.22,1,32.36,HIGH,0,0,0,1,0,0,NO_TRADE,,params_invalid:credit_risk_ratio_0.065_below_min_0.134,
12:06:08,23644.45,23758.95,23677.5,NARROW,23758.95,23640.9,0.030,RANGE,STRONG_SELL_PREMIUM,BEARISH,PREMIUM_SELL_BULL,RANGE_BEARISH_SPOT_BELOW_OR_MID,16.22,1,32.29,HIGH,0,0,0,1,0,0,NO_TRADE,,params_invalid:credit_risk_ratio_0.063_below_min_0.133,
12:06:54,23644.65,23758.95,23677.5,NARROW,23758.95,23640.9,0.032,RANGE,STRONG_SELL_PREMIUM,BEARISH,PREMIUM_SELL_BULL,RANGE_BEARISH_SPOT_BELOW_OR_MID,16.22,1,32.22,HIGH,0,0,0,1,0,0,NO_TRADE,,params_invalid:credit_risk_ratio_0.065_below_min_0.133,
12:07:39,23646.8,23758.95,23677.5,NARROW,23758.95,23640.9,0.050,RANGE,STRONG_SELL_PREMIUM,BEARISH,PREMIUM_SELL_BULL,RANGE_BEARISH_SPOT_BELOW_OR_MID,16.22,1,32.15,HIGH,0,0,0,1,0,0,NO_TRADE,,params_invalid:credit_risk_ratio_0.063_below_min_0.133,
12:08:24,23646.0,23758.95,23677.5,NARROW,23758.95,23637.75,0.068,RANGE,STRONG_SELL_PREMIUM,BEARISH,PREMIUM_SELL_BULL,RANGE_BEARISH_SPOT_BELOW_OR_MID,16.55,1,32.93,HIGH,0,0,0,1,0,0,NO_TRADE,,params_invalid:credit_risk_ratio_0.063_below_min_0.134,
12:09:09,23640.2,23758.95,23677.5,NARROW,23758.95,23637.75,0.020,RANGE,STRONG_SELL_PREMIUM,BEARISH,PREMIUM_SELL_BULL,RANGE_BEARISH_SPOT_BELOW_OR_MID,16.55,1,32.86,HIGH,0,0,0,1,0,0,NO_TRADE,,params_invalid:credit_risk_ratio_0.069_below_min_0.134,
12:09:54,23645.15,23758.95,23677.5,NARROW,23758.95,23637.75,0.061,RANGE,STRONG_SELL_PREMIUM,BEARISH,PREMIUM_SELL_BULL,RANGE_BEARISH_SPOT_BELOW_OR_MID,16.55,1,32.79,HIGH,0,0,0,1,0,0,NO_TRADE,,params_invalid:credit_risk_ratio_0.061_below_min_0.133,
12:10:39,23648.85,23758.95,23677.5,NARROW,23758.95,23637.75,0.092,RANGE,STRONG_SELL_PREMIUM,BEARISH,PREMIUM_SELL_BULL,RANGE_BEARISH_SPOT_BELOW_OR_MID,19.01,1,32.72,HIGH,0,0,0,1,0,0,NO_TRADE,,params_invalid:credit_risk_ratio_0.056_below_min_0.133,
12:11:24,23649.85,23758.95,23677.5,NARROW,23758.95,23637.75,0.100,RANGE,STRONG_SELL_PREMIUM,BEARISH,PREMIUM_SELL_BULL,RANGE_BEARISH_SPOT_BELOW_OR_MID,18.59,1,32.65,HIGH,0,0,0,1,0,0,NO_TRADE,,params_invalid:credit_risk_ratio_0.055_below_min_0.133,
12:12:09,23647.45,23758.95,23677.5,NARROW,23758.95,23637.75,0.080,RANGE,STRONG_SELL_PREMIUM,BEARISH,PREMIUM_SELL_BULL,RANGE_BEARISH_SPOT_BELOW_OR_MID,18.55,1,32.58,HIGH,0,0,0,1,0,0,NO_TRADE,,params_invalid:credit_risk_ratio_0.059_below_min_0.133,
12:12:54,23651.6,23758.95,23677.5,NARROW,23758.95,23637.75,0.114,RANGE,STRONG_SELL_PREMIUM,BEARISH,PREMIUM_SELL_BULL,RANGE_BEARISH_SPOT_BELOW_OR_MID,18.55,1,32.51,HIGH,0,0,0,1,0,0,NO_TRADE,,params_invalid:credit_risk_ratio_0.053_below_min_0.133,
12:13:39,23650.1,23758.95,23677.5,NARROW,23758.95,23637.75,0.102,RANGE,STRONG_SELL_PREMIUM,BEARISH,PREMIUM_SELL_BULL,RANGE_BEARISH_SPOT_BELOW_OR_MID,18.05,1,32.45,HIGH,0,0,0,1,0,0,NO_TRADE,,params_invalid:credit_risk_ratio_0.055_below_min_0.133,
12:14:24,23649.8,23758.95,23677.5,NARROW,23758.95,23637.75,0.099,RANGE,STRONG_SELL_PREMIUM,BEARISH,PREMIUM_SELL_BULL,RANGE_BEARISH_SPOT_BELOW_OR_MID,18.05,1,32.38,HIGH,0,0,0,1,0,0,NO_TRADE,,params_invalid:credit_risk_ratio_0.055_below_min_0.133,
12:15:00,23650.6,23758.95,23677.5,NARROW,23758.95,23637.75,0.106,RANGE,STRONG_SELL_PREMIUM,BEARISH,PREMIUM_SELL_BEAR,RANGE_BEARISH_SPOT_BELOW_OR_MID,19.4,1,32.32,HIGH,0,0,0,1,0,0,NO_TRADE,,params_invalid:credit_risk_ratio_0.055_below_min_0.133,
12:15:04,23649.55,23758.95,23677.5,NARROW,23758.95,23637.75,0.097,RANGE,STRONG_SELL_PREMIUM,BEARISH,PREMIUM_SELL_BEAR,RANGE_BEARISH_SPOT_BELOW_OR_MID,19.4,1,32.32,HIGH,0,0,0,1,0,0,NO_TRADE,,params_invalid:credit_risk_ratio_0.055_below_min_0.133,
12:15:09,23648.5,23758.95,23677.5,NARROW,23758.95,23637.75,0.089,RANGE,STRONG_SELL_PREMIUM,BEARISH,PREMIUM_SELL_BULL,AFTERNOON_DAY_LOW_FADE_DTE0,19.4,1,32.31,HIGH,0,0,0,1,0,0,NO_TRADE,,params_invalid:credit_risk_ratio_0.055_below_min_0.133,
12:15:22,23646.15,23758.95,23677.5,NARROW,23758.95,23637.75,0.069,RANGE,STRONG_SELL_PREMIUM,BEARISH,PREMIUM_SELL_BULL,AFTERNOON_DAY_LOW_FADE_DTE0,19.4,1,32.29,HIGH,0,0,0,1,0,0,NO_TRADE,,params_invalid:credit_risk_ratio_0.059_below_min_0.133,
12:16:08,23647.0,23758.95,23677.5,NARROW,23758.95,23637.75,0.076,RANGE,STRONG_SELL_PREMIUM,BEARISH,PREMIUM_SELL_BULL,AFTERNOON_DAY_LOW_FADE_DTE0,19.4,1,32.22,HIGH,0,0,0,1,0,0,NO_TRADE,,params_invalid:credit_risk_ratio_0.061_below_min_0.133,
12:16:53,23650.6,23758.95,23677.5,NARROW,23758.95,23637.75,0.106,RANGE,STRONG_SELL_PREMIUM,BEARISH,PREMIUM_SELL_BULL,AFTERNOON_DAY_LOW_FADE_DTE0,19.4,1,32.16,HIGH,0,0,0,1,0,0,NO_TRADE,,params_invalid:credit_risk_ratio_0.053_below_min_0.133,
12:16:57,23649.8,23758.95,23677.5,NARROW,23758.95,23637.75,0.099,RANGE,STRONG_SELL_PREMIUM,BEARISH,PREMIUM_SELL_BULL,AFTERNOON_DAY_LOW_FADE_DTE0,19.4,1,32.15,HIGH,0,0,0,1,0,0,NO_TRADE,,params_invalid:credit_risk_ratio_0.054_below_min_0.134,
12:17:00,23650.75,23758.95,23677.5,NARROW,23758.95,23637.75,0.107,RANGE,STRONG_SELL_PREMIUM,BEARISH,PREMIUM_SELL_BULL,AFTERNOON_DAY_LOW_FADE_DTE0,19.4,1,32.15,HIGH,0,0,0,1,0,0,NO_TRADE,,params_invalid:credit_risk_ratio_0.054_below_min_0.134,
12:17:17,23650.15,23758.95,23677.5,NARROW,23758.95,23637.75,0.102,RANGE,STRONG_SELL_PREMIUM,BEARISH,PREMIUM_SELL_BULL,AFTERNOON_DAY_LOW_FADE_DTE0,19.4,1,32.12,HIGH,0,0,0,1,0,0,NO_TRADE,,params_invalid:credit_risk_ratio_0.055_below_min_0.133,
12:18:03,23649.9,23758.95,23677.5,NARROW,23758.95,23637.75,0.100,RANGE,STRONG_SELL_PREMIUM,BEARISH,PREMIUM_SELL_BULL,AFTERNOON_DAY_LOW_FADE_DTE0,19.4,1,32.06,HIGH,0,0,0,1,0,0,NO_TRADE,,params_invalid:credit_risk_ratio_0.055_below_min_0.133,
12:18:47,23650.8,23758.95,23677.5,NARROW,23758.95,23637.75,0.108,RANGE,STRONG_SELL_PREMIUM,BEARISH,PREMIUM_SELL_BULL,AFTERNOON_DAY_LOW_FADE_DTE0,19.4,1,31.99,HIGH,0,0,0,1,0,0,NO_TRADE,,params_invalid:credit_risk_ratio_0.055_below_min_0.133,
12:19:33,23649.15,23758.95,23677.5,NARROW,23758.95,23637.75,0.094,RANGE,STRONG_SELL_PREMIUM,BEARISH,PREMIUM_SELL_BULL,AFTERNOON_DAY_LOW_FADE_DTE0,19.25,1,31.92,HIGH,0,0,0,1,0,0,NO_TRADE,,params_invalid:credit_risk_ratio_0.056_below_min_0.133,
12:20:18,23653.0,23758.95,23677.5,NARROW,23758.95,23637.75,0.126,DOWNTREND,STRONG_SELL_PREMIUM,BEARISH,PREMIUM_SELL_BULL,AFTERNOON_DAY_LOW_FADE_DTE0,20.24,1,31.86,HIGH,0,0,0,1,0,0,NO_TRADE,,params_invalid:credit_risk_ratio_0.051_below_min_0.133,
12:21:03,23654.15,23758.95,23677.5,NARROW,23758.95,23637.75,0.135,DOWNTREND,STRONG_SELL_PREMIUM,BEARISH,PREMIUM_SELL_BULL,AFTERNOON_DAY_LOW_FADE_DTE0,20.17,1,31.8,HIGH,0,0,0,0,0,0,NO_TRADE,,counter_trend_entry_blocked:BULL_PUT_SPREAD:measured_downtrend_adx_20_vwap_-0.09pct,
12:21:48,23649.85,23758.95,23677.5,NARROW,23758.95,23637.75,0.100,DOWNTREND,STRONG_SELL_PREMIUM,BEARISH,PREMIUM_SELL_BULL,AFTERNOON_DAY_LOW_FADE_DTE0,20.17,1,31.73,HIGH,0,0,0,1,0,0,NO_TRADE,,params_invalid:credit_risk_ratio_0.055_below_min_0.133,
12:22:33,23652.6,23758.95,23677.5,NARROW,23758.95,23637.75,0.123,DOWNTREND,STRONG_SELL_PREMIUM,BEARISH,PREMIUM_SELL_BULL,AFTERNOON_DAY_LOW_FADE_DTE0,20.17,1,31.67,HIGH,0,0,0,1,0,0,NO_TRADE,,params_invalid:credit_risk_ratio_0.052_below_min_0.133,
12:23:18,23651.55,23758.95,23677.5,NARROW,23758.95,23637.75,0.114,RANGE,STRONG_SELL_PREMIUM,BEARISH,PREMIUM_SELL_BULL,AFTERNOON_DAY_LOW_FADE_DTE0,18.97,1,31.6,HIGH,0,0,0,1,0,0,NO_TRADE,,params_invalid:credit_risk_ratio_0.054_below_min_0.133,
12:24:03,23657.35,23758.95,23677.5,NARROW,23758.95,23637.75,0.162,RANGE,STRONG_SELL_PREMIUM,BEARISH,PREMIUM_SELL_BULL,AFTERNOON_DAY_LOW_FADE_DTE0,18.64,1,31.54,HIGH,0,0,0,0,0,0,NO_TRADE,,counter_trend_entry_blocked:BULL_PUT_SPREAD:measured_downtrend_adx_20_vwap_-0.09pct,
12:24:49,23658.75,23758.95,23677.5,NARROW,23758.95,23637.75,0.173,RANGE,STRONG_SELL_PREMIUM,BEARISH,PREMIUM_SELL_BULL,AFTERNOON_DAY_LOW_FADE_DTE0,18.64,1,31.48,HIGH,0,0,0,0,0,0,NO_TRADE,,counter_trend_entry_blocked:BULL_PUT_SPREAD:measured_downtrend_adx_20_vwap_-0.09pct,
12:25:34,23660.3,23758.95,23677.5,NARROW,23758.95,23637.75,0.186,RANGE,STRONG_SELL_PREMIUM,BEARISH,PREMIUM_SELL_BEAR,RANGE_BEARISH_SPOT_BELOW_OR_MID,17.98,1,31.42,HIGH,0,0,0,0,0,0,NO_TRADE,,params_invalid:credit_risk_ratio_0.116_below_min_0.133,
12:26:19,23659.15,23758.95,23677.5,NARROW,23758.95,23637.75,0.177,RANGE,STRONG_SELL_PREMIUM,BEARISH,PREMIUM_SELL_BEAR,RANGE_BEARISH_SPOT_BELOW_OR_MID,17.98,1,31.35,HIGH,0,0,0,0,0,0,ENTER,BEAR_CALL_SPREAD,regime:PREMIUM_SELL_BEAR:conf=HIGH:dte=0:adx=18:price=RANGE,
12:27:04,23656.8,23758.95,23677.5,NARROW,23758.95,23637.75,0.157,RANGE,STRONG_SELL_PREMIUM,BEARISH,PREMIUM_SELL_BEAR,RANGE_BEARISH_SPOT_BELOW_OR_MID,17.98,1,31.29,HIGH,0,0,0,0,0,0,,,,
12:27:49,23656.75,23758.95,23677.5,NARROW,23758.95,23637.75,0.157,RANGE,STRONG_SELL_PREMIUM,BEARISH,PREMIUM_SELL_BEAR,RANGE_BEARISH_SPOT_BELOW_OR_MID,17.98,1,31.23,HIGH,0,0,0,0,0,0,,,,
12:28:34,23656.45,23758.95,23677.5,NARROW,23758.95,23637.75,0.154,RANGE,STRONG_SELL_PREMIUM,BEARISH,PREMIUM_SELL_BEAR,RANGE_BEARISH_SPOT_BELOW_OR_MID,17.98,1,31.17,HIGH,0,0,0,0,0,0,,,,
12:29:19,23655.65,23758.95,23677.5,NARROW,23758.95,23637.75,0.148,RANGE,STRONG_SELL_PREMIUM,BEARISH,PREMIUM_SELL_BEAR,RANGE_BEARISH_SPOT_BELOW_OR_MID,17.74,1,31.11,HIGH,0,0,0,0,0,0,,,,
12:30:05,23664.05,23758.95,23677.5,NARROW,23758.95,23637.75,0.217,RANGE,STRONG_SELL_PREMIUM,BEARISH,PREMIUM_SELL_BEAR,RANGE_BEARISH_SPOT_BELOW_OR_MID,16.39,1,31.05,HIGH,0,0,0,0,0,0,,,,
12:30:50,23662.6,23758.95,23677.5,NARROW,23758.95,23637.75,0.205,RANGE,STRONG_SELL_PREMIUM,BEARISH,PREMIUM_SELL_BEAR,RANGE_BEARISH_SPOT_BELOW_OR_MID,16.39,1,30.99,HIGH,0,0,0,0,0,0,,,,
12:31:35,23666.45,23758.95,23677.5,NARROW,23758.95,23637.75,0.237,RANGE,STRONG_SELL_PREMIUM,BEARISH,PREMIUM_SELL_BEAR,RANGE_BEARISH_SPOT_BELOW_OR_MID,16.36,1,30.93,HIGH,0,0,0,0,0,0,,,,
12:32:20,23664.7,23758.95,23677.5,NARROW,23758.95,23637.75,0.222,RANGE,STRONG_SELL_PREMIUM,BEARISH,PREMIUM_SELL_BEAR,RANGE_BEARISH_SPOT_BELOW_OR_MID,16.36,1,30.87,HIGH,0,0,0,0,0,0,,,,
12:33:05,23660.5,23758.95,23677.5,NARROW,23758.95,23637.75,0.188,RANGE,STRONG_SELL_PREMIUM,BEARISH,PREMIUM_SELL_BEAR,RANGE_BEARISH_SPOT_BELOW_OR_MID,16.36,1,30.81,HIGH,0,0,0,0,0,0,,,,
12:33:50,23662.55,23758.95,23677.5,NARROW,23758.95,23637.75,0.205,RANGE,STRONG_SELL_PREMIUM,BEARISH,PREMIUM_SELL_BEAR,RANGE_BEARISH_SPOT_BELOW_OR_MID,16.36,1,30.76,HIGH,0,0,0,0,0,0,,,,
12:34:35,23664.55,23758.95,23677.5,NARROW,23758.95,23637.75,0.221,RANGE,STRONG_SELL_PREMIUM,BEARISH,PREMIUM_SELL_BEAR,RANGE_BEARISH_SPOT_BELOW_OR_MID,16.36,1,30.7,HIGH,0,0,0,0,0,0,,,,
12:35:21,23666.95,23758.95,23677.5,NARROW,23758.95,23637.75,0.241,RANGE,STRONG_SELL_PREMIUM,BEARISH,PREMIUM_SELL_BEAR,RANGE_BEARISH_SPOT_BELOW_OR_MID,15.44,1,30.64,HIGH,0,0,0,0,0,0,,,,
12:36:06,23668.2,23758.95,23677.5,NARROW,23758.95,23637.75,0.251,RANGE,STRONG_SELL_PREMIUM,BEARISH,PREMIUM_SELL_BEAR,RANGE_BEARISH_SPOT_BELOW_OR_MID,15.79,1,30.58,HIGH,0,0,0,0,0,0,,,,
12:36:51,23670.7,23758.95,23677.5,NARROW,23758.95,23637.75,0.272,RANGE,STRONG_SELL_PREMIUM,UNCLEAR,PREMIUM_SELL_RANGE,RANGE_UNCLEAR_POS_STRONG_SELL_HALF_SIZE,15.79,1,30.53,HIGH,0,0,0,0,0,0,,,,
12:37:36,23672.65,23758.95,23677.5,NARROW,23758.95,23637.75,0.288,RANGE,STRONG_SELL_PREMIUM,UNCLEAR,PREMIUM_SELL_RANGE,RANGE_UNCLEAR_POS_STRONG_SELL_HALF_SIZE,15.98,1,30.47,HIGH,0,0,0,0,0,0,,,,
12:38:21,23672.1,23758.95,23677.5,NARROW,23758.95,23637.75,0.283,RANGE,STRONG_SELL_PREMIUM,UNCLEAR,PREMIUM_SELL_RANGE,RANGE_UNCLEAR_POS_STRONG_SELL_HALF_SIZE,16.22,1,30.41,HIGH,0,0,0,0,0,0,,,,
12:39:06,23671.15,23758.95,23677.5,NARROW,23758.95,23637.75,0.276,RANGE,STRONG_SELL_PREMIUM,UNCLEAR,PREMIUM_SELL_RANGE,RANGE_UNCLEAR_POS_STRONG_SELL_HALF_SIZE,16.22,1,30.36,HIGH,0,0,0,0,0,0,,,,
12:39:51,23668.15,23758.95,23677.5,NARROW,23758.95,23637.75,0.251,RANGE,STRONG_SELL_PREMIUM,UNCLEAR,PREMIUM_SELL_RANGE,RANGE_UNCLEAR_POS_STRONG_SELL_HALF_SIZE,16.22,1,30.3,HIGH,0,0,0,0,0,0,,,,
12:40:37,23666.0,23758.95,23677.5,NARROW,23758.95,23637.75,0.233,RANGE,STRONG_SELL_PREMIUM,UNCLEAR,PREMIUM_SELL_RANGE,RANGE_UNCLEAR_POS_STRONG_SELL_HALF_SIZE,16.04,1,30.24,HIGH,0,0,0,0,0,0,,,,
12:41:22,23668.45,23758.95,23677.5,NARROW,23758.95,23637.75,0.253,RANGE,STRONG_SELL_PREMIUM,UNCLEAR,PREMIUM_SELL_RANGE,RANGE_UNCLEAR_POS_STRONG_SELL_HALF_SIZE,16.04,1,30.19,HIGH,0,0,0,0,0,0,,,,
12:42:07,23667.65,23758.95,23677.5,NARROW,23758.95,23637.75,0.247,RANGE,STRONG_SELL_PREMIUM,UNCLEAR,PREMIUM_SELL_RANGE,RANGE_UNCLEAR_POS_STRONG_SELL_HALF_SIZE,16.04,1,30.14,HIGH,0,0,0,0,0,0,,,,
12:42:52,23667.3,23758.95,23677.5,NARROW,23758.95,23637.75,0.244,RANGE,STRONG_SELL_PREMIUM,UNCLEAR,PREMIUM_SELL_RANGE,RANGE_UNCLEAR_POS_STRONG_SELL_HALF_SIZE,16.04,1,30.08,HIGH,0,0,0,0,0,0,,,,
12:43:37,23662.7,23758.95,23677.5,NARROW,23758.95,23637.75,0.206,RANGE,STRONG_SELL_PREMIUM,UNCLEAR,PREMIUM_SELL_RANGE,RANGE_UNCLEAR_POS_STRONG_SELL_HALF_SIZE,15.36,1,30.03,HIGH,0,0,0,0,0,0,,,,
12:44:22,23662.95,23758.95,23677.5,NARROW,23758.95,23637.75,0.208,RANGE,STRONG_SELL_PREMIUM,UNCLEAR,PREMIUM_SELL_RANGE,RANGE_UNCLEAR_POS_STRONG_SELL_HALF_SIZE,15.22,1,29.97,HIGH,0,0,0,0,0,0,,,,
12:45:07,23657.9,23758.95,23677.5,NARROW,23758.95,23637.75,0.166,RANGE,STRONG_SELL_PREMIUM,UNCLEAR,PREMIUM_SELL_RANGE,RANGE_UNCLEAR_POS_STRONG_SELL_HALF_SIZE,14.31,1,29.92,HIGH,0,0,0,0,0,0,,,,
12:45:52,23656.65,23758.95,23677.5,NARROW,23758.95,23637.75,0.156,RANGE,STRONG_SELL_PREMIUM,UNCLEAR,PREMIUM_SELL_RANGE,RANGE_UNCLEAR_POS_STRONG_SELL_HALF_SIZE,14.31,1,29.87,HIGH,0,0,0,0,0,0,,,,
12:46:37,23655.35,23758.95,23677.5,NARROW,23758.95,23637.75,0.145,RANGE,STRONG_SELL_PREMIUM,UNCLEAR,PREMIUM_SELL_RANGE,RANGE_UNCLEAR_POS_STRONG_SELL_HALF_SIZE,14.31,1,29.81,HIGH,0,0,0,0,0,0,,,,
12:47:23,23656.1,23758.95,23677.5,NARROW,23758.95,23637.75,0.151,RANGE,STRONG_SELL_PREMIUM,UNCLEAR,PREMIUM_SELL_RANGE,RANGE_UNCLEAR_POS_STRONG_SELL_HALF_SIZE,14.4,1,29.76,HIGH,0,0,0,0,0,0,,,,
12:48:08,23654.5,23758.95,23677.5,NARROW,23758.95,23637.75,0.138,RANGE,STRONG_SELL_PREMIUM,UNCLEAR,PREMIUM_SELL_RANGE,RANGE_UNCLEAR_POS_STRONG_SELL_HALF_SIZE,15.09,1,29.71,HIGH,0,0,0,0,0,0,,,,
12:48:53,23650.95,23758.95,23677.5,NARROW,23758.95,23637.75,0.109,RANGE,STRONG_SELL_PREMIUM,UNCLEAR,PREMIUM_SELL_RANGE,RANGE_UNCLEAR_POS_STRONG_SELL_HALF_SIZE,15.09,1,29.65,HIGH,0,0,0,1,0,0,,,,
12:49:38,23653.75,23758.95,23677.5,NARROW,23758.95,23637.75,0.132,RANGE,STRONG_SELL_PREMIUM,UNCLEAR,PREMIUM_SELL_RANGE,RANGE_UNCLEAR_POS_STRONG_SELL_HALF_SIZE,15.1,1,29.6,HIGH,0,0,0,0,0,0,,,,
12:50:23,23653.5,23758.95,23677.5,NARROW,23758.95,23637.75,0.130,RANGE,STRONG_SELL_PREMIUM,UNCLEAR,PREMIUM_SELL_RANGE,RANGE_UNCLEAR_POS_STRONG_SELL_HALF_SIZE,15.0,1,29.55,HIGH,0,0,0,1,0,0,,,,
12:51:08,23654.65,23758.95,23677.5,NARROW,23758.95,23637.75,0.139,RANGE,STRONG_SELL_PREMIUM,UNCLEAR,PREMIUM_SELL_RANGE,RANGE_UNCLEAR_POS_STRONG_SELL_HALF_SIZE,15.0,1,29.5,HIGH,0,0,0,0,0,0,,,,
12:51:53,23655.9,23758.95,23677.5,NARROW,23758.95,23637.75,0.150,RANGE,STRONG_SELL_PREMIUM,UNCLEAR,PREMIUM_SELL_RANGE,RANGE_UNCLEAR_POS_STRONG_SELL_HALF_SIZE,15.0,1,29.45,HIGH,0,0,0,0,0,0,,,,
12:52:39,23651.45,23758.95,23677.5,NARROW,23758.95,23637.75,0.113,RANGE,STRONG_SELL_PREMIUM,UNCLEAR,PREMIUM_SELL_RANGE,RANGE_UNCLEAR_POS_STRONG_SELL_HALF_SIZE,15.0,1,29.4,HIGH,0,0,0,1,0,0,,,,
12:53:24,23653.45,23758.95,23677.5,NARROW,23758.95,23637.75,0.130,RANGE,STRONG_SELL_PREMIUM,UNCLEAR,PREMIUM_SELL_RANGE,RANGE_UNCLEAR_POS_STRONG_SELL_HALF_SIZE,15.18,1,29.35,HIGH,0,0,0,1,0,0,,,,
12:54:09,23655.3,23758.95,23677.5,NARROW,23758.95,23637.75,0.145,RANGE,STRONG_SELL_PREMIUM,UNCLEAR,PREMIUM_SELL_RANGE,RANGE_UNCLEAR_POS_STRONG_SELL_HALF_SIZE,15.18,1,29.3,HIGH,0,0,0,0,0,0,,,,
12:54:54,23655.3,23758.95,23677.5,NARROW,23758.95,23637.75,0.145,RANGE,STRONG_SELL_PREMIUM,UNCLEAR,PREMIUM_SELL_RANGE,RANGE_UNCLEAR_POS_STRONG_SELL_HALF_SIZE,15.18,1,29.25,HIGH,0,0,0,0,0,0,,,,
12:55:39,23660.6,23758.95,23677.5,NARROW,23758.95,23637.75,0.189,RANGE,STRONG_SELL_PREMIUM,UNCLEAR,PREMIUM_SELL_RANGE,RANGE_UNCLEAR_POS_STRONG_SELL_HALF_SIZE,14.32,1,29.2,HIGH,0,0,0,0,0,0,,,,
12:56:24,23658.95,23758.95,23677.5,NARROW,23758.95,23637.75,0.175,RANGE,STRONG_SELL_PREMIUM,UNCLEAR,PREMIUM_SELL_RANGE,RANGE_UNCLEAR_POS_STRONG_SELL_HALF_SIZE,14.32,1,29.15,HIGH,0,0,0,0,0,0,,,,
12:57:09,23659.3,23758.95,23677.5,NARROW,23758.95,23637.75,0.178,RANGE,STRONG_SELL_PREMIUM,UNCLEAR,PREMIUM_SELL_RANGE,RANGE_UNCLEAR_POS_STRONG_SELL_HALF_SIZE,14.1,1,29.1,HIGH,0,0,0,0,0,0,,,,
12:57:55,23661.1,23758.95,23677.5,NARROW,23758.95,23637.75,0.193,RANGE,STRONG_SELL_PREMIUM,UNCLEAR,PREMIUM_SELL_RANGE,RANGE_UNCLEAR_POS_STRONG_SELL_HALF_SIZE,14.1,1,29.05,HIGH,0,0,0,0,0,0,,,,
12:57:57,23660.5,23758.95,23677.5,NARROW,23758.95,23637.75,0.188,RANGE,STRONG_SELL_PREMIUM,UNCLEAR,PREMIUM_SELL_RANGE,RANGE_UNCLEAR_POS_STRONG_SELL_HALF_SIZE,14.1,1,29.04,HIGH,0,0,0,0,0,0,,,,
12:58:01,23659.95,23758.95,23677.5,NARROW,23758.95,23637.75,0.183,RANGE,STRONG_SELL_PREMIUM,UNCLEAR,PREMIUM_SELL_RANGE,RANGE_UNCLEAR_POS_STRONG_SELL_HALF_SIZE,13.88,1,29.04,HIGH,0,0,0,0,0,0,,,,
12:58:40,23659.05,23758.95,23677.5,NARROW,23758.95,23637.75,0.176,RANGE,STRONG_SELL_PREMIUM,UNCLEAR,PREMIUM_SELL_RANGE,RANGE_UNCLEAR_POS_STRONG_SELL_HALF_SIZE,13.88,1,29.0,HIGH,0,0,0,0,0,0,,,,
12:58:51,23659.15,23758.95,23677.5,NARROW,23758.95,23637.75,0.177,RANGE,STRONG_SELL_PREMIUM,UNCLEAR,PREMIUM_SELL_RANGE,RANGE_UNCLEAR_POS_STRONG_SELL_HALF_SIZE,13.88,1,28.99,HIGH,0,0,0,0,0,0,,,,
12:59:37,23656.85,23758.95,23677.5,NARROW,23758.95,23637.75,0.158,RANGE,STRONG_SELL_PREMIUM,UNCLEAR,PREMIUM_SELL_RANGE,RANGE_UNCLEAR_POS_STRONG_SELL_HALF_SIZE,13.88,1,28.94,HIGH,0,0,0,0,0,0,,,,
13:00:22,23656.8,23758.95,23677.5,NARROW,23758.95,23637.75,0.157,RANGE,STRONG_SELL_PREMIUM,UNCLEAR,PREMIUM_SELL_RANGE,RANGE_UNCLEAR_POS_STRONG_SELL_HALF_SIZE,13.09,1,28.89,HIGH,0,0,0,0,0,0,,,,
13:01:07,23654.05,23758.95,23677.5,NARROW,23758.95,23637.75,0.134,RANGE,STRONG_SELL_PREMIUM,UNCLEAR,PREMIUM_SELL_RANGE,RANGE_UNCLEAR_POS_STRONG_SELL_HALF_SIZE,13.09,1,28.84,HIGH,0,0,0,0,0,0,,,,
13:01:52,23655.15,23758.95,23677.5,NARROW,23758.95,23637.75,0.144,RANGE,STRONG_SELL_PREMIUM,UNCLEAR,PREMIUM_SELL_RANGE,RANGE_UNCLEAR_POS_STRONG_SELL_HALF_SIZE,13.09,1,28.79,HIGH,0,0,0,0,0,0,,,,
13:02:37,23658.45,23758.95,23677.5,NARROW,23758.95,23637.75,0.171,RANGE,STRONG_SELL_PREMIUM,UNCLEAR,PREMIUM_SELL_RANGE,RANGE_UNCLEAR_POS_STRONG_SELL_HALF_SIZE,13.09,1,28.75,HIGH,0,0,0,0,0,0,,,,
13:03:22,23660.5,23758.95,23677.5,NARROW,23758.95,23637.75,0.188,RANGE,STRONG_SELL_PREMIUM,UNCLEAR,PREMIUM_SELL_RANGE,RANGE_UNCLEAR_POS_STRONG_SELL_HALF_SIZE,13.09,1,28.7,HIGH,0,0,0,0,0,0,,,,
13:04:08,23651.35,23758.95,23677.5,NARROW,23758.95,23637.75,0.112,RANGE,STRONG_SELL_PREMIUM,UNCLEAR,PREMIUM_SELL_RANGE,RANGE_UNCLEAR_POS_STRONG_SELL_HALF_SIZE,13.75,1,28.65,HIGH,0,0,0,1,0,0,,,,
13:04:53,23649.45,23758.95,23677.5,NARROW,23758.95,23637.75,0.097,RANGE,STRONG_SELL_PREMIUM,UNCLEAR,PREMIUM_SELL_RANGE,RANGE_UNCLEAR_POS_STRONG_SELL_HALF_SIZE,13.75,1,28.6,HIGH,0,0,0,1,0,0,,,,
13:05:38,23652.2,23758.95,23677.5,NARROW,23758.95,23637.75,0.119,RANGE,STRONG_SELL_PREMIUM,UNCLEAR,PREMIUM_SELL_BULL,AFTERNOON_DAY_LOW_FADE_DTE0,13.66,1,28.56,HIGH,0,0,0,1,0,0,,,,
13:06:23,23650.2,23758.95,23677.5,NARROW,23758.95,23637.75,0.103,RANGE,STRONG_SELL_PREMIUM,UNCLEAR,PREMIUM_SELL_BULL,AFTERNOON_DAY_LOW_FADE_DTE0,13.67,1,28.51,HIGH,0,0,0,1,0,0,,,,
13:07:08,23652.9,23758.95,23677.5,NARROW,23758.95,23637.75,0.125,RANGE,STRONG_SELL_PREMIUM,UNCLEAR,PREMIUM_SELL_BULL,AFTERNOON_DAY_LOW_FADE_DTE0,13.67,1,28.46,HIGH,0,0,0,1,0,0,,,,
13:07:53,23653.5,23758.95,23677.5,NARROW,23758.95,23637.75,0.130,RANGE,STRONG_SELL_PREMIUM,UNCLEAR,PREMIUM_SELL_BULL,AFTERNOON_DAY_LOW_FADE_DTE0,13.67,1,28.42,HIGH,0,0,0,1,0,0,,,,
13:08:38,23653.8,23758.95,23677.5,NARROW,23758.95,23637.75,0.132,RANGE,STRONG_SELL_PREMIUM,UNCLEAR,PREMIUM_SELL_BULL,AFTERNOON_DAY_LOW_FADE_DTE0,13.67,1,28.37,HIGH,0,0,0,0,0,0,,,,
13:09:24,23653.3,23758.95,23677.5,NARROW,23758.95,23637.75,0.128,RANGE,STRONG_SELL_PREMIUM,UNCLEAR,PREMIUM_SELL_BULL,AFTERNOON_DAY_LOW_FADE_DTE0,13.67,1,28.33,HIGH,0,0,0,1,0,0,,,,
13:10:09,23654.8,23758.95,23677.5,NARROW,23758.95,23637.75,0.141,RANGE,STRONG_SELL_PREMIUM,UNCLEAR,PREMIUM_SELL_BULL,AFTERNOON_DAY_LOW_FADE_DTE0,13.61,1,28.28,HIGH,0,0,0,0,0,0,,,,
13:10:54,23654.95,23758.95,23677.5,NARROW,23758.95,23637.75,0.142,RANGE,STRONG_SELL_PREMIUM,UNCLEAR,PREMIUM_SELL_BULL,AFTERNOON_DAY_LOW_FADE_DTE0,13.61,1,28.24,HIGH,0,0,0,0,0,0,,,,
13:11:39,23654.55,23758.95,23677.5,NARROW,23758.95,23637.75,0.139,RANGE,STRONG_SELL_PREMIUM,UNCLEAR,PREMIUM_SELL_RANGE,RANGE_UNCLEAR_POS_STRONG_SELL_HALF_SIZE,13.59,1,28.19,HIGH,0,0,0,0,0,0,,,,
13:12:24,23652.1,23758.95,23677.5,NARROW,23758.95,23637.75,0.118,RANGE,STRONG_SELL_PREMIUM,UNCLEAR,PREMIUM_SELL_RANGE,RANGE_UNCLEAR_POS_STRONG_SELL_HALF_SIZE,13.59,1,28.15,HIGH,0,0,0,1,0,0,,,,
13:13:09,23654.9,23758.95,23677.5,NARROW,23758.95,23637.75,0.142,RANGE,STRONG_SELL_PREMIUM,UNCLEAR,PREMIUM_SELL_RANGE,RANGE_UNCLEAR_POS_STRONG_SELL_HALF_SIZE,13.59,1,28.1,HIGH,0,0,0,0,0,0,,,,
13:13:54,23655.1,23758.95,23677.5,NARROW,23758.95,23637.75,0.143,RANGE,STRONG_SELL_PREMIUM,UNCLEAR,PREMIUM_SELL_RANGE,RANGE_UNCLEAR_POS_STRONG_SELL_HALF_SIZE,13.59,1,28.06,HIGH,0,0,0,0,0,0,,,,
13:14:39,23655.9,23758.95,23677.5,NARROW,23758.95,23637.75,0.150,RANGE,STRONG_SELL_PREMIUM,UNCLEAR,PREMIUM_SELL_RANGE,RANGE_UNCLEAR_POS_STRONG_SELL_HALF_SIZE,12.33,1,28.01,HIGH,0,0,0,0,0,0,,,,
13:15:25,23660.9,23758.95,23677.5,NARROW,23758.95,23637.75,0.191,RANGE,STRONG_SELL_PREMIUM,UNCLEAR,PREMIUM_SELL_RANGE,RANGE_UNCLEAR_POS_STRONG_SELL_HALF_SIZE,11.26,1,27.97,HIGH,0,0,0,0,0,0,,,,
13:16:10,23655.75,23758.95,23677.5,NARROW,23758.95,23637.75,0.149,RANGE,STRONG_SELL_PREMIUM,UNCLEAR,PREMIUM_SELL_RANGE,RANGE_UNCLEAR_POS_STRONG_SELL_HALF_SIZE,11.26,1,27.93,HIGH,0,0,0,0,0,0,,,,
13:16:55,23658.4,23758.95,23677.5,NARROW,23758.95,23637.75,0.170,RANGE,STRONG_SELL_PREMIUM,UNCLEAR,PREMIUM_SELL_RANGE,RANGE_UNCLEAR_POS_STRONG_SELL_HALF_SIZE,11.26,1,27.88,HIGH,0,0,0,0,0,0,,,,
13:17:40,23657.6,23758.95,23677.5,NARROW,23758.95,23637.75,0.164,RANGE,STRONG_SELL_PREMIUM,UNCLEAR,PREMIUM_SELL_RANGE,RANGE_UNCLEAR_POS_STRONG_SELL_HALF_SIZE,11.26,1,27.84,HIGH,0,0,0,0,0,0,,,,
13:18:25,23654.45,23758.95,23677.5,NARROW,23758.95,23637.75,0.138,RANGE,STRONG_SELL_PREMIUM,UNCLEAR,PREMIUM_SELL_RANGE,RANGE_UNCLEAR_POS_STRONG_SELL_HALF_SIZE,11.26,1,27.8,HIGH,0,0,0,0,0,0,,,,
13:19:10,23655.55,23758.95,23677.5,NARROW,23758.95,23637.75,0.147,RANGE,STRONG_SELL_PREMIUM,UNCLEAR,PREMIUM_SELL_RANGE,RANGE_UNCLEAR_POS_STRONG_SELL_HALF_SIZE,11.26,1,27.75,HIGH,0,0,0,0,0,0,,,,
13:19:55,23656.6,23758.95,23677.5,NARROW,23758.95,23637.75,0.156,RANGE,STRONG_SELL_PREMIUM,UNCLEAR,PREMIUM_SELL_RANGE,RANGE_UNCLEAR_POS_STRONG_SELL_HALF_SIZE,11.26,1,27.71,HIGH,0,0,0,0,0,0,,,,
13:20:41,23655.9,23758.95,23677.5,NARROW,23758.95,23637.75,0.150,RANGE,STRONG_SELL_PREMIUM,UNCLEAR,PREMIUM_SELL_RANGE,RANGE_UNCLEAR_POS_STRONG_SELL_HALF_SIZE,10.3,1,27.67,HIGH,0,0,0,0,0,0,,,,
13:21:26,23654.3,23758.95,23677.5,NARROW,23758.95,23637.75,0.137,RANGE,STRONG_SELL_PREMIUM,UNCLEAR,PREMIUM_SELL_RANGE,RANGE_UNCLEAR_POS_STRONG_SELL_HALF_SIZE,10.3,1,27.63,HIGH,0,0,0,0,0,0,,,,
13:22:11,23655.75,23758.95,23677.5,NARROW,23758.95,23637.75,0.149,RANGE,STRONG_SELL_PREMIUM,UNCLEAR,PREMIUM_SELL_RANGE,RANGE_UNCLEAR_POS_STRONG_SELL_HALF_SIZE,10.27,1,27.58,HIGH,0,0,0,0,0,0,,,,
13:22:56,23652.6,23758.95,23677.5,NARROW,23758.95,23637.75,0.123,RANGE,STRONG_SELL_PREMIUM,UNCLEAR,PREMIUM_SELL_RANGE,RANGE_UNCLEAR_POS_STRONG_SELL_HALF_SIZE,10.27,1,27.54,HIGH,0,0,0,1,0,0,,,,
13:23:41,23652.05,23758.95,23677.5,NARROW,23758.95,23637.75,0.118,RANGE,STRONG_SELL_PREMIUM,UNCLEAR,PREMIUM_SELL_RANGE,RANGE_UNCLEAR_POS_STRONG_SELL_HALF_SIZE,10.2,1,27.5,HIGH,0,0,0,1,0,0,,,,
13:24:27,23651.6,23758.95,23677.5,NARROW,23758.95,23637.75,0.114,RANGE,STRONG_SELL_PREMIUM,UNCLEAR,PREMIUM_SELL_BULL,AFTERNOON_DAY_LOW_FADE_DTE0,10.33,1,27.46,HIGH,0,0,0,1,0,0,,,,
13:25:12,23652.45,23758.95,23677.5,NARROW,23758.95,23637.75,0.121,RANGE,STRONG_SELL_PREMIUM,UNCLEAR,PREMIUM_SELL_BULL,AFTERNOON_DAY_LOW_FADE_DTE0,10.02,1,27.42,HIGH,0,0,0,1,0,0,,,,
13:25:57,23650.3,23758.95,23677.5,NARROW,23758.95,23637.75,0.104,RANGE,STRONG_SELL_PREMIUM,UNCLEAR,PREMIUM_SELL_BULL,AFTERNOON_DAY_LOW_FADE_DTE0,10.02,1,27.38,HIGH,0,0,0,1,0,0,,,,
13:26:42,23649.4,23758.95,23677.5,NARROW,23758.95,23637.75,0.096,RANGE,STRONG_SELL_PREMIUM,BEARISH,PREMIUM_SELL_BULL,AFTERNOON_DAY_LOW_FADE_DTE0,10.15,1,27.34,HIGH,0,0,0,1,0,0,,,,
13:27:27,23646.0,23758.95,23677.5,NARROW,23758.95,23637.75,0.068,RANGE,STRONG_SELL_PREMIUM,BEARISH,PREMIUM_SELL_BULL,AFTERNOON_DAY_LOW_FADE_DTE0,10.76,1,27.29,HIGH,0,0,0,1,0,0,,,,
13:28:13,23650.45,23758.95,23677.5,NARROW,23758.95,23637.75,0.105,RANGE,STRONG_SELL_PREMIUM,UNCLEAR,PREMIUM_SELL_BULL,AFTERNOON_DAY_LOW_FADE_DTE0,10.76,1,27.25,HIGH,0,0,0,1,0,0,,,,
13:28:58,23649.75,23758.95,23677.5,NARROW,23758.95,23637.75,0.099,RANGE,STRONG_SELL_PREMIUM,BEARISH,PREMIUM_SELL_BULL,AFTERNOON_DAY_LOW_FADE_DTE0,10.76,1,27.21,HIGH,0,0,0,1,0,0,,,,
13:29:43,23649.95,23758.95,23677.5,NARROW,23758.95,23637.75,0.101,RANGE,STRONG_SELL_PREMIUM,BEARISH,PREMIUM_SELL_BULL,AFTERNOON_DAY_LOW_FADE_DTE0,10.76,1,27.17,HIGH,0,0,0,1,0,0,,,,
13:30:28,23651.3,23758.95,23677.5,NARROW,23758.95,23637.75,0.112,RANGE,STRONG_SELL_PREMIUM,UNCLEAR,PREMIUM_SELL_BULL,AFTERNOON_DAY_LOW_FADE_DTE0,11.14,1,27.13,HIGH,0,0,0,1,0,0,,,,
13:31:13,23649.6,23758.95,23677.5,NARROW,23758.95,23637.75,0.098,RANGE,STRONG_SELL_PREMIUM,BEARISH,PREMIUM_SELL_BULL,AFTERNOON_DAY_LOW_FADE_DTE0,11.14,1,27.09,HIGH,0,0,0,1,0,0,,,,
13:31:59,23648.9,23758.95,23677.5,NARROW,23758.95,23637.75,0.092,RANGE,STRONG_SELL_PREMIUM,BEARISH,PREMIUM_SELL_BULL,AFTERNOON_DAY_LOW_FADE_DTE0,11.14,1,27.05,HIGH,0,0,0,1,0,0,,,,
13:32:44,23645.0,23758.95,23677.5,NARROW,23758.95,23637.75,0.060,RANGE,STRONG_SELL_PREMIUM,BEARISH,PREMIUM_SELL_BULL,AFTERNOON_DAY_LOW_FADE_DTE0,11.71,1,27.01,HIGH,0,0,0,1,0,0,,,,
13:33:29,23640.25,23758.95,23677.5,NARROW,23758.95,23637.75,0.021,RANGE,STRONG_SELL_PREMIUM,BEARISH,PREMIUM_SELL_BULL,AFTERNOON_DAY_LOW_FADE_DTE0,12.46,1,26.97,HIGH,0,0,0,1,0,0,,,,
13:34:14,23644.1,23758.95,23677.5,NARROW,23758.95,23637.75,0.052,RANGE,STRONG_SELL_PREMIUM,BEARISH,PREMIUM_SELL_BULL,AFTERNOON_DAY_LOW_FADE_DTE0,12.46,1,26.94,HIGH,0,0,0,1,0,0,,,,
13:35:00,23642.05,23758.95,23677.5,NARROW,23758.95,23637.75,0.035,RANGE,STRONG_SELL_PREMIUM,BEARISH,PREMIUM_SELL_BULL,AFTERNOON_DAY_LOW_FADE_DTE0,13.27,1,26.9,HIGH,0,0,0,1,0,0,,,,
13:35:45,23650.9,23758.95,23677.5,NARROW,23758.95,23637.75,0.108,RANGE,STRONG_SELL_PREMIUM,UNCLEAR,PREMIUM_SELL_BULL,AFTERNOON_DAY_LOW_FADE_DTE0,13.27,1,26.86,HIGH,0,0,0,1,0,0,,,,
13:36:30,23648.8,23758.95,23677.5,NARROW,23758.95,23637.75,0.091,RANGE,STRONG_SELL_PREMIUM,BEARISH,PREMIUM_SELL_BULL,AFTERNOON_DAY_LOW_FADE_DTE0,13.27,1,26.82,HIGH,0,0,0,1,0,0,,,,
13:37:15,23650.55,23758.95,23677.5,NARROW,23758.95,23637.75,0.106,RANGE,STRONG_SELL_PREMIUM,UNCLEAR,PREMIUM_SELL_BULL,AFTERNOON_DAY_LOW_FADE_DTE0,13.2,1,26.78,HIGH,0,0,0,1,0,0,,,,
13:38:01,23650.75,23758.95,23677.5,NARROW,23758.95,23637.75,0.107,RANGE,STRONG_SELL_PREMIUM,UNCLEAR,PREMIUM_SELL_BULL,AFTERNOON_DAY_LOW_FADE_DTE0,13.2,1,26.74,HIGH,0,0,0,1,0,0,,,,
13:38:46,23647.25,23758.95,23677.5,NARROW,23758.95,23637.75,0.078,RANGE,STRONG_SELL_PREMIUM,BEARISH,PREMIUM_SELL_BULL,AFTERNOON_DAY_LOW_FADE_DTE0,13.2,1,26.7,HIGH,0,0,0,1,0,0,,,,
13:39:31,23641.25,23758.95,23677.5,NARROW,23758.95,23637.75,0.029,RANGE,STRONG_SELL_PREMIUM,BEARISH,PREMIUM_SELL_BULL,AFTERNOON_DAY_LOW_FADE_DTE0,13.2,1,26.67,HIGH,0,0,0,1,0,0,,,,
13:40:17,23646.85,23758.95,23677.5,NARROW,23758.95,23637.75,0.075,RANGE,STRONG_SELL_PREMIUM,BEARISH,PREMIUM_SELL_BULL,AFTERNOON_DAY_LOW_FADE_DTE0,13.88,1,26.63,HIGH,0,0,0,1,0,0,,,,
13:41:02,23645.25,23758.95,23677.5,NARROW,23758.95,23637.75,0.062,RANGE,STRONG_SELL_PREMIUM,BEARISH,PREMIUM_SELL_BULL,AFTERNOON_DAY_LOW_FADE_DTE0,14.25,1,26.59,HIGH,0,0,0,1,0,0,,,,
13:41:47,23642.5,23758.95,23677.5,NARROW,23758.95,23637.75,0.039,RANGE,STRONG_SELL_PREMIUM,BEARISH,PREMIUM_SELL_BULL,AFTERNOON_DAY_LOW_FADE_DTE0,14.25,1,26.55,HIGH,0,0,0,1,0,0,,,,
13:42:32,23642.3,23758.95,23677.5,NARROW,23758.95,23637.75,0.038,RANGE,STRONG_SELL_PREMIUM,BEARISH,PREMIUM_SELL_BULL,AFTERNOON_DAY_LOW_FADE_DTE0,14.25,1,26.51,HIGH,0,0,0,1,0,0,,,,
13:43:17,23645.6,23758.95,23677.5,NARROW,23758.95,23637.75,0.065,RANGE,STRONG_SELL_PREMIUM,BEARISH,PREMIUM_SELL_BULL,AFTERNOON_DAY_LOW_FADE_DTE0,14.25,1,26.48,HIGH,0,0,0,1,0,0,,,,
13:44:03,23644.6,23758.95,23677.5,NARROW,23758.95,23637.75,0.057,RANGE,STRONG_SELL_PREMIUM,BEARISH,PREMIUM_SELL_BULL,AFTERNOON_DAY_LOW_FADE_DTE0,14.46,1,26.44,HIGH,0,0,0,1,0,0,,,,
13:44:48,23640.6,23758.95,23677.5,NARROW,23758.95,23637.75,0.024,RANGE,STRONG_SELL_PREMIUM,BEARISH,PREMIUM_SELL_BULL,AFTERNOON_DAY_LOW_FADE_DTE0,14.46,1,26.4,HIGH,0,0,0,1,0,0,,,,
13:45:33,23638.55,23758.95,23677.5,NARROW,23758.95,23635.95,0.021,RANGE,STRONG_SELL_PREMIUM,BEARISH,PREMIUM_SELL_BULL,AFTERNOON_DAY_LOW_FADE_DTE0,15.99,1,26.76,HIGH,0,0,0,1,0,0,,,,
13:46:18,23641.1,23758.95,23677.5,NARROW,23758.95,23635.95,0.042,RANGE,STRONG_SELL_PREMIUM,BEARISH,PREMIUM_SELL_BULL,AFTERNOON_DAY_LOW_FADE_DTE0,15.99,1,26.72,HIGH,0,0,0,1,0,0,NO_TRADE,,past_entry_window_13:00:00,
13:47:04,23643.2,23758.95,23677.5,NARROW,23758.95,23635.95,0.059,RANGE,STRONG_SELL_PREMIUM,BEARISH,PREMIUM_SELL_BULL,AFTERNOON_DAY_LOW_FADE_DTE0,15.99,1,26.68,HIGH,0,0,0,1,0,0,NO_TRADE,,past_entry_window_13:00:00,
13:47:22,23640.5,23758.95,23677.5,NARROW,23758.95,23635.95,0.037,RANGE,STRONG_SELL_PREMIUM,BEARISH,PREMIUM_SELL_BULL,AFTERNOON_DAY_LOW_FADE_DTE0,15.99,1,26.67,HIGH,0,0,0,1,0,0,NO_TRADE,,past_entry_window_13:00:00,
13:47:25,23642.2,23758.95,23677.5,NARROW,23758.95,23635.95,0.051,RANGE,STRONG_SELL_PREMIUM,BEARISH,PREMIUM_SELL_BULL,AFTERNOON_DAY_LOW_FADE_DTE0,15.99,1,26.67,HIGH,0,0,0,1,0,0,NO_TRADE,,past_entry_window_13:00:00,
13:47:49,23643.35,23758.95,23677.5,NARROW,23758.95,23635.95,0.060,RANGE,STRONG_SELL_PREMIUM,BEARISH,PREMIUM_SELL_BULL,AFTERNOON_DAY_LOW_FADE_DTE0,15.99,1,26.65,HIGH,0,0,0,1,0,0,NO_TRADE,,past_entry_window_13:00:00,
13:48:34,23644.7,23758.95,23677.5,NARROW,23758.95,23635.95,0.071,RANGE,STRONG_SELL_PREMIUM,BEARISH,PREMIUM_SELL_BULL,AFTERNOON_DAY_LOW_FADE_DTE0,15.99,1,26.61,HIGH,0,0,0,1,0,0,NO_TRADE,,past_entry_window_13:00:00,
13:48:54,23642.7,23758.95,23677.5,NARROW,23758.95,23635.95,0.055,RANGE,STRONG_SELL_PREMIUM,BEARISH,PREMIUM_SELL_BULL,AFTERNOON_DAY_LOW_FADE_DTE0,15.99,1,26.59,HIGH,0,0,0,1,0,0,NO_TRADE,,past_entry_window_13:00:00,
13:48:57,23642.45,23758.95,23677.5,NARROW,23758.95,23635.95,0.053,RANGE,STRONG_SELL_PREMIUM,BEARISH,PREMIUM_SELL_BULL,AFTERNOON_DAY_LOW_FADE_DTE0,15.99,1,26.59,HIGH,0,0,0,1,0,0,NO_TRADE,,past_entry_window_13:00:00,
13:49:19,23640.8,23758.95,23677.5,NARROW,23758.95,23635.95,0.039,RANGE,STRONG_SELL_PREMIUM,BEARISH,PREMIUM_SELL_BULL,AFTERNOON_DAY_LOW_FADE_DTE0,15.99,1,26.57,HIGH,0,0,0,1,0,0,NO_TRADE,,past_entry_window_13:00:00,
13:49:28,23640.6,23758.95,23677.5,NARROW,23758.95,23635.95,0.038,RANGE,STRONG_SELL_PREMIUM,BEARISH,PREMIUM_SELL_BULL,AFTERNOON_DAY_LOW_FADE_DTE0,15.99,1,26.57,HIGH,0,0,0,1,0,0,NO_TRADE,,past_entry_window_13:00:00,
13:49:43,23641.8,23758.95,23677.5,NARROW,23758.95,23635.95,0.048,RANGE,STRONG_SELL_PREMIUM,BEARISH,PREMIUM_SELL_BULL,AFTERNOON_DAY_LOW_FADE_DTE0,15.99,1,26.55,HIGH,0,0,0,1,0,0,NO_TRADE,,past_entry_window_13:00:00,
13:49:58,23640.25,23758.95,23677.5,NARROW,23758.95,23635.95,0.035,RANGE,STRONG_SELL_PREMIUM,BEARISH,PREMIUM_SELL_BULL,AFTERNOON_DAY_LOW_FADE_DTE0,15.99,1,26.54,HIGH,0,0,0,1,0,0,NO_TRADE,,past_entry_window_13:00:00,
13:50:13,23639.5,23758.95,23677.5,NARROW,23758.95,23635.95,0.029,RANGE,STRONG_SELL_PREMIUM,BEARISH,PREMIUM_SELL_BULL,AFTERNOON_DAY_LOW_FADE_DTE0,17.36,1,26.53,HIGH,0,0,0,1,0,0,NO_TRADE,,past_entry_window_13:00:00,
13:50:28,23639.15,23758.95,23677.5,NARROW,23758.95,23635.95,0.026,RANGE,STRONG_SELL_PREMIUM,BEARISH,PREMIUM_SELL_BULL,AFTERNOON_DAY_LOW_FADE_DTE0,17.36,1,26.52,HIGH,0,0,0,1,0,0,NO_TRADE,,past_entry_window_13:00:00,
13:50:43,23639.1,23758.95,23677.5,NARROW,23758.95,23635.95,0.026,RANGE,STRONG_SELL_PREMIUM,BEARISH,PREMIUM_SELL_BULL,AFTERNOON_DAY_LOW_FADE_DTE0,17.36,1,26.51,HIGH,0,0,0,1,0,0,NO_TRADE,,past_entry_window_13:00:00,
13:50:58,23637.0,23758.95,23677.5,NARROW,23758.95,23635.95,0.009,RANGE,STRONG_SELL_PREMIUM,BEARISH,PREMIUM_SELL_BULL,AFTERNOON_DAY_LOW_FADE_DTE0,17.36,1,26.49,HIGH,0,0,0,1,0,0,NO_TRADE,,past_entry_window_13:00:00,
13:51:13,23636.0,23758.95,23677.5,NARROW,23758.95,23623.1,0.095,RANGE,STRONG_SELL_PREMIUM,BEARISH,PREMIUM_SELL_BULL,AFTERNOON_DAY_LOW_FADE_DTE0,19.21,1,29.25,HIGH,0,0,0,1,0,0,NO_TRADE,,past_entry_window_13:00:00,
13:51:28,23629.2,23758.95,23677.5,NARROW,23758.95,23623.1,0.045,RANGE,STRONG_SELL_PREMIUM,BEARISH,PREMIUM_SELL_BULL,AFTERNOON_DAY_LOW_FADE_DTE0,19.21,1,29.24,HIGH,0,0,0,1,0,0,NO_TRADE,,past_entry_window_13:00:00,
13:51:43,23624.15,23758.95,23677.5,NARROW,23758.95,23623.1,0.008,RANGE,STRONG_SELL_PREMIUM,BEARISH,PREMIUM_SELL_BULL,AFTERNOON_DAY_LOW_FADE_DTE0,19.21,1,29.22,HIGH,0,0,0,1,0,0,NO_TRADE,,past_entry_window_13:00:00,
13:51:58,23623.25,23758.95,23677.5,NARROW,23758.95,23623.1,0.001,RANGE,STRONG_SELL_PREMIUM,BEARISH,PREMIUM_SELL_BULL,AFTERNOON_DAY_LOW_FADE_DTE0,19.21,1,29.21,HIGH,0,0,0,1,0,0,NO_TRADE,,past_entry_window_13:00:00,
13:52:13,23626.85,23758.95,23677.5,NARROW,23758.95,23623.1,0.028,RANGE,STRONG_SELL_PREMIUM,BEARISH,PREMIUM_SELL_BULL,AFTERNOON_DAY_LOW_FADE_DTE0,19.21,1,29.2,HIGH,0,0,0,1,0,0,NO_TRADE,,past_entry_window_13:00:00,
13:52:28,23626.5,23758.95,23677.5,NARROW,23758.95,23623.1,0.025,RANGE,STRONG_SELL_PREMIUM,BEARISH,PREMIUM_SELL_BULL,AFTERNOON_DAY_LOW_FADE_DTE0,19.21,1,29.18,HIGH,0,0,0,1,0,0,NO_TRADE,,past_entry_window_13:00:00,
13:52:44,23627.55,23758.95,23677.5,NARROW,23758.95,23623.1,0.033,RANGE,STRONG_SELL_PREMIUM,BEARISH,PREMIUM_SELL_BULL,AFTERNOON_DAY_LOW_FADE_DTE0,19.21,1,29.17,HIGH,0,0,0,1,0,0,NO_TRADE,,past_entry_window_13:00:00,
13:52:58,23627.8,23758.95,23677.5,NARROW,23758.95,23623.1,0.035,RANGE,STRONG_SELL_PREMIUM,BEARISH,PREMIUM_SELL_BULL,AFTERNOON_DAY_LOW_FADE_DTE0,19.21,1,29.16,HIGH,0,0,0,1,0,0,NO_TRADE,,past_entry_window_13:00:00,
13:53:13,23629.4,23758.95,23677.5,NARROW,23758.95,23623.1,0.046,RANGE,STRONG_SELL_PREMIUM,BEARISH,PREMIUM_SELL_BULL,AFTERNOON_DAY_LOW_FADE_DTE0,19.21,1,29.14,HIGH,0,0,0,1,0,0,NO_TRADE,,past_entry_window_13:00:00,
13:53:29,23628.85,23758.95,23677.5,NARROW,23758.95,23623.1,0.042,RANGE,STRONG_SELL_PREMIUM,BEARISH,PREMIUM_SELL_BULL,AFTERNOON_DAY_LOW_FADE_DTE0,19.21,1,29.13,HIGH,0,0,0,1,0,0,NO_TRADE,,past_entry_window_13:00:00,
13:53:44,23632.85,23758.95,23677.5,NARROW,23758.95,23623.1,0.072,RANGE,STRONG_SELL_PREMIUM,BEARISH,PREMIUM_SELL_BULL,AFTERNOON_DAY_LOW_FADE_DTE0,19.21,1,29.12,HIGH,0,0,0,1,0,0,NO_TRADE,,past_entry_window_13:00:00,
13:53:59,23632.4,23758.95,23677.5,NARROW,23758.95,23623.1,0.068,RANGE,STRONG_SELL_PREMIUM,BEARISH,PREMIUM_SELL_BULL,AFTERNOON_DAY_LOW_FADE_DTE0,19.21,1,29.1,HIGH,0,0,0,1,0,0,NO_TRADE,,past_entry_window_13:00:00,
13:54:14,23633.0,23758.95,23677.5,NARROW,23758.95,23623.1,0.073,RANGE,STRONG_SELL_PREMIUM,BEARISH,PREMIUM_SELL_BULL,AFTERNOON_DAY_LOW_FADE_DTE0,19.21,1,29.09,HIGH,0,0,0,1,0,0,NO_TRADE,,past_entry_window_13:00:00,
13:54:29,23631.55,23758.95,23677.5,NARROW,23758.95,23623.1,0.062,RANGE,STRONG_SELL_PREMIUM,BEARISH,PREMIUM_SELL_BULL,AFTERNOON_DAY_LOW_FADE_DTE0,19.21,1,29.08,HIGH,0,0,0,1,0,0,NO_TRADE,,past_entry_window_13:00:00,
13:54:44,23630.85,23758.95,23677.5,NARROW,23758.95,23623.1,0.057,RANGE,STRONG_SELL_PREMIUM,BEARISH,PREMIUM_SELL_BULL,AFTERNOON_DAY_LOW_FADE_DTE0,19.21,1,29.06,HIGH,0,0,0,1,0,0,NO_TRADE,,past_entry_window_13:00:00,
13:54:59,23632.05,23758.95,23677.5,NARROW,23758.95,23623.1,0.066,RANGE,STRONG_SELL_PREMIUM,BEARISH,PREMIUM_SELL_BULL,AFTERNOON_DAY_LOW_FADE_DTE0,19.21,1,29.05,HIGH,0,0,0,1,0,0,NO_TRADE,,past_entry_window_13:00:00,
13:55:14,23632.95,23758.95,23677.5,NARROW,23758.95,23623.1,0.073,DOWNTREND,STRONG_SELL_PREMIUM,BEARISH,PREMIUM_SELL_BULL,AFTERNOON_DAY_LOW_FADE_DTE0,22.12,1,29.04,HIGH,0,0,0,1,0,0,NO_TRADE,,past_entry_window_13:00:00,
13:55:29,23632.9,23758.95,23677.5,NARROW,23758.95,23623.1,0.072,DOWNTREND,STRONG_SELL_PREMIUM,BEARISH,PREMIUM_SELL_BULL,AFTERNOON_DAY_LOW_FADE_DTE0,22.12,1,29.03,HIGH,0,0,0,1,0,0,NO_TRADE,,past_entry_window_13:00:00,
13:55:44,23633.85,23758.95,23677.5,NARROW,23758.95,23623.1,0.079,DOWNTREND,STRONG_SELL_PREMIUM,BEARISH,PREMIUM_SELL_BULL,AFTERNOON_DAY_LOW_FADE_DTE0,22.12,1,29.01,HIGH,0,0,0,1,0,0,NO_TRADE,,past_entry_window_13:00:00,
13:55:59,23632.15,23758.95,23677.5,NARROW,23758.95,23623.1,0.067,DOWNTREND,STRONG_SELL_PREMIUM,BEARISH,PREMIUM_SELL_BULL,AFTERNOON_DAY_LOW_FADE_DTE0,22.12,1,29.0,HIGH,0,0,0,1,0,0,NO_TRADE,,past_entry_window_13:00:00,
13:56:14,23633.75,23758.95,23677.5,NARROW,23758.95,23623.1,0.078,DOWNTREND,STRONG_SELL_PREMIUM,BEARISH,PREMIUM_SELL_BULL,AFTERNOON_DAY_LOW_FADE_DTE0,22.12,1,28.99,HIGH,0,0,0,1,0,0,NO_TRADE,,past_entry_window_13:00:00,
13:56:29,23634.3,23758.95,23677.5,NARROW,23758.95,23623.1,0.082,DOWNTREND,STRONG_SELL_PREMIUM,BEARISH,PREMIUM_SELL_BULL,AFTERNOON_DAY_LOW_FADE_DTE0,22.12,1,28.97,HIGH,0,0,0,1,0,0,NO_TRADE,,past_entry_window_13:00:00,
13:56:44,23635.45,23758.95,23677.5,NARROW,23758.95,23623.1,0.091,DOWNTREND,STRONG_SELL_PREMIUM,BEARISH,PREMIUM_SELL_BULL,AFTERNOON_DAY_LOW_FADE_DTE0,22.12,1,28.96,HIGH,0,0,0,1,0,0,NO_TRADE,,past_entry_window_13:00:00,
13:56:59,23635.15,23758.95,23677.5,NARROW,23758.95,23623.1,0.089,DOWNTREND,STRONG_SELL_PREMIUM,BEARISH,PREMIUM_SELL_BULL,AFTERNOON_DAY_LOW_FADE_DTE0,22.12,1,28.95,HIGH,0,0,0,1,0,0,NO_TRADE,,past_entry_window_13:00:00,
13:57:14,23633.85,23758.95,23677.5,NARROW,23758.95,23623.1,0.079,DOWNTREND,STRONG_SELL_PREMIUM,BEARISH,PREMIUM_SELL_BULL,AFTERNOON_DAY_LOW_FADE_DTE0,22.12,1,28.94,HIGH,0,0,0,1,0,0,NO_TRADE,,past_entry_window_13:00:00,
13:57:29,23634.0,23758.95,23677.5,NARROW,23758.95,23623.1,0.080,DOWNTREND,STRONG_SELL_PREMIUM,BEARISH,PREMIUM_SELL_BULL,AFTERNOON_DAY_LOW_FADE_DTE0,22.12,1,28.92,HIGH,0,0,0,1,0,0,NO_TRADE,,past_entry_window_13:00:00,
13:57:44,23634.5,23758.95,23677.5,NARROW,23758.95,23623.1,0.084,DOWNTREND,STRONG_SELL_PREMIUM,BEARISH,PREMIUM_SELL_BULL,AFTERNOON_DAY_LOW_FADE_DTE0,22.12,1,28.91,HIGH,0,0,0,1,0,0,NO_TRADE,,past_entry_window_13:00:00,
13:57:59,23637.25,23758.95,23677.5,NARROW,23758.95,23623.1,0.104,DOWNTREND,STRONG_SELL_PREMIUM,BEARISH,PREMIUM_SELL_BULL,AFTERNOON_DAY_LOW_FADE_DTE0,22.12,1,28.9,HIGH,0,0,0,1,0,0,NO_TRADE,,past_entry_window_13:00:00,
13:58:14,23635.65,23758.95,23677.5,NARROW,23758.95,23623.1,0.092,DOWNTREND,STRONG_SELL_PREMIUM,BEARISH,PREMIUM_SELL_BULL,AFTERNOON_DAY_LOW_FADE_DTE0,22.12,1,28.88,HIGH,0,0,0,1,0,0,NO_TRADE,,past_entry_window_13:00:00,
13:58:29,23635.6,23758.95,23677.5,NARROW,23758.95,23623.1,0.092,DOWNTREND,STRONG_SELL_PREMIUM,BEARISH,PREMIUM_SELL_BULL,AFTERNOON_DAY_LOW_FADE_DTE0,22.12,1,28.87,HIGH,0,0,0,1,0,0,NO_TRADE,,past_entry_window_13:00:00,
13:58:44,23634.9,23758.95,23677.5,NARROW,23758.95,23623.1,0.087,DOWNTREND,STRONG_SELL_PREMIUM,BEARISH,PREMIUM_SELL_BULL,AFTERNOON_DAY_LOW_FADE_DTE0,22.12,1,28.86,HIGH,0,0,0,1,0,0,NO_TRADE,,past_entry_window_13:00:00,
13:58:59,23635.05,23758.95,23677.5,NARROW,23758.95,23623.1,0.088,DOWNTREND,STRONG_SELL_PREMIUM,BEARISH,PREMIUM_SELL_BULL,AFTERNOON_DAY_LOW_FADE_DTE0,22.12,1,28.85,HIGH,0,0,0,1,0,0,NO_TRADE,,past_entry_window_13:00:00,
13:59:14,23634.95,23758.95,23677.5,NARROW,23758.95,23623.1,0.087,DOWNTREND,STRONG_SELL_PREMIUM,BEARISH,PREMIUM_SELL_BULL,AFTERNOON_DAY_LOW_FADE_DTE0,22.12,1,28.83,HIGH,0,0,0,1,0,0,NO_TRADE,,past_entry_window_13:00:00,
13:59:29,23633.05,23758.95,23677.5,NARROW,23758.95,23623.1,0.073,DOWNTREND,STRONG_SELL_PREMIUM,BEARISH,PREMIUM_SELL_BULL,AFTERNOON_DAY_LOW_FADE_DTE0,22.12,1,28.82,HIGH,0,0,0,1,0,0,NO_TRADE,,past_entry_window_13:00:00,
13:59:44,23635.05,23758.95,23677.5,NARROW,23758.95,23623.1,0.088,DOWNTREND,STRONG_SELL_PREMIUM,BEARISH,PREMIUM_SELL_BULL,AFTERNOON_DAY_LOW_FADE_DTE0,22.12,1,28.81,HIGH,0,0,0,1,0,0,NO_TRADE,,past_entry_window_13:00:00,
13:59:59,23634.55,23758.95,23677.5,NARROW,23758.95,23623.1,0.084,DOWNTREND,STRONG_SELL_PREMIUM,BEARISH,PREMIUM_SELL_BULL,AFTERNOON_DAY_LOW_FADE_DTE0,22.12,1,28.8,HIGH,0,0,0,1,0,0,NO_TRADE,,past_entry_window_13:00:00,
14:00:14,23634.75,23758.95,23677.5,NARROW,23758.95,23623.1,0.086,DOWNTREND,STRONG_SELL_PREMIUM,BEARISH,PREMIUM_SELL_BULL,AFTERNOON_DAY_LOW_FADE_DTE0,24.12,1,28.78,HIGH,0,0,0,0,0,0,NO_TRADE,,past_entry_window_13:00:00,
14:00:29,23636.3,23758.95,23677.5,NARROW,23758.95,23623.1,0.097,DOWNTREND,STRONG_SELL_PREMIUM,BEARISH,PREMIUM_SELL_BULL,AFTERNOON_DAY_LOW_FADE_DTE0,24.12,1,28.77,HIGH,0,0,0,0,0,0,NO_TRADE,,past_entry_window_13:00:00,
14:00:44,23638.05,23758.95,23677.5,NARROW,23758.95,23623.1,0.110,DOWNTREND,STRONG_SELL_PREMIUM,BEARISH,PREMIUM_SELL_BEAR,DOWNTREND_ADX_24_BEARISH,24.12,1,28.76,HIGH,0,0,0,0,0,0,NO_TRADE,,past_entry_window_13:00:00,
14:00:59,23636.1,23758.95,23677.5,NARROW,23758.95,23623.1,0.096,DOWNTREND,STRONG_SELL_PREMIUM,BEARISH,PREMIUM_SELL_BEAR,DOWNTREND_ADX_24_BEARISH,24.12,1,28.74,HIGH,0,0,0,0,0,0,NO_TRADE,,past_entry_window_13:00:00,
14:01:14,23637.8,23758.95,23677.5,NARROW,23758.95,23623.1,0.108,DOWNTREND,STRONG_SELL_PREMIUM,BEARISH,PREMIUM_SELL_BEAR,DOWNTREND_ADX_24_BEARISH,24.07,1,28.73,HIGH,0,0,0,0,0,0,NO_TRADE,,past_entry_window_13:00:00,
14:01:29,23637.1,23758.95,23677.5,NARROW,23758.95,23623.1,0.103,DOWNTREND,STRONG_SELL_PREMIUM,BEARISH,PREMIUM_SELL_BEAR,DOWNTREND_ADX_24_BEARISH,24.07,1,28.72,HIGH,0,0,0,0,0,0,NO_TRADE,,past_entry_window_13:00:00,
14:01:44,23638.6,23758.95,23677.5,NARROW,23758.95,23623.1,0.114,DOWNTREND,STRONG_SELL_PREMIUM,BEARISH,PREMIUM_SELL_BEAR,DOWNTREND_ADX_24_BEARISH,24.07,1,28.71,HIGH,0,0,0,0,0,0,NO_TRADE,,past_entry_window_13:00:00,
14:01:59,23638.85,23758.95,23677.5,NARROW,23758.95,23623.1,0.116,DOWNTREND,STRONG_SELL_PREMIUM,BEARISH,PREMIUM_SELL_BEAR,DOWNTREND_ADX_24_BEARISH,24.07,1,28.69,HIGH,0,0,0,0,0,0,NO_TRADE,,past_entry_window_13:00:00,
14:02:14,23639.6,23758.95,23677.5,NARROW,23758.95,23623.1,0.121,DOWNTREND,STRONG_SELL_PREMIUM,BEARISH,PREMIUM_SELL_BEAR,DOWNTREND_ADX_24_BEARISH,23.9,1,28.68,HIGH,0,0,0,0,0,0,NO_TRADE,,past_entry_window_13:00:00,
14:02:29,23636.05,23758.95,23677.5,NARROW,23758.95,23623.1,0.095,DOWNTREND,STRONG_SELL_PREMIUM,BEARISH,PREMIUM_SELL_BEAR,DOWNTREND_ADX_24_BEARISH,23.9,1,28.67,HIGH,0,0,0,0,0,0,NO_TRADE,,past_entry_window_13:00:00,
14:02:44,23637.3,23758.95,23677.5,NARROW,23758.95,23623.1,0.105,DOWNTREND,STRONG_SELL_PREMIUM,BEARISH,PREMIUM_SELL_BEAR,DOWNTREND_ADX_24_BEARISH,23.9,1,28.66,HIGH,0,0,0,0,0,0,NO_TRADE,,past_entry_window_13:00:00,
14:02:59,23634.55,23758.95,23677.5,NARROW,23758.95,23623.1,0.084,DOWNTREND,STRONG_SELL_PREMIUM,BEARISH,PREMIUM_SELL_BEAR,DOWNTREND_ADX_24_BEARISH,23.9,1,28.64,HIGH,0,0,0,0,0,0,NO_TRADE,,past_entry_window_13:00:00,
14:03:14,23637.05,23758.95,23677.5,NARROW,23758.95,23623.1,0.103,DOWNTREND,STRONG_SELL_PREMIUM,BEARISH,PREMIUM_SELL_BEAR,DOWNTREND_ADX_22_BEARISH,22.41,1,28.63,HIGH,0,0,0,0,0,0,NO_TRADE,,past_entry_window_13:00:00,
14:03:29,23640.45,23758.95,23677.5,NARROW,23758.95,23623.1,0.128,DOWNTREND,STRONG_SELL_PREMIUM,BEARISH,PREMIUM_SELL_BEAR,DOWNTREND_ADX_22_BEARISH,22.41,1,28.62,HIGH,0,0,0,0,0,0,NO_TRADE,,past_entry_window_13:00:00,
14:03:44,23642.7,23758.95,23677.5,NARROW,23758.95,23623.1,0.144,DOWNTREND,STRONG_SELL_PREMIUM,BEARISH,PREMIUM_SELL_BEAR,DOWNTREND_ADX_22_BEARISH,22.41,1,28.61,HIGH,0,0,0,0,0,0,NO_TRADE,,past_entry_window_13:00:00,
14:03:59,23643.4,23758.95,23677.5,NARROW,23758.95,23623.1,0.149,DOWNTREND,STRONG_SELL_PREMIUM,BEARISH,PREMIUM_SELL_BEAR,DOWNTREND_ADX_22_BEARISH,22.41,1,28.6,HIGH,0,0,0,0,0,0,NO_TRADE,,past_entry_window_13:00:00,
14:04:14,23645.5,23758.95,23677.5,NARROW,23758.95,23623.1,0.165,DOWNTREND,STRONG_SELL_PREMIUM,BEARISH,PREMIUM_SELL_BEAR,DOWNTREND_ADX_22_BEARISH,22.03,1,28.58,HIGH,0,0,0,0,0,0,NO_TRADE,,past_entry_window_13:00:00,
14:04:29,23642.4,23758.95,23677.5,NARROW,23758.95,23623.1,0.142,DOWNTREND,STRONG_SELL_PREMIUM,BEARISH,PREMIUM_SELL_BEAR,DOWNTREND_ADX_22_BEARISH,22.03,1,28.57,HIGH,0,0,0,0,0,0,NO_TRADE,,past_entry_window_13:00:00,
14:04:45,23643.45,23758.95,23677.5,NARROW,23758.95,23623.1,0.150,DOWNTREND,STRONG_SELL_PREMIUM,BEARISH,PREMIUM_SELL_BEAR,DOWNTREND_ADX_22_BEARISH,22.03,1,28.56,HIGH,0,0,0,0,0,0,NO_TRADE,,past_entry_window_13:00:00,
14:05:00,23645.2,23758.95,23677.5,NARROW,23758.95,23623.1,0.163,RANGE,STRONG_SELL_PREMIUM,BEARISH,PREMIUM_SELL_BEAR,RANGE_BEARISH_SPOT_BELOW_OR_MID,19.93,1,28.55,HIGH,0,0,0,0,0,0,NO_TRADE,,past_entry_window_13:00:00,
14:05:15,23649.25,23758.95,23677.5,NARROW,23758.95,23623.1,0.192,RANGE,STRONG_SELL_PREMIUM,BEARISH,PREMIUM_SELL_BEAR,RANGE_BEARISH_SPOT_BELOW_OR_MID,19.93,1,28.53,HIGH,0,0,0,0,0,0,NO_TRADE,,past_entry_window_13:00:00,
14:05:30,23649.5,23758.95,23677.5,NARROW,23758.95,23623.1,0.194,RANGE,STRONG_SELL_PREMIUM,BEARISH,PREMIUM_SELL_BEAR,RANGE_BEARISH_SPOT_BELOW_OR_MID,19.93,1,28.52,HIGH,0,0,0,0,0,0,NO_TRADE,,past_entry_window_13:00:00,
14:05:45,23652.65,23758.95,23677.5,NARROW,23758.95,23623.1,0.218,RANGE,STRONG_SELL_PREMIUM,BEARISH,PREMIUM_SELL_BEAR,RANGE_BEARISH_SPOT_BELOW_OR_MID,19.93,1,28.51,HIGH,0,0,0,0,0,0,NO_TRADE,,past_entry_window_13:00:00,
14:06:00,23654.45,23758.95,23677.5,NARROW,23758.95,23623.1,0.231,DOWNTREND,STRONG_SELL_PREMIUM,UNCLEAR,PREMIUM_SELL_BEAR,DOWNTREND_ADX_20_UNCLEAR,20.0,1,28.5,HIGH,0,0,0,0,0,0,NO_TRADE,,past_entry_window_13:00:00,
14:06:15,23655.65,23758.95,23677.5,NARROW,23758.95,23623.1,0.240,DOWNTREND,STRONG_SELL_PREMIUM,UNCLEAR,PREMIUM_SELL_BEAR,DOWNTREND_ADX_20_UNCLEAR,20.0,1,28.48,HIGH,0,0,0,0,0,0,NO_TRADE,,past_entry_window_13:00:00,
14:06:30,23650.05,23758.95,23677.5,NARROW,23758.95,23623.1,0.198,DOWNTREND,STRONG_SELL_PREMIUM,UNCLEAR,PREMIUM_SELL_BEAR,DOWNTREND_ADX_20_UNCLEAR,20.0,1,28.47,HIGH,0,0,0,0,0,0,NO_TRADE,,past_entry_window_13:00:00,
14:06:45,23650.75,23758.95,23677.5,NARROW,23758.95,23623.1,0.204,DOWNTREND,STRONG_SELL_PREMIUM,UNCLEAR,PREMIUM_SELL_BEAR,DOWNTREND_ADX_20_UNCLEAR,20.0,1,28.46,HIGH,0,0,0,0,0,0,NO_TRADE,,past_entry_window_13:00:00,
14:07:00,23649.8,23758.95,23677.5,NARROW,23758.95,23623.1,0.197,DOWNTREND,STRONG_SELL_PREMIUM,BEARISH,PREMIUM_SELL_BEAR,DOWNTREND_ADX_20_BEARISH,20.0,1,28.45,HIGH,0,0,0,0,0,0,NO_TRADE,,past_entry_window_13:00:00,
14:07:15,23650.9,23758.95,23677.5,NARROW,23758.95,23623.1,0.205,DOWNTREND,STRONG_SELL_PREMIUM,UNCLEAR,PREMIUM_SELL_BEAR,DOWNTREND_ADX_20_UNCLEAR,20.0,1,28.44,HIGH,0,0,0,0,0,0,NO_TRADE,,past_entry_window_13:00:00,
14:07:30,23648.2,23758.95,23677.5,NARROW,23758.95,23623.1,0.185,DOWNTREND,STRONG_SELL_PREMIUM,BEARISH,PREMIUM_SELL_BEAR,DOWNTREND_ADX_20_BEARISH,20.0,1,28.42,HIGH,0,0,0,0,0,0,NO_TRADE,,past_entry_window_13:00:00,
14:07:45,23645.6,23758.95,23677.5,NARROW,23758.95,23623.1,0.166,DOWNTREND,STRONG_SELL_PREMIUM,BEARISH,PREMIUM_SELL_BEAR,DOWNTREND_ADX_20_BEARISH,20.0,1,28.41,HIGH,0,0,0,0,0,0,NO_TRADE,,past_entry_window_13:00:00,
14:08:00,23645.4,23758.95,23677.5,NARROW,23758.95,23623.1,0.164,DOWNTREND,STRONG_SELL_PREMIUM,BEARISH,PREMIUM_SELL_BEAR,DOWNTREND_ADX_20_BEARISH,20.0,1,28.4,HIGH,0,0,0,0,0,0,NO_TRADE,,past_entry_window_13:00:00,
14:08:15,23644.65,23758.95,23677.5,NARROW,23758.95,23623.1,0.159,DOWNTREND,STRONG_SELL_PREMIUM,BEARISH,PREMIUM_SELL_BEAR,DOWNTREND_ADX_20_BEARISH,20.0,1,28.39,HIGH,0,0,0,0,0,0,NO_TRADE,,past_entry_window_13:00:00,
14:08:31,23647.2,23758.95,23677.5,NARROW,23758.95,23623.1,0.177,DOWNTREND,STRONG_SELL_PREMIUM,BEARISH,PREMIUM_SELL_BEAR,DOWNTREND_ADX_20_BEARISH,20.0,1,28.37,HIGH,0,0,0,0,0,0,NO_TRADE,,past_entry_window_13:00:00,
14:08:45,23645.4,23758.95,23677.5,NARROW,23758.95,23623.1,0.164,DOWNTREND,STRONG_SELL_PREMIUM,BEARISH,PREMIUM_SELL_BEAR,DOWNTREND_ADX_20_BEARISH,20.0,1,28.36,HIGH,0,0,0,0,0,0,NO_TRADE,,past_entry_window_13:00:00,
14:09:00,23646.65,23758.95,23677.5,NARROW,23758.95,23623.1,0.173,DOWNTREND,STRONG_SELL_PREMIUM,BEARISH,PREMIUM_SELL_BEAR,DOWNTREND_ADX_20_BEARISH,20.0,1,28.35,HIGH,0,0,0,0,0,0,NO_TRADE,,past_entry_window_13:00:00,
14:09:16,23647.85,23758.95,23677.5,NARROW,23758.95,23623.1,0.182,DOWNTREND,STRONG_SELL_PREMIUM,BEARISH,PREMIUM_SELL_BEAR,DOWNTREND_ADX_20_BEARISH,20.0,1,28.34,HIGH,0,0,0,0,0,0,NO_TRADE,,past_entry_window_13:00:00,
14:09:31,23647.7,23758.95,23677.5,NARROW,23758.95,23623.1,0.181,DOWNTREND,STRONG_SELL_PREMIUM,BEARISH,PREMIUM_SELL_BEAR,DOWNTREND_ADX_20_BEARISH,20.0,1,28.33,HIGH,0,0,0,0,0,0,NO_TRADE,,past_entry_window_13:00:00,
14:09:45,23651.4,23758.95,23677.5,NARROW,23758.95,23623.1,0.208,DOWNTREND,STRONG_SELL_PREMIUM,UNCLEAR,PREMIUM_SELL_BEAR,DOWNTREND_ADX_20_UNCLEAR,20.0,1,28.31,HIGH,0,0,0,0,0,0,NO_TRADE,,past_entry_window_13:00:00,
14:10:01,23650.25,23758.95,23677.5,NARROW,23758.95,23623.1,0.200,DOWNTREND,STRONG_SELL_PREMIUM,UNCLEAR,PREMIUM_SELL_BEAR,DOWNTREND_ADX_20_UNCLEAR,18.17,1,28.3,HIGH,0,0,0,0,0,0,NO_TRADE,,past_entry_window_13:00:00,
14:10:16,23648.6,23758.95,23677.5,NARROW,23758.95,23623.1,0.188,RANGE,STRONG_SELL_PREMIUM,BEARISH,PREMIUM_SELL_BEAR,RANGE_BEARISH_SPOT_BELOW_OR_MID,18.17,1,28.29,HIGH,0,0,0,0,0,0,NO_TRADE,,past_entry_window_13:00:00,
14:10:31,23647.05,23758.95,23677.5,NARROW,23758.95,23623.1,0.176,RANGE,STRONG_SELL_PREMIUM,BEARISH,PREMIUM_SELL_BEAR,RANGE_BEARISH_SPOT_BELOW_OR_MID,18.17,1,28.28,HIGH,0,0,0,0,0,0,NO_TRADE,,past_entry_window_13:00:00,
14:10:46,23647.7,23758.95,23677.5,NARROW,23758.95,23623.1,0.181,RANGE,STRONG_SELL_PREMIUM,BEARISH,PREMIUM_SELL_BEAR,RANGE_BEARISH_SPOT_BELOW_OR_MID,18.17,1,28.27,HIGH,0,0,0,0,0,0,NO_TRADE,,past_entry_window_13:00:00,
14:11:01,23649.4,23758.95,23677.5,NARROW,23758.95,23623.1,0.194,RANGE,STRONG_SELL_PREMIUM,BEARISH,PREMIUM_SELL_BEAR,RANGE_BEARISH_SPOT_BELOW_OR_MID,18.17,1,28.25,HIGH,0,0,0,0,0,0,NO_TRADE,,past_entry_window_13:00:00,
14:11:16,23650.15,23758.95,23677.5,NARROW,23758.95,23623.1,0.199,RANGE,STRONG_SELL_PREMIUM,BEARISH,PREMIUM_SELL_BEAR,RANGE_BEARISH_SPOT_BELOW_OR_MID,18.17,1,28.24,HIGH,0,0,0,0,0,0,NO_TRADE,,past_entry_window_13:00:00,
14:11:31,23651.95,23758.95,23677.5,NARROW,23758.95,23623.1,0.212,RANGE,STRONG_SELL_PREMIUM,BEARISH,PREMIUM_SELL_BEAR,RANGE_BEARISH_SPOT_BELOW_OR_MID,18.17,1,28.23,HIGH,0,0,0,0,0,0,NO_TRADE,,past_entry_window_13:00:00,
14:11:46,23650.45,23758.95,23677.5,NARROW,23758.95,23623.1,0.201,RANGE,STRONG_SELL_PREMIUM,UNCLEAR,PREMIUM_SELL_RANGE,RANGE_UNCLEAR_POS_STRONG_SELL_HALF_SIZE,18.17,1,28.22,HIGH,0,0,0,0,0,0,NO_TRADE,,past_entry_window_13:00:00,
14:12:01,23651.9,23758.95,23677.5,NARROW,23758.95,23623.1,0.212,RANGE,STRONG_SELL_PREMIUM,UNCLEAR,PREMIUM_SELL_RANGE,RANGE_UNCLEAR_POS_STRONG_SELL_HALF_SIZE,18.22,1,28.21,HIGH,0,0,0,0,0,0,NO_TRADE,,past_entry_window_13:00:00,
14:12:16,23653.2,23758.95,23677.5,NARROW,23758.95,23623.1,0.222,RANGE,STRONG_SELL_PREMIUM,UNCLEAR,PREMIUM_SELL_RANGE,RANGE_UNCLEAR_POS_STRONG_SELL_HALF_SIZE,18.22,1,28.19,HIGH,0,0,0,0,0,0,NO_TRADE,,past_entry_window_13:00:00,
14:12:31,23652.6,23758.95,23677.5,NARROW,23758.95,23623.1,0.217,RANGE,STRONG_SELL_PREMIUM,UNCLEAR,PREMIUM_SELL_RANGE,RANGE_UNCLEAR_POS_STRONG_SELL_HALF_SIZE,18.22,1,28.18,HIGH,0,0,0,0,0,0,NO_TRADE,,past_entry_window_13:00:00,
14:12:46,23653.95,23758.95,23677.5,NARROW,23758.95,23623.1,0.227,RANGE,STRONG_SELL_PREMIUM,UNCLEAR,PREMIUM_SELL_RANGE,RANGE_UNCLEAR_POS_STRONG_SELL_HALF_SIZE,18.22,1,28.17,HIGH,0,0,0,0,0,0,NO_TRADE,,past_entry_window_13:00:00,
14:13:01,23653.5,23758.95,23677.5,NARROW,23758.95,23623.1,0.224,RANGE,STRONG_SELL_PREMIUM,UNCLEAR,PREMIUM_SELL_RANGE,RANGE_UNCLEAR_POS_STRONG_SELL_HALF_SIZE,18.22,1,28.16,HIGH,0,0,0,0,0,0,NO_TRADE,,past_entry_window_13:00:00,
14:13:16,23655.25,23758.95,23677.5,NARROW,23758.95,23623.1,0.237,RANGE,STRONG_SELL_PREMIUM,UNCLEAR,PREMIUM_SELL_RANGE,RANGE_UNCLEAR_POS_STRONG_SELL_HALF_SIZE,18.22,1,28.15,HIGH,0,0,0,0,0,0,NO_TRADE,,past_entry_window_13:00:00,
14:13:32,23653.05,23758.95,23677.5,NARROW,23758.95,23623.1,0.220,RANGE,STRONG_SELL_PREMIUM,UNCLEAR,PREMIUM_SELL_RANGE,RANGE_UNCLEAR_POS_STRONG_SELL_HALF_SIZE,18.22,1,28.13,HIGH,0,0,0,0,0,0,NO_TRADE,,past_entry_window_13:00:00,
14:13:46,23654.85,23758.95,23677.5,NARROW,23758.95,23623.1,0.234,RANGE,STRONG_SELL_PREMIUM,UNCLEAR,PREMIUM_SELL_RANGE,RANGE_UNCLEAR_POS_STRONG_SELL_HALF_SIZE,18.22,1,28.12,HIGH,0,0,0,0,0,0,NO_TRADE,,past_entry_window_13:00:00,
14:14:01,23653.5,23758.95,23677.5,NARROW,23758.95,23623.1,0.224,RANGE,STRONG_SELL_PREMIUM,UNCLEAR,PREMIUM_SELL_RANGE,RANGE_UNCLEAR_POS_STRONG_SELL_HALF_SIZE,18.22,1,28.11,HIGH,0,0,0,0,0,0,NO_TRADE,,past_entry_window_13:00:00,
14:14:16,23655.95,23758.95,23677.5,NARROW,23758.95,23623.1,0.242,RANGE,STRONG_SELL_PREMIUM,UNCLEAR,PREMIUM_SELL_RANGE,RANGE_UNCLEAR_POS_STRONG_SELL_HALF_SIZE,18.22,1,28.1,HIGH,0,0,0,0,0,0,NO_TRADE,,past_entry_window_13:00:00,
14:14:31,23652.65,23758.95,23677.5,NARROW,23758.95,23623.1,0.218,RANGE,STRONG_SELL_PREMIUM,UNCLEAR,PREMIUM_SELL_RANGE,RANGE_UNCLEAR_POS_STRONG_SELL_HALF_SIZE,18.22,1,28.09,HIGH,0,0,0,0,0,0,NO_TRADE,,past_entry_window_13:00:00,
14:14:46,23649.95,23758.95,23677.5,NARROW,23758.95,23623.1,0.198,RANGE,STRONG_SELL_PREMIUM,UNCLEAR,PREMIUM_SELL_RANGE,RANGE_UNCLEAR_POS_STRONG_SELL_HALF_SIZE,18.22,1,28.08,HIGH,0,0,0,0,0,0,NO_TRADE,,past_entry_window_13:00:00,
14:15:01,23647.2,23758.95,23677.5,NARROW,23758.95,23623.1,0.177,RANGE,STRONG_SELL_PREMIUM,UNCLEAR,PREMIUM_SELL_RANGE,RANGE_UNCLEAR_POS_STRONG_SELL_HALF_SIZE,16.62,1,28.06,HIGH,0,0,0,0,0,0,NO_TRADE,,past_entry_window_13:00:00,
14:15:17,23648.25,23758.95,23677.5,NARROW,23758.95,23623.1,0.185,RANGE,STRONG_SELL_PREMIUM,BEARISH,PREMIUM_SELL_BEAR,RANGE_BEARISH_SPOT_BELOW_OR_MID,16.62,1,28.05,HIGH,0,0,0,0,0,0,NO_TRADE,,past_entry_window_13:00:00,
14:15:32,23647.6,23758.95,23677.5,NARROW,23758.95,23623.1,0.180,RANGE,STRONG_SELL_PREMIUM,BEARISH,PREMIUM_SELL_BEAR,RANGE_BEARISH_SPOT_BELOW_OR_MID,16.62,1,28.04,HIGH,0,0,0,0,0,0,NO_TRADE,,past_entry_window_13:00:00,
14:15:47,23651.5,23758.95,23677.5,NARROW,23758.95,23623.1,0.209,RANGE,STRONG_SELL_PREMIUM,BEARISH,PREMIUM_SELL_BEAR,RANGE_BEARISH_SPOT_BELOW_OR_MID,16.62,1,28.03,HIGH,0,0,0,0,0,0,NO_TRADE,,past_entry_window_13:00:00,
14:16:02,23650.7,23758.95,23677.5,NARROW,23758.95,23623.1,0.203,RANGE,STRONG_SELL_PREMIUM,BEARISH,PREMIUM_SELL_BEAR,RANGE_BEARISH_SPOT_BELOW_OR_MID,16.62,1,28.02,HIGH,0,0,0,0,0,0,NO_TRADE,,past_entry_window_13:00:00,
14:16:17,23652.9,23758.95,23677.5,NARROW,23758.95,23623.1,0.219,RANGE,STRONG_SELL_PREMIUM,UNCLEAR,PREMIUM_SELL_RANGE,RANGE_UNCLEAR_POS_STRONG_SELL_HALF_SIZE,16.62,1,28.01,HIGH,0,0,0,0,0,0,NO_TRADE,,past_entry_window_13:00:00,
14:16:32,23651.85,23758.95,23677.5,NARROW,23758.95,23623.1,0.212,RANGE,STRONG_SELL_PREMIUM,UNCLEAR,PREMIUM_SELL_RANGE,RANGE_UNCLEAR_POS_STRONG_SELL_HALF_SIZE,16.62,1,27.99,HIGH,0,0,0,0,0,0,NO_TRADE,,past_entry_window_13:00:00,
14:16:47,23655.5,23758.95,23677.5,NARROW,23758.95,23623.1,0.238,RANGE,STRONG_SELL_PREMIUM,UNCLEAR,PREMIUM_SELL_RANGE,RANGE_UNCLEAR_POS_STRONG_SELL_HALF_SIZE,16.62,1,27.98,HIGH,0,0,0,0,0,0,NO_TRADE,,past_entry_window_13:00:00,
14:17:02,23653.95,23758.95,23677.5,NARROW,23758.95,23623.1,0.227,RANGE,STRONG_SELL_PREMIUM,UNCLEAR,PREMIUM_SELL_RANGE,RANGE_UNCLEAR_POS_STRONG_SELL_HALF_SIZE,16.77,1,27.97,HIGH,0,0,0,0,0,0,NO_TRADE,,past_entry_window_13:00:00,
14:17:17,23656.65,23758.95,23677.5,NARROW,23758.95,23623.1,0.247,RANGE,STRONG_SELL_PREMIUM,UNCLEAR,PREMIUM_SELL_RANGE,RANGE_UNCLEAR_POS_STRONG_SELL_HALF_SIZE,16.77,1,27.96,HIGH,0,0,0,0,0,0,NO_TRADE,,past_entry_window_13:00:00,
14:17:32,23655.35,23758.95,23677.5,NARROW,23758.95,23623.1,0.237,RANGE,STRONG_SELL_PREMIUM,UNCLEAR,PREMIUM_SELL_RANGE,RANGE_UNCLEAR_POS_STRONG_SELL_HALF_SIZE,16.77,1,27.95,HIGH,0,0,0,0,0,0,NO_TRADE,,past_entry_window_13:00:00,
14:17:47,23656.55,23758.95,23677.5,NARROW,23758.95,23623.1,0.246,RANGE,STRONG_SELL_PREMIUM,UNCLEAR,PREMIUM_SELL_RANGE,RANGE_UNCLEAR_POS_STRONG_SELL_HALF_SIZE,16.77,1,27.94,HIGH,0,0,0,0,0,0,NO_TRADE,,past_entry_window_13:00:00,
14:18:02,23657.25,23758.95,23677.5,NARROW,23758.95,23623.1,0.251,RANGE,STRONG_SELL_PREMIUM,UNCLEAR,PREMIUM_SELL_RANGE,RANGE_UNCLEAR_POS_STRONG_SELL_HALF_SIZE,17.12,1,27.92,HIGH,0,0,0,0,0,0,NO_TRADE,,past_entry_window_13:00:00,
14:18:17,23658.85,23758.95,23677.5,NARROW,23758.95,23623.1,0.263,RANGE,STRONG_SELL_PREMIUM,UNCLEAR,PREMIUM_SELL_RANGE,RANGE_UNCLEAR_POS_STRONG_SELL_HALF_SIZE,17.12,1,27.91,HIGH,0,0,0,0,0,0,NO_TRADE,,past_entry_window_13:00:00,
14:18:32,23655.3,23758.95,23677.5,NARROW,23758.95,23623.1,0.237,RANGE,STRONG_SELL_PREMIUM,UNCLEAR,PREMIUM_SELL_RANGE,RANGE_UNCLEAR_POS_STRONG_SELL_HALF_SIZE,17.12,1,27.9,HIGH,0,0,0,0,0,0,NO_TRADE,,past_entry_window_13:00:00,
14:18:47,23655.8,23758.95,23677.5,NARROW,23758.95,23623.1,0.241,RANGE,STRONG_SELL_PREMIUM,UNCLEAR,PREMIUM_SELL_RANGE,RANGE_UNCLEAR_POS_STRONG_SELL_HALF_SIZE,17.12,1,27.89,HIGH,0,0,0,0,0,0,NO_TRADE,,past_entry_window_13:00:00,
14:19:02,23653.4,23758.95,23677.5,NARROW,23758.95,23623.1,0.223,RANGE,STRONG_SELL_PREMIUM,UNCLEAR,PREMIUM_SELL_RANGE,RANGE_UNCLEAR_POS_STRONG_SELL_HALF_SIZE,17.12,1,27.88,HIGH,0,0,0,0,0,0,NO_TRADE,,past_entry_window_13:00:00,
14:19:17,23654.0,23758.95,23677.5,NARROW,23758.95,23623.1,0.227,RANGE,STRONG_SELL_PREMIUM,UNCLEAR,PREMIUM_SELL_RANGE,RANGE_UNCLEAR_POS_STRONG_SELL_HALF_SIZE,17.12,1,27.87,HIGH,0,0,0,0,0,0,NO_TRADE,,past_entry_window_13:00:00,
14:19:32,23652.85,23758.95,23677.5,NARROW,23758.95,23623.1,0.219,RANGE,STRONG_SELL_PREMIUM,UNCLEAR,PREMIUM_SELL_RANGE,RANGE_UNCLEAR_POS_STRONG_SELL_HALF_SIZE,17.12,1,27.86,HIGH,0,0,0,0,0,0,NO_TRADE,,past_entry_window_13:00:00,
14:19:47,23654.15,23758.95,23677.5,NARROW,23758.95,23623.1,0.229,RANGE,STRONG_SELL_PREMIUM,UNCLEAR,PREMIUM_SELL_RANGE,RANGE_UNCLEAR_POS_STRONG_SELL_HALF_SIZE,17.12,1,27.84,HIGH,0,0,0,0,0,0,NO_TRADE,,past_entry_window_13:00:00,
14:20:02,23653.9,23758.95,23677.5,NARROW,23758.95,23623.1,0.227,RANGE,STRONG_SELL_PREMIUM,UNCLEAR,PREMIUM_SELL_RANGE,RANGE_UNCLEAR_POS_STRONG_SELL_HALF_SIZE,16.13,1,27.83,HIGH,0,0,0,0,0,0,NO_TRADE,,past_entry_window_13:00:00,
14:20:17,23655.75,23758.95,23677.5,NARROW,23758.95,23623.1,0.240,RANGE,STRONG_SELL_PREMIUM,UNCLEAR,PREMIUM_SELL_RANGE,RANGE_UNCLEAR_POS_STRONG_SELL_HALF_SIZE,16.13,1,27.82,HIGH,0,0,0,0,0,0,NO_TRADE,,past_entry_window_13:00:00,
14:20:32,23654.0,23758.95,23677.5,NARROW,23758.95,23623.1,0.227,RANGE,STRONG_SELL_PREMIUM,UNCLEAR,PREMIUM_SELL_RANGE,RANGE_UNCLEAR_POS_STRONG_SELL_HALF_SIZE,16.13,1,27.81,HIGH,0,0,0,0,0,0,NO_TRADE,,past_entry_window_13:00:00,
14:20:47,23654.15,23758.95,23677.5,NARROW,23758.95,23623.1,0.229,RANGE,STRONG_SELL_PREMIUM,UNCLEAR,PREMIUM_SELL_RANGE,RANGE_UNCLEAR_POS_STRONG_SELL_HALF_SIZE,16.13,1,27.8,HIGH,0,0,0,0,0,0,NO_TRADE,,past_entry_window_13:00:00,
14:21:02,23652.2,23758.95,23677.5,NARROW,23758.95,23623.1,0.214,RANGE,STRONG_SELL_PREMIUM,UNCLEAR,PREMIUM_SELL_RANGE,RANGE_UNCLEAR_POS_STRONG_SELL_HALF_SIZE,16.13,1,27.79,HIGH,0,0,0,0,0,0,NO_TRADE,,past_entry_window_13:00:00,
14:21:17,23653.4,23758.95,23677.5,NARROW,23758.95,23623.1,0.223,RANGE,STRONG_SELL_PREMIUM,UNCLEAR,PREMIUM_SELL_RANGE,RANGE_UNCLEAR_POS_STRONG_SELL_HALF_SIZE,16.13,1,27.78,HIGH,0,0,0,0,0,0,NO_TRADE,,past_entry_window_13:00:00,
14:21:32,23652.85,23758.95,23677.5,NARROW,23758.95,23623.1,0.219,RANGE,STRONG_SELL_PREMIUM,UNCLEAR,PREMIUM_SELL_RANGE,RANGE_UNCLEAR_POS_STRONG_SELL_HALF_SIZE,16.13,1,27.76,HIGH,0,0,0,0,0,0,NO_TRADE,,past_entry_window_13:00:00,
14:21:47,23652.35,23758.95,23677.5,NARROW,23758.95,23623.1,0.215,RANGE,STRONG_SELL_PREMIUM,UNCLEAR,PREMIUM_SELL_RANGE,RANGE_UNCLEAR_POS_STRONG_SELL_HALF_SIZE,16.13,1,27.75,HIGH,0,0,0,0,0,0,NO_TRADE,,past_entry_window_13:00:00,
14:22:02,23651.6,23758.95,23677.5,NARROW,23758.95,23623.1,0.210,RANGE,STRONG_SELL_PREMIUM,UNCLEAR,PREMIUM_SELL_RANGE,RANGE_UNCLEAR_POS_STRONG_SELL_HALF_SIZE,16.13,1,27.74,HIGH,0,0,0,0,0,0,NO_TRADE,,past_entry_window_13:00:00,
14:22:17,23652.15,23758.95,23677.5,NARROW,23758.95,23623.1,0.214,RANGE,STRONG_SELL_PREMIUM,UNCLEAR,PREMIUM_SELL_RANGE,RANGE_UNCLEAR_POS_STRONG_SELL_HALF_SIZE,16.13,1,27.73,HIGH,0,0,0,0,0,0,NO_TRADE,,past_entry_window_13:00:00,
14:22:32,23652.2,23758.95,23677.5,NARROW,23758.95,23623.1,0.214,RANGE,STRONG_SELL_PREMIUM,UNCLEAR,PREMIUM_SELL_RANGE,RANGE_UNCLEAR_POS_STRONG_SELL_HALF_SIZE,16.13,1,27.72,HIGH,0,0,0,0,0,0,NO_TRADE,,past_entry_window_13:00:00,
14:22:47,23653.8,23758.95,23677.5,NARROW,23758.95,23623.1,0.226,RANGE,STRONG_SELL_PREMIUM,UNCLEAR,PREMIUM_SELL_RANGE,RANGE_UNCLEAR_POS_STRONG_SELL_HALF_SIZE,16.13,1,27.71,HIGH,0,0,0,0,0,0,NO_TRADE,,past_entry_window_13:00:00,
14:23:02,23652.95,23758.95,23677.5,NARROW,23758.95,23623.1,0.220,RANGE,STRONG_SELL_PREMIUM,UNCLEAR,PREMIUM_SELL_RANGE,RANGE_UNCLEAR_POS_STRONG_SELL_HALF_SIZE,16.13,1,27.7,HIGH,0,0,0,0,0,0,NO_TRADE,,past_entry_window_13:00:00,
14:23:17,23652.05,23758.95,23677.5,NARROW,23758.95,23623.1,0.213,RANGE,STRONG_SELL_PREMIUM,UNCLEAR,PREMIUM_SELL_RANGE,RANGE_UNCLEAR_POS_STRONG_SELL_HALF_SIZE,16.13,1,27.69,HIGH,0,0,0,0,0,0,NO_TRADE,,past_entry_window_13:00:00,
14:23:32,23652.2,23758.95,23677.5,NARROW,23758.95,23623.1,0.214,RANGE,STRONG_SELL_PREMIUM,UNCLEAR,PREMIUM_SELL_RANGE,RANGE_UNCLEAR_POS_STRONG_SELL_HALF_SIZE,16.13,1,27.67,HIGH,0,0,0,0,0,0,NO_TRADE,,past_entry_window_13:00:00,
14:23:47,23652.85,23758.95,23677.5,NARROW,23758.95,23623.1,0.219,RANGE,STRONG_SELL_PREMIUM,UNCLEAR,PREMIUM_SELL_RANGE,RANGE_UNCLEAR_POS_STRONG_SELL_HALF_SIZE,16.13,1,27.66,HIGH,0,0,0,0,0,0,NO_TRADE,,past_entry_window_13:00:00,
14:24:02,23649.2,23758.95,23677.5,NARROW,23758.95,23623.1,0.192,RANGE,STRONG_SELL_PREMIUM,UNCLEAR,PREMIUM_SELL_RANGE,RANGE_UNCLEAR_POS_STRONG_SELL_HALF_SIZE,16.13,1,27.65,HIGH,0,0,0,0,0,0,NO_TRADE,,past_entry_window_13:00:00,
14:24:17,23651.15,23758.95,23677.5,NARROW,23758.95,23623.1,0.206,RANGE,STRONG_SELL_PREMIUM,UNCLEAR,PREMIUM_SELL_RANGE,RANGE_UNCLEAR_POS_STRONG_SELL_HALF_SIZE,16.13,1,27.64,HIGH,0,0,0,0,0,0,NO_TRADE,,past_entry_window_13:00:00,
14:24:32,23650.35,23758.95,23677.5,NARROW,23758.95,23623.1,0.201,RANGE,STRONG_SELL_PREMIUM,UNCLEAR,PREMIUM_SELL_RANGE,RANGE_UNCLEAR_POS_STRONG_SELL_HALF_SIZE,16.13,1,27.63,HIGH,0,0,0,0,0,0,NO_TRADE,,past_entry_window_13:00:00,
14:24:47,23651.25,23758.95,23677.5,NARROW,23758.95,23623.1,0.207,RANGE,STRONG_SELL_PREMIUM,UNCLEAR,PREMIUM_SELL_RANGE,RANGE_UNCLEAR_POS_STRONG_SELL_HALF_SIZE,16.13,1,27.62,HIGH,0,0,0,0,0,0,NO_TRADE,,past_entry_window_13:00:00,
14:25:02,23650.55,23758.95,23677.5,NARROW,23758.95,23623.1,0.202,RANGE,STRONG_SELL_PREMIUM,UNCLEAR,PREMIUM_SELL_RANGE,RANGE_UNCLEAR_POS_STRONG_SELL_HALF_SIZE,14.94,1,27.61,HIGH,0,0,0,0,0,0,NO_TRADE,,past_entry_window_13:00:00,
14:25:17,23649.75,23758.95,23677.5,NARROW,23758.95,23623.1,0.196,RANGE,STRONG_SELL_PREMIUM,UNCLEAR,PREMIUM_SELL_RANGE,RANGE_UNCLEAR_POS_STRONG_SELL_HALF_SIZE,14.94,1,27.6,HIGH,0,0,0,0,0,0,NO_TRADE,,past_entry_window_13:00:00,
14:25:32,23647.15,23758.95,23677.5,NARROW,23758.95,23623.1,0.177,RANGE,STRONG_SELL_PREMIUM,UNCLEAR,PREMIUM_SELL_RANGE,RANGE_UNCLEAR_POS_STRONG_SELL_HALF_SIZE,14.94,1,27.59,HIGH,0,0,0,0,0,0,NO_TRADE,,past_entry_window_13:00:00,
14:25:47,23646.8,23758.95,23677.5,NARROW,23758.95,23623.1,0.174,RANGE,STRONG_SELL_PREMIUM,BEARISH,PREMIUM_SELL_BEAR,RANGE_BEARISH_SPOT_BELOW_OR_MID,14.94,1,27.57,HIGH,0,0,0,0,0,0,NO_TRADE,,past_entry_window_13:00:00,
14:26:02,23643.75,23758.95,23677.5,NARROW,23758.95,23623.1,0.152,RANGE,STRONG_SELL_PREMIUM,BEARISH,PREMIUM_SELL_BEAR,RANGE_BEARISH_SPOT_BELOW_OR_MID,15.26,1,27.56,HIGH,0,0,0,0,0,0,NO_TRADE,,past_entry_window_13:00:00,
14:26:17,23644.65,23758.95,23677.5,NARROW,23758.95,23623.1,0.159,RANGE,STRONG_SELL_PREMIUM,BEARISH,PREMIUM_SELL_BEAR,RANGE_BEARISH_SPOT_BELOW_OR_MID,15.26,1,27.55,HIGH,0,0,0,0,0,0,NO_TRADE,,past_entry_window_13:00:00,
14:26:32,23646.35,23758.95,23677.5,NARROW,23758.95,23623.1,0.171,RANGE,STRONG_SELL_PREMIUM,BEARISH,PREMIUM_SELL_BEAR,RANGE_BEARISH_SPOT_BELOW_OR_MID,15.26,1,27.54,HIGH,0,0,0,0,0,0,NO_TRADE,,past_entry_window_13:00:00,
14:26:47,23647.25,23758.95,23677.5,NARROW,23758.95,23623.1,0.178,RANGE,STRONG_SELL_PREMIUM,BEARISH,PREMIUM_SELL_BEAR,RANGE_BEARISH_SPOT_BELOW_OR_MID,15.26,1,27.53,HIGH,0,0,0,0,0,0,NO_TRADE,,past_entry_window_13:00:00,
14:27:02,23647.5,23758.95,23677.5,NARROW,23758.95,23623.1,0.180,RANGE,STRONG_SELL_PREMIUM,BEARISH,PREMIUM_SELL_BEAR,RANGE_BEARISH_SPOT_BELOW_OR_MID,15.26,1,27.52,HIGH,0,0,0,0,0,0,NO_TRADE,,past_entry_window_13:00:00,
14:27:17,23651.25,23758.95,23677.5,NARROW,23758.95,23623.1,0.207,RANGE,STRONG_SELL_PREMIUM,BEARISH,PREMIUM_SELL_BEAR,RANGE_BEARISH_SPOT_BELOW_OR_MID,15.26,1,27.51,HIGH,0,0,0,0,0,0,NO_TRADE,,past_entry_window_13:00:00,
14:27:32,23648.8,23758.95,23677.5,NARROW,23758.95,23623.1,0.189,RANGE,STRONG_SELL_PREMIUM,BEARISH,PREMIUM_SELL_BEAR,RANGE_BEARISH_SPOT_BELOW_OR_MID,15.26,1,27.5,HIGH,0,0,0,0,0,0,NO_TRADE,,past_entry_window_13:00:00,
14:27:47,23650.75,23758.95,23677.5,NARROW,23758.95,23623.1,0.204,RANGE,STRONG_SELL_PREMIUM,BEARISH,PREMIUM_SELL_BEAR,RANGE_BEARISH_SPOT_BELOW_OR_MID,15.26,1,27.49,HIGH,0,0,0,0,0,0,NO_TRADE,,past_entry_window_13:00:00,
14:28:03,23651.65,23758.95,23677.5,NARROW,23758.95,23623.1,0.210,RANGE,STRONG_SELL_PREMIUM,BEARISH,PREMIUM_SELL_BEAR,RANGE_BEARISH_SPOT_BELOW_OR_MID,15.26,1,27.47,HIGH,0,0,0,0,0,0,NO_TRADE,,past_entry_window_13:00:00,
14:28:18,23652.65,23758.95,23677.5,NARROW,23758.95,23623.1,0.218,RANGE,STRONG_SELL_PREMIUM,RANGE,PREMIUM_SELL_RANGE,RANGE_TUESDAY_AFTERNOON_PIN,15.26,1,27.46,HIGH,0,0,0,0,0,0,NO_TRADE,,past_entry_window_13:00:00,
14:28:33,23650.85,23758.95,23677.5,NARROW,23758.95,23623.1,0.204,RANGE,STRONG_SELL_PREMIUM,RANGE,PREMIUM_SELL_RANGE,RANGE_TUESDAY_AFTERNOON_PIN,15.26,1,27.45,HIGH,0,0,0,0,0,0,NO_TRADE,,past_entry_window_13:00:00,
14:28:48,23652.6,23758.95,23677.5,NARROW,23758.95,23623.1,0.217,RANGE,STRONG_SELL_PREMIUM,RANGE,PREMIUM_SELL_RANGE,RANGE_TUESDAY_AFTERNOON_PIN,15.26,1,27.44,HIGH,0,0,0,0,0,0,NO_TRADE,,past_entry_window_13:00:00,
14:29:03,23653.4,23758.95,23677.5,NARROW,23758.95,23623.1,0.223,RANGE,STRONG_SELL_PREMIUM,RANGE,PREMIUM_SELL_RANGE,RANGE_TUESDAY_AFTERNOON_PIN,15.26,1,27.43,HIGH,0,0,0,0,0,0,NO_TRADE,,past_entry_window_13:00:00,
14:29:18,23655.5,23758.95,23677.5,NARROW,23758.95,23623.1,0.238,RANGE,STRONG_SELL_PREMIUM,RANGE,PREMIUM_SELL_RANGE,RANGE_TUESDAY_AFTERNOON_PIN,15.26,1,27.42,HIGH,0,0,0,0,0,0,NO_TRADE,,past_entry_window_13:00:00,
14:29:33,23653.8,23758.95,23677.5,NARROW,23758.95,23623.1,0.226,RANGE,STRONG_SELL_PREMIUM,RANGE,PREMIUM_SELL_RANGE,RANGE_TUESDAY_AFTERNOON_PIN,15.26,1,27.41,HIGH,0,0,0,0,0,0,NO_TRADE,,past_entry_window_13:00:00,
14:29:48,23655.35,23758.95,23677.5,NARROW,23758.95,23623.1,0.237,RANGE,STRONG_SELL_PREMIUM,RANGE,PREMIUM_SELL_RANGE,RANGE_TUESDAY_AFTERNOON_PIN,15.26,1,27.4,HIGH,0,0,0,0,0,0,NO_TRADE,,past_entry_window_13:00:00,
14:30:03,23655.85,23758.95,23677.5,NARROW,23758.95,23623.1,0.241,RANGE,STRONG_SELL_PREMIUM,RANGE,NO_TRADE,NO_TRADE:PAST_14:30,14.48,1,27.39,HIGH,0,0,0,0,0,0,NO_TRADE,,NO_TRADE:PAST_14:30,
14:30:18,23654.65,23758.95,23677.5,NARROW,23758.95,23623.1,0.232,RANGE,STRONG_SELL_PREMIUM,RANGE,NO_TRADE,NO_TRADE:PAST_14:30,14.48,1,27.38,HIGH,0,0,0,0,0,0,NO_TRADE,,NO_TRADE:PAST_14:30,
14:30:33,23653.6,23758.95,23677.5,NARROW,23758.95,23623.1,0.225,RANGE,STRONG_SELL_PREMIUM,RANGE,NO_TRADE,NO_TRADE:PAST_14:30,14.48,1,27.37,HIGH,0,0,0,0,0,0,NO_TRADE,,NO_TRADE:PAST_14:30,
14:30:48,23653.45,23758.95,23677.5,NARROW,23758.95,23623.1,0.223,RANGE,STRONG_SELL_PREMIUM,UNCLEAR,NO_TRADE,NO_TRADE:PAST_14:30,14.48,1,27.35,HIGH,0,0,0,0,0,0,NO_TRADE,,NO_TRADE:PAST_14:30,
14:31:03,23650.05,23758.95,23677.5,NARROW,23758.95,23623.1,0.198,RANGE,STRONG_SELL_PREMIUM,UNCLEAR,NO_TRADE,NO_TRADE:PAST_14:30,14.48,1,27.34,HIGH,0,0,0,0,0,0,NO_TRADE,,NO_TRADE:PAST_14:30,
14:31:18,23651.9,23758.95,23677.5,NARROW,23758.95,23623.1,0.212,RANGE,STRONG_SELL_PREMIUM,UNCLEAR,NO_TRADE,NO_TRADE:PAST_14:30,14.48,1,27.33,HIGH,0,0,0,0,0,0,NO_TRADE,,NO_TRADE:PAST_14:30,
14:31:33,23652.45,23758.95,23677.5,NARROW,23758.95,23623.1,0.216,RANGE,STRONG_SELL_PREMIUM,UNCLEAR,NO_TRADE,NO_TRADE:PAST_14:30,14.48,1,27.32,HIGH,0,0,0,0,0,0,NO_TRADE,,NO_TRADE:PAST_14:30,
14:31:48,23653.0,23758.95,23677.5,NARROW,23758.95,23623.1,0.220,RANGE,STRONG_SELL_PREMIUM,RANGE,NO_TRADE,NO_TRADE:PAST_14:30,14.48,1,27.31,HIGH,0,0,0,0,0,0,NO_TRADE,,NO_TRADE:PAST_14:30,
14:32:03,23652.25,23758.95,23677.5,NARROW,23758.95,23623.1,0.215,RANGE,STRONG_SELL_PREMIUM,RANGE,NO_TRADE,NO_TRADE:PAST_14:30,14.48,1,27.3,HIGH,0,0,0,0,0,0,NO_TRADE,,NO_TRADE:PAST_14:30,
14:32:18,23652.8,23758.95,23677.5,NARROW,23758.95,23623.1,0.219,RANGE,STRONG_SELL_PREMIUM,RANGE,NO_TRADE,NO_TRADE:PAST_14:30,14.48,1,27.29,HIGH,0,0,0,0,0,0,NO_TRADE,,NO_TRADE:PAST_14:30,
14:32:33,23654.25,23758.95,23677.5,NARROW,23758.95,23623.1,0.229,RANGE,STRONG_SELL_PREMIUM,RANGE,NO_TRADE,NO_TRADE:PAST_14:30,14.48,1,27.28,HIGH,0,0,0,0,0,0,NO_TRADE,,NO_TRADE:PAST_14:30,
14:32:48,23653.8,23758.95,23677.5,NARROW,23758.95,23623.1,0.226,RANGE,STRONG_SELL_PREMIUM,RANGE,NO_TRADE,NO_TRADE:PAST_14:30,14.48,1,27.27,HIGH,0,0,0,0,0,0,NO_TRADE,,NO_TRADE:PAST_14:30,
14:33:03,23655.0,23758.95,23677.5,NARROW,23758.95,23623.1,0.235,RANGE,STRONG_SELL_PREMIUM,RANGE,NO_TRADE,NO_TRADE:PAST_14:30,14.02,1,27.26,HIGH,0,0,0,0,0,0,NO_TRADE,,NO_TRADE:PAST_14:30,
14:33:18,23657.55,23758.95,23677.5,NARROW,23758.95,23623.1,0.254,RANGE,STRONG_SELL_PREMIUM,RANGE,NO_TRADE,NO_TRADE:PAST_14:30,14.02,1,27.25,HIGH,0,0,0,0,0,0,NO_TRADE,,NO_TRADE:PAST_14:30,
14:33:33,23656.15,23758.95,23677.5,NARROW,23758.95,23623.1,0.243,RANGE,STRONG_SELL_PREMIUM,RANGE,NO_TRADE,NO_TRADE:PAST_14:30,14.02,1,27.24,HIGH,0,0,0,0,0,0,NO_TRADE,,NO_TRADE:PAST_14:30,
14:33:48,23656.4,23758.95,23677.5,NARROW,23758.95,23623.1,0.245,RANGE,STRONG_SELL_PREMIUM,RANGE,NO_TRADE,NO_TRADE:PAST_14:30,14.02,1,27.23,HIGH,0,0,0,0,0,0,NO_TRADE,,NO_TRADE:PAST_14:30,
14:34:03,23655.4,23758.95,23677.5,NARROW,23758.95,23623.1,0.238,RANGE,STRONG_SELL_PREMIUM,RANGE,NO_TRADE,NO_TRADE:PAST_14:30,13.91,1,27.21,HIGH,0,0,0,0,0,0,NO_TRADE,,NO_TRADE:PAST_14:30,
14:34:18,23655.8,23758.95,23677.5,NARROW,23758.95,23623.1,0.241,RANGE,STRONG_SELL_PREMIUM,RANGE,NO_TRADE,NO_TRADE:PAST_14:30,13.91,1,27.2,HIGH,0,0,0,0,0,0,NO_TRADE,,NO_TRADE:PAST_14:30,
14:34:33,23655.05,23758.95,23677.5,NARROW,23758.95,23623.1,0.235,RANGE,STRONG_SELL_PREMIUM,RANGE,NO_TRADE,NO_TRADE:PAST_14:30,13.91,1,27.19,HIGH,0,0,0,0,0,0,NO_TRADE,,NO_TRADE:PAST_14:30,
14:34:48,23656.2,23758.95,23677.5,NARROW,23758.95,23623.1,0.244,RANGE,STRONG_SELL_PREMIUM,RANGE,NO_TRADE,NO_TRADE:PAST_14:30,13.91,1,27.18,HIGH,0,0,0,0,0,0,NO_TRADE,,NO_TRADE:PAST_14:30,
14:35:04,23656.2,23758.95,23677.5,NARROW,23758.95,23623.1,0.244,RANGE,STRONG_SELL_PREMIUM,RANGE,NO_TRADE,NO_TRADE:PAST_14:30,12.56,1,27.17,HIGH,0,0,0,0,0,0,NO_TRADE,,NO_TRADE:PAST_14:30,
14:35:18,23657.0,23758.95,23677.5,NARROW,23758.95,23623.1,0.250,RANGE,STRONG_SELL_PREMIUM,RANGE,NO_TRADE,NO_TRADE:PAST_14:30,12.56,1,27.16,HIGH,0,0,0,0,0,0,NO_TRADE,,NO_TRADE:PAST_14:30,
14:35:33,23657.0,23758.95,23677.5,NARROW,23758.95,23623.1,0.250,RANGE,STRONG_SELL_PREMIUM,RANGE,NO_TRADE,NO_TRADE:PAST_14:30,12.56,1,27.15,HIGH,0,0,0,0,0,0,NO_TRADE,,NO_TRADE:PAST_14:30,
14:35:48,23655.55,23758.95,23677.5,NARROW,23758.95,23623.1,0.239,RANGE,STRONG_SELL_PREMIUM,RANGE,NO_TRADE,NO_TRADE:PAST_14:30,12.56,1,27.14,HIGH,0,0,0,0,0,0,NO_TRADE,,NO_TRADE:PAST_14:30,
14:36:03,23655.8,23758.95,23677.5,NARROW,23758.95,23623.1,0.241,RANGE,STRONG_SELL_PREMIUM,RANGE,NO_TRADE,NO_TRADE:PAST_14:30,12.56,1,27.13,HIGH,0,0,0,0,0,0,NO_TRADE,,NO_TRADE:PAST_14:30,
14:36:19,23656.75,23758.95,23677.5,NARROW,23758.95,23623.1,0.248,RANGE,STRONG_SELL_PREMIUM,RANGE,NO_TRADE,NO_TRADE:PAST_14:30,12.56,1,27.12,HIGH,0,0,0,0,0,0,NO_TRADE,,NO_TRADE:PAST_14:30,
14:36:34,23656.0,23758.95,23677.5,NARROW,23758.95,23623.1,0.242,RANGE,STRONG_SELL_PREMIUM,RANGE,NO_TRADE,NO_TRADE:PAST_14:30,12.56,1,27.11,HIGH,0,0,0,0,0,0,NO_TRADE,,NO_TRADE:PAST_14:30,
14:36:48,23655.65,23758.95,23677.5,NARROW,23758.95,23623.1,0.240,RANGE,STRONG_SELL_PREMIUM,RANGE,NO_TRADE,NO_TRADE:PAST_14:30,12.56,1,27.1,HIGH,0,0,0,0,0,0,NO_TRADE,,NO_TRADE:PAST_14:30,
14:37:04,23654.75,23758.95,23677.5,NARROW,23758.95,23623.1,0.233,RANGE,STRONG_SELL_PREMIUM,RANGE,NO_TRADE,NO_TRADE:PAST_14:30,12.56,1,27.09,HIGH,0,0,0,0,0,0,NO_TRADE,,NO_TRADE:PAST_14:30,
14:37:19,23653.0,23758.95,23677.5,NARROW,23758.95,23623.1,0.220,RANGE,STRONG_SELL_PREMIUM,RANGE,NO_TRADE,NO_TRADE:PAST_14:30,12.56,1,27.08,HIGH,0,0,0,0,0,0,NO_TRADE,,NO_TRADE:PAST_14:30,
14:37:34,23653.6,23758.95,23677.5,NARROW,23758.95,23623.1,0.225,RANGE,STRONG_SELL_PREMIUM,RANGE,NO_TRADE,NO_TRADE:PAST_14:30,12.56,1,27.07,HIGH,0,0,0,0,0,0,NO_TRADE,,NO_TRADE:PAST_14:30,
14:37:49,23653.2,23758.95,23677.5,NARROW,23758.95,23623.1,0.222,RANGE,STRONG_SELL_PREMIUM,RANGE,NO_TRADE,NO_TRADE:PAST_14:30,12.56,1,27.06,HIGH,0,0,0,0,0,0,NO_TRADE,,NO_TRADE:PAST_14:30,
14:38:04,23653.7,23758.95,23677.5,NARROW,23758.95,23623.1,0.225,RANGE,STRONG_SELL_PREMIUM,RANGE,NO_TRADE,NO_TRADE:PAST_14:30,13.32,1,27.05,HIGH,0,0,0,0,0,0,NO_TRADE,,NO_TRADE:PAST_14:30,
14:38:19,23652.8,23758.95,23677.5,NARROW,23758.95,23623.1,0.219,RANGE,STRONG_SELL_PREMIUM,RANGE,NO_TRADE,NO_TRADE:PAST_14:30,13.32,1,27.03,HIGH,0,0,0,0,0,0,NO_TRADE,,NO_TRADE:PAST_14:30,
14:38:34,23652.1,23758.95,23677.5,NARROW,23758.95,23623.1,0.213,RANGE,STRONG_SELL_PREMIUM,RANGE,NO_TRADE,NO_TRADE:PAST_14:30,13.32,1,27.02,HIGH,0,0,0,0,0,0,NO_TRADE,,NO_TRADE:PAST_14:30,
14:38:49,23648.05,23758.95,23677.5,NARROW,23758.95,23623.1,0.184,RANGE,STRONG_SELL_PREMIUM,BEARISH,NO_TRADE,NO_TRADE:PAST_14:30,13.32,1,27.01,HIGH,0,0,0,0,0,0,NO_TRADE,,NO_TRADE:PAST_14:30,
14:39:04,23646.95,23758.95,23677.5,NARROW,23758.95,23623.1,0.176,RANGE,STRONG_SELL_PREMIUM,BEARISH,NO_TRADE,NO_TRADE:PAST_14:30,13.32,1,27.0,HIGH,0,0,0,0,0,0,NO_TRADE,,NO_TRADE:PAST_14:30,
14:39:19,23649.2,23758.95,23677.5,NARROW,23758.95,23623.1,0.192,RANGE,STRONG_SELL_PREMIUM,BEARISH,NO_TRADE,NO_TRADE:PAST_14:30,13.32,1,26.99,HIGH,0,0,0,0,0,0,NO_TRADE,,NO_TRADE:PAST_14:30,
14:39:34,23648.95,23758.95,23677.5,NARROW,23758.95,23623.1,0.190,RANGE,STRONG_SELL_PREMIUM,BEARISH,NO_TRADE,NO_TRADE:PAST_14:30,13.32,1,26.98,HIGH,0,0,0,0,0,0,NO_TRADE,,NO_TRADE:PAST_14:30,
14:39:49,23649.6,23758.95,23677.5,NARROW,23758.95,23623.1,0.195,RANGE,STRONG_SELL_PREMIUM,BEARISH,NO_TRADE,NO_TRADE:PAST_14:30,13.32,1,26.97,HIGH,0,0,0,0,0,0,NO_TRADE,,NO_TRADE:PAST_14:30,
14:40:04,23649.95,23758.95,23677.5,NARROW,23758.95,23623.1,0.198,RANGE,STRONG_SELL_PREMIUM,BEARISH,NO_TRADE,NO_TRADE:PAST_14:30,12.87,1,26.96,HIGH,0,0,0,0,0,0,NO_TRADE,,NO_TRADE:PAST_14:30,
14:40:19,23649.4,23758.95,23677.5,NARROW,23758.95,23623.1,0.194,RANGE,STRONG_SELL_PREMIUM,BEARISH,NO_TRADE,NO_TRADE:PAST_14:30,12.87,1,26.95,HIGH,0,0,0,0,0,0,NO_TRADE,,NO_TRADE:PAST_14:30,
14:40:34,23647.3,23758.95,23677.5,NARROW,23758.95,23623.1,0.178,RANGE,STRONG_SELL_PREMIUM,BEARISH,NO_TRADE,NO_TRADE:PAST_14:30,12.87,1,26.94,HIGH,0,0,0,0,0,0,NO_TRADE,,NO_TRADE:PAST_14:30,
14:40:49,23647.6,23758.95,23677.5,NARROW,23758.95,23623.1,0.180,RANGE,STRONG_SELL_PREMIUM,BEARISH,NO_TRADE,NO_TRADE:PAST_14:30,12.87,1,26.93,HIGH,0,0,0,0,0,0,NO_TRADE,,NO_TRADE:PAST_14:30,
14:41:04,23648.2,23758.95,23677.5,NARROW,23758.95,23623.1,0.185,RANGE,STRONG_SELL_PREMIUM,BEARISH,NO_TRADE,NO_TRADE:PAST_14:30,12.87,1,26.92,HIGH,0,0,0,0,0,0,NO_TRADE,,NO_TRADE:PAST_14:30,
14:41:19,23647.7,23758.95,23677.5,NARROW,23758.95,23623.1,0.181,RANGE,STRONG_SELL_PREMIUM,BEARISH,NO_TRADE,NO_TRADE:PAST_14:30,12.87,1,26.91,HIGH,0,0,0,0,0,0,NO_TRADE,,NO_TRADE:PAST_14:30,
14:41:34,23650.6,23758.95,23677.5,NARROW,23758.95,23623.1,0.202,RANGE,STRONG_SELL_PREMIUM,RANGE,NO_TRADE,NO_TRADE:PAST_14:30,12.87,1,26.9,HIGH,0,0,0,0,0,0,NO_TRADE,,NO_TRADE:PAST_14:30,
14:41:49,23650.15,23758.95,23677.5,NARROW,23758.95,23623.1,0.199,RANGE,STRONG_SELL_PREMIUM,RANGE,NO_TRADE,NO_TRADE:PAST_14:30,12.87,1,26.89,HIGH,0,0,0,0,0,0,NO_TRADE,,NO_TRADE:PAST_14:30,
14:42:04,23649.95,23758.95,23677.5,NARROW,23758.95,23623.1,0.198,RANGE,STRONG_SELL_PREMIUM,BEARISH,NO_TRADE,NO_TRADE:PAST_14:30,12.87,1,26.88,HIGH,0,0,0,0,0,0,NO_TRADE,,NO_TRADE:PAST_14:30,
14:42:19,23654.75,23758.95,23677.5,NARROW,23758.95,23623.1,0.233,RANGE,STRONG_SELL_PREMIUM,RANGE,NO_TRADE,NO_TRADE:PAST_14:30,12.87,1,26.87,HIGH,0,0,0,0,0,0,NO_TRADE,,NO_TRADE:PAST_14:30,
14:42:34,23651.9,23758.95,23677.5,NARROW,23758.95,23623.1,0.212,RANGE,STRONG_SELL_PREMIUM,RANGE,NO_TRADE,NO_TRADE:PAST_14:30,12.87,1,26.86,HIGH,0,0,0,0,0,0,NO_TRADE,,NO_TRADE:PAST_14:30,
14:42:49,23649.35,23758.95,23677.5,NARROW,23758.95,23623.1,0.193,RANGE,STRONG_SELL_PREMIUM,BEARISH,NO_TRADE,NO_TRADE:PAST_14:30,12.87,1,26.85,HIGH,0,0,0,0,0,0,NO_TRADE,,NO_TRADE:PAST_14:30,
14:43:04,23649.55,23758.95,23677.5,NARROW,23758.95,23623.1,0.195,RANGE,STRONG_SELL_PREMIUM,BEARISH,NO_TRADE,NO_TRADE:PAST_14:30,12.87,1,26.84,HIGH,0,0,0,0,0,0,NO_TRADE,,NO_TRADE:PAST_14:30,
14:43:20,23648.85,23758.95,23677.5,NARROW,23758.95,23623.1,0.190,RANGE,STRONG_SELL_PREMIUM,BEARISH,NO_TRADE,NO_TRADE:PAST_14:30,12.87,1,26.83,HIGH,0,0,0,0,0,0,NO_TRADE,,NO_TRADE:PAST_14:30,
14:43:34,23648.05,23758.95,23677.5,NARROW,23758.95,23623.1,0.184,RANGE,STRONG_SELL_PREMIUM,BEARISH,NO_TRADE,NO_TRADE:PAST_14:30,12.87,1,26.82,HIGH,0,0,0,0,0,0,NO_TRADE,,NO_TRADE:PAST_14:30,
14:43:49,23649.75,23758.95,23677.5,NARROW,23758.95,23623.1,0.196,RANGE,STRONG_SELL_PREMIUM,BEARISH,NO_TRADE,NO_TRADE:PAST_14:30,12.87,1,26.81,HIGH,0,0,0,0,0,0,NO_TRADE,,NO_TRADE:PAST_14:30,
14:44:04,23650.15,23758.95,23677.5,NARROW,23758.95,23623.1,0.199,RANGE,STRONG_SELL_PREMIUM,RANGE,NO_TRADE,NO_TRADE:PAST_14:30,12.87,1,26.8,HIGH,0,0,0,0,0,0,NO_TRADE,,NO_TRADE:PAST_14:30,
14:44:19,23650.1,23758.95,23677.5,NARROW,23758.95,23623.1,0.199,RANGE,STRONG_SELL_PREMIUM,RANGE,NO_TRADE,NO_TRADE:PAST_14:30,12.87,1,26.79,HIGH,0,0,0,0,0,0,NO_TRADE,,NO_TRADE:PAST_14:30,
14:44:34,23649.55,23758.95,23677.5,NARROW,23758.95,23623.1,0.195,RANGE,STRONG_SELL_PREMIUM,BEARISH,NO_TRADE,NO_TRADE:PAST_14:30,12.87,1,26.78,HIGH,0,0,0,0,0,0,NO_TRADE,,NO_TRADE:PAST_14:30,
14:44:50,23648.75,23758.95,23677.5,NARROW,23758.95,23623.1,0.189,RANGE,STRONG_SELL_PREMIUM,BEARISH,NO_TRADE,NO_TRADE:PAST_14:30,12.87,1,26.77,HIGH,0,0,0,0,0,0,NO_TRADE,,NO_TRADE:PAST_14:30,
14:45:04,23648.2,23758.95,23677.5,NARROW,23758.95,23623.1,0.185,RANGE,STRONG_SELL_PREMIUM,BEARISH,NO_TRADE,NO_TRADE:PAST_14:30,12.63,1,26.76,HIGH,0,0,0,0,0,0,NO_TRADE,,NO_TRADE:PAST_14:30,
14:45:19,23647.65,23758.95,23677.5,NARROW,23758.95,23623.1,0.181,RANGE,STRONG_SELL_PREMIUM,BEARISH,NO_TRADE,NO_TRADE:PAST_14:30,12.63,1,26.75,HIGH,0,0,0,0,0,0,NO_TRADE,,NO_TRADE:PAST_14:30,
14:45:35,23648.2,23758.95,23677.5,NARROW,23758.95,23623.1,0.185,RANGE,STRONG_SELL_PREMIUM,BEARISH,NO_TRADE,NO_TRADE:PAST_14:30,12.63,1,26.74,HIGH,0,0,0,0,0,0,NO_TRADE,,NO_TRADE:PAST_14:30,
14:45:50,23647.4,23758.95,23677.5,NARROW,23758.95,23623.1,0.179,RANGE,STRONG_SELL_PREMIUM,BEARISH,NO_TRADE,NO_TRADE:PAST_14:30,12.63,1,26.73,HIGH,0,0,0,0,0,0,NO_TRADE,,NO_TRADE:PAST_14:30,
14:46:04,23647.3,23758.95,23677.5,NARROW,23758.95,23623.1,0.178,RANGE,STRONG_SELL_PREMIUM,BEARISH,NO_TRADE,NO_TRADE:PAST_14:30,12.96,1,26.72,HIGH,0,0,0,0,0,0,NO_TRADE,,NO_TRADE:PAST_14:30,
14:46:20,23645.35,23758.95,23677.5,NARROW,23758.95,23623.1,0.164,RANGE,STRONG_SELL_PREMIUM,BEARISH,NO_TRADE,NO_TRADE:PAST_14:30,12.96,1,26.71,HIGH,0,0,0,0,0,0,NO_TRADE,,NO_TRADE:PAST_14:30,
14:46:35,23647.35,23758.95,23677.5,NARROW,23758.95,23623.1,0.179,RANGE,STRONG_SELL_PREMIUM,BEARISH,NO_TRADE,NO_TRADE:PAST_14:30,12.96,1,26.7,HIGH,0,0,0,0,0,0,NO_TRADE,,NO_TRADE:PAST_14:30,
14:46:50,23645.0,23758.95,23677.5,NARROW,23758.95,23623.1,0.161,RANGE,STRONG_SELL_PREMIUM,BEARISH,NO_TRADE,NO_TRADE:PAST_14:30,12.96,1,26.69,HIGH,0,0,0,0,0,0,NO_TRADE,,NO_TRADE:PAST_14:30,
14:47:05,23644.4,23758.95,23677.5,NARROW,23758.95,23623.1,0.157,RANGE,STRONG_SELL_PREMIUM,BEARISH,NO_TRADE,NO_TRADE:PAST_14:30,13.53,1,26.68,HIGH,0,0,0,0,0,0,NO_TRADE,,NO_TRADE:PAST_14:30,
14:47:20,23643.1,23758.95,23677.5,NARROW,23758.95,23623.1,0.147,RANGE,STRONG_SELL_PREMIUM,BEARISH,NO_TRADE,NO_TRADE:PAST_14:30,13.53,1,26.67,HIGH,0,0,0,0,0,0,NO_TRADE,,NO_TRADE:PAST_14:30,
14:47:35,23642.35,23758.95,23677.5,NARROW,23758.95,23623.1,0.142,RANGE,STRONG_SELL_PREMIUM,BEARISH,NO_TRADE,NO_TRADE:PAST_14:30,13.53,1,26.66,HIGH,0,0,0,0,0,0,NO_TRADE,,NO_TRADE:PAST_14:30,
14:47:50,23642.75,23758.95,23677.5,NARROW,23758.95,23623.1,0.145,RANGE,STRONG_SELL_PREMIUM,BEARISH,NO_TRADE,NO_TRADE:PAST_14:30,13.53,1,26.65,HIGH,0,0,0,0,0,0,NO_TRADE,,NO_TRADE:PAST_14:30,
14:48:05,23645.85,23758.95,23677.5,NARROW,23758.95,23623.1,0.167,RANGE,STRONG_SELL_PREMIUM,BEARISH,NO_TRADE,NO_TRADE:PAST_14:30,13.53,1,26.64,HIGH,0,0,0,0,0,0,NO_TRADE,,NO_TRADE:PAST_14:30,
14:48:20,23644.1,23758.95,23677.5,NARROW,23758.95,23623.1,0.155,RANGE,STRONG_SELL_PREMIUM,BEARISH,NO_TRADE,NO_TRADE:PAST_14:30,13.53,1,26.63,HIGH,0,0,0,0,0,0,NO_TRADE,,NO_TRADE:PAST_14:30,
14:48:35,23645.35,23758.95,23677.5,NARROW,23758.95,23623.1,0.164,RANGE,STRONG_SELL_PREMIUM,BEARISH,NO_TRADE,NO_TRADE:PAST_14:30,13.53,1,26.62,HIGH,0,0,0,0,0,0,NO_TRADE,,NO_TRADE:PAST_14:30,
14:48:50,23645.2,23758.95,23677.5,NARROW,23758.95,23623.1,0.163,RANGE,STRONG_SELL_PREMIUM,BEARISH,NO_TRADE,NO_TRADE:PAST_14:30,13.53,1,26.61,HIGH,0,0,0,0,0,0,NO_TRADE,,NO_TRADE:PAST_14:30,
14:49:05,23645.75,23758.95,23677.5,NARROW,23758.95,23623.1,0.167,RANGE,STRONG_SELL_PREMIUM,BEARISH,NO_TRADE,NO_TRADE:PAST_14:30,13.66,1,26.6,HIGH,0,0,0,0,0,0,NO_TRADE,,NO_TRADE:PAST_14:30,
14:49:20,23645.1,23758.95,23677.5,NARROW,23758.95,23623.1,0.162,RANGE,STRONG_SELL_PREMIUM,BEARISH,NO_TRADE,NO_TRADE:PAST_14:30,13.66,1,26.59,HIGH,0,0,0,0,0,0,NO_TRADE,,NO_TRADE:PAST_14:30,
14:49:35,23645.25,23758.95,23677.5,NARROW,23758.95,23623.1,0.163,RANGE,STRONG_SELL_PREMIUM,BEARISH,NO_TRADE,NO_TRADE:PAST_14:30,13.66,1,26.58,HIGH,0,0,0,0,0,0,NO_TRADE,,NO_TRADE:PAST_14:30,
14:49:50,23642.3,23758.95,23677.5,NARROW,23758.95,23623.1,0.141,RANGE,STRONG_SELL_PREMIUM,BEARISH,NO_TRADE,NO_TRADE:PAST_14:30,13.66,1,26.57,HIGH,0,0,0,0,0,0,NO_TRADE,,NO_TRADE:PAST_14:30,
14:50:05,23641.65,23758.95,23677.5,NARROW,23758.95,23623.1,0.137,RANGE,STRONG_SELL_PREMIUM,BEARISH,NO_TRADE,NO_TRADE:PAST_14:30,14.51,1,26.56,HIGH,0,0,0,0,0,0,NO_TRADE,,NO_TRADE:PAST_14:30,
14:50:20,23643.15,23758.95,23677.5,NARROW,23758.95,23623.1,0.148,RANGE,STRONG_SELL_PREMIUM,BEARISH,NO_TRADE,NO_TRADE:PAST_14:30,14.51,1,26.55,HIGH,0,0,0,0,0,0,NO_TRADE,,NO_TRADE:PAST_14:30,
14:50:35,23641.75,23758.95,23677.5,NARROW,23758.95,23623.1,0.137,RANGE,STRONG_SELL_PREMIUM,BEARISH,NO_TRADE,NO_TRADE:PAST_14:30,14.51,1,26.54,HIGH,0,0,0,0,0,0,NO_TRADE,,NO_TRADE:PAST_14:30,
14:50:50,23641.6,23758.95,23677.5,NARROW,23758.95,23623.1,0.136,RANGE,STRONG_SELL_PREMIUM,BEARISH,NO_TRADE,NO_TRADE:PAST_14:30,14.51,1,26.53,HIGH,0,0,0,0,0,0,NO_TRADE,,NO_TRADE:PAST_14:30,
14:51:05,23642.35,23758.95,23677.5,NARROW,23758.95,23623.1,0.142,RANGE,STRONG_SELL_PREMIUM,BEARISH,NO_TRADE,NO_TRADE:PAST_14:30,14.51,1,26.52,HIGH,0,0,0,0,0,0,NO_TRADE,,NO_TRADE:PAST_14:30,
14:51:20,23642.3,23758.95,23677.5,NARROW,23758.95,23623.1,0.141,RANGE,STRONG_SELL_PREMIUM,BEARISH,NO_TRADE,NO_TRADE:PAST_14:30,14.51,1,26.51,HIGH,0,0,0,0,0,0,NO_TRADE,,NO_TRADE:PAST_14:30,
14:51:35,23644.35,23758.95,23677.5,NARROW,23758.95,23623.1,0.156,RANGE,STRONG_SELL_PREMIUM,BEARISH,NO_TRADE,NO_TRADE:PAST_14:30,14.51,1,26.5,HIGH,0,0,0,0,0,0,NO_TRADE,,NO_TRADE:PAST_14:30,
14:51:50,23643.95,23758.95,23677.5,NARROW,23758.95,23623.1,0.153,RANGE,STRONG_SELL_PREMIUM,BEARISH,NO_TRADE,NO_TRADE:PAST_14:30,14.51,1,26.49,HIGH,0,0,0,0,0,0,NO_TRADE,,NO_TRADE:PAST_14:30,
14:52:05,23642.9,23758.95,23677.5,NARROW,23758.95,23623.1,0.146,RANGE,STRONG_SELL_PREMIUM,BEARISH,NO_TRADE,NO_TRADE:PAST_14:30,14.72,1,26.48,HIGH,0,0,0,0,0,0,NO_TRADE,,NO_TRADE:PAST_14:30,
14:52:21,23641.25,23758.95,23677.5,NARROW,23758.95,23623.1,0.134,RANGE,STRONG_SELL_PREMIUM,BEARISH,NO_TRADE,NO_TRADE:PAST_14:30,14.72,1,26.47,HIGH,0,0,0,0,0,0,NO_TRADE,,NO_TRADE:PAST_14:30,
14:52:35,23641.05,23758.95,23677.5,NARROW,23758.95,23623.1,0.132,RANGE,STRONG_SELL_PREMIUM,BEARISH,NO_TRADE,NO_TRADE:PAST_14:30,14.72,1,26.46,HIGH,0,0,0,0,0,0,NO_TRADE,,NO_TRADE:PAST_14:30,
14:52:50,23641.5,23758.95,23677.5,NARROW,23758.95,23623.1,0.135,RANGE,STRONG_SELL_PREMIUM,BEARISH,NO_TRADE,NO_TRADE:PAST_14:30,14.72,1,26.45,HIGH,0,0,0,0,0,0,NO_TRADE,,NO_TRADE:PAST_14:30,
14:53:05,23640.05,23758.95,23677.5,NARROW,23758.95,23623.1,0.125,RANGE,STRONG_SELL_PREMIUM,BEARISH,NO_TRADE,NO_TRADE:PAST_14:30,15.05,1,26.44,HIGH,0,0,0,0,0,0,NO_TRADE,,NO_TRADE:PAST_14:30,
14:53:20,23640.2,23758.95,23677.5,NARROW,23758.95,23623.1,0.126,RANGE,STRONG_SELL_PREMIUM,BEARISH,NO_TRADE,NO_TRADE:PAST_14:30,15.05,1,26.43,HIGH,0,0,0,0,0,0,NO_TRADE,,NO_TRADE:PAST_14:30,
14:53:35,23640.0,23758.95,23677.5,NARROW,23758.95,23623.1,0.124,RANGE,STRONG_SELL_PREMIUM,BEARISH,NO_TRADE,NO_TRADE:PAST_14:30,15.05,1,26.42,HIGH,0,0,0,0,0,0,NO_TRADE,,NO_TRADE:PAST_14:30,
14:53:50,23639.6,23758.95,23677.5,NARROW,23758.95,23623.1,0.121,RANGE,STRONG_SELL_PREMIUM,BEARISH,NO_TRADE,NO_TRADE:PAST_14:30,15.05,1,26.41,HIGH,0,0,0,0,0,0,NO_TRADE,,NO_TRADE:PAST_14:30,
14:54:05,23638.7,23758.95,23677.5,NARROW,23758.95,23623.1,0.115,RANGE,STRONG_SELL_PREMIUM,BEARISH,NO_TRADE,NO_TRADE:PAST_14:30,15.05,1,26.4,HIGH,0,0,0,0,0,0,NO_TRADE,,NO_TRADE:PAST_14:30,
14:54:21,23638.7,23758.95,23677.5,NARROW,23758.95,23623.1,0.115,RANGE,STRONG_SELL_PREMIUM,BEARISH,NO_TRADE,NO_TRADE:PAST_14:30,15.05,1,26.39,HIGH,0,0,0,0,0,0,NO_TRADE,,NO_TRADE:PAST_14:30,
14:54:36,23643.5,23758.95,23677.5,NARROW,23758.95,23623.1,0.150,RANGE,STRONG_SELL_PREMIUM,BEARISH,NO_TRADE,NO_TRADE:PAST_14:30,15.05,1,26.38,HIGH,0,0,0,0,0,0,NO_TRADE,,NO_TRADE:PAST_14:30,
14:54:51,23645.35,23758.95,23677.5,NARROW,23758.95,23623.1,0.164,RANGE,STRONG_SELL_PREMIUM,BEARISH,NO_TRADE,NO_TRADE:PAST_14:30,15.05,1,26.37,HIGH,0,0,0,0,0,0,NO_TRADE,,NO_TRADE:PAST_14:30,
14:55:06,23646.1,23758.95,23677.5,NARROW,23758.95,23623.1,0.169,RANGE,STRONG_SELL_PREMIUM,BEARISH,NO_TRADE,NO_TRADE:PAST_14:30,16.19,1,26.36,HIGH,0,0,0,0,0,0,NO_TRADE,,NO_TRADE:PAST_14:30,
14:55:20,23646.5,23758.95,23677.5,NARROW,23758.95,23623.1,0.172,RANGE,STRONG_SELL_PREMIUM,BEARISH,NO_TRADE,NO_TRADE:PAST_14:30,16.19,1,26.35,HIGH,0,0,0,0,0,0,NO_TRADE,,NO_TRADE:PAST_14:30,
14:55:36,23642.5,23758.95,23677.5,NARROW,23758.95,23623.1,0.143,RANGE,STRONG_SELL_PREMIUM,BEARISH,NO_TRADE,NO_TRADE:PAST_14:30,16.19,1,26.34,HIGH,0,0,0,0,0,0,NO_TRADE,,NO_TRADE:PAST_14:30,
14:55:51,23643.05,23758.95,23677.5,NARROW,23758.95,23623.1,0.147,RANGE,STRONG_SELL_PREMIUM,BEARISH,NO_TRADE,NO_TRADE:PAST_14:30,16.19,1,26.33,HIGH,0,0,0,0,0,0,NO_TRADE,,NO_TRADE:PAST_14:30,
14:56:06,23643.3,23758.95,23677.5,NARROW,23758.95,23623.1,0.149,RANGE,STRONG_SELL_PREMIUM,BEARISH,NO_TRADE,NO_TRADE:PAST_14:30,16.19,1,26.32,HIGH,0,0,0,0,0,0,NO_TRADE,,NO_TRADE:PAST_14:30,
14:56:21,23644.35,23758.95,23677.5,NARROW,23758.95,23623.1,0.156,RANGE,STRONG_SELL_PREMIUM,BEARISH,NO_TRADE,NO_TRADE:PAST_14:30,16.19,1,26.31,HIGH,0,0,0,0,0,0,NO_TRADE,,NO_TRADE:PAST_14:30,
14:56:36,23642.3,23758.95,23677.5,NARROW,23758.95,23623.1,0.141,RANGE,STRONG_SELL_PREMIUM,BEARISH,NO_TRADE,NO_TRADE:PAST_14:30,16.19,1,26.3,HIGH,0,0,0,0,0,0,NO_TRADE,,NO_TRADE:PAST_14:30,
14:56:51,23641.2,23758.95,23677.5,NARROW,23758.95,23623.1,0.133,RANGE,STRONG_SELL_PREMIUM,BEARISH,NO_TRADE,NO_TRADE:PAST_14:30,16.19,1,26.29,HIGH,0,0,0,0,0,0,NO_TRADE,,NO_TRADE:PAST_14:30,
14:57:06,23639.5,23758.95,23677.5,NARROW,23758.95,23623.1,0.121,RANGE,STRONG_SELL_PREMIUM,BEARISH,NO_TRADE,NO_TRADE:PAST_14:30,16.19,1,26.28,HIGH,0,0,0,0,0,0,NO_TRADE,,NO_TRADE:PAST_14:30,
14:57:21,23638.8,23758.95,23677.5,NARROW,23758.95,23623.1,0.116,RANGE,STRONG_SELL_PREMIUM,BEARISH,NO_TRADE,NO_TRADE:PAST_14:30,16.19,1,26.27,HIGH,0,0,0,0,0,0,NO_TRADE,,NO_TRADE:PAST_14:30,
14:57:36,23642.9,23758.95,23677.5,NARROW,23758.95,23623.1,0.146,RANGE,STRONG_SELL_PREMIUM,BEARISH,NO_TRADE,NO_TRADE:PAST_14:30,16.19,1,26.26,HIGH,0,0,0,0,0,0,NO_TRADE,,NO_TRADE:PAST_14:30,
14:57:51,23645.4,23758.95,23677.5,NARROW,23758.95,23623.1,0.164,RANGE,STRONG_SELL_PREMIUM,BEARISH,NO_TRADE,NO_TRADE:PAST_14:30,16.19,1,26.25,HIGH,0,0,0,0,0,0,NO_TRADE,,NO_TRADE:PAST_14:30,
14:58:06,23645.3,23758.95,23677.5,NARROW,23758.95,23623.1,0.163,RANGE,STRONG_SELL_PREMIUM,BEARISH,NO_TRADE,NO_TRADE:PAST_14:30,16.13,1,26.24,HIGH,0,0,0,0,0,0,NO_TRADE,,NO_TRADE:PAST_14:30,
14:58:21,23646.65,23758.95,23677.5,NARROW,23758.95,23623.1,0.173,RANGE,STRONG_SELL_PREMIUM,BEARISH,NO_TRADE,NO_TRADE:PAST_14:30,16.13,1,26.23,HIGH,0,0,0,0,0,0,NO_TRADE,,NO_TRADE:PAST_14:30,
14:58:36,23646.0,23758.95,23677.5,NARROW,23758.95,23623.1,0.169,RANGE,STRONG_SELL_PREMIUM,BEARISH,NO_TRADE,NO_TRADE:PAST_14:30,16.13,1,26.22,HIGH,0,0,0,0,0,0,NO_TRADE,,NO_TRADE:PAST_14:30,
14:58:51,23646.9,23758.95,23677.5,NARROW,23758.95,23623.1,0.175,RANGE,STRONG_SELL_PREMIUM,BEARISH,NO_TRADE,NO_TRADE:PAST_14:30,16.13,1,26.22,HIGH,0,0,0,0,0,0,NO_TRADE,,NO_TRADE:PAST_14:30,
14:59:06,23644.15,23758.95,23677.5,NARROW,23758.95,23623.1,0.155,RANGE,STRONG_SELL_PREMIUM,BEARISH,NO_TRADE,NO_TRADE:PAST_14:30,16.13,1,26.21,HIGH,0,0,0,0,0,0,NO_TRADE,,NO_TRADE:PAST_14:30,
14:59:21,23643.65,23758.95,23677.5,NARROW,23758.95,23623.1,0.151,RANGE,STRONG_SELL_PREMIUM,BEARISH,NO_TRADE,NO_TRADE:PAST_14:30,16.13,1,26.2,HIGH,0,0,0,0,0,0,NO_TRADE,,NO_TRADE:PAST_14:30,
14:59:36,23645.35,23758.95,23677.5,NARROW,23758.95,23623.1,0.164,RANGE,STRONG_SELL_PREMIUM,BEARISH,NO_TRADE,NO_TRADE:PAST_14:30,16.13,1,26.19,HIGH,0,0,0,0,0,0,NO_TRADE,,NO_TRADE:PAST_14:30,
14:59:51,23645.05,23758.95,23677.5,NARROW,23758.95,23623.1,0.162,RANGE,STRONG_SELL_PREMIUM,BEARISH,NO_TRADE,NO_TRADE:PAST_14:30,16.13,1,26.18,HIGH,0,0,0,0,0,0,NO_TRADE,,NO_TRADE:PAST_14:30,
15:00:06,23640.05,23758.95,23677.5,NARROW,23758.95,23623.1,0.125,RANGE,STRONG_SELL_PREMIUM,BEARISH,NO_TRADE,NO_TRADE:PAST_14:30,17.11,1,26.17,HIGH,0,0,0,0,0,0,NO_TRADE,,NO_TRADE:PAST_14:30,
15:00:21,23641.05,23758.95,23677.5,NARROW,23758.95,23623.1,0.132,RANGE,STRONG_SELL_PREMIUM,BEARISH,NO_TRADE,NO_TRADE:PAST_14:30,17.11,1,26.16,HIGH,0,0,0,0,0,0,NO_TRADE,,NO_TRADE:PAST_14:30,
15:00:36,23642.05,23758.95,23677.5,NARROW,23758.95,23623.1,0.139,RANGE,STRONG_SELL_PREMIUM,BEARISH,NO_TRADE,NO_TRADE:PAST_14:30,17.11,1,26.15,HIGH,0,0,0,0,0,0,NO_TRADE,,NO_TRADE:PAST_14:30,
15:00:51,23643.3,23758.95,23677.5,NARROW,23758.95,23623.1,0.149,RANGE,STRONG_SELL_PREMIUM,BEARISH,NO_TRADE,NO_TRADE:PAST_14:30,17.11,1,26.14,HIGH,0,0,0,0,0,0,NO_TRADE,,NO_TRADE:PAST_14:30,
15:01:06,23642.45,23758.95,23677.5,NARROW,23758.95,23623.1,0.142,RANGE,STRONG_SELL_PREMIUM,BEARISH,NO_TRADE,NO_TRADE:PAST_14:30,17.05,1,26.13,HIGH,0,0,0,0,0,0,NO_TRADE,,NO_TRADE:PAST_14:30,
15:01:21,23642.3,23758.95,23677.5,NARROW,23758.95,23623.1,0.141,RANGE,STRONG_SELL_PREMIUM,BEARISH,NO_TRADE,NO_TRADE:PAST_14:30,17.05,1,26.12,HIGH,0,0,0,0,0,0,NO_TRADE,,NO_TRADE:PAST_14:30,
15:01:36,23644.3,23758.95,23677.5,NARROW,23758.95,23623.1,0.156,RANGE,STRONG_SELL_PREMIUM,BEARISH,NO_TRADE,NO_TRADE:PAST_14:30,17.05,1,26.11,HIGH,0,0,0,0,0,0,NO_TRADE,,NO_TRADE:PAST_14:30,
15:01:51,23647.45,23758.95,23677.5,NARROW,23758.95,23623.1,0.179,RANGE,STRONG_SELL_PREMIUM,BEARISH,NO_TRADE,NO_TRADE:PAST_14:30,17.05,1,26.1,HIGH,0,0,0,0,0,0,NO_TRADE,,NO_TRADE:PAST_14:30,
15:02:07,23648.7,23758.95,23677.5,NARROW,23758.95,23623.1,0.188,RANGE,STRONG_SELL_PREMIUM,BEARISH,NO_TRADE,NO_TRADE:PAST_14:30,16.61,1,26.09,HIGH,0,0,0,0,0,0,NO_TRADE,,NO_TRADE:PAST_14:30,
15:02:21,23648.7,23758.95,23677.5,NARROW,23758.95,23623.1,0.188,RANGE,STRONG_SELL_PREMIUM,BEARISH,NO_TRADE,NO_TRADE:PAST_14:30,16.61,1,26.08,HIGH,0,0,0,0,0,0,NO_TRADE,,NO_TRADE:PAST_14:30,
15:02:36,23646.75,23758.95,23677.5,NARROW,23758.95,23623.1,0.174,RANGE,STRONG_SELL_PREMIUM,BEARISH,NO_TRADE,NO_TRADE:PAST_14:30,16.61,1,26.07,HIGH,0,0,0,0,0,0,NO_TRADE,,NO_TRADE:PAST_14:30,
15:02:51,23644.8,23758.95,23677.5,NARROW,23758.95,23623.1,0.160,RANGE,STRONG_SELL_PREMIUM,BEARISH,NO_TRADE,NO_TRADE:PAST_14:30,16.61,1,26.06,HIGH,0,0,0,0,0,0,NO_TRADE,,NO_TRADE:PAST_14:30,
15:03:06,23644.6,23758.95,23677.5,NARROW,23758.95,23623.1,0.158,RANGE,STRONG_SELL_PREMIUM,BEARISH,NO_TRADE,NO_TRADE:PAST_14:30,16.61,1,26.05,HIGH,0,0,0,0,0,0,NO_TRADE,,NO_TRADE:PAST_14:30,
15:03:21,23642.75,23758.95,23677.5,NARROW,23758.95,23623.1,0.145,RANGE,STRONG_SELL_PREMIUM,BEARISH,NO_TRADE,NO_TRADE:PAST_14:30,16.61,1,26.04,HIGH,0,0,0,0,0,0,NO_TRADE,,NO_TRADE:PAST_14:30,
15:03:36,23641.9,23758.95,23677.5,NARROW,23758.95,23623.1,0.138,RANGE,STRONG_SELL_PREMIUM,BEARISH,NO_TRADE,NO_TRADE:PAST_14:30,16.61,1,26.04,HIGH,0,0,0,0,0,0,NO_TRADE,,NO_TRADE:PAST_14:30,
15:03:51,23641.5,23758.95,23677.5,NARROW,23758.95,23623.1,0.135,RANGE,STRONG_SELL_PREMIUM,BEARISH,NO_TRADE,NO_TRADE:PAST_14:30,16.61,1,26.03,HIGH,0,0,0,0,0,0,NO_TRADE,,NO_TRADE:PAST_14:30,
15:04:06,23642.4,23758.95,23677.5,NARROW,23758.95,23623.1,0.142,RANGE,STRONG_SELL_PREMIUM,BEARISH,NO_TRADE,NO_TRADE:PAST_14:30,16.61,1,26.02,HIGH,0,0,0,0,0,0,NO_TRADE,,NO_TRADE:PAST_14:30,
15:04:21,23642.0,23758.95,23677.5,NARROW,23758.95,23623.1,0.139,RANGE,STRONG_SELL_PREMIUM,BEARISH,NO_TRADE,NO_TRADE:PAST_14:30,16.61,1,26.01,HIGH,0,0,0,0,0,0,NO_TRADE,,NO_TRADE:PAST_14:30,
15:04:37,23642.0,23758.95,23677.5,NARROW,23758.95,23623.1,0.139,RANGE,STRONG_SELL_PREMIUM,BEARISH,NO_TRADE,NO_TRADE:PAST_14:30,16.61,1,26.0,HIGH,0,0,0,0,0,0,NO_TRADE,,NO_TRADE:PAST_14:30,
15:04:52,23642.8,23758.95,23677.5,NARROW,23758.95,23623.1,0.145,RANGE,STRONG_SELL_PREMIUM,BEARISH,NO_TRADE,NO_TRADE:PAST_14:30,16.61,1,25.99,HIGH,0,0,0,0,0,0,NO_TRADE,,NO_TRADE:PAST_14:30,
15:05:07,23640.6,23758.95,23677.5,NARROW,23758.95,23623.1,0.129,RANGE,STRONG_SELL_PREMIUM,BEARISH,NO_TRADE,NO_TRADE:PAST_14:30,17.03,1,25.98,HIGH,0,0,0,0,0,0,NO_TRADE,,NO_TRADE:PAST_14:30,
15:05:21,23640.1,23758.95,23677.5,NARROW,23758.95,23623.1,0.125,RANGE,STRONG_SELL_PREMIUM,BEARISH,NO_TRADE,NO_TRADE:PAST_14:30,17.03,1,25.97,HIGH,0,0,0,0,0,0,NO_TRADE,,NO_TRADE:PAST_14:30,
15:05:37,23640.25,23758.95,23677.5,NARROW,23758.95,23623.1,0.126,RANGE,STRONG_SELL_PREMIUM,BEARISH,NO_TRADE,NO_TRADE:PAST_14:30,17.03,1,25.96,HIGH,0,0,0,0,0,0,NO_TRADE,,NO_TRADE:PAST_14:30,
15:05:52,23640.7,23758.95,23677.5,NARROW,23758.95,23623.1,0.130,RANGE,STRONG_SELL_PREMIUM,BEARISH,NO_TRADE,NO_TRADE:PAST_14:30,17.03,1,25.95,HIGH,0,0,0,0,0,0,NO_TRADE,,NO_TRADE:PAST_14:30,
15:06:07,23642.0,23758.95,23677.5,NARROW,23758.95,23623.1,0.139,RANGE,STRONG_SELL_PREMIUM,BEARISH,NO_TRADE,NO_TRADE:PAST_14:30,17.03,1,25.94,HIGH,0,0,0,0,0,0,NO_TRADE,,NO_TRADE:PAST_14:30,
15:06:22,23641.1,23758.95,23677.5,NARROW,23758.95,23623.1,0.132,RANGE,STRONG_SELL_PREMIUM,BEARISH,NO_TRADE,NO_TRADE:PAST_14:30,17.03,1,25.93,HIGH,0,0,0,0,0,0,NO_TRADE,,NO_TRADE:PAST_14:30,
15:06:37,23640.6,23758.95,23677.5,NARROW,23758.95,23623.1,0.129,RANGE,STRONG_SELL_PREMIUM,BEARISH,NO_TRADE,NO_TRADE:PAST_14:30,17.03,1,25.92,HIGH,0,0,0,0,0,0,NO_TRADE,,NO_TRADE:PAST_14:30,
15:06:52,23641.25,23758.95,23677.5,NARROW,23758.95,23623.1,0.134,RANGE,STRONG_SELL_PREMIUM,BEARISH,NO_TRADE,NO_TRADE:PAST_14:30,17.03,1,25.91,HIGH,0,0,0,0,0,0,NO_TRADE,,NO_TRADE:PAST_14:30,
15:07:07,23642.25,23758.95,23677.5,NARROW,23758.95,23623.1,0.141,RANGE,STRONG_SELL_PREMIUM,BEARISH,NO_TRADE,NO_TRADE:PAST_14:30,17.03,1,25.91,HIGH,0,0,0,0,0,0,NO_TRADE,,NO_TRADE:PAST_14:30,
15:07:22,23642.85,23758.95,23677.5,NARROW,23758.95,23623.1,0.145,RANGE,STRONG_SELL_PREMIUM,BEARISH,NO_TRADE,NO_TRADE:PAST_14:30,17.03,1,25.9,HIGH,0,0,0,0,0,0,NO_TRADE,,NO_TRADE:PAST_14:30,
15:07:37,23643.05,23758.95,23677.5,NARROW,23758.95,23623.1,0.147,RANGE,STRONG_SELL_PREMIUM,BEARISH,NO_TRADE,NO_TRADE:PAST_14:30,17.03,1,25.89,HIGH,0,0,0,0,0,0,NO_TRADE,,NO_TRADE:PAST_14:30,
15:07:52,23642.3,23758.95,23677.5,NARROW,23758.95,23623.1,0.141,RANGE,STRONG_SELL_PREMIUM,BEARISH,NO_TRADE,NO_TRADE:PAST_14:30,17.03,1,25.88,HIGH,0,0,0,0,0,0,NO_TRADE,,NO_TRADE:PAST_14:30,
15:08:07,23640.95,23758.95,23677.5,NARROW,23758.95,23623.1,0.131,RANGE,STRONG_SELL_PREMIUM,BEARISH,NO_TRADE,NO_TRADE:PAST_14:30,17.22,1,25.87,HIGH,0,0,0,0,0,0,NO_TRADE,,NO_TRADE:PAST_14:30,
15:08:23,23639.65,23758.95,23677.5,NARROW,23758.95,23623.1,0.122,RANGE,STRONG_SELL_PREMIUM,BEARISH,NO_TRADE,NO_TRADE:PAST_14:30,17.22,1,25.86,HIGH,0,0,0,0,0,0,NO_TRADE,,NO_TRADE:PAST_14:30,
15:08:37,23638.3,23758.95,23677.5,NARROW,23758.95,23623.1,0.112,RANGE,STRONG_SELL_PREMIUM,BEARISH,NO_TRADE,NO_TRADE:PAST_14:30,17.22,1,25.85,HIGH,0,0,0,0,0,0,NO_TRADE,,NO_TRADE:PAST_14:30,
15:08:52,23639.4,23758.95,23677.5,NARROW,23758.95,23623.1,0.120,RANGE,STRONG_SELL_PREMIUM,BEARISH,NO_TRADE,NO_TRADE:PAST_14:30,17.22,1,25.84,HIGH,0,0,0,0,0,0,NO_TRADE,,NO_TRADE:PAST_14:30,
15:09:07,23639.05,23758.95,23677.5,NARROW,23758.95,23623.1,0.117,RANGE,STRONG_SELL_PREMIUM,BEARISH,NO_TRADE,NO_TRADE:PAST_14:30,17.49,1,25.83,HIGH,0,0,0,0,0,0,NO_TRADE,,NO_TRADE:PAST_14:30,
15:09:22,23640.5,23758.95,23677.5,NARROW,23758.95,23623.1,0.128,RANGE,STRONG_SELL_PREMIUM,BEARISH,NO_TRADE,NO_TRADE:PAST_14:30,17.49,1,25.82,HIGH,0,0,0,0,0,0,NO_TRADE,,NO_TRADE:PAST_14:30,
15:09:38,23641.85,23758.95,23677.5,NARROW,23758.95,23623.1,0.138,RANGE,STRONG_SELL_PREMIUM,BEARISH,NO_TRADE,NO_TRADE:PAST_14:30,17.49,1,25.81,HIGH,0,0,0,0,0,0,NO_TRADE,,NO_TRADE:PAST_14:30,
15:09:52,23645.35,23758.95,23677.5,NARROW,23758.95,23623.1,0.164,RANGE,STRONG_SELL_PREMIUM,BEARISH,NO_TRADE,NO_TRADE:PAST_14:30,17.49,1,25.8,HIGH,0,0,0,0,0,0,NO_TRADE,,NO_TRADE:PAST_14:30,
15:10:07,23645.9,23758.95,23677.5,NARROW,23758.95,23623.1,0.168,RANGE,STRONG_SELL_PREMIUM,BEARISH,NO_TRADE,NO_TRADE:PAST_14:30,16.87,1,25.8,HIGH,0,0,0,0,0,0,NO_TRADE,,NO_TRADE:PAST_14:30,
15:10:23,23655.35,23758.95,23677.5,NARROW,23758.95,23623.1,0.237,RANGE,NEUTRAL,UNCLEAR,NO_TRADE,NO_TRADE:STRADDLE_EXPLOSION,16.87,1,25.79,NONE,0,0,0,0,0,0,NO_TRADE,,NO_TRADE:STRADDLE_EXPLOSION,
15:10:38,23652.15,23758.95,23677.5,NARROW,23758.95,23623.1,0.214,RANGE,STRONG_SELL_PREMIUM,RANGE,NO_TRADE,NO_TRADE:PAST_14:30,16.87,1,25.78,HIGH,0,0,0,0,0,0,NO_TRADE,,NO_TRADE:PAST_14:30,
15:10:53,23652.25,23758.95,23677.5,NARROW,23758.95,23623.1,0.215,RANGE,STRONG_SELL_PREMIUM,RANGE,NO_TRADE,NO_TRADE:PAST_14:30,16.87,1,25.77,HIGH,0,0,0,0,0,0,NO_TRADE,,NO_TRADE:PAST_14:30,
15:11:08,23654.45,23758.95,23677.5,NARROW,23758.95,23623.1,0.231,RANGE,STRONG_SELL_PREMIUM,RANGE,NO_TRADE,NO_TRADE:PAST_14:30,17.03,1,25.76,HIGH,0,0,0,0,0,0,NO_TRADE,,NO_TRADE:PAST_14:30,
15:11:23,23656.05,23758.95,23677.5,NARROW,23758.95,23623.1,0.243,RANGE,STRONG_SELL_PREMIUM,RANGE,NO_TRADE,NO_TRADE:PAST_14:30,17.03,1,25.75,HIGH,0,0,0,0,0,0,NO_TRADE,,NO_TRADE:PAST_14:30,
15:11:38,23656.0,23758.95,23677.5,NARROW,23758.95,23623.1,0.242,RANGE,NEUTRAL,UNCLEAR,NO_TRADE,NO_TRADE:STRADDLE_EXPLOSION,17.03,1,25.74,NONE,0,0,0,0,0,0,NO_TRADE,,NO_TRADE:STRADDLE_EXPLOSION,
15:11:53,23654.95,23758.95,23677.5,NARROW,23758.95,23623.1,0.234,RANGE,NEUTRAL,UNCLEAR,NO_TRADE,NO_TRADE:STRADDLE_EXPLOSION,17.03,1,25.73,NONE,0,0,0,0,0,0,NO_TRADE,,NO_TRADE:STRADDLE_EXPLOSION,
15:12:08,23650.9,23758.95,23677.5,NARROW,23758.95,23623.1,0.205,RANGE,STRONG_SELL_PREMIUM,RANGE,NO_TRADE,NO_TRADE:PAST_14:30,17.07,1,25.72,HIGH,0,0,0,0,0,0,NO_TRADE,,NO_TRADE:PAST_14:30,
15:12:23,23654.35,23758.95,23677.5,NARROW,23758.95,23623.1,0.230,RANGE,STRONG_SELL_PREMIUM,RANGE,NO_TRADE,NO_TRADE:PAST_14:30,17.07,1,25.71,HIGH,0,0,0,0,0,0,NO_TRADE,,NO_TRADE:PAST_14:30,
15:12:38,23655.0,23758.95,23677.5,NARROW,23758.95,23623.1,0.235,RANGE,NEUTRAL,RANGE,NO_TRADE,NO_TRADE:PAST_14:30,17.07,1,25.7,HIGH,0,0,0,0,0,0,NO_TRADE,,NO_TRADE:PAST_14:30,
15:12:53,23652.6,23758.95,23677.5,NARROW,23758.95,23623.1,0.217,RANGE,STRONG_SELL_PREMIUM,RANGE,NO_TRADE,NO_TRADE:PAST_14:30,17.07,1,25.7,HIGH,0,0,0,0,0,0,NO_TRADE,,NO_TRADE:PAST_14:30,
15:13:08,23651.5,23758.95,23677.5,NARROW,23758.95,23623.1,0.209,RANGE,NEUTRAL,RANGE,NO_TRADE,NO_TRADE:PAST_14:30,17.07,1,25.69,HIGH,0,0,0,0,0,0,NO_TRADE,,NO_TRADE:PAST_14:30,
15:13:23,23645.95,23758.95,23677.5,NARROW,23758.95,23623.1,0.168,RANGE,NEUTRAL,BEARISH,NO_TRADE,NO_TRADE:PAST_14:30,17.07,1,25.68,HIGH,0,0,0,0,0,0,NO_TRADE,,NO_TRADE:PAST_14:30,
15:13:38,23642.55,23758.95,23677.5,NARROW,23758.95,23623.1,0.143,RANGE,STRONG_SELL_PREMIUM,BEARISH,NO_TRADE,NO_TRADE:PAST_14:30,17.07,1,25.67,HIGH,0,0,0,0,0,0,NO_TRADE,,NO_TRADE:PAST_14:30,
15:13:53,23644.1,23758.95,23677.5,NARROW,23758.95,23623.1,0.155,RANGE,STRONG_SELL_PREMIUM,BEARISH,NO_TRADE,NO_TRADE:PAST_14:30,17.07,1,25.66,HIGH,0,0,0,0,0,0,NO_TRADE,,NO_TRADE:PAST_14:30,
15:14:08,23639.65,23758.95,23677.5,NARROW,23758.95,23623.1,0.122,RANGE,STRONG_SELL_PREMIUM,BEARISH,NO_TRADE,NO_TRADE:PAST_14:30,17.07,1,25.65,HIGH,0,0,0,0,0,0,NO_TRADE,,NO_TRADE:PAST_14:30,
15:14:23,23642.9,23758.95,23677.5,NARROW,23758.95,23623.1,0.146,RANGE,STRONG_SELL_PREMIUM,BEARISH,NO_TRADE,NO_TRADE:PAST_14:30,17.07,1,25.64,HIGH,0,0,0,0,0,0,NO_TRADE,,NO_TRADE:PAST_14:30,
15:14:39,23645.05,23758.95,23677.5,NARROW,23758.95,23623.1,0.162,RANGE,STRONG_SELL_PREMIUM,BEARISH,NO_TRADE,NO_TRADE:PAST_14:30,17.07,1,25.63,HIGH,0,0,0,0,0,0,NO_TRADE,,NO_TRADE:PAST_14:30,
15:14:53,23643.5,23758.95,23677.5,NARROW,23758.95,23623.1,0.150,RANGE,STRONG_SELL_PREMIUM,UNCLEAR,NO_TRADE,NO_TRADE:PAST_14:30,17.07,1,25.62,HIGH,0,0,0,0,0,0,NO_TRADE,,NO_TRADE:PAST_14:30,
15:15:08,23640.05,23758.95,23677.5,NARROW,23758.95,23623.1,0.125,RANGE,STRONG_SELL_PREMIUM,UNCLEAR,NO_TRADE,NO_TRADE:PAST_14:30,16.69,1,25.62,HIGH,0,0,0,0,0,0,NO_TRADE,,NO_TRADE:PAST_14:30,
15:15:23,23640.05,23758.95,23677.5,NARROW,23758.95,23623.1,0.125,RANGE,STRONG_SELL_PREMIUM,UNCLEAR,NO_TRADE,NO_TRADE:PAST_14:30,16.69,1,25.61,HIGH,0,0,0,0,0,0,NO_TRADE,,NO_TRADE:PAST_14:30,
15:15:39,23640.05,23758.95,23677.5,NARROW,23758.95,23623.1,0.125,RANGE,STRONG_SELL_PREMIUM,UNCLEAR,NO_TRADE,NO_TRADE:PAST_14:30,16.69,1,25.6,HIGH,0,0,0,0,0,0,NO_TRADE,,NO_TRADE:PAST_14:30,
15:15:54,23640.05,23758.95,23677.5,NARROW,23758.95,23623.1,0.125,RANGE,STRONG_SELL_PREMIUM,UNCLEAR,NO_TRADE,NO_TRADE:PAST_14:30,16.69,1,25.59,HIGH,0,0,0,0,0,0,NO_TRADE,,NO_TRADE:PAST_14:30,
15:16:08,23640.05,23758.95,23677.5,NARROW,23758.95,23623.1,0.125,RANGE,STRONG_SELL_PREMIUM,UNCLEAR,NO_TRADE,NO_TRADE:PAST_14:30,16.69,1,25.58,HIGH,0,0,0,0,0,0,NO_TRADE,,NO_TRADE:PAST_14:30,
15:16:23,23640.05,23758.95,23677.5,NARROW,23758.95,23623.1,0.125,RANGE,STRONG_SELL_PREMIUM,UNCLEAR,NO_TRADE,NO_TRADE:PAST_14:30,16.69,1,25.57,HIGH,0,0,0,0,0,0,NO_TRADE,,NO_TRADE:PAST_14:30,
15:16:39,23640.05,23758.95,23677.5,NARROW,23758.95,23623.1,0.125,RANGE,STRONG_SELL_PREMIUM,UNCLEAR,NO_TRADE,NO_TRADE:PAST_14:30,16.69,1,25.56,HIGH,0,0,0,0,0,0,NO_TRADE,,NO_TRADE:PAST_14:30,
15:16:53,23640.05,23758.95,23677.5,NARROW,23758.95,23623.1,0.125,RANGE,STRONG_SELL_PREMIUM,UNCLEAR,NO_TRADE,NO_TRADE:PAST_14:30,16.69,1,25.55,HIGH,0,0,0,0,0,0,NO_TRADE,,NO_TRADE:PAST_14:30,
15:17:09,23640.05,23758.95,23677.5,NARROW,23758.95,23623.1,0.125,RANGE,STRONG_SELL_PREMIUM,UNCLEAR,NO_TRADE,NO_TRADE:PAST_14:30,16.69,1,25.54,HIGH,0,0,0,0,0,0,NO_TRADE,,NO_TRADE:PAST_14:30,
15:17:23,23640.05,23758.95,23677.5,NARROW,23758.95,23623.1,0.125,RANGE,STRONG_SELL_PREMIUM,UNCLEAR,NO_TRADE,NO_TRADE:PAST_14:30,16.69,1,25.54,HIGH,0,0,0,0,0,0,NO_TRADE,,NO_TRADE:PAST_14:30,
15:17:39,23640.05,23758.95,23677.5,NARROW,23758.95,23623.1,0.125,RANGE,STRONG_SELL_PREMIUM,UNCLEAR,NO_TRADE,NO_TRADE:PAST_14:30,16.69,1,25.53,HIGH,0,0,0,0,0,0,NO_TRADE,,NO_TRADE:PAST_14:30,
15:17:53,23640.05,23758.95,23677.5,NARROW,23758.95,23623.1,0.125,RANGE,STRONG_SELL_PREMIUM,UNCLEAR,NO_TRADE,NO_TRADE:PAST_14:30,16.69,1,25.52,HIGH,0,0,0,0,0,0,NO_TRADE,,NO_TRADE:PAST_14:30,
15:18:08,23640.05,23758.95,23677.5,NARROW,23758.95,23623.1,0.125,RANGE,STRONG_SELL_PREMIUM,UNCLEAR,NO_TRADE,NO_TRADE:PAST_14:30,16.69,1,25.51,HIGH,0,0,0,0,0,0,NO_TRADE,,NO_TRADE:PAST_14:30,
15:18:24,23640.05,23758.95,23677.5,NARROW,23758.95,23623.1,0.125,RANGE,STRONG_SELL_PREMIUM,UNCLEAR,NO_TRADE,NO_TRADE:PAST_14:30,16.69,1,25.5,HIGH,0,0,0,0,0,0,NO_TRADE,,NO_TRADE:PAST_14:30,
15:18:39,23640.05,23758.95,23677.5,NARROW,23758.95,23623.1,0.125,RANGE,STRONG_SELL_PREMIUM,UNCLEAR,NO_TRADE,NO_TRADE:PAST_14:30,16.69,1,25.49,HIGH,0,0,0,0,0,0,NO_TRADE,,NO_TRADE:PAST_14:30,
15:18:54,23640.05,23758.95,23677.5,NARROW,23758.95,23623.1,0.125,RANGE,STRONG_SELL_PREMIUM,UNCLEAR,NO_TRADE,NO_TRADE:PAST_14:30,16.69,1,25.48,HIGH,0,0,0,0,0,0,NO_TRADE,,NO_TRADE:PAST_14:30,
15:19:09,23640.05,23758.95,23677.5,NARROW,23758.95,23623.1,0.125,RANGE,STRONG_SELL_PREMIUM,UNCLEAR,NO_TRADE,NO_TRADE:PAST_14:30,16.69,1,25.47,HIGH,0,0,0,0,0,0,NO_TRADE,,NO_TRADE:PAST_14:30,
15:19:24,23640.05,23758.95,23677.5,NARROW,23758.95,23623.1,0.125,RANGE,STRONG_SELL_PREMIUM,UNCLEAR,NO_TRADE,NO_TRADE:PAST_14:30,16.69,1,25.47,HIGH,0,0,0,0,0,0,NO_TRADE,,NO_TRADE:PAST_14:30,
15:19:39,23640.05,23758.95,23677.5,NARROW,23758.95,23623.1,0.125,RANGE,STRONG_SELL_PREMIUM,UNCLEAR,NO_TRADE,NO_TRADE:PAST_14:30,16.69,1,25.46,HIGH,0,0,0,0,0,0,NO_TRADE,,NO_TRADE:PAST_14:30,
15:19:54,23640.05,23758.95,23677.5,NARROW,23758.95,23623.1,0.125,RANGE,STRONG_SELL_PREMIUM,UNCLEAR,NO_TRADE,NO_TRADE:PAST_14:30,16.69,1,25.45,HIGH,0,0,0,0,0,0,NO_TRADE,,NO_TRADE:PAST_14:30,
15:20:09,23640.05,23758.95,23677.5,NARROW,23758.95,23623.1,0.125,RANGE,STRONG_SELL_PREMIUM,UNCLEAR,NO_TRADE,NO_TRADE:PAST_14:30,16.35,1,25.44,HIGH,0,0,0,0,0,0,NO_TRADE,,NO_TRADE:PAST_14:30,
15:20:24,23640.05,23758.95,23677.5,NARROW,23758.95,23623.1,0.125,RANGE,STRONG_SELL_PREMIUM,UNCLEAR,NO_TRADE,NO_TRADE:PAST_14:30,16.35,1,25.43,HIGH,0,0,0,0,0,0,NO_TRADE,,NO_TRADE:PAST_14:30,
15:20:39,23640.05,23758.95,23677.5,NARROW,23758.95,23623.1,0.125,RANGE,STRONG_SELL_PREMIUM,UNCLEAR,NO_TRADE,NO_TRADE:PAST_14:30,16.35,1,25.42,HIGH,0,0,0,0,0,0,NO_TRADE,,NO_TRADE:PAST_14:30,
15:20:54,23640.05,23758.95,23677.5,NARROW,23758.95,23623.1,0.125,RANGE,NEUTRAL,UNCLEAR,NO_TRADE,NO_TRADE:STRADDLE_EXPLOSION,16.35,1,25.41,NONE,0,0,0,0,0,0,NO_TRADE,,NO_TRADE:STRADDLE_EXPLOSION,
15:21:09,23640.05,23758.95,23677.5,NARROW,23758.95,23623.1,0.125,RANGE,NEUTRAL,UNCLEAR,NO_TRADE,NO_TRADE:STRADDLE_EXPLOSION,16.35,1,25.4,NONE,0,0,0,0,0,0,NO_TRADE,,NO_TRADE:STRADDLE_EXPLOSION,
15:21:24,23640.05,23758.95,23677.5,NARROW,23758.95,23623.1,0.125,RANGE,NEUTRAL,UNCLEAR,NO_TRADE,NO_TRADE:STRADDLE_EXPLOSION,16.35,1,25.4,NONE,0,0,0,0,0,0,NO_TRADE,,NO_TRADE:STRADDLE_EXPLOSION,
15:21:39,23640.05,23758.95,23677.5,NARROW,23758.95,23623.1,0.125,RANGE,STRONG_SELL_PREMIUM,BEARISH,NO_TRADE,NO_TRADE:PAST_14:30,16.35,1,25.39,HIGH,0,0,0,0,0,0,NO_TRADE,,NO_TRADE:PAST_14:30,
15:21:54,23640.05,23758.95,23677.5,NARROW,23758.95,23623.1,0.125,RANGE,STRONG_SELL_PREMIUM,BEARISH,NO_TRADE,NO_TRADE:PAST_14:30,16.35,1,25.38,HIGH,0,0,0,0,0,0,NO_TRADE,,NO_TRADE:PAST_14:30,
15:22:09,23640.05,23758.95,23677.5,NARROW,23758.95,23623.1,0.125,RANGE,STRONG_SELL_PREMIUM,BEARISH,NO_TRADE,NO_TRADE:PAST_14:30,16.35,1,25.37,HIGH,0,0,0,0,0,0,NO_TRADE,,NO_TRADE:PAST_14:30,
15:22:24,23640.05,23758.95,23677.5,NARROW,23758.95,23623.1,0.125,RANGE,STRONG_SELL_PREMIUM,BEARISH,NO_TRADE,NO_TRADE:PAST_14:30,16.35,1,25.36,HIGH,0,0,0,0,0,0,NO_TRADE,,NO_TRADE:PAST_14:30,
15:22:39,23640.05,23758.95,23677.5,NARROW,23758.95,23623.1,0.125,RANGE,STRONG_SELL_PREMIUM,BEARISH,NO_TRADE,NO_TRADE:PAST_14:30,16.35,1,25.35,HIGH,0,0,0,0,0,0,NO_TRADE,,NO_TRADE:PAST_14:30,
15:22:54,23640.05,23758.95,23677.5,NARROW,23758.95,23623.1,0.125,RANGE,STRONG_SELL_PREMIUM,BEARISH,NO_TRADE,NO_TRADE:PAST_14:30,16.35,1,25.34,HIGH,0,0,0,0,0,0,NO_TRADE,,NO_TRADE:PAST_14:30,
15:23:09,23640.05,23758.95,23677.5,NARROW,23758.95,23623.1,0.125,RANGE,STRONG_SELL_PREMIUM,UNCLEAR,NO_TRADE,NO_TRADE:PAST_14:30,16.35,1,25.34,HIGH,0,0,0,0,0,0,NO_TRADE,,NO_TRADE:PAST_14:30,
15:23:24,23640.05,23758.95,23677.5,NARROW,23758.95,23623.1,0.125,RANGE,STRONG_SELL_PREMIUM,UNCLEAR,NO_TRADE,NO_TRADE:PAST_14:30,16.35,1,25.33,HIGH,0,0,0,0,0,0,NO_TRADE,,NO_TRADE:PAST_14:30,
15:23:39,23640.05,23758.95,23677.5,NARROW,23758.95,23623.1,0.125,RANGE,STRONG_SELL_PREMIUM,UNCLEAR,NO_TRADE,NO_TRADE:PAST_14:30,16.35,1,25.32,HIGH,0,0,0,0,0,0,NO_TRADE,,NO_TRADE:PAST_14:30,
15:23:54,23640.05,23758.95,23677.5,NARROW,23758.95,23623.1,0.125,RANGE,STRONG_SELL_PREMIUM,BEARISH,NO_TRADE,NO_TRADE:PAST_14:30,16.35,1,25.31,HIGH,0,0,0,0,0,0,NO_TRADE,,NO_TRADE:PAST_14:30,
15:24:09,23640.05,23758.95,23677.5,NARROW,23758.95,23623.1,0.125,RANGE,STRONG_SELL_PREMIUM,UNCLEAR,NO_TRADE,NO_TRADE:PAST_14:30,16.35,1,25.3,HIGH,0,0,0,0,0,0,NO_TRADE,,NO_TRADE:PAST_14:30,
15:24:24,23640.05,23758.95,23677.5,NARROW,23758.95,23623.1,0.125,RANGE,STRONG_SELL_PREMIUM,UNCLEAR,NO_TRADE,NO_TRADE:PAST_14:30,16.35,1,25.29,HIGH,0,0,0,0,0,0,NO_TRADE,,NO_TRADE:PAST_14:30,
15:24:39,23640.05,23758.95,23677.5,NARROW,23758.95,23623.1,0.125,RANGE,STRONG_SELL_PREMIUM,UNCLEAR,NO_TRADE,NO_TRADE:PAST_14:30,16.35,1,25.28,HIGH,0,0,0,0,0,0,NO_TRADE,,NO_TRADE:PAST_14:30,
15:24:54,23640.05,23758.95,23677.5,NARROW,23758.95,23623.1,0.125,RANGE,STRONG_SELL_PREMIUM,UNCLEAR,NO_TRADE,NO_TRADE:PAST_14:30,16.35,1,25.28,HIGH,0,0,0,0,0,0,NO_TRADE,,NO_TRADE:PAST_14:30,
15:25:09,23640.05,23758.95,23677.5,NARROW,23758.95,23623.1,0.125,RANGE,STRONG_SELL_PREMIUM,UNCLEAR,NO_TRADE,NO_TRADE:PAST_14:30,16.04,1,25.27,HIGH,0,0,0,0,0,0,NO_TRADE,,NO_TRADE:PAST_14:30,
15:25:24,23640.05,23758.95,23677.5,NARROW,23758.95,23623.1,0.125,RANGE,STRONG_SELL_PREMIUM,UNCLEAR,NO_TRADE,NO_TRADE:PAST_14:30,16.04,1,25.26,HIGH,0,0,0,0,0,0,NO_TRADE,,NO_TRADE:PAST_14:30,
15:25:39,23640.05,23758.95,23677.5,NARROW,23758.95,23623.1,0.125,RANGE,STRONG_SELL_PREMIUM,UNCLEAR,NO_TRADE,NO_TRADE:PAST_14:30,16.04,1,25.25,HIGH,0,0,0,0,0,0,NO_TRADE,,NO_TRADE:PAST_14:30,
15:25:54,23640.05,23758.95,23677.5,NARROW,23758.95,23623.1,0.125,RANGE,STRONG_SELL_PREMIUM,UNCLEAR,NO_TRADE,NO_TRADE:PAST_14:30,16.04,1,25.24,HIGH,0,0,0,0,0,0,NO_TRADE,,NO_TRADE:PAST_14:30,
15:26:09,23640.05,23758.95,23677.5,NARROW,23758.95,23623.1,0.125,RANGE,STRONG_SELL_PREMIUM,UNCLEAR,NO_TRADE,NO_TRADE:PAST_14:30,16.04,1,25.23,HIGH,0,0,0,0,0,0,NO_TRADE,,NO_TRADE:PAST_14:30,
15:26:24,23640.05,23758.95,23677.5,NARROW,23758.95,23623.1,0.125,RANGE,STRONG_SELL_PREMIUM,UNCLEAR,NO_TRADE,NO_TRADE:PAST_14:30,16.04,1,25.22,HIGH,0,0,0,0,0,0,NO_TRADE,,NO_TRADE:PAST_14:30,
15:26:39,23640.05,23758.95,23677.5,NARROW,23758.95,23623.1,0.125,RANGE,STRONG_SELL_PREMIUM,UNCLEAR,NO_TRADE,NO_TRADE:PAST_14:30,16.04,1,25.22,HIGH,0,0,0,0,0,0,NO_TRADE,,NO_TRADE:PAST_14:30,
15:26:54,23640.05,23758.95,23677.5,NARROW,23758.95,23623.1,0.125,RANGE,STRONG_SELL_PREMIUM,UNCLEAR,NO_TRADE,NO_TRADE:PAST_14:30,16.04,1,25.21,HIGH,0,0,0,0,0,0,NO_TRADE,,NO_TRADE:PAST_14:30,
15:27:09,23640.05,23758.95,23677.5,NARROW,23758.95,23623.1,0.125,RANGE,STRONG_SELL_PREMIUM,UNCLEAR,NO_TRADE,NO_TRADE:PAST_14:30,16.04,1,25.2,HIGH,0,0,0,0,0,0,NO_TRADE,,NO_TRADE:PAST_14:30,
15:27:24,23640.05,23758.95,23677.5,NARROW,23758.95,23623.1,0.125,RANGE,STRONG_SELL_PREMIUM,UNCLEAR,NO_TRADE,NO_TRADE:PAST_14:30,16.04,1,25.19,HIGH,0,0,0,0,0,0,NO_TRADE,,NO_TRADE:PAST_14:30,
15:27:39,23640.05,23758.95,23677.5,NARROW,23758.95,23623.1,0.125,RANGE,STRONG_SELL_PREMIUM,UNCLEAR,NO_TRADE,NO_TRADE:PAST_14:30,16.04,1,25.18,HIGH,0,0,0,0,0,0,NO_TRADE,,NO_TRADE:PAST_14:30,
15:27:54,23640.05,23758.95,23677.5,NARROW,23758.95,23623.1,0.125,RANGE,STRONG_SELL_PREMIUM,UNCLEAR,NO_TRADE,NO_TRADE:PAST_14:30,16.04,1,25.17,HIGH,0,0,0,0,0,0,NO_TRADE,,NO_TRADE:PAST_14:30,
15:28:09,23640.05,23758.95,23677.5,NARROW,23758.95,23623.1,0.125,RANGE,STRONG_SELL_PREMIUM,UNCLEAR,NO_TRADE,NO_TRADE:PAST_14:30,16.04,1,25.16,HIGH,0,0,0,0,0,0,NO_TRADE,,NO_TRADE:PAST_14:30,
15:28:24,23640.05,23758.95,23677.5,NARROW,23758.95,23623.1,0.125,RANGE,STRONG_SELL_PREMIUM,UNCLEAR,NO_TRADE,NO_TRADE:PAST_14:30,16.04,1,25.16,HIGH,0,0,0,0,0,0,NO_TRADE,,NO_TRADE:PAST_14:30,
15:28:39,23640.05,23758.95,23677.5,NARROW,23758.95,23623.1,0.125,RANGE,STRONG_SELL_PREMIUM,UNCLEAR,NO_TRADE,NO_TRADE:PAST_14:30,16.04,1,25.15,HIGH,0,0,0,0,0,0,NO_TRADE,,NO_TRADE:PAST_14:30,
15:28:54,23640.05,23758.95,23677.5,NARROW,23758.95,23623.1,0.125,RANGE,STRONG_SELL_PREMIUM,UNCLEAR,NO_TRADE,NO_TRADE:PAST_14:30,16.04,1,25.14,HIGH,0,0,0,0,0,0,NO_TRADE,,NO_TRADE:PAST_14:30,
15:29:09,23640.05,23758.95,23677.5,NARROW,23758.95,23623.1,0.125,RANGE,STRONG_SELL_PREMIUM,UNCLEAR,NO_TRADE,NO_TRADE:PAST_14:30,15.07,1,25.13,HIGH,0,0,0,0,0,0,NO_TRADE,,NO_TRADE:PAST_14:30,
15:29:24,23640.05,23758.95,23677.5,NARROW,23758.95,23623.1,0.125,RANGE,STRONG_SELL_PREMIUM,UNCLEAR,NO_TRADE,NO_TRADE:PAST_14:30,15.07,1,25.12,HIGH,0,0,0,0,0,0,NO_TRADE,,NO_TRADE:PAST_14:30,
15:29:40,23635.1,23758.95,23677.5,NARROW,23758.95,23623.1,0.088,RANGE,STRONG_SELL_PREMIUM,UNCLEAR,NO_TRADE,NO_TRADE:PAST_14:30,15.07,1,25.11,HIGH,0,0,0,0,0,0,NO_TRADE,,NO_TRADE:PAST_14:30,
15:29:54,23635.1,23758.95,23677.5,NARROW,23758.95,23623.1,0.088,RANGE,STRONG_SELL_PREMIUM,UNCLEAR,NO_TRADE,NO_TRADE:PAST_14:30,15.07,1,25.11,HIGH,0,0,0,0,0,0,NO_TRADE,,NO_TRADE:PAST_14:30,
15:30:09,23635.1,23758.95,23677.5,NARROW,23758.95,23623.1,0.088,RANGE,NEUTRAL,BEARISH,NO_TRADE,NO_TRADE:PAST_14:30,15.07,1,25.1,HIGH,0,0,0,0,0,0,NO_TRADE,,NO_TRADE:PAST_14:30,
15:30:24,23635.1,23758.95,23677.5,NARROW,23758.95,23623.1,0.088,RANGE,NEUTRAL,BEARISH,NO_TRADE,NO_TRADE:PAST_14:30,15.07,1,25.1,HIGH,0,0,0,0,0,0,NO_TRADE,,NO_TRADE:PAST_14:30,
15:30:39,23635.1,23758.95,23677.5,NARROW,23758.95,23623.1,0.088,RANGE,NEUTRAL,BEARISH,NO_TRADE,NO_TRADE:PAST_14:30,15.07,1,25.1,HIGH,0,0,0,0,0,0,NO_TRADE,,NO_TRADE:PAST_14:30,
15:30:54,23635.1,23758.95,23677.5,NARROW,23758.95,23623.1,0.088,RANGE,NEUTRAL,BEARISH,NO_TRADE,NO_TRADE:PAST_14:30,15.07,1,25.1,HIGH,0,0,0,0,0,0,NO_TRADE,,NO_TRADE:PAST_14:30,
