time,spot,or_h,or_l,or_cond,day_h,day_l,loc,px,vol,pos,final,notes,adx,adx_m,dmu,conf,dte,choppy,fade_hi,fade_lo,fb_lo,fb_hi,action,strat,reason,in_trade
09:15:03,23442.6,,,,23494.95,23437.05,0.096,OBSERVING,NEUTRAL,BEARISH,NO_TRADE,NO_TRADE:OR_NOT_ESTABLISHED,0.0,0,0.0,NONE,2,0,0,0,0,0,NO_TRADE,,NO_TRADE:OR_NOT_ESTABLISHED,
09:15:18,23489.7,,,,23494.95,23437.05,0.909,OBSERVING,NEUTRAL,BEARISH,NO_TRADE,NO_TRADE:OR_NOT_ESTABLISHED,0.0,0,0.0,NONE,2,0,0,0,0,0,NO_TRADE,,NO_TRADE:OR_NOT_ESTABLISHED,
09:15:32,23465.4,,,,23494.95,23437.05,0.490,OBSERVING,NEUTRAL,BEARISH,NO_TRADE,NO_TRADE:OR_NOT_ESTABLISHED,0.0,0,0.0,NONE,2,0,0,0,0,0,NO_TRADE,,NO_TRADE:OR_NOT_ESTABLISHED,
09:15:47,23463.3,,,,23494.95,23437.05,0.453,OBSERVING,NEUTRAL,BEARISH,NO_TRADE,NO_TRADE:OR_NOT_ESTABLISHED,0.0,0,0.0,NONE,2,0,0,0,0,0,NO_TRADE,,NO_TRADE:OR_NOT_ESTABLISHED,
09:16:02,23458.3,,,,23494.95,23431.35,0.424,OBSERVING,NEUTRAL,BEARISH,NO_TRADE,NO_TRADE:OR_NOT_ESTABLISHED,0.0,0,0.0,NONE,2,0,0,0,0,0,NO_TRADE,,NO_TRADE:OR_NOT_ESTABLISHED,
09:16:18,23449.2,,,,23494.95,23431.35,0.281,OBSERVING,NEUTRAL,BEARISH,NO_TRADE,NO_TRADE:OR_NOT_ESTABLISHED,0.0,0,0.0,NONE,2,0,0,0,0,0,NO_TRADE,,NO_TRADE:OR_NOT_ESTABLISHED,
09:16:33,23450.15,,,,23494.95,23431.35,0.296,OBSERVING,NEUTRAL,BEARISH,NO_TRADE,NO_TRADE:OR_NOT_ESTABLISHED,0.0,0,0.0,NONE,2,0,0,0,0,0,NO_TRADE,,NO_TRADE:OR_NOT_ESTABLISHED,
09:16:48,23447.95,,,,23494.95,23431.35,0.261,OBSERVING,NEUTRAL,BEARISH,NO_TRADE,NO_TRADE:OR_NOT_ESTABLISHED,0.0,0,0.0,NONE,2,0,0,0,0,0,NO_TRADE,,NO_TRADE:OR_NOT_ESTABLISHED,
09:17:03,23437.75,,,,23494.95,23431.35,0.101,OBSERVING,NEUTRAL,BEARISH,NO_TRADE,NO_TRADE:OR_NOT_ESTABLISHED,0.0,0,0.0,NONE,2,0,0,0,0,0,NO_TRADE,,NO_TRADE:OR_NOT_ESTABLISHED,
09:17:18,23443.45,,,,23494.95,23431.35,0.190,OBSERVING,NEUTRAL,BEARISH,NO_TRADE,NO_TRADE:OR_NOT_ESTABLISHED,0.0,0,0.0,NONE,2,0,0,0,0,0,NO_TRADE,,NO_TRADE:OR_NOT_ESTABLISHED,
09:17:33,23455.5,,,,23494.95,23431.35,0.380,OBSERVING,NEUTRAL,BEARISH,NO_TRADE,NO_TRADE:OR_NOT_ESTABLISHED,0.0,0,0.0,NONE,2,0,0,0,0,0,NO_TRADE,,NO_TRADE:OR_NOT_ESTABLISHED,
09:17:48,23459.45,,,,23494.95,23431.35,0.442,OBSERVING,NEUTRAL,BEARISH,NO_TRADE,NO_TRADE:OR_NOT_ESTABLISHED,0.0,0,0.0,NONE,2,0,0,0,0,0,NO_TRADE,,NO_TRADE:OR_NOT_ESTABLISHED,
09:18:03,23464.35,,,,23494.95,23431.35,0.519,OBSERVING,NEUTRAL,BEARISH,NO_TRADE,NO_TRADE:OR_NOT_ESTABLISHED,0.0,0,0.0,NONE,2,0,0,0,0,0,NO_TRADE,,NO_TRADE:OR_NOT_ESTABLISHED,
09:18:18,23471.2,,,,23494.95,23431.35,0.627,OBSERVING,NEUTRAL,BEARISH,NO_TRADE,NO_TRADE:OR_NOT_ESTABLISHED,0.0,0,0.0,NONE,2,0,0,0,0,0,NO_TRADE,,NO_TRADE:OR_NOT_ESTABLISHED,
09:18:33,23469.45,,,,23494.95,23431.35,0.599,OBSERVING,NEUTRAL,BEARISH,NO_TRADE,NO_TRADE:OR_NOT_ESTABLISHED,0.0,0,0.0,NONE,2,0,0,0,0,0,NO_TRADE,,NO_TRADE:OR_NOT_ESTABLISHED,
09:18:48,23468.05,,,,23494.95,23431.35,0.577,OBSERVING,NEUTRAL,BEARISH,NO_TRADE,NO_TRADE:OR_NOT_ESTABLISHED,0.0,0,0.0,NONE,2,0,0,0,0,0,NO_TRADE,,NO_TRADE:OR_NOT_ESTABLISHED,
09:19:03,23468.55,,,,23494.95,23431.35,0.585,OBSERVING,NEUTRAL,BEARISH,NO_TRADE,NO_TRADE:OR_NOT_ESTABLISHED,0.0,0,0.0,NONE,2,0,0,0,0,0,NO_TRADE,,NO_TRADE:OR_NOT_ESTABLISHED,
09:19:20,23465.55,,,,23494.95,23431.35,0.538,OBSERVING,NEUTRAL,BEARISH,NO_TRADE,NO_TRADE:OR_NOT_ESTABLISHED,0.0,0,0.0,NONE,2,0,0,0,0,0,NO_TRADE,,NO_TRADE:OR_NOT_ESTABLISHED,
09:19:33,23463.9,,,,23494.95,23431.35,0.512,OBSERVING,NEUTRAL,BEARISH,NO_TRADE,NO_TRADE:OR_NOT_ESTABLISHED,0.0,0,0.0,NONE,2,0,0,0,0,0,NO_TRADE,,NO_TRADE:OR_NOT_ESTABLISHED,
09:19:48,23458.7,,,,23494.95,23431.35,0.430,OBSERVING,NEUTRAL,BEARISH,NO_TRADE,NO_TRADE:OR_NOT_ESTABLISHED,0.0,0,0.0,NONE,2,0,0,0,0,0,NO_TRADE,,NO_TRADE:OR_NOT_ESTABLISHED,
09:20:03,23456.4,,,,23494.95,23431.35,0.394,OBSERVING,NEUTRAL,BEARISH,NO_TRADE,NO_TRADE:OR_NOT_ESTABLISHED,0.0,0,0.0,NONE,2,0,0,0,0,0,NO_TRADE,,NO_TRADE:OR_NOT_ESTABLISHED,
09:20:18,23454.1,,,,23494.95,23431.35,0.358,OBSERVING,NEUTRAL,BEARISH,NO_TRADE,NO_TRADE:OR_NOT_ESTABLISHED,0.0,0,0.0,NONE,2,0,0,0,0,0,NO_TRADE,,NO_TRADE:OR_NOT_ESTABLISHED,
09:20:33,23449.35,,,,23494.95,23431.35,0.283,OBSERVING,NEUTRAL,BEARISH,NO_TRADE,NO_TRADE:OR_NOT_ESTABLISHED,0.0,0,0.0,NONE,2,0,0,0,0,0,NO_TRADE,,NO_TRADE:OR_NOT_ESTABLISHED,
09:20:48,23442.5,,,,23494.95,23431.35,0.175,OBSERVING,NEUTRAL,BEARISH,NO_TRADE,NO_TRADE:OR_NOT_ESTABLISHED,0.0,0,0.0,NONE,2,0,0,0,0,0,NO_TRADE,,NO_TRADE:OR_NOT_ESTABLISHED,
09:21:03,23444.8,,,,23494.95,23431.35,0.211,OBSERVING,NEUTRAL,BEARISH,NO_TRADE,NO_TRADE:OR_NOT_ESTABLISHED,0.0,0,0.0,NONE,2,0,0,0,0,0,NO_TRADE,,NO_TRADE:OR_NOT_ESTABLISHED,
09:21:18,23450.75,,,,23494.95,23431.35,0.305,OBSERVING,NEUTRAL,BEARISH,NO_TRADE,NO_TRADE:OR_NOT_ESTABLISHED,0.0,0,0.0,NONE,2,0,0,0,0,0,NO_TRADE,,NO_TRADE:OR_NOT_ESTABLISHED,
09:21:33,23457.5,,,,23494.95,23431.35,0.411,OBSERVING,NEUTRAL,BEARISH,NO_TRADE,NO_TRADE:OR_NOT_ESTABLISHED,0.0,0,0.0,NONE,2,0,0,0,0,0,NO_TRADE,,NO_TRADE:OR_NOT_ESTABLISHED,
09:21:49,23461.1,,,,23494.95,23431.35,0.468,OBSERVING,NEUTRAL,BEARISH,NO_TRADE,NO_TRADE:OR_NOT_ESTABLISHED,0.0,0,0.0,NONE,2,0,0,0,0,0,NO_TRADE,,NO_TRADE:OR_NOT_ESTABLISHED,
09:22:03,23455.4,,,,23494.95,23419.25,0.478,OBSERVING,NEUTRAL,BEARISH,NO_TRADE,NO_TRADE:OR_NOT_ESTABLISHED,0.0,0,0.0,NONE,2,0,0,0,0,0,NO_TRADE,,NO_TRADE:OR_NOT_ESTABLISHED,
09:22:18,23441.35,,,,23494.95,23419.25,0.292,OBSERVING,NEUTRAL,BEARISH,NO_TRADE,NO_TRADE:OR_NOT_ESTABLISHED,0.0,0,0.0,NONE,2,0,0,0,0,0,NO_TRADE,,NO_TRADE:OR_NOT_ESTABLISHED,
09:22:33,23432.65,,,,23494.95,23419.25,0.177,OBSERVING,NEUTRAL,BEARISH,NO_TRADE,NO_TRADE:OR_NOT_ESTABLISHED,0.0,0,0.0,NONE,2,0,0,0,0,0,NO_TRADE,,NO_TRADE:OR_NOT_ESTABLISHED,
09:22:48,23423.75,,,,23494.95,23419.25,0.059,OBSERVING,NEUTRAL,BEARISH,NO_TRADE,NO_TRADE:OR_NOT_ESTABLISHED,0.0,0,0.0,NONE,2,0,0,0,0,0,NO_TRADE,,NO_TRADE:OR_NOT_ESTABLISHED,
09:23:03,23419.65,,,,23494.95,23414.0,0.070,OBSERVING,NEUTRAL,BEARISH,NO_TRADE,NO_TRADE:OR_NOT_ESTABLISHED,0.0,0,0.0,NONE,2,0,0,0,0,0,NO_TRADE,,NO_TRADE:OR_NOT_ESTABLISHED,
09:23:18,23419.8,,,,23494.95,23414.0,0.072,OBSERVING,NEUTRAL,BEARISH,NO_TRADE,NO_TRADE:OR_NOT_ESTABLISHED,0.0,0,0.0,NONE,2,0,0,0,0,0,NO_TRADE,,NO_TRADE:OR_NOT_ESTABLISHED,
09:23:34,23419.15,,,,23494.95,23414.0,0.064,OBSERVING,NEUTRAL,BEARISH,NO_TRADE,NO_TRADE:OR_NOT_ESTABLISHED,0.0,0,0.0,NONE,2,0,0,0,0,0,NO_TRADE,,NO_TRADE:OR_NOT_ESTABLISHED,
09:23:49,23418.0,,,,23494.95,23414.0,0.049,OBSERVING,NEUTRAL,BEARISH,NO_TRADE,NO_TRADE:OR_NOT_ESTABLISHED,0.0,0,0.0,NONE,2,0,0,0,0,0,NO_TRADE,,NO_TRADE:OR_NOT_ESTABLISHED,
09:24:04,23423.05,,,,23494.95,23414.0,0.112,OBSERVING,NEUTRAL,BEARISH,NO_TRADE,NO_TRADE:OR_NOT_ESTABLISHED,0.0,0,0.0,NONE,2,0,0,0,0,0,NO_TRADE,,NO_TRADE:OR_NOT_ESTABLISHED,
09:24:19,23424.25,,,,23494.95,23414.0,0.127,OBSERVING,NEUTRAL,BEARISH,NO_TRADE,NO_TRADE:OR_NOT_ESTABLISHED,0.0,0,0.0,NONE,2,0,0,0,0,0,NO_TRADE,,NO_TRADE:OR_NOT_ESTABLISHED,
09:24:34,23427.35,,,,23494.95,23414.0,0.165,OBSERVING,NEUTRAL,BEARISH,NO_TRADE,NO_TRADE:OR_NOT_ESTABLISHED,0.0,0,0.0,NONE,2,0,0,0,0,0,NO_TRADE,,NO_TRADE:OR_NOT_ESTABLISHED,
09:24:49,23428.65,,,,23494.95,23414.0,0.181,OBSERVING,NEUTRAL,BEARISH,NO_TRADE,NO_TRADE:OR_NOT_ESTABLISHED,0.0,0,0.0,NONE,2,0,0,0,0,0,NO_TRADE,,NO_TRADE:OR_NOT_ESTABLISHED,
09:25:04,23426.95,,,,23494.95,23414.0,0.160,OBSERVING,NEUTRAL,BEARISH,NO_TRADE,NO_TRADE:OR_NOT_ESTABLISHED,0.0,0,0.0,NONE,2,0,0,0,0,0,NO_TRADE,,NO_TRADE:OR_NOT_ESTABLISHED,
09:25:19,23423.85,,,,23494.95,23414.0,0.122,OBSERVING,NEUTRAL,BEARISH,NO_TRADE,NO_TRADE:OR_NOT_ESTABLISHED,0.0,0,0.0,NONE,2,0,0,0,0,0,NO_TRADE,,NO_TRADE:OR_NOT_ESTABLISHED,
09:25:34,23422.4,,,,23494.95,23414.0,0.104,OBSERVING,NEUTRAL,BEARISH,NO_TRADE,NO_TRADE:OR_NOT_ESTABLISHED,0.0,0,0.0,NONE,2,0,0,0,0,0,NO_TRADE,,NO_TRADE:OR_NOT_ESTABLISHED,
09:25:49,23420.85,,,,23494.95,23414.0,0.085,OBSERVING,NEUTRAL,BEARISH,NO_TRADE,NO_TRADE:OR_NOT_ESTABLISHED,0.0,0,0.0,NONE,2,0,0,0,0,0,NO_TRADE,,NO_TRADE:OR_NOT_ESTABLISHED,
09:26:04,23423.85,,,,23494.95,23414.0,0.122,OBSERVING,NEUTRAL,BEARISH,NO_TRADE,NO_TRADE:OR_NOT_ESTABLISHED,0.0,0,0.0,NONE,2,0,0,0,0,0,NO_TRADE,,NO_TRADE:OR_NOT_ESTABLISHED,
09:26:19,23421.05,,,,23494.95,23414.0,0.087,OBSERVING,NEUTRAL,BEARISH,NO_TRADE,NO_TRADE:OR_NOT_ESTABLISHED,0.0,0,0.0,NONE,2,0,0,0,0,0,NO_TRADE,,NO_TRADE:OR_NOT_ESTABLISHED,
09:26:34,23424.85,,,,23494.95,23414.0,0.134,OBSERVING,NEUTRAL,BEARISH,NO_TRADE,NO_TRADE:OR_NOT_ESTABLISHED,0.0,0,0.0,NONE,2,0,0,0,0,0,NO_TRADE,,NO_TRADE:OR_NOT_ESTABLISHED,
09:26:49,23429.15,,,,23494.95,23414.0,0.187,OBSERVING,NEUTRAL,BEARISH,NO_TRADE,NO_TRADE:OR_NOT_ESTABLISHED,0.0,0,0.0,NONE,2,0,0,0,0,0,NO_TRADE,,NO_TRADE:OR_NOT_ESTABLISHED,
09:27:04,23434.45,,,,23494.95,23414.0,0.253,OBSERVING,NEUTRAL,BEARISH,NO_TRADE,NO_TRADE:OR_NOT_ESTABLISHED,0.0,0,0.0,NONE,2,0,0,0,0,0,NO_TRADE,,NO_TRADE:OR_NOT_ESTABLISHED,
09:27:19,23441.95,,,,23494.95,23414.0,0.345,OBSERVING,NEUTRAL,BEARISH,NO_TRADE,NO_TRADE:OR_NOT_ESTABLISHED,0.0,0,0.0,NONE,2,0,0,0,0,0,NO_TRADE,,NO_TRADE:OR_NOT_ESTABLISHED,
09:27:34,23442.0,,,,23494.95,23414.0,0.346,OBSERVING,NEUTRAL,BEARISH,NO_TRADE,NO_TRADE:OR_NOT_ESTABLISHED,0.0,0,0.0,NONE,2,0,0,0,0,0,NO_TRADE,,NO_TRADE:OR_NOT_ESTABLISHED,
09:27:49,23436.25,,,,23494.95,23414.0,0.275,OBSERVING,NEUTRAL,BEARISH,NO_TRADE,NO_TRADE:OR_NOT_ESTABLISHED,0.0,0,0.0,NONE,2,0,0,0,0,0,NO_TRADE,,NO_TRADE:OR_NOT_ESTABLISHED,
09:28:04,23441.35,,,,23494.95,23414.0,0.338,OBSERVING,NEUTRAL,BEARISH,NO_TRADE,NO_TRADE:OR_NOT_ESTABLISHED,0.0,0,0.0,NONE,2,0,0,0,0,0,NO_TRADE,,NO_TRADE:OR_NOT_ESTABLISHED,
09:28:19,23441.0,,,,23494.95,23414.0,0.334,OBSERVING,NEUTRAL,BEARISH,NO_TRADE,NO_TRADE:OR_NOT_ESTABLISHED,0.0,0,0.0,NONE,2,0,0,0,0,0,NO_TRADE,,NO_TRADE:OR_NOT_ESTABLISHED,
09:28:34,23442.9,,,,23494.95,23414.0,0.357,OBSERVING,NEUTRAL,BEARISH,NO_TRADE,NO_TRADE:OR_NOT_ESTABLISHED,0.0,0,0.0,NONE,2,0,0,0,0,0,NO_TRADE,,NO_TRADE:OR_NOT_ESTABLISHED,
09:28:50,23444.85,,,,23494.95,23414.0,0.381,OBSERVING,NEUTRAL,BEARISH,NO_TRADE,NO_TRADE:OR_NOT_ESTABLISHED,0.0,0,0.0,NONE,2,0,0,0,0,0,NO_TRADE,,NO_TRADE:OR_NOT_ESTABLISHED,
09:29:05,23444.0,,,,23494.95,23414.0,0.371,OBSERVING,NEUTRAL,BEARISH,NO_TRADE,NO_TRADE:OR_NOT_ESTABLISHED,0.0,0,0.0,NONE,2,0,0,0,0,0,NO_TRADE,,NO_TRADE:OR_NOT_ESTABLISHED,
09:29:20,23445.55,,,,23494.95,23414.0,0.390,OBSERVING,NEUTRAL,BEARISH,NO_TRADE,NO_TRADE:OR_NOT_ESTABLISHED,0.0,0,0.0,NONE,2,0,0,0,0,0,NO_TRADE,,NO_TRADE:OR_NOT_ESTABLISHED,
09:29:35,23442.5,,,,23494.95,23414.0,0.352,OBSERVING,NEUTRAL,BEARISH,NO_TRADE,NO_TRADE:OR_NOT_ESTABLISHED,0.0,0,0.0,NONE,2,0,0,0,0,0,NO_TRADE,,NO_TRADE:OR_NOT_ESTABLISHED,
09:29:50,23437.05,,,,23494.95,23414.0,0.285,OBSERVING,NEUTRAL,BEARISH,NO_TRADE,NO_TRADE:OR_NOT_ESTABLISHED,0.0,0,0.0,NONE,2,0,0,0,0,0,NO_TRADE,,NO_TRADE:OR_NOT_ESTABLISHED,
09:30:05,23437.05,,,,23494.95,23414.0,0.285,OBSERVING,NEUTRAL,BEARISH,NO_TRADE,NO_TRADE:OR_NOT_ESTABLISHED,0.0,0,105.54,NONE,2,0,0,0,0,0,NO_TRADE,,NO_TRADE:OR_NOT_ESTABLISHED,
09:30:20,23434.6,,,,23494.95,23414.0,0.254,OBSERVING,NEUTRAL,BEARISH,NO_TRADE,NO_TRADE:OR_NOT_ESTABLISHED,0.0,0,105.54,NONE,2,0,0,0,0,0,NO_TRADE,,NO_TRADE:OR_NOT_ESTABLISHED,
09:30:35,23430.75,,,,23494.95,23414.0,0.207,OBSERVING,NEUTRAL,BEARISH,NO_TRADE,NO_TRADE:OR_NOT_ESTABLISHED,0.0,0,105.54,NONE,2,0,0,0,0,0,NO_TRADE,,NO_TRADE:OR_NOT_ESTABLISHED,
09:30:50,23422.0,,,,23494.95,23414.0,0.099,OBSERVING,NEUTRAL,BEARISH,NO_TRADE,NO_TRADE:OR_NOT_ESTABLISHED,0.0,0,105.54,NONE,2,0,0,0,0,0,NO_TRADE,,NO_TRADE:OR_NOT_ESTABLISHED,
09:31:05,23416.95,,,,23494.95,23409.3,0.089,OBSERVING,NEUTRAL,BEARISH,NO_TRADE,NO_TRADE:OR_NOT_ESTABLISHED,0.0,0,111.67,NONE,2,0,0,0,0,0,NO_TRADE,,NO_TRADE:OR_NOT_ESTABLISHED,
09:31:20,23415.05,,,,23494.95,23409.3,0.067,OBSERVING,NEUTRAL,BEARISH,NO_TRADE,NO_TRADE:OR_NOT_ESTABLISHED,0.0,0,111.67,NONE,2,0,0,0,0,0,NO_TRADE,,NO_TRADE:OR_NOT_ESTABLISHED,
09:31:35,23415.9,,,,23494.95,23409.3,0.077,OBSERVING,NEUTRAL,BEARISH,NO_TRADE,NO_TRADE:OR_NOT_ESTABLISHED,0.0,0,111.67,NONE,2,0,0,0,0,0,NO_TRADE,,NO_TRADE:OR_NOT_ESTABLISHED,
09:31:50,23419.7,,,,23494.95,23409.3,0.121,OBSERVING,NEUTRAL,BEARISH,NO_TRADE,NO_TRADE:OR_NOT_ESTABLISHED,0.0,0,111.67,NONE,2,0,0,0,0,0,NO_TRADE,,NO_TRADE:OR_NOT_ESTABLISHED,
09:32:05,23414.6,,,,23494.95,23409.3,0.062,OBSERVING,NEUTRAL,BEARISH,NO_TRADE,NO_TRADE:OR_NOT_ESTABLISHED,0.0,0,111.67,NONE,2,0,0,0,0,0,NO_TRADE,,NO_TRADE:OR_NOT_ESTABLISHED,
09:32:20,23419.35,,,,23494.95,23409.3,0.117,OBSERVING,NEUTRAL,BEARISH,NO_TRADE,NO_TRADE:OR_NOT_ESTABLISHED,0.0,0,111.67,NONE,2,0,0,0,0,0,NO_TRADE,,NO_TRADE:OR_NOT_ESTABLISHED,
09:32:35,23415.3,,,,23494.95,23409.3,0.070,OBSERVING,NEUTRAL,BEARISH,NO_TRADE,NO_TRADE:OR_NOT_ESTABLISHED,0.0,0,111.67,NONE,2,0,0,0,0,0,NO_TRADE,,NO_TRADE:OR_NOT_ESTABLISHED,
09:32:50,23417.4,,,,23494.95,23409.3,0.095,OBSERVING,NEUTRAL,BEARISH,NO_TRADE,NO_TRADE:OR_NOT_ESTABLISHED,0.0,0,111.67,NONE,2,0,0,0,0,0,NO_TRADE,,NO_TRADE:OR_NOT_ESTABLISHED,
09:33:05,23423.9,,,,23494.95,23409.3,0.170,OBSERVING,NEUTRAL,BEARISH,NO_TRADE,NO_TRADE:OR_NOT_ESTABLISHED,0.0,0,111.67,NONE,2,0,0,0,0,0,NO_TRADE,,NO_TRADE:OR_NOT_ESTABLISHED,
09:33:20,23428.0,,,,23494.95,23409.3,0.218,OBSERVING,NEUTRAL,BEARISH,NO_TRADE,NO_TRADE:OR_NOT_ESTABLISHED,0.0,0,111.67,NONE,2,0,0,0,0,0,NO_TRADE,,NO_TRADE:OR_NOT_ESTABLISHED,
09:33:35,23435.95,,,,23494.95,23409.3,0.311,OBSERVING,NEUTRAL,BEARISH,NO_TRADE,NO_TRADE:OR_NOT_ESTABLISHED,0.0,0,111.67,NONE,2,0,0,0,0,0,NO_TRADE,,NO_TRADE:OR_NOT_ESTABLISHED,
09:33:50,23434.7,,,,23494.95,23409.3,0.297,OBSERVING,NEUTRAL,BEARISH,NO_TRADE,NO_TRADE:OR_NOT_ESTABLISHED,0.0,0,111.67,NONE,2,0,0,0,0,0,NO_TRADE,,NO_TRADE:OR_NOT_ESTABLISHED,
09:34:05,23435.3,23494.95,23414.0,NARROW,23494.95,23409.3,0.304,RANGE,NEUTRAL,BEARISH,NO_TRADE,NO_TRADE:BEFORE_09:45,0.0,0,111.67,HIGH,2,0,0,0,0,0,NO_TRADE,,NO_TRADE:BEFORE_09:45,
09:34:20,23433.75,23494.95,23414.0,NARROW,23494.95,23409.3,0.285,RANGE,NEUTRAL,BEARISH,NO_TRADE,NO_TRADE:BEFORE_09:45,0.0,0,111.67,HIGH,2,0,0,0,0,0,NO_TRADE,,NO_TRADE:BEFORE_09:45,
09:34:35,23432.95,23494.95,23414.0,NARROW,23494.95,23409.3,0.276,RANGE,NEUTRAL,BEARISH,NO_TRADE,NO_TRADE:BEFORE_09:45,0.0,0,111.67,HIGH,2,0,0,0,0,0,NO_TRADE,,NO_TRADE:BEFORE_09:45,
09:34:50,23430.15,23494.95,23414.0,NARROW,23494.95,23409.3,0.243,RANGE,NEUTRAL,BEARISH,NO_TRADE,NO_TRADE:BEFORE_09:45,0.0,0,111.67,HIGH,2,0,0,0,0,0,NO_TRADE,,NO_TRADE:BEFORE_09:45,
09:35:05,23432.0,23494.95,23414.0,NARROW,23494.95,23409.3,0.265,RANGE,NEUTRAL,BEARISH,NO_TRADE,NO_TRADE:BEFORE_09:45,0.0,0,111.67,HIGH,2,0,0,0,0,0,NO_TRADE,,NO_TRADE:BEFORE_09:45,
09:35:20,23427.75,23494.95,23414.0,NARROW,23494.95,23409.3,0.215,RANGE,NEUTRAL,BEARISH,NO_TRADE,NO_TRADE:BEFORE_09:45,0.0,0,111.67,HIGH,2,0,0,0,0,0,NO_TRADE,,NO_TRADE:BEFORE_09:45,
09:35:35,23430.55,23494.95,23414.0,NARROW,23494.95,23409.3,0.248,RANGE,NEUTRAL,BEARISH,NO_TRADE,NO_TRADE:BEFORE_09:45,0.0,0,111.67,HIGH,2,0,0,0,0,0,NO_TRADE,,NO_TRADE:BEFORE_09:45,
09:35:50,23429.95,23494.95,23414.0,NARROW,23494.95,23409.3,0.241,RANGE,NEUTRAL,BEARISH,NO_TRADE,NO_TRADE:BEFORE_09:45,0.0,0,111.67,HIGH,2,0,0,0,0,0,NO_TRADE,,NO_TRADE:BEFORE_09:45,
09:36:05,23429.7,23494.95,23414.0,NARROW,23494.95,23409.3,0.238,RANGE,NEUTRAL,BEARISH,NO_TRADE,NO_TRADE:BEFORE_09:45,0.0,0,111.67,HIGH,2,0,0,0,0,0,NO_TRADE,,NO_TRADE:BEFORE_09:45,
09:36:20,23427.35,23494.95,23414.0,NARROW,23494.95,23409.3,0.211,RANGE,NEUTRAL,BEARISH,NO_TRADE,NO_TRADE:BEFORE_09:45,0.0,0,111.67,HIGH,2,0,0,0,0,0,NO_TRADE,,NO_TRADE:BEFORE_09:45,
09:36:35,23430.9,23494.95,23414.0,NARROW,23494.95,23409.3,0.252,RANGE,NEUTRAL,BEARISH,NO_TRADE,NO_TRADE:BEFORE_09:45,0.0,0,111.67,HIGH,2,0,0,0,0,0,NO_TRADE,,NO_TRADE:BEFORE_09:45,
09:36:51,23433.4,23494.95,23414.0,NARROW,23494.95,23409.3,0.281,RANGE,NEUTRAL,BEARISH,NO_TRADE,NO_TRADE:BEFORE_09:45,0.0,0,111.67,HIGH,2,0,0,0,0,0,NO_TRADE,,NO_TRADE:BEFORE_09:45,
09:37:06,23433.45,23494.95,23414.0,NARROW,23494.95,23409.3,0.282,RANGE,NEUTRAL,BEARISH,NO_TRADE,NO_TRADE:BEFORE_09:45,0.0,0,111.67,HIGH,2,0,0,0,0,0,NO_TRADE,,NO_TRADE:BEFORE_09:45,
09:37:21,23431.2,23494.95,23414.0,NARROW,23494.95,23409.3,0.256,RANGE,NEUTRAL,BEARISH,NO_TRADE,NO_TRADE:BEFORE_09:45,0.0,0,111.67,HIGH,2,0,0,0,0,0,NO_TRADE,,NO_TRADE:BEFORE_09:45,
09:37:36,23432.25,23494.95,23414.0,NARROW,23494.95,23409.3,0.268,RANGE,NEUTRAL,BEARISH,NO_TRADE,NO_TRADE:BEFORE_09:45,0.0,0,111.41,HIGH,2,0,0,0,0,0,NO_TRADE,,NO_TRADE:BEFORE_09:45,
09:37:51,23433.15,23494.95,23414.0,NARROW,23494.95,23409.3,0.278,RANGE,NEUTRAL,BEARISH,NO_TRADE,NO_TRADE:BEFORE_09:45,0.0,0,110.8,HIGH,2,0,0,0,0,0,NO_TRADE,,NO_TRADE:BEFORE_09:45,
09:38:06,23431.3,23494.95,23414.0,NARROW,23494.95,23409.3,0.257,RANGE,NEUTRAL,BEARISH,NO_TRADE,NO_TRADE:BEFORE_09:45,0.0,0,110.19,HIGH,2,0,0,0,0,0,NO_TRADE,,NO_TRADE:BEFORE_09:45,
09:38:21,23429.35,23494.95,23414.0,NARROW,23494.95,23409.3,0.234,RANGE,NEUTRAL,BEARISH,NO_TRADE,NO_TRADE:BEFORE_09:45,0.0,0,109.6,HIGH,2,0,0,0,0,0,NO_TRADE,,NO_TRADE:BEFORE_09:45,
09:38:36,23424.0,23494.95,23414.0,NARROW,23494.95,23409.3,0.172,RANGE,NEUTRAL,BEARISH,NO_TRADE,NO_TRADE:BEFORE_09:45,0.0,0,109.02,HIGH,2,0,0,0,0,0,NO_TRADE,,NO_TRADE:BEFORE_09:45,
09:38:51,23418.55,23494.95,23414.0,NARROW,23494.95,23409.3,0.108,RANGE,NEUTRAL,BEARISH,NO_TRADE,NO_TRADE:BEFORE_09:45,0.0,0,108.45,HIGH,2,0,0,0,0,0,NO_TRADE,,NO_TRADE:BEFORE_09:45,
09:39:06,23417.25,23494.95,23414.0,NARROW,23494.95,23409.3,0.093,RANGE,NEUTRAL,BEARISH,NO_TRADE,NO_TRADE:BEFORE_09:45,0.0,0,107.88,HIGH,2,0,0,0,0,0,NO_TRADE,,NO_TRADE:BEFORE_09:45,
09:39:21,23416.75,23494.95,23414.0,NARROW,23494.95,23409.3,0.087,RANGE,NEUTRAL,BEARISH,NO_TRADE,NO_TRADE:BEFORE_09:45,0.0,0,107.32,HIGH,2,0,0,0,0,0,NO_TRADE,,NO_TRADE:BEFORE_09:45,
09:39:36,23420.05,23494.95,23414.0,NARROW,23494.95,23409.3,0.126,RANGE,NEUTRAL,BEARISH,NO_TRADE,NO_TRADE:BEFORE_09:45,0.0,0,106.77,HIGH,2,0,0,0,0,0,NO_TRADE,,NO_TRADE:BEFORE_09:45,
09:39:51,23421.2,23494.95,23414.0,NARROW,23494.95,23409.3,0.139,RANGE,NEUTRAL,BEARISH,NO_TRADE,NO_TRADE:BEFORE_09:45,0.0,0,106.24,HIGH,2,0,0,0,0,0,NO_TRADE,,NO_TRADE:BEFORE_09:45,
09:40:06,23421.3,23494.95,23414.0,NARROW,23494.95,23409.3,0.140,RANGE,NEUTRAL,BEARISH,NO_TRADE,NO_TRADE:BEFORE_09:45,0.0,0,105.7,HIGH,2,0,0,0,0,0,NO_TRADE,,NO_TRADE:BEFORE_09:45,
09:40:21,23423.25,23494.95,23414.0,NARROW,23494.95,23409.3,0.163,RANGE,NEUTRAL,BEARISH,NO_TRADE,NO_TRADE:BEFORE_09:45,0.0,0,105.18,HIGH,2,0,0,0,0,0,NO_TRADE,,NO_TRADE:BEFORE_09:45,
09:40:36,23422.8,23494.95,23414.0,NARROW,23494.95,23409.3,0.158,RANGE,NEUTRAL,BEARISH,NO_TRADE,NO_TRADE:BEFORE_09:45,0.0,0,104.66,HIGH,2,0,0,0,0,0,NO_TRADE,,NO_TRADE:BEFORE_09:45,
09:40:51,23423.75,23494.95,23414.0,NARROW,23494.95,23409.3,0.169,RANGE,NEUTRAL,BEARISH,NO_TRADE,NO_TRADE:BEFORE_09:45,0.0,0,104.15,HIGH,2,0,0,0,0,0,NO_TRADE,,NO_TRADE:BEFORE_09:45,
09:41:06,23424.1,23494.95,23414.0,NARROW,23494.95,23409.3,0.173,RANGE,BUY_OPTIONS,BEARISH,NO_TRADE,NO_TRADE:VOL_BUY_OPTIONS,0.0,0,103.65,NONE,2,0,0,0,0,0,NO_TRADE,,NO_TRADE:VOL_BUY_OPTIONS,
09:41:21,23424.0,23494.95,23414.0,NARROW,23494.95,23409.3,0.172,RANGE,BUY_OPTIONS,BEARISH,NO_TRADE,NO_TRADE:VOL_BUY_OPTIONS,0.0,0,103.16,NONE,2,0,0,0,0,0,NO_TRADE,,NO_TRADE:VOL_BUY_OPTIONS,
09:41:36,23422.9,23494.95,23414.0,NARROW,23494.95,23409.3,0.159,RANGE,BUY_OPTIONS,BEARISH,NO_TRADE,NO_TRADE:VOL_BUY_OPTIONS,0.0,0,102.67,NONE,2,0,0,0,0,0,NO_TRADE,,NO_TRADE:VOL_BUY_OPTIONS,
09:41:51,23421.2,23494.95,23414.0,NARROW,23494.95,23409.3,0.139,RANGE,BUY_OPTIONS,BEARISH,NO_TRADE,NO_TRADE:VOL_BUY_OPTIONS,0.0,0,102.19,NONE,2,0,0,0,0,0,NO_TRADE,,NO_TRADE:VOL_BUY_OPTIONS,
09:42:06,23422.9,23494.95,23414.0,NARROW,23494.95,23409.3,0.159,RANGE,BUY_OPTIONS,BEARISH,NO_TRADE,NO_TRADE:VOL_BUY_OPTIONS,0.0,0,101.72,NONE,2,0,0,0,0,0,NO_TRADE,,NO_TRADE:VOL_BUY_OPTIONS,
09:42:21,23426.75,23494.95,23414.0,NARROW,23494.95,23409.3,0.204,RANGE,BUY_OPTIONS,BEARISH,NO_TRADE,NO_TRADE:VOL_BUY_OPTIONS,0.0,0,101.25,NONE,2,0,0,0,0,0,NO_TRADE,,NO_TRADE:VOL_BUY_OPTIONS,
09:42:36,23429.65,23494.95,23414.0,NARROW,23494.95,23409.3,0.238,RANGE,BUY_OPTIONS,BEARISH,NO_TRADE,NO_TRADE:VOL_BUY_OPTIONS,0.0,0,100.79,NONE,2,0,0,0,0,0,NO_TRADE,,NO_TRADE:VOL_BUY_OPTIONS,
09:42:51,23428.8,23494.95,23414.0,NARROW,23494.95,23409.3,0.228,RANGE,BUY_OPTIONS,BEARISH,NO_TRADE,NO_TRADE:VOL_BUY_OPTIONS,0.0,0,100.34,NONE,2,0,0,0,0,0,NO_TRADE,,NO_TRADE:VOL_BUY_OPTIONS,
09:43:06,23427.45,23494.95,23414.0,NARROW,23494.95,23409.3,0.212,RANGE,BUY_OPTIONS,BEARISH,NO_TRADE,NO_TRADE:VOL_BUY_OPTIONS,0.0,0,99.89,NONE,2,0,0,0,0,0,NO_TRADE,,NO_TRADE:VOL_BUY_OPTIONS,
09:43:22,23430.7,23494.95,23414.0,NARROW,23494.95,23409.3,0.250,RANGE,BUY_OPTIONS,BEARISH,NO_TRADE,NO_TRADE:VOL_BUY_OPTIONS,0.0,0,99.45,NONE,2,0,0,0,0,0,NO_TRADE,,NO_TRADE:VOL_BUY_OPTIONS,
09:43:37,23432.8,23494.95,23414.0,NARROW,23494.95,23409.3,0.274,RANGE,BUY_OPTIONS,BEARISH,NO_TRADE,NO_TRADE:VOL_BUY_OPTIONS,0.0,0,99.02,NONE,2,0,0,0,0,0,NO_TRADE,,NO_TRADE:VOL_BUY_OPTIONS,
09:43:52,23428.35,23494.95,23414.0,NARROW,23494.95,23409.3,0.222,RANGE,BUY_OPTIONS,BEARISH,NO_TRADE,NO_TRADE:VOL_BUY_OPTIONS,0.0,0,98.58,NONE,2,0,0,0,0,0,NO_TRADE,,NO_TRADE:VOL_BUY_OPTIONS,
09:44:07,23425.45,23494.95,23414.0,NARROW,23494.95,23409.3,0.189,RANGE,BUY_OPTIONS,BEARISH,NO_TRADE,NO_TRADE:VOL_BUY_OPTIONS,0.0,0,98.16,NONE,2,0,0,0,0,0,NO_TRADE,,NO_TRADE:VOL_BUY_OPTIONS,
09:44:22,23426.7,23494.95,23414.0,NARROW,23494.95,23409.3,0.203,RANGE,NEUTRAL,BEARISH,NO_TRADE,NO_TRADE:BEFORE_09:45,0.0,0,97.74,HIGH,2,0,0,0,0,0,NO_TRADE,,NO_TRADE:BEFORE_09:45,
09:44:37,23421.95,23494.95,23414.0,NARROW,23494.95,23409.3,0.148,RANGE,NEUTRAL,BEARISH,NO_TRADE,NO_TRADE:BEFORE_09:45,0.0,0,97.33,HIGH,2,0,0,0,0,0,NO_TRADE,,NO_TRADE:BEFORE_09:45,
09:44:52,23422.8,23494.95,23414.0,NARROW,23494.95,23409.3,0.158,RANGE,BUY_OPTIONS,BEARISH,NO_TRADE,NO_TRADE:VOL_BUY_OPTIONS,0.0,0,96.92,NONE,2,0,0,0,0,0,NO_TRADE,,NO_TRADE:VOL_BUY_OPTIONS,
09:45:07,23423.9,23494.95,23414.0,NARROW,23494.95,23409.3,0.170,RANGE,BUY_OPTIONS,BEARISH,NO_TRADE,NO_TRADE:VOL_BUY_OPTIONS,0.0,0,96.51,NONE,2,0,0,0,0,0,NO_TRADE,,NO_TRADE:VOL_BUY_OPTIONS,
09:45:22,23427.4,23494.95,23414.0,NARROW,23494.95,23409.3,0.211,RANGE,BUY_OPTIONS,BEARISH,NO_TRADE,NO_TRADE:VOL_BUY_OPTIONS,0.0,0,96.12,NONE,2,0,0,0,0,0,NO_TRADE,,NO_TRADE:VOL_BUY_OPTIONS,
09:45:37,23428.35,23494.95,23414.0,NARROW,23494.95,23409.3,0.222,RANGE,BUY_OPTIONS,BEARISH,NO_TRADE,NO_TRADE:VOL_BUY_OPTIONS,0.0,0,95.72,NONE,2,0,0,0,0,0,NO_TRADE,,NO_TRADE:VOL_BUY_OPTIONS,
09:45:52,23428.05,23494.95,23414.0,NARROW,23494.95,23409.3,0.219,RANGE,BUY_OPTIONS,BEARISH,NO_TRADE,NO_TRADE:VOL_BUY_OPTIONS,0.0,0,95.33,NONE,2,0,0,0,0,0,NO_TRADE,,NO_TRADE:VOL_BUY_OPTIONS,
09:46:07,23426.5,23494.95,23414.0,NARROW,23494.95,23409.3,0.201,RANGE,BUY_OPTIONS,BEARISH,NO_TRADE,NO_TRADE:VOL_BUY_OPTIONS,0.0,0,94.95,NONE,2,0,0,0,0,0,NO_TRADE,,NO_TRADE:VOL_BUY_OPTIONS,
09:46:22,23426.15,23494.95,23414.0,NARROW,23494.95,23409.3,0.197,RANGE,BUY_OPTIONS,BEARISH,NO_TRADE,NO_TRADE:VOL_BUY_OPTIONS,0.0,0,94.57,NONE,2,0,0,0,0,0,NO_TRADE,,NO_TRADE:VOL_BUY_OPTIONS,
09:46:37,23425.55,23494.95,23414.0,NARROW,23494.95,23409.3,0.190,RANGE,NEUTRAL,BEARISH,NO_TRADE,RANGE_VERTICAL_ADX_IMMATURE,0.0,0,94.19,HIGH,2,0,0,0,0,0,NO_TRADE,,RANGE_VERTICAL_ADX_IMMATURE,
09:46:52,23427.45,23494.95,23414.0,NARROW,23494.95,23409.3,0.212,RANGE,NEUTRAL,BEARISH,NO_TRADE,RANGE_VERTICAL_ADX_IMMATURE,0.0,0,93.82,HIGH,2,0,0,0,0,0,NO_TRADE,,RANGE_VERTICAL_ADX_IMMATURE,
09:47:07,23423.1,23494.95,23414.0,NARROW,23494.95,23409.3,0.161,RANGE,BUY_OPTIONS,BEARISH,NO_TRADE,NO_TRADE:VOL_BUY_OPTIONS,0.0,0,93.45,NONE,2,0,0,0,0,0,NO_TRADE,,NO_TRADE:VOL_BUY_OPTIONS,
09:47:22,23423.95,23494.95,23414.0,NARROW,23494.95,23409.3,0.171,RANGE,BUY_OPTIONS,BEARISH,NO_TRADE,NO_TRADE:VOL_BUY_OPTIONS,0.0,0,93.09,NONE,2,0,0,0,0,0,NO_TRADE,,NO_TRADE:VOL_BUY_OPTIONS,
09:47:37,23423.15,23494.95,23414.0,NARROW,23494.95,23409.3,0.162,RANGE,BUY_OPTIONS,BEARISH,NO_TRADE,NO_TRADE:VOL_BUY_OPTIONS,0.0,0,92.73,NONE,2,0,0,0,0,0,NO_TRADE,,NO_TRADE:VOL_BUY_OPTIONS,
09:47:52,23429.05,23494.95,23414.0,NARROW,23494.95,23409.3,0.231,RANGE,BUY_OPTIONS,BEARISH,NO_TRADE,NO_TRADE:VOL_BUY_OPTIONS,0.0,0,92.38,NONE,2,0,0,0,0,0,NO_TRADE,,NO_TRADE:VOL_BUY_OPTIONS,
09:48:07,23430.2,23494.95,23414.0,NARROW,23494.95,23409.3,0.244,RANGE,NEUTRAL,BEARISH,NO_TRADE,RANGE_VERTICAL_ADX_IMMATURE,0.0,0,92.03,HIGH,2,0,0,0,0,0,NO_TRADE,,RANGE_VERTICAL_ADX_IMMATURE,
09:48:22,23430.4,23494.95,23414.0,NARROW,23494.95,23409.3,0.246,RANGE,NEUTRAL,BEARISH,NO_TRADE,RANGE_VERTICAL_ADX_IMMATURE,0.0,0,91.68,HIGH,2,0,0,0,0,0,NO_TRADE,,RANGE_VERTICAL_ADX_IMMATURE,
09:48:37,23434.3,23494.95,23414.0,NARROW,23494.95,23409.3,0.292,RANGE,NEUTRAL,BEARISH,NO_TRADE,RANGE_VERTICAL_ADX_IMMATURE,0.0,0,91.34,HIGH,2,0,0,0,0,0,NO_TRADE,,RANGE_VERTICAL_ADX_IMMATURE,
09:48:52,23434.4,23494.95,23414.0,NARROW,23494.95,23409.3,0.293,RANGE,NEUTRAL,BEARISH,NO_TRADE,RANGE_VERTICAL_ADX_IMMATURE,0.0,0,91.0,HIGH,2,0,0,0,0,0,NO_TRADE,,RANGE_VERTICAL_ADX_IMMATURE,
09:49:07,23433.15,23494.95,23414.0,NARROW,23494.95,23409.3,0.278,RANGE,NEUTRAL,BEARISH,NO_TRADE,RANGE_VERTICAL_ADX_IMMATURE,0.0,0,90.67,HIGH,2,0,0,0,0,0,NO_TRADE,,RANGE_VERTICAL_ADX_IMMATURE,
09:49:22,23431.9,23494.95,23414.0,NARROW,23494.95,23409.3,0.264,RANGE,NEUTRAL,BEARISH,NO_TRADE,RANGE_VERTICAL_ADX_IMMATURE,0.0,0,90.33,HIGH,2,0,0,0,0,0,NO_TRADE,,RANGE_VERTICAL_ADX_IMMATURE,
09:49:37,23434.55,23494.95,23414.0,NARROW,23494.95,23409.3,0.295,RANGE,NEUTRAL,BEARISH,NO_TRADE,RANGE_VERTICAL_ADX_IMMATURE,0.0,0,90.01,HIGH,2,0,0,0,0,0,NO_TRADE,,RANGE_VERTICAL_ADX_IMMATURE,
09:49:52,23436.45,23494.95,23414.0,NARROW,23494.95,23409.3,0.317,RANGE,NEUTRAL,BEARISH,NO_TRADE,RANGE_VERTICAL_ADX_IMMATURE,0.0,0,89.68,HIGH,2,0,0,0,0,0,NO_TRADE,,RANGE_VERTICAL_ADX_IMMATURE,
09:50:07,23437.75,23494.95,23414.0,NARROW,23494.95,23409.3,0.332,RANGE,NEUTRAL,BEARISH,NO_TRADE,RANGE_VERTICAL_ADX_IMMATURE,0.0,0,89.36,HIGH,2,0,0,0,0,0,NO_TRADE,,RANGE_VERTICAL_ADX_IMMATURE,
09:50:22,23441.4,23494.95,23414.0,NARROW,23494.95,23409.3,0.375,RANGE,NEUTRAL,BEARISH,NO_TRADE,RANGE_VERTICAL_ADX_IMMATURE,0.0,0,89.05,HIGH,2,0,0,0,0,0,NO_TRADE,,RANGE_VERTICAL_ADX_IMMATURE,
09:50:37,23440.55,23494.95,23414.0,NARROW,23494.95,23409.3,0.365,RANGE,NEUTRAL,BEARISH,NO_TRADE,RANGE_VERTICAL_ADX_IMMATURE,0.0,0,88.73,HIGH,2,0,0,0,0,0,NO_TRADE,,RANGE_VERTICAL_ADX_IMMATURE,
09:50:52,23443.2,23494.95,23414.0,NARROW,23494.95,23409.3,0.396,RANGE,NEUTRAL,BEARISH,NO_TRADE,RANGE_VERTICAL_ADX_IMMATURE,0.0,0,88.42,HIGH,2,0,0,0,0,0,NO_TRADE,,RANGE_VERTICAL_ADX_IMMATURE,
09:51:07,23445.15,23494.95,23414.0,NARROW,23494.95,23409.3,0.419,RANGE,NEUTRAL,BEARISH,NO_TRADE,RANGE_VERTICAL_ADX_IMMATURE,0.0,0,88.12,HIGH,2,0,0,0,0,0,NO_TRADE,,RANGE_VERTICAL_ADX_IMMATURE,
09:51:23,23446.2,23494.95,23414.0,NARROW,23494.95,23409.3,0.431,RANGE,NEUTRAL,BEARISH,NO_TRADE,RANGE_VERTICAL_ADX_IMMATURE,0.0,0,87.81,HIGH,2,0,0,0,0,0,NO_TRADE,,RANGE_VERTICAL_ADX_IMMATURE,
09:51:38,23449.0,23494.95,23414.0,NARROW,23494.95,23409.3,0.464,RANGE,NEUTRAL,BEARISH,NO_TRADE,RANGE_VERTICAL_ADX_IMMATURE,0.0,0,87.51,HIGH,2,0,0,0,0,0,NO_TRADE,,RANGE_VERTICAL_ADX_IMMATURE,
09:51:53,23446.9,23494.95,23414.0,NARROW,23494.95,23409.3,0.439,RANGE,NEUTRAL,BEARISH,NO_TRADE,RANGE_VERTICAL_ADX_IMMATURE,0.0,0,87.22,HIGH,2,0,0,0,0,0,NO_TRADE,,RANGE_VERTICAL_ADX_IMMATURE,
09:52:08,23447.45,23494.95,23414.0,NARROW,23494.95,23409.3,0.445,RANGE,NEUTRAL,BEARISH,NO_TRADE,RANGE_VERTICAL_ADX_IMMATURE,0.0,0,86.92,HIGH,2,0,0,0,0,0,NO_TRADE,,RANGE_VERTICAL_ADX_IMMATURE,
09:52:23,23450.15,23494.95,23414.0,NARROW,23494.95,23409.3,0.477,RANGE,NEUTRAL,UNCLEAR,NO_TRADE,RANGE_UNCLEAR_POSITIONING_NO_TRADE,0.0,0,86.63,HIGH,2,0,0,0,0,0,NO_TRADE,,RANGE_UNCLEAR_POSITIONING_NO_TRADE,
09:52:38,23445.05,23494.95,23414.0,NARROW,23494.95,23409.3,0.417,RANGE,NEUTRAL,BEARISH,NO_TRADE,RANGE_VERTICAL_ADX_IMMATURE,0.0,0,86.34,HIGH,2,0,0,0,0,0,NO_TRADE,,RANGE_VERTICAL_ADX_IMMATURE,
09:52:53,23446.85,23494.95,23414.0,NARROW,23494.95,23409.3,0.438,RANGE,NEUTRAL,BEARISH,NO_TRADE,RANGE_VERTICAL_ADX_IMMATURE,0.0,0,86.06,HIGH,2,0,0,0,0,0,NO_TRADE,,RANGE_VERTICAL_ADX_IMMATURE,
09:53:08,23450.45,23494.95,23414.0,NARROW,23494.95,23409.3,0.480,RANGE,NEUTRAL,UNCLEAR,NO_TRADE,RANGE_UNCLEAR_POSITIONING_NO_TRADE,0.0,0,85.77,HIGH,2,0,0,0,0,0,NO_TRADE,,RANGE_UNCLEAR_POSITIONING_NO_TRADE,
09:53:23,23450.1,23494.95,23414.0,NARROW,23494.95,23409.3,0.476,RANGE,NEUTRAL,UNCLEAR,NO_TRADE,RANGE_UNCLEAR_POSITIONING_NO_TRADE,0.0,0,85.49,HIGH,2,0,0,0,0,0,NO_TRADE,,RANGE_UNCLEAR_POSITIONING_NO_TRADE,
09:53:38,23447.6,23494.95,23414.0,NARROW,23494.95,23409.3,0.447,RANGE,NEUTRAL,BEARISH,NO_TRADE,RANGE_VERTICAL_ADX_IMMATURE,0.0,0,85.22,HIGH,2,0,0,0,0,0,NO_TRADE,,RANGE_VERTICAL_ADX_IMMATURE,
09:53:53,23444.2,23494.95,23414.0,NARROW,23494.95,23409.3,0.407,RANGE,NEUTRAL,BEARISH,NO_TRADE,RANGE_VERTICAL_ADX_IMMATURE,0.0,0,84.94,HIGH,2,0,0,0,0,0,NO_TRADE,,RANGE_VERTICAL_ADX_IMMATURE,
09:54:08,23442.75,23494.95,23414.0,NARROW,23494.95,23409.3,0.391,RANGE,NEUTRAL,BEARISH,NO_TRADE,RANGE_VERTICAL_ADX_IMMATURE,0.0,0,84.67,HIGH,2,0,0,0,0,0,NO_TRADE,,RANGE_VERTICAL_ADX_IMMATURE,
09:54:23,23444.35,23494.95,23414.0,NARROW,23494.95,23409.3,0.409,RANGE,NEUTRAL,BEARISH,NO_TRADE,RANGE_VERTICAL_ADX_IMMATURE,0.0,0,84.4,HIGH,2,0,0,0,0,0,NO_TRADE,,RANGE_VERTICAL_ADX_IMMATURE,
09:54:38,23444.55,23494.95,23414.0,NARROW,23494.95,23409.3,0.412,RANGE,NEUTRAL,BEARISH,NO_TRADE,RANGE_VERTICAL_ADX_IMMATURE,0.0,0,84.13,HIGH,2,0,0,0,0,0,NO_TRADE,,RANGE_VERTICAL_ADX_IMMATURE,
09:54:53,23442.2,23494.95,23414.0,NARROW,23494.95,23409.3,0.384,RANGE,NEUTRAL,BEARISH,NO_TRADE,RANGE_VERTICAL_ADX_IMMATURE,0.0,0,83.87,HIGH,2,0,0,0,0,0,NO_TRADE,,RANGE_VERTICAL_ADX_IMMATURE,
09:55:08,23442.35,23494.95,23414.0,NARROW,23494.95,23409.3,0.386,RANGE,NEUTRAL,BEARISH,NO_TRADE,RANGE_VERTICAL_ADX_IMMATURE,0.0,0,83.61,HIGH,2,0,0,0,0,0,NO_TRADE,,RANGE_VERTICAL_ADX_IMMATURE,
09:55:23,23440.2,23494.95,23414.0,NARROW,23494.95,23409.3,0.361,RANGE,NEUTRAL,BEARISH,NO_TRADE,RANGE_VERTICAL_ADX_IMMATURE,0.0,0,83.35,HIGH,2,0,0,0,0,0,NO_TRADE,,RANGE_VERTICAL_ADX_IMMATURE,
09:55:38,23439.6,23494.95,23414.0,NARROW,23494.95,23409.3,0.354,RANGE,NEUTRAL,BEARISH,NO_TRADE,RANGE_VERTICAL_ADX_IMMATURE,0.0,0,83.09,HIGH,2,0,0,0,0,0,NO_TRADE,,RANGE_VERTICAL_ADX_IMMATURE,
09:55:53,23437.9,23494.95,23414.0,NARROW,23494.95,23409.3,0.334,RANGE,NEUTRAL,BEARISH,NO_TRADE,RANGE_VERTICAL_ADX_IMMATURE,0.0,0,82.84,HIGH,2,0,0,0,0,0,NO_TRADE,,RANGE_VERTICAL_ADX_IMMATURE,
09:56:08,23438.85,23494.95,23414.0,NARROW,23494.95,23409.3,0.345,RANGE,NEUTRAL,BEARISH,NO_TRADE,RANGE_VERTICAL_ADX_IMMATURE,0.0,0,82.58,HIGH,2,0,0,0,0,0,NO_TRADE,,RANGE_VERTICAL_ADX_IMMATURE,
09:56:23,23439.7,23494.95,23414.0,NARROW,23494.95,23409.3,0.355,RANGE,NEUTRAL,BEARISH,NO_TRADE,RANGE_VERTICAL_ADX_IMMATURE,0.0,0,82.33,HIGH,2,0,0,0,0,0,NO_TRADE,,RANGE_VERTICAL_ADX_IMMATURE,
09:56:38,23442.5,23494.95,23414.0,NARROW,23494.95,23409.3,0.388,RANGE,NEUTRAL,BEARISH,NO_TRADE,RANGE_VERTICAL_ADX_IMMATURE,0.0,0,82.08,HIGH,2,0,0,0,0,0,NO_TRADE,,RANGE_VERTICAL_ADX_IMMATURE,
09:56:53,23443.75,23494.95,23414.0,NARROW,23494.95,23409.3,0.402,RANGE,NEUTRAL,BEARISH,NO_TRADE,RANGE_VERTICAL_ADX_IMMATURE,0.0,0,81.84,HIGH,2,0,0,0,0,0,NO_TRADE,,RANGE_VERTICAL_ADX_IMMATURE,
09:57:08,23442.75,23494.95,23414.0,NARROW,23494.95,23409.3,0.391,RANGE,NEUTRAL,BEARISH,NO_TRADE,RANGE_VERTICAL_ADX_IMMATURE,0.0,0,81.59,HIGH,2,0,0,0,0,0,NO_TRADE,,RANGE_VERTICAL_ADX_IMMATURE,
09:57:23,23440.95,23494.95,23414.0,NARROW,23494.95,23409.3,0.370,RANGE,NEUTRAL,BEARISH,NO_TRADE,RANGE_VERTICAL_ADX_IMMATURE,0.0,0,81.35,HIGH,2,0,0,0,0,0,NO_TRADE,,RANGE_VERTICAL_ADX_IMMATURE,
09:57:38,23436.25,23494.95,23414.0,NARROW,23494.95,23409.3,0.315,RANGE,NEUTRAL,BEARISH,NO_TRADE,RANGE_VERTICAL_ADX_IMMATURE,0.0,0,81.11,HIGH,2,0,0,0,0,0,NO_TRADE,,RANGE_VERTICAL_ADX_IMMATURE,
09:57:53,23433.65,23494.95,23414.0,NARROW,23494.95,23409.3,0.284,RANGE,NEUTRAL,BEARISH,NO_TRADE,RANGE_VERTICAL_ADX_IMMATURE,0.0,0,80.88,HIGH,2,0,0,0,0,0,NO_TRADE,,RANGE_VERTICAL_ADX_IMMATURE,
09:58:08,23432.9,23494.95,23414.0,NARROW,23494.95,23409.3,0.276,RANGE,NEUTRAL,BEARISH,NO_TRADE,RANGE_VERTICAL_ADX_IMMATURE,0.0,0,80.64,HIGH,2,0,0,0,0,0,NO_TRADE,,RANGE_VERTICAL_ADX_IMMATURE,
09:58:23,23431.4,23494.95,23414.0,NARROW,23494.95,23409.3,0.258,RANGE,NEUTRAL,BEARISH,NO_TRADE,RANGE_VERTICAL_ADX_IMMATURE,0.0,0,80.41,HIGH,2,0,0,0,0,0,NO_TRADE,,RANGE_VERTICAL_ADX_IMMATURE,
09:58:38,23430.4,23494.95,23414.0,NARROW,23494.95,23409.3,0.246,RANGE,NEUTRAL,BEARISH,NO_TRADE,RANGE_VERTICAL_ADX_IMMATURE,0.0,0,80.18,HIGH,2,0,0,0,0,0,NO_TRADE,,RANGE_VERTICAL_ADX_IMMATURE,
09:58:53,23431.05,23494.95,23414.0,NARROW,23494.95,23409.3,0.254,RANGE,NEUTRAL,BEARISH,NO_TRADE,RANGE_VERTICAL_ADX_IMMATURE,0.0,0,79.95,HIGH,2,0,0,0,0,0,NO_TRADE,,RANGE_VERTICAL_ADX_IMMATURE,
09:59:08,23430.95,23494.95,23414.0,NARROW,23494.95,23409.3,0.253,RANGE,NEUTRAL,BEARISH,NO_TRADE,RANGE_VERTICAL_ADX_IMMATURE,0.0,0,79.72,HIGH,2,0,0,0,0,0,NO_TRADE,,RANGE_VERTICAL_ADX_IMMATURE,
09:59:23,23426.95,23494.95,23414.0,NARROW,23494.95,23409.3,0.206,RANGE,NEUTRAL,BEARISH,NO_TRADE,RANGE_VERTICAL_ADX_IMMATURE,0.0,0,79.49,HIGH,2,0,0,0,0,0,NO_TRADE,,RANGE_VERTICAL_ADX_IMMATURE,
09:59:38,23426.7,23494.95,23414.0,NARROW,23494.95,23409.3,0.203,RANGE,NEUTRAL,BEARISH,NO_TRADE,RANGE_VERTICAL_ADX_IMMATURE,0.0,0,79.27,HIGH,2,0,0,0,0,0,NO_TRADE,,RANGE_VERTICAL_ADX_IMMATURE,
09:59:53,23428.4,23494.95,23414.0,NARROW,23494.95,23409.3,0.223,RANGE,NEUTRAL,BEARISH,NO_TRADE,RANGE_VERTICAL_ADX_IMMATURE,0.0,0,79.05,HIGH,2,0,0,0,0,0,NO_TRADE,,RANGE_VERTICAL_ADX_IMMATURE,
10:00:09,23427.9,23494.95,23414.0,NARROW,23494.95,23409.3,0.217,RANGE,NEUTRAL,BEARISH,NO_TRADE,RANGE_VERTICAL_ADX_IMMATURE,0.0,0,78.83,HIGH,2,0,0,0,0,0,NO_TRADE,,RANGE_VERTICAL_ADX_IMMATURE,
10:00:24,23425.5,23494.95,23414.0,NARROW,23494.95,23409.3,0.189,RANGE,NEUTRAL,BEARISH,NO_TRADE,RANGE_VERTICAL_ADX_IMMATURE,0.0,0,78.61,HIGH,2,0,0,0,0,0,NO_TRADE,,RANGE_VERTICAL_ADX_IMMATURE,
10:00:39,23427.45,23494.95,23414.0,NARROW,23494.95,23409.3,0.212,RANGE,NEUTRAL,BEARISH,NO_TRADE,RANGE_VERTICAL_ADX_IMMATURE,0.0,0,78.39,HIGH,2,0,0,0,0,0,NO_TRADE,,RANGE_VERTICAL_ADX_IMMATURE,
10:00:54,23424.3,23494.95,23414.0,NARROW,23494.95,23409.3,0.175,RANGE,NEUTRAL,BEARISH,NO_TRADE,RANGE_VERTICAL_ADX_IMMATURE,0.0,0,78.18,HIGH,2,0,0,0,0,0,NO_TRADE,,RANGE_VERTICAL_ADX_IMMATURE,
10:01:09,23423.2,23494.95,23414.0,NARROW,23494.95,23409.3,0.162,RANGE,NEUTRAL,BEARISH,NO_TRADE,RANGE_VERTICAL_ADX_IMMATURE,0.0,0,77.97,HIGH,2,0,0,0,0,0,NO_TRADE,,RANGE_VERTICAL_ADX_IMMATURE,
10:01:24,23421.8,23494.95,23414.0,NARROW,23494.95,23409.3,0.146,RANGE,NEUTRAL,BEARISH,NO_TRADE,RANGE_VERTICAL_ADX_IMMATURE,0.0,0,77.76,HIGH,2,0,0,0,0,0,NO_TRADE,,RANGE_VERTICAL_ADX_IMMATURE,
10:01:39,23421.6,23494.95,23414.0,NARROW,23494.95,23409.3,0.144,RANGE,NEUTRAL,BEARISH,NO_TRADE,RANGE_VERTICAL_ADX_IMMATURE,0.0,0,77.55,HIGH,2,0,0,0,0,0,NO_TRADE,,RANGE_VERTICAL_ADX_IMMATURE,
10:01:54,23420.35,23494.95,23414.0,NARROW,23494.95,23409.3,0.129,RANGE,NEUTRAL,BEARISH,NO_TRADE,RANGE_VERTICAL_ADX_IMMATURE,0.0,0,77.34,HIGH,2,0,0,0,0,0,NO_TRADE,,RANGE_VERTICAL_ADX_IMMATURE,
10:02:09,23419.1,23494.95,23414.0,NARROW,23494.95,23409.3,0.114,RANGE,NEUTRAL,BEARISH,NO_TRADE,RANGE_VERTICAL_ADX_IMMATURE,0.0,0,77.13,HIGH,2,0,0,0,0,0,NO_TRADE,,RANGE_VERTICAL_ADX_IMMATURE,
10:02:24,23418.1,23494.95,23414.0,NARROW,23494.95,23409.3,0.103,RANGE,NEUTRAL,BEARISH,NO_TRADE,RANGE_VERTICAL_ADX_IMMATURE,0.0,0,76.93,HIGH,2,0,0,0,0,0,NO_TRADE,,RANGE_VERTICAL_ADX_IMMATURE,
10:02:39,23416.25,23494.95,23414.0,NARROW,23494.95,23409.3,0.081,RANGE,NEUTRAL,BEARISH,NO_TRADE,RANGE_VERTICAL_ADX_IMMATURE,0.0,0,76.73,HIGH,2,0,0,0,0,0,NO_TRADE,,RANGE_VERTICAL_ADX_IMMATURE,
10:02:54,23414.05,23494.95,23414.0,NARROW,23494.95,23409.3,0.055,RANGE,NEUTRAL,BEARISH,NO_TRADE,RANGE_VERTICAL_ADX_IMMATURE,0.0,0,76.52,HIGH,2,0,0,0,0,0,NO_TRADE,,RANGE_VERTICAL_ADX_IMMATURE,
10:03:09,23415.15,23494.95,23414.0,NARROW,23494.95,23409.3,0.068,RANGE,NEUTRAL,BEARISH,NO_TRADE,RANGE_VERTICAL_ADX_IMMATURE,0.0,0,76.33,HIGH,2,0,0,0,0,0,NO_TRADE,,RANGE_VERTICAL_ADX_IMMATURE,
10:03:24,23417.5,23494.95,23414.0,NARROW,23494.95,23409.3,0.096,RANGE,NEUTRAL,BEARISH,NO_TRADE,RANGE_VERTICAL_ADX_IMMATURE,0.0,0,76.13,HIGH,2,0,0,0,0,0,NO_TRADE,,RANGE_VERTICAL_ADX_IMMATURE,
10:03:39,23416.15,23494.95,23414.0,NARROW,23494.95,23409.3,0.080,RANGE,NEUTRAL,BEARISH,NO_TRADE,RANGE_VERTICAL_ADX_IMMATURE,0.0,0,75.93,HIGH,2,0,0,0,0,0,NO_TRADE,,RANGE_VERTICAL_ADX_IMMATURE,
10:03:54,23415.55,23494.95,23414.0,NARROW,23494.95,23409.3,0.073,RANGE,NEUTRAL,BEARISH,NO_TRADE,RANGE_VERTICAL_ADX_IMMATURE,0.0,0,75.74,HIGH,2,0,0,0,0,0,NO_TRADE,,RANGE_VERTICAL_ADX_IMMATURE,
10:04:09,23415.95,23494.95,23414.0,NARROW,23494.95,23409.3,0.078,RANGE,NEUTRAL,BEARISH,NO_TRADE,RANGE_VERTICAL_ADX_IMMATURE,0.0,0,75.54,HIGH,2,0,0,0,0,0,NO_TRADE,,RANGE_VERTICAL_ADX_IMMATURE,
10:04:24,23417.75,23494.95,23414.0,NARROW,23494.95,23409.3,0.099,RANGE,NEUTRAL,BEARISH,NO_TRADE,RANGE_VERTICAL_ADX_IMMATURE,0.0,0,75.35,HIGH,2,0,0,0,0,0,NO_TRADE,,RANGE_VERTICAL_ADX_IMMATURE,
10:04:39,23417.95,23494.95,23414.0,NARROW,23494.95,23409.3,0.101,RANGE,NEUTRAL,BEARISH,NO_TRADE,RANGE_VERTICAL_ADX_IMMATURE,0.0,0,75.16,HIGH,2,0,0,0,0,0,NO_TRADE,,RANGE_VERTICAL_ADX_IMMATURE,
10:04:54,23422.95,23494.95,23414.0,NARROW,23494.95,23409.3,0.159,RANGE,NEUTRAL,BEARISH,NO_TRADE,RANGE_VERTICAL_ADX_IMMATURE,0.0,0,74.97,HIGH,2,0,0,0,0,0,NO_TRADE,,RANGE_VERTICAL_ADX_IMMATURE,
10:05:10,23423.1,23494.95,23414.0,NARROW,23494.95,23409.3,0.161,RANGE,NEUTRAL,BEARISH,NO_TRADE,RANGE_VERTICAL_ADX_IMMATURE,0.0,0,74.78,HIGH,2,0,0,0,0,0,NO_TRADE,,RANGE_VERTICAL_ADX_IMMATURE,
10:05:25,23423.8,23494.95,23414.0,NARROW,23494.95,23409.3,0.169,RANGE,NEUTRAL,BEARISH,NO_TRADE,RANGE_VERTICAL_ADX_IMMATURE,0.0,0,74.6,HIGH,2,0,0,0,0,0,NO_TRADE,,RANGE_VERTICAL_ADX_IMMATURE,
10:05:40,23425.05,23494.95,23414.0,NARROW,23494.95,23409.3,0.184,RANGE,NEUTRAL,BEARISH,NO_TRADE,RANGE_VERTICAL_ADX_IMMATURE,0.0,0,74.41,HIGH,2,0,0,0,0,0,NO_TRADE,,RANGE_VERTICAL_ADX_IMMATURE,
10:05:55,23425.05,23494.95,23414.0,NARROW,23494.95,23409.3,0.184,RANGE,NEUTRAL,BEARISH,NO_TRADE,RANGE_VERTICAL_ADX_IMMATURE,0.0,0,74.23,HIGH,2,0,0,0,0,0,NO_TRADE,,RANGE_VERTICAL_ADX_IMMATURE,
10:06:10,23425.0,23494.95,23414.0,NARROW,23494.95,23409.3,0.183,RANGE,NEUTRAL,BEARISH,NO_TRADE,RANGE_VERTICAL_ADX_IMMATURE,0.0,0,74.05,HIGH,2,0,0,0,0,0,NO_TRADE,,RANGE_VERTICAL_ADX_IMMATURE,
10:06:25,23422.85,23494.95,23414.0,NARROW,23494.95,23409.3,0.158,RANGE,NEUTRAL,BEARISH,NO_TRADE,RANGE_VERTICAL_ADX_IMMATURE,0.0,0,73.87,HIGH,2,0,0,0,0,0,NO_TRADE,,RANGE_VERTICAL_ADX_IMMATURE,
10:06:40,23420.65,23494.95,23414.0,NARROW,23494.95,23409.3,0.133,RANGE,NEUTRAL,BEARISH,NO_TRADE,RANGE_VERTICAL_ADX_IMMATURE,0.0,0,73.69,HIGH,2,0,0,0,0,0,NO_TRADE,,RANGE_VERTICAL_ADX_IMMATURE,
10:06:55,23417.35,23494.95,23414.0,NARROW,23494.95,23409.3,0.094,RANGE,NEUTRAL,BEARISH,NO_TRADE,RANGE_VERTICAL_ADX_IMMATURE,0.0,0,73.51,HIGH,2,0,0,0,0,0,NO_TRADE,,RANGE_VERTICAL_ADX_IMMATURE,
10:07:10,23417.2,23494.95,23414.0,NARROW,23494.95,23409.3,0.092,RANGE,NEUTRAL,BEARISH,NO_TRADE,RANGE_VERTICAL_ADX_IMMATURE,0.0,0,73.33,HIGH,2,0,0,0,0,0,NO_TRADE,,RANGE_VERTICAL_ADX_IMMATURE,
10:07:25,23416.85,23494.95,23414.0,NARROW,23494.95,23409.3,0.088,RANGE,NEUTRAL,BEARISH,NO_TRADE,RANGE_VERTICAL_ADX_IMMATURE,0.0,0,73.16,HIGH,2,0,0,0,0,0,NO_TRADE,,RANGE_VERTICAL_ADX_IMMATURE,
10:07:40,23417.9,23494.95,23414.0,NARROW,23494.95,23409.3,0.100,RANGE,NEUTRAL,BEARISH,NO_TRADE,RANGE_VERTICAL_ADX_IMMATURE,0.0,0,72.98,HIGH,2,0,0,0,0,0,NO_TRADE,,RANGE_VERTICAL_ADX_IMMATURE,
10:07:55,23413.55,23494.95,23414.0,NARROW,23494.95,23409.3,0.050,RANGE,NEUTRAL,BEARISH,NO_TRADE,RANGE_VERTICAL_ADX_IMMATURE,0.0,0,72.81,HIGH,2,0,0,0,0,0,NO_TRADE,,RANGE_VERTICAL_ADX_IMMATURE,
10:08:10,23416.2,23494.95,23414.0,NARROW,23494.95,23408.5,0.089,RANGE,NEUTRAL,BEARISH,NO_TRADE,RANGE_VERTICAL_ADX_IMMATURE,0.0,0,73.31,HIGH,2,0,0,0,0,0,NO_TRADE,,RANGE_VERTICAL_ADX_IMMATURE,
10:08:25,23415.35,23494.95,23414.0,NARROW,23494.95,23408.5,0.079,RANGE,NEUTRAL,BEARISH,NO_TRADE,RANGE_VERTICAL_ADX_IMMATURE,0.0,0,73.14,HIGH,2,0,0,0,0,0,NO_TRADE,,RANGE_VERTICAL_ADX_IMMATURE,
10:08:40,23416.4,23494.95,23414.0,NARROW,23494.95,23408.5,0.091,RANGE,NEUTRAL,BEARISH,NO_TRADE,RANGE_VERTICAL_ADX_IMMATURE,0.0,0,72.97,HIGH,2,0,0,0,0,0,NO_TRADE,,RANGE_VERTICAL_ADX_IMMATURE,
10:08:55,23409.55,23494.95,23414.0,NARROW,23494.95,23408.5,0.012,RANGE,NEUTRAL,BEARISH,NO_TRADE,RANGE_VERTICAL_ADX_IMMATURE,0.0,0,72.8,HIGH,2,0,0,0,0,0,NO_TRADE,,RANGE_VERTICAL_ADX_IMMATURE,
10:09:10,23406.0,23494.95,23414.0,NARROW,23494.95,23404.45,0.017,RANGE,NEUTRAL,BEARISH,NO_TRADE,RANGE_VERTICAL_ADX_IMMATURE,0.0,0,76.04,HIGH,2,0,0,0,0,0,NO_TRADE,,RANGE_VERTICAL_ADX_IMMATURE,
10:09:25,23412.0,23494.95,23414.0,NARROW,23494.95,23404.45,0.083,RANGE,NEUTRAL,BEARISH,NO_TRADE,RANGE_VERTICAL_ADX_IMMATURE,0.0,0,75.86,HIGH,2,0,0,0,0,0,NO_TRADE,,RANGE_VERTICAL_ADX_IMMATURE,
10:09:40,23417.5,23494.95,23414.0,NARROW,23494.95,23404.45,0.144,RANGE,NEUTRAL,BEARISH,NO_TRADE,RANGE_VERTICAL_ADX_IMMATURE,0.0,0,75.69,HIGH,2,0,0,0,0,0,NO_TRADE,,RANGE_VERTICAL_ADX_IMMATURE,
10:09:55,23414.9,23494.95,23414.0,NARROW,23494.95,23404.45,0.115,RANGE,NEUTRAL,BEARISH,NO_TRADE,RANGE_VERTICAL_ADX_IMMATURE,0.0,0,75.51,HIGH,2,0,0,0,0,0,NO_TRADE,,RANGE_VERTICAL_ADX_IMMATURE,
10:10:11,23415.0,23494.95,23414.0,NARROW,23494.95,23404.45,0.117,RANGE,NEUTRAL,BEARISH,NO_TRADE,RANGE_VERTICAL_ADX_IMMATURE,0.0,0,75.34,HIGH,2,0,0,0,0,0,NO_TRADE,,RANGE_VERTICAL_ADX_IMMATURE,
10:10:26,23411.8,23494.95,23414.0,NARROW,23494.95,23404.45,0.081,RANGE,NEUTRAL,BEARISH,NO_TRADE,RANGE_VERTICAL_ADX_IMMATURE,0.0,0,75.17,HIGH,2,0,0,0,0,0,NO_TRADE,,RANGE_VERTICAL_ADX_IMMATURE,
10:10:41,23412.6,23494.95,23414.0,NARROW,23494.95,23404.45,0.090,RANGE,NEUTRAL,BEARISH,NO_TRADE,RANGE_VERTICAL_ADX_IMMATURE,0.0,0,75.0,HIGH,2,0,0,0,0,0,NO_TRADE,,RANGE_VERTICAL_ADX_IMMATURE,
10:10:56,23413.6,23494.95,23414.0,NARROW,23494.95,23404.45,0.101,RANGE,NEUTRAL,BEARISH,NO_TRADE,RANGE_VERTICAL_ADX_IMMATURE,0.0,0,74.83,HIGH,2,0,0,0,0,0,NO_TRADE,,RANGE_VERTICAL_ADX_IMMATURE,
10:11:11,23415.95,23494.95,23414.0,NARROW,23494.95,23404.45,0.127,CHOPPY,NEUTRAL,BEARISH,NO_TRADE,NO_TRADE:CHOPPY_MARKET,0.0,0,74.66,NONE,2,1,0,0,0,0,NO_TRADE,,NO_TRADE:CHOPPY_MARKET,
10:11:26,23411.5,23494.95,23414.0,NARROW,23494.95,23404.45,0.078,CHOPPY,NEUTRAL,BEARISH,NO_TRADE,NO_TRADE:CHOPPY_MARKET,0.0,0,74.5,NONE,2,1,0,0,0,0,NO_TRADE,,NO_TRADE:CHOPPY_MARKET,
10:11:41,23414.6,23494.95,23414.0,NARROW,23494.95,23404.45,0.112,CHOPPY,NEUTRAL,BEARISH,NO_TRADE,NO_TRADE:CHOPPY_MARKET,0.0,0,74.33,NONE,2,1,0,0,0,0,NO_TRADE,,NO_TRADE:CHOPPY_MARKET,
10:11:56,23412.55,23494.95,23414.0,NARROW,23494.95,23404.45,0.090,CHOPPY,NEUTRAL,BEARISH,NO_TRADE,NO_TRADE:CHOPPY_MARKET,0.0,0,74.17,NONE,2,1,0,0,0,0,NO_TRADE,,NO_TRADE:CHOPPY_MARKET,
10:12:11,23413.15,23494.95,23414.0,NARROW,23494.95,23404.45,0.096,CHOPPY,NEUTRAL,BEARISH,NO_TRADE,NO_TRADE:CHOPPY_MARKET,0.0,0,74.01,NONE,2,1,0,0,0,0,NO_TRADE,,NO_TRADE:CHOPPY_MARKET,
10:12:26,23410.8,23494.95,23414.0,NARROW,23494.95,23404.45,0.070,CHOPPY,NEUTRAL,BEARISH,NO_TRADE,NO_TRADE:CHOPPY_MARKET,0.0,0,73.85,NONE,2,1,0,0,0,0,NO_TRADE,,NO_TRADE:CHOPPY_MARKET,
10:12:41,23410.05,23494.95,23414.0,NARROW,23494.95,23404.45,0.062,CHOPPY,NEUTRAL,BEARISH,NO_TRADE,NO_TRADE:CHOPPY_MARKET,0.0,0,73.69,NONE,2,1,0,0,0,0,NO_TRADE,,NO_TRADE:CHOPPY_MARKET,
10:12:56,23408.25,23494.95,23414.0,NARROW,23494.95,23404.45,0.042,CHOPPY,NEUTRAL,BEARISH,NO_TRADE,NO_TRADE:CHOPPY_MARKET,0.0,0,73.53,NONE,2,1,0,0,0,0,NO_TRADE,,NO_TRADE:CHOPPY_MARKET,
10:13:11,23411.0,23494.95,23414.0,NARROW,23494.95,23404.35,0.073,RANGE,NEUTRAL,BEARISH,NO_TRADE,RANGE_VERTICAL_ADX_IMMATURE,0.0,0,73.45,HIGH,2,0,0,0,0,0,NO_TRADE,,RANGE_VERTICAL_ADX_IMMATURE,
10:13:26,23409.3,23494.95,23414.0,NARROW,23494.95,23404.35,0.055,RANGE,NEUTRAL,BEARISH,NO_TRADE,RANGE_VERTICAL_ADX_IMMATURE,0.0,0,73.29,HIGH,2,0,0,0,0,0,NO_TRADE,,RANGE_VERTICAL_ADX_IMMATURE,
10:13:41,23405.05,23494.95,23414.0,NARROW,23494.95,23404.35,0.008,RANGE,NEUTRAL,BEARISH,NO_TRADE,RANGE_VERTICAL_ADX_IMMATURE,0.0,0,73.14,HIGH,2,0,0,0,0,0,NO_TRADE,,RANGE_VERTICAL_ADX_IMMATURE,
10:13:56,23406.05,23494.95,23414.0,NARROW,23494.95,23404.35,0.019,RANGE,NEUTRAL,BEARISH,NO_TRADE,RANGE_VERTICAL_ADX_IMMATURE,0.0,0,72.98,HIGH,2,0,0,0,0,0,NO_TRADE,,RANGE_VERTICAL_ADX_IMMATURE,
10:14:11,23406.0,23494.95,23414.0,NARROW,23494.95,23404.35,0.018,RANGE,NEUTRAL,BEARISH,NO_TRADE,RANGE_VERTICAL_ADX_IMMATURE,0.0,0,72.83,HIGH,2,0,0,0,0,0,NO_TRADE,,RANGE_VERTICAL_ADX_IMMATURE,
10:14:26,23409.25,23494.95,23414.0,NARROW,23494.95,23404.35,0.054,RANGE,NEUTRAL,BEARISH,NO_TRADE,RANGE_VERTICAL_ADX_IMMATURE,0.0,0,72.67,HIGH,2,0,0,0,0,0,NO_TRADE,,RANGE_VERTICAL_ADX_IMMATURE,
10:14:41,23410.6,23494.95,23414.0,NARROW,23494.95,23404.35,0.069,RANGE,NEUTRAL,BEARISH,NO_TRADE,RANGE_VERTICAL_ADX_IMMATURE,0.0,0,72.52,HIGH,2,0,0,0,0,0,NO_TRADE,,RANGE_VERTICAL_ADX_IMMATURE,
10:14:56,23412.05,23494.95,23414.0,NARROW,23494.95,23404.35,0.085,RANGE,NEUTRAL,BEARISH,NO_TRADE,RANGE_VERTICAL_ADX_IMMATURE,0.0,0,72.37,HIGH,2,0,0,0,0,0,NO_TRADE,,RANGE_VERTICAL_ADX_IMMATURE,
10:15:11,23414.6,23494.95,23414.0,NARROW,23494.95,23404.35,0.113,CHOPPY,NEUTRAL,BEARISH,NO_TRADE,NO_TRADE:CHOPPY_MARKET,0.0,0,72.22,NONE,2,1,0,0,0,0,NO_TRADE,,NO_TRADE:CHOPPY_MARKET,
10:15:26,23417.0,23494.95,23414.0,NARROW,23494.95,23404.35,0.140,CHOPPY,NEUTRAL,BEARISH,NO_TRADE,NO_TRADE:CHOPPY_MARKET,0.0,0,72.07,NONE,2,1,0,0,0,0,NO_TRADE,,NO_TRADE:CHOPPY_MARKET,
10:15:41,23417.8,23494.95,23414.0,NARROW,23494.95,23404.35,0.148,CHOPPY,NEUTRAL,BEARISH,NO_TRADE,NO_TRADE:CHOPPY_MARKET,0.0,0,71.92,NONE,2,1,0,0,0,0,NO_TRADE,,NO_TRADE:CHOPPY_MARKET,
10:15:56,23420.15,23494.95,23414.0,NARROW,23494.95,23404.35,0.174,CHOPPY,NEUTRAL,BEARISH,NO_TRADE,NO_TRADE:CHOPPY_MARKET,0.0,0,71.77,NONE,2,1,0,0,0,0,NO_TRADE,,NO_TRADE:CHOPPY_MARKET,
10:16:11,23425.75,23494.95,23414.0,NARROW,23494.95,23404.35,0.236,CHOPPY,NEUTRAL,BEARISH,NO_TRADE,NO_TRADE:CHOPPY_MARKET,0.0,0,71.62,NONE,2,1,0,0,0,0,NO_TRADE,,NO_TRADE:CHOPPY_MARKET,
10:16:26,23421.9,23494.95,23414.0,NARROW,23494.95,23404.35,0.194,CHOPPY,NEUTRAL,BEARISH,NO_TRADE,NO_TRADE:CHOPPY_MARKET,0.0,0,71.48,NONE,2,1,0,0,0,0,NO_TRADE,,NO_TRADE:CHOPPY_MARKET,
10:16:41,23424.15,23494.95,23414.0,NARROW,23494.95,23404.35,0.219,CHOPPY,NEUTRAL,BEARISH,NO_TRADE,NO_TRADE:CHOPPY_MARKET,0.0,0,71.33,NONE,2,1,0,0,0,0,NO_TRADE,,NO_TRADE:CHOPPY_MARKET,
10:16:56,23425.9,23494.95,23414.0,NARROW,23494.95,23404.35,0.238,CHOPPY,NEUTRAL,BEARISH,NO_TRADE,NO_TRADE:CHOPPY_MARKET,0.0,0,71.19,NONE,2,1,0,0,0,0,NO_TRADE,,NO_TRADE:CHOPPY_MARKET,
10:17:11,23428.6,23494.95,23414.0,NARROW,23494.95,23404.35,0.268,CHOPPY,NEUTRAL,BEARISH,NO_TRADE,NO_TRADE:CHOPPY_MARKET,0.0,0,71.05,NONE,2,1,0,0,0,0,NO_TRADE,,NO_TRADE:CHOPPY_MARKET,
10:17:26,23434.0,23494.95,23414.0,NARROW,23494.95,23404.35,0.327,CHOPPY,NEUTRAL,BEARISH,NO_TRADE,NO_TRADE:CHOPPY_MARKET,0.0,0,70.9,NONE,2,1,0,0,0,0,NO_TRADE,,NO_TRADE:CHOPPY_MARKET,
10:17:41,23434.45,23494.95,23414.0,NARROW,23494.95,23404.35,0.332,CHOPPY,NEUTRAL,BEARISH,NO_TRADE,NO_TRADE:CHOPPY_MARKET,0.0,0,70.76,NONE,2,1,0,0,0,0,NO_TRADE,,NO_TRADE:CHOPPY_MARKET,
10:17:56,23428.0,23494.95,23414.0,NARROW,23494.95,23404.35,0.261,CHOPPY,NEUTRAL,BEARISH,NO_TRADE,NO_TRADE:CHOPPY_MARKET,0.0,0,70.62,NONE,2,1,0,0,0,0,NO_TRADE,,NO_TRADE:CHOPPY_MARKET,
10:18:11,23432.85,23494.95,23414.0,NARROW,23494.95,23404.35,0.315,CHOPPY,NEUTRAL,BEARISH,NO_TRADE,NO_TRADE:CHOPPY_MARKET,0.0,0,70.48,NONE,2,1,0,0,0,0,NO_TRADE,,NO_TRADE:CHOPPY_MARKET,
10:18:26,23431.3,23494.95,23414.0,NARROW,23494.95,23404.35,0.297,CHOPPY,NEUTRAL,BEARISH,NO_TRADE,NO_TRADE:CHOPPY_MARKET,0.0,0,70.34,NONE,2,1,0,0,0,0,NO_TRADE,,NO_TRADE:CHOPPY_MARKET,
10:18:41,23429.6,23494.95,23414.0,NARROW,23494.95,23404.35,0.279,CHOPPY,NEUTRAL,BEARISH,NO_TRADE,NO_TRADE:CHOPPY_MARKET,0.0,0,70.2,NONE,2,1,0,0,0,0,NO_TRADE,,NO_TRADE:CHOPPY_MARKET,
10:18:56,23429.15,23494.95,23414.0,NARROW,23494.95,23404.35,0.274,CHOPPY,NEUTRAL,BEARISH,NO_TRADE,NO_TRADE:CHOPPY_MARKET,0.0,0,70.06,NONE,2,1,0,0,0,0,NO_TRADE,,NO_TRADE:CHOPPY_MARKET,
10:19:11,23430.7,23494.95,23414.0,NARROW,23494.95,23404.35,0.291,RANGE,NEUTRAL,BEARISH,NO_TRADE,RANGE_VERTICAL_ADX_IMMATURE,0.0,0,69.93,HIGH,2,0,0,0,0,0,NO_TRADE,,RANGE_VERTICAL_ADX_IMMATURE,
10:19:27,23427.75,23494.95,23414.0,NARROW,23494.95,23404.35,0.258,RANGE,NEUTRAL,BEARISH,NO_TRADE,RANGE_VERTICAL_ADX_IMMATURE,0.0,0,69.79,HIGH,2,0,0,0,0,0,NO_TRADE,,RANGE_VERTICAL_ADX_IMMATURE,
10:19:42,23428.15,23494.95,23414.0,NARROW,23494.95,23404.35,0.263,RANGE,NEUTRAL,BEARISH,NO_TRADE,RANGE_VERTICAL_ADX_IMMATURE,0.0,0,69.66,HIGH,2,0,0,0,0,0,NO_TRADE,,RANGE_VERTICAL_ADX_IMMATURE,
10:19:57,23427.05,23494.95,23414.0,NARROW,23494.95,23404.35,0.251,RANGE,NEUTRAL,BEARISH,NO_TRADE,RANGE_VERTICAL_ADX_IMMATURE,0.0,0,69.52,HIGH,2,0,0,0,0,0,NO_TRADE,,RANGE_VERTICAL_ADX_IMMATURE,
10:20:12,23427.0,23494.95,23414.0,NARROW,23494.95,23404.35,0.250,RANGE,NEUTRAL,BEARISH,NO_TRADE,RANGE_VERTICAL_ADX_IMMATURE,0.0,0,69.39,HIGH,2,0,0,0,0,0,NO_TRADE,,RANGE_VERTICAL_ADX_IMMATURE,
10:20:27,23423.45,23494.95,23414.0,NARROW,23494.95,23404.35,0.211,RANGE,NEUTRAL,BEARISH,NO_TRADE,RANGE_VERTICAL_ADX_IMMATURE,0.0,0,69.26,HIGH,2,0,0,0,0,0,NO_TRADE,,RANGE_VERTICAL_ADX_IMMATURE,
10:20:42,23423.9,23494.95,23414.0,NARROW,23494.95,23404.35,0.216,RANGE,NEUTRAL,BEARISH,NO_TRADE,RANGE_VERTICAL_ADX_IMMATURE,0.0,0,69.12,HIGH,2,0,0,0,0,0,NO_TRADE,,RANGE_VERTICAL_ADX_IMMATURE,
10:20:57,23422.65,23494.95,23414.0,NARROW,23494.95,23404.35,0.202,RANGE,NEUTRAL,BEARISH,NO_TRADE,RANGE_VERTICAL_ADX_IMMATURE,0.0,0,68.99,HIGH,2,0,0,0,0,0,NO_TRADE,,RANGE_VERTICAL_ADX_IMMATURE,
10:21:12,23422.35,23494.95,23414.0,NARROW,23494.95,23404.35,0.199,RANGE,NEUTRAL,BEARISH,NO_TRADE,RANGE_VERTICAL_ADX_IMMATURE,0.0,0,68.86,HIGH,2,0,0,0,0,0,NO_TRADE,,RANGE_VERTICAL_ADX_IMMATURE,
10:21:27,23422.5,23494.95,23414.0,NARROW,23494.95,23404.35,0.200,RANGE,NEUTRAL,BEARISH,NO_TRADE,RANGE_VERTICAL_ADX_IMMATURE,0.0,0,68.73,HIGH,2,0,0,0,0,0,NO_TRADE,,RANGE_VERTICAL_ADX_IMMATURE,
10:21:42,23421.25,23494.95,23414.0,NARROW,23494.95,23404.35,0.187,RANGE,NEUTRAL,BEARISH,NO_TRADE,RANGE_VERTICAL_ADX_IMMATURE,0.0,0,68.6,HIGH,2,0,0,0,0,0,NO_TRADE,,RANGE_VERTICAL_ADX_IMMATURE,
10:21:57,23417.85,23494.95,23414.0,NARROW,23494.95,23404.35,0.149,RANGE,NEUTRAL,BEARISH,NO_TRADE,RANGE_VERTICAL_ADX_IMMATURE,0.0,0,68.47,HIGH,2,0,0,0,0,0,NO_TRADE,,RANGE_VERTICAL_ADX_IMMATURE,
10:22:12,23415.65,23494.95,23414.0,NARROW,23494.95,23404.35,0.125,RANGE,NEUTRAL,BEARISH,NO_TRADE,RANGE_VERTICAL_ADX_IMMATURE,0.0,0,68.35,HIGH,2,0,0,0,0,0,NO_TRADE,,RANGE_VERTICAL_ADX_IMMATURE,
10:22:27,23417.2,23494.95,23414.0,NARROW,23494.95,23404.35,0.142,RANGE,NEUTRAL,BEARISH,NO_TRADE,RANGE_VERTICAL_ADX_IMMATURE,0.0,0,68.22,HIGH,2,0,0,0,0,0,NO_TRADE,,RANGE_VERTICAL_ADX_IMMATURE,
10:22:42,23418.0,23494.95,23414.0,NARROW,23494.95,23404.35,0.151,RANGE,NEUTRAL,BEARISH,NO_TRADE,RANGE_VERTICAL_ADX_IMMATURE,0.0,0,68.09,HIGH,2,0,0,0,0,0,NO_TRADE,,RANGE_VERTICAL_ADX_IMMATURE,
10:22:57,23417.2,23494.95,23414.0,NARROW,23494.95,23404.35,0.142,RANGE,NEUTRAL,BEARISH,NO_TRADE,RANGE_VERTICAL_ADX_IMMATURE,0.0,0,67.97,HIGH,2,0,0,0,0,0,NO_TRADE,,RANGE_VERTICAL_ADX_IMMATURE,
10:23:12,23417.0,23494.95,23414.0,NARROW,23494.95,23404.35,0.140,RANGE,NEUTRAL,BEARISH,NO_TRADE,RANGE_VERTICAL_ADX_IMMATURE,0.0,0,67.84,HIGH,2,0,0,0,0,0,NO_TRADE,,RANGE_VERTICAL_ADX_IMMATURE,
10:23:27,23419.35,23494.95,23414.0,NARROW,23494.95,23404.35,0.166,RANGE,NEUTRAL,BEARISH,NO_TRADE,RANGE_VERTICAL_ADX_IMMATURE,0.0,0,67.72,HIGH,2,0,0,0,0,0,NO_TRADE,,RANGE_VERTICAL_ADX_IMMATURE,
10:23:42,23425.85,23494.95,23414.0,NARROW,23494.95,23404.35,0.237,RANGE,NEUTRAL,BEARISH,NO_TRADE,RANGE_VERTICAL_ADX_IMMATURE,0.0,0,67.6,HIGH,2,0,0,0,0,0,NO_TRADE,,RANGE_VERTICAL_ADX_IMMATURE,
10:23:57,23427.15,23494.95,23414.0,NARROW,23494.95,23404.35,0.252,RANGE,NEUTRAL,BEARISH,NO_TRADE,RANGE_VERTICAL_ADX_IMMATURE,0.0,0,67.47,HIGH,2,0,0,0,0,0,NO_TRADE,,RANGE_VERTICAL_ADX_IMMATURE,
10:24:12,23425.7,23494.95,23414.0,NARROW,23494.95,23404.35,0.236,RANGE,NEUTRAL,BEARISH,NO_TRADE,RANGE_VERTICAL_ADX_IMMATURE,0.0,0,67.35,HIGH,2,0,0,0,0,0,NO_TRADE,,RANGE_VERTICAL_ADX_IMMATURE,
10:24:27,23424.5,23494.95,23414.0,NARROW,23494.95,23404.35,0.222,RANGE,NEUTRAL,BEARISH,NO_TRADE,RANGE_VERTICAL_ADX_IMMATURE,0.0,0,67.23,HIGH,2,0,0,0,0,0,NO_TRADE,,RANGE_VERTICAL_ADX_IMMATURE,
10:24:42,23424.1,23494.95,23414.0,NARROW,23494.95,23404.35,0.218,RANGE,NEUTRAL,BEARISH,NO_TRADE,RANGE_VERTICAL_ADX_IMMATURE,0.0,0,67.11,HIGH,2,0,0,0,0,0,NO_TRADE,,RANGE_VERTICAL_ADX_IMMATURE,
10:24:57,23423.45,23494.95,23414.0,NARROW,23494.95,23404.35,0.211,RANGE,NEUTRAL,BEARISH,NO_TRADE,RANGE_VERTICAL_ADX_IMMATURE,0.0,0,66.99,HIGH,2,0,0,0,0,0,NO_TRADE,,RANGE_VERTICAL_ADX_IMMATURE,
10:25:12,23421.8,23494.95,23414.0,NARROW,23494.95,23404.35,0.193,RANGE,NEUTRAL,BEARISH,NO_TRADE,RANGE_VERTICAL_ADX_IMMATURE,0.0,0,66.87,HIGH,2,0,0,0,0,0,NO_TRADE,,RANGE_VERTICAL_ADX_IMMATURE,
10:25:27,23421.0,23494.95,23414.0,NARROW,23494.95,23404.35,0.184,RANGE,NEUTRAL,BEARISH,NO_TRADE,RANGE_VERTICAL_ADX_IMMATURE,0.0,0,66.75,HIGH,2,0,0,0,0,0,NO_TRADE,,RANGE_VERTICAL_ADX_IMMATURE,
10:25:42,23422.25,23494.95,23414.0,NARROW,23494.95,23404.35,0.198,RANGE,NEUTRAL,BEARISH,NO_TRADE,RANGE_VERTICAL_ADX_IMMATURE,0.0,0,66.63,HIGH,2,0,0,0,0,0,NO_TRADE,,RANGE_VERTICAL_ADX_IMMATURE,
10:25:57,23426.45,23494.95,23414.0,NARROW,23494.95,23404.35,0.244,RANGE,NEUTRAL,BEARISH,NO_TRADE,RANGE_VERTICAL_ADX_IMMATURE,0.0,0,66.51,HIGH,2,0,0,0,0,0,NO_TRADE,,RANGE_VERTICAL_ADX_IMMATURE,
10:26:12,23425.9,23494.95,23414.0,NARROW,23494.95,23404.35,0.238,RANGE,NEUTRAL,BEARISH,NO_TRADE,RANGE_VERTICAL_ADX_IMMATURE,0.0,0,66.4,HIGH,2,0,0,0,0,0,NO_TRADE,,RANGE_VERTICAL_ADX_IMMATURE,
10:26:27,23424.35,23494.95,23414.0,NARROW,23494.95,23404.35,0.221,RANGE,NEUTRAL,BEARISH,NO_TRADE,RANGE_VERTICAL_ADX_IMMATURE,0.0,0,66.28,HIGH,2,0,0,0,0,0,NO_TRADE,,RANGE_VERTICAL_ADX_IMMATURE,
10:26:42,23424.55,23494.95,23414.0,NARROW,23494.95,23404.35,0.223,RANGE,NEUTRAL,BEARISH,NO_TRADE,RANGE_VERTICAL_ADX_IMMATURE,0.0,0,66.16,HIGH,2,0,0,0,0,0,NO_TRADE,,RANGE_VERTICAL_ADX_IMMATURE,
10:26:57,23425.65,23494.95,23414.0,NARROW,23494.95,23404.35,0.235,RANGE,NEUTRAL,BEARISH,NO_TRADE,RANGE_VERTICAL_ADX_IMMATURE,0.0,0,66.05,HIGH,2,0,0,0,0,0,NO_TRADE,,RANGE_VERTICAL_ADX_IMMATURE,
10:27:12,23426.2,23494.95,23414.0,NARROW,23494.95,23404.35,0.241,RANGE,NEUTRAL,BEARISH,NO_TRADE,RANGE_VERTICAL_ADX_IMMATURE,0.0,0,65.93,HIGH,2,0,0,0,0,0,NO_TRADE,,RANGE_VERTICAL_ADX_IMMATURE,
10:27:27,23425.4,23494.95,23414.0,NARROW,23494.95,23404.35,0.232,RANGE,NEUTRAL,BEARISH,NO_TRADE,RANGE_VERTICAL_ADX_IMMATURE,0.0,0,65.82,HIGH,2,0,0,0,0,0,NO_TRADE,,RANGE_VERTICAL_ADX_IMMATURE,
10:27:42,23421.55,23494.95,23414.0,NARROW,23494.95,23404.35,0.190,RANGE,NEUTRAL,BEARISH,NO_TRADE,RANGE_VERTICAL_ADX_IMMATURE,0.0,0,65.71,HIGH,2,0,0,0,0,0,NO_TRADE,,RANGE_VERTICAL_ADX_IMMATURE,
10:27:57,23421.6,23494.95,23414.0,NARROW,23494.95,23404.35,0.190,RANGE,NEUTRAL,BEARISH,NO_TRADE,RANGE_VERTICAL_ADX_IMMATURE,0.0,0,65.59,HIGH,2,0,0,0,0,0,NO_TRADE,,RANGE_VERTICAL_ADX_IMMATURE,
10:28:12,23422.75,23494.95,23414.0,NARROW,23494.95,23404.35,0.203,RANGE,NEUTRAL,BEARISH,NO_TRADE,RANGE_VERTICAL_ADX_IMMATURE,0.0,0,65.48,HIGH,2,0,0,0,0,0,NO_TRADE,,RANGE_VERTICAL_ADX_IMMATURE,
10:28:27,23421.65,23494.95,23414.0,NARROW,23494.95,23404.35,0.191,RANGE,NEUTRAL,BEARISH,NO_TRADE,RANGE_VERTICAL_ADX_IMMATURE,0.0,0,65.37,HIGH,2,0,0,0,0,0,NO_TRADE,,RANGE_VERTICAL_ADX_IMMATURE,
10:28:42,23421.75,23494.95,23414.0,NARROW,23494.95,23404.35,0.192,RANGE,NEUTRAL,BEARISH,NO_TRADE,RANGE_VERTICAL_ADX_IMMATURE,0.0,0,65.26,HIGH,2,0,0,0,0,0,NO_TRADE,,RANGE_VERTICAL_ADX_IMMATURE,
10:28:57,23422.15,23494.95,23414.0,NARROW,23494.95,23404.35,0.196,RANGE,NEUTRAL,BEARISH,NO_TRADE,RANGE_VERTICAL_ADX_IMMATURE,0.0,0,65.15,HIGH,2,0,0,0,0,0,NO_TRADE,,RANGE_VERTICAL_ADX_IMMATURE,
10:29:12,23423.35,23494.95,23414.0,NARROW,23494.95,23404.35,0.210,RANGE,NEUTRAL,BEARISH,NO_TRADE,RANGE_VERTICAL_ADX_IMMATURE,0.0,0,65.04,HIGH,2,0,0,0,0,0,NO_TRADE,,RANGE_VERTICAL_ADX_IMMATURE,
10:29:27,23425.6,23494.95,23414.0,NARROW,23494.95,23404.35,0.235,RANGE,NEUTRAL,BEARISH,NO_TRADE,RANGE_VERTICAL_ADX_IMMATURE,0.0,0,64.93,HIGH,2,0,0,0,0,0,NO_TRADE,,RANGE_VERTICAL_ADX_IMMATURE,
10:29:43,23425.4,23494.95,23414.0,NARROW,23494.95,23404.35,0.232,RANGE,NEUTRAL,BEARISH,NO_TRADE,RANGE_VERTICAL_ADX_IMMATURE,0.0,0,64.82,HIGH,2,0,0,0,0,0,NO_TRADE,,RANGE_VERTICAL_ADX_IMMATURE,
10:29:58,23424.8,23494.95,23414.0,NARROW,23494.95,23404.35,0.226,RANGE,NEUTRAL,BEARISH,NO_TRADE,RANGE_VERTICAL_ADX_IMMATURE,0.0,0,64.71,HIGH,2,0,0,0,0,0,NO_TRADE,,RANGE_VERTICAL_ADX_IMMATURE,
10:30:13,23424.9,23494.95,23414.0,NARROW,23494.95,23404.35,0.227,RANGE,NEUTRAL,BEARISH,NO_TRADE,RANGE_VERTICAL_ADX_IMMATURE,0.0,0,64.6,HIGH,2,0,0,0,0,0,NO_TRADE,,RANGE_VERTICAL_ADX_IMMATURE,
10:30:28,23426.65,23494.95,23414.0,NARROW,23494.95,23404.35,0.246,RANGE,NEUTRAL,BEARISH,NO_TRADE,RANGE_VERTICAL_ADX_IMMATURE,0.0,0,64.5,HIGH,2,0,0,0,0,0,NO_TRADE,,RANGE_VERTICAL_ADX_IMMATURE,
10:30:43,23425.95,23494.95,23414.0,NARROW,23494.95,23404.35,0.238,RANGE,NEUTRAL,BEARISH,NO_TRADE,RANGE_VERTICAL_ADX_IMMATURE,0.0,0,64.39,HIGH,2,0,0,0,0,0,NO_TRADE,,RANGE_VERTICAL_ADX_IMMATURE,
10:30:58,23428.5,23494.95,23414.0,NARROW,23494.95,23404.35,0.267,RANGE,NEUTRAL,BEARISH,NO_TRADE,RANGE_VERTICAL_ADX_IMMATURE,0.0,0,64.28,HIGH,2,0,0,0,0,0,NO_TRADE,,RANGE_VERTICAL_ADX_IMMATURE,
10:31:13,23428.4,23494.95,23414.0,NARROW,23494.95,23404.35,0.265,RANGE,NEUTRAL,BEARISH,NO_TRADE,RANGE_VERTICAL_ADX_IMMATURE,0.0,0,64.18,HIGH,2,0,0,0,0,0,NO_TRADE,,RANGE_VERTICAL_ADX_IMMATURE,
10:31:28,23427.5,23494.95,23414.0,NARROW,23494.95,23404.35,0.256,RANGE,NEUTRAL,BEARISH,NO_TRADE,RANGE_VERTICAL_ADX_IMMATURE,0.0,0,64.07,HIGH,2,0,0,0,0,0,NO_TRADE,,RANGE_VERTICAL_ADX_IMMATURE,
10:31:43,23427.4,23494.95,23414.0,NARROW,23494.95,23404.35,0.254,RANGE,NEUTRAL,BEARISH,NO_TRADE,RANGE_VERTICAL_ADX_IMMATURE,0.0,0,63.97,HIGH,2,0,0,0,0,0,NO_TRADE,,RANGE_VERTICAL_ADX_IMMATURE,
10:31:58,23424.6,23494.95,23414.0,NARROW,23494.95,23404.35,0.224,RANGE,NEUTRAL,BEARISH,NO_TRADE,RANGE_VERTICAL_ADX_IMMATURE,0.0,0,63.86,HIGH,2,0,0,0,0,0,NO_TRADE,,RANGE_VERTICAL_ADX_IMMATURE,
10:32:13,23426.3,23494.95,23414.0,NARROW,23494.95,23404.35,0.242,RANGE,NEUTRAL,BEARISH,NO_TRADE,RANGE_VERTICAL_ADX_IMMATURE,0.0,0,63.76,HIGH,2,0,0,0,0,0,NO_TRADE,,RANGE_VERTICAL_ADX_IMMATURE,
10:32:28,23426.45,23494.95,23414.0,NARROW,23494.95,23404.35,0.244,RANGE,NEUTRAL,BEARISH,NO_TRADE,RANGE_VERTICAL_ADX_IMMATURE,0.0,0,63.66,HIGH,2,0,0,0,0,0,NO_TRADE,,RANGE_VERTICAL_ADX_IMMATURE,
10:32:43,23426.3,23494.95,23414.0,NARROW,23494.95,23404.35,0.242,RANGE,NEUTRAL,BEARISH,NO_TRADE,RANGE_VERTICAL_ADX_IMMATURE,0.0,0,63.55,HIGH,2,0,0,0,0,0,NO_TRADE,,RANGE_VERTICAL_ADX_IMMATURE,
10:32:58,23426.3,23494.95,23414.0,NARROW,23494.95,23404.35,0.242,RANGE,NEUTRAL,BEARISH,NO_TRADE,RANGE_VERTICAL_ADX_IMMATURE,0.0,0,63.45,HIGH,2,0,0,0,0,0,NO_TRADE,,RANGE_VERTICAL_ADX_IMMATURE,
10:33:13,23427.55,23494.95,23414.0,NARROW,23494.95,23404.35,0.256,RANGE,NEUTRAL,BEARISH,NO_TRADE,RANGE_VERTICAL_ADX_IMMATURE,0.0,0,63.35,HIGH,2,0,0,0,0,0,NO_TRADE,,RANGE_VERTICAL_ADX_IMMATURE,
10:33:28,23426.8,23494.95,23414.0,NARROW,23494.95,23404.35,0.248,RANGE,NEUTRAL,BEARISH,NO_TRADE,RANGE_VERTICAL_ADX_IMMATURE,0.0,0,63.25,HIGH,2,0,0,0,0,0,NO_TRADE,,RANGE_VERTICAL_ADX_IMMATURE,
10:33:43,23428.25,23494.95,23414.0,NARROW,23494.95,23404.35,0.264,RANGE,NEUTRAL,BEARISH,NO_TRADE,RANGE_VERTICAL_ADX_IMMATURE,0.0,0,63.15,HIGH,2,0,0,0,0,0,NO_TRADE,,RANGE_VERTICAL_ADX_IMMATURE,
10:33:58,23429.45,23494.95,23414.0,NARROW,23494.95,23404.35,0.277,RANGE,NEUTRAL,BEARISH,NO_TRADE,RANGE_VERTICAL_ADX_IMMATURE,0.0,0,63.05,HIGH,2,0,0,0,0,0,NO_TRADE,,RANGE_VERTICAL_ADX_IMMATURE,
10:34:13,23426.9,23494.95,23414.0,NARROW,23494.95,23404.35,0.249,RANGE,SELL_PREMIUM,BEARISH,NO_TRADE,RANGE_VERTICAL_ADX_IMMATURE,0.0,0,62.95,HIGH,2,0,0,0,0,0,NO_TRADE,,RANGE_VERTICAL_ADX_IMMATURE,
10:34:29,23427.35,23494.95,23414.0,NARROW,23494.95,23404.35,0.254,RANGE,SELL_PREMIUM,BEARISH,NO_TRADE,RANGE_VERTICAL_ADX_IMMATURE,0.0,0,62.84,HIGH,2,0,0,0,0,0,NO_TRADE,,RANGE_VERTICAL_ADX_IMMATURE,
10:34:43,23428.6,23494.95,23414.0,NARROW,23494.95,23404.35,0.268,RANGE,SELL_PREMIUM,BEARISH,NO_TRADE,RANGE_VERTICAL_ADX_IMMATURE,0.0,0,62.75,HIGH,2,0,0,0,0,0,NO_TRADE,,RANGE_VERTICAL_ADX_IMMATURE,
10:34:58,23428.05,23494.95,23414.0,NARROW,23494.95,23404.35,0.262,RANGE,SELL_PREMIUM,BEARISH,NO_TRADE,RANGE_VERTICAL_ADX_IMMATURE,0.0,0,62.65,HIGH,2,0,0,0,0,0,NO_TRADE,,RANGE_VERTICAL_ADX_IMMATURE,
10:35:13,23428.4,23494.95,23414.0,NARROW,23494.95,23404.35,0.265,RANGE,SELL_PREMIUM,BEARISH,NO_TRADE,RANGE_VERTICAL_ADX_IMMATURE,0.0,0,62.55,HIGH,2,0,0,0,0,0,NO_TRADE,,RANGE_VERTICAL_ADX_IMMATURE,
10:35:28,23429.25,23494.95,23414.0,NARROW,23494.95,23404.35,0.275,RANGE,SELL_PREMIUM,BEARISH,NO_TRADE,RANGE_VERTICAL_ADX_IMMATURE,0.0,0,62.45,HIGH,2,0,0,0,0,0,NO_TRADE,,RANGE_VERTICAL_ADX_IMMATURE,
10:35:44,23428.7,23494.95,23414.0,NARROW,23494.95,23404.35,0.269,RANGE,SELL_PREMIUM,BEARISH,NO_TRADE,RANGE_VERTICAL_ADX_IMMATURE,0.0,0,62.36,HIGH,2,0,0,0,0,0,NO_TRADE,,RANGE_VERTICAL_ADX_IMMATURE,
10:35:59,23427.3,23494.95,23414.0,NARROW,23494.95,23404.35,0.253,RANGE,SELL_PREMIUM,BEARISH,NO_TRADE,RANGE_VERTICAL_ADX_IMMATURE,0.0,0,62.26,HIGH,2,0,0,0,0,0,NO_TRADE,,RANGE_VERTICAL_ADX_IMMATURE,
10:36:14,23430.4,23494.95,23414.0,NARROW,23494.95,23404.35,0.288,RANGE,SELL_PREMIUM,BEARISH,NO_TRADE,RANGE_VERTICAL_ADX_IMMATURE,0.0,0,62.16,HIGH,2,0,0,0,0,0,NO_TRADE,,RANGE_VERTICAL_ADX_IMMATURE,
10:36:29,23426.6,23494.95,23414.0,NARROW,23494.95,23404.35,0.246,RANGE,SELL_PREMIUM,BEARISH,NO_TRADE,RANGE_VERTICAL_ADX_IMMATURE,0.0,0,62.07,HIGH,2,0,0,0,0,0,NO_TRADE,,RANGE_VERTICAL_ADX_IMMATURE,
10:36:44,23427.15,23494.95,23414.0,NARROW,23494.95,23404.35,0.252,RANGE,SELL_PREMIUM,BEARISH,NO_TRADE,RANGE_VERTICAL_ADX_IMMATURE,0.0,0,61.97,HIGH,2,0,0,0,0,0,NO_TRADE,,RANGE_VERTICAL_ADX_IMMATURE,
10:36:59,23426.65,23494.95,23414.0,NARROW,23494.95,23404.35,0.246,RANGE,SELL_PREMIUM,BEARISH,NO_TRADE,RANGE_VERTICAL_ADX_IMMATURE,0.0,0,61.88,HIGH,2,0,0,0,0,0,NO_TRADE,,RANGE_VERTICAL_ADX_IMMATURE,
10:37:14,23427.95,23494.95,23414.0,NARROW,23494.95,23404.35,0.260,RANGE,SELL_PREMIUM,BEARISH,NO_TRADE,RANGE_VERTICAL_ADX_IMMATURE,0.0,0,61.79,HIGH,2,0,0,0,0,0,NO_TRADE,,RANGE_VERTICAL_ADX_IMMATURE,
10:37:29,23426.8,23494.95,23414.0,NARROW,23494.95,23404.35,0.248,RANGE,SELL_PREMIUM,BEARISH,NO_TRADE,RANGE_VERTICAL_ADX_IMMATURE,0.0,0,61.69,HIGH,2,0,0,0,0,0,NO_TRADE,,RANGE_VERTICAL_ADX_IMMATURE,
10:37:44,23428.25,23494.95,23414.0,NARROW,23494.95,23404.35,0.264,RANGE,SELL_PREMIUM,BEARISH,NO_TRADE,RANGE_VERTICAL_ADX_IMMATURE,0.0,0,61.6,HIGH,2,0,0,0,0,0,NO_TRADE,,RANGE_VERTICAL_ADX_IMMATURE,
10:37:59,23427.55,23494.95,23414.0,NARROW,23494.95,23404.35,0.256,RANGE,SELL_PREMIUM,BEARISH,NO_TRADE,RANGE_VERTICAL_ADX_IMMATURE,0.0,0,61.5,HIGH,2,0,0,0,0,0,NO_TRADE,,RANGE_VERTICAL_ADX_IMMATURE,
10:38:14,23429.45,23494.95,23414.0,NARROW,23494.95,23404.35,0.277,RANGE,SELL_PREMIUM,BEARISH,NO_TRADE,RANGE_VERTICAL_ADX_IMMATURE,0.0,0,61.41,HIGH,2,0,0,0,0,0,NO_TRADE,,RANGE_VERTICAL_ADX_IMMATURE,
10:38:29,23430.85,23494.95,23414.0,NARROW,23494.95,23404.35,0.292,RANGE,SELL_PREMIUM,BEARISH,NO_TRADE,RANGE_VERTICAL_ADX_IMMATURE,0.0,0,61.32,HIGH,2,0,0,0,0,0,NO_TRADE,,RANGE_VERTICAL_ADX_IMMATURE,
10:38:44,23432.85,23494.95,23414.0,NARROW,23494.95,23404.35,0.315,RANGE,SELL_PREMIUM,BEARISH,NO_TRADE,RANGE_VERTICAL_ADX_IMMATURE,0.0,0,61.23,HIGH,2,0,0,0,0,0,NO_TRADE,,RANGE_VERTICAL_ADX_IMMATURE,
10:38:59,23432.5,23494.95,23414.0,NARROW,23494.95,23404.35,0.311,RANGE,SELL_PREMIUM,BEARISH,NO_TRADE,RANGE_VERTICAL_ADX_IMMATURE,0.0,0,61.14,HIGH,2,0,0,0,0,0,NO_TRADE,,RANGE_VERTICAL_ADX_IMMATURE,
10:39:14,23434.1,23494.95,23414.0,NARROW,23494.95,23404.35,0.328,RANGE,SELL_PREMIUM,BEARISH,NO_TRADE,RANGE_VERTICAL_ADX_IMMATURE,0.0,0,61.05,HIGH,2,0,0,0,0,0,NO_TRADE,,RANGE_VERTICAL_ADX_IMMATURE,
10:39:29,23433.1,23494.95,23414.0,NARROW,23494.95,23404.35,0.317,RANGE,SELL_PREMIUM,BEARISH,NO_TRADE,RANGE_VERTICAL_ADX_IMMATURE,0.0,0,60.96,HIGH,2,0,0,0,0,0,NO_TRADE,,RANGE_VERTICAL_ADX_IMMATURE,
10:39:44,23435.0,23494.95,23414.0,NARROW,23494.95,23404.35,0.338,RANGE,SELL_PREMIUM,BEARISH,NO_TRADE,RANGE_VERTICAL_ADX_IMMATURE,0.0,0,60.87,HIGH,2,0,0,0,0,0,NO_TRADE,,RANGE_VERTICAL_ADX_IMMATURE,
10:39:59,23436.1,23494.95,23414.0,NARROW,23494.95,23404.35,0.350,RANGE,SELL_PREMIUM,BEARISH,NO_TRADE,RANGE_VERTICAL_ADX_IMMATURE,0.0,0,60.78,HIGH,2,0,0,0,0,0,NO_TRADE,,RANGE_VERTICAL_ADX_IMMATURE,
10:40:14,23439.3,23494.95,23414.0,NARROW,23494.95,23404.35,0.386,RANGE,SELL_PREMIUM,BEARISH,NO_TRADE,RANGE_VERTICAL_ADX_IMMATURE,0.0,0,60.69,HIGH,2,0,0,0,0,0,NO_TRADE,,RANGE_VERTICAL_ADX_IMMATURE,
10:40:29,23439.4,23494.95,23414.0,NARROW,23494.95,23404.35,0.387,RANGE,SELL_PREMIUM,BEARISH,NO_TRADE,RANGE_VERTICAL_ADX_IMMATURE,0.0,0,60.6,HIGH,2,0,0,0,0,0,NO_TRADE,,RANGE_VERTICAL_ADX_IMMATURE,
10:40:44,23439.25,23494.95,23414.0,NARROW,23494.95,23404.35,0.385,RANGE,SELL_PREMIUM,BEARISH,NO_TRADE,RANGE_VERTICAL_ADX_IMMATURE,0.0,0,60.51,HIGH,2,0,0,0,0,0,NO_TRADE,,RANGE_VERTICAL_ADX_IMMATURE,
10:40:59,23439.7,23494.95,23414.0,NARROW,23494.95,23404.35,0.390,RANGE,SELL_PREMIUM,BEARISH,NO_TRADE,RANGE_VERTICAL_ADX_IMMATURE,0.0,0,60.42,HIGH,2,0,0,0,0,0,NO_TRADE,,RANGE_VERTICAL_ADX_IMMATURE,
10:41:14,23442.35,23494.95,23414.0,NARROW,23494.95,23404.35,0.419,RANGE,SELL_PREMIUM,BEARISH,NO_TRADE,RANGE_VERTICAL_ADX_IMMATURE,0.0,0,60.33,HIGH,2,0,0,0,0,0,NO_TRADE,,RANGE_VERTICAL_ADX_IMMATURE,
10:41:29,23441.95,23494.95,23414.0,NARROW,23494.95,23404.35,0.415,RANGE,SELL_PREMIUM,BEARISH,NO_TRADE,RANGE_VERTICAL_ADX_IMMATURE,0.0,0,60.24,HIGH,2,0,0,0,0,0,NO_TRADE,,RANGE_VERTICAL_ADX_IMMATURE,
10:41:44,23437.1,23494.95,23414.0,NARROW,23494.95,23404.35,0.361,RANGE,SELL_PREMIUM,BEARISH,NO_TRADE,RANGE_VERTICAL_ADX_IMMATURE,0.0,0,60.16,HIGH,2,0,0,0,0,0,NO_TRADE,,RANGE_VERTICAL_ADX_IMMATURE,
10:41:59,23438.05,23494.95,23414.0,NARROW,23494.95,23404.35,0.372,RANGE,SELL_PREMIUM,BEARISH,NO_TRADE,RANGE_VERTICAL_ADX_IMMATURE,0.0,0,60.07,HIGH,2,0,0,0,0,0,NO_TRADE,,RANGE_VERTICAL_ADX_IMMATURE,
10:42:14,23434.15,23494.95,23414.0,NARROW,23494.95,23404.35,0.329,RANGE,SELL_PREMIUM,BEARISH,NO_TRADE,RANGE_VERTICAL_ADX_IMMATURE,0.0,0,59.99,HIGH,2,0,0,0,0,0,NO_TRADE,,RANGE_VERTICAL_ADX_IMMATURE,
10:42:29,23438.15,23494.95,23414.0,NARROW,23494.95,23404.35,0.373,RANGE,SELL_PREMIUM,BEARISH,NO_TRADE,RANGE_VERTICAL_ADX_IMMATURE,0.0,0,59.9,HIGH,2,0,0,0,0,0,NO_TRADE,,RANGE_VERTICAL_ADX_IMMATURE,
10:42:44,23440.95,23494.95,23414.0,NARROW,23494.95,23404.35,0.404,RANGE,SELL_PREMIUM,BEARISH,NO_TRADE,RANGE_VERTICAL_ADX_IMMATURE,0.0,0,59.81,HIGH,2,0,0,0,0,0,NO_TRADE,,RANGE_VERTICAL_ADX_IMMATURE,
10:42:59,23440.0,23494.95,23414.0,NARROW,23494.95,23404.35,0.393,RANGE,SELL_PREMIUM,BEARISH,NO_TRADE,RANGE_VERTICAL_ADX_IMMATURE,0.0,0,59.73,HIGH,2,0,0,0,0,0,NO_TRADE,,RANGE_VERTICAL_ADX_IMMATURE,
10:43:14,23437.85,23494.95,23414.0,NARROW,23494.95,23404.35,0.370,RANGE,SELL_PREMIUM,BEARISH,NO_TRADE,RANGE_VERTICAL_ADX_IMMATURE,0.0,0,59.64,HIGH,2,0,0,0,0,0,NO_TRADE,,RANGE_VERTICAL_ADX_IMMATURE,
10:43:29,23440.25,23494.95,23414.0,NARROW,23494.95,23404.35,0.396,RANGE,SELL_PREMIUM,BEARISH,NO_TRADE,RANGE_VERTICAL_ADX_IMMATURE,0.0,0,59.56,HIGH,2,0,0,0,0,0,NO_TRADE,,RANGE_VERTICAL_ADX_IMMATURE,
10:43:44,23439.5,23494.95,23414.0,NARROW,23494.95,23404.35,0.388,RANGE,SELL_PREMIUM,BEARISH,NO_TRADE,RANGE_VERTICAL_ADX_IMMATURE,0.0,0,59.48,HIGH,2,0,0,0,0,0,NO_TRADE,,RANGE_VERTICAL_ADX_IMMATURE,
10:43:59,23435.85,23494.95,23414.0,NARROW,23494.95,23404.35,0.348,RANGE,SELL_PREMIUM,BEARISH,NO_TRADE,RANGE_VERTICAL_ADX_IMMATURE,0.0,0,59.39,HIGH,2,0,0,0,0,0,NO_TRADE,,RANGE_VERTICAL_ADX_IMMATURE,
10:44:14,23441.3,23494.95,23414.0,NARROW,23494.95,23404.35,0.408,RANGE,SELL_PREMIUM,BEARISH,NO_TRADE,RANGE_VERTICAL_ADX_IMMATURE,0.0,0,59.31,HIGH,2,0,0,0,0,0,NO_TRADE,,RANGE_VERTICAL_ADX_IMMATURE,
10:44:30,23444.75,23494.95,23414.0,NARROW,23494.95,23404.35,0.446,RANGE,SELL_PREMIUM,BEARISH,NO_TRADE,RANGE_VERTICAL_ADX_IMMATURE,0.0,0,59.22,HIGH,2,0,0,0,0,0,NO_TRADE,,RANGE_VERTICAL_ADX_IMMATURE,
10:44:44,23445.4,23494.95,23414.0,NARROW,23494.95,23404.35,0.453,RANGE,SELL_PREMIUM,BEARISH,NO_TRADE,RANGE_VERTICAL_ADX_IMMATURE,0.0,0,59.14,HIGH,2,0,0,0,0,0,NO_TRADE,,RANGE_VERTICAL_ADX_IMMATURE,
10:44:59,23447.9,23494.95,23414.0,NARROW,23494.95,23404.35,0.481,RANGE,SELL_PREMIUM,BEARISH,NO_TRADE,RANGE_VERTICAL_ADX_IMMATURE,0.0,0,59.06,HIGH,2,0,0,0,0,0,NO_TRADE,,RANGE_VERTICAL_ADX_IMMATURE,
10:45:15,23449.4,23494.95,23414.0,NARROW,23494.95,23404.35,0.497,RANGE,SELL_PREMIUM,BEARISH,NO_TRADE,RANGE_VERTICAL_ADX_IMMATURE,0.0,0,58.98,HIGH,2,0,0,0,0,0,NO_TRADE,,RANGE_VERTICAL_ADX_IMMATURE,
10:45:53,23442.35,23494.95,23414.0,NARROW,23494.95,23404.35,0.419,RANGE,STRONG_SELL_PREMIUM,BEARISH,NO_TRADE,RANGE_VERTICAL_ADX_IMMATURE,0.0,0,58.77,HIGH,2,0,0,0,0,0,NO_TRADE,,RANGE_VERTICAL_ADX_IMMATURE,
10:46:08,23441.4,23494.95,23414.0,NARROW,23494.95,23404.35,0.409,RANGE,STRONG_SELL_PREMIUM,BEARISH,NO_TRADE,RANGE_VERTICAL_ADX_IMMATURE,0.0,0,58.69,HIGH,2,0,0,0,0,0,NO_TRADE,,RANGE_VERTICAL_ADX_IMMATURE,
10:46:23,23441.15,23494.95,23414.0,NARROW,23494.95,23404.35,0.406,RANGE,STRONG_SELL_PREMIUM,BEARISH,NO_TRADE,RANGE_VERTICAL_ADX_IMMATURE,0.0,0,58.61,HIGH,2,0,0,0,0,0,NO_TRADE,,RANGE_VERTICAL_ADX_IMMATURE,
10:51:53,23418.15,23494.95,23414.0,NARROW,23494.95,23404.35,0.152,RANGE,STRONG_SELL_PREMIUM,BEARISH,NO_TRADE,RANGE_VERTICAL_ADX_IMMATURE,0.0,0,56.92,HIGH,2,0,0,0,0,0,NO_TRADE,,RANGE_VERTICAL_ADX_IMMATURE,
10:52:08,23421.9,23494.95,23414.0,NARROW,23494.95,23404.35,0.194,RANGE,STRONG_SELL_PREMIUM,BEARISH,NO_TRADE,RANGE_VERTICAL_ADX_IMMATURE,0.0,0,56.85,HIGH,2,0,0,0,0,0,NO_TRADE,,RANGE_VERTICAL_ADX_IMMATURE,
10:52:23,23422.15,23494.95,23414.0,NARROW,23494.95,23404.35,0.196,RANGE,STRONG_SELL_PREMIUM,BEARISH,NO_TRADE,RANGE_VERTICAL_ADX_IMMATURE,0.0,0,56.78,HIGH,2,0,0,0,0,0,NO_TRADE,,RANGE_VERTICAL_ADX_IMMATURE,
10:52:38,23420.45,23494.95,23414.0,NARROW,23494.95,23404.35,0.178,RANGE,STRONG_SELL_PREMIUM,BEARISH,NO_TRADE,RANGE_VERTICAL_ADX_IMMATURE,0.0,0,56.7,HIGH,2,0,0,0,0,0,NO_TRADE,,RANGE_VERTICAL_ADX_IMMATURE,
10:52:53,23420.1,23494.95,23414.0,NARROW,23494.95,23404.35,0.174,RANGE,STRONG_SELL_PREMIUM,BEARISH,NO_TRADE,RANGE_VERTICAL_ADX_IMMATURE,0.0,0,56.63,HIGH,2,0,0,0,0,0,NO_TRADE,,RANGE_VERTICAL_ADX_IMMATURE,
10:53:08,23417.1,23494.95,23414.0,NARROW,23494.95,23404.35,0.141,RANGE,STRONG_SELL_PREMIUM,BEARISH,NO_TRADE,RANGE_VERTICAL_ADX_IMMATURE,0.0,0,56.56,HIGH,2,0,0,0,0,0,NO_TRADE,,RANGE_VERTICAL_ADX_IMMATURE,
10:53:23,23419.1,23494.95,23414.0,NARROW,23494.95,23404.35,0.163,RANGE,STRONG_SELL_PREMIUM,BEARISH,NO_TRADE,RANGE_VERTICAL_ADX_IMMATURE,0.0,0,56.49,HIGH,2,0,0,0,0,0,NO_TRADE,,RANGE_VERTICAL_ADX_IMMATURE,
10:53:38,23418.25,23494.95,23414.0,NARROW,23494.95,23404.35,0.153,RANGE,STRONG_SELL_PREMIUM,BEARISH,NO_TRADE,RANGE_VERTICAL_ADX_IMMATURE,0.0,0,56.41,HIGH,2,0,0,0,0,0,NO_TRADE,,RANGE_VERTICAL_ADX_IMMATURE,
10:53:53,23415.85,23494.95,23414.0,NARROW,23494.95,23404.35,0.127,RANGE,STRONG_SELL_PREMIUM,BEARISH,NO_TRADE,RANGE_VERTICAL_ADX_IMMATURE,0.0,0,56.34,HIGH,2,0,0,0,0,0,NO_TRADE,,RANGE_VERTICAL_ADX_IMMATURE,
10:54:08,23414.85,23494.95,23414.0,NARROW,23494.95,23404.35,0.116,RANGE,STRONG_SELL_PREMIUM,BEARISH,NO_TRADE,RANGE_VERTICAL_ADX_IMMATURE,0.0,0,56.27,HIGH,2,0,0,0,0,0,NO_TRADE,,RANGE_VERTICAL_ADX_IMMATURE,
10:54:23,23416.65,23494.95,23414.0,NARROW,23494.95,23404.35,0.136,RANGE,STRONG_SELL_PREMIUM,BEARISH,NO_TRADE,RANGE_VERTICAL_ADX_IMMATURE,0.0,0,56.2,HIGH,2,0,0,0,0,0,NO_TRADE,,RANGE_VERTICAL_ADX_IMMATURE,
10:54:38,23416.45,23494.95,23414.0,NARROW,23494.95,23404.35,0.134,RANGE,STRONG_SELL_PREMIUM,BEARISH,NO_TRADE,RANGE_VERTICAL_ADX_IMMATURE,0.0,0,56.13,HIGH,2,0,0,0,0,0,NO_TRADE,,RANGE_VERTICAL_ADX_IMMATURE,
10:54:53,23412.15,23494.95,23414.0,NARROW,23494.95,23404.35,0.086,RANGE,STRONG_SELL_PREMIUM,BEARISH,PREMIUM_SELL_BULL,RANGE_VERTICAL_ADX_IMMATURE,0.0,0,56.06,HIGH,2,0,0,1,0,0,ENTER,BULL_PUT_SPREAD,regime:PREMIUM_SELL_BULL:conf=HIGH:dte=2:adx=0:price=RANGE,
10:55:08,23410.4,23494.95,23414.0,NARROW,23494.95,23404.35,0.067,RANGE,STRONG_SELL_PREMIUM,BEARISH,NO_TRADE,RANGE_VERTICAL_ADX_IMMATURE,19.08,1,55.99,HIGH,2,0,0,0,0,0,,,,
10:55:23,23412.6,23494.95,23414.0,NARROW,23494.95,23404.35,0.091,RANGE,STRONG_SELL_PREMIUM,BEARISH,NO_TRADE,RANGE_VERTICAL_ADX_IMMATURE,19.08,1,55.92,HIGH,2,0,0,0,0,0,,,,
10:55:38,23412.25,23494.95,23414.0,NARROW,23494.95,23404.35,0.087,RANGE,STRONG_SELL_PREMIUM,BEARISH,PREMIUM_SELL_BEAR,RANGE_BEARISH_SPOT_BELOW_OR_MID,19.08,1,55.85,HIGH,2,0,0,0,0,0,,,,
10:55:53,23408.7,23494.95,23414.0,NARROW,23494.95,23404.35,0.048,RANGE,STRONG_SELL_PREMIUM,BEARISH,PREMIUM_SELL_BEAR,RANGE_BEARISH_SPOT_BELOW_OR_MID,19.08,1,55.78,HIGH,2,0,0,0,0,0,,,,
10:56:08,23405.95,23494.95,23414.0,NARROW,23494.95,23403.8,0.024,RANGE,STRONG_SELL_PREMIUM,BEARISH,PREMIUM_SELL_BEAR,RANGE_BEARISH_SPOT_BELOW_OR_MID,19.33,1,56.05,HIGH,2,0,0,0,0,0,,,,
10:56:23,23406.7,23494.95,23414.0,NARROW,23494.95,23403.8,0.032,RANGE,STRONG_SELL_PREMIUM,BEARISH,PREMIUM_SELL_BEAR,RANGE_BEARISH_SPOT_BELOW_OR_MID,19.33,1,55.98,HIGH,2,0,0,0,0,0,,,,
10:56:38,23408.95,23494.95,23414.0,NARROW,23494.95,23403.8,0.057,RANGE,STRONG_SELL_PREMIUM,BEARISH,PREMIUM_SELL_BEAR,RANGE_BEARISH_SPOT_BELOW_OR_MID,19.33,1,55.91,HIGH,2,0,0,0,0,0,,,,
10:56:53,23405.0,23494.95,23414.0,NARROW,23494.95,23403.8,0.013,RANGE,STRONG_SELL_PREMIUM,BEARISH,PREMIUM_SELL_BEAR,RANGE_BEARISH_SPOT_BELOW_OR_MID,19.33,1,55.84,HIGH,2,0,0,0,0,0,,,,
10:57:08,23405.35,23494.95,23414.0,NARROW,23494.95,23403.05,0.025,RANGE,STRONG_SELL_PREMIUM,BEARISH,PREMIUM_SELL_BEAR,RANGE_BEARISH_SPOT_BELOW_OR_MID,19.4,1,56.23,HIGH,2,0,0,0,0,0,,,,
10:57:23,23403.7,23494.95,23414.0,NARROW,23494.95,23403.05,0.007,RANGE,STRONG_SELL_PREMIUM,BEARISH,PREMIUM_SELL_BEAR,RANGE_BEARISH_SPOT_BELOW_OR_MID,19.4,1,56.17,HIGH,2,0,0,0,0,0,,,,
10:57:38,23406.8,23494.95,23414.0,NARROW,23494.95,23403.05,0.041,RANGE,STRONG_SELL_PREMIUM,BEARISH,PREMIUM_SELL_BEAR,RANGE_BEARISH_SPOT_BELOW_OR_MID,19.4,1,56.1,HIGH,2,0,0,0,0,0,,,,
10:57:53,23409.65,23494.95,23414.0,NARROW,23494.95,23403.05,0.072,RANGE,STRONG_SELL_PREMIUM,BEARISH,PREMIUM_SELL_BEAR,RANGE_BEARISH_SPOT_BELOW_OR_MID,19.4,1,56.03,HIGH,2,0,0,0,0,0,,,,
10:58:08,23412.7,23494.95,23414.0,NARROW,23494.95,23403.05,0.105,RANGE,STRONG_SELL_PREMIUM,BEARISH,PREMIUM_SELL_BEAR,RANGE_BEARISH_SPOT_BELOW_OR_MID,19.4,1,55.96,HIGH,2,0,0,0,0,0,,,,
10:58:23,23408.9,23494.95,23414.0,NARROW,23494.95,23403.05,0.064,RANGE,STRONG_SELL_PREMIUM,BEARISH,PREMIUM_SELL_BEAR,RANGE_BEARISH_SPOT_BELOW_OR_MID,19.4,1,55.89,HIGH,2,0,0,0,0,0,,,,
10:58:38,23408.3,23494.95,23414.0,NARROW,23494.95,23403.05,0.057,RANGE,STRONG_SELL_PREMIUM,BEARISH,PREMIUM_SELL_BEAR,RANGE_BEARISH_SPOT_BELOW_OR_MID,19.4,1,55.82,HIGH,2,0,0,0,0,0,,,,
10:58:53,23408.45,23494.95,23414.0,NARROW,23494.95,23403.05,0.059,RANGE,STRONG_SELL_PREMIUM,BEARISH,PREMIUM_SELL_BEAR,RANGE_BEARISH_SPOT_BELOW_OR_MID,19.4,1,55.76,HIGH,2,0,0,0,0,0,,,,
10:59:08,23408.15,23494.95,23414.0,NARROW,23494.95,23403.05,0.055,RANGE,STRONG_SELL_PREMIUM,BEARISH,PREMIUM_SELL_BEAR,RANGE_BEARISH_SPOT_BELOW_OR_MID,19.4,1,55.69,HIGH,2,0,0,0,0,0,,,,
10:59:23,23409.0,23494.95,23414.0,NARROW,23494.95,23403.05,0.065,RANGE,STRONG_SELL_PREMIUM,BEARISH,PREMIUM_SELL_BEAR,RANGE_BEARISH_SPOT_BELOW_OR_MID,19.4,1,55.62,HIGH,2,0,0,0,0,0,,,,
10:59:38,23408.55,23494.95,23414.0,NARROW,23494.95,23403.05,0.060,RANGE,STRONG_SELL_PREMIUM,BEARISH,PREMIUM_SELL_BEAR,RANGE_BEARISH_SPOT_BELOW_OR_MID,19.4,1,55.56,HIGH,2,0,0,0,0,0,,,,
10:59:53,23408.6,23494.95,23414.0,NARROW,23494.95,23403.05,0.060,RANGE,STRONG_SELL_PREMIUM,BEARISH,PREMIUM_SELL_BEAR,RANGE_BEARISH_SPOT_BELOW_OR_MID,19.4,1,55.49,HIGH,2,0,0,0,0,0,,,,
11:00:08,23414.25,23494.95,23414.0,NARROW,23494.95,23403.05,0.122,RANGE,STRONG_SELL_PREMIUM,BEARISH,PREMIUM_SELL_BEAR,RANGE_BEARISH_SPOT_BELOW_OR_MID,19.32,1,55.42,HIGH,2,0,0,0,0,0,,,,
11:00:23,23415.55,23494.95,23414.0,NARROW,23494.95,23403.05,0.136,RANGE,STRONG_SELL_PREMIUM,BEARISH,PREMIUM_SELL_BEAR,RANGE_BEARISH_SPOT_BELOW_OR_MID,19.32,1,55.36,HIGH,2,0,0,0,0,0,,,,
11:00:39,23415.95,23494.95,23414.0,NARROW,23494.95,23403.05,0.140,RANGE,STRONG_SELL_PREMIUM,BEARISH,PREMIUM_SELL_BEAR,RANGE_BEARISH_SPOT_BELOW_OR_MID,19.32,1,55.29,HIGH,2,0,0,0,0,0,,,,
11:00:54,23418.5,23494.95,23414.0,NARROW,23494.95,23403.05,0.168,RANGE,STRONG_SELL_PREMIUM,BEARISH,PREMIUM_SELL_BEAR,RANGE_BEARISH_SPOT_BELOW_OR_MID,19.32,1,55.23,HIGH,2,0,0,0,0,0,,,,
11:01:09,23418.05,23494.95,23414.0,NARROW,23494.95,23403.05,0.163,RANGE,STRONG_SELL_PREMIUM,BEARISH,PREMIUM_SELL_BEAR,RANGE_BEARISH_SPOT_BELOW_OR_MID,19.32,1,55.16,HIGH,2,0,0,0,0,0,,,,
11:01:24,23417.3,23494.95,23414.0,NARROW,23494.95,23403.05,0.155,RANGE,STRONG_SELL_PREMIUM,BEARISH,PREMIUM_SELL_BEAR,RANGE_BEARISH_SPOT_BELOW_OR_MID,19.32,1,55.1,HIGH,2,0,0,0,0,0,,,,
11:01:39,23417.9,23494.95,23414.0,NARROW,23494.95,23403.05,0.162,RANGE,STRONG_SELL_PREMIUM,BEARISH,PREMIUM_SELL_BEAR,RANGE_BEARISH_SPOT_BELOW_OR_MID,19.32,1,55.03,HIGH,2,0,0,0,0,0,,,,
11:01:54,23417.0,23494.95,23414.0,NARROW,23494.95,23403.05,0.152,RANGE,STRONG_SELL_PREMIUM,BEARISH,PREMIUM_SELL_BEAR,RANGE_BEARISH_SPOT_BELOW_OR_MID,19.32,1,54.97,HIGH,2,0,0,0,0,0,,,,
11:02:09,23416.9,23494.95,23414.0,NARROW,23494.95,23403.05,0.151,RANGE,STRONG_SELL_PREMIUM,BEARISH,PREMIUM_SELL_BEAR,RANGE_BEARISH_SPOT_BELOW_OR_MID,19.32,1,54.9,HIGH,2,0,0,0,0,0,,,,
11:02:24,23416.15,23494.95,23414.0,NARROW,23494.95,23403.05,0.143,RANGE,STRONG_SELL_PREMIUM,BEARISH,PREMIUM_SELL_BEAR,RANGE_BEARISH_SPOT_BELOW_OR_MID,19.32,1,54.84,HIGH,2,0,0,0,0,0,,,,
11:02:39,23415.8,23494.95,23414.0,NARROW,23494.95,23403.05,0.139,RANGE,STRONG_SELL_PREMIUM,BEARISH,PREMIUM_SELL_BEAR,RANGE_BEARISH_SPOT_BELOW_OR_MID,19.32,1,54.78,HIGH,2,0,0,0,0,0,,,,
11:02:54,23413.75,23494.95,23414.0,NARROW,23494.95,23403.05,0.116,RANGE,STRONG_SELL_PREMIUM,BEARISH,PREMIUM_SELL_BEAR,RANGE_BEARISH_SPOT_BELOW_OR_MID,19.32,1,54.71,HIGH,2,0,0,0,0,0,,,,
11:03:09,23415.0,23494.95,23414.0,NARROW,23494.95,23403.05,0.130,RANGE,STRONG_SELL_PREMIUM,BEARISH,PREMIUM_SELL_BEAR,RANGE_BEARISH_SPOT_BELOW_OR_MID,18.98,1,54.65,HIGH,2,0,0,0,0,0,,,,
11:03:24,23419.35,23494.95,23414.0,NARROW,23494.95,23403.05,0.177,RANGE,STRONG_SELL_PREMIUM,BEARISH,PREMIUM_SELL_BEAR,RANGE_BEARISH_SPOT_BELOW_OR_MID,18.98,1,54.59,HIGH,2,0,0,0,0,0,,,,
11:03:39,23419.45,23494.95,23414.0,NARROW,23494.95,23403.05,0.178,RANGE,STRONG_SELL_PREMIUM,BEARISH,PREMIUM_SELL_BEAR,RANGE_BEARISH_SPOT_BELOW_OR_MID,18.98,1,54.52,HIGH,2,0,0,0,0,0,,,,
11:03:54,23416.75,23494.95,23414.0,NARROW,23494.95,23403.05,0.149,RANGE,STRONG_SELL_PREMIUM,BEARISH,PREMIUM_SELL_BEAR,RANGE_BEARISH_SPOT_BELOW_OR_MID,18.98,1,54.46,HIGH,2,0,0,0,0,0,,,,
11:04:09,23416.45,23494.95,23414.0,NARROW,23494.95,23403.05,0.146,RANGE,STRONG_SELL_PREMIUM,BEARISH,PREMIUM_SELL_BEAR,RANGE_BEARISH_SPOT_BELOW_OR_MID,18.78,1,54.4,HIGH,2,0,0,0,0,0,,,,
11:04:24,23421.35,23494.95,23414.0,NARROW,23494.95,23403.05,0.199,RANGE,STRONG_SELL_PREMIUM,BEARISH,PREMIUM_SELL_BEAR,RANGE_BEARISH_SPOT_BELOW_OR_MID,18.78,1,54.34,HIGH,2,0,0,0,0,0,,,,
11:04:39,23421.85,23494.95,23414.0,NARROW,23494.95,23403.05,0.205,RANGE,STRONG_SELL_PREMIUM,BEARISH,PREMIUM_SELL_BEAR,RANGE_BEARISH_SPOT_BELOW_OR_MID,18.78,1,54.27,HIGH,2,0,0,0,0,0,,,,
11:04:54,23419.5,23494.95,23414.0,NARROW,23494.95,23403.05,0.179,RANGE,STRONG_SELL_PREMIUM,BEARISH,PREMIUM_SELL_BEAR,RANGE_BEARISH_SPOT_BELOW_OR_MID,18.78,1,54.21,HIGH,2,0,0,0,0,0,,,,
11:05:09,23417.7,23494.95,23414.0,NARROW,23494.95,23403.05,0.159,RANGE,STRONG_SELL_PREMIUM,BEARISH,PREMIUM_SELL_BEAR,RANGE_BEARISH_SPOT_BELOW_OR_MID,18.33,1,54.15,HIGH,2,0,0,0,0,0,,,,
11:05:24,23416.8,23494.95,23414.0,NARROW,23494.95,23403.05,0.150,RANGE,STRONG_SELL_PREMIUM,BEARISH,PREMIUM_SELL_BEAR,RANGE_BEARISH_SPOT_BELOW_OR_MID,18.33,1,54.09,HIGH,2,0,0,0,0,0,,,,
11:05:39,23412.0,23494.95,23414.0,NARROW,23494.95,23403.05,0.097,RANGE,STRONG_SELL_PREMIUM,BEARISH,PREMIUM_SELL_BEAR,RANGE_BEARISH_SPOT_BELOW_OR_MID,18.33,1,54.03,HIGH,2,0,0,0,0,0,,,,
11:05:54,23412.65,23494.95,23414.0,NARROW,23494.95,23403.05,0.104,RANGE,STRONG_SELL_PREMIUM,BEARISH,PREMIUM_SELL_BEAR,RANGE_BEARISH_SPOT_BELOW_OR_MID,18.33,1,53.97,HIGH,2,0,0,0,0,0,,,,
11:06:09,23415.4,23494.95,23414.0,NARROW,23494.95,23403.05,0.134,CHOPPY,STRONG_SELL_PREMIUM,BEARISH,NO_TRADE,NO_TRADE:CHOPPY_MARKET,18.33,1,53.9,NONE,2,1,0,0,0,0,,,,
11:06:24,23418.65,23494.95,23414.0,NARROW,23494.95,23403.05,0.170,CHOPPY,STRONG_SELL_PREMIUM,BEARISH,NO_TRADE,NO_TRADE:CHOPPY_MARKET,18.33,1,53.84,NONE,2,1,0,0,0,0,,,,
11:06:39,23417.3,23494.95,23414.0,NARROW,23494.95,23403.05,0.155,CHOPPY,STRONG_SELL_PREMIUM,BEARISH,NO_TRADE,NO_TRADE:CHOPPY_MARKET,18.33,1,53.78,NONE,2,1,0,0,0,0,,,,
11:06:54,23417.7,23494.95,23414.0,NARROW,23494.95,23403.05,0.159,CHOPPY,STRONG_SELL_PREMIUM,BEARISH,NO_TRADE,NO_TRADE:CHOPPY_MARKET,18.33,1,53.72,NONE,2,1,0,0,0,0,,,,
11:07:09,23418.6,23494.95,23414.0,NARROW,23494.95,23403.05,0.169,CHOPPY,STRONG_SELL_PREMIUM,BEARISH,NO_TRADE,NO_TRADE:CHOPPY_MARKET,18.33,1,53.66,NONE,2,1,0,0,0,0,,,,
11:07:24,23417.95,23494.95,23414.0,NARROW,23494.95,23403.05,0.162,CHOPPY,STRONG_SELL_PREMIUM,BEARISH,NO_TRADE,NO_TRADE:CHOPPY_MARKET,18.33,1,53.6,NONE,2,1,0,0,0,0,,,,
11:07:39,23417.5,23494.95,23414.0,NARROW,23494.95,23403.05,0.157,CHOPPY,STRONG_SELL_PREMIUM,BEARISH,NO_TRADE,NO_TRADE:CHOPPY_MARKET,18.33,1,53.54,NONE,2,1,0,0,0,0,,,,
11:07:54,23418.15,23494.95,23414.0,NARROW,23494.95,23403.05,0.164,CHOPPY,STRONG_SELL_PREMIUM,BEARISH,NO_TRADE,NO_TRADE:CHOPPY_MARKET,18.33,1,53.48,NONE,2,1,0,0,0,0,,,,
11:08:09,23418.65,23494.95,23414.0,NARROW,23494.95,23403.05,0.170,CHOPPY,STRONG_SELL_PREMIUM,BEARISH,NO_TRADE,NO_TRADE:CHOPPY_MARKET,18.22,1,53.43,NONE,2,1,0,0,0,0,,,,
11:08:24,23419.65,23494.95,23414.0,NARROW,23494.95,23403.05,0.181,CHOPPY,STRONG_SELL_PREMIUM,BEARISH,NO_TRADE,NO_TRADE:CHOPPY_MARKET,18.22,1,53.37,NONE,2,1,0,0,0,0,,,,
11:08:39,23420.65,23494.95,23414.0,NARROW,23494.95,23403.05,0.192,CHOPPY,STRONG_SELL_PREMIUM,BEARISH,NO_TRADE,NO_TRADE:CHOPPY_MARKET,18.22,1,53.31,NONE,2,1,0,0,0,0,,,,
11:08:55,23422.2,23494.95,23414.0,NARROW,23494.95,23403.05,0.208,CHOPPY,STRONG_SELL_PREMIUM,BEARISH,NO_TRADE,NO_TRADE:CHOPPY_MARKET,18.22,1,53.25,NONE,2,1,0,0,0,0,,,,
11:09:10,23419.0,23494.95,23414.0,NARROW,23494.95,23403.05,0.174,CHOPPY,STRONG_SELL_PREMIUM,BEARISH,NO_TRADE,NO_TRADE:CHOPPY_MARKET,18.22,1,53.19,NONE,2,1,0,0,0,0,,,,
11:09:25,23419.55,23494.95,23414.0,NARROW,23494.95,23403.05,0.180,CHOPPY,STRONG_SELL_PREMIUM,BEARISH,NO_TRADE,NO_TRADE:CHOPPY_MARKET,18.22,1,53.13,NONE,2,1,0,0,0,0,,,,
11:09:40,23419.0,23494.95,23414.0,NARROW,23494.95,23403.05,0.174,CHOPPY,STRONG_SELL_PREMIUM,BEARISH,NO_TRADE,NO_TRADE:CHOPPY_MARKET,18.22,1,53.07,NONE,2,1,0,0,0,0,,,,
11:09:55,23418.25,23494.95,23414.0,NARROW,23494.95,23403.05,0.165,CHOPPY,STRONG_SELL_PREMIUM,BEARISH,NO_TRADE,NO_TRADE:CHOPPY_MARKET,18.22,1,53.02,NONE,2,1,0,0,0,0,,,,
11:10:10,23418.45,23494.95,23414.0,NARROW,23494.95,23403.05,0.168,CHOPPY,STRONG_SELL_PREMIUM,BEARISH,NO_TRADE,NO_TRADE:CHOPPY_MARKET,17.71,1,52.96,NONE,2,0,0,0,0,0,,,,
11:10:25,23420.45,23494.95,23414.0,NARROW,23494.95,23403.05,0.189,CHOPPY,STRONG_SELL_PREMIUM,BEARISH,NO_TRADE,NO_TRADE:CHOPPY_MARKET,17.71,1,52.9,NONE,2,0,0,0,0,0,,,,
11:10:40,23421.4,23494.95,23414.0,NARROW,23494.95,23403.05,0.200,RANGE,STRONG_SELL_PREMIUM,BEARISH,PREMIUM_SELL_BEAR,RANGE_BEARISH_SPOT_BELOW_OR_MID,17.71,1,52.84,HIGH,2,0,0,0,0,0,,,,
11:10:55,23420.1,23494.95,23414.0,NARROW,23494.95,23403.05,0.186,RANGE,STRONG_SELL_PREMIUM,BEARISH,PREMIUM_SELL_BEAR,RANGE_BEARISH_SPOT_BELOW_OR_MID,17.71,1,52.79,HIGH,2,0,0,0,0,0,,,,
11:11:10,23420.8,23494.95,23414.0,NARROW,23494.95,23403.05,0.193,RANGE,STRONG_SELL_PREMIUM,BEARISH,PREMIUM_SELL_BEAR,RANGE_BEARISH_SPOT_BELOW_OR_MID,17.71,1,52.73,HIGH,2,0,0,0,0,0,,,,
11:11:25,23420.5,23494.95,23414.0,NARROW,23494.95,23403.05,0.190,RANGE,STRONG_SELL_PREMIUM,BEARISH,PREMIUM_SELL_BEAR,RANGE_BEARISH_SPOT_BELOW_OR_MID,17.71,1,52.67,HIGH,2,0,0,0,0,0,,,,
11:11:40,23420.2,23494.95,23414.0,NARROW,23494.95,23403.05,0.187,RANGE,STRONG_SELL_PREMIUM,BEARISH,PREMIUM_SELL_BEAR,RANGE_BEARISH_SPOT_BELOW_OR_MID,17.71,1,52.62,HIGH,2,0,0,0,0,0,,,,
11:11:55,23418.85,23494.95,23414.0,NARROW,23494.95,23403.05,0.172,RANGE,STRONG_SELL_PREMIUM,BEARISH,PREMIUM_SELL_BEAR,RANGE_BEARISH_SPOT_BELOW_OR_MID,17.71,1,52.56,HIGH,2,0,0,0,0,0,,,,
11:12:10,23419.75,23494.95,23414.0,NARROW,23494.95,23403.05,0.182,RANGE,STRONG_SELL_PREMIUM,BEARISH,PREMIUM_SELL_BEAR,RANGE_BEARISH_SPOT_BELOW_OR_MID,17.21,1,52.5,HIGH,2,0,0,0,0,0,,,,
11:12:25,23425.2,23494.95,23414.0,NARROW,23494.95,23403.05,0.241,RANGE,STRONG_SELL_PREMIUM,BEARISH,PREMIUM_SELL_BEAR,RANGE_BEARISH_SPOT_BELOW_OR_MID,17.21,1,52.45,HIGH,2,0,0,0,0,0,,,,
11:12:40,23423.6,23494.95,23414.0,NARROW,23494.95,23403.05,0.224,RANGE,STRONG_SELL_PREMIUM,BEARISH,PREMIUM_SELL_BEAR,RANGE_BEARISH_SPOT_BELOW_OR_MID,17.21,1,52.39,HIGH,2,0,0,0,0,0,,,,
11:12:55,23424.55,23494.95,23414.0,NARROW,23494.95,23403.05,0.234,RANGE,STRONG_SELL_PREMIUM,BEARISH,PREMIUM_SELL_BEAR,RANGE_BEARISH_SPOT_BELOW_OR_MID,17.21,1,52.34,HIGH,2,0,0,0,0,0,,,,
11:13:10,23428.55,23494.95,23414.0,NARROW,23494.95,23403.05,0.277,RANGE,STRONG_SELL_PREMIUM,BEARISH,PREMIUM_SELL_BEAR,RANGE_BEARISH_SPOT_BELOW_OR_MID,16.92,1,52.28,HIGH,2,0,0,0,0,0,,,,
11:13:25,23434.7,23494.95,23414.0,NARROW,23494.95,23403.05,0.344,RANGE,STRONG_SELL_PREMIUM,BEARISH,PREMIUM_SELL_BEAR,RANGE_BEARISH_SPOT_BELOW_OR_MID,16.92,1,52.23,HIGH,2,0,0,0,0,0,,,,
11:13:40,23432.5,23494.95,23414.0,NARROW,23494.95,23403.05,0.320,RANGE,STRONG_SELL_PREMIUM,BEARISH,PREMIUM_SELL_BEAR,RANGE_BEARISH_SPOT_BELOW_OR_MID,16.92,1,52.17,HIGH,2,0,0,0,0,0,NO_TRADE,,entry_cooldown_10min_remaining,
11:13:55,23434.2,23494.95,23414.0,NARROW,23494.95,23403.05,0.339,RANGE,STRONG_SELL_PREMIUM,BEARISH,PREMIUM_SELL_BEAR,RANGE_BEARISH_SPOT_BELOW_OR_MID,16.92,1,52.12,HIGH,2,0,0,0,0,0,NO_TRADE,,entry_cooldown_9min_remaining,
11:14:10,23436.45,23494.95,23414.0,NARROW,23494.95,23403.05,0.363,RANGE,STRONG_SELL_PREMIUM,BEARISH,PREMIUM_SELL_BEAR,RANGE_BEARISH_SPOT_BELOW_OR_MID,17.4,1,52.06,HIGH,2,0,0,0,0,0,NO_TRADE,,entry_cooldown_9min_remaining,
11:14:25,23432.4,23494.95,23414.0,NARROW,23494.95,23403.05,0.319,RANGE,STRONG_SELL_PREMIUM,BEARISH,PREMIUM_SELL_BEAR,RANGE_BEARISH_SPOT_BELOW_OR_MID,17.4,1,52.01,HIGH,2,0,0,0,0,0,NO_TRADE,,entry_cooldown_9min_remaining,
11:14:40,23436.6,23494.95,23414.0,NARROW,23494.95,23403.05,0.365,RANGE,STRONG_SELL_PREMIUM,BEARISH,PREMIUM_SELL_BEAR,RANGE_BEARISH_SPOT_BELOW_OR_MID,17.4,1,51.95,HIGH,2,0,0,0,0,0,NO_TRADE,,entry_cooldown_9min_remaining,
11:14:55,23437.95,23494.95,23414.0,NARROW,23494.95,23403.05,0.380,RANGE,STRONG_SELL_PREMIUM,BEARISH,PREMIUM_SELL_BEAR,RANGE_BEARISH_SPOT_BELOW_OR_MID,17.4,1,51.9,HIGH,2,0,0,0,0,0,NO_TRADE,,entry_cooldown_8min_remaining,
11:15:10,23441.3,23494.95,23414.0,NARROW,23494.95,23403.05,0.416,RANGE,STRONG_SELL_PREMIUM,BEARISH,PREMIUM_SELL_BEAR,RANGE_BEARISH_SPOT_BELOW_OR_MID,17.56,1,51.84,HIGH,2,0,0,0,0,0,NO_TRADE,,entry_cooldown_8min_remaining,
11:15:25,23441.1,23494.95,23414.0,NARROW,23494.95,23403.05,0.414,RANGE,STRONG_SELL_PREMIUM,BEARISH,PREMIUM_SELL_BEAR,RANGE_BEARISH_SPOT_BELOW_OR_MID,17.56,1,51.79,HIGH,2,0,0,0,0,0,NO_TRADE,,entry_cooldown_8min_remaining,
11:15:40,23446.3,23494.95,23414.0,NARROW,23494.95,23403.05,0.471,RANGE,STRONG_SELL_PREMIUM,BEARISH,PREMIUM_SELL_BEAR,RANGE_BEARISH_SPOT_BELOW_OR_MID,17.56,1,51.74,HIGH,2,0,0,0,0,0,NO_TRADE,,entry_cooldown_8min_remaining,
11:15:55,23445.3,23494.95,23414.0,NARROW,23494.95,23403.05,0.460,RANGE,STRONG_SELL_PREMIUM,BEARISH,PREMIUM_SELL_BEAR,RANGE_BEARISH_SPOT_BELOW_OR_MID,17.56,1,51.68,HIGH,2,0,0,0,0,0,NO_TRADE,,entry_cooldown_7min_remaining,
11:16:10,23442.6,23494.95,23414.0,NARROW,23494.95,23403.05,0.430,RANGE,STRONG_SELL_PREMIUM,BEARISH,PREMIUM_SELL_BEAR,RANGE_BEARISH_SPOT_BELOW_OR_MID,17.56,1,51.63,HIGH,2,0,0,0,0,0,NO_TRADE,,entry_cooldown_7min_remaining,
11:16:25,23443.9,23494.95,23414.0,NARROW,23494.95,23403.05,0.445,RANGE,STRONG_SELL_PREMIUM,BEARISH,PREMIUM_SELL_BEAR,RANGE_BEARISH_SPOT_BELOW_OR_MID,17.56,1,51.57,HIGH,2,0,0,0,0,0,NO_TRADE,,entry_cooldown_7min_remaining,
11:16:40,23439.75,23494.95,23414.0,NARROW,23494.95,23403.05,0.399,RANGE,STRONG_SELL_PREMIUM,BEARISH,PREMIUM_SELL_BEAR,RANGE_BEARISH_SPOT_BELOW_OR_MID,17.56,1,51.52,HIGH,2,0,0,0,0,0,NO_TRADE,,entry_cooldown_7min_remaining,
11:16:56,23437.2,23494.95,23414.0,NARROW,23494.95,23403.05,0.372,RANGE,STRONG_SELL_PREMIUM,BEARISH,PREMIUM_SELL_BEAR,RANGE_BEARISH_SPOT_BELOW_OR_MID,17.56,1,51.47,HIGH,2,0,0,0,0,0,NO_TRADE,,entry_cooldown_6min_remaining,
11:17:10,23437.75,23494.95,23414.0,NARROW,23494.95,23403.05,0.378,RANGE,STRONG_SELL_PREMIUM,BEARISH,PREMIUM_SELL_BEAR,RANGE_BEARISH_SPOT_BELOW_OR_MID,17.56,1,51.42,HIGH,2,0,0,0,0,0,NO_TRADE,,entry_cooldown_6min_remaining,
11:17:26,23436.75,23494.95,23414.0,NARROW,23494.95,23403.05,0.367,RANGE,STRONG_SELL_PREMIUM,BEARISH,PREMIUM_SELL_BEAR,RANGE_BEARISH_SPOT_BELOW_OR_MID,17.56,1,51.36,HIGH,2,0,0,0,0,0,NO_TRADE,,entry_cooldown_6min_remaining,
11:17:41,23436.95,23494.95,23414.0,NARROW,23494.95,23403.05,0.369,RANGE,STRONG_SELL_PREMIUM,BEARISH,PREMIUM_SELL_BEAR,RANGE_BEARISH_SPOT_BELOW_OR_MID,17.56,1,51.31,HIGH,2,0,0,0,0,0,NO_TRADE,,entry_cooldown_6min_remaining,
11:17:56,23439.3,23494.95,23414.0,NARROW,23494.95,23403.05,0.394,RANGE,STRONG_SELL_PREMIUM,BEARISH,PREMIUM_SELL_BEAR,RANGE_BEARISH_SPOT_BELOW_OR_MID,17.56,1,51.26,HIGH,2,0,0,0,0,0,NO_TRADE,,entry_cooldown_5min_remaining,
11:18:11,23441.75,23494.95,23414.0,NARROW,23494.95,23403.05,0.421,RANGE,STRONG_SELL_PREMIUM,BEARISH,PREMIUM_SELL_BEAR,RANGE_BEARISH_SPOT_BELOW_OR_MID,17.56,1,51.21,HIGH,2,0,0,0,0,0,NO_TRADE,,entry_cooldown_5min_remaining,
11:18:26,23442.45,23494.95,23414.0,NARROW,23494.95,23403.05,0.429,RANGE,STRONG_SELL_PREMIUM,BEARISH,PREMIUM_SELL_BEAR,RANGE_BEARISH_SPOT_BELOW_OR_MID,17.56,1,51.15,HIGH,2,0,0,0,0,0,NO_TRADE,,entry_cooldown_5min_remaining,
11:18:41,23438.5,23494.95,23414.0,NARROW,23494.95,23403.05,0.386,RANGE,STRONG_SELL_PREMIUM,BEARISH,PREMIUM_SELL_BEAR,RANGE_BEARISH_SPOT_BELOW_OR_MID,17.56,1,51.1,HIGH,2,0,0,0,0,0,NO_TRADE,,entry_cooldown_5min_remaining,
11:18:56,23437.1,23494.95,23414.0,NARROW,23494.95,23403.05,0.371,RANGE,STRONG_SELL_PREMIUM,BEARISH,PREMIUM_SELL_BEAR,RANGE_BEARISH_SPOT_BELOW_OR_MID,17.56,1,51.05,HIGH,2,0,0,0,0,0,NO_TRADE,,entry_cooldown_4min_remaining,
11:19:11,23441.1,23494.95,23414.0,NARROW,23494.95,23403.05,0.414,RANGE,STRONG_SELL_PREMIUM,BEARISH,PREMIUM_SELL_BEAR,RANGE_BEARISH_SPOT_BELOW_OR_MID,17.56,1,51.0,HIGH,2,0,0,0,0,0,NO_TRADE,,entry_cooldown_4min_remaining,
11:19:26,23440.05,23494.95,23414.0,NARROW,23494.95,23403.05,0.403,RANGE,STRONG_SELL_PREMIUM,BEARISH,PREMIUM_SELL_BEAR,RANGE_BEARISH_SPOT_BELOW_OR_MID,17.56,1,50.95,HIGH,2,0,0,0,0,0,NO_TRADE,,entry_cooldown_4min_remaining,
11:19:41,23438.2,23494.95,23414.0,NARROW,23494.95,23403.05,0.382,RANGE,STRONG_SELL_PREMIUM,BEARISH,PREMIUM_SELL_BEAR,RANGE_BEARISH_SPOT_BELOW_OR_MID,17.56,1,50.9,HIGH,2,0,0,0,0,0,NO_TRADE,,entry_cooldown_4min_remaining,
11:19:56,23437.45,23494.95,23414.0,NARROW,23494.95,23403.05,0.374,RANGE,STRONG_SELL_PREMIUM,BEARISH,PREMIUM_SELL_BEAR,RANGE_BEARISH_SPOT_BELOW_OR_MID,17.56,1,50.85,HIGH,2,0,0,0,0,0,NO_TRADE,,entry_cooldown_3min_remaining,
11:20:11,23432.9,23494.95,23414.0,NARROW,23494.95,23403.05,0.325,RANGE,STRONG_SELL_PREMIUM,BEARISH,PREMIUM_SELL_BEAR,RANGE_BEARISH_SPOT_BELOW_OR_MID,16.29,1,50.79,HIGH,2,0,0,0,0,0,NO_TRADE,,entry_cooldown_3min_remaining,
11:20:26,23434.3,23494.95,23414.0,NARROW,23494.95,23403.05,0.340,RANGE,STRONG_SELL_PREMIUM,BEARISH,PREMIUM_SELL_BEAR,RANGE_BEARISH_SPOT_BELOW_OR_MID,16.29,1,50.74,HIGH,2,0,0,0,0,0,NO_TRADE,,entry_cooldown_3min_remaining,
11:20:41,23432.8,23494.95,23414.0,NARROW,23494.95,23403.05,0.324,RANGE,STRONG_SELL_PREMIUM,BEARISH,PREMIUM_SELL_BEAR,RANGE_BEARISH_SPOT_BELOW_OR_MID,16.29,1,50.69,HIGH,2,0,0,0,0,0,NO_TRADE,,entry_cooldown_3min_remaining,
11:20:56,23430.45,23494.95,23414.0,NARROW,23494.95,23403.05,0.298,RANGE,STRONG_SELL_PREMIUM,BEARISH,PREMIUM_SELL_BEAR,RANGE_BEARISH_SPOT_BELOW_OR_MID,16.29,1,50.64,HIGH,2,0,0,0,0,0,NO_TRADE,,entry_cooldown_2min_remaining,
11:21:11,23431.7,23494.95,23414.0,NARROW,23494.95,23403.05,0.312,RANGE,STRONG_SELL_PREMIUM,BEARISH,PREMIUM_SELL_BEAR,RANGE_BEARISH_SPOT_BELOW_OR_MID,16.01,1,50.59,HIGH,2,0,0,0,0,0,NO_TRADE,,entry_cooldown_2min_remaining,
11:21:26,23426.55,23494.95,23414.0,NARROW,23494.95,23403.05,0.256,RANGE,STRONG_SELL_PREMIUM,UNCLEAR,NO_TRADE,RANGE_UNCLEAR_POSITIONING_NO_TRADE,16.01,1,50.54,HIGH,2,0,0,0,0,0,NO_TRADE,,RANGE_UNCLEAR_POSITIONING_NO_TRADE,
11:21:41,23424.85,23494.95,23414.0,NARROW,23494.95,23403.05,0.237,RANGE,STRONG_SELL_PREMIUM,UNCLEAR,NO_TRADE,RANGE_UNCLEAR_POSITIONING_NO_TRADE,16.01,1,50.49,HIGH,2,0,0,0,0,0,NO_TRADE,,RANGE_UNCLEAR_POSITIONING_NO_TRADE,
11:21:56,23424.8,23494.95,23414.0,NARROW,23494.95,23403.05,0.237,RANGE,STRONG_SELL_PREMIUM,UNCLEAR,NO_TRADE,RANGE_UNCLEAR_POSITIONING_NO_TRADE,16.01,1,50.44,HIGH,2,0,0,0,0,0,NO_TRADE,,RANGE_UNCLEAR_POSITIONING_NO_TRADE,
11:22:11,23425.4,23494.95,23414.0,NARROW,23494.95,23403.05,0.243,RANGE,STRONG_SELL_PREMIUM,UNCLEAR,NO_TRADE,RANGE_UNCLEAR_POSITIONING_NO_TRADE,16.01,1,50.39,HIGH,2,0,0,0,0,0,NO_TRADE,,RANGE_UNCLEAR_POSITIONING_NO_TRADE,
11:22:26,23430.25,23494.95,23414.0,NARROW,23494.95,23403.05,0.296,RANGE,STRONG_SELL_PREMIUM,UNCLEAR,NO_TRADE,RANGE_UNCLEAR_POSITIONING_NO_TRADE,16.01,1,50.34,HIGH,2,0,0,0,0,0,NO_TRADE,,RANGE_UNCLEAR_POSITIONING_NO_TRADE,
11:22:41,23430.0,23494.95,23414.0,NARROW,23494.95,23403.05,0.293,RANGE,STRONG_SELL_PREMIUM,UNCLEAR,NO_TRADE,RANGE_UNCLEAR_POSITIONING_NO_TRADE,16.01,1,50.29,HIGH,2,0,0,0,0,0,NO_TRADE,,RANGE_UNCLEAR_POSITIONING_NO_TRADE,
11:22:56,23432.0,23494.95,23414.0,NARROW,23494.95,23403.05,0.315,RANGE,STRONG_SELL_PREMIUM,BEARISH,PREMIUM_SELL_BEAR,RANGE_BEARISH_SPOT_BELOW_OR_MID,16.01,1,50.24,HIGH,2,0,0,0,0,0,NO_TRADE,,entry_cooldown_0min_remaining,
11:23:11,23436.6,23494.95,23414.0,NARROW,23494.95,23403.05,0.365,RANGE,STRONG_SELL_PREMIUM,BEARISH,PREMIUM_SELL_BEAR,RANGE_BEARISH_SPOT_BELOW_OR_MID,16.01,1,50.2,HIGH,2,0,0,0,0,0,NO_TRADE,,entry_cooldown_0min_remaining,
11:23:26,23434.45,23494.95,23414.0,NARROW,23494.95,23403.05,0.342,RANGE,STRONG_SELL_PREMIUM,BEARISH,PREMIUM_SELL_BEAR,RANGE_BEARISH_SPOT_BELOW_OR_MID,16.01,1,50.15,HIGH,2,0,0,0,0,0,NO_TRADE,,no_material_change_since_exit_0pts_lt_28pts_needed,
11:23:41,23435.6,23494.95,23414.0,NARROW,23494.95,23403.05,0.354,RANGE,STRONG_SELL_PREMIUM,BEARISH,PREMIUM_SELL_BEAR,RANGE_BEARISH_SPOT_BELOW_OR_MID,16.01,1,50.1,HIGH,2,0,0,0,0,0,NO_TRADE,,no_material_change_since_exit_1pts_lt_28pts_needed,
11:23:56,23436.55,23494.95,23414.0,NARROW,23494.95,23403.05,0.365,RANGE,STRONG_SELL_PREMIUM,BEARISH,PREMIUM_SELL_BEAR,RANGE_BEARISH_SPOT_BELOW_OR_MID,16.01,1,50.05,HIGH,2,0,0,0,0,0,NO_TRADE,,no_material_change_since_exit_2pts_lt_28pts_needed,
11:24:11,23435.7,23494.95,23414.0,NARROW,23494.95,23403.05,0.355,RANGE,STRONG_SELL_PREMIUM,BEARISH,PREMIUM_SELL_BEAR,RANGE_BEARISH_SPOT_BELOW_OR_MID,16.01,1,50.0,HIGH,2,0,0,0,0,0,NO_TRADE,,no_material_change_since_exit_1pts_lt_28pts_needed,
11:24:26,23436.9,23494.95,23414.0,NARROW,23494.95,23403.05,0.368,RANGE,STRONG_SELL_PREMIUM,BEARISH,PREMIUM_SELL_BEAR,RANGE_BEARISH_SPOT_BELOW_OR_MID,16.01,1,49.95,HIGH,2,0,0,0,0,0,NO_TRADE,,no_material_change_since_exit_2pts_lt_28pts_needed,
11:24:41,23433.4,23494.95,23414.0,NARROW,23494.95,23403.05,0.330,RANGE,STRONG_SELL_PREMIUM,BEARISH,PREMIUM_SELL_BEAR,RANGE_BEARISH_SPOT_BELOW_OR_MID,16.01,1,49.9,HIGH,2,0,0,0,0,0,NO_TRADE,,no_material_change_since_exit_1pts_lt_28pts_needed,
11:24:56,23433.7,23494.95,23414.0,NARROW,23494.95,23403.05,0.334,RANGE,STRONG_SELL_PREMIUM,BEARISH,PREMIUM_SELL_BEAR,RANGE_BEARISH_SPOT_BELOW_OR_MID,16.01,1,49.86,HIGH,2,0,0,0,0,0,NO_TRADE,,no_material_change_since_exit_1pts_lt_28pts_needed,
11:25:11,23435.35,23494.95,23414.0,NARROW,23494.95,23403.05,0.351,RANGE,STRONG_SELL_PREMIUM,BEARISH,PREMIUM_SELL_BEAR,RANGE_BEARISH_SPOT_BELOW_OR_MID,14.62,1,49.81,HIGH,2,0,0,0,0,0,NO_TRADE,,no_material_change_since_exit_1pts_lt_28pts_needed,
11:25:27,23435.2,23494.95,23414.0,NARROW,23494.95,23403.05,0.350,RANGE,STRONG_SELL_PREMIUM,BEARISH,PREMIUM_SELL_BEAR,RANGE_BEARISH_SPOT_BELOW_OR_MID,14.62,1,49.76,HIGH,2,0,0,0,0,0,NO_TRADE,,no_material_change_since_exit_0pts_lt_28pts_needed,
11:25:42,23434.5,23494.95,23414.0,NARROW,23494.95,23403.05,0.342,RANGE,STRONG_SELL_PREMIUM,BEARISH,PREMIUM_SELL_BEAR,RANGE_BEARISH_SPOT_BELOW_OR_MID,14.62,1,49.71,HIGH,2,0,0,0,0,0,NO_TRADE,,no_material_change_since_exit_0pts_lt_28pts_needed,
11:25:57,23433.7,23494.95,23414.0,NARROW,23494.95,23403.05,0.334,RANGE,STRONG_SELL_PREMIUM,BEARISH,PREMIUM_SELL_BEAR,RANGE_BEARISH_SPOT_BELOW_OR_MID,14.62,1,49.66,HIGH,2,0,0,0,0,0,NO_TRADE,,no_material_change_since_exit_1pts_lt_28pts_needed,
11:26:12,23435.25,23494.95,23414.0,NARROW,23494.95,23403.05,0.350,RANGE,STRONG_SELL_PREMIUM,BEARISH,PREMIUM_SELL_BEAR,RANGE_BEARISH_SPOT_BELOW_OR_MID,14.62,1,49.62,HIGH,2,0,0,0,0,0,NO_TRADE,,no_material_change_since_exit_1pts_lt_28pts_needed,
11:26:27,23430.95,23494.95,23414.0,NARROW,23494.95,23403.05,0.304,RANGE,STRONG_SELL_PREMIUM,BEARISH,PREMIUM_SELL_BEAR,RANGE_BEARISH_SPOT_BELOW_OR_MID,14.62,1,49.57,HIGH,2,0,0,0,0,0,NO_TRADE,,no_material_change_since_exit_4pts_lt_28pts_needed,
11:26:42,23432.2,23494.95,23414.0,NARROW,23494.95,23403.05,0.317,RANGE,STRONG_SELL_PREMIUM,BEARISH,PREMIUM_SELL_BEAR,RANGE_BEARISH_SPOT_BELOW_OR_MID,14.62,1,49.52,HIGH,2,0,0,0,0,0,NO_TRADE,,no_material_change_since_exit_2pts_lt_28pts_needed,
11:26:57,23434.4,23494.95,23414.0,NARROW,23494.95,23403.05,0.341,RANGE,STRONG_SELL_PREMIUM,BEARISH,PREMIUM_SELL_BEAR,RANGE_BEARISH_SPOT_BELOW_OR_MID,14.62,1,49.48,HIGH,2,0,0,0,0,0,NO_TRADE,,no_material_change_since_exit_0pts_lt_28pts_needed,
11:27:12,23429.8,23494.95,23414.0,NARROW,23494.95,23403.05,0.291,RANGE,STRONG_SELL_PREMIUM,BEARISH,PREMIUM_SELL_BEAR,RANGE_BEARISH_SPOT_BELOW_OR_MID,14.62,1,49.43,HIGH,2,0,0,0,0,0,NO_TRADE,,no_material_change_since_exit_5pts_lt_28pts_needed,
11:27:27,23426.95,23494.95,23414.0,NARROW,23494.95,23403.05,0.260,RANGE,STRONG_SELL_PREMIUM,UNCLEAR,NO_TRADE,RANGE_UNCLEAR_POSITIONING_NO_TRADE,14.62,1,49.38,HIGH,2,0,0,0,0,0,NO_TRADE,,RANGE_UNCLEAR_POSITIONING_NO_TRADE,
11:27:42,23427.3,23494.95,23414.0,NARROW,23494.95,23403.05,0.264,RANGE,STRONG_SELL_PREMIUM,UNCLEAR,NO_TRADE,RANGE_UNCLEAR_POSITIONING_NO_TRADE,14.62,1,49.33,HIGH,2,0,0,0,0,0,NO_TRADE,,RANGE_UNCLEAR_POSITIONING_NO_TRADE,
11:27:57,23427.7,23494.95,23414.0,NARROW,23494.95,23403.05,0.268,RANGE,STRONG_SELL_PREMIUM,UNCLEAR,NO_TRADE,RANGE_UNCLEAR_POSITIONING_NO_TRADE,14.62,1,49.29,HIGH,2,0,0,0,0,0,NO_TRADE,,RANGE_UNCLEAR_POSITIONING_NO_TRADE,
11:28:12,23426.25,23494.95,23414.0,NARROW,23494.95,23403.05,0.252,RANGE,STRONG_SELL_PREMIUM,UNCLEAR,NO_TRADE,RANGE_UNCLEAR_POSITIONING_NO_TRADE,14.62,1,49.24,HIGH,2,0,0,0,0,0,NO_TRADE,,RANGE_UNCLEAR_POSITIONING_NO_TRADE,
11:28:27,23427.2,23494.95,23414.0,NARROW,23494.95,23403.05,0.263,RANGE,STRONG_SELL_PREMIUM,UNCLEAR,NO_TRADE,RANGE_UNCLEAR_POSITIONING_NO_TRADE,14.62,1,49.2,HIGH,2,0,0,0,0,0,NO_TRADE,,RANGE_UNCLEAR_POSITIONING_NO_TRADE,
11:28:42,23425.85,23494.95,23414.0,NARROW,23494.95,23403.05,0.248,RANGE,STRONG_SELL_PREMIUM,UNCLEAR,NO_TRADE,RANGE_UNCLEAR_POSITIONING_NO_TRADE,14.62,1,49.15,HIGH,2,0,0,0,0,0,NO_TRADE,,RANGE_UNCLEAR_POSITIONING_NO_TRADE,
11:28:57,23429.25,23494.95,23414.0,NARROW,23494.95,23403.05,0.285,RANGE,STRONG_SELL_PREMIUM,UNCLEAR,NO_TRADE,RANGE_UNCLEAR_POSITIONING_NO_TRADE,14.62,1,49.1,HIGH,2,0,0,0,0,0,NO_TRADE,,RANGE_UNCLEAR_POSITIONING_NO_TRADE,
11:29:12,23429.5,23494.95,23414.0,NARROW,23494.95,23403.05,0.288,RANGE,STRONG_SELL_PREMIUM,UNCLEAR,NO_TRADE,RANGE_UNCLEAR_POSITIONING_NO_TRADE,14.62,1,49.06,HIGH,2,0,0,0,0,0,NO_TRADE,,RANGE_UNCLEAR_POSITIONING_NO_TRADE,
11:29:27,23427.6,23494.95,23414.0,NARROW,23494.95,23403.05,0.267,RANGE,STRONG_SELL_PREMIUM,UNCLEAR,NO_TRADE,RANGE_UNCLEAR_POSITIONING_NO_TRADE,14.62,1,49.01,HIGH,2,0,0,0,0,0,NO_TRADE,,RANGE_UNCLEAR_POSITIONING_NO_TRADE,
11:29:42,23428.75,23494.95,23414.0,NARROW,23494.95,23403.05,0.280,RANGE,STRONG_SELL_PREMIUM,UNCLEAR,NO_TRADE,RANGE_UNCLEAR_POSITIONING_NO_TRADE,14.62,1,48.97,HIGH,2,0,0,0,0,0,NO_TRADE,,RANGE_UNCLEAR_POSITIONING_NO_TRADE,
11:29:57,23427.45,23494.95,23414.0,NARROW,23494.95,23403.05,0.266,RANGE,STRONG_SELL_PREMIUM,UNCLEAR,NO_TRADE,RANGE_UNCLEAR_POSITIONING_NO_TRADE,14.62,1,48.92,HIGH,2,0,0,0,0,0,NO_TRADE,,RANGE_UNCLEAR_POSITIONING_NO_TRADE,
11:30:12,23426.9,23494.95,23414.0,NARROW,23494.95,23403.05,0.260,RANGE,STRONG_SELL_PREMIUM,UNCLEAR,NO_TRADE,RANGE_UNCLEAR_POSITIONING_NO_TRADE,13.49,1,48.88,HIGH,2,0,0,0,0,0,NO_TRADE,,RANGE_UNCLEAR_POSITIONING_NO_TRADE,
11:30:27,23433.5,23494.95,23414.0,NARROW,23494.95,23403.05,0.331,RANGE,STRONG_SELL_PREMIUM,UNCLEAR,NO_TRADE,RANGE_UNCLEAR_POSITIONING_NO_TRADE,13.49,1,48.83,HIGH,2,0,0,0,0,0,NO_TRADE,,RANGE_UNCLEAR_POSITIONING_NO_TRADE,
11:30:42,23433.85,23494.95,23414.0,NARROW,23494.95,23403.05,0.335,RANGE,STRONG_SELL_PREMIUM,UNCLEAR,NO_TRADE,RANGE_UNCLEAR_POSITIONING_NO_TRADE,13.49,1,48.79,HIGH,2,0,0,0,0,0,NO_TRADE,,RANGE_UNCLEAR_POSITIONING_NO_TRADE,
11:30:57,23435.95,23494.95,23414.0,NARROW,23494.95,23403.05,0.358,RANGE,STRONG_SELL_PREMIUM,BEARISH,PREMIUM_SELL_BEAR,RANGE_BEARISH_SPOT_BELOW_OR_MID,13.49,1,48.74,HIGH,2,0,0,0,0,0,NO_TRADE,,no_material_change_since_exit_1pts_lt_28pts_needed,
11:31:12,23436.15,23494.95,23414.0,NARROW,23494.95,23403.05,0.360,RANGE,STRONG_SELL_PREMIUM,BEARISH,PREMIUM_SELL_BEAR,RANGE_BEARISH_SPOT_BELOW_OR_MID,13.74,1,48.7,HIGH,2,0,0,0,0,0,NO_TRADE,,no_material_change_since_exit_1pts_lt_28pts_needed,
11:31:27,23437.55,23494.95,23414.0,NARROW,23494.95,23403.05,0.375,RANGE,STRONG_SELL_PREMIUM,BEARISH,PREMIUM_SELL_BEAR,RANGE_BEARISH_SPOT_BELOW_OR_MID,13.74,1,48.65,HIGH,2,0,0,0,0,0,NO_TRADE,,no_material_change_since_exit_3pts_lt_28pts_needed,
11:31:42,23435.65,23494.95,23414.0,NARROW,23494.95,23403.05,0.355,RANGE,STRONG_SELL_PREMIUM,BEARISH,PREMIUM_SELL_BEAR,RANGE_BEARISH_SPOT_BELOW_OR_MID,13.74,1,48.61,HIGH,2,0,0,0,0,0,NO_TRADE,,no_material_change_since_exit_1pts_lt_28pts_needed,
11:31:57,23437.05,23494.95,23414.0,NARROW,23494.95,23403.05,0.370,RANGE,STRONG_SELL_PREMIUM,BEARISH,PREMIUM_SELL_BEAR,RANGE_BEARISH_SPOT_BELOW_OR_MID,13.74,1,48.56,HIGH,2,0,0,0,0,0,NO_TRADE,,no_material_change_since_exit_2pts_lt_28pts_needed,
11:32:12,23435.65,23494.95,23414.0,NARROW,23494.95,23403.05,0.355,RANGE,STRONG_SELL_PREMIUM,BEARISH,PREMIUM_SELL_BEAR,RANGE_BEARISH_SPOT_BELOW_OR_MID,13.74,1,48.52,HIGH,2,0,0,0,0,0,NO_TRADE,,no_material_change_since_exit_1pts_lt_28pts_needed,
11:32:27,23426.1,23494.95,23414.0,NARROW,23494.95,23403.05,0.251,RANGE,STRONG_SELL_PREMIUM,UNCLEAR,NO_TRADE,RANGE_UNCLEAR_POSITIONING_NO_TRADE,13.74,1,48.47,HIGH,2,0,0,0,0,0,NO_TRADE,,RANGE_UNCLEAR_POSITIONING_NO_TRADE,
11:32:43,23424.7,23494.95,23414.0,NARROW,23494.95,23403.05,0.236,RANGE,STRONG_SELL_PREMIUM,UNCLEAR,NO_TRADE,RANGE_UNCLEAR_POSITIONING_NO_TRADE,13.74,1,48.43,HIGH,2,0,0,0,0,0,NO_TRADE,,RANGE_UNCLEAR_POSITIONING_NO_TRADE,
11:32:57,23424.3,23494.95,23414.0,NARROW,23494.95,23403.05,0.231,RANGE,STRONG_SELL_PREMIUM,UNCLEAR,NO_TRADE,RANGE_UNCLEAR_POSITIONING_NO_TRADE,13.74,1,48.39,HIGH,2,0,0,0,0,0,NO_TRADE,,RANGE_UNCLEAR_POSITIONING_NO_TRADE,
11:33:12,23423.4,23494.95,23414.0,NARROW,23494.95,23403.05,0.221,RANGE,STRONG_SELL_PREMIUM,UNCLEAR,NO_TRADE,RANGE_UNCLEAR_POSITIONING_NO_TRADE,13.69,1,48.34,HIGH,2,0,0,0,0,0,NO_TRADE,,RANGE_UNCLEAR_POSITIONING_NO_TRADE,
11:33:28,23421.6,23494.95,23414.0,NARROW,23494.95,23403.05,0.202,RANGE,STRONG_SELL_PREMIUM,UNCLEAR,NO_TRADE,RANGE_UNCLEAR_POSITIONING_NO_TRADE,13.69,1,48.3,HIGH,2,0,0,0,0,0,NO_TRADE,,RANGE_UNCLEAR_POSITIONING_NO_TRADE,
11:33:43,23422.35,23494.95,23414.0,NARROW,23494.95,23403.05,0.210,RANGE,STRONG_SELL_PREMIUM,UNCLEAR,NO_TRADE,RANGE_UNCLEAR_POSITIONING_NO_TRADE,13.69,1,48.25,HIGH,2,0,0,0,0,0,NO_TRADE,,RANGE_UNCLEAR_POSITIONING_NO_TRADE,
11:33:58,23419.85,23494.95,23414.0,NARROW,23494.95,23403.05,0.183,RANGE,STRONG_SELL_PREMIUM,UNCLEAR,NO_TRADE,RANGE_UNCLEAR_POSITIONING_NO_TRADE,13.69,1,48.21,HIGH,2,0,0,0,0,0,NO_TRADE,,RANGE_UNCLEAR_POSITIONING_NO_TRADE,
11:34:13,23420.25,23494.95,23414.0,NARROW,23494.95,23403.05,0.187,RANGE,STRONG_SELL_PREMIUM,UNCLEAR,NO_TRADE,RANGE_UNCLEAR_POSITIONING_NO_TRADE,13.8,1,48.17,HIGH,2,0,0,0,0,0,NO_TRADE,,RANGE_UNCLEAR_POSITIONING_NO_TRADE,
11:34:28,23420.3,23494.95,23414.0,NARROW,23494.95,23403.05,0.188,RANGE,STRONG_SELL_PREMIUM,UNCLEAR,NO_TRADE,RANGE_UNCLEAR_POSITIONING_NO_TRADE,13.8,1,48.12,HIGH,2,0,0,0,0,0,NO_TRADE,,RANGE_UNCLEAR_POSITIONING_NO_TRADE,
11:34:43,23419.6,23494.95,23414.0,NARROW,23494.95,23403.05,0.180,RANGE,STRONG_SELL_PREMIUM,UNCLEAR,NO_TRADE,RANGE_UNCLEAR_POSITIONING_NO_TRADE,13.8,1,48.08,HIGH,2,0,0,0,0,0,NO_TRADE,,RANGE_UNCLEAR_POSITIONING_NO_TRADE,
11:34:58,23420.15,23494.95,23414.0,NARROW,23494.95,23403.05,0.186,RANGE,STRONG_SELL_PREMIUM,UNCLEAR,NO_TRADE,RANGE_UNCLEAR_POSITIONING_NO_TRADE,13.8,1,48.04,HIGH,2,0,0,0,0,0,NO_TRADE,,RANGE_UNCLEAR_POSITIONING_NO_TRADE,
11:35:13,23420.35,23494.95,23414.0,NARROW,23494.95,23403.05,0.188,RANGE,STRONG_SELL_PREMIUM,UNCLEAR,NO_TRADE,RANGE_UNCLEAR_POSITIONING_NO_TRADE,13.32,1,47.99,HIGH,2,0,0,0,0,0,NO_TRADE,,RANGE_UNCLEAR_POSITIONING_NO_TRADE,
11:35:28,23420.75,23494.95,23414.0,NARROW,23494.95,23403.05,0.193,RANGE,STRONG_SELL_PREMIUM,UNCLEAR,NO_TRADE,RANGE_UNCLEAR_POSITIONING_NO_TRADE,13.32,1,47.95,HIGH,2,0,0,0,0,0,NO_TRADE,,RANGE_UNCLEAR_POSITIONING_NO_TRADE,
11:35:43,23419.9,23494.95,23414.0,NARROW,23494.95,23403.05,0.183,RANGE,STRONG_SELL_PREMIUM,UNCLEAR,NO_TRADE,RANGE_UNCLEAR_POSITIONING_NO_TRADE,13.32,1,47.91,HIGH,2,0,0,0,0,0,NO_TRADE,,RANGE_UNCLEAR_POSITIONING_NO_TRADE,
11:35:58,23421.05,23494.95,23414.0,NARROW,23494.95,23403.05,0.196,RANGE,STRONG_SELL_PREMIUM,UNCLEAR,NO_TRADE,RANGE_UNCLEAR_POSITIONING_NO_TRADE,13.32,1,47.87,HIGH,2,0,0,0,0,0,NO_TRADE,,RANGE_UNCLEAR_POSITIONING_NO_TRADE,
11:36:13,23420.7,23494.95,23414.0,NARROW,23494.95,23403.05,0.192,RANGE,STRONG_SELL_PREMIUM,UNCLEAR,NO_TRADE,RANGE_UNCLEAR_POSITIONING_NO_TRADE,13.32,1,47.82,HIGH,2,0,0,0,0,0,NO_TRADE,,RANGE_UNCLEAR_POSITIONING_NO_TRADE,
11:36:28,23422.8,23494.95,23414.0,NARROW,23494.95,23403.05,0.215,RANGE,STRONG_SELL_PREMIUM,UNCLEAR,NO_TRADE,RANGE_UNCLEAR_POSITIONING_NO_TRADE,13.32,1,47.78,HIGH,2,0,0,0,0,0,NO_TRADE,,RANGE_UNCLEAR_POSITIONING_NO_TRADE,
11:36:43,23424.5,23494.95,23414.0,NARROW,23494.95,23403.05,0.233,RANGE,STRONG_SELL_PREMIUM,UNCLEAR,NO_TRADE,RANGE_UNCLEAR_POSITIONING_NO_TRADE,13.32,1,47.74,HIGH,2,0,0,0,0,0,NO_TRADE,,RANGE_UNCLEAR_POSITIONING_NO_TRADE,
11:36:58,23420.95,23494.95,23414.0,NARROW,23494.95,23403.05,0.195,RANGE,STRONG_SELL_PREMIUM,UNCLEAR,NO_TRADE,RANGE_UNCLEAR_POSITIONING_NO_TRADE,13.32,1,47.7,HIGH,2,0,0,0,0,0,NO_TRADE,,RANGE_UNCLEAR_POSITIONING_NO_TRADE,
11:37:13,23421.0,23494.95,23414.0,NARROW,23494.95,23403.05,0.195,RANGE,STRONG_SELL_PREMIUM,UNCLEAR,NO_TRADE,RANGE_UNCLEAR_POSITIONING_NO_TRADE,13.32,1,47.66,HIGH,2,0,0,0,0,0,NO_TRADE,,RANGE_UNCLEAR_POSITIONING_NO_TRADE,
11:37:28,23418.55,23494.95,23414.0,NARROW,23494.95,23403.05,0.169,RANGE,STRONG_SELL_PREMIUM,UNCLEAR,NO_TRADE,RANGE_UNCLEAR_POSITIONING_NO_TRADE,13.32,1,47.61,HIGH,2,0,0,0,0,0,NO_TRADE,,RANGE_UNCLEAR_POSITIONING_NO_TRADE,
11:37:43,23419.8,23494.95,23414.0,NARROW,23494.95,23403.05,0.182,RANGE,STRONG_SELL_PREMIUM,UNCLEAR,NO_TRADE,RANGE_UNCLEAR_POSITIONING_NO_TRADE,13.32,1,47.57,HIGH,2,0,0,0,0,0,NO_TRADE,,RANGE_UNCLEAR_POSITIONING_NO_TRADE,
11:37:58,23419.0,23494.95,23414.0,NARROW,23494.95,23403.05,0.174,RANGE,STRONG_SELL_PREMIUM,UNCLEAR,NO_TRADE,RANGE_UNCLEAR_POSITIONING_NO_TRADE,13.32,1,47.53,HIGH,2,0,0,0,0,0,NO_TRADE,,RANGE_UNCLEAR_POSITIONING_NO_TRADE,
11:38:13,23419.95,23494.95,23414.0,NARROW,23494.95,23403.05,0.184,RANGE,STRONG_SELL_PREMIUM,UNCLEAR,NO_TRADE,RANGE_UNCLEAR_POSITIONING_NO_TRADE,13.32,1,47.49,HIGH,2,0,0,0,0,0,NO_TRADE,,RANGE_UNCLEAR_POSITIONING_NO_TRADE,
11:38:28,23420.05,23494.95,23414.0,NARROW,23494.95,23403.05,0.185,RANGE,STRONG_SELL_PREMIUM,UNCLEAR,NO_TRADE,RANGE_UNCLEAR_POSITIONING_NO_TRADE,13.32,1,47.45,HIGH,2,0,0,0,0,0,NO_TRADE,,RANGE_UNCLEAR_POSITIONING_NO_TRADE,
11:38:43,23422.9,23494.95,23414.0,NARROW,23494.95,23403.05,0.216,RANGE,STRONG_SELL_PREMIUM,UNCLEAR,NO_TRADE,RANGE_UNCLEAR_POSITIONING_NO_TRADE,13.32,1,47.41,HIGH,2,0,0,0,0,0,NO_TRADE,,RANGE_UNCLEAR_POSITIONING_NO_TRADE,
11:38:58,23420.75,23494.95,23414.0,NARROW,23494.95,23403.05,0.193,RANGE,STRONG_SELL_PREMIUM,UNCLEAR,NO_TRADE,RANGE_UNCLEAR_POSITIONING_NO_TRADE,13.32,1,47.36,HIGH,2,0,0,0,0,0,NO_TRADE,,RANGE_UNCLEAR_POSITIONING_NO_TRADE,
11:39:13,23417.8,23494.95,23414.0,NARROW,23494.95,23403.05,0.161,RANGE,STRONG_SELL_PREMIUM,UNCLEAR,NO_TRADE,RANGE_UNCLEAR_POSITIONING_NO_TRADE,13.95,1,47.32,HIGH,2,0,0,0,0,0,NO_TRADE,,RANGE_UNCLEAR_POSITIONING_NO_TRADE,
11:39:28,23418.15,23494.95,23414.0,NARROW,23494.95,23403.05,0.164,RANGE,STRONG_SELL_PREMIUM,UNCLEAR,NO_TRADE,RANGE_UNCLEAR_POSITIONING_NO_TRADE,13.95,1,47.28,HIGH,2,0,0,0,0,0,NO_TRADE,,RANGE_UNCLEAR_POSITIONING_NO_TRADE,
11:39:43,23418.3,23494.95,23414.0,NARROW,23494.95,23403.05,0.166,RANGE,STRONG_SELL_PREMIUM,UNCLEAR,NO_TRADE,RANGE_UNCLEAR_POSITIONING_NO_TRADE,13.95,1,47.24,HIGH,2,0,0,0,0,0,NO_TRADE,,RANGE_UNCLEAR_POSITIONING_NO_TRADE,
11:39:58,23412.95,23494.95,23414.0,NARROW,23494.95,23403.05,0.108,RANGE,STRONG_SELL_PREMIUM,UNCLEAR,NO_TRADE,RANGE_UNCLEAR_POSITIONING_NO_TRADE,13.95,1,47.2,HIGH,2,0,0,0,0,0,NO_TRADE,,RANGE_UNCLEAR_POSITIONING_NO_TRADE,
11:40:13,23414.1,23494.95,23414.0,NARROW,23494.95,23403.05,0.120,RANGE,STRONG_SELL_PREMIUM,UNCLEAR,NO_TRADE,RANGE_UNCLEAR_POSITIONING_NO_TRADE,14.08,1,47.16,HIGH,2,0,0,0,0,0,NO_TRADE,,RANGE_UNCLEAR_POSITIONING_NO_TRADE,
11:40:28,23413.85,23494.95,23414.0,NARROW,23494.95,23403.05,0.118,RANGE,STRONG_SELL_PREMIUM,UNCLEAR,NO_TRADE,RANGE_UNCLEAR_POSITIONING_NO_TRADE,14.08,1,47.12,HIGH,2,0,0,0,0,0,NO_TRADE,,RANGE_UNCLEAR_POSITIONING_NO_TRADE,
11:40:43,23416.15,23494.95,23414.0,NARROW,23494.95,23403.05,0.143,RANGE,STRONG_SELL_PREMIUM,UNCLEAR,NO_TRADE,RANGE_UNCLEAR_POSITIONING_NO_TRADE,14.08,1,47.08,HIGH,2,0,0,0,0,0,NO_TRADE,,RANGE_UNCLEAR_POSITIONING_NO_TRADE,
11:40:58,23414.75,23494.95,23414.0,NARROW,23494.95,23403.05,0.127,RANGE,STRONG_SELL_PREMIUM,UNCLEAR,NO_TRADE,RANGE_UNCLEAR_POSITIONING_NO_TRADE,14.08,1,47.04,HIGH,2,0,0,0,0,0,NO_TRADE,,RANGE_UNCLEAR_POSITIONING_NO_TRADE,
11:41:13,23416.4,23494.95,23414.0,NARROW,23494.95,23403.05,0.145,RANGE,STRONG_SELL_PREMIUM,UNCLEAR,NO_TRADE,RANGE_UNCLEAR_POSITIONING_NO_TRADE,14.09,1,47.0,HIGH,2,0,0,0,0,0,NO_TRADE,,RANGE_UNCLEAR_POSITIONING_NO_TRADE,
11:41:28,23416.95,23494.95,23414.0,NARROW,23494.95,23403.05,0.151,RANGE,STRONG_SELL_PREMIUM,UNCLEAR,NO_TRADE,RANGE_UNCLEAR_POSITIONING_NO_TRADE,14.09,1,46.96,HIGH,2,0,0,0,0,0,NO_TRADE,,RANGE_UNCLEAR_POSITIONING_NO_TRADE,
11:41:43,23413.75,23494.95,23414.0,NARROW,23494.95,23403.05,0.116,RANGE,STRONG_SELL_PREMIUM,UNCLEAR,NO_TRADE,RANGE_UNCLEAR_POSITIONING_NO_TRADE,14.09,1,46.92,HIGH,2,0,0,0,0,0,NO_TRADE,,RANGE_UNCLEAR_POSITIONING_NO_TRADE,
11:41:59,23412.95,23494.95,23414.0,NARROW,23494.95,23403.05,0.108,RANGE,STRONG_SELL_PREMIUM,UNCLEAR,NO_TRADE,RANGE_UNCLEAR_POSITIONING_NO_TRADE,14.09,1,46.88,HIGH,2,0,0,0,0,0,NO_TRADE,,RANGE_UNCLEAR_POSITIONING_NO_TRADE,
11:42:13,23412.15,23494.95,23414.0,NARROW,23494.95,23403.05,0.099,RANGE,STRONG_SELL_PREMIUM,BEARISH,PREMIUM_SELL_BEAR,RANGE_BEARISH_SPOT_BELOW_OR_MID,14.85,1,46.84,HIGH,2,0,0,0,0,0,NO_TRADE,,no_material_change_since_exit_23pts_lt_28pts_needed,
11:42:28,23410.75,23494.95,23414.0,NARROW,23494.95,23403.05,0.084,RANGE,STRONG_SELL_PREMIUM,BEARISH,PREMIUM_SELL_BEAR,RANGE_BEARISH_SPOT_BELOW_OR_MID,14.85,1,46.8,HIGH,2,0,0,0,0,0,NO_TRADE,,no_material_change_since_exit_24pts_lt_28pts_needed,
11:42:44,23408.8,23494.95,23414.0,NARROW,23494.95,23403.05,0.063,RANGE,STRONG_SELL_PREMIUM,BEARISH,PREMIUM_SELL_BULL,RANGE_BEARISH_SPOT_BELOW_OR_MID,14.85,1,46.76,HIGH,2,0,0,1,0,0,NO_TRADE,,no_material_change_since_exit_26pts_lt_28pts_needed,
11:42:59,23406.05,23494.95,23414.0,NARROW,23494.95,23403.05,0.033,RANGE,STRONG_SELL_PREMIUM,BEARISH,PREMIUM_SELL_BULL,RANGE_BEARISH_SPOT_BELOW_OR_MID,14.85,1,46.72,HIGH,2,0,0,1,0,0,ENTER,BULL_PUT_SPREAD,regime:PREMIUM_SELL_BULL:conf=HIGH:dte=2:adx=15:price=RANGE,
11:43:14,23408.25,23494.95,23414.0,NARROW,23494.95,23403.05,0.057,RANGE,STRONG_SELL_PREMIUM,BEARISH,PREMIUM_SELL_BEAR,RANGE_BEARISH_SPOT_BELOW_OR_MID,14.88,1,46.68,HIGH,2,0,0,0,0,0,,,,
11:43:29,23409.0,23494.95,23414.0,NARROW,23494.95,23403.05,0.065,RANGE,STRONG_SELL_PREMIUM,BEARISH,PREMIUM_SELL_BEAR,RANGE_BEARISH_SPOT_BELOW_OR_MID,14.88,1,46.64,HIGH,2,0,0,0,0,0,,,,
11:43:44,23411.85,23494.95,23414.0,NARROW,23494.95,23403.05,0.096,RANGE,STRONG_SELL_PREMIUM,BEARISH,PREMIUM_SELL_BEAR,RANGE_BEARISH_SPOT_BELOW_OR_MID,14.88,1,46.6,HIGH,2,0,0,0,0,0,,,,
11:43:59,23412.25,23494.95,23414.0,NARROW,23494.95,23403.05,0.100,RANGE,STRONG_SELL_PREMIUM,BEARISH,PREMIUM_SELL_BEAR,RANGE_BEARISH_SPOT_BELOW_OR_MID,14.88,1,46.56,HIGH,2,0,0,0,0,0,,,,
11:44:14,23415.95,23494.95,23414.0,NARROW,23494.95,23403.05,0.140,RANGE,STRONG_SELL_PREMIUM,BEARISH,PREMIUM_SELL_BEAR,RANGE_BEARISH_SPOT_BELOW_OR_MID,14.88,1,46.52,HIGH,2,0,0,0,0,0,,,,
11:44:29,23419.45,23494.95,23414.0,NARROW,23494.95,23403.05,0.178,RANGE,STRONG_SELL_PREMIUM,BEARISH,PREMIUM_SELL_BEAR,RANGE_BEARISH_SPOT_BELOW_OR_MID,14.88,1,46.48,HIGH,2,0,0,0,0,0,,,,
11:44:44,23420.45,23494.95,23414.0,NARROW,23494.95,23403.05,0.189,RANGE,STRONG_SELL_PREMIUM,BEARISH,PREMIUM_SELL_BEAR,RANGE_BEARISH_SPOT_BELOW_OR_MID,14.88,1,46.44,HIGH,2,0,0,0,0,0,,,,
11:44:59,23421.35,23494.95,23414.0,NARROW,23494.95,23403.05,0.199,RANGE,STRONG_SELL_PREMIUM,BEARISH,PREMIUM_SELL_BEAR,RANGE_BEARISH_SPOT_BELOW_OR_MID,14.88,1,46.41,HIGH,2,0,0,0,0,0,,,,
11:45:14,23421.5,23494.95,23414.0,NARROW,23494.95,23403.05,0.201,RANGE,STRONG_SELL_PREMIUM,BEARISH,PREMIUM_SELL_BEAR,RANGE_BEARISH_SPOT_BELOW_OR_MID,15.24,1,46.37,HIGH,2,0,0,0,0,0,,,,
11:45:29,23422.15,23494.95,23414.0,NARROW,23494.95,23403.05,0.208,RANGE,STRONG_SELL_PREMIUM,BEARISH,PREMIUM_SELL_BEAR,RANGE_BEARISH_SPOT_BELOW_OR_MID,15.24,1,46.33,HIGH,2,0,0,0,0,0,,,,
11:45:44,23423.7,23494.95,23414.0,NARROW,23494.95,23403.05,0.225,RANGE,STRONG_SELL_PREMIUM,BEARISH,PREMIUM_SELL_BEAR,RANGE_BEARISH_SPOT_BELOW_OR_MID,15.24,1,46.29,HIGH,2,0,0,0,0,0,,,,
11:45:59,23423.6,23494.95,23414.0,NARROW,23494.95,23403.05,0.224,RANGE,STRONG_SELL_PREMIUM,BEARISH,PREMIUM_SELL_BEAR,RANGE_BEARISH_SPOT_BELOW_OR_MID,15.24,1,46.25,HIGH,2,0,0,0,0,0,,,,
11:46:14,23422.55,23494.95,23414.0,NARROW,23494.95,23403.05,0.212,RANGE,STRONG_SELL_PREMIUM,BEARISH,PREMIUM_SELL_BEAR,RANGE_BEARISH_SPOT_BELOW_OR_MID,14.76,1,46.21,HIGH,2,0,0,0,0,0,,,,
11:46:29,23425.05,23494.95,23414.0,NARROW,23494.95,23403.05,0.239,RANGE,STRONG_SELL_PREMIUM,BEARISH,PREMIUM_SELL_BEAR,RANGE_BEARISH_SPOT_BELOW_OR_MID,14.76,1,46.17,HIGH,2,0,0,0,0,0,,,,
11:46:44,23425.35,23494.95,23414.0,NARROW,23494.95,23403.05,0.243,RANGE,STRONG_SELL_PREMIUM,BEARISH,PREMIUM_SELL_BEAR,RANGE_BEARISH_SPOT_BELOW_OR_MID,14.76,1,46.14,HIGH,2,0,0,0,0,0,,,,
11:46:59,23423.95,23494.95,23414.0,NARROW,23494.95,23403.05,0.227,RANGE,STRONG_SELL_PREMIUM,BEARISH,PREMIUM_SELL_BEAR,RANGE_BEARISH_SPOT_BELOW_OR_MID,14.76,1,46.1,HIGH,2,0,0,0,0,0,,,,
11:47:14,23424.8,23494.95,23414.0,NARROW,23494.95,23403.05,0.237,RANGE,STRONG_SELL_PREMIUM,BEARISH,PREMIUM_SELL_BEAR,RANGE_BEARISH_SPOT_BELOW_OR_MID,14.3,1,46.06,HIGH,2,0,0,0,0,0,,,,
11:47:29,23428.6,23494.95,23414.0,NARROW,23494.95,23403.05,0.278,RANGE,STRONG_SELL_PREMIUM,BEARISH,PREMIUM_SELL_BEAR,RANGE_BEARISH_SPOT_BELOW_OR_MID,14.3,1,46.02,HIGH,2,0,0,0,0,0,,,,
11:47:44,23428.7,23494.95,23414.0,NARROW,23494.95,23403.05,0.279,RANGE,STRONG_SELL_PREMIUM,BEARISH,PREMIUM_SELL_BEAR,RANGE_BEARISH_SPOT_BELOW_OR_MID,14.3,1,45.98,HIGH,2,0,0,0,0,0,,,,
11:47:59,23428.55,23494.95,23414.0,NARROW,23494.95,23403.05,0.277,RANGE,STRONG_SELL_PREMIUM,BEARISH,PREMIUM_SELL_BEAR,RANGE_BEARISH_SPOT_BELOW_OR_MID,14.3,1,45.95,HIGH,2,0,0,0,0,0,,,,
11:48:14,23427.65,23494.95,23414.0,NARROW,23494.95,23403.05,0.268,RANGE,STRONG_SELL_PREMIUM,BEARISH,PREMIUM_SELL_BEAR,RANGE_BEARISH_SPOT_BELOW_OR_MID,14.17,1,45.91,HIGH,2,0,0,0,0,0,,,,
11:48:29,23427.45,23494.95,23414.0,NARROW,23494.95,23403.05,0.266,RANGE,STRONG_SELL_PREMIUM,BEARISH,PREMIUM_SELL_BEAR,RANGE_BEARISH_SPOT_BELOW_OR_MID,14.17,1,45.87,HIGH,2,0,0,0,0,0,,,,
11:48:44,23428.45,23494.95,23414.0,NARROW,23494.95,23403.05,0.276,RANGE,STRONG_SELL_PREMIUM,BEARISH,PREMIUM_SELL_BEAR,RANGE_BEARISH_SPOT_BELOW_OR_MID,14.17,1,45.84,HIGH,2,0,0,0,0,0,,,,
11:48:59,23430.4,23494.95,23414.0,NARROW,23494.95,23403.05,0.298,RANGE,STRONG_SELL_PREMIUM,BEARISH,PREMIUM_SELL_BEAR,RANGE_BEARISH_SPOT_BELOW_OR_MID,14.17,1,45.8,HIGH,2,0,0,0,0,0,,,,
11:49:14,23430.0,23494.95,23414.0,NARROW,23494.95,23403.05,0.293,RANGE,STRONG_SELL_PREMIUM,BEARISH,PREMIUM_SELL_BEAR,RANGE_BEARISH_SPOT_BELOW_OR_MID,13.82,1,45.76,HIGH,2,0,0,0,0,0,,,,
11:49:29,23430.3,23494.95,23414.0,NARROW,23494.95,23403.05,0.297,RANGE,STRONG_SELL_PREMIUM,BEARISH,PREMIUM_SELL_BEAR,RANGE_BEARISH_SPOT_BELOW_OR_MID,13.82,1,45.72,HIGH,2,0,0,0,0,0,,,,
11:49:44,23430.5,23494.95,23414.0,NARROW,23494.95,23403.05,0.299,RANGE,STRONG_SELL_PREMIUM,BEARISH,PREMIUM_SELL_BEAR,RANGE_BEARISH_SPOT_BELOW_OR_MID,13.82,1,45.69,HIGH,2,0,0,0,0,0,,,,
11:49:59,23431.75,23494.95,23414.0,NARROW,23494.95,23403.05,0.312,RANGE,STRONG_SELL_PREMIUM,BEARISH,PREMIUM_SELL_BEAR,RANGE_BEARISH_SPOT_BELOW_OR_MID,13.82,1,45.65,HIGH,2,0,0,0,0,0,,,,
11:50:14,23431.45,23494.95,23414.0,NARROW,23494.95,23403.05,0.309,RANGE,STRONG_SELL_PREMIUM,BEARISH,PREMIUM_SELL_BEAR,RANGE_BEARISH_SPOT_BELOW_OR_MID,12.56,1,45.61,HIGH,2,0,0,0,0,0,,,,
11:50:30,23434.1,23494.95,23414.0,NARROW,23494.95,23403.05,0.338,RANGE,STRONG_SELL_PREMIUM,BEARISH,PREMIUM_SELL_BEAR,RANGE_BEARISH_SPOT_BELOW_OR_MID,12.56,1,45.58,HIGH,2,0,0,0,0,0,,,,
11:50:44,23432.55,23494.95,23414.0,NARROW,23494.95,23403.05,0.321,RANGE,STRONG_SELL_PREMIUM,BEARISH,PREMIUM_SELL_BEAR,RANGE_BEARISH_SPOT_BELOW_OR_MID,12.56,1,45.54,HIGH,2,0,0,0,0,0,,,,
11:51:00,23433.45,23494.95,23414.0,NARROW,23494.95,23403.05,0.331,RANGE,STRONG_SELL_PREMIUM,BEARISH,PREMIUM_SELL_BEAR,RANGE_BEARISH_SPOT_BELOW_OR_MID,12.56,1,45.5,HIGH,2,0,0,0,0,0,,,,
11:51:15,23433.9,23494.95,23414.0,NARROW,23494.95,23403.05,0.336,RANGE,STRONG_SELL_PREMIUM,BEARISH,PREMIUM_SELL_BEAR,RANGE_BEARISH_SPOT_BELOW_OR_MID,12.56,1,45.47,HIGH,2,0,0,0,0,0,,,,
11:51:30,23434.05,23494.95,23414.0,NARROW,23494.95,23403.05,0.337,RANGE,STRONG_SELL_PREMIUM,BEARISH,PREMIUM_SELL_BEAR,RANGE_BEARISH_SPOT_BELOW_OR_MID,12.56,1,45.43,HIGH,2,0,0,0,0,0,,,,
11:51:45,23431.6,23494.95,23414.0,NARROW,23494.95,23403.05,0.311,RANGE,STRONG_SELL_PREMIUM,BEARISH,PREMIUM_SELL_BEAR,RANGE_BEARISH_SPOT_BELOW_OR_MID,12.56,1,45.39,HIGH,2,0,0,0,0,0,,,,
11:52:00,23430.65,23494.95,23414.0,NARROW,23494.95,23403.05,0.300,RANGE,STRONG_SELL_PREMIUM,BEARISH,PREMIUM_SELL_BEAR,RANGE_BEARISH_SPOT_BELOW_OR_MID,12.56,1,45.36,HIGH,2,0,0,0,0,0,,,,
11:52:15,23430.9,23494.95,23414.0,NARROW,23494.95,23403.05,0.303,RANGE,STRONG_SELL_PREMIUM,BEARISH,PREMIUM_SELL_BEAR,RANGE_BEARISH_SPOT_BELOW_OR_MID,12.56,1,45.32,HIGH,2,0,0,0,0,0,,,,
11:52:30,23429.45,23494.95,23414.0,NARROW,23494.95,23403.05,0.287,RANGE,STRONG_SELL_PREMIUM,BEARISH,PREMIUM_SELL_BEAR,RANGE_BEARISH_SPOT_BELOW_OR_MID,12.56,1,45.29,HIGH,2,0,0,0,0,0,,,,
11:52:45,23429.5,23494.95,23414.0,NARROW,23494.95,23403.05,0.288,RANGE,STRONG_SELL_PREMIUM,BEARISH,PREMIUM_SELL_BEAR,RANGE_BEARISH_SPOT_BELOW_OR_MID,12.56,1,45.25,HIGH,2,0,0,0,0,0,,,,
11:53:00,23430.3,23494.95,23414.0,NARROW,23494.95,23403.05,0.297,RANGE,STRONG_SELL_PREMIUM,BEARISH,PREMIUM_SELL_BEAR,RANGE_BEARISH_SPOT_BELOW_OR_MID,12.56,1,45.21,HIGH,2,0,0,0,0,0,,,,
11:53:15,23430.75,23494.95,23414.0,NARROW,23494.95,23403.05,0.301,RANGE,STRONG_SELL_PREMIUM,BEARISH,PREMIUM_SELL_BEAR,RANGE_BEARISH_SPOT_BELOW_OR_MID,12.56,1,45.18,HIGH,2,0,0,0,0,0,,,,
11:53:30,23430.4,23494.95,23414.0,NARROW,23494.95,23403.05,0.298,RANGE,STRONG_SELL_PREMIUM,BEARISH,PREMIUM_SELL_BEAR,RANGE_BEARISH_SPOT_BELOW_OR_MID,12.56,1,45.14,HIGH,2,0,0,0,0,0,,,,
11:53:45,23431.65,23494.95,23414.0,NARROW,23494.95,23403.05,0.311,RANGE,STRONG_SELL_PREMIUM,BEARISH,PREMIUM_SELL_BEAR,RANGE_BEARISH_SPOT_BELOW_OR_MID,12.56,1,45.11,HIGH,2,0,0,0,0,0,,,,
11:54:00,23431.3,23494.95,23414.0,NARROW,23494.95,23403.05,0.307,RANGE,STRONG_SELL_PREMIUM,BEARISH,PREMIUM_SELL_BEAR,RANGE_BEARISH_SPOT_BELOW_OR_MID,12.56,1,45.07,HIGH,2,0,0,0,0,0,,,,
11:54:15,23431.3,23494.95,23414.0,NARROW,23494.95,23403.05,0.307,RANGE,STRONG_SELL_PREMIUM,BEARISH,PREMIUM_SELL_BEAR,RANGE_BEARISH_SPOT_BELOW_OR_MID,12.56,1,45.04,HIGH,2,0,0,0,0,0,,,,
11:54:30,23431.55,23494.95,23414.0,NARROW,23494.95,23403.05,0.310,RANGE,STRONG_SELL_PREMIUM,BEARISH,PREMIUM_SELL_BEAR,RANGE_BEARISH_SPOT_BELOW_OR_MID,12.56,1,45.0,HIGH,2,0,0,0,0,0,,,,
11:54:45,23431.35,23494.95,23414.0,NARROW,23494.95,23403.05,0.308,RANGE,STRONG_SELL_PREMIUM,BEARISH,PREMIUM_SELL_BEAR,RANGE_BEARISH_SPOT_BELOW_OR_MID,12.56,1,44.96,HIGH,2,0,0,0,0,0,,,,
11:55:00,23433.0,23494.95,23414.0,NARROW,23494.95,23403.05,0.326,RANGE,STRONG_SELL_PREMIUM,BEARISH,PREMIUM_SELL_BEAR,RANGE_BEARISH_SPOT_BELOW_OR_MID,11.44,1,44.93,HIGH,2,0,0,0,0,0,,,,
11:55:15,23431.55,23494.95,23414.0,NARROW,23494.95,23403.05,0.310,RANGE,STRONG_SELL_PREMIUM,BEARISH,PREMIUM_SELL_BEAR,RANGE_BEARISH_SPOT_BELOW_OR_MID,11.44,1,44.89,HIGH,2,0,0,0,0,0,,,,
11:55:30,23430.95,23494.95,23414.0,NARROW,23494.95,23403.05,0.304,RANGE,STRONG_SELL_PREMIUM,BEARISH,PREMIUM_SELL_BEAR,RANGE_BEARISH_SPOT_BELOW_OR_MID,11.44,1,44.86,HIGH,2,0,0,0,0,0,,,,
11:55:45,23432.05,23494.95,23414.0,NARROW,23494.95,23403.05,0.316,RANGE,STRONG_SELL_PREMIUM,BEARISH,PREMIUM_SELL_BEAR,RANGE_BEARISH_SPOT_BELOW_OR_MID,11.44,1,44.82,HIGH,2,0,0,0,0,0,,,,
11:56:00,23431.3,23494.95,23414.0,NARROW,23494.95,23403.05,0.307,RANGE,STRONG_SELL_PREMIUM,BEARISH,PREMIUM_SELL_BEAR,RANGE_BEARISH_SPOT_BELOW_OR_MID,12.06,1,44.79,HIGH,2,0,0,0,0,0,,,,
11:56:15,23430.7,23494.95,23414.0,NARROW,23494.95,23403.05,0.301,RANGE,STRONG_SELL_PREMIUM,BEARISH,PREMIUM_SELL_BEAR,RANGE_BEARISH_SPOT_BELOW_OR_MID,12.06,1,44.75,HIGH,2,0,0,0,0,0,,,,
11:56:30,23428.1,23494.95,23414.0,NARROW,23494.95,23403.05,0.273,RANGE,STRONG_SELL_PREMIUM,UNCLEAR,NO_TRADE,RANGE_UNCLEAR_POSITIONING_NO_TRADE,12.06,1,44.72,HIGH,2,0,0,0,0,0,,,,
11:56:45,23423.35,23494.95,23414.0,NARROW,23494.95,23403.05,0.221,RANGE,STRONG_SELL_PREMIUM,UNCLEAR,NO_TRADE,RANGE_UNCLEAR_POSITIONING_NO_TRADE,12.06,1,44.68,HIGH,2,0,0,0,0,0,,,,
11:57:00,23425.05,23494.95,23414.0,NARROW,23494.95,23403.05,0.239,RANGE,STRONG_SELL_PREMIUM,UNCLEAR,NO_TRADE,RANGE_UNCLEAR_POSITIONING_NO_TRADE,12.06,1,44.65,HIGH,2,0,0,0,0,0,,,,
11:57:15,23428.75,23494.95,23414.0,NARROW,23494.95,23403.05,0.280,RANGE,STRONG_SELL_PREMIUM,UNCLEAR,NO_TRADE,RANGE_UNCLEAR_POSITIONING_NO_TRADE,12.06,1,44.62,HIGH,2,0,0,0,0,0,,,,
11:57:31,23429.95,23494.95,23414.0,NARROW,23494.95,23403.05,0.293,RANGE,STRONG_SELL_PREMIUM,UNCLEAR,NO_TRADE,RANGE_UNCLEAR_POSITIONING_NO_TRADE,12.06,1,44.58,HIGH,2,0,0,0,0,0,,,,
11:57:46,23433.05,23494.95,23414.0,NARROW,23494.95,23403.05,0.326,RANGE,STRONG_SELL_PREMIUM,BEARISH,PREMIUM_SELL_BEAR,RANGE_BEARISH_SPOT_BELOW_OR_MID,12.06,1,44.55,HIGH,2,0,0,0,0,0,,,,
11:58:01,23431.0,23494.95,23414.0,NARROW,23494.95,23403.05,0.304,RANGE,STRONG_SELL_PREMIUM,BEARISH,PREMIUM_SELL_BEAR,RANGE_BEARISH_SPOT_BELOW_OR_MID,12.06,1,44.51,HIGH,2,0,0,0,0,0,,,,
11:58:16,23433.1,23494.95,23414.0,NARROW,23494.95,23403.05,0.327,RANGE,STRONG_SELL_PREMIUM,BEARISH,PREMIUM_SELL_BEAR,RANGE_BEARISH_SPOT_BELOW_OR_MID,12.06,1,44.48,HIGH,2,0,0,0,0,0,,,,
11:58:31,23433.75,23494.95,23414.0,NARROW,23494.95,23403.05,0.334,RANGE,STRONG_SELL_PREMIUM,BEARISH,PREMIUM_SELL_BEAR,RANGE_BEARISH_SPOT_BELOW_OR_MID,12.06,1,44.44,HIGH,2,0,0,0,0,0,,,,
11:58:46,23432.6,23494.95,23414.0,NARROW,23494.95,23403.05,0.322,RANGE,STRONG_SELL_PREMIUM,BEARISH,PREMIUM_SELL_BEAR,RANGE_BEARISH_SPOT_BELOW_OR_MID,12.06,1,44.41,HIGH,2,0,0,0,0,0,,,,
11:59:01,23434.35,23494.95,23414.0,NARROW,23494.95,23403.05,0.341,RANGE,STRONG_SELL_PREMIUM,BEARISH,PREMIUM_SELL_BEAR,RANGE_BEARISH_SPOT_BELOW_OR_MID,12.06,1,44.38,HIGH,2,0,0,0,0,0,,,,
11:59:16,23434.35,23494.95,23414.0,NARROW,23494.95,23403.05,0.341,RANGE,STRONG_SELL_PREMIUM,BEARISH,PREMIUM_SELL_BEAR,RANGE_BEARISH_SPOT_BELOW_OR_MID,12.06,1,44.34,HIGH,2,0,0,0,0,0,,,,
11:59:31,23435.15,23494.95,23414.0,NARROW,23494.95,23403.05,0.349,RANGE,STRONG_SELL_PREMIUM,BEARISH,PREMIUM_SELL_BEAR,RANGE_BEARISH_SPOT_BELOW_OR_MID,12.06,1,44.31,HIGH,2,0,0,0,0,0,,,,
11:59:46,23435.9,23494.95,23414.0,NARROW,23494.95,23403.05,0.357,RANGE,STRONG_SELL_PREMIUM,BEARISH,PREMIUM_SELL_BEAR,RANGE_BEARISH_SPOT_BELOW_OR_MID,12.06,1,44.28,HIGH,2,0,0,0,0,0,,,,
12:00:01,23441.3,23494.95,23414.0,NARROW,23494.95,23403.05,0.416,RANGE,STRONG_SELL_PREMIUM,BEARISH,PREMIUM_SELL_BEAR,RANGE_BEARISH_SPOT_BELOW_OR_MID,10.89,1,44.24,HIGH,2,0,0,0,0,0,,,,
12:00:16,23442.45,23494.95,23414.0,NARROW,23494.95,23403.05,0.429,RANGE,STRONG_SELL_PREMIUM,BEARISH,PREMIUM_SELL_BEAR,RANGE_BEARISH_SPOT_BELOW_OR_MID,10.89,1,44.21,HIGH,2,0,0,0,0,0,,,,
12:00:31,23443.35,23494.95,23414.0,NARROW,23494.95,23403.05,0.439,RANGE,STRONG_SELL_PREMIUM,BEARISH,PREMIUM_SELL_BEAR,RANGE_BEARISH_SPOT_BELOW_OR_MID,10.89,1,44.17,HIGH,2,0,0,0,0,0,NO_TRADE,,entry_cooldown_10min_remaining,
12:00:46,23441.45,23494.95,23414.0,NARROW,23494.95,23403.05,0.418,RANGE,STRONG_SELL_PREMIUM,BEARISH,PREMIUM_SELL_BEAR,RANGE_BEARISH_SPOT_BELOW_OR_MID,10.89,1,44.14,HIGH,2,0,0,0,0,0,NO_TRADE,,entry_cooldown_9min_remaining,
12:01:01,23444.4,23494.95,23414.0,NARROW,23494.95,23403.05,0.450,RANGE,STRONG_SELL_PREMIUM,BEARISH,PREMIUM_SELL_BEAR,RANGE_BEARISH_SPOT_BELOW_OR_MID,11.17,1,44.11,HIGH,2,0,0,0,0,0,NO_TRADE,,entry_cooldown_9min_remaining,
12:01:16,23443.5,23494.95,23414.0,NARROW,23494.95,23403.05,0.440,RANGE,STRONG_SELL_PREMIUM,BEARISH,PREMIUM_SELL_BEAR,RANGE_BEARISH_SPOT_BELOW_OR_MID,11.17,1,44.07,HIGH,2,0,0,0,0,0,NO_TRADE,,entry_cooldown_9min_remaining,
12:01:31,23442.5,23494.95,23414.0,NARROW,23494.95,23403.05,0.429,RANGE,STRONG_SELL_PREMIUM,BEARISH,PREMIUM_SELL_BEAR,RANGE_BEARISH_SPOT_BELOW_OR_MID,11.17,1,44.04,HIGH,2,0,0,0,0,0,NO_TRADE,,entry_cooldown_9min_remaining,
12:01:46,23440.75,23494.95,23414.0,NARROW,23494.95,23403.05,0.410,RANGE,STRONG_SELL_PREMIUM,BEARISH,PREMIUM_SELL_BEAR,RANGE_BEARISH_SPOT_BELOW_OR_MID,11.17,1,44.01,HIGH,2,0,0,0,0,0,NO_TRADE,,entry_cooldown_8min_remaining,
12:02:01,23442.7,23494.95,23414.0,NARROW,23494.95,23403.05,0.431,RANGE,STRONG_SELL_PREMIUM,UNCLEAR,NO_TRADE,RANGE_UNCLEAR_POSITIONING_NO_TRADE,11.17,1,43.98,HIGH,2,0,0,0,0,0,NO_TRADE,,RANGE_UNCLEAR_POSITIONING_NO_TRADE,
12:02:16,23443.15,23494.95,23414.0,NARROW,23494.95,23403.05,0.436,RANGE,STRONG_SELL_PREMIUM,UNCLEAR,NO_TRADE,RANGE_UNCLEAR_POSITIONING_NO_TRADE,11.17,1,43.94,HIGH,2,0,0,0,0,0,NO_TRADE,,RANGE_UNCLEAR_POSITIONING_NO_TRADE,
12:02:31,23444.1,23494.95,23414.0,NARROW,23494.95,23403.05,0.447,RANGE,STRONG_SELL_PREMIUM,UNCLEAR,NO_TRADE,RANGE_UNCLEAR_POSITIONING_NO_TRADE,11.17,1,43.91,HIGH,2,0,0,0,0,0,NO_TRADE,,RANGE_UNCLEAR_POSITIONING_NO_TRADE,
12:02:46,23444.0,23494.95,23414.0,NARROW,23494.95,23403.05,0.446,RANGE,STRONG_SELL_PREMIUM,UNCLEAR,NO_TRADE,RANGE_UNCLEAR_POSITIONING_NO_TRADE,11.17,1,43.88,HIGH,2,0,0,0,0,0,NO_TRADE,,RANGE_UNCLEAR_POSITIONING_NO_TRADE,
12:03:01,23447.55,23494.95,23414.0,NARROW,23494.95,23403.05,0.484,RANGE,STRONG_SELL_PREMIUM,UNCLEAR,PREMIUM_SELL_BEAR,RANGE_UNCLEAR_POSITIONING_NO_TRADE,11.35,1,43.84,HIGH,2,0,1,0,0,0,NO_TRADE,,entry_cooldown_7min_remaining,
12:03:16,23446.45,23494.95,23414.0,NARROW,23494.95,23403.05,0.472,RANGE,STRONG_SELL_PREMIUM,UNCLEAR,NO_TRADE,RANGE_UNCLEAR_POSITIONING_NO_TRADE,11.35,1,43.81,HIGH,2,0,0,0,0,0,NO_TRADE,,RANGE_UNCLEAR_POSITIONING_NO_TRADE,
12:03:31,23444.75,23494.95,23414.0,NARROW,23494.95,23403.05,0.454,RANGE,STRONG_SELL_PREMIUM,UNCLEAR,NO_TRADE,RANGE_UNCLEAR_POSITIONING_NO_TRADE,11.35,1,43.78,HIGH,2,0,0,0,0,0,NO_TRADE,,RANGE_UNCLEAR_POSITIONING_NO_TRADE,
12:03:46,23443.55,23494.95,23414.0,NARROW,23494.95,23403.05,0.441,RANGE,STRONG_SELL_PREMIUM,UNCLEAR,NO_TRADE,RANGE_UNCLEAR_POSITIONING_NO_TRADE,11.35,1,43.75,HIGH,2,0,0,0,0,0,NO_TRADE,,RANGE_UNCLEAR_POSITIONING_NO_TRADE,
12:04:01,23443.3,23494.95,23414.0,NARROW,23494.95,23403.05,0.438,RANGE,STRONG_SELL_PREMIUM,UNCLEAR,NO_TRADE,RANGE_UNCLEAR_POSITIONING_NO_TRADE,11.6,1,43.71,HIGH,2,0,0,0,0,0,NO_TRADE,,RANGE_UNCLEAR_POSITIONING_NO_TRADE,
12:04:16,23441.65,23494.95,23414.0,NARROW,23494.95,23403.05,0.420,RANGE,STRONG_SELL_PREMIUM,UNCLEAR,NO_TRADE,RANGE_UNCLEAR_POSITIONING_NO_TRADE,11.6,1,43.68,HIGH,2,0,0,0,0,0,NO_TRADE,,RANGE_UNCLEAR_POSITIONING_NO_TRADE,
12:04:31,23445.15,23494.95,23414.0,NARROW,23494.95,23403.05,0.458,RANGE,STRONG_SELL_PREMIUM,UNCLEAR,NO_TRADE,RANGE_UNCLEAR_POSITIONING_NO_TRADE,11.6,1,43.65,HIGH,2,0,0,0,0,0,NO_TRADE,,RANGE_UNCLEAR_POSITIONING_NO_TRADE,
12:04:46,23449.3,23494.95,23414.0,NARROW,23494.95,23403.05,0.503,RANGE,STRONG_SELL_PREMIUM,UNCLEAR,PREMIUM_SELL_BEAR,RANGE_UNCLEAR_POSITIONING_NO_TRADE,11.6,1,43.62,HIGH,2,0,1,0,0,0,NO_TRADE,,entry_cooldown_5min_remaining,
12:05:01,23448.55,23494.95,23414.0,NARROW,23494.95,23403.05,0.495,RANGE,STRONG_SELL_PREMIUM,UNCLEAR,PREMIUM_SELL_BEAR,RANGE_UNCLEAR_POSITIONING_NO_TRADE,11.19,1,43.59,HIGH,2,0,1,0,0,0,NO_TRADE,,entry_cooldown_5min_remaining,
12:05:16,23445.15,23494.95,23414.0,NARROW,23494.95,23403.05,0.458,RANGE,STRONG_SELL_PREMIUM,UNCLEAR,NO_TRADE,RANGE_UNCLEAR_POSITIONING_NO_TRADE,11.19,1,43.55,HIGH,2,0,0,0,0,0,NO_TRADE,,RANGE_UNCLEAR_POSITIONING_NO_TRADE,
12:05:31,23445.55,23494.95,23414.0,NARROW,23494.95,23403.05,0.462,RANGE,STRONG_SELL_PREMIUM,UNCLEAR,NO_TRADE,RANGE_UNCLEAR_POSITIONING_NO_TRADE,11.19,1,43.52,HIGH,2,0,0,0,0,0,NO_TRADE,,RANGE_UNCLEAR_POSITIONING_NO_TRADE,
12:05:46,23445.7,23494.95,23414.0,NARROW,23494.95,23403.05,0.464,RANGE,STRONG_SELL_PREMIUM,UNCLEAR,NO_TRADE,RANGE_UNCLEAR_POSITIONING_NO_TRADE,11.19,1,43.49,HIGH,2,0,0,0,0,0,NO_TRADE,,RANGE_UNCLEAR_POSITIONING_NO_TRADE,
12:06:01,23447.75,23494.95,23414.0,NARROW,23494.95,23403.05,0.486,RANGE,STRONG_SELL_PREMIUM,UNCLEAR,PREMIUM_SELL_BEAR,RANGE_UNCLEAR_POSITIONING_NO_TRADE,10.86,1,43.46,HIGH,2,0,1,0,0,0,NO_TRADE,,entry_cooldown_4min_remaining,
12:06:16,23446.8,23494.95,23414.0,NARROW,23494.95,23403.05,0.476,RANGE,STRONG_SELL_PREMIUM,UNCLEAR,PREMIUM_SELL_BEAR,RANGE_UNCLEAR_POSITIONING_NO_TRADE,10.86,1,43.43,HIGH,2,0,1,0,0,0,NO_TRADE,,entry_cooldown_4min_remaining,
12:06:31,23440.0,23494.95,23414.0,NARROW,23494.95,23403.05,0.402,RANGE,STRONG_SELL_PREMIUM,UNCLEAR,NO_TRADE,RANGE_UNCLEAR_POSITIONING_NO_TRADE,10.86,1,43.39,HIGH,2,0,0,0,0,0,NO_TRADE,,RANGE_UNCLEAR_POSITIONING_NO_TRADE,
12:06:46,23438.05,23494.95,23414.0,NARROW,23494.95,23403.05,0.381,RANGE,STRONG_SELL_PREMIUM,UNCLEAR,NO_TRADE,RANGE_UNCLEAR_POSITIONING_NO_TRADE,10.86,1,43.36,HIGH,2,0,0,0,0,0,NO_TRADE,,RANGE_UNCLEAR_POSITIONING_NO_TRADE,
12:07:02,23440.9,23494.95,23414.0,NARROW,23494.95,23403.05,0.412,RANGE,STRONG_SELL_PREMIUM,UNCLEAR,NO_TRADE,RANGE_UNCLEAR_POSITIONING_NO_TRADE,10.86,1,43.33,HIGH,2,0,0,0,0,0,NO_TRADE,,RANGE_UNCLEAR_POSITIONING_NO_TRADE,
12:07:16,23440.5,23494.95,23414.0,NARROW,23494.95,23403.05,0.408,RANGE,STRONG_SELL_PREMIUM,UNCLEAR,NO_TRADE,RANGE_UNCLEAR_POSITIONING_NO_TRADE,10.86,1,43.3,HIGH,2,0,0,0,0,0,NO_TRADE,,RANGE_UNCLEAR_POSITIONING_NO_TRADE,
12:07:31,23439.1,23494.95,23414.0,NARROW,23494.95,23403.05,0.392,RANGE,STRONG_SELL_PREMIUM,UNCLEAR,NO_TRADE,RANGE_UNCLEAR_POSITIONING_NO_TRADE,10.86,1,43.27,HIGH,2,0,0,0,0,0,NO_TRADE,,RANGE_UNCLEAR_POSITIONING_NO_TRADE,
12:07:47,23442.25,23494.95,23414.0,NARROW,23494.95,23403.05,0.427,RANGE,STRONG_SELL_PREMIUM,UNCLEAR,NO_TRADE,RANGE_UNCLEAR_POSITIONING_NO_TRADE,10.86,1,43.24,HIGH,2,0,0,0,0,0,NO_TRADE,,RANGE_UNCLEAR_POSITIONING_NO_TRADE,
12:08:01,23446.15,23494.95,23414.0,NARROW,23494.95,23403.05,0.469,RANGE,STRONG_SELL_PREMIUM,UNCLEAR,NO_TRADE,RANGE_UNCLEAR_POSITIONING_NO_TRADE,10.86,1,43.21,HIGH,2,0,0,0,0,0,NO_TRADE,,RANGE_UNCLEAR_POSITIONING_NO_TRADE,
12:08:16,23440.45,23494.95,23414.0,NARROW,23494.95,23403.05,0.407,RANGE,STRONG_SELL_PREMIUM,UNCLEAR,NO_TRADE,RANGE_UNCLEAR_POSITIONING_NO_TRADE,10.86,1,43.17,HIGH,2,0,0,0,0,0,NO_TRADE,,RANGE_UNCLEAR_POSITIONING_NO_TRADE,
12:08:32,23441.25,23494.95,23414.0,NARROW,23494.95,23403.05,0.416,RANGE,STRONG_SELL_PREMIUM,UNCLEAR,NO_TRADE,RANGE_UNCLEAR_POSITIONING_NO_TRADE,10.86,1,43.14,HIGH,2,0,0,0,0,0,NO_TRADE,,RANGE_UNCLEAR_POSITIONING_NO_TRADE,
12:08:47,23440.3,23494.95,23414.0,NARROW,23494.95,23403.05,0.405,RANGE,STRONG_SELL_PREMIUM,UNCLEAR,NO_TRADE,RANGE_UNCLEAR_POSITIONING_NO_TRADE,10.86,1,43.11,HIGH,2,0,0,0,0,0,NO_TRADE,,RANGE_UNCLEAR_POSITIONING_NO_TRADE,
12:09:02,23440.75,23494.95,23414.0,NARROW,23494.95,23403.05,0.410,RANGE,STRONG_SELL_PREMIUM,UNCLEAR,NO_TRADE,RANGE_UNCLEAR_POSITIONING_NO_TRADE,10.75,1,43.08,HIGH,2,0,0,0,0,0,NO_TRADE,,RANGE_UNCLEAR_POSITIONING_NO_TRADE,
12:09:17,23439.4,23494.95,23414.0,NARROW,23494.95,23403.05,0.396,RANGE,STRONG_SELL_PREMIUM,UNCLEAR,NO_TRADE,RANGE_UNCLEAR_POSITIONING_NO_TRADE,10.75,1,43.05,HIGH,2,0,0,0,0,0,NO_TRADE,,RANGE_UNCLEAR_POSITIONING_NO_TRADE,
12:09:32,23440.7,23494.95,23414.0,NARROW,23494.95,23403.05,0.410,RANGE,STRONG_SELL_PREMIUM,UNCLEAR,NO_TRADE,RANGE_UNCLEAR_POSITIONING_NO_TRADE,10.75,1,43.02,HIGH,2,0,0,0,0,0,NO_TRADE,,RANGE_UNCLEAR_POSITIONING_NO_TRADE,
12:09:47,23438.5,23494.95,23414.0,NARROW,23494.95,23403.05,0.386,RANGE,STRONG_SELL_PREMIUM,UNCLEAR,NO_TRADE,RANGE_UNCLEAR_POSITIONING_NO_TRADE,10.75,1,42.99,HIGH,2,0,0,0,0,0,NO_TRADE,,RANGE_UNCLEAR_POSITIONING_NO_TRADE,
12:10:02,23439.55,23494.95,23414.0,NARROW,23494.95,23403.05,0.397,RANGE,STRONG_SELL_PREMIUM,UNCLEAR,NO_TRADE,RANGE_UNCLEAR_POSITIONING_NO_TRADE,9.98,1,42.96,HIGH,2,0,0,0,0,0,NO_TRADE,,RANGE_UNCLEAR_POSITIONING_NO_TRADE,
12:10:17,23438.7,23494.95,23414.0,NARROW,23494.95,23403.05,0.388,RANGE,STRONG_SELL_PREMIUM,UNCLEAR,NO_TRADE,RANGE_UNCLEAR_POSITIONING_NO_TRADE,9.98,1,42.93,HIGH,2,0,0,0,0,0,NO_TRADE,,RANGE_UNCLEAR_POSITIONING_NO_TRADE,
12:10:32,23439.55,23494.95,23414.0,NARROW,23494.95,23403.05,0.397,RANGE,STRONG_SELL_PREMIUM,UNCLEAR,NO_TRADE,RANGE_UNCLEAR_POSITIONING_NO_TRADE,9.98,1,42.9,HIGH,2,0,0,0,0,0,NO_TRADE,,RANGE_UNCLEAR_POSITIONING_NO_TRADE,
12:10:47,23440.1,23494.95,23414.0,NARROW,23494.95,23403.05,0.403,RANGE,STRONG_SELL_PREMIUM,UNCLEAR,NO_TRADE,RANGE_UNCLEAR_POSITIONING_NO_TRADE,9.98,1,42.87,HIGH,2,0,0,0,0,0,NO_TRADE,,RANGE_UNCLEAR_POSITIONING_NO_TRADE,
12:11:02,23441.35,23494.95,23414.0,NARROW,23494.95,23403.05,0.417,RANGE,STRONG_SELL_PREMIUM,UNCLEAR,NO_TRADE,RANGE_UNCLEAR_POSITIONING_NO_TRADE,9.98,1,42.83,HIGH,2,0,0,0,0,0,NO_TRADE,,RANGE_UNCLEAR_POSITIONING_NO_TRADE,
12:11:17,23441.9,23494.95,23414.0,NARROW,23494.95,23403.05,0.423,RANGE,STRONG_SELL_PREMIUM,UNCLEAR,NO_TRADE,RANGE_UNCLEAR_POSITIONING_NO_TRADE,9.98,1,42.8,HIGH,2,0,0,0,0,0,NO_TRADE,,RANGE_UNCLEAR_POSITIONING_NO_TRADE,
12:11:32,23446.8,23494.95,23414.0,NARROW,23494.95,23403.05,0.476,RANGE,STRONG_SELL_PREMIUM,UNCLEAR,PREMIUM_SELL_BEAR,RANGE_UNCLEAR_POSITIONING_NO_TRADE,9.98,1,42.77,HIGH,2,0,1,0,0,0,NO_TRADE,,no_material_change_since_exit_4pts_lt_28pts_needed,
12:11:47,23447.2,23494.95,23414.0,NARROW,23494.95,23403.05,0.480,RANGE,STRONG_SELL_PREMIUM,UNCLEAR,PREMIUM_SELL_BEAR,RANGE_UNCLEAR_POSITIONING_NO_TRADE,9.98,1,42.74,HIGH,2,0,1,0,0,0,NO_TRADE,,no_material_change_since_exit_5pts_lt_28pts_needed,
12:12:02,23448.2,23494.95,23414.0,NARROW,23494.95,23403.05,0.491,RANGE,STRONG_SELL_PREMIUM,UNCLEAR,NO_TRADE,RANGE_UNCLEAR_POSITIONING_NO_TRADE,11.32,1,42.71,HIGH,2,0,0,0,0,0,NO_TRADE,,RANGE_UNCLEAR_POSITIONING_NO_TRADE,
12:12:17,23456.9,23494.95,23414.0,NARROW,23494.95,23403.05,0.586,RANGE,STRONG_SELL_PREMIUM,UNCLEAR,PREMIUM_SELL_BEAR,RANGE_UNCLEAR_POSITIONING_NO_TRADE,11.32,1,42.68,HIGH,2,0,1,0,0,0,NO_TRADE,,no_material_change_since_exit_14pts_lt_28pts_needed,
12:12:32,23452.7,23494.95,23414.0,NARROW,23494.95,23403.05,0.540,RANGE,STRONG_SELL_PREMIUM,UNCLEAR,NO_TRADE,RANGE_UNCLEAR_POSITIONING_NO_TRADE,11.32,1,42.65,HIGH,2,0,0,0,0,0,NO_TRADE,,RANGE_UNCLEAR_POSITIONING_NO_TRADE,
12:12:47,23454.35,23494.95,23414.0,NARROW,23494.95,23403.05,0.558,RANGE,STRONG_SELL_PREMIUM,UNCLEAR,PREMIUM_SELL_BEAR,RANGE_UNCLEAR_POSITIONING_NO_TRADE,11.32,1,42.62,HIGH,2,0,1,0,0,0,NO_TRADE,,no_material_change_since_exit_12pts_lt_28pts_needed,
12:13:02,23457.75,23494.95,23414.0,NARROW,23494.95,23403.05,0.595,RANGE,STRONG_SELL_PREMIUM,UNCLEAR,PREMIUM_SELL_BEAR,RANGE_UNCLEAR_POSITIONING_NO_TRADE,11.34,1,42.59,HIGH,2,0,1,0,0,0,NO_TRADE,,no_material_change_since_exit_15pts_lt_28pts_needed,
12:13:17,23456.75,23494.95,23414.0,NARROW,23494.95,23403.05,0.584,RANGE,STRONG_SELL_PREMIUM,UNCLEAR,PREMIUM_SELL_BEAR,RANGE_UNCLEAR_POSITIONING_NO_TRADE,11.34,1,42.56,HIGH,2,0,1,0,0,0,NO_TRADE,,no_material_change_since_exit_14pts_lt_28pts_needed,
12:13:32,23452.95,23494.95,23414.0,NARROW,23494.95,23403.05,0.543,RANGE,STRONG_SELL_PREMIUM,UNCLEAR,NO_TRADE,RANGE_UNCLEAR_POSITIONING_NO_TRADE,11.34,1,42.53,HIGH,2,0,0,0,0,0,NO_TRADE,,RANGE_UNCLEAR_POSITIONING_NO_TRADE,
12:13:47,23455.5,23494.95,23414.0,NARROW,23494.95,23403.05,0.571,RANGE,STRONG_SELL_PREMIUM,UNCLEAR,PREMIUM_SELL_BEAR,RANGE_UNCLEAR_POSITIONING_NO_TRADE,11.34,1,42.5,HIGH,2,0,1,0,0,0,NO_TRADE,,no_material_change_since_exit_13pts_lt_28pts_needed,
12:14:02,23459.75,23494.95,23414.0,NARROW,23494.95,23403.05,0.617,RANGE,STRONG_SELL_PREMIUM,UNCLEAR,PREMIUM_SELL_BEAR,RANGE_UNCLEAR_POSITIONING_NO_TRADE,12.04,1,42.47,HIGH,2,0,1,0,0,0,NO_TRADE,,no_material_change_since_exit_17pts_lt_28pts_needed,
12:14:17,23463.0,23494.95,23414.0,NARROW,23494.95,23403.05,0.652,RANGE,STRONG_SELL_PREMIUM,UNCLEAR,PREMIUM_SELL_BEAR,RANGE_UNCLEAR_POSITIONING_NO_TRADE,12.04,1,42.44,HIGH,2,0,1,0,0,0,NO_TRADE,,no_material_change_since_exit_21pts_lt_28pts_needed,
12:14:32,23461.6,23494.95,23414.0,NARROW,23494.95,23403.05,0.637,RANGE,STRONG_SELL_PREMIUM,UNCLEAR,PREMIUM_SELL_BEAR,RANGE_UNCLEAR_POSITIONING_NO_TRADE,12.04,1,42.41,HIGH,2,0,1,0,0,0,NO_TRADE,,no_material_change_since_exit_19pts_lt_28pts_needed,
12:14:47,23457.25,23494.95,23414.0,NARROW,23494.95,23403.05,0.590,RANGE,STRONG_SELL_PREMIUM,UNCLEAR,NO_TRADE,RANGE_UNCLEAR_POSITIONING_NO_TRADE,12.04,1,42.39,HIGH,2,0,0,0,0,0,NO_TRADE,,RANGE_UNCLEAR_POSITIONING_NO_TRADE,
12:15:02,23459.45,23494.95,23414.0,NARROW,23494.95,23403.05,0.614,RANGE,STRONG_SELL_PREMIUM,UNCLEAR,PREMIUM_SELL_BEAR,RANGE_UNCLEAR_POSITIONING_NO_TRADE,13.2,1,42.36,HIGH,2,0,1,0,0,0,NO_TRADE,,no_material_change_since_exit_17pts_lt_28pts_needed,
12:15:17,23461.45,23494.95,23414.0,NARROW,23494.95,23403.05,0.635,RANGE,STRONG_SELL_PREMIUM,UNCLEAR,PREMIUM_SELL_BEAR,RANGE_UNCLEAR_POSITIONING_NO_TRADE,13.2,1,42.33,HIGH,2,0,1,0,0,0,NO_TRADE,,no_material_change_since_exit_19pts_lt_28pts_needed,
12:15:32,23463.05,23494.95,23414.0,NARROW,23494.95,23403.05,0.653,RANGE,STRONG_SELL_PREMIUM,UNCLEAR,PREMIUM_SELL_BEAR,AFTERNOON_DAY_HIGH_FADE_DTE2,13.2,1,42.3,HIGH,2,0,1,0,0,0,NO_TRADE,,no_material_change_since_exit_21pts_lt_28pts_needed,
12:15:47,23460.85,23494.95,23414.0,NARROW,23494.95,23403.05,0.629,RANGE,STRONG_SELL_PREMIUM,UNCLEAR,PREMIUM_SELL_BEAR,AFTERNOON_DAY_HIGH_FADE_DTE2,13.2,1,42.27,HIGH,2,0,1,0,0,0,NO_TRADE,,no_material_change_since_exit_18pts_lt_28pts_needed,
12:16:02,23462.2,23494.95,23414.0,NARROW,23494.95,23403.05,0.644,RANGE,STRONG_SELL_PREMIUM,UNCLEAR,PREMIUM_SELL_BEAR,AFTERNOON_DAY_HIGH_FADE_DTE2,13.2,1,42.24,HIGH,2,0,1,0,0,0,NO_TRADE,,no_material_change_since_exit_20pts_lt_28pts_needed,
12:16:17,23460.6,23494.95,23414.0,NARROW,23494.95,23403.05,0.626,RANGE,STRONG_SELL_PREMIUM,UNCLEAR,PREMIUM_SELL_BEAR,AFTERNOON_DAY_HIGH_FADE_DTE2,13.2,1,42.21,HIGH,2,0,1,0,0,0,NO_TRADE,,no_material_change_since_exit_18pts_lt_28pts_needed,
12:16:32,23462.8,23494.95,23414.0,NARROW,23494.95,23403.05,0.650,RANGE,STRONG_SELL_PREMIUM,UNCLEAR,PREMIUM_SELL_BEAR,AFTERNOON_DAY_HIGH_FADE_DTE2,13.2,1,42.18,HIGH,2,0,1,0,0,0,NO_TRADE,,no_material_change_since_exit_20pts_lt_28pts_needed,
12:16:47,23463.0,23494.95,23414.0,NARROW,23494.95,23403.05,0.652,RANGE,STRONG_SELL_PREMIUM,UNCLEAR,PREMIUM_SELL_BEAR,AFTERNOON_DAY_HIGH_FADE_DTE2,13.2,1,42.15,HIGH,2,0,1,0,0,0,NO_TRADE,,no_material_change_since_exit_21pts_lt_28pts_needed,
12:17:02,23464.45,23494.95,23414.0,NARROW,23494.95,23403.05,0.668,RANGE,STRONG_SELL_PREMIUM,UNCLEAR,PREMIUM_SELL_BEAR,AFTERNOON_DAY_HIGH_FADE_DTE2,13.36,1,42.12,HIGH,2,0,1,0,0,0,NO_TRADE,,no_material_change_since_exit_22pts_lt_28pts_needed,
12:17:17,23464.45,23494.95,23414.0,NARROW,23494.95,23403.05,0.668,RANGE,STRONG_SELL_PREMIUM,UNCLEAR,PREMIUM_SELL_BEAR,AFTERNOON_DAY_HIGH_FADE_DTE2,13.36,1,42.09,HIGH,2,0,1,0,0,0,NO_TRADE,,no_material_change_since_exit_22pts_lt_28pts_needed,
12:17:32,23464.5,23494.95,23414.0,NARROW,23494.95,23403.05,0.669,RANGE,STRONG_SELL_PREMIUM,UNCLEAR,PREMIUM_SELL_BEAR,AFTERNOON_DAY_HIGH_FADE_DTE2,13.36,1,42.06,HIGH,2,0,1,0,0,0,NO_TRADE,,no_material_change_since_exit_22pts_lt_28pts_needed,
12:17:47,23464.1,23494.95,23414.0,NARROW,23494.95,23403.05,0.664,RANGE,STRONG_SELL_PREMIUM,UNCLEAR,PREMIUM_SELL_BEAR,AFTERNOON_DAY_HIGH_FADE_DTE2,13.36,1,42.04,HIGH,2,0,1,0,0,0,NO_TRADE,,no_material_change_since_exit_22pts_lt_28pts_needed,
12:18:02,23462.35,23494.95,23414.0,NARROW,23494.95,23403.05,0.645,RANGE,STRONG_SELL_PREMIUM,UNCLEAR,PREMIUM_SELL_BEAR,AFTERNOON_DAY_HIGH_FADE_DTE2,13.36,1,42.01,HIGH,2,0,1,0,0,0,NO_TRADE,,no_material_change_since_exit_20pts_lt_28pts_needed,
12:18:17,23461.9,23494.95,23414.0,NARROW,23494.95,23403.05,0.640,RANGE,STRONG_SELL_PREMIUM,UNCLEAR,PREMIUM_SELL_BEAR,AFTERNOON_DAY_HIGH_FADE_DTE2,13.36,1,41.98,HIGH,2,0,1,0,0,0,NO_TRADE,,no_material_change_since_exit_19pts_lt_28pts_needed,
12:18:32,23460.0,23494.95,23414.0,NARROW,23494.95,23403.05,0.620,RANGE,STRONG_SELL_PREMIUM,UNCLEAR,PREMIUM_SELL_BEAR,AFTERNOON_DAY_HIGH_FADE_DTE2,13.36,1,41.95,HIGH,2,0,1,0,0,0,NO_TRADE,,no_material_change_since_exit_18pts_lt_28pts_needed,
12:18:47,23459.85,23494.95,23414.0,NARROW,23494.95,23403.05,0.618,RANGE,STRONG_SELL_PREMIUM,UNCLEAR,PREMIUM_SELL_BEAR,AFTERNOON_DAY_HIGH_FADE_DTE2,13.36,1,41.92,HIGH,2,0,1,0,0,0,NO_TRADE,,no_material_change_since_exit_17pts_lt_28pts_needed,
12:19:02,23463.5,23494.95,23414.0,NARROW,23494.95,23403.05,0.658,RANGE,STRONG_SELL_PREMIUM,UNCLEAR,PREMIUM_SELL_BEAR,AFTERNOON_DAY_HIGH_FADE_DTE2,13.36,1,41.89,HIGH,2,0,1,0,0,0,NO_TRADE,,no_material_change_since_exit_21pts_lt_28pts_needed,
12:19:17,23465.2,23494.95,23414.0,NARROW,23494.95,23403.05,0.676,RANGE,STRONG_SELL_PREMIUM,RANGE,PREMIUM_SELL_BEAR,AFTERNOON_DAY_HIGH_FADE_DTE2,13.36,1,41.86,HIGH,2,0,1,0,0,0,NO_TRADE,,no_material_change_since_exit_23pts_lt_28pts_needed,
12:19:33,23463.65,23494.95,23414.0,NARROW,23494.95,23403.05,0.659,RANGE,STRONG_SELL_PREMIUM,RANGE,PREMIUM_SELL_BEAR,AFTERNOON_DAY_HIGH_FADE_DTE2,13.36,1,41.84,HIGH,2,0,1,0,0,0,NO_TRADE,,no_material_change_since_exit_21pts_lt_28pts_needed,
12:19:48,23462.4,23494.95,23414.0,NARROW,23494.95,23403.05,0.646,RANGE,STRONG_SELL_PREMIUM,RANGE,PREMIUM_SELL_BEAR,AFTERNOON_DAY_HIGH_FADE_DTE2,13.36,1,41.81,HIGH,2,0,1,0,0,0,NO_TRADE,,no_material_change_since_exit_20pts_lt_28pts_needed,
12:20:03,23463.05,23494.95,23414.0,NARROW,23494.95,23403.05,0.653,RANGE,STRONG_SELL_PREMIUM,RANGE,PREMIUM_SELL_BEAR,AFTERNOON_DAY_HIGH_FADE_DTE2,14.58,1,41.78,HIGH,2,0,1,0,0,0,NO_TRADE,,no_material_change_since_exit_21pts_lt_28pts_needed,
12:20:18,23461.4,23494.95,23414.0,NARROW,23494.95,23403.05,0.635,RANGE,STRONG_SELL_PREMIUM,RANGE,PREMIUM_SELL_BEAR,AFTERNOON_DAY_HIGH_FADE_DTE2,14.58,1,41.75,HIGH,2,0,1,0,0,0,NO_TRADE,,no_material_change_since_exit_19pts_lt_28pts_needed,
12:20:33,23461.1,23494.95,23414.0,NARROW,23494.95,23403.05,0.632,RANGE,STRONG_SELL_PREMIUM,RANGE,PREMIUM_SELL_BEAR,AFTERNOON_DAY_HIGH_FADE_DTE2,14.58,1,41.72,HIGH,2,0,1,0,0,0,NO_TRADE,,no_material_change_since_exit_19pts_lt_28pts_needed,
12:20:48,23465.75,23494.95,23414.0,NARROW,23494.95,23403.05,0.682,RANGE,STRONG_SELL_PREMIUM,RANGE,PREMIUM_SELL_BEAR,AFTERNOON_DAY_HIGH_FADE_DTE2,14.58,1,41.69,HIGH,2,0,1,0,0,0,NO_TRADE,,no_material_change_since_exit_23pts_lt_28pts_needed,
12:21:03,23464.25,23494.95,23414.0,NARROW,23494.95,23403.05,0.666,RANGE,STRONG_SELL_PREMIUM,RANGE,PREMIUM_SELL_BEAR,AFTERNOON_DAY_HIGH_FADE_DTE2,15.14,1,41.67,HIGH,2,0,1,0,0,0,NO_TRADE,,no_material_change_since_exit_22pts_lt_28pts_needed,
12:21:18,23464.55,23494.95,23414.0,NARROW,23494.95,23403.05,0.669,RANGE,STRONG_SELL_PREMIUM,RANGE,PREMIUM_SELL_BEAR,AFTERNOON_DAY_HIGH_FADE_DTE2,15.14,1,41.64,HIGH,2,0,1,0,0,0,NO_TRADE,,no_material_change_since_exit_22pts_lt_28pts_needed,
12:21:33,23471.3,23494.95,23414.0,NARROW,23494.95,23403.05,0.743,RANGE,STRONG_SELL_PREMIUM,RANGE,PREMIUM_SELL_BEAR,AFTERNOON_DAY_HIGH_FADE_DTE2,15.14,1,41.61,HIGH,2,0,1,0,0,0,ENTER,BEAR_CALL_SPREAD,regime:PREMIUM_SELL_BEAR:conf=HIGH:dte=2:adx=15:price=RANGE,
12:21:48,23470.6,23494.95,23414.0,NARROW,23494.95,23403.05,0.735,RANGE,STRONG_SELL_PREMIUM,RANGE,PREMIUM_SELL_BEAR,AFTERNOON_DAY_HIGH_FADE_DTE2,15.14,1,41.58,HIGH,2,0,1,0,0,0,,,,
12:22:03,23470.7,23494.95,23414.0,NARROW,23494.95,23403.05,0.736,RANGE,STRONG_SELL_PREMIUM,RANGE,PREMIUM_SELL_BEAR,AFTERNOON_DAY_HIGH_FADE_DTE2,15.36,1,41.55,HIGH,2,0,1,0,0,0,,,,
12:22:18,23471.5,23494.95,23414.0,NARROW,23494.95,23403.05,0.745,RANGE,STRONG_SELL_PREMIUM,RANGE,PREMIUM_SELL_BEAR,AFTERNOON_DAY_HIGH_FADE_DTE2,15.36,1,41.53,HIGH,2,0,1,0,0,0,,,,
12:22:33,23468.55,23494.95,23414.0,NARROW,23494.95,23403.05,0.713,RANGE,STRONG_SELL_PREMIUM,RANGE,PREMIUM_SELL_BEAR,AFTERNOON_DAY_HIGH_FADE_DTE2,15.36,1,41.5,HIGH,2,0,1,0,0,0,,,,
12:22:48,23465.55,23494.95,23414.0,NARROW,23494.95,23403.05,0.680,RANGE,STRONG_SELL_PREMIUM,RANGE,PREMIUM_SELL_BEAR,AFTERNOON_DAY_HIGH_FADE_DTE2,15.36,1,41.47,HIGH,2,0,1,0,0,0,,,,
12:23:03,23466.75,23494.95,23414.0,NARROW,23494.95,23403.05,0.693,RANGE,STRONG_SELL_PREMIUM,RANGE,PREMIUM_SELL_BEAR,AFTERNOON_DAY_HIGH_FADE_DTE2,15.36,1,41.44,HIGH,2,0,1,0,0,0,,,,
12:23:18,23469.3,23494.95,23414.0,NARROW,23494.95,23403.05,0.721,RANGE,STRONG_SELL_PREMIUM,RANGE,PREMIUM_SELL_BEAR,AFTERNOON_DAY_HIGH_FADE_DTE2,15.36,1,41.42,HIGH,2,0,1,0,0,0,,,,
12:23:33,23466.35,23494.95,23414.0,NARROW,23494.95,23403.05,0.689,RANGE,STRONG_SELL_PREMIUM,RANGE,PREMIUM_SELL_BEAR,AFTERNOON_DAY_HIGH_FADE_DTE2,15.36,1,41.39,HIGH,2,0,1,0,0,0,,,,
12:23:48,23458.8,23494.95,23414.0,NARROW,23494.95,23403.05,0.607,RANGE,STRONG_SELL_PREMIUM,RANGE,PREMIUM_SELL_BEAR,AFTERNOON_DAY_HIGH_FADE_DTE2,15.36,1,41.36,HIGH,2,0,0,0,0,0,,,,
12:24:03,23460.55,23494.95,23414.0,NARROW,23494.95,23403.05,0.626,RANGE,STRONG_SELL_PREMIUM,RANGE,PREMIUM_SELL_BEAR,AFTERNOON_DAY_HIGH_FADE_DTE2,15.36,1,41.33,HIGH,2,0,1,0,0,0,,,,
12:24:18,23461.0,23494.95,23414.0,NARROW,23494.95,23403.05,0.631,RANGE,STRONG_SELL_PREMIUM,RANGE,PREMIUM_SELL_BEAR,AFTERNOON_DAY_HIGH_FADE_DTE2,15.36,1,41.31,HIGH,2,0,1,0,0,0,,,,
12:24:33,23462.7,23494.95,23414.0,NARROW,23494.95,23403.05,0.649,RANGE,STRONG_SELL_PREMIUM,RANGE,PREMIUM_SELL_BEAR,AFTERNOON_DAY_HIGH_FADE_DTE2,15.36,1,41.28,HIGH,2,0,1,0,0,0,,,,
12:24:48,23456.5,23494.95,23414.0,NARROW,23494.95,23403.05,0.582,RANGE,STRONG_SELL_PREMIUM,RANGE,PREMIUM_SELL_BEAR,AFTERNOON_DAY_HIGH_FADE_DTE2,15.36,1,41.25,HIGH,2,0,0,0,0,0,,,,
12:25:03,23457.85,23494.95,23414.0,NARROW,23494.95,23403.05,0.596,RANGE,STRONG_SELL_PREMIUM,RANGE,PREMIUM_SELL_BEAR,AFTERNOON_DAY_HIGH_FADE_DTE2,17.16,1,41.22,HIGH,2,0,0,0,0,0,,,,
12:25:18,23458.15,23494.95,23414.0,NARROW,23494.95,23403.05,0.600,RANGE,STRONG_SELL_PREMIUM,RANGE,PREMIUM_SELL_RANGE,RANGE_RANGE_NARROW,17.16,1,41.2,HIGH,2,0,0,0,0,0,,,,
12:25:33,23457.75,23494.95,23414.0,NARROW,23494.95,23403.05,0.595,RANGE,STRONG_SELL_PREMIUM,RANGE,PREMIUM_SELL_RANGE,RANGE_RANGE_NARROW,17.16,1,41.17,HIGH,2,0,0,0,0,0,,,,
12:25:48,23458.95,23494.95,23414.0,NARROW,23494.95,23403.05,0.608,RANGE,STRONG_SELL_PREMIUM,RANGE,PREMIUM_SELL_RANGE,RANGE_RANGE_NARROW,17.16,1,41.14,HIGH,2,0,0,0,0,0,,,,
12:26:03,23461.7,23494.95,23414.0,NARROW,23494.95,23403.05,0.638,RANGE,STRONG_SELL_PREMIUM,RANGE,PREMIUM_SELL_RANGE,RANGE_RANGE_NARROW,17.16,1,41.12,HIGH,2,0,1,0,0,0,,,,
12:26:18,23462.85,23494.95,23414.0,NARROW,23494.95,23403.05,0.651,RANGE,STRONG_SELL_PREMIUM,RANGE,PREMIUM_SELL_RANGE,RANGE_RANGE_NARROW,17.16,1,41.09,HIGH,2,0,1,0,0,0,,,,
12:26:33,23464.5,23494.95,23414.0,NARROW,23494.95,23403.05,0.669,RANGE,STRONG_SELL_PREMIUM,RANGE,PREMIUM_SELL_BEAR,AFTERNOON_DAY_HIGH_FADE_DTE2,17.16,1,41.06,HIGH,2,0,1,0,0,0,,,,
12:26:48,23462.95,23494.95,23414.0,NARROW,23494.95,23403.05,0.652,RANGE,STRONG_SELL_PREMIUM,RANGE,PREMIUM_SELL_BEAR,AFTERNOON_DAY_HIGH_FADE_DTE2,17.16,1,41.04,HIGH,2,0,1,0,0,0,,,,
12:27:03,23464.8,23494.95,23414.0,NARROW,23494.95,23403.05,0.672,RANGE,STRONG_SELL_PREMIUM,RANGE,PREMIUM_SELL_BEAR,AFTERNOON_DAY_HIGH_FADE_DTE2,17.16,1,41.01,HIGH,2,0,1,0,0,0,,,,
12:27:18,23462.3,23494.95,23414.0,NARROW,23494.95,23403.05,0.645,RANGE,STRONG_SELL_PREMIUM,RANGE,PREMIUM_SELL_BEAR,AFTERNOON_DAY_HIGH_FADE_DTE2,17.16,1,40.98,HIGH,2,0,1,0,0,0,,,,
12:27:34,23459.6,23494.95,23414.0,NARROW,23494.95,23403.05,0.615,RANGE,STRONG_SELL_PREMIUM,RANGE,PREMIUM_SELL_BEAR,AFTERNOON_DAY_HIGH_FADE_DTE2,17.16,1,40.96,HIGH,2,0,0,0,0,0,,,,
12:27:49,23460.1,23494.95,23414.0,NARROW,23494.95,23403.05,0.621,RANGE,STRONG_SELL_PREMIUM,RANGE,PREMIUM_SELL_BEAR,AFTERNOON_DAY_HIGH_FADE_DTE2,17.16,1,40.93,HIGH,2,0,1,0,0,0,,,,
12:28:04,23462.4,23494.95,23414.0,NARROW,23494.95,23403.05,0.646,RANGE,STRONG_SELL_PREMIUM,RANGE,PREMIUM_SELL_BEAR,AFTERNOON_DAY_HIGH_FADE_DTE2,17.16,1,40.9,HIGH,2,0,1,0,0,0,,,,
12:28:19,23461.65,23494.95,23414.0,NARROW,23494.95,23403.05,0.638,RANGE,STRONG_SELL_PREMIUM,RANGE,PREMIUM_SELL_BEAR,AFTERNOON_DAY_HIGH_FADE_DTE2,17.16,1,40.88,HIGH,2,0,1,0,0,0,,,,
12:28:34,23461.85,23494.95,23414.0,NARROW,23494.95,23403.05,0.640,RANGE,STRONG_SELL_PREMIUM,RANGE,PREMIUM_SELL_BEAR,AFTERNOON_DAY_HIGH_FADE_DTE2,17.16,1,40.85,HIGH,2,0,1,0,0,0,,,,
12:28:49,23461.35,23494.95,23414.0,NARROW,23494.95,23403.05,0.634,RANGE,STRONG_SELL_PREMIUM,RANGE,PREMIUM_SELL_BEAR,AFTERNOON_DAY_HIGH_FADE_DTE2,17.16,1,40.82,HIGH,2,0,1,0,0,0,,,,
12:29:04,23461.2,23494.95,23414.0,NARROW,23494.95,23403.05,0.633,RANGE,STRONG_SELL_PREMIUM,RANGE,PREMIUM_SELL_BEAR,AFTERNOON_DAY_HIGH_FADE_DTE2,17.16,1,40.8,HIGH,2,0,1,0,0,0,,,,
12:29:19,23461.25,23494.95,23414.0,NARROW,23494.95,23403.05,0.633,RANGE,STRONG_SELL_PREMIUM,RANGE,PREMIUM_SELL_BEAR,AFTERNOON_DAY_HIGH_FADE_DTE2,17.16,1,40.77,HIGH,2,0,1,0,0,0,,,,
12:29:34,23460.55,23494.95,23414.0,NARROW,23494.95,23403.05,0.626,RANGE,STRONG_SELL_PREMIUM,RANGE,PREMIUM_SELL_BEAR,AFTERNOON_DAY_HIGH_FADE_DTE2,17.16,1,40.74,HIGH,2,0,1,0,0,0,,,,
12:29:49,23459.35,23494.95,23414.0,NARROW,23494.95,23403.05,0.613,RANGE,STRONG_SELL_PREMIUM,RANGE,PREMIUM_SELL_BEAR,AFTERNOON_DAY_HIGH_FADE_DTE2,17.16,1,40.72,HIGH,2,0,0,0,0,0,,,,
12:30:04,23458.95,23494.95,23414.0,NARROW,23494.95,23403.05,0.608,RANGE,STRONG_SELL_PREMIUM,RANGE,PREMIUM_SELL_BEAR,AFTERNOON_DAY_HIGH_FADE_DTE2,18.42,1,40.69,HIGH,2,0,0,0,0,0,,,,
12:30:19,23459.05,23494.95,23414.0,NARROW,23494.95,23403.05,0.609,RANGE,STRONG_SELL_PREMIUM,RANGE,PREMIUM_SELL_RANGE,RANGE_RANGE_NARROW,18.42,1,40.67,HIGH,2,0,0,0,0,0,,,,
12:30:34,23456.45,23494.95,23414.0,NARROW,23494.95,23403.05,0.581,RANGE,STRONG_SELL_PREMIUM,RANGE,PREMIUM_SELL_RANGE,RANGE_RANGE_NARROW,18.42,1,40.64,HIGH,2,0,0,0,0,0,,,,
12:30:49,23455.75,23494.95,23414.0,NARROW,23494.95,23403.05,0.573,RANGE,STRONG_SELL_PREMIUM,RANGE,PREMIUM_SELL_RANGE,RANGE_RANGE_NARROW,18.42,1,40.61,HIGH,2,0,0,0,0,0,,,,
12:31:04,23455.4,23494.95,23414.0,NARROW,23494.95,23403.05,0.570,RANGE,STRONG_SELL_PREMIUM,RANGE,PREMIUM_SELL_RANGE,RANGE_RANGE_NARROW,17.42,1,40.59,HIGH,2,0,0,0,0,0,,,,
12:31:19,23452.55,23494.95,23414.0,NARROW,23494.95,23403.05,0.539,RANGE,STRONG_SELL_PREMIUM,RANGE,PREMIUM_SELL_RANGE,RANGE_RANGE_NARROW,17.42,1,40.56,HIGH,2,0,0,0,0,0,,,,
12:31:34,23453.25,23494.95,23414.0,NARROW,23494.95,23403.05,0.546,RANGE,STRONG_SELL_PREMIUM,RANGE,PREMIUM_SELL_RANGE,RANGE_RANGE_NARROW,17.42,1,40.54,HIGH,2,0,0,0,0,0,,,,
12:31:49,23451.0,23494.95,23414.0,NARROW,23494.95,23403.05,0.522,RANGE,STRONG_SELL_PREMIUM,RANGE,PREMIUM_SELL_RANGE,RANGE_RANGE_NARROW,17.42,1,40.51,HIGH,2,0,0,0,0,0,,,,
12:32:04,23453.3,23494.95,23414.0,NARROW,23494.95,23403.05,0.547,RANGE,STRONG_SELL_PREMIUM,RANGE,PREMIUM_SELL_RANGE,RANGE_RANGE_NARROW,17.42,1,40.48,HIGH,2,0,0,0,0,0,,,,
12:32:19,23455.6,23494.95,23414.0,NARROW,23494.95,23403.05,0.572,RANGE,STRONG_SELL_PREMIUM,RANGE,PREMIUM_SELL_RANGE,RANGE_RANGE_NARROW,17.42,1,40.46,HIGH,2,0,0,0,0,0,,,,
12:32:34,23457.4,23494.95,23414.0,NARROW,23494.95,23403.05,0.591,RANGE,STRONG_SELL_PREMIUM,RANGE,PREMIUM_SELL_RANGE,RANGE_RANGE_NARROW,17.42,1,40.43,HIGH,2,0,0,0,0,0,,,,
12:32:49,23456.25,23494.95,23414.0,NARROW,23494.95,23403.05,0.579,RANGE,STRONG_SELL_PREMIUM,RANGE,PREMIUM_SELL_RANGE,RANGE_RANGE_NARROW,17.42,1,40.41,HIGH,2,0,0,0,0,0,,,,
12:33:04,23453.7,23494.95,23414.0,NARROW,23494.95,23403.05,0.551,RANGE,STRONG_SELL_PREMIUM,RANGE,PREMIUM_SELL_RANGE,RANGE_RANGE_NARROW,17.42,1,40.38,HIGH,2,0,0,0,0,0,,,,
12:33:19,23454.95,23494.95,23414.0,NARROW,23494.95,23403.05,0.565,RANGE,STRONG_SELL_PREMIUM,RANGE,PREMIUM_SELL_RANGE,RANGE_RANGE_NARROW,17.42,1,40.36,HIGH,2,0,0,0,0,0,,,,
12:33:34,23456.1,23494.95,23414.0,NARROW,23494.95,23403.05,0.577,RANGE,STRONG_SELL_PREMIUM,RANGE,PREMIUM_SELL_RANGE,RANGE_RANGE_NARROW,17.42,1,40.33,HIGH,2,0,0,0,0,0,,,,
12:33:49,23457.0,23494.95,23414.0,NARROW,23494.95,23403.05,0.587,RANGE,STRONG_SELL_PREMIUM,RANGE,PREMIUM_SELL_RANGE,RANGE_RANGE_NARROW,17.42,1,40.31,HIGH,2,0,0,0,0,0,,,,
12:34:04,23457.35,23494.95,23414.0,NARROW,23494.95,23403.05,0.591,RANGE,STRONG_SELL_PREMIUM,RANGE,PREMIUM_SELL_RANGE,RANGE_RANGE_NARROW,17.23,1,40.28,HIGH,2,0,0,0,0,0,,,,
12:34:19,23455.35,23494.95,23414.0,NARROW,23494.95,23403.05,0.569,RANGE,STRONG_SELL_PREMIUM,RANGE,PREMIUM_SELL_RANGE,RANGE_RANGE_NARROW,17.23,1,40.26,HIGH,2,0,0,0,0,0,,,,
12:34:34,23455.0,23494.95,23414.0,NARROW,23494.95,23403.05,0.565,RANGE,STRONG_SELL_PREMIUM,RANGE,PREMIUM_SELL_RANGE,RANGE_RANGE_NARROW,17.23,1,40.23,HIGH,2,0,0,0,0,0,,,,
12:34:49,23450.75,23494.95,23414.0,NARROW,23494.95,23403.05,0.519,RANGE,STRONG_SELL_PREMIUM,RANGE,PREMIUM_SELL_RANGE,RANGE_RANGE_NARROW,17.23,1,40.2,HIGH,2,0,0,0,0,0,,,,
12:35:04,23451.1,23494.95,23414.0,NARROW,23494.95,23403.05,0.523,RANGE,STRONG_SELL_PREMIUM,RANGE,PREMIUM_SELL_RANGE,RANGE_RANGE_NARROW,17.29,1,40.18,HIGH,2,0,0,0,0,0,,,,
12:35:19,23450.9,23494.95,23414.0,NARROW,23494.95,23403.05,0.521,RANGE,STRONG_SELL_PREMIUM,RANGE,PREMIUM_SELL_RANGE,RANGE_RANGE_NARROW,17.29,1,40.15,HIGH,2,0,0,0,0,0,,,,
12:35:34,23450.85,23494.95,23414.0,NARROW,23494.95,23403.05,0.520,RANGE,STRONG_SELL_PREMIUM,RANGE,PREMIUM_SELL_RANGE,RANGE_RANGE_NARROW,17.29,1,40.13,HIGH,2,0,0,0,0,0,,,,
12:35:49,23450.35,23494.95,23414.0,NARROW,23494.95,23403.05,0.515,RANGE,STRONG_SELL_PREMIUM,RANGE,PREMIUM_SELL_RANGE,RANGE_RANGE_NARROW,17.29,1,40.1,HIGH,2,0,0,0,0,0,,,,
12:36:04,23452.4,23494.95,23414.0,NARROW,23494.95,23403.05,0.537,RANGE,STRONG_SELL_PREMIUM,RANGE,PREMIUM_SELL_RANGE,RANGE_RANGE_NARROW,16.66,1,40.08,HIGH,2,0,0,0,0,0,,,,
12:36:19,23451.2,23494.95,23414.0,NARROW,23494.95,23403.05,0.524,RANGE,STRONG_SELL_PREMIUM,RANGE,PREMIUM_SELL_RANGE,RANGE_RANGE_NARROW,16.66,1,40.05,HIGH,2,0,0,0,0,0,,,,
12:36:34,23451.35,23494.95,23414.0,NARROW,23494.95,23403.05,0.526,RANGE,STRONG_SELL_PREMIUM,RANGE,PREMIUM_SELL_RANGE,RANGE_RANGE_NARROW,16.66,1,40.03,HIGH,2,0,0,0,0,0,,,,
12:36:49,23447.65,23494.95,23414.0,NARROW,23494.95,23403.05,0.485,RANGE,STRONG_SELL_PREMIUM,UNCLEAR,NO_TRADE,RANGE_UNCLEAR_POSITIONING_NO_TRADE,16.66,1,40.0,HIGH,2,0,0,0,0,0,,,,
12:37:04,23446.2,23494.95,23414.0,NARROW,23494.95,23403.05,0.470,RANGE,STRONG_SELL_PREMIUM,UNCLEAR,NO_TRADE,RANGE_UNCLEAR_POSITIONING_NO_TRADE,15.95,1,39.98,HIGH,2,0,0,0,0,0,,,,
12:37:19,23444.65,23494.95,23414.0,NARROW,23494.95,23403.05,0.453,RANGE,STRONG_SELL_PREMIUM,UNCLEAR,NO_TRADE,RANGE_UNCLEAR_POSITIONING_NO_TRADE,15.95,1,39.96,HIGH,2,0,0,0,0,0,,,,
12:37:34,23444.05,23494.95,23414.0,NARROW,23494.95,23403.05,0.446,RANGE,STRONG_SELL_PREMIUM,UNCLEAR,NO_TRADE,RANGE_UNCLEAR_POSITIONING_NO_TRADE,15.95,1,39.93,HIGH,2,0,0,0,0,0,,,,
12:37:49,23442.0,23494.95,23414.0,NARROW,23494.95,23403.05,0.424,RANGE,STRONG_SELL_PREMIUM,UNCLEAR,NO_TRADE,RANGE_UNCLEAR_POSITIONING_NO_TRADE,15.95,1,39.91,HIGH,2,0,0,0,0,0,,,,
12:38:04,23442.3,23494.95,23414.0,NARROW,23494.95,23403.05,0.427,RANGE,STRONG_SELL_PREMIUM,UNCLEAR,NO_TRADE,RANGE_UNCLEAR_POSITIONING_NO_TRADE,15.91,1,39.88,HIGH,2,0,0,0,0,0,,,,
12:38:19,23443.05,23494.95,23414.0,NARROW,23494.95,23403.05,0.435,RANGE,STRONG_SELL_PREMIUM,UNCLEAR,NO_TRADE,RANGE_UNCLEAR_POSITIONING_NO_TRADE,15.91,1,39.86,HIGH,2,0,0,0,0,0,,,,
12:38:34,23443.2,23494.95,23414.0,NARROW,23494.95,23403.05,0.437,RANGE,STRONG_SELL_PREMIUM,UNCLEAR,NO_TRADE,RANGE_UNCLEAR_POSITIONING_NO_TRADE,15.91,1,39.83,HIGH,2,0,0,0,0,0,,,,
12:38:49,23442.85,23494.95,23414.0,NARROW,23494.95,23403.05,0.433,RANGE,STRONG_SELL_PREMIUM,UNCLEAR,NO_TRADE,RANGE_UNCLEAR_POSITIONING_NO_TRADE,15.91,1,39.81,HIGH,2,0,0,0,0,0,,,,
12:39:04,23442.2,23494.95,23414.0,NARROW,23494.95,23403.05,0.426,RANGE,STRONG_SELL_PREMIUM,UNCLEAR,NO_TRADE,RANGE_UNCLEAR_POSITIONING_NO_TRADE,15.67,1,39.78,HIGH,2,0,0,0,0,0,,,,
12:39:19,23441.65,23494.95,23414.0,NARROW,23494.95,23403.05,0.420,RANGE,STRONG_SELL_PREMIUM,UNCLEAR,NO_TRADE,RANGE_UNCLEAR_POSITIONING_NO_TRADE,15.67,1,39.76,HIGH,2,0,0,0,0,0,,,,
12:39:34,23442.85,23494.95,23414.0,NARROW,23494.95,23403.05,0.433,RANGE,STRONG_SELL_PREMIUM,UNCLEAR,NO_TRADE,RANGE_UNCLEAR_POSITIONING_NO_TRADE,15.67,1,39.73,HIGH,2,0,0,0,0,0,,,,
12:39:49,23445.65,23494.95,23414.0,NARROW,23494.95,23403.05,0.464,RANGE,STRONG_SELL_PREMIUM,UNCLEAR,NO_TRADE,RANGE_UNCLEAR_POSITIONING_NO_TRADE,15.67,1,39.71,HIGH,2,0,0,0,0,0,,,,
12:40:04,23448.05,23494.95,23414.0,NARROW,23494.95,23403.05,0.490,RANGE,STRONG_SELL_PREMIUM,UNCLEAR,NO_TRADE,RANGE_UNCLEAR_POSITIONING_NO_TRADE,14.27,1,39.69,HIGH,2,0,0,0,0,0,,,,
12:40:19,23449.15,23494.95,23414.0,NARROW,23494.95,23403.05,0.502,RANGE,STRONG_SELL_PREMIUM,UNCLEAR,NO_TRADE,RANGE_UNCLEAR_POSITIONING_NO_TRADE,14.27,1,39.66,HIGH,2,0,0,0,0,0,,,,
12:40:34,23450.1,23494.95,23414.0,NARROW,23494.95,23403.05,0.512,RANGE,STRONG_SELL_PREMIUM,UNCLEAR,NO_TRADE,RANGE_UNCLEAR_POSITIONING_NO_TRADE,14.27,1,39.64,HIGH,2,0,0,0,0,0,,,,
12:40:49,23450.65,23494.95,23414.0,NARROW,23494.95,23403.05,0.518,RANGE,STRONG_SELL_PREMIUM,UNCLEAR,NO_TRADE,RANGE_UNCLEAR_POSITIONING_NO_TRADE,14.27,1,39.61,HIGH,2,0,0,0,0,0,,,,
12:41:04,23451.45,23494.95,23414.0,NARROW,23494.95,23403.05,0.527,RANGE,STRONG_SELL_PREMIUM,RANGE,PREMIUM_SELL_RANGE,RANGE_RANGE_NARROW,14.38,1,39.59,HIGH,2,0,0,0,0,0,,,,
12:41:20,23450.9,23494.95,23414.0,NARROW,23494.95,23403.05,0.521,RANGE,STRONG_SELL_PREMIUM,RANGE,PREMIUM_SELL_RANGE,RANGE_RANGE_NARROW,14.38,1,39.57,HIGH,2,0,0,0,0,0,,,,
12:41:35,23450.6,23494.95,23414.0,NARROW,23494.95,23403.05,0.517,RANGE,STRONG_SELL_PREMIUM,RANGE,PREMIUM_SELL_RANGE,RANGE_RANGE_NARROW,14.38,1,39.54,HIGH,2,0,0,0,0,0,,,,
12:41:49,23445.7,23494.95,23414.0,NARROW,23494.95,23403.05,0.464,RANGE,STRONG_SELL_PREMIUM,UNCLEAR,NO_TRADE,RANGE_UNCLEAR_POSITIONING_NO_TRADE,14.38,1,39.52,HIGH,2,0,0,0,0,0,,,,
12:42:05,23445.5,23494.95,23414.0,NARROW,23494.95,23403.05,0.462,RANGE,STRONG_SELL_PREMIUM,UNCLEAR,NO_TRADE,RANGE_UNCLEAR_POSITIONING_NO_TRADE,14.82,1,39.49,HIGH,2,0,0,0,0,0,,,,
12:42:20,23452.0,23494.95,23414.0,NARROW,23494.95,23403.05,0.533,RANGE,STRONG_SELL_PREMIUM,UNCLEAR,NO_TRADE,RANGE_UNCLEAR_POSITIONING_NO_TRADE,14.82,1,39.47,HIGH,2,0,0,0,0,0,,,,
12:42:35,23454.85,23494.95,23414.0,NARROW,23494.95,23403.05,0.564,RANGE,STRONG_SELL_PREMIUM,UNCLEAR,NO_TRADE,RANGE_UNCLEAR_POSITIONING_NO_TRADE,14.82,1,39.45,HIGH,2,0,0,0,0,0,,,,
12:42:50,23453.25,23494.95,23414.0,NARROW,23494.95,23403.05,0.546,RANGE,STRONG_SELL_PREMIUM,RANGE,PREMIUM_SELL_RANGE,RANGE_RANGE_NARROW,14.82,1,39.42,HIGH,2,0,0,0,0,0,,,,
12:43:05,23453.75,23494.95,23414.0,NARROW,23494.95,23403.05,0.552,RANGE,STRONG_SELL_PREMIUM,RANGE,PREMIUM_SELL_RANGE,RANGE_RANGE_NARROW,15.48,1,39.4,HIGH,2,0,0,0,0,0,,,,
12:43:20,23457.2,23494.95,23414.0,NARROW,23494.95,23403.05,0.589,RANGE,STRONG_SELL_PREMIUM,RANGE,PREMIUM_SELL_RANGE,RANGE_RANGE_NARROW,15.48,1,39.37,HIGH,2,0,0,0,0,0,,,,
12:43:35,23458.5,23494.95,23414.0,NARROW,23494.95,23403.05,0.603,RANGE,STRONG_SELL_PREMIUM,RANGE,PREMIUM_SELL_RANGE,RANGE_RANGE_NARROW,15.48,1,39.35,HIGH,2,0,0,0,0,0,,,,
12:43:50,23459.55,23494.95,23414.0,NARROW,23494.95,23403.05,0.615,RANGE,STRONG_SELL_PREMIUM,RANGE,PREMIUM_SELL_RANGE,RANGE_RANGE_NARROW,15.48,1,39.33,HIGH,2,0,0,0,0,0,,,,
12:44:05,23458.8,23494.95,23414.0,NARROW,23494.95,23403.05,0.607,RANGE,STRONG_SELL_PREMIUM,RANGE,PREMIUM_SELL_RANGE,RANGE_RANGE_NARROW,15.55,1,39.3,HIGH,2,0,0,0,0,0,,,,
12:44:20,23459.65,23494.95,23414.0,NARROW,23494.95,23403.05,0.616,RANGE,STRONG_SELL_PREMIUM,RANGE,PREMIUM_SELL_RANGE,RANGE_RANGE_NARROW,15.55,1,39.28,HIGH,2,0,0,0,0,0,,,,
12:44:35,23458.5,23494.95,23414.0,NARROW,23494.95,23403.05,0.603,RANGE,STRONG_SELL_PREMIUM,RANGE,PREMIUM_SELL_RANGE,RANGE_RANGE_NARROW,15.55,1,39.26,HIGH,2,0,0,0,0,0,,,,
12:44:50,23459.15,23494.95,23414.0,NARROW,23494.95,23403.05,0.610,RANGE,STRONG_SELL_PREMIUM,RANGE,PREMIUM_SELL_RANGE,RANGE_RANGE_NARROW,15.55,1,39.23,HIGH,2,0,0,0,0,0,,,,
12:45:05,23461.25,23494.95,23414.0,NARROW,23494.95,23403.05,0.633,RANGE,STRONG_SELL_PREMIUM,RANGE,PREMIUM_SELL_RANGE,RANGE_RANGE_NARROW,15.85,1,39.21,HIGH,2,0,1,0,0,0,,,,
12:45:20,23461.8,23494.95,23414.0,NARROW,23494.95,23403.05,0.639,RANGE,STRONG_SELL_PREMIUM,RANGE,PREMIUM_SELL_RANGE,RANGE_RANGE_NARROW,15.85,1,39.19,HIGH,2,0,1,0,0,0,,,,
12:45:35,23461.75,23494.95,23414.0,NARROW,23494.95,23403.05,0.639,RANGE,STRONG_SELL_PREMIUM,RANGE,PREMIUM_SELL_BEAR,AFTERNOON_DAY_HIGH_FADE_DTE2,15.85,1,39.16,HIGH,2,0,1,0,0,0,,,,
12:45:50,23461.65,23494.95,23414.0,NARROW,23494.95,23403.05,0.638,RANGE,STRONG_SELL_PREMIUM,RANGE,PREMIUM_SELL_BEAR,AFTERNOON_DAY_HIGH_FADE_DTE2,15.85,1,39.14,HIGH,2,0,1,0,0,0,,,,
12:46:05,23458.8,23494.95,23414.0,NARROW,23494.95,23403.05,0.607,RANGE,STRONG_SELL_PREMIUM,RANGE,PREMIUM_SELL_BEAR,AFTERNOON_DAY_HIGH_FADE_DTE2,15.85,1,39.12,HIGH,2,0,0,0,0,0,,,,
12:46:20,23455.65,23494.95,23414.0,NARROW,23494.95,23403.05,0.572,RANGE,STRONG_SELL_PREMIUM,RANGE,PREMIUM_SELL_BEAR,AFTERNOON_DAY_HIGH_FADE_DTE2,15.85,1,39.09,HIGH,2,0,0,0,0,0,,,,
12:46:35,23455.1,23494.95,23414.0,NARROW,23494.95,23403.05,0.566,RANGE,STRONG_SELL_PREMIUM,RANGE,PREMIUM_SELL_RANGE,RANGE_RANGE_NARROW,15.85,1,39.07,HIGH,2,0,0,0,0,0,,,,
12:46:50,23455.05,23494.95,23414.0,NARROW,23494.95,23403.05,0.566,RANGE,STRONG_SELL_PREMIUM,RANGE,PREMIUM_SELL_RANGE,RANGE_RANGE_NARROW,15.85,1,39.05,HIGH,2,0,0,0,0,0,,,,
12:47:05,23453.45,23494.95,23414.0,NARROW,23494.95,23403.05,0.548,RANGE,STRONG_SELL_PREMIUM,RANGE,PREMIUM_SELL_RANGE,RANGE_RANGE_NARROW,15.85,1,39.02,HIGH,2,0,0,0,0,0,,,,
12:47:20,23449.8,23494.95,23414.0,NARROW,23494.95,23403.05,0.509,RANGE,STRONG_SELL_PREMIUM,UNCLEAR,NO_TRADE,RANGE_UNCLEAR_POSITIONING_NO_TRADE,15.85,1,39.0,HIGH,2,0,0,0,0,0,,,,
12:47:35,23451.4,23494.95,23414.0,NARROW,23494.95,23403.05,0.526,RANGE,STRONG_SELL_PREMIUM,UNCLEAR,NO_TRADE,RANGE_UNCLEAR_POSITIONING_NO_TRADE,15.85,1,38.98,HIGH,2,0,0,0,0,0,,,,
12:47:50,23453.45,23494.95,23414.0,NARROW,23494.95,23403.05,0.548,RANGE,STRONG_SELL_PREMIUM,UNCLEAR,NO_TRADE,RANGE_UNCLEAR_POSITIONING_NO_TRADE,15.85,1,38.96,HIGH,2,0,0,0,0,0,,,,
12:48:05,23454.05,23494.95,23414.0,NARROW,23494.95,23403.05,0.555,RANGE,STRONG_SELL_PREMIUM,RANGE,PREMIUM_SELL_RANGE,RANGE_RANGE_NARROW,15.85,1,38.93,HIGH,2,0,0,0,0,0,,,,
12:48:20,23452.4,23494.95,23414.0,NARROW,23494.95,23403.05,0.537,RANGE,STRONG_SELL_PREMIUM,RANGE,PREMIUM_SELL_RANGE,RANGE_RANGE_NARROW,15.85,1,38.91,HIGH,2,0,0,0,0,0,,,,
12:48:35,23451.1,23494.95,23414.0,NARROW,23494.95,23403.05,0.523,RANGE,STRONG_SELL_PREMIUM,RANGE,PREMIUM_SELL_RANGE,RANGE_RANGE_NARROW,15.85,1,38.89,HIGH,2,0,0,0,0,0,,,,
12:48:51,23453.3,23494.95,23414.0,NARROW,23494.95,23403.05,0.547,RANGE,STRONG_SELL_PREMIUM,RANGE,PREMIUM_SELL_RANGE,RANGE_RANGE_NARROW,15.85,1,38.86,HIGH,2,0,0,0,0,0,,,,
12:49:06,23457.65,23494.95,23414.0,NARROW,23494.95,23403.05,0.594,RANGE,STRONG_SELL_PREMIUM,RANGE,PREMIUM_SELL_RANGE,RANGE_RANGE_NARROW,15.85,1,38.84,HIGH,2,0,0,0,0,0,,,,
12:49:20,23459.9,23494.95,23414.0,NARROW,23494.95,23403.05,0.619,RANGE,STRONG_SELL_PREMIUM,RANGE,PREMIUM_SELL_RANGE,RANGE_RANGE_NARROW,15.85,1,38.82,HIGH,2,0,1,0,0,0,,,,
12:49:36,23459.5,23494.95,23414.0,NARROW,23494.95,23403.05,0.614,RANGE,STRONG_SELL_PREMIUM,RANGE,PREMIUM_SELL_RANGE,RANGE_RANGE_NARROW,15.85,1,38.8,HIGH,2,0,0,0,0,0,,,,
12:49:51,23458.4,23494.95,23414.0,NARROW,23494.95,23403.05,0.602,RANGE,STRONG_SELL_PREMIUM,RANGE,PREMIUM_SELL_RANGE,RANGE_RANGE_NARROW,15.85,1,38.77,HIGH,2,0,0,0,0,0,,,,
12:50:06,23457.35,23494.95,23414.0,NARROW,23494.95,23403.05,0.591,RANGE,STRONG_SELL_PREMIUM,RANGE,PREMIUM_SELL_RANGE,RANGE_RANGE_NARROW,16.13,1,38.75,HIGH,2,0,0,0,0,0,,,,
12:50:21,23456.5,23494.95,23414.0,NARROW,23494.95,23403.05,0.582,RANGE,STRONG_SELL_PREMIUM,RANGE,PREMIUM_SELL_RANGE,RANGE_RANGE_NARROW,16.13,1,38.73,HIGH,2,0,0,0,0,0,,,,
12:50:36,23458.9,23494.95,23414.0,NARROW,23494.95,23403.05,0.608,RANGE,STRONG_SELL_PREMIUM,RANGE,PREMIUM_SELL_RANGE,RANGE_RANGE_NARROW,16.13,1,38.71,HIGH,2,0,0,0,0,0,,,,
12:50:51,23458.2,23494.95,23414.0,NARROW,23494.95,23403.05,0.600,RANGE,STRONG_SELL_PREMIUM,RANGE,PREMIUM_SELL_RANGE,RANGE_RANGE_NARROW,16.13,1,38.68,HIGH,2,0,0,0,0,0,,,,
12:51:06,23459.25,23494.95,23414.0,NARROW,23494.95,23403.05,0.612,RANGE,STRONG_SELL_PREMIUM,RANGE,PREMIUM_SELL_RANGE,RANGE_RANGE_NARROW,16.13,1,38.66,HIGH,2,0,0,0,0,0,,,,
12:51:21,23459.55,23494.95,23414.0,NARROW,23494.95,23403.05,0.615,RANGE,STRONG_SELL_PREMIUM,RANGE,PREMIUM_SELL_RANGE,RANGE_RANGE_NARROW,16.13,1,38.64,HIGH,2,0,0,0,0,0,,,,
12:51:36,23457.3,23494.95,23414.0,NARROW,23494.95,23403.05,0.590,RANGE,STRONG_SELL_PREMIUM,RANGE,PREMIUM_SELL_RANGE,RANGE_RANGE_NARROW,16.13,1,38.62,HIGH,2,0,0,0,0,0,,,,
12:51:51,23457.85,23494.95,23414.0,NARROW,23494.95,23403.05,0.596,RANGE,STRONG_SELL_PREMIUM,RANGE,PREMIUM_SELL_RANGE,RANGE_RANGE_NARROW,16.13,1,38.59,HIGH,2,0,0,0,0,0,,,,
12:52:06,23460.75,23494.95,23414.0,NARROW,23494.95,23403.05,0.628,RANGE,STRONG_SELL_PREMIUM,RANGE,PREMIUM_SELL_RANGE,RANGE_RANGE_NARROW,16.13,1,38.57,HIGH,2,0,1,0,0,0,,,,
12:52:21,23459.35,23494.95,23414.0,NARROW,23494.95,23403.05,0.613,RANGE,STRONG_SELL_PREMIUM,RANGE,PREMIUM_SELL_RANGE,RANGE_RANGE_NARROW,16.13,1,38.55,HIGH,2,0,0,0,0,0,,,,
12:52:36,23460.4,23494.95,23414.0,NARROW,23494.95,23403.05,0.624,RANGE,STRONG_SELL_PREMIUM,RANGE,PREMIUM_SELL_RANGE,RANGE_RANGE_NARROW,16.13,1,38.53,HIGH,2,0,1,0,0,0,,,,
12:52:51,23458.3,23494.95,23414.0,NARROW,23494.95,23403.05,0.601,RANGE,STRONG_SELL_PREMIUM,RANGE,PREMIUM_SELL_RANGE,RANGE_RANGE_NARROW,16.13,1,38.5,HIGH,2,0,0,0,0,0,,,,
12:53:06,23456.2,23494.95,23414.0,NARROW,23494.95,23403.05,0.578,RANGE,STRONG_SELL_PREMIUM,RANGE,PREMIUM_SELL_RANGE,RANGE_RANGE_NARROW,16.13,1,38.48,HIGH,2,0,0,0,0,0,,,,
12:53:21,23455.35,23494.95,23414.0,NARROW,23494.95,23403.05,0.569,RANGE,STRONG_SELL_PREMIUM,RANGE,PREMIUM_SELL_RANGE,RANGE_RANGE_NARROW,16.13,1,38.46,HIGH,2,0,0,0,0,0,,,,
12:53:36,23454.75,23494.95,23414.0,NARROW,23494.95,23403.05,0.563,RANGE,STRONG_SELL_PREMIUM,RANGE,PREMIUM_SELL_RANGE,RANGE_RANGE_NARROW,16.13,1,38.44,HIGH,2,0,0,0,0,0,,,,
12:53:51,23455.1,23494.95,23414.0,NARROW,23494.95,23403.05,0.566,RANGE,STRONG_SELL_PREMIUM,RANGE,PREMIUM_SELL_RANGE,RANGE_RANGE_NARROW,16.13,1,38.42,HIGH,2,0,0,0,0,0,,,,
12:54:06,23455.45,23494.95,23414.0,NARROW,23494.95,23403.05,0.570,RANGE,STRONG_SELL_PREMIUM,RANGE,PREMIUM_SELL_RANGE,RANGE_RANGE_NARROW,16.13,1,38.39,HIGH,2,0,0,0,0,0,,,,
12:54:21,23453.8,23494.95,23414.0,NARROW,23494.95,23403.05,0.552,RANGE,STRONG_SELL_PREMIUM,RANGE,PREMIUM_SELL_RANGE,RANGE_RANGE_NARROW,16.13,1,38.37,HIGH,2,0,0,0,0,0,,,,
12:54:36,23453.9,23494.95,23414.0,NARROW,23494.95,23403.05,0.553,RANGE,STRONG_SELL_PREMIUM,RANGE,PREMIUM_SELL_RANGE,RANGE_RANGE_NARROW,16.13,1,38.35,HIGH,2,0,0,0,0,0,,,,
12:54:51,23451.55,23494.95,23414.0,NARROW,23494.95,23403.05,0.528,RANGE,STRONG_SELL_PREMIUM,RANGE,PREMIUM_SELL_RANGE,RANGE_RANGE_NARROW,16.13,1,38.33,HIGH,2,0,0,0,0,0,,,,
12:55:06,23452.05,23494.95,23414.0,NARROW,23494.95,23403.05,0.533,RANGE,STRONG_SELL_PREMIUM,RANGE,PREMIUM_SELL_RANGE,RANGE_RANGE_NARROW,15.43,1,38.31,HIGH,2,0,0,0,0,0,,,,
12:55:21,23451.5,23494.95,23414.0,NARROW,23494.95,23403.05,0.527,RANGE,STRONG_SELL_PREMIUM,RANGE,PREMIUM_SELL_RANGE,RANGE_RANGE_NARROW,15.43,1,38.29,HIGH,2,0,0,0,0,0,,,,
12:55:36,23450.65,23494.95,23414.0,NARROW,23494.95,23403.05,0.518,RANGE,STRONG_SELL_PREMIUM,RANGE,PREMIUM_SELL_RANGE,RANGE_RANGE_NARROW,15.43,1,38.26,HIGH,2,0,0,0,0,0,,,,
12:55:51,23448.25,23494.95,23414.0,NARROW,23494.95,23403.05,0.492,RANGE,STRONG_SELL_PREMIUM,UNCLEAR,NO_TRADE,RANGE_UNCLEAR_POSITIONING_NO_TRADE,15.43,1,38.24,HIGH,2,0,0,0,0,0,,,,
12:56:06,23447.75,23494.95,23414.0,NARROW,23494.95,23403.05,0.486,RANGE,STRONG_SELL_PREMIUM,UNCLEAR,NO_TRADE,RANGE_UNCLEAR_POSITIONING_NO_TRADE,14.97,1,38.22,HIGH,2,0,0,0,0,0,,,,
12:56:21,23445.9,23494.95,23414.0,NARROW,23494.95,23403.05,0.466,RANGE,STRONG_SELL_PREMIUM,UNCLEAR,NO_TRADE,RANGE_UNCLEAR_POSITIONING_NO_TRADE,14.97,1,38.2,HIGH,2,0,0,0,0,0,,,,
12:56:36,23443.8,23494.95,23414.0,NARROW,23494.95,23403.05,0.443,RANGE,STRONG_SELL_PREMIUM,UNCLEAR,NO_TRADE,RANGE_UNCLEAR_POSITIONING_NO_TRADE,14.97,1,38.18,HIGH,2,0,0,0,0,0,,,,
12:56:51,23445.45,23494.95,23414.0,NARROW,23494.95,23403.05,0.461,RANGE,STRONG_SELL_PREMIUM,UNCLEAR,NO_TRADE,RANGE_UNCLEAR_POSITIONING_NO_TRADE,14.97,1,38.16,HIGH,2,0,0,0,0,0,,,,
12:57:06,23446.45,23494.95,23414.0,NARROW,23494.95,23403.05,0.472,RANGE,STRONG_SELL_PREMIUM,UNCLEAR,NO_TRADE,RANGE_UNCLEAR_POSITIONING_NO_TRADE,14.97,1,38.13,HIGH,2,0,0,0,0,0,,,,
12:57:21,23446.35,23494.95,23414.0,NARROW,23494.95,23403.05,0.471,RANGE,STRONG_SELL_PREMIUM,UNCLEAR,NO_TRADE,RANGE_UNCLEAR_POSITIONING_NO_TRADE,14.97,1,38.11,HIGH,2,0,0,0,0,0,,,,
12:57:36,23445.5,23494.95,23414.0,NARROW,23494.95,23403.05,0.462,RANGE,STRONG_SELL_PREMIUM,UNCLEAR,NO_TRADE,RANGE_UNCLEAR_POSITIONING_NO_TRADE,14.97,1,38.09,HIGH,2,0,0,0,0,0,,,,
12:57:51,23448.25,23494.95,23414.0,NARROW,23494.95,23403.05,0.492,RANGE,STRONG_SELL_PREMIUM,UNCLEAR,NO_TRADE,RANGE_UNCLEAR_POSITIONING_NO_TRADE,14.97,1,38.07,HIGH,2,0,0,0,0,0,,,,
12:58:06,23449.0,23494.95,23414.0,NARROW,23494.95,23403.05,0.500,RANGE,STRONG_SELL_PREMIUM,UNCLEAR,NO_TRADE,RANGE_UNCLEAR_POSITIONING_NO_TRADE,14.97,1,38.05,HIGH,2,0,0,0,0,0,,,,
12:58:21,23447.75,23494.95,23414.0,NARROW,23494.95,23403.05,0.486,RANGE,STRONG_SELL_PREMIUM,UNCLEAR,NO_TRADE,RANGE_UNCLEAR_POSITIONING_NO_TRADE,14.97,1,38.03,HIGH,2,0,0,0,0,0,,,,
12:58:36,23446.0,23494.95,23414.0,NARROW,23494.95,23403.05,0.467,RANGE,STRONG_SELL_PREMIUM,UNCLEAR,NO_TRADE,RANGE_UNCLEAR_POSITIONING_NO_TRADE,14.97,1,38.01,HIGH,2,0,0,0,0,0,,,,
12:58:51,23444.95,23494.95,23414.0,NARROW,23494.95,23403.05,0.456,RANGE,STRONG_SELL_PREMIUM,UNCLEAR,NO_TRADE,RANGE_UNCLEAR_POSITIONING_NO_TRADE,14.97,1,37.98,HIGH,2,0,0,0,0,0,,,,
12:59:07,23445.65,23494.95,23414.0,NARROW,23494.95,23403.05,0.464,RANGE,STRONG_SELL_PREMIUM,UNCLEAR,NO_TRADE,RANGE_UNCLEAR_POSITIONING_NO_TRADE,14.95,1,37.96,HIGH,2,0,0,0,0,0,,,,
12:59:21,23441.5,23494.95,23414.0,NARROW,23494.95,23403.05,0.418,RANGE,STRONG_SELL_PREMIUM,UNCLEAR,NO_TRADE,RANGE_UNCLEAR_POSITIONING_NO_TRADE,14.95,1,37.94,HIGH,2,0,0,0,0,0,,,,
12:59:37,23443.65,23494.95,23414.0,NARROW,23494.95,23403.05,0.442,RANGE,STRONG_SELL_PREMIUM,UNCLEAR,NO_TRADE,RANGE_UNCLEAR_POSITIONING_NO_TRADE,14.95,1,37.92,HIGH,2,0,0,0,0,0,,,,
12:59:52,23439.7,23494.95,23414.0,NARROW,23494.95,23403.05,0.399,RANGE,STRONG_SELL_PREMIUM,UNCLEAR,NO_TRADE,RANGE_UNCLEAR_POSITIONING_NO_TRADE,14.95,1,37.9,HIGH,2,0,0,0,0,0,,,,
13:00:07,23438.75,23494.95,23414.0,NARROW,23494.95,23403.05,0.388,RANGE,STRONG_SELL_PREMIUM,UNCLEAR,NO_TRADE,RANGE_UNCLEAR_POSITIONING_NO_TRADE,13.88,1,37.88,HIGH,2,0,0,0,0,0,,,,
13:00:22,23439.25,23494.95,23414.0,NARROW,23494.95,23403.05,0.394,RANGE,STRONG_SELL_PREMIUM,UNCLEAR,NO_TRADE,RANGE_UNCLEAR_POSITIONING_NO_TRADE,13.88,1,37.86,HIGH,2,0,0,0,0,0,,,,
13:00:37,23439.95,23494.95,23414.0,NARROW,23494.95,23403.05,0.402,RANGE,STRONG_SELL_PREMIUM,UNCLEAR,NO_TRADE,RANGE_UNCLEAR_POSITIONING_NO_TRADE,13.88,1,37.84,HIGH,2,0,0,0,0,0,,,,
13:00:52,23440.45,23494.95,23414.0,NARROW,23494.95,23403.05,0.407,RANGE,STRONG_SELL_PREMIUM,UNCLEAR,NO_TRADE,RANGE_UNCLEAR_POSITIONING_NO_TRADE,13.88,1,37.82,HIGH,2,0,0,0,0,0,,,,
13:01:07,23434.15,23494.95,23414.0,NARROW,23494.95,23403.05,0.338,RANGE,STRONG_SELL_PREMIUM,UNCLEAR,NO_TRADE,RANGE_UNCLEAR_POSITIONING_NO_TRADE,14.65,1,37.79,HIGH,2,0,0,0,0,0,,,,
13:01:22,23433.0,23494.95,23414.0,NARROW,23494.95,23403.05,0.326,RANGE,STRONG_SELL_PREMIUM,UNCLEAR,NO_TRADE,RANGE_UNCLEAR_POSITIONING_NO_TRADE,14.65,1,37.77,HIGH,2,0,0,0,0,0,,,,
13:01:37,23434.5,23494.95,23414.0,NARROW,23494.95,23403.05,0.342,RANGE,STRONG_SELL_PREMIUM,UNCLEAR,NO_TRADE,RANGE_UNCLEAR_POSITIONING_NO_TRADE,14.65,1,37.75,HIGH,2,0,0,0,0,0,,,,
13:01:52,23434.2,23494.95,23414.0,NARROW,23494.95,23403.05,0.339,RANGE,STRONG_SELL_PREMIUM,UNCLEAR,NO_TRADE,RANGE_UNCLEAR_POSITIONING_NO_TRADE,14.65,1,37.73,HIGH,2,0,0,0,0,0,,,,
13:02:07,23434.05,23494.95,23414.0,NARROW,23494.95,23403.05,0.337,RANGE,STRONG_SELL_PREMIUM,UNCLEAR,NO_TRADE,RANGE_UNCLEAR_POSITIONING_NO_TRADE,14.65,1,37.71,HIGH,2,0,0,0,0,0,,,,
13:02:22,23436.6,23494.95,23414.0,NARROW,23494.95,23403.05,0.365,RANGE,STRONG_SELL_PREMIUM,UNCLEAR,NO_TRADE,RANGE_UNCLEAR_POSITIONING_NO_TRADE,14.65,1,37.69,HIGH,2,0,0,0,0,0,,,,
13:02:37,23439.7,23494.95,23414.0,NARROW,23494.95,23403.05,0.399,RANGE,STRONG_SELL_PREMIUM,UNCLEAR,NO_TRADE,RANGE_UNCLEAR_POSITIONING_NO_TRADE,14.65,1,37.67,HIGH,2,0,0,0,0,0,,,,
13:02:52,23441.6,23494.95,23414.0,NARROW,23494.95,23403.05,0.419,RANGE,STRONG_SELL_PREMIUM,UNCLEAR,NO_TRADE,RANGE_UNCLEAR_POSITIONING_NO_TRADE,14.65,1,37.65,HIGH,2,0,0,0,0,0,,,,
13:03:07,23440.85,23494.95,23414.0,NARROW,23494.95,23403.05,0.411,RANGE,STRONG_SELL_PREMIUM,UNCLEAR,NO_TRADE,RANGE_UNCLEAR_POSITIONING_NO_TRADE,14.65,1,37.63,HIGH,2,0,0,0,0,0,,,,
13:03:22,23441.3,23494.95,23414.0,NARROW,23494.95,23403.05,0.416,RANGE,STRONG_SELL_PREMIUM,UNCLEAR,NO_TRADE,RANGE_UNCLEAR_POSITIONING_NO_TRADE,14.65,1,37.61,HIGH,2,0,0,0,0,0,,,,
13:03:37,23437.6,23494.95,23414.0,NARROW,23494.95,23403.05,0.376,RANGE,STRONG_SELL_PREMIUM,UNCLEAR,NO_TRADE,RANGE_UNCLEAR_POSITIONING_NO_TRADE,14.65,1,37.59,HIGH,2,0,0,0,0,0,,,,
13:03:52,23439.45,23494.95,23414.0,NARROW,23494.95,23403.05,0.396,RANGE,STRONG_SELL_PREMIUM,UNCLEAR,NO_TRADE,RANGE_UNCLEAR_POSITIONING_NO_TRADE,14.65,1,37.57,HIGH,2,0,0,0,0,0,,,,
13:04:07,23437.6,23494.95,23414.0,NARROW,23494.95,23403.05,0.376,RANGE,STRONG_SELL_PREMIUM,UNCLEAR,NO_TRADE,RANGE_UNCLEAR_POSITIONING_NO_TRADE,14.65,1,37.55,HIGH,2,0,0,0,0,0,,,,
13:04:22,23438.95,23494.95,23414.0,NARROW,23494.95,23403.05,0.391,RANGE,STRONG_SELL_PREMIUM,UNCLEAR,NO_TRADE,RANGE_UNCLEAR_POSITIONING_NO_TRADE,14.65,1,37.53,HIGH,2,0,0,0,0,0,,,,
13:04:37,23439.5,23494.95,23414.0,NARROW,23494.95,23403.05,0.397,RANGE,STRONG_SELL_PREMIUM,UNCLEAR,NO_TRADE,RANGE_UNCLEAR_POSITIONING_NO_TRADE,14.65,1,37.51,HIGH,2,0,0,0,0,0,,,,
13:04:52,23438.7,23494.95,23414.0,NARROW,23494.95,23403.05,0.388,RANGE,STRONG_SELL_PREMIUM,UNCLEAR,NO_TRADE,RANGE_UNCLEAR_POSITIONING_NO_TRADE,14.65,1,37.48,HIGH,2,0,0,0,0,0,,,,
13:05:07,23438.95,23494.95,23414.0,NARROW,23494.95,23403.05,0.391,RANGE,STRONG_SELL_PREMIUM,UNCLEAR,NO_TRADE,RANGE_UNCLEAR_POSITIONING_NO_TRADE,14.7,1,37.46,HIGH,2,0,0,0,0,0,,,,
13:05:22,23439.45,23494.95,23414.0,NARROW,23494.95,23403.05,0.396,RANGE,STRONG_SELL_PREMIUM,UNCLEAR,NO_TRADE,RANGE_UNCLEAR_POSITIONING_NO_TRADE,14.7,1,37.44,HIGH,2,0,0,0,0,0,,,,
13:05:37,23439.4,23494.95,23414.0,NARROW,23494.95,23403.05,0.396,RANGE,STRONG_SELL_PREMIUM,UNCLEAR,NO_TRADE,RANGE_UNCLEAR_POSITIONING_NO_TRADE,14.7,1,37.42,HIGH,2,0,0,0,0,0,,,,
13:05:52,23430.1,23494.95,23414.0,NARROW,23494.95,23403.05,0.294,RANGE,STRONG_SELL_PREMIUM,UNCLEAR,NO_TRADE,RANGE_UNCLEAR_POSITIONING_NO_TRADE,14.7,1,37.4,HIGH,2,0,0,0,0,0,,,,
13:06:07,23431.55,23494.95,23414.0,NARROW,23494.95,23403.05,0.310,RANGE,STRONG_SELL_PREMIUM,UNCLEAR,NO_TRADE,RANGE_UNCLEAR_POSITIONING_NO_TRADE,15.54,1,37.38,HIGH,2,0,0,0,0,0,,,,
13:06:22,23427.1,23494.95,23414.0,NARROW,23494.95,23403.05,0.262,RANGE,STRONG_SELL_PREMIUM,UNCLEAR,NO_TRADE,RANGE_UNCLEAR_POSITIONING_NO_TRADE,15.54,1,37.36,HIGH,2,0,0,0,0,0,,,,
13:06:37,23425.95,23494.95,23414.0,NARROW,23494.95,23403.05,0.249,RANGE,STRONG_SELL_PREMIUM,UNCLEAR,NO_TRADE,RANGE_UNCLEAR_POSITIONING_NO_TRADE,15.54,1,37.34,HIGH,2,0,0,0,0,0,,,,
13:06:52,23424.8,23494.95,23414.0,NARROW,23494.95,23403.05,0.237,RANGE,STRONG_SELL_PREMIUM,UNCLEAR,NO_TRADE,RANGE_UNCLEAR_POSITIONING_NO_TRADE,15.54,1,37.32,HIGH,2,0,0,0,0,0,,,,
13:07:07,23427.1,23494.95,23414.0,NARROW,23494.95,23403.05,0.262,RANGE,STRONG_SELL_PREMIUM,UNCLEAR,NO_TRADE,RANGE_UNCLEAR_POSITIONING_NO_TRADE,15.54,1,37.3,HIGH,2,0,0,0,0,0,,,,
13:07:23,23428.1,23494.95,23414.0,NARROW,23494.95,23403.05,0.273,RANGE,STRONG_SELL_PREMIUM,UNCLEAR,NO_TRADE,RANGE_UNCLEAR_POSITIONING_NO_TRADE,15.54,1,37.28,HIGH,2,0,0,0,0,0,,,,
13:07:37,23427.3,23494.95,23414.0,NARROW,23494.95,23403.05,0.264,RANGE,STRONG_SELL_PREMIUM,UNCLEAR,NO_TRADE,RANGE_UNCLEAR_POSITIONING_NO_TRADE,15.54,1,37.26,HIGH,2,0,0,0,0,0,,,,
13:07:52,23428.45,23494.95,23414.0,NARROW,23494.95,23403.05,0.276,RANGE,STRONG_SELL_PREMIUM,UNCLEAR,NO_TRADE,RANGE_UNCLEAR_POSITIONING_NO_TRADE,15.54,1,37.24,HIGH,2,0,0,0,0,0,,,,
13:08:07,23429.4,23494.95,23414.0,NARROW,23494.95,23403.05,0.287,RANGE,STRONG_SELL_PREMIUM,UNCLEAR,NO_TRADE,RANGE_UNCLEAR_POSITIONING_NO_TRADE,15.54,1,37.22,HIGH,2,0,0,0,0,0,,,,
13:08:22,23430.4,23494.95,23414.0,NARROW,23494.95,23403.05,0.298,RANGE,STRONG_SELL_PREMIUM,UNCLEAR,NO_TRADE,RANGE_UNCLEAR_POSITIONING_NO_TRADE,15.54,1,37.2,HIGH,2,0,0,0,0,0,,,,
13:08:38,23430.75,23494.95,23414.0,NARROW,23494.95,23403.05,0.301,RANGE,STRONG_SELL_PREMIUM,UNCLEAR,NO_TRADE,RANGE_UNCLEAR_POSITIONING_NO_TRADE,15.54,1,37.18,HIGH,2,0,0,0,0,0,,,,
13:08:52,23431.85,23494.95,23414.0,NARROW,23494.95,23403.05,0.313,RANGE,STRONG_SELL_PREMIUM,UNCLEAR,NO_TRADE,RANGE_UNCLEAR_POSITIONING_NO_TRADE,15.54,1,37.16,HIGH,2,0,0,0,0,0,,,,
13:09:08,23434.4,23494.95,23414.0,NARROW,23494.95,23403.05,0.341,RANGE,STRONG_SELL_PREMIUM,UNCLEAR,NO_TRADE,RANGE_UNCLEAR_POSITIONING_NO_TRADE,15.54,1,37.14,HIGH,2,0,0,0,0,0,,,,
13:09:23,23436.8,23494.95,23414.0,NARROW,23494.95,23403.05,0.367,RANGE,STRONG_SELL_PREMIUM,UNCLEAR,NO_TRADE,RANGE_UNCLEAR_POSITIONING_NO_TRADE,15.54,1,37.12,HIGH,2,0,0,0,0,0,,,,
13:09:38,23439.35,23494.95,23414.0,NARROW,23494.95,23403.05,0.395,RANGE,STRONG_SELL_PREMIUM,UNCLEAR,NO_TRADE,RANGE_UNCLEAR_POSITIONING_NO_TRADE,15.54,1,37.1,HIGH,2,0,0,0,0,0,,,,
13:09:53,23436.4,23494.95,23414.0,NARROW,23494.95,23403.05,0.363,RANGE,STRONG_SELL_PREMIUM,UNCLEAR,NO_TRADE,RANGE_UNCLEAR_POSITIONING_NO_TRADE,15.54,1,37.08,HIGH,2,0,0,0,0,0,,,,
13:10:08,23438.9,23494.95,23414.0,NARROW,23494.95,23403.05,0.390,RANGE,STRONG_SELL_PREMIUM,UNCLEAR,NO_TRADE,RANGE_UNCLEAR_POSITIONING_NO_TRADE,16.34,1,37.06,HIGH,2,0,0,0,0,0,,,,
13:10:23,23434.6,23494.95,23414.0,NARROW,23494.95,23403.05,0.343,RANGE,STRONG_SELL_PREMIUM,UNCLEAR,NO_TRADE,RANGE_UNCLEAR_POSITIONING_NO_TRADE,16.34,1,37.04,HIGH,2,0,0,0,0,0,,,,
13:10:38,23437.9,23494.95,23414.0,NARROW,23494.95,23403.05,0.379,RANGE,STRONG_SELL_PREMIUM,UNCLEAR,NO_TRADE,RANGE_UNCLEAR_POSITIONING_NO_TRADE,16.34,1,37.02,HIGH,2,0,0,0,0,0,,,,
13:10:53,23439.65,23494.95,23414.0,NARROW,23494.95,23403.05,0.398,RANGE,STRONG_SELL_PREMIUM,UNCLEAR,NO_TRADE,RANGE_UNCLEAR_POSITIONING_NO_TRADE,16.34,1,37.0,HIGH,2,0,0,0,0,0,,,,
13:11:08,23441.2,23494.95,23414.0,NARROW,23494.95,23403.05,0.415,RANGE,STRONG_SELL_PREMIUM,UNCLEAR,NO_TRADE,RANGE_UNCLEAR_POSITIONING_NO_TRADE,16.15,1,36.98,HIGH,2,0,0,0,0,0,,,,
13:11:23,23438.3,23494.95,23414.0,NARROW,23494.95,23403.05,0.384,RANGE,STRONG_SELL_PREMIUM,UNCLEAR,NO_TRADE,RANGE_UNCLEAR_POSITIONING_NO_TRADE,16.15,1,36.96,HIGH,2,0,0,0,0,0,,,,
13:11:38,23439.2,23494.95,23414.0,NARROW,23494.95,23403.05,0.393,RANGE,STRONG_SELL_PREMIUM,UNCLEAR,NO_TRADE,RANGE_UNCLEAR_POSITIONING_NO_TRADE,16.15,1,36.95,HIGH,2,0,0,0,0,0,,,,
13:11:53,23440.25,23494.95,23414.0,NARROW,23494.95,23403.05,0.405,RANGE,STRONG_SELL_PREMIUM,UNCLEAR,NO_TRADE,RANGE_UNCLEAR_POSITIONING_NO_TRADE,16.15,1,36.93,HIGH,2,0,0,0,0,0,,,,
13:12:08,23439.1,23494.95,23414.0,NARROW,23494.95,23403.05,0.392,RANGE,STRONG_SELL_PREMIUM,UNCLEAR,NO_TRADE,RANGE_UNCLEAR_POSITIONING_NO_TRADE,16.15,1,36.91,HIGH,2,0,0,0,0,0,,,,
13:12:23,23437.65,23494.95,23414.0,NARROW,23494.95,23403.05,0.376,RANGE,STRONG_SELL_PREMIUM,UNCLEAR,NO_TRADE,RANGE_UNCLEAR_POSITIONING_NO_TRADE,16.15,1,36.89,HIGH,2,0,0,0,0,0,,,,
13:12:38,23434.1,23494.95,23414.0,NARROW,23494.95,23403.05,0.338,RANGE,STRONG_SELL_PREMIUM,UNCLEAR,NO_TRADE,RANGE_UNCLEAR_POSITIONING_NO_TRADE,16.15,1,36.87,HIGH,2,0,0,0,0,0,,,,
13:12:53,23435.4,23494.95,23414.0,NARROW,23494.95,23403.05,0.352,RANGE,STRONG_SELL_PREMIUM,UNCLEAR,NO_TRADE,RANGE_UNCLEAR_POSITIONING_NO_TRADE,16.15,1,36.85,HIGH,2,0,0,0,0,0,,,,
13:13:08,23435.75,23494.95,23414.0,NARROW,23494.95,23403.05,0.356,RANGE,STRONG_SELL_PREMIUM,UNCLEAR,NO_TRADE,RANGE_UNCLEAR_POSITIONING_NO_TRADE,16.15,1,36.83,HIGH,2,0,0,0,0,0,,,,
13:13:23,23437.5,23494.95,23414.0,NARROW,23494.95,23403.05,0.375,RANGE,STRONG_SELL_PREMIUM,UNCLEAR,NO_TRADE,RANGE_UNCLEAR_POSITIONING_NO_TRADE,16.15,1,36.81,HIGH,2,0,0,0,0,0,,,,
13:13:38,23438.85,23494.95,23414.0,NARROW,23494.95,23403.05,0.390,RANGE,STRONG_SELL_PREMIUM,UNCLEAR,NO_TRADE,RANGE_UNCLEAR_POSITIONING_NO_TRADE,16.15,1,36.79,HIGH,2,0,0,0,0,0,,,,
13:13:53,23438.9,23494.95,23414.0,NARROW,23494.95,23403.05,0.390,RANGE,STRONG_SELL_PREMIUM,UNCLEAR,NO_TRADE,RANGE_UNCLEAR_POSITIONING_NO_TRADE,16.15,1,36.77,HIGH,2,0,0,0,0,0,,,,
13:14:08,23441.2,23494.95,23414.0,NARROW,23494.95,23403.05,0.415,RANGE,STRONG_SELL_PREMIUM,UNCLEAR,NO_TRADE,RANGE_UNCLEAR_POSITIONING_NO_TRADE,15.07,1,36.75,HIGH,2,0,0,0,0,0,,,,
13:14:23,23440.55,23494.95,23414.0,NARROW,23494.95,23403.05,0.408,RANGE,STRONG_SELL_PREMIUM,UNCLEAR,NO_TRADE,RANGE_UNCLEAR_POSITIONING_NO_TRADE,15.07,1,36.73,HIGH,2,0,0,0,0,0,,,,
13:14:38,23443.1,23494.95,23414.0,NARROW,23494.95,23403.05,0.436,RANGE,STRONG_SELL_PREMIUM,UNCLEAR,NO_TRADE,RANGE_UNCLEAR_POSITIONING_NO_TRADE,15.07,1,36.71,HIGH,2,0,0,0,0,0,,,,
13:14:53,23446.55,23494.95,23414.0,NARROW,23494.95,23403.05,0.473,RANGE,STRONG_SELL_PREMIUM,UNCLEAR,NO_TRADE,RANGE_UNCLEAR_POSITIONING_NO_TRADE,15.07,1,36.69,HIGH,2,0,0,0,0,0,,,,
13:15:08,23449.65,23494.95,23414.0,NARROW,23494.95,23403.05,0.507,RANGE,STRONG_SELL_PREMIUM,UNCLEAR,NO_TRADE,RANGE_UNCLEAR_POSITIONING_NO_TRADE,14.18,1,36.67,HIGH,2,0,0,0,0,0,,,,
13:15:23,23445.45,23494.95,23414.0,NARROW,23494.95,23403.05,0.461,RANGE,STRONG_SELL_PREMIUM,UNCLEAR,NO_TRADE,RANGE_UNCLEAR_POSITIONING_NO_TRADE,14.18,1,36.66,HIGH,2,0,0,0,0,0,,,,
13:15:38,23439.3,23494.95,23414.0,NARROW,23494.95,23403.05,0.394,RANGE,STRONG_SELL_PREMIUM,UNCLEAR,NO_TRADE,RANGE_UNCLEAR_POSITIONING_NO_TRADE,14.18,1,36.64,HIGH,2,0,0,0,0,0,,,,
13:15:53,23440.2,23494.95,23414.0,NARROW,23494.95,23403.05,0.404,RANGE,STRONG_SELL_PREMIUM,UNCLEAR,NO_TRADE,RANGE_UNCLEAR_POSITIONING_NO_TRADE,14.18,1,36.62,HIGH,2,0,0,0,0,0,,,,
13:16:08,23442.6,23494.95,23414.0,NARROW,23494.95,23403.05,0.430,RANGE,STRONG_SELL_PREMIUM,UNCLEAR,NO_TRADE,RANGE_UNCLEAR_POSITIONING_NO_TRADE,14.18,1,36.6,HIGH,2,0,0,0,0,0,,,,
13:16:23,23438.95,23494.95,23414.0,NARROW,23494.95,23403.05,0.391,RANGE,STRONG_SELL_PREMIUM,UNCLEAR,NO_TRADE,RANGE_UNCLEAR_POSITIONING_NO_TRADE,14.18,1,36.58,HIGH,2,0,0,0,0,0,,,,
13:16:38,23440.15,23494.95,23414.0,NARROW,23494.95,23403.05,0.404,RANGE,STRONG_SELL_PREMIUM,UNCLEAR,NO_TRADE,RANGE_UNCLEAR_POSITIONING_NO_TRADE,14.18,1,36.56,HIGH,2,0,0,0,0,0,,,,
13:16:53,23439.45,23494.95,23414.0,NARROW,23494.95,23403.05,0.396,RANGE,STRONG_SELL_PREMIUM,UNCLEAR,NO_TRADE,RANGE_UNCLEAR_POSITIONING_NO_TRADE,14.18,1,36.54,HIGH,2,0,0,0,0,0,,,,
13:17:09,23442.5,23494.95,23414.0,NARROW,23494.95,23403.05,0.429,RANGE,STRONG_SELL_PREMIUM,UNCLEAR,NO_TRADE,RANGE_UNCLEAR_POSITIONING_NO_TRADE,14.18,1,36.52,HIGH,2,0,0,0,0,0,,,,
13:17:23,23441.65,23494.95,23414.0,NARROW,23494.95,23403.05,0.420,RANGE,STRONG_SELL_PREMIUM,UNCLEAR,NO_TRADE,RANGE_UNCLEAR_POSITIONING_NO_TRADE,14.18,1,36.5,HIGH,2,0,0,0,0,0,,,,
13:17:39,23441.2,23494.95,23414.0,NARROW,23494.95,23403.05,0.415,RANGE,STRONG_SELL_PREMIUM,UNCLEAR,NO_TRADE,RANGE_UNCLEAR_POSITIONING_NO_TRADE,14.18,1,36.48,HIGH,2,0,0,0,0,0,,,,
13:17:54,23440.7,23494.95,23414.0,NARROW,23494.95,23403.05,0.410,RANGE,STRONG_SELL_PREMIUM,UNCLEAR,NO_TRADE,RANGE_UNCLEAR_POSITIONING_NO_TRADE,14.18,1,36.47,HIGH,2,0,0,0,0,0,,,,
13:18:09,23442.1,23494.95,23414.0,NARROW,23494.95,23403.05,0.425,RANGE,STRONG_SELL_PREMIUM,UNCLEAR,NO_TRADE,RANGE_UNCLEAR_POSITIONING_NO_TRADE,14.18,1,36.45,HIGH,2,0,0,0,0,0,,,,
13:18:24,23442.8,23494.95,23414.0,NARROW,23494.95,23403.05,0.433,RANGE,STRONG_SELL_PREMIUM,UNCLEAR,NO_TRADE,RANGE_UNCLEAR_POSITIONING_NO_TRADE,14.18,1,36.43,HIGH,2,0,0,0,0,0,,,,
13:18:39,23442.45,23494.95,23414.0,NARROW,23494.95,23403.05,0.429,RANGE,STRONG_SELL_PREMIUM,UNCLEAR,NO_TRADE,RANGE_UNCLEAR_POSITIONING_NO_TRADE,14.18,1,36.41,HIGH,2,0,0,0,0,0,,,,
13:18:54,23443.1,23494.95,23414.0,NARROW,23494.95,23403.05,0.436,RANGE,STRONG_SELL_PREMIUM,UNCLEAR,NO_TRADE,RANGE_UNCLEAR_POSITIONING_NO_TRADE,14.18,1,36.39,HIGH,2,0,0,0,0,0,,,,
13:19:09,23441.1,23494.95,23414.0,NARROW,23494.95,23403.05,0.414,RANGE,STRONG_SELL_PREMIUM,UNCLEAR,NO_TRADE,RANGE_UNCLEAR_POSITIONING_NO_TRADE,14.18,1,36.37,HIGH,2,0,0,0,0,0,,,,
13:19:24,23441.1,23494.95,23414.0,NARROW,23494.95,23403.05,0.414,RANGE,STRONG_SELL_PREMIUM,UNCLEAR,NO_TRADE,RANGE_UNCLEAR_POSITIONING_NO_TRADE,14.18,1,36.35,HIGH,2,0,0,0,0,0,,,,
13:19:39,23438.95,23494.95,23414.0,NARROW,23494.95,23403.05,0.391,RANGE,STRONG_SELL_PREMIUM,UNCLEAR,NO_TRADE,RANGE_UNCLEAR_POSITIONING_NO_TRADE,14.18,1,36.33,HIGH,2,0,0,0,0,0,,,,
13:19:54,23435.75,23494.95,23414.0,NARROW,23494.95,23403.05,0.356,RANGE,STRONG_SELL_PREMIUM,UNCLEAR,NO_TRADE,RANGE_UNCLEAR_POSITIONING_NO_TRADE,14.18,1,36.32,HIGH,2,0,0,0,0,0,,,,
13:20:09,23436.4,23494.95,23414.0,NARROW,23494.95,23403.05,0.363,RANGE,STRONG_SELL_PREMIUM,UNCLEAR,NO_TRADE,RANGE_UNCLEAR_POSITIONING_NO_TRADE,13.72,1,36.3,HIGH,2,0,0,0,0,0,,,,
13:20:24,23435.6,23494.95,23414.0,NARROW,23494.95,23403.05,0.354,RANGE,STRONG_SELL_PREMIUM,UNCLEAR,NO_TRADE,RANGE_UNCLEAR_POSITIONING_NO_TRADE,13.72,1,36.28,HIGH,2,0,0,0,0,0,,,,
13:20:39,23435.5,23494.95,23414.0,NARROW,23494.95,23403.05,0.353,RANGE,STRONG_SELL_PREMIUM,UNCLEAR,NO_TRADE,RANGE_UNCLEAR_POSITIONING_NO_TRADE,13.72,1,36.26,HIGH,2,0,0,0,0,0,,,,
13:20:54,23434.25,23494.95,23414.0,NARROW,23494.95,23403.05,0.339,RANGE,STRONG_SELL_PREMIUM,UNCLEAR,NO_TRADE,RANGE_UNCLEAR_POSITIONING_NO_TRADE,13.72,1,36.24,HIGH,2,0,0,0,0,0,,,,
13:21:09,23435.4,23494.95,23414.0,NARROW,23494.95,23403.05,0.352,RANGE,STRONG_SELL_PREMIUM,UNCLEAR,NO_TRADE,RANGE_UNCLEAR_POSITIONING_NO_TRADE,13.72,1,36.22,HIGH,2,0,0,0,0,0,,,,
13:21:23,23438.25,23494.95,23414.0,NARROW,23494.95,23403.05,0.383,RANGE,STRONG_SELL_PREMIUM,UNCLEAR,NO_TRADE,RANGE_UNCLEAR_POSITIONING_NO_TRADE,13.72,1,36.21,HIGH,2,0,0,0,0,0,,,,
13:21:38,23442.0,23494.95,23414.0,NARROW,23494.95,23403.05,0.424,RANGE,STRONG_SELL_PREMIUM,UNCLEAR,NO_TRADE,RANGE_UNCLEAR_POSITIONING_NO_TRADE,13.72,1,36.19,HIGH,2,0,0,0,0,0,,,,
13:21:53,23440.7,23494.95,23414.0,NARROW,23494.95,23403.05,0.410,RANGE,STRONG_SELL_PREMIUM,UNCLEAR,NO_TRADE,RANGE_UNCLEAR_POSITIONING_NO_TRADE,13.72,1,36.17,HIGH,2,0,0,0,0,0,,,,
13:22:08,23441.55,23494.95,23414.0,NARROW,23494.95,23403.05,0.419,RANGE,STRONG_SELL_PREMIUM,UNCLEAR,NO_TRADE,RANGE_UNCLEAR_POSITIONING_NO_TRADE,13.72,1,36.15,HIGH,2,0,0,0,0,0,,,,
13:22:23,23441.15,23494.95,23414.0,NARROW,23494.95,23403.05,0.415,RANGE,STRONG_SELL_PREMIUM,UNCLEAR,NO_TRADE,RANGE_UNCLEAR_POSITIONING_NO_TRADE,13.72,1,36.13,HIGH,2,0,0,0,0,0,,,,
13:22:38,23439.65,23494.95,23414.0,NARROW,23494.95,23403.05,0.398,RANGE,STRONG_SELL_PREMIUM,UNCLEAR,NO_TRADE,RANGE_UNCLEAR_POSITIONING_NO_TRADE,13.72,1,36.12,HIGH,2,0,0,0,0,0,,,,
13:22:53,23437.45,23494.95,23414.0,NARROW,23494.95,23403.05,0.374,RANGE,STRONG_SELL_PREMIUM,UNCLEAR,NO_TRADE,RANGE_UNCLEAR_POSITIONING_NO_TRADE,13.72,1,36.1,HIGH,2,0,0,0,0,0,,,,
13:23:08,23436.65,23494.95,23414.0,NARROW,23494.95,23403.05,0.366,RANGE,STRONG_SELL_PREMIUM,UNCLEAR,NO_TRADE,RANGE_UNCLEAR_POSITIONING_NO_TRADE,13.72,1,36.08,HIGH,2,0,0,0,0,0,,,,
13:23:23,23438.65,23494.95,23414.0,NARROW,23494.95,23403.05,0.387,RANGE,STRONG_SELL_PREMIUM,UNCLEAR,NO_TRADE,RANGE_UNCLEAR_POSITIONING_NO_TRADE,13.72,1,36.06,HIGH,2,0,0,0,0,0,,,,
13:23:38,23437.8,23494.95,23414.0,NARROW,23494.95,23403.05,0.378,RANGE,STRONG_SELL_PREMIUM,UNCLEAR,NO_TRADE,RANGE_UNCLEAR_POSITIONING_NO_TRADE,13.72,1,36.04,HIGH,2,0,0,0,0,0,,,,
13:23:53,23438.2,23494.95,23414.0,NARROW,23494.95,23403.05,0.382,RANGE,STRONG_SELL_PREMIUM,UNCLEAR,NO_TRADE,RANGE_UNCLEAR_POSITIONING_NO_TRADE,13.72,1,36.02,HIGH,2,0,0,0,0,0,,,,
13:24:08,23440.5,23494.95,23414.0,NARROW,23494.95,23403.05,0.408,RANGE,STRONG_SELL_PREMIUM,UNCLEAR,NO_TRADE,RANGE_UNCLEAR_POSITIONING_NO_TRADE,13.72,1,36.01,HIGH,2,0,0,0,0,0,,,,
13:24:23,23439.4,23494.95,23414.0,NARROW,23494.95,23403.05,0.396,RANGE,STRONG_SELL_PREMIUM,UNCLEAR,NO_TRADE,RANGE_UNCLEAR_POSITIONING_NO_TRADE,13.72,1,35.99,HIGH,2,0,0,0,0,0,,,,
13:24:38,23438.9,23494.95,23414.0,NARROW,23494.95,23403.05,0.390,RANGE,STRONG_SELL_PREMIUM,UNCLEAR,NO_TRADE,RANGE_UNCLEAR_POSITIONING_NO_TRADE,13.72,1,35.97,HIGH,2,0,0,0,0,0,,,,
13:24:53,23438.9,23494.95,23414.0,NARROW,23494.95,23403.05,0.390,RANGE,STRONG_SELL_PREMIUM,UNCLEAR,NO_TRADE,RANGE_UNCLEAR_POSITIONING_NO_TRADE,13.72,1,35.95,HIGH,2,0,0,0,0,0,,,,
13:25:08,23442.8,23494.95,23414.0,NARROW,23494.95,23403.05,0.433,RANGE,STRONG_SELL_PREMIUM,UNCLEAR,NO_TRADE,RANGE_UNCLEAR_POSITIONING_NO_TRADE,13.18,1,35.93,HIGH,2,0,0,0,0,0,,,,
13:25:23,23441.95,23494.95,23414.0,NARROW,23494.95,23403.05,0.423,RANGE,STRONG_SELL_PREMIUM,UNCLEAR,NO_TRADE,RANGE_UNCLEAR_POSITIONING_NO_TRADE,13.18,1,35.92,HIGH,2,0,0,0,0,0,,,,
13:25:38,23442.55,23494.95,23414.0,NARROW,23494.95,23403.05,0.430,RANGE,STRONG_SELL_PREMIUM,UNCLEAR,NO_TRADE,RANGE_UNCLEAR_POSITIONING_NO_TRADE,13.18,1,35.9,HIGH,2,0,0,0,0,0,,,,
13:25:53,23439.85,23494.95,23414.0,NARROW,23494.95,23403.05,0.400,RANGE,STRONG_SELL_PREMIUM,UNCLEAR,NO_TRADE,RANGE_UNCLEAR_POSITIONING_NO_TRADE,13.18,1,35.88,HIGH,2,0,0,0,0,0,,,,
13:26:08,23438.7,23494.95,23414.0,NARROW,23494.95,23403.05,0.388,RANGE,STRONG_SELL_PREMIUM,UNCLEAR,NO_TRADE,RANGE_UNCLEAR_POSITIONING_NO_TRADE,13.18,1,35.86,HIGH,2,0,0,0,0,0,,,,
13:26:23,23437.05,23494.95,23414.0,NARROW,23494.95,23403.05,0.370,RANGE,STRONG_SELL_PREMIUM,UNCLEAR,NO_TRADE,RANGE_UNCLEAR_POSITIONING_NO_TRADE,13.18,1,35.84,HIGH,2,0,0,0,0,0,,,,
13:26:38,23438.3,23494.95,23414.0,NARROW,23494.95,23403.05,0.384,RANGE,STRONG_SELL_PREMIUM,UNCLEAR,NO_TRADE,RANGE_UNCLEAR_POSITIONING_NO_TRADE,13.18,1,35.83,HIGH,2,0,0,0,0,0,,,,
13:26:53,23437.8,23494.95,23414.0,NARROW,23494.95,23403.05,0.378,RANGE,STRONG_SELL_PREMIUM,UNCLEAR,NO_TRADE,RANGE_UNCLEAR_POSITIONING_NO_TRADE,13.18,1,35.81,HIGH,2,0,0,0,0,0,,,,
13:27:08,23435.6,23494.95,23414.0,NARROW,23494.95,23403.05,0.354,RANGE,STRONG_SELL_PREMIUM,UNCLEAR,NO_TRADE,RANGE_UNCLEAR_POSITIONING_NO_TRADE,13.18,1,35.79,HIGH,2,0,0,0,0,0,,,,
13:27:23,23437.15,23494.95,23414.0,NARROW,23494.95,23403.05,0.371,RANGE,STRONG_SELL_PREMIUM,UNCLEAR,NO_TRADE,RANGE_UNCLEAR_POSITIONING_NO_TRADE,13.18,1,35.77,HIGH,2,0,0,0,0,0,,,,
13:27:39,23436.6,23494.95,23414.0,NARROW,23494.95,23403.05,0.365,RANGE,STRONG_SELL_PREMIUM,UNCLEAR,NO_TRADE,RANGE_UNCLEAR_POSITIONING_NO_TRADE,13.18,1,35.76,HIGH,2,0,0,0,0,0,,,,
13:27:53,23435.0,23494.95,23414.0,NARROW,23494.95,23403.05,0.348,RANGE,STRONG_SELL_PREMIUM,UNCLEAR,NO_TRADE,RANGE_UNCLEAR_POSITIONING_NO_TRADE,13.18,1,35.74,HIGH,2,0,0,0,0,0,,,,
13:28:08,23433.45,23494.95,23414.0,NARROW,23494.95,23403.05,0.331,RANGE,STRONG_SELL_PREMIUM,UNCLEAR,NO_TRADE,RANGE_UNCLEAR_POSITIONING_NO_TRADE,13.18,1,35.72,HIGH,2,0,0,0,0,0,,,,
13:28:24,23433.55,23494.95,23414.0,NARROW,23494.95,23403.05,0.332,RANGE,STRONG_SELL_PREMIUM,UNCLEAR,NO_TRADE,RANGE_UNCLEAR_POSITIONING_NO_TRADE,13.18,1,35.7,HIGH,2,0,0,0,0,0,,,,
13:28:39,23435.35,23494.95,23414.0,NARROW,23494.95,23403.05,0.351,RANGE,STRONG_SELL_PREMIUM,UNCLEAR,NO_TRADE,RANGE_UNCLEAR_POSITIONING_NO_TRADE,13.18,1,35.68,HIGH,2,0,0,0,0,0,,,,
13:28:54,23436.35,23494.95,23414.0,NARROW,23494.95,23403.05,0.362,RANGE,STRONG_SELL_PREMIUM,UNCLEAR,NO_TRADE,RANGE_UNCLEAR_POSITIONING_NO_TRADE,13.18,1,35.67,HIGH,2,0,0,0,0,0,,,,
13:29:09,23435.5,23494.95,23414.0,NARROW,23494.95,23403.05,0.353,RANGE,STRONG_SELL_PREMIUM,UNCLEAR,NO_TRADE,RANGE_UNCLEAR_POSITIONING_NO_TRADE,13.9,1,35.65,HIGH,2,0,0,0,0,0,,,,
13:29:24,23433.85,23494.95,23414.0,NARROW,23494.95,23403.05,0.335,RANGE,STRONG_SELL_PREMIUM,UNCLEAR,NO_TRADE,RANGE_UNCLEAR_POSITIONING_NO_TRADE,13.9,1,35.63,HIGH,2,0,0,0,0,0,,,,
13:29:39,23429.35,23494.95,23414.0,NARROW,23494.95,23403.05,0.286,RANGE,STRONG_SELL_PREMIUM,UNCLEAR,NO_TRADE,RANGE_UNCLEAR_POSITIONING_NO_TRADE,13.9,1,35.61,HIGH,2,0,0,0,0,0,,,,
13:29:54,23430.85,23494.95,23414.0,NARROW,23494.95,23403.05,0.303,RANGE,STRONG_SELL_PREMIUM,UNCLEAR,NO_TRADE,RANGE_UNCLEAR_POSITIONING_NO_TRADE,13.9,1,35.6,HIGH,2,0,0,0,0,0,,,,
13:30:09,23428.95,23494.95,23414.0,NARROW,23494.95,23403.05,0.282,RANGE,STRONG_SELL_PREMIUM,UNCLEAR,NO_TRADE,RANGE_UNCLEAR_POSITIONING_NO_TRADE,14.7,1,35.58,HIGH,2,0,0,0,0,0,,,,
13:30:24,23427.35,23494.95,23414.0,NARROW,23494.95,23403.05,0.264,RANGE,STRONG_SELL_PREMIUM,UNCLEAR,NO_TRADE,RANGE_UNCLEAR_POSITIONING_NO_TRADE,14.7,1,35.56,HIGH,2,0,0,0,0,0,,,,
13:30:39,23428.75,23494.95,23414.0,NARROW,23494.95,23403.05,0.280,RANGE,STRONG_SELL_PREMIUM,UNCLEAR,NO_TRADE,RANGE_UNCLEAR_POSITIONING_NO_TRADE,14.7,1,35.54,HIGH,2,0,0,0,0,0,,,,
13:30:54,23429.4,23494.95,23414.0,NARROW,23494.95,23403.05,0.287,RANGE,STRONG_SELL_PREMIUM,UNCLEAR,NO_TRADE,RANGE_UNCLEAR_POSITIONING_NO_TRADE,14.7,1,35.53,HIGH,2,0,0,0,0,0,,,,
13:31:09,23430.6,23494.95,23414.0,NARROW,23494.95,23403.05,0.300,RANGE,STRONG_SELL_PREMIUM,UNCLEAR,NO_TRADE,RANGE_UNCLEAR_POSITIONING_NO_TRADE,14.7,1,35.51,HIGH,2,0,0,0,0,0,,,,
13:31:24,23431.45,23494.95,23414.0,NARROW,23494.95,23403.05,0.309,RANGE,STRONG_SELL_PREMIUM,UNCLEAR,NO_TRADE,RANGE_UNCLEAR_POSITIONING_NO_TRADE,14.7,1,35.49,HIGH,2,0,0,0,0,0,,,,
13:31:39,23432.25,23494.95,23414.0,NARROW,23494.95,23403.05,0.318,RANGE,STRONG_SELL_PREMIUM,UNCLEAR,NO_TRADE,RANGE_UNCLEAR_POSITIONING_NO_TRADE,14.7,1,35.48,HIGH,2,0,0,0,0,0,,,,
13:31:54,23432.25,23494.95,23414.0,NARROW,23494.95,23403.05,0.318,RANGE,STRONG_SELL_PREMIUM,UNCLEAR,NO_TRADE,RANGE_UNCLEAR_POSITIONING_NO_TRADE,14.7,1,35.46,HIGH,2,0,0,0,0,0,,,,
13:32:09,23432.25,23494.95,23414.0,NARROW,23494.95,23403.05,0.318,RANGE,STRONG_SELL_PREMIUM,UNCLEAR,NO_TRADE,RANGE_UNCLEAR_POSITIONING_NO_TRADE,14.7,1,35.44,HIGH,2,0,0,0,0,0,,,,
13:32:24,23433.4,23494.95,23414.0,NARROW,23494.95,23403.05,0.330,RANGE,STRONG_SELL_PREMIUM,UNCLEAR,NO_TRADE,RANGE_UNCLEAR_POSITIONING_NO_TRADE,14.7,1,35.42,HIGH,2,0,0,0,0,0,,,,
13:32:39,23433.4,23494.95,23414.0,NARROW,23494.95,23403.05,0.330,RANGE,STRONG_SELL_PREMIUM,UNCLEAR,NO_TRADE,RANGE_UNCLEAR_POSITIONING_NO_TRADE,14.7,1,35.41,HIGH,2,0,0,0,0,0,,,,
13:32:54,23431.6,23494.95,23414.0,NARROW,23494.95,23403.05,0.311,RANGE,STRONG_SELL_PREMIUM,UNCLEAR,NO_TRADE,RANGE_UNCLEAR_POSITIONING_NO_TRADE,14.7,1,35.39,HIGH,2,0,0,0,0,0,,,,
13:33:09,23428.05,23494.95,23414.0,NARROW,23494.95,23403.05,0.272,RANGE,STRONG_SELL_PREMIUM,UNCLEAR,NO_TRADE,RANGE_UNCLEAR_POSITIONING_NO_TRADE,14.7,1,35.37,HIGH,2,0,0,0,0,0,,,,
13:33:24,23427.05,23494.95,23414.0,NARROW,23494.95,23403.05,0.261,RANGE,STRONG_SELL_PREMIUM,UNCLEAR,NO_TRADE,RANGE_UNCLEAR_POSITIONING_NO_TRADE,14.7,1,35.35,HIGH,2,0,0,0,0,0,,,,
13:33:39,23425.5,23494.95,23414.0,NARROW,23494.95,23403.05,0.244,RANGE,STRONG_SELL_PREMIUM,UNCLEAR,NO_TRADE,RANGE_UNCLEAR_POSITIONING_NO_TRADE,14.7,1,35.34,HIGH,2,0,0,0,0,0,,,,
13:33:54,23426.85,23494.95,23414.0,NARROW,23494.95,23403.05,0.259,RANGE,STRONG_SELL_PREMIUM,UNCLEAR,NO_TRADE,RANGE_UNCLEAR_POSITIONING_NO_TRADE,14.7,1,35.32,HIGH,2,0,0,0,0,0,,,,
13:34:09,23427.95,23494.95,23414.0,NARROW,23494.95,23403.05,0.271,RANGE,STRONG_SELL_PREMIUM,UNCLEAR,NO_TRADE,RANGE_UNCLEAR_POSITIONING_NO_TRADE,14.7,1,35.3,HIGH,2,0,0,0,0,0,,,,
13:34:24,23427.2,23494.95,23414.0,NARROW,23494.95,23403.05,0.263,RANGE,STRONG_SELL_PREMIUM,UNCLEAR,NO_TRADE,RANGE_UNCLEAR_POSITIONING_NO_TRADE,14.7,1,35.29,HIGH,2,0,0,0,0,0,,,,
13:34:39,23427.35,23494.95,23414.0,NARROW,23494.95,23403.05,0.264,RANGE,STRONG_SELL_PREMIUM,UNCLEAR,NO_TRADE,RANGE_UNCLEAR_POSITIONING_NO_TRADE,14.7,1,35.27,HIGH,2,0,0,0,0,0,,,,
13:34:54,23427.95,23494.95,23414.0,NARROW,23494.95,23403.05,0.271,RANGE,STRONG_SELL_PREMIUM,UNCLEAR,NO_TRADE,RANGE_UNCLEAR_POSITIONING_NO_TRADE,14.7,1,35.25,HIGH,2,0,0,0,0,0,,,,
13:35:09,23428.5,23494.95,23414.0,NARROW,23494.95,23403.05,0.277,RANGE,STRONG_SELL_PREMIUM,UNCLEAR,NO_TRADE,RANGE_UNCLEAR_POSITIONING_NO_TRADE,15.42,1,35.24,HIGH,2,0,0,0,0,0,,,,
13:35:24,23429.8,23494.95,23414.0,NARROW,23494.95,23403.05,0.291,RANGE,STRONG_SELL_PREMIUM,UNCLEAR,NO_TRADE,RANGE_UNCLEAR_POSITIONING_NO_TRADE,15.42,1,35.22,HIGH,2,0,0,0,0,0,,,,
13:35:39,23429.35,23494.95,23414.0,NARROW,23494.95,23403.05,0.286,RANGE,STRONG_SELL_PREMIUM,UNCLEAR,NO_TRADE,RANGE_UNCLEAR_POSITIONING_NO_TRADE,15.42,1,35.2,HIGH,2,0,0,0,0,0,,,,
13:35:54,23429.15,23494.95,23414.0,NARROW,23494.95,23403.05,0.284,RANGE,STRONG_SELL_PREMIUM,UNCLEAR,NO_TRADE,RANGE_UNCLEAR_POSITIONING_NO_TRADE,15.42,1,35.18,HIGH,2,0,0,0,0,0,,,,
13:36:09,23430.0,23494.95,23414.0,NARROW,23494.95,23403.05,0.293,RANGE,STRONG_SELL_PREMIUM,UNCLEAR,NO_TRADE,RANGE_UNCLEAR_POSITIONING_NO_TRADE,15.42,1,35.17,HIGH,2,0,0,0,0,0,,,,
13:36:24,23429.5,23494.95,23414.0,NARROW,23494.95,23403.05,0.288,RANGE,STRONG_SELL_PREMIUM,UNCLEAR,NO_TRADE,RANGE_UNCLEAR_POSITIONING_NO_TRADE,15.42,1,35.15,HIGH,2,0,0,0,0,0,,,,
13:36:39,23429.15,23494.95,23414.0,NARROW,23494.95,23403.05,0.284,RANGE,STRONG_SELL_PREMIUM,UNCLEAR,NO_TRADE,RANGE_UNCLEAR_POSITIONING_NO_TRADE,15.42,1,35.13,HIGH,2,0,0,0,0,0,,,,
13:36:54,23429.4,23494.95,23414.0,NARROW,23494.95,23403.05,0.287,RANGE,STRONG_SELL_PREMIUM,UNCLEAR,NO_TRADE,RANGE_UNCLEAR_POSITIONING_NO_TRADE,15.42,1,35.12,HIGH,2,0,0,0,0,0,,,,
13:37:09,23430.6,23494.95,23414.0,NARROW,23494.95,23403.05,0.300,RANGE,STRONG_SELL_PREMIUM,UNCLEAR,NO_TRADE,RANGE_UNCLEAR_POSITIONING_NO_TRADE,15.42,1,35.1,HIGH,2,0,0,0,0,0,,,,
13:37:24,23430.2,23494.95,23414.0,NARROW,23494.95,23403.05,0.295,RANGE,STRONG_SELL_PREMIUM,UNCLEAR,NO_TRADE,RANGE_UNCLEAR_POSITIONING_NO_TRADE,15.42,1,35.08,HIGH,2,0,0,0,0,0,,,,
13:37:39,23428.75,23494.95,23414.0,NARROW,23494.95,23403.05,0.280,RANGE,STRONG_SELL_PREMIUM,UNCLEAR,NO_TRADE,RANGE_UNCLEAR_POSITIONING_NO_TRADE,15.42,1,35.07,HIGH,2,0,0,0,0,0,,,,
13:37:54,23428.95,23494.95,23414.0,NARROW,23494.95,23403.05,0.282,RANGE,STRONG_SELL_PREMIUM,UNCLEAR,NO_TRADE,RANGE_UNCLEAR_POSITIONING_NO_TRADE,15.42,1,35.05,HIGH,2,0,0,0,0,0,,,,
13:38:09,23433.9,23494.95,23414.0,NARROW,23494.95,23403.05,0.336,RANGE,STRONG_SELL_PREMIUM,UNCLEAR,NO_TRADE,RANGE_UNCLEAR_POSITIONING_NO_TRADE,14.91,1,35.03,HIGH,2,0,0,0,0,0,,,,
13:38:25,23434.05,23494.95,23414.0,NARROW,23494.95,23403.05,0.337,RANGE,STRONG_SELL_PREMIUM,UNCLEAR,NO_TRADE,RANGE_UNCLEAR_POSITIONING_NO_TRADE,14.91,1,35.02,HIGH,2,0,0,0,0,0,,,,
13:38:40,23434.8,23494.95,23414.0,NARROW,23494.95,23403.05,0.345,RANGE,STRONG_SELL_PREMIUM,UNCLEAR,NO_TRADE,RANGE_UNCLEAR_POSITIONING_NO_TRADE,14.91,1,35.0,HIGH,2,0,0,0,0,0,,,,
13:38:55,23435.2,23494.95,23414.0,NARROW,23494.95,23403.05,0.350,RANGE,STRONG_SELL_PREMIUM,UNCLEAR,NO_TRADE,RANGE_UNCLEAR_POSITIONING_NO_TRADE,14.91,1,34.98,HIGH,2,0,0,0,0,0,,,,
13:39:10,23439.15,23494.95,23414.0,NARROW,23494.95,23403.05,0.393,RANGE,STRONG_SELL_PREMIUM,UNCLEAR,NO_TRADE,RANGE_UNCLEAR_POSITIONING_NO_TRADE,14.28,1,34.97,HIGH,2,0,0,0,0,0,,,,
13:39:25,23434.85,23494.95,23414.0,NARROW,23494.95,23403.05,0.346,RANGE,STRONG_SELL_PREMIUM,UNCLEAR,NO_TRADE,RANGE_UNCLEAR_POSITIONING_NO_TRADE,14.28,1,34.95,HIGH,2,0,0,0,0,0,,,,
13:39:40,23438.5,23494.95,23414.0,NARROW,23494.95,23403.05,0.386,RANGE,STRONG_SELL_PREMIUM,UNCLEAR,NO_TRADE,RANGE_UNCLEAR_POSITIONING_NO_TRADE,14.28,1,34.93,HIGH,2,0,0,0,0,0,,,,
13:39:55,23439.5,23494.95,23414.0,NARROW,23494.95,23403.05,0.397,RANGE,STRONG_SELL_PREMIUM,UNCLEAR,NO_TRADE,RANGE_UNCLEAR_POSITIONING_NO_TRADE,14.28,1,34.92,HIGH,2,0,0,0,0,0,,,,
13:40:10,23441.45,23494.95,23414.0,NARROW,23494.95,23403.05,0.418,RANGE,STRONG_SELL_PREMIUM,UNCLEAR,NO_TRADE,RANGE_UNCLEAR_POSITIONING_NO_TRADE,13.03,1,34.9,HIGH,2,0,0,0,0,0,,,,
13:40:25,23443.25,23494.95,23414.0,NARROW,23494.95,23403.05,0.437,RANGE,STRONG_SELL_PREMIUM,UNCLEAR,NO_TRADE,RANGE_UNCLEAR_POSITIONING_NO_TRADE,13.03,1,34.88,HIGH,2,0,0,0,0,0,,,,
13:40:40,23443.35,23494.95,23414.0,NARROW,23494.95,23403.05,0.439,RANGE,STRONG_SELL_PREMIUM,UNCLEAR,NO_TRADE,RANGE_UNCLEAR_POSITIONING_NO_TRADE,13.03,1,34.87,HIGH,2,0,0,0,0,0,,,,
13:40:55,23443.4,23494.95,23414.0,NARROW,23494.95,23403.05,0.439,RANGE,STRONG_SELL_PREMIUM,UNCLEAR,NO_TRADE,RANGE_UNCLEAR_POSITIONING_NO_TRADE,13.03,1,34.85,HIGH,2,0,0,0,0,0,,,,
13:41:10,23444.55,23494.95,23414.0,NARROW,23494.95,23403.05,0.452,RANGE,STRONG_SELL_PREMIUM,UNCLEAR,NO_TRADE,RANGE_UNCLEAR_POSITIONING_NO_TRADE,12.98,1,34.84,HIGH,2,0,0,0,0,0,,,,
13:41:25,23444.15,23494.95,23414.0,NARROW,23494.95,23403.05,0.447,RANGE,STRONG_SELL_PREMIUM,UNCLEAR,NO_TRADE,RANGE_UNCLEAR_POSITIONING_NO_TRADE,12.98,1,34.82,HIGH,2,0,0,0,0,0,,,,
13:41:40,23443.55,23494.95,23414.0,NARROW,23494.95,23403.05,0.441,RANGE,STRONG_SELL_PREMIUM,UNCLEAR,NO_TRADE,RANGE_UNCLEAR_POSITIONING_NO_TRADE,12.98,1,34.8,HIGH,2,0,0,0,0,0,,,,
13:41:55,23441.1,23494.95,23414.0,NARROW,23494.95,23403.05,0.414,RANGE,STRONG_SELL_PREMIUM,UNCLEAR,NO_TRADE,RANGE_UNCLEAR_POSITIONING_NO_TRADE,12.98,1,34.79,HIGH,2,0,0,0,0,0,,,,
13:42:10,23444.6,23494.95,23414.0,NARROW,23494.95,23403.05,0.452,RANGE,STRONG_SELL_PREMIUM,UNCLEAR,NO_TRADE,RANGE_UNCLEAR_POSITIONING_NO_TRADE,12.98,1,34.77,HIGH,2,0,0,0,0,0,,,,
13:42:25,23443.5,23494.95,23414.0,NARROW,23494.95,23403.05,0.440,RANGE,STRONG_SELL_PREMIUM,UNCLEAR,NO_TRADE,RANGE_UNCLEAR_POSITIONING_NO_TRADE,12.98,1,34.75,HIGH,2,0,0,0,0,0,,,,
13:42:40,23443.45,23494.95,23414.0,NARROW,23494.95,23403.05,0.440,RANGE,STRONG_SELL_PREMIUM,UNCLEAR,NO_TRADE,RANGE_UNCLEAR_POSITIONING_NO_TRADE,12.98,1,34.74,HIGH,2,0,0,0,0,0,,,,
13:42:55,23441.3,23494.95,23414.0,NARROW,23494.95,23403.05,0.416,RANGE,STRONG_SELL_PREMIUM,UNCLEAR,NO_TRADE,RANGE_UNCLEAR_POSITIONING_NO_TRADE,12.98,1,34.72,HIGH,2,0,0,0,0,0,,,,
13:43:10,23441.85,23494.95,23414.0,NARROW,23494.95,23403.05,0.422,RANGE,STRONG_SELL_PREMIUM,UNCLEAR,NO_TRADE,RANGE_UNCLEAR_POSITIONING_NO_TRADE,12.98,1,34.7,HIGH,2,0,0,0,0,0,,,,
13:43:25,23440.95,23494.95,23414.0,NARROW,23494.95,23403.05,0.412,RANGE,STRONG_SELL_PREMIUM,UNCLEAR,NO_TRADE,RANGE_UNCLEAR_POSITIONING_NO_TRADE,12.98,1,34.69,HIGH,2,0,0,0,0,0,,,,
13:43:40,23440.95,23494.95,23414.0,NARROW,23494.95,23403.05,0.412,RANGE,STRONG_SELL_PREMIUM,UNCLEAR,NO_TRADE,RANGE_UNCLEAR_POSITIONING_NO_TRADE,12.98,1,34.67,HIGH,2,0,0,0,0,0,,,,
13:43:55,23438.1,23494.95,23414.0,NARROW,23494.95,23403.05,0.381,RANGE,STRONG_SELL_PREMIUM,UNCLEAR,NO_TRADE,RANGE_UNCLEAR_POSITIONING_NO_TRADE,12.98,1,34.66,HIGH,2,0,0,0,0,0,,,,
13:44:10,23439.7,23494.95,23414.0,NARROW,23494.95,23403.05,0.399,RANGE,STRONG_SELL_PREMIUM,UNCLEAR,NO_TRADE,RANGE_UNCLEAR_POSITIONING_NO_TRADE,12.98,1,34.64,HIGH,2,0,0,0,0,0,,,,
13:44:25,23438.15,23494.95,23414.0,NARROW,23494.95,23403.05,0.382,RANGE,STRONG_SELL_PREMIUM,UNCLEAR,NO_TRADE,RANGE_UNCLEAR_POSITIONING_NO_TRADE,12.98,1,34.62,HIGH,2,0,0,0,0,0,,,,
13:44:40,23439.65,23494.95,23414.0,NARROW,23494.95,23403.05,0.398,RANGE,STRONG_SELL_PREMIUM,UNCLEAR,NO_TRADE,RANGE_UNCLEAR_POSITIONING_NO_TRADE,12.98,1,34.61,HIGH,2,0,0,0,0,0,,,,
13:44:55,23440.6,23494.95,23414.0,NARROW,23494.95,23403.05,0.409,RANGE,STRONG_SELL_PREMIUM,UNCLEAR,NO_TRADE,RANGE_UNCLEAR_POSITIONING_NO_TRADE,12.98,1,34.59,HIGH,2,0,0,0,0,0,,,,
13:45:10,23439.7,23494.95,23414.0,NARROW,23494.95,23403.05,0.399,RANGE,STRONG_SELL_PREMIUM,UNCLEAR,NO_TRADE,RANGE_UNCLEAR_POSITIONING_NO_TRADE,12.18,1,34.58,HIGH,2,0,0,0,0,0,,,,
13:45:25,23436.05,23494.95,23414.0,NARROW,23494.95,23403.05,0.359,RANGE,STRONG_SELL_PREMIUM,UNCLEAR,NO_TRADE,RANGE_UNCLEAR_POSITIONING_NO_TRADE,12.18,1,34.56,HIGH,2,0,0,0,0,0,,,,
13:45:40,23435.95,23494.95,23414.0,NARROW,23494.95,23403.05,0.358,RANGE,STRONG_SELL_PREMIUM,UNCLEAR,NO_TRADE,RANGE_UNCLEAR_POSITIONING_NO_TRADE,12.18,1,34.54,HIGH,2,0,0,0,0,0,,,,
13:45:55,23433.8,23494.95,23414.0,NARROW,23494.95,23403.05,0.335,RANGE,STRONG_SELL_PREMIUM,UNCLEAR,NO_TRADE,RANGE_UNCLEAR_POSITIONING_NO_TRADE,12.18,1,34.53,HIGH,2,0,0,0,0,0,,,,
13:46:10,23434.8,23494.95,23414.0,NARROW,23494.95,23403.05,0.345,RANGE,STRONG_SELL_PREMIUM,UNCLEAR,NO_TRADE,RANGE_UNCLEAR_POSITIONING_NO_TRADE,12.39,1,34.51,HIGH,2,0,0,0,0,0,,,,
13:46:26,23433.6,23494.95,23414.0,NARROW,23494.95,23403.05,0.332,RANGE,STRONG_SELL_PREMIUM,UNCLEAR,NO_TRADE,RANGE_UNCLEAR_POSITIONING_NO_TRADE,12.39,1,34.5,HIGH,2,0,0,0,0,0,,,,
13:46:41,23433.85,23494.95,23414.0,NARROW,23494.95,23403.05,0.335,RANGE,STRONG_SELL_PREMIUM,UNCLEAR,NO_TRADE,RANGE_UNCLEAR_POSITIONING_NO_TRADE,12.39,1,34.48,HIGH,2,0,0,0,0,0,,,,
13:46:55,23433.9,23494.95,23414.0,NARROW,23494.95,23403.05,0.336,RANGE,STRONG_SELL_PREMIUM,UNCLEAR,NO_TRADE,RANGE_UNCLEAR_POSITIONING_NO_TRADE,12.39,1,34.46,HIGH,2,0,0,0,0,0,,,,
13:47:11,23436.35,23494.95,23414.0,NARROW,23494.95,23403.05,0.362,RANGE,STRONG_SELL_PREMIUM,UNCLEAR,NO_TRADE,RANGE_UNCLEAR_POSITIONING_NO_TRADE,12.39,1,34.45,HIGH,2,0,0,0,0,0,,,,
13:47:26,23434.2,23494.95,23414.0,NARROW,23494.95,23403.05,0.339,RANGE,STRONG_SELL_PREMIUM,UNCLEAR,NO_TRADE,RANGE_UNCLEAR_POSITIONING_NO_TRADE,12.39,1,34.43,HIGH,2,0,0,0,0,0,,,,
13:47:41,23434.95,23494.95,23414.0,NARROW,23494.95,23403.05,0.347,RANGE,STRONG_SELL_PREMIUM,UNCLEAR,NO_TRADE,RANGE_UNCLEAR_POSITIONING_NO_TRADE,12.39,1,34.42,HIGH,2,0,0,0,0,0,,,,
13:47:56,23434.9,23494.95,23414.0,NARROW,23494.95,23403.05,0.347,RANGE,STRONG_SELL_PREMIUM,UNCLEAR,NO_TRADE,RANGE_UNCLEAR_POSITIONING_NO_TRADE,12.39,1,34.4,HIGH,2,0,0,0,0,0,,,,
13:48:11,23433.1,23494.95,23414.0,NARROW,23494.95,23403.05,0.327,RANGE,STRONG_SELL_PREMIUM,UNCLEAR,NO_TRADE,RANGE_UNCLEAR_POSITIONING_NO_TRADE,13.0,1,34.39,HIGH,2,0,0,0,0,0,,,,
13:48:26,23432.75,23494.95,23414.0,NARROW,23494.95,23403.05,0.323,RANGE,STRONG_SELL_PREMIUM,UNCLEAR,NO_TRADE,RANGE_UNCLEAR_POSITIONING_NO_TRADE,13.0,1,34.37,HIGH,2,0,0,0,0,0,,,,
13:48:41,23431.0,23494.95,23414.0,NARROW,23494.95,23403.05,0.304,RANGE,STRONG_SELL_PREMIUM,UNCLEAR,NO_TRADE,RANGE_UNCLEAR_POSITIONING_NO_TRADE,13.0,1,34.35,HIGH,2,0,0,0,0,0,,,,
13:48:56,23429.0,23494.95,23414.0,NARROW,23494.95,23403.05,0.282,RANGE,STRONG_SELL_PREMIUM,UNCLEAR,NO_TRADE,RANGE_UNCLEAR_POSITIONING_NO_TRADE,13.0,1,34.34,HIGH,2,0,0,0,0,0,,,,
13:49:11,23433.9,23494.95,23414.0,NARROW,23494.95,23403.05,0.336,RANGE,STRONG_SELL_PREMIUM,UNCLEAR,NO_TRADE,RANGE_UNCLEAR_POSITIONING_NO_TRADE,13.0,1,34.32,HIGH,2,0,0,0,0,0,,,,
13:49:26,23435.0,23494.95,23414.0,NARROW,23494.95,23403.05,0.348,RANGE,STRONG_SELL_PREMIUM,UNCLEAR,NO_TRADE,RANGE_UNCLEAR_POSITIONING_NO_TRADE,13.0,1,34.31,HIGH,2,0,0,0,0,0,,,,
13:49:41,23433.8,23494.95,23414.0,NARROW,23494.95,23403.05,0.335,RANGE,STRONG_SELL_PREMIUM,UNCLEAR,NO_TRADE,RANGE_UNCLEAR_POSITIONING_NO_TRADE,13.0,1,34.29,HIGH,2,0,0,0,0,0,,,,
13:49:56,23431.65,23494.95,23414.0,NARROW,23494.95,23403.05,0.311,RANGE,STRONG_SELL_PREMIUM,UNCLEAR,NO_TRADE,RANGE_UNCLEAR_POSITIONING_NO_TRADE,13.0,1,34.28,HIGH,2,0,0,0,0,0,,,,
13:50:11,23433.25,23494.95,23414.0,NARROW,23494.95,23403.05,0.329,RANGE,STRONG_SELL_PREMIUM,UNCLEAR,NO_TRADE,RANGE_UNCLEAR_POSITIONING_NO_TRADE,13.03,1,34.26,HIGH,2,0,0,0,0,0,,,,
13:50:26,23433.05,23494.95,23414.0,NARROW,23494.95,23403.05,0.326,RANGE,STRONG_SELL_PREMIUM,UNCLEAR,NO_TRADE,RANGE_UNCLEAR_POSITIONING_NO_TRADE,13.03,1,34.24,HIGH,2,0,0,0,0,0,,,,
13:50:41,23432.2,23494.95,23414.0,NARROW,23494.95,23403.05,0.317,RANGE,STRONG_SELL_PREMIUM,UNCLEAR,NO_TRADE,RANGE_UNCLEAR_POSITIONING_NO_TRADE,13.03,1,34.23,HIGH,2,0,0,0,0,0,,,,
13:50:56,23431.4,23494.95,23414.0,NARROW,23494.95,23403.05,0.308,RANGE,STRONG_SELL_PREMIUM,UNCLEAR,NO_TRADE,RANGE_UNCLEAR_POSITIONING_NO_TRADE,13.03,1,34.21,HIGH,2,0,0,0,0,0,,,,
13:51:11,23430.75,23494.95,23414.0,NARROW,23494.95,23403.05,0.301,RANGE,STRONG_SELL_PREMIUM,UNCLEAR,NO_TRADE,RANGE_UNCLEAR_POSITIONING_NO_TRADE,13.03,1,34.2,HIGH,2,0,0,0,0,0,,,,
13:51:26,23432.65,23494.95,23414.0,NARROW,23494.95,23403.05,0.322,RANGE,STRONG_SELL_PREMIUM,UNCLEAR,NO_TRADE,RANGE_UNCLEAR_POSITIONING_NO_TRADE,13.03,1,34.18,HIGH,2,0,0,0,0,0,,,,
13:51:41,23435.05,23494.95,23414.0,NARROW,23494.95,23403.05,0.348,RANGE,STRONG_SELL_PREMIUM,UNCLEAR,NO_TRADE,RANGE_UNCLEAR_POSITIONING_NO_TRADE,13.03,1,34.17,HIGH,2,0,0,0,0,0,,,,
13:51:56,23433.55,23494.95,23414.0,NARROW,23494.95,23403.05,0.332,RANGE,STRONG_SELL_PREMIUM,UNCLEAR,NO_TRADE,RANGE_UNCLEAR_POSITIONING_NO_TRADE,13.03,1,34.15,HIGH,2,0,0,0,0,0,,,,
13:52:11,23435.85,23494.95,23414.0,NARROW,23494.95,23403.05,0.357,RANGE,STRONG_SELL_PREMIUM,UNCLEAR,NO_TRADE,RANGE_UNCLEAR_POSITIONING_NO_TRADE,13.03,1,34.14,HIGH,2,0,0,0,0,0,,,,
13:52:26,23435.25,23494.95,23414.0,NARROW,23494.95,23403.05,0.350,RANGE,STRONG_SELL_PREMIUM,UNCLEAR,NO_TRADE,RANGE_UNCLEAR_POSITIONING_NO_TRADE,13.03,1,34.12,HIGH,2,0,0,0,0,0,,,,
13:52:41,23435.15,23494.95,23414.0,NARROW,23494.95,23403.05,0.349,RANGE,STRONG_SELL_PREMIUM,UNCLEAR,NO_TRADE,RANGE_UNCLEAR_POSITIONING_NO_TRADE,13.03,1,34.11,HIGH,2,0,0,0,0,0,,,,
13:52:56,23435.2,23494.95,23414.0,NARROW,23494.95,23403.05,0.350,RANGE,STRONG_SELL_PREMIUM,UNCLEAR,NO_TRADE,RANGE_UNCLEAR_POSITIONING_NO_TRADE,13.03,1,34.09,HIGH,2,0,0,0,0,0,,,,
13:53:11,23436.0,23494.95,23414.0,NARROW,23494.95,23403.05,0.359,RANGE,STRONG_SELL_PREMIUM,UNCLEAR,NO_TRADE,RANGE_UNCLEAR_POSITIONING_NO_TRADE,13.03,1,34.07,HIGH,2,0,0,0,0,0,,,,
13:53:26,23433.75,23494.95,23414.0,NARROW,23494.95,23403.05,0.334,RANGE,STRONG_SELL_PREMIUM,UNCLEAR,NO_TRADE,RANGE_UNCLEAR_POSITIONING_NO_TRADE,13.03,1,34.06,HIGH,2,0,0,0,0,0,,,,
13:53:41,23434.9,23494.95,23414.0,NARROW,23494.95,23403.05,0.347,RANGE,STRONG_SELL_PREMIUM,UNCLEAR,NO_TRADE,RANGE_UNCLEAR_POSITIONING_NO_TRADE,13.03,1,34.04,HIGH,2,0,0,0,0,0,,,,
13:53:56,23433.9,23494.95,23414.0,NARROW,23494.95,23403.05,0.336,RANGE,STRONG_SELL_PREMIUM,UNCLEAR,NO_TRADE,RANGE_UNCLEAR_POSITIONING_NO_TRADE,13.03,1,34.03,HIGH,2,0,0,0,0,0,,,,
13:54:11,23435.8,23494.95,23414.0,NARROW,23494.95,23403.05,0.356,RANGE,STRONG_SELL_PREMIUM,UNCLEAR,NO_TRADE,RANGE_UNCLEAR_POSITIONING_NO_TRADE,13.03,1,34.01,HIGH,2,0,0,0,0,0,,,,
13:54:26,23431.85,23494.95,23414.0,NARROW,23494.95,23403.05,0.313,RANGE,STRONG_SELL_PREMIUM,UNCLEAR,NO_TRADE,RANGE_UNCLEAR_POSITIONING_NO_TRADE,13.03,1,34.0,HIGH,2,0,0,0,0,0,,,,
13:54:41,23433.2,23494.95,23414.0,NARROW,23494.95,23403.05,0.328,RANGE,STRONG_SELL_PREMIUM,UNCLEAR,NO_TRADE,RANGE_UNCLEAR_POSITIONING_NO_TRADE,13.03,1,33.98,HIGH,2,0,0,0,0,0,,,,
13:54:56,23431.25,23494.95,23414.0,NARROW,23494.95,23403.05,0.307,RANGE,STRONG_SELL_PREMIUM,UNCLEAR,NO_TRADE,RANGE_UNCLEAR_POSITIONING_NO_TRADE,13.03,1,33.97,HIGH,2,0,0,0,0,0,,,,
13:55:11,23431.45,23494.95,23414.0,NARROW,23494.95,23403.05,0.309,RANGE,STRONG_SELL_PREMIUM,UNCLEAR,NO_TRADE,RANGE_UNCLEAR_POSITIONING_NO_TRADE,13.77,1,33.95,HIGH,2,0,0,0,0,0,,,,
13:55:26,23429.4,23494.95,23414.0,NARROW,23494.95,23403.05,0.287,RANGE,STRONG_SELL_PREMIUM,UNCLEAR,NO_TRADE,RANGE_UNCLEAR_POSITIONING_NO_TRADE,13.77,1,33.94,HIGH,2,0,0,0,0,0,,,,
13:55:41,23428.05,23494.95,23414.0,NARROW,23494.95,23403.05,0.272,RANGE,STRONG_SELL_PREMIUM,UNCLEAR,NO_TRADE,RANGE_UNCLEAR_POSITIONING_NO_TRADE,13.77,1,33.92,HIGH,2,0,0,0,0,0,,,,
13:55:56,23426.55,23494.95,23414.0,NARROW,23494.95,23403.05,0.256,RANGE,STRONG_SELL_PREMIUM,UNCLEAR,NO_TRADE,RANGE_UNCLEAR_POSITIONING_NO_TRADE,13.77,1,33.91,HIGH,2,0,0,0,0,0,,,,
13:56:11,23425.6,23494.95,23414.0,NARROW,23494.95,23403.05,0.245,RANGE,STRONG_SELL_PREMIUM,UNCLEAR,NO_TRADE,RANGE_UNCLEAR_POSITIONING_NO_TRADE,13.92,1,33.89,HIGH,2,0,0,0,0,0,,,,
13:56:27,23425.2,23494.95,23414.0,NARROW,23494.95,23403.05,0.241,RANGE,STRONG_SELL_PREMIUM,UNCLEAR,NO_TRADE,RANGE_UNCLEAR_POSITIONING_NO_TRADE,13.92,1,33.88,HIGH,2,0,0,0,0,0,,,,
13:56:41,23426.1,23494.95,23414.0,NARROW,23494.95,23403.05,0.251,RANGE,STRONG_SELL_PREMIUM,UNCLEAR,NO_TRADE,RANGE_UNCLEAR_POSITIONING_NO_TRADE,13.92,1,33.86,HIGH,2,0,0,0,0,0,,,,
13:56:57,23424.5,23494.95,23414.0,NARROW,23494.95,23403.05,0.233,RANGE,STRONG_SELL_PREMIUM,UNCLEAR,NO_TRADE,RANGE_UNCLEAR_POSITIONING_NO_TRADE,13.92,1,33.85,HIGH,2,0,0,0,0,0,,,,
13:57:12,23427.5,23494.95,23414.0,NARROW,23494.95,23403.05,0.266,RANGE,STRONG_SELL_PREMIUM,UNCLEAR,NO_TRADE,RANGE_UNCLEAR_POSITIONING_NO_TRADE,14.06,1,33.83,HIGH,2,0,0,0,0,0,,,,
13:57:27,23424.0,23494.95,23414.0,NARROW,23494.95,23403.05,0.228,RANGE,STRONG_SELL_PREMIUM,UNCLEAR,NO_TRADE,RANGE_UNCLEAR_POSITIONING_NO_TRADE,14.06,1,33.82,HIGH,2,0,0,0,0,0,,,,
13:57:42,23425.05,23494.95,23414.0,NARROW,23494.95,23403.05,0.239,RANGE,STRONG_SELL_PREMIUM,UNCLEAR,NO_TRADE,RANGE_UNCLEAR_POSITIONING_NO_TRADE,14.06,1,33.8,HIGH,2,0,0,0,0,0,,,,
13:57:57,23426.25,23494.95,23414.0,NARROW,23494.95,23403.05,0.252,RANGE,STRONG_SELL_PREMIUM,UNCLEAR,NO_TRADE,RANGE_UNCLEAR_POSITIONING_NO_TRADE,14.06,1,33.79,HIGH,2,0,0,0,0,0,,,,
13:58:12,23427.0,23494.95,23414.0,NARROW,23494.95,23403.05,0.261,RANGE,STRONG_SELL_PREMIUM,UNCLEAR,NO_TRADE,RANGE_UNCLEAR_POSITIONING_NO_TRADE,14.06,1,33.77,HIGH,2,0,0,0,0,0,,,,
13:58:27,23425.55,23494.95,23414.0,NARROW,23494.95,23403.05,0.245,RANGE,STRONG_SELL_PREMIUM,UNCLEAR,NO_TRADE,RANGE_UNCLEAR_POSITIONING_NO_TRADE,14.06,1,33.76,HIGH,2,0,0,0,0,0,,,,
13:58:42,23426.5,23494.95,23414.0,NARROW,23494.95,23403.05,0.255,RANGE,STRONG_SELL_PREMIUM,UNCLEAR,NO_TRADE,RANGE_UNCLEAR_POSITIONING_NO_TRADE,14.06,1,33.74,HIGH,2,0,0,0,0,0,,,,
13:58:57,23426.65,23494.95,23414.0,NARROW,23494.95,23403.05,0.257,RANGE,STRONG_SELL_PREMIUM,UNCLEAR,NO_TRADE,RANGE_UNCLEAR_POSITIONING_NO_TRADE,14.06,1,33.73,HIGH,2,0,0,0,0,0,,,,
13:59:12,23425.4,23494.95,23414.0,NARROW,23494.95,23403.05,0.243,RANGE,STRONG_SELL_PREMIUM,UNCLEAR,NO_TRADE,RANGE_UNCLEAR_POSITIONING_NO_TRADE,14.07,1,33.71,HIGH,2,0,0,0,0,0,,,,
13:59:27,23423.95,23494.95,23414.0,NARROW,23494.95,23403.05,0.227,RANGE,STRONG_SELL_PREMIUM,UNCLEAR,NO_TRADE,RANGE_UNCLEAR_POSITIONING_NO_TRADE,14.07,1,33.7,HIGH,2,0,0,0,0,0,,,,
13:59:42,23425.3,23494.95,23414.0,NARROW,23494.95,23403.05,0.242,RANGE,STRONG_SELL_PREMIUM,UNCLEAR,NO_TRADE,RANGE_UNCLEAR_POSITIONING_NO_TRADE,14.07,1,33.68,HIGH,2,0,0,0,0,0,,,,
13:59:57,23425.1,23494.95,23414.0,NARROW,23494.95,23403.05,0.240,RANGE,STRONG_SELL_PREMIUM,UNCLEAR,NO_TRADE,RANGE_UNCLEAR_POSITIONING_NO_TRADE,14.07,1,33.67,HIGH,2,0,0,0,0,0,,,,
14:00:12,23428.5,23494.95,23414.0,NARROW,23494.95,23403.05,0.277,RANGE,STRONG_SELL_PREMIUM,UNCLEAR,NO_TRADE,RANGE_UNCLEAR_POSITIONING_NO_TRADE,15.0,1,33.65,HIGH,2,0,0,0,0,0,,,,
14:00:27,23428.2,23494.95,23414.0,NARROW,23494.95,23403.05,0.274,RANGE,STRONG_SELL_PREMIUM,UNCLEAR,NO_TRADE,RANGE_UNCLEAR_POSITIONING_NO_TRADE,15.0,1,33.64,HIGH,2,0,0,0,0,0,,,,
14:00:42,23428.35,23494.95,23414.0,NARROW,23494.95,23403.05,0.275,RANGE,STRONG_SELL_PREMIUM,UNCLEAR,NO_TRADE,RANGE_UNCLEAR_POSITIONING_NO_TRADE,15.0,1,33.62,HIGH,2,0,0,0,0,0,NO_TRADE,,RANGE_UNCLEAR_POSITIONING_NO_TRADE,
14:00:57,23428.4,23494.95,23414.0,NARROW,23494.95,23403.05,0.276,RANGE,STRONG_SELL_PREMIUM,UNCLEAR,NO_TRADE,RANGE_UNCLEAR_POSITIONING_NO_TRADE,15.0,1,33.61,HIGH,2,0,0,0,0,0,NO_TRADE,,RANGE_UNCLEAR_POSITIONING_NO_TRADE,
14:01:12,23428.5,23494.95,23414.0,NARROW,23494.95,23403.05,0.277,RANGE,STRONG_SELL_PREMIUM,UNCLEAR,NO_TRADE,RANGE_UNCLEAR_POSITIONING_NO_TRADE,15.0,1,33.59,HIGH,2,0,0,0,0,0,NO_TRADE,,RANGE_UNCLEAR_POSITIONING_NO_TRADE,
14:01:27,23427.95,23494.95,23414.0,NARROW,23494.95,23403.05,0.271,RANGE,STRONG_SELL_PREMIUM,UNCLEAR,NO_TRADE,RANGE_UNCLEAR_POSITIONING_NO_TRADE,15.0,1,33.58,HIGH,2,0,0,0,0,0,NO_TRADE,,RANGE_UNCLEAR_POSITIONING_NO_TRADE,
14:01:42,23427.6,23494.95,23414.0,NARROW,23494.95,23403.05,0.267,RANGE,STRONG_SELL_PREMIUM,UNCLEAR,NO_TRADE,RANGE_UNCLEAR_POSITIONING_NO_TRADE,15.0,1,33.56,HIGH,2,0,0,0,0,0,NO_TRADE,,RANGE_UNCLEAR_POSITIONING_NO_TRADE,
14:01:57,23426.1,23494.95,23414.0,NARROW,23494.95,23403.05,0.251,RANGE,STRONG_SELL_PREMIUM,UNCLEAR,NO_TRADE,RANGE_UNCLEAR_POSITIONING_NO_TRADE,15.0,1,33.55,HIGH,2,0,0,0,0,0,NO_TRADE,,RANGE_UNCLEAR_POSITIONING_NO_TRADE,
14:02:12,23426.25,23494.95,23414.0,NARROW,23494.95,23403.05,0.252,RANGE,STRONG_SELL_PREMIUM,UNCLEAR,NO_TRADE,RANGE_UNCLEAR_POSITIONING_NO_TRADE,15.09,1,33.54,HIGH,2,0,0,0,0,0,NO_TRADE,,RANGE_UNCLEAR_POSITIONING_NO_TRADE,
14:02:27,23425.2,23494.95,23414.0,NARROW,23494.95,23403.05,0.241,RANGE,STRONG_SELL_PREMIUM,UNCLEAR,NO_TRADE,RANGE_UNCLEAR_POSITIONING_NO_TRADE,15.09,1,33.52,HIGH,2,0,0,0,0,0,NO_TRADE,,RANGE_UNCLEAR_POSITIONING_NO_TRADE,
14:02:42,23424.2,23494.95,23414.0,NARROW,23494.95,23403.05,0.230,RANGE,STRONG_SELL_PREMIUM,UNCLEAR,NO_TRADE,RANGE_UNCLEAR_POSITIONING_NO_TRADE,15.09,1,33.51,HIGH,2,0,0,0,0,0,NO_TRADE,,RANGE_UNCLEAR_POSITIONING_NO_TRADE,
14:02:57,23423.75,23494.95,23414.0,NARROW,23494.95,23403.05,0.225,RANGE,STRONG_SELL_PREMIUM,UNCLEAR,NO_TRADE,RANGE_UNCLEAR_POSITIONING_NO_TRADE,15.09,1,33.49,HIGH,2,0,0,0,0,0,NO_TRADE,,RANGE_UNCLEAR_POSITIONING_NO_TRADE,
14:03:12,23422.1,23494.95,23414.0,NARROW,23494.95,23403.05,0.207,RANGE,STRONG_SELL_PREMIUM,UNCLEAR,NO_TRADE,RANGE_UNCLEAR_POSITIONING_NO_TRADE,15.57,1,33.48,HIGH,2,0,0,0,0,0,NO_TRADE,,RANGE_UNCLEAR_POSITIONING_NO_TRADE,
14:03:27,23421.15,23494.95,23414.0,NARROW,23494.95,23403.05,0.197,RANGE,STRONG_SELL_PREMIUM,UNCLEAR,NO_TRADE,RANGE_UNCLEAR_POSITIONING_NO_TRADE,15.57,1,33.46,HIGH,2,0,0,0,0,0,NO_TRADE,,RANGE_UNCLEAR_POSITIONING_NO_TRADE,
14:03:42,23421.8,23494.95,23414.0,NARROW,23494.95,23403.05,0.204,RANGE,STRONG_SELL_PREMIUM,UNCLEAR,NO_TRADE,RANGE_UNCLEAR_POSITIONING_NO_TRADE,15.57,1,33.45,HIGH,2,0,0,0,0,0,NO_TRADE,,RANGE_UNCLEAR_POSITIONING_NO_TRADE,
14:03:57,23420.3,23494.95,23414.0,NARROW,23494.95,23403.05,0.188,RANGE,STRONG_SELL_PREMIUM,UNCLEAR,NO_TRADE,RANGE_UNCLEAR_POSITIONING_NO_TRADE,15.57,1,33.43,HIGH,2,0,0,0,0,0,NO_TRADE,,RANGE_UNCLEAR_POSITIONING_NO_TRADE,
14:04:12,23420.5,23494.95,23414.0,NARROW,23494.95,23403.05,0.190,RANGE,STRONG_SELL_PREMIUM,UNCLEAR,NO_TRADE,RANGE_UNCLEAR_POSITIONING_NO_TRADE,15.86,1,33.42,HIGH,2,0,0,0,0,0,NO_TRADE,,RANGE_UNCLEAR_POSITIONING_NO_TRADE,
14:04:27,23419.3,23494.95,23414.0,NARROW,23494.95,23403.05,0.177,RANGE,STRONG_SELL_PREMIUM,UNCLEAR,NO_TRADE,RANGE_UNCLEAR_POSITIONING_NO_TRADE,15.86,1,33.4,HIGH,2,0,0,0,0,0,NO_TRADE,,RANGE_UNCLEAR_POSITIONING_NO_TRADE,
14:04:42,23420.6,23494.95,23414.0,NARROW,23494.95,23403.05,0.191,RANGE,STRONG_SELL_PREMIUM,UNCLEAR,NO_TRADE,RANGE_UNCLEAR_POSITIONING_NO_TRADE,15.86,1,33.39,HIGH,2,0,0,0,0,0,NO_TRADE,,RANGE_UNCLEAR_POSITIONING_NO_TRADE,
14:04:57,23419.95,23494.95,23414.0,NARROW,23494.95,23403.05,0.184,RANGE,STRONG_SELL_PREMIUM,UNCLEAR,NO_TRADE,RANGE_UNCLEAR_POSITIONING_NO_TRADE,15.86,1,33.38,HIGH,2,0,0,0,0,0,NO_TRADE,,RANGE_UNCLEAR_POSITIONING_NO_TRADE,
14:05:12,23416.1,23494.95,23414.0,NARROW,23494.95,23403.05,0.142,RANGE,STRONG_SELL_PREMIUM,UNCLEAR,NO_TRADE,RANGE_UNCLEAR_POSITIONING_NO_TRADE,17.9,1,33.36,HIGH,2,0,0,0,0,0,NO_TRADE,,RANGE_UNCLEAR_POSITIONING_NO_TRADE,
14:05:27,23414.25,23494.95,23414.0,NARROW,23494.95,23403.05,0.122,RANGE,STRONG_SELL_PREMIUM,UNCLEAR,NO_TRADE,RANGE_UNCLEAR_POSITIONING_NO_TRADE,17.9,1,33.35,HIGH,2,0,0,0,0,0,NO_TRADE,,RANGE_UNCLEAR_POSITIONING_NO_TRADE,
14:05:42,23415.15,23494.95,23414.0,NARROW,23494.95,23403.05,0.132,RANGE,STRONG_SELL_PREMIUM,UNCLEAR,NO_TRADE,RANGE_UNCLEAR_POSITIONING_NO_TRADE,17.9,1,33.33,HIGH,2,0,0,0,0,0,NO_TRADE,,RANGE_UNCLEAR_POSITIONING_NO_TRADE,
14:05:58,23417.75,23494.95,23414.0,NARROW,23494.95,23403.05,0.160,RANGE,STRONG_SELL_PREMIUM,UNCLEAR,NO_TRADE,RANGE_UNCLEAR_POSITIONING_NO_TRADE,17.9,1,33.32,HIGH,2,0,0,0,0,0,NO_TRADE,,RANGE_UNCLEAR_POSITIONING_NO_TRADE,
14:06:12,23420.4,23494.95,23414.0,NARROW,23494.95,23403.05,0.189,RANGE,STRONG_SELL_PREMIUM,UNCLEAR,NO_TRADE,RANGE_UNCLEAR_POSITIONING_NO_TRADE,17.9,1,33.3,HIGH,2,0,0,0,0,0,NO_TRADE,,RANGE_UNCLEAR_POSITIONING_NO_TRADE,
14:06:28,23420.05,23494.95,23414.0,NARROW,23494.95,23403.05,0.185,RANGE,STRONG_SELL_PREMIUM,UNCLEAR,NO_TRADE,RANGE_UNCLEAR_POSITIONING_NO_TRADE,17.9,1,33.29,HIGH,2,0,0,0,0,0,NO_TRADE,,RANGE_UNCLEAR_POSITIONING_NO_TRADE,
14:06:43,23418.9,23494.95,23414.0,NARROW,23494.95,23403.05,0.172,RANGE,STRONG_SELL_PREMIUM,UNCLEAR,NO_TRADE,RANGE_UNCLEAR_POSITIONING_NO_TRADE,17.9,1,33.28,HIGH,2,0,0,0,0,0,NO_TRADE,,RANGE_UNCLEAR_POSITIONING_NO_TRADE,
14:06:57,23420.25,23494.95,23414.0,NARROW,23494.95,23403.05,0.187,RANGE,STRONG_SELL_PREMIUM,UNCLEAR,NO_TRADE,RANGE_UNCLEAR_POSITIONING_NO_TRADE,17.9,1,33.26,HIGH,2,0,0,0,0,0,NO_TRADE,,RANGE_UNCLEAR_POSITIONING_NO_TRADE,
14:07:13,23420.4,23494.95,23414.0,NARROW,23494.95,23403.05,0.189,RANGE,STRONG_SELL_PREMIUM,UNCLEAR,NO_TRADE,RANGE_UNCLEAR_POSITIONING_NO_TRADE,17.9,1,33.25,HIGH,2,0,0,0,0,0,NO_TRADE,,RANGE_UNCLEAR_POSITIONING_NO_TRADE,
14:07:28,23419.85,23494.95,23414.0,NARROW,23494.95,23403.05,0.183,RANGE,STRONG_SELL_PREMIUM,UNCLEAR,NO_TRADE,RANGE_UNCLEAR_POSITIONING_NO_TRADE,17.9,1,33.23,HIGH,2,0,0,0,0,0,NO_TRADE,,RANGE_UNCLEAR_POSITIONING_NO_TRADE,
14:07:43,23420.1,23494.95,23414.0,NARROW,23494.95,23403.05,0.186,RANGE,STRONG_SELL_PREMIUM,UNCLEAR,NO_TRADE,RANGE_UNCLEAR_POSITIONING_NO_TRADE,17.9,1,33.22,HIGH,2,0,0,0,0,0,NO_TRADE,,RANGE_UNCLEAR_POSITIONING_NO_TRADE,
14:07:58,23420.6,23494.95,23414.0,NARROW,23494.95,23403.05,0.191,RANGE,STRONG_SELL_PREMIUM,UNCLEAR,NO_TRADE,RANGE_UNCLEAR_POSITIONING_NO_TRADE,17.9,1,33.2,HIGH,2,0,0,0,0,0,NO_TRADE,,RANGE_UNCLEAR_POSITIONING_NO_TRADE,
14:08:13,23421.1,23494.95,23414.0,NARROW,23494.95,23403.05,0.196,RANGE,STRONG_SELL_PREMIUM,UNCLEAR,NO_TRADE,RANGE_UNCLEAR_POSITIONING_NO_TRADE,17.9,1,33.19,HIGH,2,0,0,0,0,0,NO_TRADE,,RANGE_UNCLEAR_POSITIONING_NO_TRADE,
14:08:28,23418.35,23494.95,23414.0,NARROW,23494.95,23403.05,0.166,RANGE,STRONG_SELL_PREMIUM,UNCLEAR,NO_TRADE,RANGE_UNCLEAR_POSITIONING_NO_TRADE,17.9,1,33.18,HIGH,2,0,0,0,0,0,NO_TRADE,,RANGE_UNCLEAR_POSITIONING_NO_TRADE,
14:08:43,23418.05,23494.95,23414.0,NARROW,23494.95,23403.05,0.163,RANGE,STRONG_SELL_PREMIUM,UNCLEAR,NO_TRADE,RANGE_UNCLEAR_POSITIONING_NO_TRADE,17.9,1,33.16,HIGH,2,0,0,0,0,0,NO_TRADE,,RANGE_UNCLEAR_POSITIONING_NO_TRADE,
14:08:58,23416.95,23494.95,23414.0,NARROW,23494.95,23403.05,0.151,RANGE,STRONG_SELL_PREMIUM,UNCLEAR,NO_TRADE,RANGE_UNCLEAR_POSITIONING_NO_TRADE,17.9,1,33.15,HIGH,2,0,0,0,0,0,NO_TRADE,,RANGE_UNCLEAR_POSITIONING_NO_TRADE,
14:09:13,23416.45,23494.95,23414.0,NARROW,23494.95,23403.05,0.146,RANGE,STRONG_SELL_PREMIUM,UNCLEAR,NO_TRADE,RANGE_UNCLEAR_POSITIONING_NO_TRADE,17.9,1,33.13,HIGH,2,0,0,0,0,0,NO_TRADE,,RANGE_UNCLEAR_POSITIONING_NO_TRADE,
14:09:28,23417.25,23494.95,23414.0,NARROW,23494.95,23403.05,0.155,RANGE,STRONG_SELL_PREMIUM,UNCLEAR,NO_TRADE,RANGE_UNCLEAR_POSITIONING_NO_TRADE,17.9,1,33.12,HIGH,2,0,0,0,0,0,NO_TRADE,,RANGE_UNCLEAR_POSITIONING_NO_TRADE,
14:09:43,23420.6,23494.95,23414.0,NARROW,23494.95,23403.05,0.191,RANGE,STRONG_SELL_PREMIUM,UNCLEAR,NO_TRADE,RANGE_UNCLEAR_POSITIONING_NO_TRADE,17.9,1,33.1,HIGH,2,0,0,0,0,0,NO_TRADE,,RANGE_UNCLEAR_POSITIONING_NO_TRADE,
14:09:58,23419.3,23494.95,23414.0,NARROW,23494.95,23403.05,0.177,RANGE,STRONG_SELL_PREMIUM,UNCLEAR,NO_TRADE,RANGE_UNCLEAR_POSITIONING_NO_TRADE,17.9,1,33.09,HIGH,2,0,0,0,0,0,NO_TRADE,,RANGE_UNCLEAR_POSITIONING_NO_TRADE,
14:10:13,23419.15,23494.95,23414.0,NARROW,23494.95,23403.05,0.175,RANGE,STRONG_SELL_PREMIUM,UNCLEAR,NO_TRADE,RANGE_UNCLEAR_POSITIONING_NO_TRADE,19.73,1,33.08,HIGH,2,0,0,0,0,0,NO_TRADE,,RANGE_UNCLEAR_POSITIONING_NO_TRADE,
14:10:28,23419.2,23494.95,23414.0,NARROW,23494.95,23403.05,0.176,RANGE,STRONG_SELL_PREMIUM,UNCLEAR,NO_TRADE,RANGE_UNCLEAR_POSITIONING_NO_TRADE,19.73,1,33.06,HIGH,2,0,0,0,0,0,NO_TRADE,,RANGE_UNCLEAR_POSITIONING_NO_TRADE,
14:10:43,23419.35,23494.95,23414.0,NARROW,23494.95,23403.05,0.177,RANGE,STRONG_SELL_PREMIUM,UNCLEAR,NO_TRADE,RANGE_UNCLEAR_POSITIONING_NO_TRADE,19.73,1,33.05,HIGH,2,0,0,0,0,0,NO_TRADE,,RANGE_UNCLEAR_POSITIONING_NO_TRADE,
14:10:58,23416.65,23494.95,23414.0,NARROW,23494.95,23403.05,0.148,RANGE,STRONG_SELL_PREMIUM,UNCLEAR,NO_TRADE,RANGE_UNCLEAR_POSITIONING_NO_TRADE,19.73,1,33.03,HIGH,2,0,0,0,0,0,NO_TRADE,,RANGE_UNCLEAR_POSITIONING_NO_TRADE,
14:11:13,23417.25,23494.95,23414.0,NARROW,23494.95,23403.05,0.155,RANGE,STRONG_SELL_PREMIUM,UNCLEAR,NO_TRADE,RANGE_UNCLEAR_POSITIONING_NO_TRADE,19.73,1,33.02,HIGH,2,0,0,0,0,0,NO_TRADE,,RANGE_UNCLEAR_POSITIONING_NO_TRADE,
14:11:28,23415.5,23494.95,23414.0,NARROW,23494.95,23403.05,0.135,RANGE,STRONG_SELL_PREMIUM,UNCLEAR,NO_TRADE,RANGE_UNCLEAR_POSITIONING_NO_TRADE,19.73,1,33.01,HIGH,2,0,0,0,0,0,NO_TRADE,,RANGE_UNCLEAR_POSITIONING_NO_TRADE,
14:11:43,23417.05,23494.95,23414.0,NARROW,23494.95,23403.05,0.152,RANGE,STRONG_SELL_PREMIUM,UNCLEAR,NO_TRADE,RANGE_UNCLEAR_POSITIONING_NO_TRADE,19.73,1,32.99,HIGH,2,0,0,0,0,0,NO_TRADE,,RANGE_UNCLEAR_POSITIONING_NO_TRADE,
14:11:58,23418.35,23494.95,23414.0,NARROW,23494.95,23403.05,0.166,RANGE,STRONG_SELL_PREMIUM,UNCLEAR,NO_TRADE,RANGE_UNCLEAR_POSITIONING_NO_TRADE,19.73,1,32.98,HIGH,2,0,0,0,0,0,NO_TRADE,,RANGE_UNCLEAR_POSITIONING_NO_TRADE,
14:12:13,23419.2,23494.95,23414.0,NARROW,23494.95,23403.05,0.176,RANGE,STRONG_SELL_PREMIUM,UNCLEAR,NO_TRADE,RANGE_UNCLEAR_POSITIONING_NO_TRADE,19.73,1,32.97,HIGH,2,0,0,0,0,0,NO_TRADE,,RANGE_UNCLEAR_POSITIONING_NO_TRADE,
14:12:28,23418.45,23494.95,23414.0,NARROW,23494.95,23403.05,0.168,RANGE,STRONG_SELL_PREMIUM,UNCLEAR,NO_TRADE,RANGE_UNCLEAR_POSITIONING_NO_TRADE,19.73,1,32.95,HIGH,2,0,0,0,0,0,NO_TRADE,,RANGE_UNCLEAR_POSITIONING_NO_TRADE,
14:12:43,23419.75,23494.95,23414.0,NARROW,23494.95,23403.05,0.182,RANGE,STRONG_SELL_PREMIUM,UNCLEAR,NO_TRADE,RANGE_UNCLEAR_POSITIONING_NO_TRADE,19.73,1,32.94,HIGH,2,0,0,0,0,0,NO_TRADE,,RANGE_UNCLEAR_POSITIONING_NO_TRADE,
14:12:58,23418.6,23494.95,23414.0,NARROW,23494.95,23403.05,0.169,RANGE,STRONG_SELL_PREMIUM,UNCLEAR,NO_TRADE,RANGE_UNCLEAR_POSITIONING_NO_TRADE,19.73,1,32.92,HIGH,2,0,0,0,0,0,NO_TRADE,,RANGE_UNCLEAR_POSITIONING_NO_TRADE,
14:13:13,23417.8,23494.95,23414.0,NARROW,23494.95,23403.05,0.161,RANGE,STRONG_SELL_PREMIUM,UNCLEAR,NO_TRADE,RANGE_UNCLEAR_POSITIONING_NO_TRADE,19.73,1,32.91,HIGH,2,0,0,0,0,0,NO_TRADE,,RANGE_UNCLEAR_POSITIONING_NO_TRADE,
14:13:29,23414.7,23494.95,23414.0,NARROW,23494.95,23403.05,0.127,RANGE,STRONG_SELL_PREMIUM,UNCLEAR,NO_TRADE,RANGE_UNCLEAR_POSITIONING_NO_TRADE,19.73,1,32.9,HIGH,2,0,0,0,0,0,NO_TRADE,,RANGE_UNCLEAR_POSITIONING_NO_TRADE,
14:13:44,23415.85,23494.95,23414.0,NARROW,23494.95,23403.05,0.139,RANGE,STRONG_SELL_PREMIUM,UNCLEAR,NO_TRADE,RANGE_UNCLEAR_POSITIONING_NO_TRADE,19.73,1,32.88,HIGH,2,0,0,0,0,0,NO_TRADE,,RANGE_UNCLEAR_POSITIONING_NO_TRADE,
14:13:59,23417.35,23494.95,23414.0,NARROW,23494.95,23403.05,0.156,RANGE,STRONG_SELL_PREMIUM,UNCLEAR,NO_TRADE,RANGE_UNCLEAR_POSITIONING_NO_TRADE,19.73,1,32.87,HIGH,2,0,0,0,0,0,NO_TRADE,,RANGE_UNCLEAR_POSITIONING_NO_TRADE,
14:14:06,23417.7,23494.95,23414.0,NARROW,23494.95,23403.05,0.159,RANGE,STRONG_SELL_PREMIUM,UNCLEAR,NO_TRADE,RANGE_UNCLEAR_POSITIONING_NO_TRADE,19.73,1,32.86,HIGH,2,0,0,0,0,0,NO_TRADE,,RANGE_UNCLEAR_POSITIONING_NO_TRADE,
14:14:21,23418.75,23494.95,23414.0,NARROW,23494.95,23403.05,0.171,RANGE,STRONG_SELL_PREMIUM,UNCLEAR,NO_TRADE,RANGE_UNCLEAR_POSITIONING_NO_TRADE,19.73,1,32.85,HIGH,2,0,0,0,0,0,NO_TRADE,,RANGE_UNCLEAR_POSITIONING_NO_TRADE,
14:14:36,23418.55,23494.95,23414.0,NARROW,23494.95,23403.05,0.169,RANGE,STRONG_SELL_PREMIUM,UNCLEAR,NO_TRADE,RANGE_UNCLEAR_POSITIONING_NO_TRADE,19.73,1,32.83,HIGH,2,0,0,0,0,0,NO_TRADE,,RANGE_UNCLEAR_POSITIONING_NO_TRADE,
14:14:51,23418.55,23494.95,23414.0,NARROW,23494.95,23403.05,0.169,RANGE,STRONG_SELL_PREMIUM,UNCLEAR,NO_TRADE,RANGE_UNCLEAR_POSITIONING_NO_TRADE,19.73,1,32.82,HIGH,2,0,0,0,0,0,NO_TRADE,,RANGE_UNCLEAR_POSITIONING_NO_TRADE,
14:15:06,23417.2,23494.95,23414.0,NARROW,23494.95,23403.05,0.154,RANGE,STRONG_SELL_PREMIUM,UNCLEAR,NO_TRADE,RANGE_UNCLEAR_POSITIONING_NO_TRADE,21.57,1,32.81,HIGH,2,0,0,0,0,0,NO_TRADE,,RANGE_UNCLEAR_POSITIONING_NO_TRADE,
14:15:21,23414.85,23494.95,23414.0,NARROW,23494.95,23403.05,0.128,RANGE,STRONG_SELL_PREMIUM,UNCLEAR,NO_TRADE,RANGE_UNCLEAR_POSITIONING_NO_TRADE,21.57,1,32.79,HIGH,2,0,0,0,0,0,NO_TRADE,,RANGE_UNCLEAR_POSITIONING_NO_TRADE,
14:15:36,23415.05,23494.95,23414.0,NARROW,23494.95,23403.05,0.131,RANGE,STRONG_SELL_PREMIUM,UNCLEAR,NO_TRADE,RANGE_UNCLEAR_POSITIONING_NO_TRADE,21.57,1,32.78,HIGH,2,0,0,0,0,0,NO_TRADE,,RANGE_UNCLEAR_POSITIONING_NO_TRADE,
14:15:51,23414.9,23494.95,23414.0,NARROW,23494.95,23403.05,0.129,RANGE,STRONG_SELL_PREMIUM,UNCLEAR,NO_TRADE,RANGE_UNCLEAR_POSITIONING_NO_TRADE,21.57,1,32.77,HIGH,2,0,0,0,0,0,NO_TRADE,,RANGE_UNCLEAR_POSITIONING_NO_TRADE,
14:16:06,23414.45,23494.95,23414.0,NARROW,23494.95,23403.05,0.124,RANGE,STRONG_SELL_PREMIUM,UNCLEAR,NO_TRADE,RANGE_UNCLEAR_POSITIONING_NO_TRADE,21.57,1,32.75,HIGH,2,0,0,0,0,0,NO_TRADE,,RANGE_UNCLEAR_POSITIONING_NO_TRADE,
14:16:21,23414.85,23494.95,23414.0,NARROW,23494.95,23403.05,0.128,RANGE,STRONG_SELL_PREMIUM,UNCLEAR,NO_TRADE,RANGE_UNCLEAR_POSITIONING_NO_TRADE,21.57,1,32.74,HIGH,2,0,0,0,0,0,NO_TRADE,,RANGE_UNCLEAR_POSITIONING_NO_TRADE,
14:16:36,23414.45,23494.95,23414.0,NARROW,23494.95,23403.05,0.124,RANGE,STRONG_SELL_PREMIUM,UNCLEAR,NO_TRADE,RANGE_UNCLEAR_POSITIONING_NO_TRADE,21.57,1,32.72,HIGH,2,0,0,0,0,0,NO_TRADE,,RANGE_UNCLEAR_POSITIONING_NO_TRADE,
14:16:51,23415.7,23494.95,23414.0,NARROW,23494.95,23403.05,0.138,RANGE,STRONG_SELL_PREMIUM,UNCLEAR,NO_TRADE,RANGE_UNCLEAR_POSITIONING_NO_TRADE,21.57,1,32.71,HIGH,2,0,0,0,0,0,NO_TRADE,,RANGE_UNCLEAR_POSITIONING_NO_TRADE,
14:17:06,23416.85,23494.95,23414.0,NARROW,23494.95,23403.05,0.150,RANGE,STRONG_SELL_PREMIUM,UNCLEAR,NO_TRADE,RANGE_UNCLEAR_POSITIONING_NO_TRADE,21.57,1,32.7,HIGH,2,0,0,0,0,0,NO_TRADE,,RANGE_UNCLEAR_POSITIONING_NO_TRADE,
14:17:21,23416.8,23494.95,23414.0,NARROW,23494.95,23403.05,0.150,RANGE,STRONG_SELL_PREMIUM,UNCLEAR,NO_TRADE,RANGE_UNCLEAR_POSITIONING_NO_TRADE,21.57,1,32.68,HIGH,2,0,0,0,0,0,NO_TRADE,,RANGE_UNCLEAR_POSITIONING_NO_TRADE,
14:17:36,23415.6,23494.95,23414.0,NARROW,23494.95,23403.05,0.137,RANGE,STRONG_SELL_PREMIUM,UNCLEAR,NO_TRADE,RANGE_UNCLEAR_POSITIONING_NO_TRADE,21.57,1,32.67,HIGH,2,0,0,0,0,0,NO_TRADE,,RANGE_UNCLEAR_POSITIONING_NO_TRADE,
14:17:51,23414.45,23494.95,23414.0,NARROW,23494.95,23403.05,0.124,RANGE,STRONG_SELL_PREMIUM,UNCLEAR,NO_TRADE,RANGE_UNCLEAR_POSITIONING_NO_TRADE,21.57,1,32.66,HIGH,2,0,0,0,0,0,NO_TRADE,,RANGE_UNCLEAR_POSITIONING_NO_TRADE,
14:18:06,23415.3,23494.95,23414.0,NARROW,23494.95,23403.05,0.133,RANGE,STRONG_SELL_PREMIUM,UNCLEAR,NO_TRADE,RANGE_UNCLEAR_POSITIONING_NO_TRADE,21.89,1,32.64,HIGH,2,0,0,0,0,0,NO_TRADE,,RANGE_UNCLEAR_POSITIONING_NO_TRADE,
14:18:21,23415.3,23494.95,23414.0,NARROW,23494.95,23403.05,0.133,RANGE,STRONG_SELL_PREMIUM,UNCLEAR,NO_TRADE,RANGE_UNCLEAR_POSITIONING_NO_TRADE,21.89,1,32.63,HIGH,2,0,0,0,0,0,NO_TRADE,,RANGE_UNCLEAR_POSITIONING_NO_TRADE,
14:18:36,23413.9,23494.95,23414.0,NARROW,23494.95,23403.05,0.118,RANGE,STRONG_SELL_PREMIUM,UNCLEAR,NO_TRADE,RANGE_UNCLEAR_POSITIONING_NO_TRADE,21.89,1,32.62,HIGH,2,0,0,0,0,0,NO_TRADE,,RANGE_UNCLEAR_POSITIONING_NO_TRADE,
14:18:51,23411.3,23494.95,23414.0,NARROW,23494.95,23403.05,0.090,RANGE,STRONG_SELL_PREMIUM,UNCLEAR,NO_TRADE,RANGE_UNCLEAR_POSITIONING_NO_TRADE,21.89,1,32.6,HIGH,2,0,0,0,0,0,NO_TRADE,,RANGE_UNCLEAR_POSITIONING_NO_TRADE,
14:19:06,23409.85,23494.95,23414.0,NARROW,23494.95,23403.05,0.074,RANGE,STRONG_SELL_PREMIUM,UNCLEAR,NO_TRADE,RANGE_UNCLEAR_POSITIONING_NO_TRADE,22.39,1,32.59,HIGH,2,0,0,0,0,0,NO_TRADE,,RANGE_UNCLEAR_POSITIONING_NO_TRADE,
14:19:21,23407.65,23494.95,23414.0,NARROW,23494.95,23403.05,0.050,RANGE,STRONG_SELL_PREMIUM,UNCLEAR,NO_TRADE,RANGE_UNCLEAR_POSITIONING_NO_TRADE,22.39,1,32.58,HIGH,2,0,0,0,0,0,NO_TRADE,,RANGE_UNCLEAR_POSITIONING_NO_TRADE,
14:19:36,23409.45,23494.95,23414.0,NARROW,23494.95,23403.05,0.070,RANGE,STRONG_SELL_PREMIUM,UNCLEAR,NO_TRADE,RANGE_UNCLEAR_POSITIONING_NO_TRADE,22.39,1,32.56,HIGH,2,0,0,0,0,0,NO_TRADE,,RANGE_UNCLEAR_POSITIONING_NO_TRADE,
14:19:52,23410.05,23494.95,23414.0,NARROW,23494.95,23403.05,0.076,RANGE,STRONG_SELL_PREMIUM,UNCLEAR,NO_TRADE,RANGE_UNCLEAR_POSITIONING_NO_TRADE,22.39,1,32.55,HIGH,2,0,0,0,0,0,NO_TRADE,,RANGE_UNCLEAR_POSITIONING_NO_TRADE,
14:20:06,23410.05,23494.95,23414.0,NARROW,23494.95,23403.05,0.076,CHOPPY,STRONG_SELL_PREMIUM,UNCLEAR,NO_TRADE,NO_TRADE:CHOPPY_MARKET,24.79,1,32.54,NONE,2,1,0,0,0,0,NO_TRADE,,NO_TRADE:CHOPPY_MARKET,
14:20:22,23411.95,23494.95,23414.0,NARROW,23494.95,23403.05,0.097,CHOPPY,STRONG_SELL_PREMIUM,UNCLEAR,NO_TRADE,NO_TRADE:CHOPPY_MARKET,24.79,1,32.52,NONE,2,1,0,0,0,0,NO_TRADE,,NO_TRADE:CHOPPY_MARKET,
14:20:37,23413.1,23494.95,23414.0,NARROW,23494.95,23403.05,0.109,CHOPPY,STRONG_SELL_PREMIUM,UNCLEAR,NO_TRADE,NO_TRADE:CHOPPY_MARKET,24.79,1,32.51,NONE,2,1,0,0,0,0,NO_TRADE,,NO_TRADE:CHOPPY_MARKET,
14:20:52,23415.3,23494.95,23414.0,NARROW,23494.95,23403.05,0.133,CHOPPY,STRONG_SELL_PREMIUM,UNCLEAR,NO_TRADE,NO_TRADE:CHOPPY_MARKET,24.79,1,32.5,NONE,2,1,0,0,0,0,NO_TRADE,,NO_TRADE:CHOPPY_MARKET,
14:21:07,23419.4,23494.95,23414.0,NARROW,23494.95,23403.05,0.178,CHOPPY,STRONG_SELL_PREMIUM,UNCLEAR,NO_TRADE,NO_TRADE:CHOPPY_MARKET,23.24,1,32.48,NONE,2,1,0,0,0,0,NO_TRADE,,NO_TRADE:CHOPPY_MARKET,
14:21:22,23420.0,23494.95,23414.0,NARROW,23494.95,23403.05,0.184,CHOPPY,STRONG_SELL_PREMIUM,UNCLEAR,NO_TRADE,NO_TRADE:CHOPPY_MARKET,23.24,1,32.47,NONE,2,1,0,0,0,0,NO_TRADE,,NO_TRADE:CHOPPY_MARKET,
14:21:37,23422.15,23494.95,23414.0,NARROW,23494.95,23403.05,0.208,CHOPPY,STRONG_SELL_PREMIUM,UNCLEAR,NO_TRADE,NO_TRADE:CHOPPY_MARKET,23.24,1,32.46,NONE,2,1,0,0,0,0,NO_TRADE,,NO_TRADE:CHOPPY_MARKET,
14:21:52,23424.25,23494.95,23414.0,NARROW,23494.95,23403.05,0.231,CHOPPY,STRONG_SELL_PREMIUM,UNCLEAR,NO_TRADE,NO_TRADE:CHOPPY_MARKET,23.24,1,32.44,NONE,2,1,0,0,0,0,NO_TRADE,,NO_TRADE:CHOPPY_MARKET,
14:22:07,23424.3,23494.95,23414.0,NARROW,23494.95,23403.05,0.231,CHOPPY,STRONG_SELL_PREMIUM,UNCLEAR,NO_TRADE,NO_TRADE:CHOPPY_MARKET,23.22,1,32.43,NONE,2,1,0,0,0,0,NO_TRADE,,NO_TRADE:CHOPPY_MARKET,
14:22:22,23422.0,23494.95,23414.0,NARROW,23494.95,23403.05,0.206,CHOPPY,STRONG_SELL_PREMIUM,UNCLEAR,NO_TRADE,NO_TRADE:CHOPPY_MARKET,23.22,1,32.42,NONE,2,1,0,0,0,0,NO_TRADE,,NO_TRADE:CHOPPY_MARKET,
14:22:37,23420.2,23494.95,23414.0,NARROW,23494.95,23403.05,0.187,CHOPPY,STRONG_SELL_PREMIUM,UNCLEAR,NO_TRADE,NO_TRADE:CHOPPY_MARKET,23.22,1,32.4,NONE,2,1,0,0,0,0,NO_TRADE,,NO_TRADE:CHOPPY_MARKET,
14:22:52,23422.25,23494.95,23414.0,NARROW,23494.95,23403.05,0.209,CHOPPY,STRONG_SELL_PREMIUM,UNCLEAR,NO_TRADE,NO_TRADE:CHOPPY_MARKET,23.22,1,32.39,NONE,2,1,0,0,0,0,NO_TRADE,,NO_TRADE:CHOPPY_MARKET,
14:23:07,23420.25,23494.95,23414.0,NARROW,23494.95,23403.05,0.187,CHOPPY,STRONG_SELL_PREMIUM,UNCLEAR,NO_TRADE,NO_TRADE:CHOPPY_MARKET,23.22,1,32.38,NONE,2,1,0,0,0,0,NO_TRADE,,NO_TRADE:CHOPPY_MARKET,
14:23:22,23422.05,23494.95,23414.0,NARROW,23494.95,23403.05,0.207,CHOPPY,STRONG_SELL_PREMIUM,UNCLEAR,NO_TRADE,NO_TRADE:CHOPPY_MARKET,23.22,1,32.36,NONE,2,1,0,0,0,0,NO_TRADE,,NO_TRADE:CHOPPY_MARKET,
14:23:37,23421.55,23494.95,23414.0,NARROW,23494.95,23403.05,0.201,CHOPPY,STRONG_SELL_PREMIUM,UNCLEAR,NO_TRADE,NO_TRADE:CHOPPY_MARKET,23.22,1,32.35,NONE,2,1,0,0,0,0,NO_TRADE,,NO_TRADE:CHOPPY_MARKET,
14:23:52,23421.0,23494.95,23414.0,NARROW,23494.95,23403.05,0.195,CHOPPY,STRONG_SELL_PREMIUM,UNCLEAR,NO_TRADE,NO_TRADE:CHOPPY_MARKET,23.22,1,32.34,NONE,2,1,0,0,0,0,NO_TRADE,,NO_TRADE:CHOPPY_MARKET,
14:24:07,23419.65,23494.95,23414.0,NARROW,23494.95,23403.05,0.181,CHOPPY,STRONG_SELL_PREMIUM,UNCLEAR,NO_TRADE,NO_TRADE:CHOPPY_MARKET,22.87,1,32.32,NONE,2,1,0,0,0,0,NO_TRADE,,NO_TRADE:CHOPPY_MARKET,
14:24:22,23421.35,23494.95,23414.0,NARROW,23494.95,23403.05,0.199,CHOPPY,STRONG_SELL_PREMIUM,UNCLEAR,NO_TRADE,NO_TRADE:CHOPPY_MARKET,22.87,1,32.31,NONE,2,1,0,0,0,0,NO_TRADE,,NO_TRADE:CHOPPY_MARKET,
14:24:37,23422.9,23494.95,23414.0,NARROW,23494.95,23403.05,0.216,CHOPPY,STRONG_SELL_PREMIUM,UNCLEAR,NO_TRADE,NO_TRADE:CHOPPY_MARKET,22.87,1,32.3,NONE,2,1,0,0,0,0,NO_TRADE,,NO_TRADE:CHOPPY_MARKET,
14:24:52,23424.7,23494.95,23414.0,NARROW,23494.95,23403.05,0.236,CHOPPY,STRONG_SELL_PREMIUM,UNCLEAR,NO_TRADE,NO_TRADE:CHOPPY_MARKET,22.87,1,32.29,NONE,2,1,0,0,0,0,NO_TRADE,,NO_TRADE:CHOPPY_MARKET,
14:25:07,23424.75,23494.95,23414.0,NARROW,23494.95,23403.05,0.236,CHOPPY,STRONG_SELL_PREMIUM,UNCLEAR,NO_TRADE,NO_TRADE:CHOPPY_MARKET,22.69,1,32.27,NONE,2,1,0,0,0,0,NO_TRADE,,NO_TRADE:CHOPPY_MARKET,
14:25:22,23425.9,23494.95,23414.0,NARROW,23494.95,23403.05,0.249,CHOPPY,STRONG_SELL_PREMIUM,UNCLEAR,NO_TRADE,NO_TRADE:CHOPPY_MARKET,22.69,1,32.26,NONE,2,1,0,0,0,0,NO_TRADE,,NO_TRADE:CHOPPY_MARKET,
14:25:37,23426.85,23494.95,23414.0,NARROW,23494.95,23403.05,0.259,CHOPPY,STRONG_SELL_PREMIUM,UNCLEAR,NO_TRADE,NO_TRADE:CHOPPY_MARKET,22.69,1,32.25,NONE,2,1,0,0,0,0,NO_TRADE,,NO_TRADE:CHOPPY_MARKET,
14:25:52,23427.8,23494.95,23414.0,NARROW,23494.95,23403.05,0.269,CHOPPY,STRONG_SELL_PREMIUM,UNCLEAR,NO_TRADE,NO_TRADE:CHOPPY_MARKET,22.69,1,32.23,NONE,2,1,0,0,0,0,NO_TRADE,,NO_TRADE:CHOPPY_MARKET,
14:26:07,23424.45,23494.95,23414.0,NARROW,23494.95,23403.05,0.233,RANGE,STRONG_SELL_PREMIUM,UNCLEAR,NO_TRADE,RANGE_UNCLEAR_POSITIONING_NO_TRADE,22.69,1,32.22,HIGH,2,0,0,0,0,0,NO_TRADE,,RANGE_UNCLEAR_POSITIONING_NO_TRADE,
14:26:22,23422.8,23494.95,23414.0,NARROW,23494.95,23403.05,0.215,RANGE,STRONG_SELL_PREMIUM,UNCLEAR,NO_TRADE,RANGE_UNCLEAR_POSITIONING_NO_TRADE,22.69,1,32.21,HIGH,2,0,0,0,0,0,NO_TRADE,,RANGE_UNCLEAR_POSITIONING_NO_TRADE,
14:26:37,23422.15,23494.95,23414.0,NARROW,23494.95,23403.05,0.208,RANGE,STRONG_SELL_PREMIUM,UNCLEAR,NO_TRADE,RANGE_UNCLEAR_POSITIONING_NO_TRADE,22.69,1,32.19,HIGH,2,0,0,0,0,0,NO_TRADE,,RANGE_UNCLEAR_POSITIONING_NO_TRADE,
14:26:52,23420.8,23494.95,23414.0,NARROW,23494.95,23403.05,0.193,RANGE,STRONG_SELL_PREMIUM,UNCLEAR,NO_TRADE,RANGE_UNCLEAR_POSITIONING_NO_TRADE,22.69,1,32.18,HIGH,2,0,0,0,0,0,NO_TRADE,,RANGE_UNCLEAR_POSITIONING_NO_TRADE,
14:27:07,23423.3,23494.95,23414.0,NARROW,23494.95,23403.05,0.220,RANGE,STRONG_SELL_PREMIUM,UNCLEAR,NO_TRADE,RANGE_UNCLEAR_POSITIONING_NO_TRADE,22.69,1,32.17,HIGH,2,0,0,0,0,0,NO_TRADE,,RANGE_UNCLEAR_POSITIONING_NO_TRADE,
14:27:23,23422.85,23494.95,23414.0,NARROW,23494.95,23403.05,0.215,RANGE,STRONG_SELL_PREMIUM,UNCLEAR,NO_TRADE,RANGE_UNCLEAR_POSITIONING_NO_TRADE,22.69,1,32.16,HIGH,2,0,0,0,0,0,NO_TRADE,,RANGE_UNCLEAR_POSITIONING_NO_TRADE,
14:27:37,23423.65,23494.95,23414.0,NARROW,23494.95,23403.05,0.224,RANGE,STRONG_SELL_PREMIUM,UNCLEAR,NO_TRADE,RANGE_UNCLEAR_POSITIONING_NO_TRADE,22.69,1,32.14,HIGH,2,0,0,0,0,0,NO_TRADE,,RANGE_UNCLEAR_POSITIONING_NO_TRADE,
14:27:52,23423.55,23494.95,23414.0,NARROW,23494.95,23403.05,0.223,RANGE,STRONG_SELL_PREMIUM,UNCLEAR,NO_TRADE,RANGE_UNCLEAR_POSITIONING_NO_TRADE,22.69,1,32.13,HIGH,2,0,0,0,0,0,NO_TRADE,,RANGE_UNCLEAR_POSITIONING_NO_TRADE,
14:28:08,23423.15,23494.95,23414.0,NARROW,23494.95,23403.05,0.219,RANGE,STRONG_SELL_PREMIUM,UNCLEAR,NO_TRADE,RANGE_UNCLEAR_POSITIONING_NO_TRADE,22.69,1,32.12,HIGH,2,0,0,0,0,0,NO_TRADE,,RANGE_UNCLEAR_POSITIONING_NO_TRADE,
14:28:23,23421.95,23494.95,23414.0,NARROW,23494.95,23403.05,0.206,RANGE,STRONG_SELL_PREMIUM,UNCLEAR,NO_TRADE,RANGE_UNCLEAR_POSITIONING_NO_TRADE,22.69,1,32.1,HIGH,2,0,0,0,0,0,NO_TRADE,,RANGE_UNCLEAR_POSITIONING_NO_TRADE,
14:28:38,23414.55,23494.95,23414.0,NARROW,23494.95,23403.05,0.125,RANGE,STRONG_SELL_PREMIUM,UNCLEAR,NO_TRADE,RANGE_UNCLEAR_POSITIONING_NO_TRADE,22.69,1,32.09,HIGH,2,0,0,0,0,0,NO_TRADE,,RANGE_UNCLEAR_POSITIONING_NO_TRADE,
14:28:53,23412.9,23494.95,23414.0,NARROW,23494.95,23403.05,0.107,RANGE,STRONG_SELL_PREMIUM,UNCLEAR,NO_TRADE,RANGE_UNCLEAR_POSITIONING_NO_TRADE,22.69,1,32.08,HIGH,2,0,0,0,0,0,NO_TRADE,,RANGE_UNCLEAR_POSITIONING_NO_TRADE,
14:29:08,23417.2,23494.95,23414.0,NARROW,23494.95,23403.05,0.154,RANGE,STRONG_SELL_PREMIUM,UNCLEAR,NO_TRADE,RANGE_UNCLEAR_POSITIONING_NO_TRADE,22.69,1,32.07,HIGH,2,0,0,0,0,0,NO_TRADE,,RANGE_UNCLEAR_POSITIONING_NO_TRADE,
14:29:23,23415.95,23494.95,23414.0,NARROW,23494.95,23403.05,0.140,RANGE,STRONG_SELL_PREMIUM,UNCLEAR,NO_TRADE,RANGE_UNCLEAR_POSITIONING_NO_TRADE,22.69,1,32.05,HIGH,2,0,0,0,0,0,NO_TRADE,,RANGE_UNCLEAR_POSITIONING_NO_TRADE,
14:29:38,23417.05,23494.95,23414.0,NARROW,23494.95,23403.05,0.152,RANGE,STRONG_SELL_PREMIUM,UNCLEAR,NO_TRADE,RANGE_UNCLEAR_POSITIONING_NO_TRADE,22.69,1,32.04,HIGH,2,0,0,0,0,0,NO_TRADE,,RANGE_UNCLEAR_POSITIONING_NO_TRADE,
14:29:53,23418.15,23494.95,23414.0,NARROW,23494.95,23403.05,0.164,RANGE,STRONG_SELL_PREMIUM,UNCLEAR,NO_TRADE,RANGE_UNCLEAR_POSITIONING_NO_TRADE,22.69,1,32.03,HIGH,2,0,0,0,0,0,NO_TRADE,,RANGE_UNCLEAR_POSITIONING_NO_TRADE,
14:30:08,23420.45,23494.95,23414.0,NARROW,23494.95,23403.05,0.189,RANGE,STRONG_SELL_PREMIUM,UNCLEAR,NO_TRADE,NO_TRADE:PAST_14:30,22.54,1,32.01,HIGH,2,0,0,0,0,0,NO_TRADE,,NO_TRADE:PAST_14:30,
14:30:23,23419.95,23494.95,23414.0,NARROW,23494.95,23403.05,0.184,RANGE,STRONG_SELL_PREMIUM,UNCLEAR,NO_TRADE,NO_TRADE:PAST_14:30,22.54,1,32.0,HIGH,2,0,0,0,0,0,NO_TRADE,,NO_TRADE:PAST_14:30,
14:30:38,23419.9,23494.95,23414.0,NARROW,23494.95,23403.05,0.183,RANGE,STRONG_SELL_PREMIUM,UNCLEAR,NO_TRADE,NO_TRADE:PAST_14:30,22.54,1,31.99,HIGH,2,0,0,0,0,0,NO_TRADE,,NO_TRADE:PAST_14:30,
14:30:53,23419.2,23494.95,23414.0,NARROW,23494.95,23403.05,0.176,RANGE,STRONG_SELL_PREMIUM,UNCLEAR,NO_TRADE,NO_TRADE:PAST_14:30,22.54,1,31.98,HIGH,2,0,0,0,0,0,NO_TRADE,,NO_TRADE:PAST_14:30,
14:31:08,23418.7,23494.95,23414.0,NARROW,23494.95,23403.05,0.170,RANGE,STRONG_SELL_PREMIUM,UNCLEAR,NO_TRADE,NO_TRADE:PAST_14:30,22.54,1,31.96,HIGH,2,0,0,0,0,0,NO_TRADE,,NO_TRADE:PAST_14:30,
14:31:23,23418.8,23494.95,23414.0,NARROW,23494.95,23403.05,0.171,RANGE,STRONG_SELL_PREMIUM,UNCLEAR,NO_TRADE,NO_TRADE:PAST_14:30,22.54,1,31.95,HIGH,2,0,0,0,0,0,NO_TRADE,,NO_TRADE:PAST_14:30,
14:31:38,23415.75,23494.95,23414.0,NARROW,23494.95,23403.05,0.138,RANGE,STRONG_SELL_PREMIUM,UNCLEAR,NO_TRADE,NO_TRADE:PAST_14:30,22.54,1,31.94,HIGH,2,0,0,0,0,0,NO_TRADE,,NO_TRADE:PAST_14:30,
14:31:53,23415.9,23494.95,23414.0,NARROW,23494.95,23403.05,0.140,RANGE,STRONG_SELL_PREMIUM,UNCLEAR,NO_TRADE,NO_TRADE:PAST_14:30,22.54,1,31.93,HIGH,2,0,0,0,0,0,NO_TRADE,,NO_TRADE:PAST_14:30,
14:32:08,23415.5,23494.95,23414.0,NARROW,23494.95,23403.05,0.135,RANGE,STRONG_SELL_PREMIUM,UNCLEAR,NO_TRADE,NO_TRADE:PAST_14:30,22.54,1,31.91,HIGH,2,0,0,0,0,0,NO_TRADE,,NO_TRADE:PAST_14:30,
14:32:23,23417.1,23494.95,23414.0,NARROW,23494.95,23403.05,0.153,RANGE,STRONG_SELL_PREMIUM,UNCLEAR,NO_TRADE,NO_TRADE:PAST_14:30,22.54,1,31.9,HIGH,2,0,0,0,0,0,NO_TRADE,,NO_TRADE:PAST_14:30,
14:32:38,23417.8,23494.95,23414.0,NARROW,23494.95,23403.05,0.161,RANGE,STRONG_SELL_PREMIUM,UNCLEAR,NO_TRADE,NO_TRADE:PAST_14:30,22.54,1,31.89,HIGH,2,0,0,0,0,0,NO_TRADE,,NO_TRADE:PAST_14:30,
14:32:53,23415.9,23494.95,23414.0,NARROW,23494.95,23403.05,0.140,RANGE,STRONG_SELL_PREMIUM,UNCLEAR,NO_TRADE,NO_TRADE:PAST_14:30,22.54,1,31.88,HIGH,2,0,0,0,0,0,NO_TRADE,,NO_TRADE:PAST_14:30,
14:33:08,23415.1,23494.95,23414.0,NARROW,23494.95,23403.05,0.131,CHOPPY,STRONG_SELL_PREMIUM,UNCLEAR,NO_TRADE,NO_TRADE:CHOPPY_MARKET,22.54,1,31.86,NONE,2,1,0,0,0,0,NO_TRADE,,NO_TRADE:CHOPPY_MARKET,
14:33:23,23415.2,23494.95,23414.0,NARROW,23494.95,23403.05,0.132,CHOPPY,STRONG_SELL_PREMIUM,UNCLEAR,NO_TRADE,NO_TRADE:CHOPPY_MARKET,22.54,1,31.85,NONE,2,1,0,0,0,0,NO_TRADE,,NO_TRADE:CHOPPY_MARKET,
14:33:38,23418.3,23494.95,23414.0,NARROW,23494.95,23403.05,0.166,CHOPPY,STRONG_SELL_PREMIUM,UNCLEAR,NO_TRADE,NO_TRADE:CHOPPY_MARKET,22.54,1,31.84,NONE,2,1,0,0,0,0,NO_TRADE,,NO_TRADE:CHOPPY_MARKET,
14:33:53,23416.1,23494.95,23414.0,NARROW,23494.95,23403.05,0.142,CHOPPY,STRONG_SELL_PREMIUM,UNCLEAR,NO_TRADE,NO_TRADE:CHOPPY_MARKET,22.54,1,31.83,NONE,2,1,0,0,0,0,NO_TRADE,,NO_TRADE:CHOPPY_MARKET,
14:34:08,23416.9,23494.95,23414.0,NARROW,23494.95,23403.05,0.151,CHOPPY,STRONG_SELL_PREMIUM,UNCLEAR,NO_TRADE,NO_TRADE:CHOPPY_MARKET,22.54,1,31.81,NONE,2,1,0,0,0,0,NO_TRADE,,NO_TRADE:CHOPPY_MARKET,
14:34:23,23416.2,23494.95,23414.0,NARROW,23494.95,23403.05,0.143,CHOPPY,STRONG_SELL_PREMIUM,UNCLEAR,NO_TRADE,NO_TRADE:CHOPPY_MARKET,22.54,1,31.8,NONE,2,1,0,0,0,0,NO_TRADE,,NO_TRADE:CHOPPY_MARKET,
14:34:38,23417.0,23494.95,23414.0,NARROW,23494.95,23403.05,0.152,CHOPPY,STRONG_SELL_PREMIUM,UNCLEAR,NO_TRADE,NO_TRADE:CHOPPY_MARKET,22.54,1,31.79,NONE,2,1,0,0,0,0,NO_TRADE,,NO_TRADE:CHOPPY_MARKET,
14:34:53,23418.7,23494.95,23414.0,NARROW,23494.95,23403.05,0.170,CHOPPY,STRONG_SELL_PREMIUM,UNCLEAR,NO_TRADE,NO_TRADE:CHOPPY_MARKET,22.54,1,31.78,NONE,2,1,0,0,0,0,NO_TRADE,,NO_TRADE:CHOPPY_MARKET,
14:35:08,23414.8,23494.95,23414.0,NARROW,23494.95,23403.05,0.128,CHOPPY,STRONG_SELL_PREMIUM,UNCLEAR,NO_TRADE,NO_TRADE:CHOPPY_MARKET,22.93,1,31.76,NONE,2,1,0,0,0,0,NO_TRADE,,NO_TRADE:CHOPPY_MARKET,
14:35:23,23412.65,23494.95,23414.0,NARROW,23494.95,23403.05,0.104,CHOPPY,STRONG_SELL_PREMIUM,UNCLEAR,NO_TRADE,NO_TRADE:CHOPPY_MARKET,22.93,1,31.75,NONE,2,1,0,0,0,0,NO_TRADE,,NO_TRADE:CHOPPY_MARKET,
14:35:38,23413.15,23494.95,23414.0,NARROW,23494.95,23403.05,0.110,CHOPPY,STRONG_SELL_PREMIUM,UNCLEAR,NO_TRADE,NO_TRADE:CHOPPY_MARKET,22.93,1,31.74,NONE,2,1,0,0,0,0,NO_TRADE,,NO_TRADE:CHOPPY_MARKET,
14:35:54,23413.5,23494.95,23414.0,NARROW,23494.95,23403.05,0.114,CHOPPY,STRONG_SELL_PREMIUM,UNCLEAR,NO_TRADE,NO_TRADE:CHOPPY_MARKET,22.93,1,31.73,NONE,2,1,0,0,0,0,NO_TRADE,,NO_TRADE:CHOPPY_MARKET,
14:36:08,23413.3,23494.95,23414.0,NARROW,23494.95,23403.05,0.112,CHOPPY,STRONG_SELL_PREMIUM,UNCLEAR,NO_TRADE,NO_TRADE:CHOPPY_MARKET,23.17,1,31.71,NONE,2,1,0,0,0,0,NO_TRADE,,NO_TRADE:CHOPPY_MARKET,
14:36:23,23413.05,23494.95,23414.0,NARROW,23494.95,23403.05,0.109,CHOPPY,STRONG_SELL_PREMIUM,UNCLEAR,NO_TRADE,NO_TRADE:CHOPPY_MARKET,23.17,1,31.7,NONE,2,1,0,0,0,0,NO_TRADE,,NO_TRADE:CHOPPY_MARKET,
14:36:38,23412.45,23494.95,23414.0,NARROW,23494.95,23403.05,0.102,CHOPPY,STRONG_SELL_PREMIUM,UNCLEAR,NO_TRADE,NO_TRADE:CHOPPY_MARKET,23.17,1,31.69,NONE,2,1,0,0,0,0,NO_TRADE,,NO_TRADE:CHOPPY_MARKET,
14:36:53,23412.25,23494.95,23414.0,NARROW,23494.95,23403.05,0.100,CHOPPY,STRONG_SELL_PREMIUM,UNCLEAR,NO_TRADE,NO_TRADE:CHOPPY_MARKET,23.17,1,31.68,NONE,2,1,0,0,0,0,NO_TRADE,,NO_TRADE:CHOPPY_MARKET,
14:37:09,23411.6,23494.95,23414.0,NARROW,23494.95,23403.05,0.093,CHOPPY,STRONG_SELL_PREMIUM,UNCLEAR,NO_TRADE,NO_TRADE:CHOPPY_MARKET,23.77,1,31.66,NONE,2,1,0,0,0,0,NO_TRADE,,NO_TRADE:CHOPPY_MARKET,
14:37:24,23411.55,23494.95,23414.0,NARROW,23494.95,23403.05,0.092,CHOPPY,STRONG_SELL_PREMIUM,UNCLEAR,NO_TRADE,NO_TRADE:CHOPPY_MARKET,23.77,1,31.65,NONE,2,1,0,0,0,0,NO_TRADE,,NO_TRADE:CHOPPY_MARKET,
14:37:38,23410.3,23494.95,23414.0,NARROW,23494.95,23403.05,0.079,CHOPPY,STRONG_SELL_PREMIUM,UNCLEAR,NO_TRADE,NO_TRADE:CHOPPY_MARKET,23.77,1,31.64,NONE,2,1,0,0,0,0,NO_TRADE,,NO_TRADE:CHOPPY_MARKET,
14:37:54,23408.25,23494.95,23414.0,NARROW,23494.95,23403.05,0.057,CHOPPY,STRONG_SELL_PREMIUM,UNCLEAR,NO_TRADE,NO_TRADE:CHOPPY_MARKET,23.77,1,31.63,NONE,2,1,0,0,0,0,NO_TRADE,,NO_TRADE:CHOPPY_MARKET,
14:38:09,23406.55,23494.95,23414.0,NARROW,23494.95,23403.05,0.038,RANGE,STRONG_SELL_PREMIUM,UNCLEAR,NO_TRADE,NO_TRADE:PAST_14:30,23.77,1,31.62,HIGH,2,0,0,0,0,0,NO_TRADE,,NO_TRADE:PAST_14:30,
14:38:24,23408.65,23494.95,23414.0,NARROW,23494.95,23403.05,0.061,RANGE,STRONG_SELL_PREMIUM,UNCLEAR,NO_TRADE,NO_TRADE:PAST_14:30,23.77,1,31.6,HIGH,2,0,0,0,0,0,NO_TRADE,,NO_TRADE:PAST_14:30,
14:38:39,23408.75,23494.95,23414.0,NARROW,23494.95,23403.05,0.062,RANGE,STRONG_SELL_PREMIUM,UNCLEAR,NO_TRADE,NO_TRADE:PAST_14:30,23.77,1,31.59,HIGH,2,0,0,0,0,0,NO_TRADE,,NO_TRADE:PAST_14:30,
14:38:54,23408.35,23494.95,23414.0,NARROW,23494.95,23403.05,0.058,RANGE,STRONG_SELL_PREMIUM,UNCLEAR,NO_TRADE,NO_TRADE:PAST_14:30,23.77,1,31.58,HIGH,2,0,0,0,0,0,NO_TRADE,,NO_TRADE:PAST_14:30,
14:39:09,23408.9,23494.95,23414.0,NARROW,23494.95,23403.05,0.064,RANGE,STRONG_SELL_PREMIUM,UNCLEAR,NO_TRADE,NO_TRADE:PAST_14:30,23.88,1,31.57,HIGH,2,0,0,0,0,0,NO_TRADE,,NO_TRADE:PAST_14:30,
14:39:24,23409.7,23494.95,23414.0,NARROW,23494.95,23403.05,0.072,RANGE,STRONG_SELL_PREMIUM,UNCLEAR,NO_TRADE,NO_TRADE:PAST_14:30,23.88,1,31.55,HIGH,2,0,0,0,0,0,NO_TRADE,,NO_TRADE:PAST_14:30,
14:39:39,23408.8,23494.95,23414.0,NARROW,23494.95,23403.05,0.063,RANGE,STRONG_SELL_PREMIUM,UNCLEAR,NO_TRADE,NO_TRADE:PAST_14:30,23.88,1,31.54,HIGH,2,0,0,0,0,0,NO_TRADE,,NO_TRADE:PAST_14:30,
14:39:54,23405.7,23494.95,23414.0,NARROW,23494.95,23403.05,0.029,RANGE,STRONG_SELL_PREMIUM,UNCLEAR,NO_TRADE,NO_TRADE:PAST_14:30,23.88,1,31.53,HIGH,2,0,0,0,0,0,NO_TRADE,,NO_TRADE:PAST_14:30,
14:40:09,23408.35,23494.95,23414.0,NARROW,23494.95,23397.8,0.109,RANGE,STRONG_SELL_PREMIUM,UNCLEAR,NO_TRADE,NO_TRADE:PAST_14:30,25.95,1,33.32,HIGH,2,0,0,0,0,0,NO_TRADE,,NO_TRADE:PAST_14:30,
14:40:24,23408.65,23494.95,23414.0,NARROW,23494.95,23397.8,0.112,RANGE,STRONG_SELL_PREMIUM,UNCLEAR,NO_TRADE,NO_TRADE:PAST_14:30,25.95,1,33.31,HIGH,2,0,0,0,0,0,NO_TRADE,,NO_TRADE:PAST_14:30,
14:40:39,23407.45,23494.95,23414.0,NARROW,23494.95,23397.8,0.099,RANGE,STRONG_SELL_PREMIUM,UNCLEAR,NO_TRADE,NO_TRADE:PAST_14:30,25.95,1,33.29,HIGH,2,0,0,0,0,0,NO_TRADE,,NO_TRADE:PAST_14:30,
14:40:54,23401.35,23494.95,23414.0,NARROW,23494.95,23397.8,0.037,RANGE,STRONG_SELL_PREMIUM,UNCLEAR,NO_TRADE,NO_TRADE:PAST_14:30,25.95,1,33.28,HIGH,2,0,0,0,0,0,NO_TRADE,,NO_TRADE:PAST_14:30,
14:41:09,23402.45,23494.95,23414.0,NARROW,23494.95,23397.8,0.048,RANGE,STRONG_SELL_PREMIUM,UNCLEAR,NO_TRADE,NO_TRADE:PAST_14:30,25.95,1,33.27,HIGH,2,0,0,0,0,0,NO_TRADE,,NO_TRADE:PAST_14:30,
14:41:24,23404.15,23494.95,23414.0,NARROW,23494.95,23397.8,0.065,RANGE,STRONG_SELL_PREMIUM,UNCLEAR,NO_TRADE,NO_TRADE:PAST_14:30,25.95,1,33.25,HIGH,2,0,0,0,0,0,NO_TRADE,,NO_TRADE:PAST_14:30,
14:41:39,23407.2,23494.95,23414.0,NARROW,23494.95,23397.8,0.097,RANGE,STRONG_SELL_PREMIUM,UNCLEAR,NO_TRADE,NO_TRADE:PAST_14:30,25.95,1,33.24,HIGH,2,0,0,0,0,0,NO_TRADE,,NO_TRADE:PAST_14:30,
14:41:54,23404.95,23494.95,23414.0,NARROW,23494.95,23397.8,0.074,RANGE,STRONG_SELL_PREMIUM,UNCLEAR,NO_TRADE,NO_TRADE:PAST_14:30,25.95,1,33.23,HIGH,2,0,0,0,0,0,NO_TRADE,,NO_TRADE:PAST_14:30,
14:42:09,23406.75,23494.95,23414.0,NARROW,23494.95,23397.8,0.092,RANGE,STRONG_SELL_PREMIUM,UNCLEAR,NO_TRADE,NO_TRADE:PAST_14:30,25.95,1,33.22,HIGH,2,0,0,0,0,0,NO_TRADE,,NO_TRADE:PAST_14:30,
14:42:24,23408.05,23494.95,23414.0,NARROW,23494.95,23397.8,0.106,RANGE,STRONG_SELL_PREMIUM,UNCLEAR,NO_TRADE,NO_TRADE:PAST_14:30,25.95,1,33.2,HIGH,2,0,0,0,0,0,NO_TRADE,,NO_TRADE:PAST_14:30,
14:42:39,23410.9,23494.95,23414.0,NARROW,23494.95,23397.8,0.135,RANGE,STRONG_SELL_PREMIUM,UNCLEAR,NO_TRADE,NO_TRADE:PAST_14:30,25.95,1,33.19,HIGH,2,0,0,0,0,0,NO_TRADE,,NO_TRADE:PAST_14:30,
14:42:54,23410.55,23494.95,23414.0,NARROW,23494.95,23397.8,0.131,RANGE,STRONG_SELL_PREMIUM,UNCLEAR,NO_TRADE,NO_TRADE:PAST_14:30,25.95,1,33.18,HIGH,2,0,0,0,0,0,NO_TRADE,,NO_TRADE:PAST_14:30,
14:43:09,23409.7,23494.95,23414.0,NARROW,23494.95,23397.8,0.122,RANGE,STRONG_SELL_PREMIUM,UNCLEAR,NO_TRADE,NO_TRADE:PAST_14:30,25.95,1,33.17,HIGH,2,0,0,0,0,0,NO_TRADE,,NO_TRADE:PAST_14:30,
14:43:24,23409.55,23494.95,23414.0,NARROW,23494.95,23397.8,0.121,RANGE,STRONG_SELL_PREMIUM,UNCLEAR,NO_TRADE,NO_TRADE:PAST_14:30,25.95,1,33.15,HIGH,2,0,0,0,0,0,NO_TRADE,,NO_TRADE:PAST_14:30,
14:43:39,23409.3,23494.95,23414.0,NARROW,23494.95,23397.8,0.118,RANGE,STRONG_SELL_PREMIUM,UNCLEAR,NO_TRADE,NO_TRADE:PAST_14:30,25.95,1,33.14,HIGH,2,0,0,0,0,0,NO_TRADE,,NO_TRADE:PAST_14:30,
14:43:54,23410.3,23494.95,23414.0,NARROW,23494.95,23397.8,0.129,RANGE,STRONG_SELL_PREMIUM,UNCLEAR,NO_TRADE,NO_TRADE:PAST_14:30,25.95,1,33.13,HIGH,2,0,0,0,0,0,NO_TRADE,,NO_TRADE:PAST_14:30,
14:44:09,23411.85,23494.95,23414.0,NARROW,23494.95,23397.8,0.145,RANGE,STRONG_SELL_PREMIUM,UNCLEAR,NO_TRADE,NO_TRADE:PAST_14:30,25.95,1,33.11,HIGH,2,0,0,0,0,0,NO_TRADE,,NO_TRADE:PAST_14:30,
14:44:24,23414.45,23494.95,23414.0,NARROW,23494.95,23397.8,0.171,RANGE,STRONG_SELL_PREMIUM,UNCLEAR,NO_TRADE,NO_TRADE:PAST_14:30,25.95,1,33.1,HIGH,2,0,0,0,0,0,NO_TRADE,,NO_TRADE:PAST_14:30,
14:44:39,23414.9,23494.95,23414.0,NARROW,23494.95,23397.8,0.176,RANGE,STRONG_SELL_PREMIUM,UNCLEAR,NO_TRADE,NO_TRADE:PAST_14:30,25.95,1,33.09,HIGH,2,0,0,0,0,0,NO_TRADE,,NO_TRADE:PAST_14:30,
14:44:54,23414.85,23494.95,23414.0,NARROW,23494.95,23397.8,0.176,RANGE,STRONG_SELL_PREMIUM,UNCLEAR,NO_TRADE,NO_TRADE:PAST_14:30,25.95,1,33.08,HIGH,2,0,0,0,0,0,NO_TRADE,,NO_TRADE:PAST_14:30,
14:45:09,23415.45,23494.95,23414.0,NARROW,23494.95,23397.8,0.182,RANGE,STRONG_SELL_PREMIUM,UNCLEAR,NO_TRADE,NO_TRADE:PAST_14:30,27.47,1,33.06,HIGH,2,0,0,0,0,0,NO_TRADE,,NO_TRADE:PAST_14:30,
14:45:24,23415.05,23494.95,23414.0,NARROW,23494.95,23397.8,0.178,RANGE,STRONG_SELL_PREMIUM,UNCLEAR,NO_TRADE,NO_TRADE:PAST_14:30,27.47,1,33.05,HIGH,2,0,0,0,0,0,NO_TRADE,,NO_TRADE:PAST_14:30,
14:45:39,23415.45,23494.95,23414.0,NARROW,23494.95,23397.8,0.182,RANGE,STRONG_SELL_PREMIUM,UNCLEAR,NO_TRADE,NO_TRADE:PAST_14:30,27.47,1,33.04,HIGH,2,0,0,0,0,0,NO_TRADE,,NO_TRADE:PAST_14:30,
14:45:54,23414.5,23494.95,23414.0,NARROW,23494.95,23397.8,0.172,RANGE,STRONG_SELL_PREMIUM,UNCLEAR,NO_TRADE,NO_TRADE:PAST_14:30,27.47,1,33.03,HIGH,2,0,0,0,0,0,NO_TRADE,,NO_TRADE:PAST_14:30,
14:46:09,23415.15,23494.95,23414.0,NARROW,23494.95,23397.8,0.179,RANGE,STRONG_SELL_PREMIUM,UNCLEAR,NO_TRADE,NO_TRADE:PAST_14:30,27.34,1,33.01,HIGH,2,0,0,0,0,0,NO_TRADE,,NO_TRADE:PAST_14:30,
14:46:24,23416.05,23494.95,23414.0,NARROW,23494.95,23397.8,0.188,RANGE,STRONG_SELL_PREMIUM,UNCLEAR,NO_TRADE,NO_TRADE:PAST_14:30,27.34,1,33.0,HIGH,2,0,0,0,0,0,NO_TRADE,,NO_TRADE:PAST_14:30,
14:46:39,23416.45,23494.95,23414.0,NARROW,23494.95,23397.8,0.192,RANGE,STRONG_SELL_PREMIUM,UNCLEAR,NO_TRADE,NO_TRADE:PAST_14:30,27.34,1,32.99,HIGH,2,0,0,0,0,0,NO_TRADE,,NO_TRADE:PAST_14:30,
14:46:54,23415.3,23494.95,23414.0,NARROW,23494.95,23397.8,0.180,RANGE,STRONG_SELL_PREMIUM,UNCLEAR,NO_TRADE,NO_TRADE:PAST_14:30,27.34,1,32.98,HIGH,2,0,0,0,0,0,NO_TRADE,,NO_TRADE:PAST_14:30,
14:47:09,23417.4,23494.95,23414.0,NARROW,23494.95,23397.8,0.202,RANGE,STRONG_SELL_PREMIUM,UNCLEAR,NO_TRADE,NO_TRADE:PAST_14:30,25.75,1,32.96,HIGH,2,0,0,0,0,0,NO_TRADE,,NO_TRADE:PAST_14:30,
14:47:24,23418.2,23494.95,23414.0,NARROW,23494.95,23397.8,0.210,RANGE,STRONG_SELL_PREMIUM,UNCLEAR,NO_TRADE,NO_TRADE:PAST_14:30,25.75,1,32.95,HIGH,2,0,0,0,0,0,NO_TRADE,,NO_TRADE:PAST_14:30,
14:47:39,23420.3,23494.95,23414.0,NARROW,23494.95,23397.8,0.232,RANGE,STRONG_SELL_PREMIUM,UNCLEAR,NO_TRADE,NO_TRADE:PAST_14:30,25.75,1,32.94,HIGH,2,0,0,0,0,0,NO_TRADE,,NO_TRADE:PAST_14:30,
14:47:54,23423.95,23494.95,23414.0,NARROW,23494.95,23397.8,0.269,RANGE,STRONG_SELL_PREMIUM,UNCLEAR,NO_TRADE,NO_TRADE:PAST_14:30,25.75,1,32.93,HIGH,2,0,0,0,0,0,NO_TRADE,,NO_TRADE:PAST_14:30,
14:48:09,23420.0,23494.95,23414.0,NARROW,23494.95,23397.8,0.229,RANGE,STRONG_SELL_PREMIUM,UNCLEAR,NO_TRADE,NO_TRADE:PAST_14:30,25.75,1,32.92,HIGH,2,0,0,0,0,0,NO_TRADE,,NO_TRADE:PAST_14:30,
14:48:24,23416.7,23494.95,23414.0,NARROW,23494.95,23397.8,0.195,RANGE,STRONG_SELL_PREMIUM,UNCLEAR,NO_TRADE,NO_TRADE:PAST_14:30,25.75,1,32.9,HIGH,2,0,0,0,0,0,NO_TRADE,,NO_TRADE:PAST_14:30,
14:48:39,23418.0,23494.95,23414.0,NARROW,23494.95,23397.8,0.208,RANGE,STRONG_SELL_PREMIUM,UNCLEAR,NO_TRADE,NO_TRADE:PAST_14:30,25.75,1,32.89,HIGH,2,0,0,0,0,0,NO_TRADE,,NO_TRADE:PAST_14:30,
14:48:55,23418.55,23494.95,23414.0,NARROW,23494.95,23397.8,0.214,RANGE,STRONG_SELL_PREMIUM,UNCLEAR,NO_TRADE,NO_TRADE:PAST_14:30,25.75,1,32.88,HIGH,2,0,0,0,0,0,NO_TRADE,,NO_TRADE:PAST_14:30,
14:49:10,23421.85,23494.95,23414.0,NARROW,23494.95,23397.8,0.248,RANGE,STRONG_SELL_PREMIUM,UNCLEAR,NO_TRADE,NO_TRADE:PAST_14:30,25.39,1,32.87,HIGH,2,0,0,0,0,0,NO_TRADE,,NO_TRADE:PAST_14:30,
14:49:25,23423.2,23494.95,23414.0,NARROW,23494.95,23397.8,0.261,RANGE,STRONG_SELL_PREMIUM,UNCLEAR,NO_TRADE,NO_TRADE:PAST_14:30,25.39,1,32.85,HIGH,2,0,0,0,0,0,NO_TRADE,,NO_TRADE:PAST_14:30,
14:49:40,23423.3,23494.95,23414.0,NARROW,23494.95,23397.8,0.262,RANGE,STRONG_SELL_PREMIUM,UNCLEAR,NO_TRADE,NO_TRADE:PAST_14:30,25.39,1,32.84,HIGH,2,0,0,0,0,0,NO_TRADE,,NO_TRADE:PAST_14:30,
14:49:55,23424.55,23494.95,23414.0,NARROW,23494.95,23397.8,0.275,RANGE,STRONG_SELL_PREMIUM,UNCLEAR,NO_TRADE,NO_TRADE:PAST_14:30,25.39,1,32.83,HIGH,2,0,0,0,0,0,NO_TRADE,,NO_TRADE:PAST_14:30,
14:50:10,23429.45,23494.95,23414.0,NARROW,23494.95,23397.8,0.326,RANGE,STRONG_SELL_PREMIUM,UNCLEAR,NO_TRADE,NO_TRADE:PAST_14:30,23.67,1,32.82,HIGH,2,0,0,0,0,0,NO_TRADE,,NO_TRADE:PAST_14:30,
14:50:25,23429.2,23494.95,23414.0,NARROW,23494.95,23397.8,0.323,RANGE,STRONG_SELL_PREMIUM,UNCLEAR,NO_TRADE,NO_TRADE:PAST_14:30,23.67,1,32.8,HIGH,2,0,0,0,0,0,NO_TRADE,,NO_TRADE:PAST_14:30,
14:50:40,23427.85,23494.95,23414.0,NARROW,23494.95,23397.8,0.309,RANGE,STRONG_SELL_PREMIUM,UNCLEAR,NO_TRADE,NO_TRADE:PAST_14:30,23.67,1,32.79,HIGH,2,0,0,0,0,0,NO_TRADE,,NO_TRADE:PAST_14:30,
14:50:55,23429.5,23494.95,23414.0,NARROW,23494.95,23397.8,0.326,RANGE,STRONG_SELL_PREMIUM,UNCLEAR,NO_TRADE,NO_TRADE:PAST_14:30,23.67,1,32.78,HIGH,2,0,0,0,0,0,NO_TRADE,,NO_TRADE:PAST_14:30,
14:51:10,23432.1,23494.95,23414.0,NARROW,23494.95,23397.8,0.353,RANGE,STRONG_SELL_PREMIUM,UNCLEAR,NO_TRADE,NO_TRADE:PAST_14:30,23.23,1,32.77,HIGH,2,0,0,0,0,0,NO_TRADE,,NO_TRADE:PAST_14:30,
14:51:25,23431.45,23494.95,23414.0,NARROW,23494.95,23397.8,0.346,RANGE,STRONG_SELL_PREMIUM,UNCLEAR,NO_TRADE,NO_TRADE:PAST_14:30,23.23,1,32.76,HIGH,2,0,0,0,0,0,NO_TRADE,,NO_TRADE:PAST_14:30,
14:51:40,23427.4,23494.95,23414.0,NARROW,23494.95,23397.8,0.305,RANGE,STRONG_SELL_PREMIUM,UNCLEAR,NO_TRADE,NO_TRADE:PAST_14:30,23.23,1,32.74,HIGH,2,0,0,0,0,0,NO_TRADE,,NO_TRADE:PAST_14:30,
14:51:55,23429.5,23494.95,23414.0,NARROW,23494.95,23397.8,0.326,RANGE,STRONG_SELL_PREMIUM,UNCLEAR,NO_TRADE,NO_TRADE:PAST_14:30,23.23,1,32.73,HIGH,2,0,0,0,0,0,NO_TRADE,,NO_TRADE:PAST_14:30,
14:52:10,23430.55,23494.95,23414.0,NARROW,23494.95,23397.8,0.337,RANGE,STRONG_SELL_PREMIUM,UNCLEAR,NO_TRADE,NO_TRADE:PAST_14:30,23.23,1,32.72,HIGH,2,0,0,0,0,0,NO_TRADE,,NO_TRADE:PAST_14:30,
14:52:25,23430.25,23494.95,23414.0,NARROW,23494.95,23397.8,0.334,RANGE,STRONG_SELL_PREMIUM,UNCLEAR,NO_TRADE,NO_TRADE:PAST_14:30,23.23,1,32.71,HIGH,2,0,0,0,0,0,NO_TRADE,,NO_TRADE:PAST_14:30,
14:52:40,23422.6,23494.95,23414.0,NARROW,23494.95,23397.8,0.255,RANGE,STRONG_SELL_PREMIUM,UNCLEAR,NO_TRADE,NO_TRADE:PAST_14:30,23.23,1,32.69,HIGH,2,0,0,0,0,0,NO_TRADE,,NO_TRADE:PAST_14:30,
14:52:55,23421.5,23494.95,23414.0,NARROW,23494.95,23397.8,0.244,RANGE,STRONG_SELL_PREMIUM,UNCLEAR,NO_TRADE,NO_TRADE:PAST_14:30,23.23,1,32.68,HIGH,2,0,0,0,0,0,NO_TRADE,,NO_TRADE:PAST_14:30,
14:53:10,23422.15,23494.95,23414.0,NARROW,23494.95,23397.8,0.251,RANGE,STRONG_SELL_PREMIUM,UNCLEAR,NO_TRADE,NO_TRADE:PAST_14:30,23.23,1,32.67,HIGH,2,0,0,0,0,0,NO_TRADE,,NO_TRADE:PAST_14:30,
14:53:25,23422.5,23494.95,23414.0,NARROW,23494.95,23397.8,0.254,RANGE,STRONG_SELL_PREMIUM,UNCLEAR,NO_TRADE,NO_TRADE:PAST_14:30,23.23,1,32.66,HIGH,2,0,0,0,0,0,NO_TRADE,,NO_TRADE:PAST_14:30,
14:53:40,23425.9,23494.95,23414.0,NARROW,23494.95,23397.8,0.289,RANGE,STRONG_SELL_PREMIUM,UNCLEAR,NO_TRADE,NO_TRADE:PAST_14:30,23.23,1,32.65,HIGH,2,0,0,0,0,0,NO_TRADE,,NO_TRADE:PAST_14:30,
14:53:55,23426.95,23494.95,23414.0,NARROW,23494.95,23397.8,0.300,RANGE,STRONG_SELL_PREMIUM,UNCLEAR,NO_TRADE,NO_TRADE:PAST_14:30,23.23,1,32.63,HIGH,2,0,0,0,0,0,NO_TRADE,,NO_TRADE:PAST_14:30,
14:54:10,23428.8,23494.95,23414.0,NARROW,23494.95,23397.8,0.319,RANGE,STRONG_SELL_PREMIUM,UNCLEAR,NO_TRADE,NO_TRADE:PAST_14:30,23.23,1,32.62,HIGH,2,0,0,0,0,0,NO_TRADE,,NO_TRADE:PAST_14:30,
14:54:25,23424.2,23494.95,23414.0,NARROW,23494.95,23397.8,0.272,RANGE,STRONG_SELL_PREMIUM,UNCLEAR,NO_TRADE,NO_TRADE:PAST_14:30,23.23,1,32.61,HIGH,2,0,0,0,0,0,NO_TRADE,,NO_TRADE:PAST_14:30,
14:54:40,23422.2,23494.95,23414.0,NARROW,23494.95,23397.8,0.251,RANGE,STRONG_SELL_PREMIUM,UNCLEAR,NO_TRADE,NO_TRADE:PAST_14:30,23.23,1,32.6,HIGH,2,0,0,0,0,0,NO_TRADE,,NO_TRADE:PAST_14:30,
14:54:55,23424.05,23494.95,23414.0,NARROW,23494.95,23397.8,0.270,RANGE,STRONG_SELL_PREMIUM,UNCLEAR,NO_TRADE,NO_TRADE:PAST_14:30,23.23,1,32.59,HIGH,2,0,0,0,0,0,NO_TRADE,,NO_TRADE:PAST_14:30,
14:55:10,23425.6,23494.95,23414.0,NARROW,23494.95,23397.8,0.286,RANGE,STRONG_SELL_PREMIUM,UNCLEAR,NO_TRADE,NO_TRADE:PAST_14:30,21.36,1,32.57,HIGH,2,0,0,0,0,0,NO_TRADE,,NO_TRADE:PAST_14:30,
14:55:25,23422.6,23494.95,23414.0,NARROW,23494.95,23397.8,0.255,RANGE,STRONG_SELL_PREMIUM,UNCLEAR,NO_TRADE,NO_TRADE:PAST_14:30,21.36,1,32.56,HIGH,2,0,0,0,0,0,NO_TRADE,,NO_TRADE:PAST_14:30,
14:55:40,23422.35,23494.95,23414.0,NARROW,23494.95,23397.8,0.253,RANGE,STRONG_SELL_PREMIUM,UNCLEAR,NO_TRADE,NO_TRADE:PAST_14:30,21.36,1,32.55,HIGH,2,0,0,0,0,0,NO_TRADE,,NO_TRADE:PAST_14:30,
14:55:55,23420.85,23494.95,23414.0,NARROW,23494.95,23397.8,0.237,RANGE,STRONG_SELL_PREMIUM,UNCLEAR,NO_TRADE,NO_TRADE:PAST_14:30,21.36,1,32.54,HIGH,2,0,0,0,0,0,NO_TRADE,,NO_TRADE:PAST_14:30,
14:56:10,23423.85,23494.95,23414.0,NARROW,23494.95,23397.8,0.268,RANGE,STRONG_SELL_PREMIUM,UNCLEAR,NO_TRADE,NO_TRADE:PAST_14:30,21.36,1,32.53,HIGH,2,0,0,0,0,0,NO_TRADE,,NO_TRADE:PAST_14:30,
14:56:25,23424.8,23494.95,23414.0,NARROW,23494.95,23397.8,0.278,RANGE,STRONG_SELL_PREMIUM,UNCLEAR,NO_TRADE,NO_TRADE:PAST_14:30,21.36,1,32.51,HIGH,2,0,0,0,0,0,NO_TRADE,,NO_TRADE:PAST_14:30,
14:56:40,23422.4,23494.95,23414.0,NARROW,23494.95,23397.8,0.253,RANGE,STRONG_SELL_PREMIUM,UNCLEAR,NO_TRADE,NO_TRADE:PAST_14:30,21.36,1,32.5,HIGH,2,0,0,0,0,0,NO_TRADE,,NO_TRADE:PAST_14:30,
14:56:56,23424.5,23494.95,23414.0,NARROW,23494.95,23397.8,0.275,RANGE,STRONG_SELL_PREMIUM,UNCLEAR,NO_TRADE,NO_TRADE:PAST_14:30,21.36,1,32.49,HIGH,2,0,0,0,0,0,NO_TRADE,,NO_TRADE:PAST_14:30,
14:57:11,23425.65,23494.95,23414.0,NARROW,23494.95,23397.8,0.287,RANGE,STRONG_SELL_PREMIUM,UNCLEAR,NO_TRADE,NO_TRADE:PAST_14:30,21.86,1,32.48,HIGH,2,0,0,0,0,0,NO_TRADE,,NO_TRADE:PAST_14:30,
14:57:26,23423.85,23494.95,23414.0,NARROW,23494.95,23397.8,0.268,RANGE,STRONG_SELL_PREMIUM,UNCLEAR,NO_TRADE,NO_TRADE:PAST_14:30,21.86,1,32.47,HIGH,2,0,0,0,0,0,NO_TRADE,,NO_TRADE:PAST_14:30,
14:57:41,23423.9,23494.95,23414.0,NARROW,23494.95,23397.8,0.269,RANGE,STRONG_SELL_PREMIUM,UNCLEAR,NO_TRADE,NO_TRADE:PAST_14:30,21.86,1,32.45,HIGH,2,0,0,0,0,0,NO_TRADE,,NO_TRADE:PAST_14:30,
14:57:56,23419.0,23494.95,23414.0,NARROW,23494.95,23397.8,0.218,RANGE,STRONG_SELL_PREMIUM,UNCLEAR,NO_TRADE,NO_TRADE:PAST_14:30,21.86,1,32.44,HIGH,2,0,0,0,0,0,NO_TRADE,,NO_TRADE:PAST_14:30,
14:58:11,23417.9,23494.95,23414.0,NARROW,23494.95,23397.8,0.207,RANGE,STRONG_SELL_PREMIUM,UNCLEAR,NO_TRADE,NO_TRADE:PAST_14:30,22.36,1,32.43,HIGH,2,0,0,0,0,0,NO_TRADE,,NO_TRADE:PAST_14:30,
14:58:26,23414.6,23494.95,23414.0,NARROW,23494.95,23397.8,0.173,RANGE,STRONG_SELL_PREMIUM,UNCLEAR,NO_TRADE,NO_TRADE:PAST_14:30,22.36,1,32.42,HIGH,2,0,0,0,0,0,NO_TRADE,,NO_TRADE:PAST_14:30,
14:58:41,23415.9,23494.95,23414.0,NARROW,23494.95,23397.8,0.186,RANGE,STRONG_SELL_PREMIUM,UNCLEAR,NO_TRADE,NO_TRADE:PAST_14:30,22.36,1,32.41,HIGH,2,0,0,0,0,0,NO_TRADE,,NO_TRADE:PAST_14:30,
14:58:56,23414.6,23494.95,23414.0,NARROW,23494.95,23397.8,0.173,RANGE,STRONG_SELL_PREMIUM,UNCLEAR,NO_TRADE,NO_TRADE:PAST_14:30,22.36,1,32.4,HIGH,2,0,0,0,0,0,NO_TRADE,,NO_TRADE:PAST_14:30,
14:59:11,23413.85,23494.95,23414.0,NARROW,23494.95,23397.8,0.165,RANGE,STRONG_SELL_PREMIUM,UNCLEAR,NO_TRADE,NO_TRADE:PAST_14:30,22.97,1,32.38,HIGH,2,0,0,0,0,0,NO_TRADE,,NO_TRADE:PAST_14:30,
14:59:26,23412.65,23494.95,23414.0,NARROW,23494.95,23397.8,0.153,RANGE,STRONG_SELL_PREMIUM,UNCLEAR,NO_TRADE,NO_TRADE:PAST_14:30,22.97,1,32.37,HIGH,2,0,0,0,0,0,NO_TRADE,,NO_TRADE:PAST_14:30,
14:59:41,23410.15,23494.95,23414.0,NARROW,23494.95,23397.8,0.127,RANGE,STRONG_SELL_PREMIUM,UNCLEAR,NO_TRADE,NO_TRADE:PAST_14:30,22.97,1,32.36,HIGH,2,0,0,0,0,0,NO_TRADE,,NO_TRADE:PAST_14:30,
14:59:56,23410.75,23494.95,23414.0,NARROW,23494.95,23397.8,0.133,RANGE,STRONG_SELL_PREMIUM,UNCLEAR,NO_TRADE,NO_TRADE:PAST_14:30,22.97,1,32.35,HIGH,2,0,0,0,0,0,NO_TRADE,,NO_TRADE:PAST_14:30,
15:00:11,23407.85,23494.95,23414.0,NARROW,23494.95,23386.0,0.201,RANGE,STRONG_SELL_PREMIUM,UNCLEAR,NO_TRADE,NO_TRADE:PAST_14:30,25.08,1,36.26,HIGH,2,0,0,0,0,0,NO_TRADE,,NO_TRADE:PAST_14:30,
15:00:26,23399.45,23494.95,23414.0,NARROW,23494.95,23386.0,0.123,RANGE,STRONG_SELL_PREMIUM,BEARISH,NO_TRADE,NO_TRADE:PAST_14:30,25.08,1,36.25,HIGH,2,0,0,0,0,0,NO_TRADE,,NO_TRADE:PAST_14:30,
15:00:41,23397.0,23494.95,23414.0,NARROW,23494.95,23386.0,0.101,RANGE,STRONG_SELL_PREMIUM,BEARISH,NO_TRADE,NO_TRADE:PAST_14:30,25.08,1,36.24,HIGH,2,0,0,0,0,0,NO_TRADE,,NO_TRADE:PAST_14:30,
15:00:56,23389.95,23494.95,23414.0,NARROW,23494.95,23386.0,0.036,DOWNTREND,STRONG_SELL_PREMIUM,BEARISH,NO_TRADE,NO_TRADE:PAST_14:30,25.08,1,36.23,HIGH,2,0,0,0,0,0,NO_TRADE,,NO_TRADE:PAST_14:30,
15:01:11,23383.6,23494.95,23414.0,NARROW,23494.95,23381.9,0.015,DOWNTREND,STRONG_SELL_PREMIUM,BEARISH,NO_TRADE,NO_TRADE:PAST_14:30,25.36,1,37.57,HIGH,2,0,0,0,0,0,NO_TRADE,,NO_TRADE:PAST_14:30,
15:01:26,23389.35,23494.95,23414.0,NARROW,23494.95,23381.9,0.066,DOWNTREND,STRONG_SELL_PREMIUM,BEARISH,NO_TRADE,NO_TRADE:PAST_14:30,25.36,1,37.56,HIGH,2,0,0,0,0,0,NO_TRADE,,NO_TRADE:PAST_14:30,
15:01:41,23395.2,23494.95,23414.0,NARROW,23494.95,23381.9,0.118,RANGE,STRONG_SELL_PREMIUM,BEARISH,NO_TRADE,NO_TRADE:PAST_14:30,25.36,1,37.55,HIGH,2,0,0,0,0,0,NO_TRADE,,NO_TRADE:PAST_14:30,
15:01:56,23393.6,23494.95,23414.0,NARROW,23494.95,23381.9,0.103,DOWNTREND,STRONG_SELL_PREMIUM,BEARISH,NO_TRADE,NO_TRADE:PAST_14:30,25.36,1,37.53,HIGH,2,0,0,0,0,0,NO_TRADE,,NO_TRADE:PAST_14:30,
15:02:11,23395.4,23494.95,23414.0,NARROW,23494.95,23381.9,0.119,RANGE,STRONG_SELL_PREMIUM,BEARISH,NO_TRADE,NO_TRADE:PAST_14:30,25.36,1,37.52,HIGH,2,0,0,0,0,0,NO_TRADE,,NO_TRADE:PAST_14:30,
15:02:26,23393.45,23494.95,23414.0,NARROW,23494.95,23381.9,0.102,DOWNTREND,STRONG_SELL_PREMIUM,BEARISH,NO_TRADE,NO_TRADE:PAST_14:30,25.36,1,37.51,HIGH,2,0,0,0,0,0,NO_TRADE,,NO_TRADE:PAST_14:30,
15:02:41,23391.95,23494.95,23414.0,NARROW,23494.95,23381.9,0.089,DOWNTREND,STRONG_SELL_PREMIUM,BEARISH,NO_TRADE,NO_TRADE:PAST_14:30,25.36,1,37.49,HIGH,2,0,0,0,0,0,NO_TRADE,,NO_TRADE:PAST_14:30,
15:02:56,23388.65,23494.95,23414.0,NARROW,23494.95,23381.9,0.060,DOWNTREND,STRONG_SELL_PREMIUM,BEARISH,NO_TRADE,NO_TRADE:PAST_14:30,25.36,1,37.48,HIGH,2,0,0,0,0,0,NO_TRADE,,NO_TRADE:PAST_14:30,
15:03:11,23392.25,23494.95,23414.0,NARROW,23494.95,23381.9,0.092,DOWNTREND,STRONG_SELL_PREMIUM,BEARISH,NO_TRADE,NO_TRADE:PAST_14:30,25.36,1,37.47,HIGH,2,0,0,0,0,0,NO_TRADE,,NO_TRADE:PAST_14:30,
15:03:26,23392.9,23494.95,23414.0,NARROW,23494.95,23381.9,0.097,DOWNTREND,STRONG_SELL_PREMIUM,BEARISH,NO_TRADE,NO_TRADE:PAST_14:30,25.36,1,37.45,HIGH,2,0,0,0,0,0,NO_TRADE,,NO_TRADE:PAST_14:30,
15:03:42,23391.3,23494.95,23414.0,NARROW,23494.95,23381.9,0.083,DOWNTREND,STRONG_SELL_PREMIUM,BEARISH,NO_TRADE,NO_TRADE:PAST_14:30,25.36,1,37.44,HIGH,2,0,0,0,0,0,NO_TRADE,,NO_TRADE:PAST_14:30,
15:03:56,23391.35,23494.95,23414.0,NARROW,23494.95,23381.9,0.084,DOWNTREND,STRONG_SELL_PREMIUM,BEARISH,NO_TRADE,NO_TRADE:PAST_14:30,25.36,1,37.43,HIGH,2,0,0,0,0,0,NO_TRADE,,NO_TRADE:PAST_14:30,
15:04:12,23393.25,23494.95,23414.0,NARROW,23494.95,23381.9,0.100,DOWNTREND,STRONG_SELL_PREMIUM,BEARISH,NO_TRADE,NO_TRADE:PAST_14:30,25.36,1,37.41,HIGH,2,0,0,0,0,0,NO_TRADE,,NO_TRADE:PAST_14:30,
15:04:27,23389.65,23494.95,23414.0,NARROW,23494.95,23381.9,0.069,DOWNTREND,STRONG_SELL_PREMIUM,BEARISH,NO_TRADE,NO_TRADE:PAST_14:30,25.36,1,37.4,HIGH,2,0,0,0,0,0,NO_TRADE,,NO_TRADE:PAST_14:30,
15:04:42,23390.5,23494.95,23414.0,NARROW,23494.95,23381.9,0.076,DOWNTREND,STRONG_SELL_PREMIUM,BEARISH,NO_TRADE,NO_TRADE:PAST_14:30,25.36,1,37.39,HIGH,2,0,0,0,0,0,NO_TRADE,,NO_TRADE:PAST_14:30,
15:04:57,23391.9,23494.95,23414.0,NARROW,23494.95,23381.9,0.088,DOWNTREND,STRONG_SELL_PREMIUM,BEARISH,NO_TRADE,NO_TRADE:PAST_14:30,25.36,1,37.37,HIGH,2,0,0,0,0,0,NO_TRADE,,NO_TRADE:PAST_14:30,
15:05:12,23391.3,23494.95,23414.0,NARROW,23494.95,23381.9,0.083,DOWNTREND,STRONG_SELL_PREMIUM,BEARISH,NO_TRADE,NO_TRADE:PAST_14:30,27.51,1,37.36,HIGH,2,0,0,0,0,0,NO_TRADE,,NO_TRADE:PAST_14:30,
15:05:27,23390.05,23494.95,23414.0,NARROW,23494.95,23381.9,0.072,DOWNTREND,STRONG_SELL_PREMIUM,BEARISH,NO_TRADE,NO_TRADE:PAST_14:30,27.51,1,37.35,HIGH,2,0,0,0,0,0,NO_TRADE,,NO_TRADE:PAST_14:30,
15:05:42,23390.65,23494.95,23414.0,NARROW,23494.95,23381.9,0.077,DOWNTREND,STRONG_SELL_PREMIUM,BEARISH,NO_TRADE,NO_TRADE:PAST_14:30,27.51,1,37.33,HIGH,2,0,0,0,0,0,NO_TRADE,,NO_TRADE:PAST_14:30,
15:05:57,23390.9,23494.95,23414.0,NARROW,23494.95,23381.9,0.080,DOWNTREND,STRONG_SELL_PREMIUM,BEARISH,NO_TRADE,NO_TRADE:PAST_14:30,27.51,1,37.32,HIGH,2,0,0,0,0,0,NO_TRADE,,NO_TRADE:PAST_14:30,
15:06:12,23386.7,23494.95,23414.0,NARROW,23494.95,23380.1,0.057,DOWNTREND,STRONG_SELL_PREMIUM,BEARISH,NO_TRADE,NO_TRADE:PAST_14:30,27.63,1,37.9,HIGH,2,0,0,0,0,0,NO_TRADE,,NO_TRADE:PAST_14:30,
15:06:27,23383.5,23494.95,23414.0,NARROW,23494.95,23380.1,0.030,DOWNTREND,STRONG_SELL_PREMIUM,BEARISH,NO_TRADE,NO_TRADE:PAST_14:30,27.63,1,37.89,HIGH,2,0,0,0,0,0,NO_TRADE,,NO_TRADE:PAST_14:30,
15:06:42,23382.7,23494.95,23414.0,NARROW,23494.95,23380.1,0.023,DOWNTREND,STRONG_SELL_PREMIUM,BEARISH,NO_TRADE,NO_TRADE:PAST_14:30,27.63,1,37.87,HIGH,2,0,0,0,0,0,NO_TRADE,,NO_TRADE:PAST_14:30,
15:06:57,23385.1,23494.95,23414.0,NARROW,23494.95,23380.1,0.044,DOWNTREND,STRONG_SELL_PREMIUM,BEARISH,NO_TRADE,NO_TRADE:PAST_14:30,27.63,1,37.86,HIGH,2,0,0,0,0,0,NO_TRADE,,NO_TRADE:PAST_14:30,
15:07:12,23388.65,23494.95,23414.0,NARROW,23494.95,23380.1,0.074,DOWNTREND,STRONG_SELL_PREMIUM,BEARISH,NO_TRADE,NO_TRADE:PAST_14:30,27.63,1,37.85,HIGH,2,0,0,0,0,0,NO_TRADE,,NO_TRADE:PAST_14:30,
15:07:27,23386.7,23494.95,23414.0,NARROW,23494.95,23380.1,0.057,DOWNTREND,STRONG_SELL_PREMIUM,BEARISH,NO_TRADE,NO_TRADE:PAST_14:30,27.63,1,37.83,HIGH,2,0,0,0,0,0,NO_TRADE,,NO_TRADE:PAST_14:30,
15:07:42,23387.05,23494.95,23414.0,NARROW,23494.95,23380.1,0.061,DOWNTREND,STRONG_SELL_PREMIUM,BEARISH,NO_TRADE,NO_TRADE:PAST_14:30,27.63,1,37.82,HIGH,2,0,0,0,0,0,NO_TRADE,,NO_TRADE:PAST_14:30,
15:07:57,23384.05,23494.95,23414.0,NARROW,23494.95,23380.1,0.034,DOWNTREND,STRONG_SELL_PREMIUM,BEARISH,NO_TRADE,NO_TRADE:PAST_14:30,27.63,1,37.81,HIGH,2,0,0,0,0,0,NO_TRADE,,NO_TRADE:PAST_14:30,
15:08:12,23385.0,23494.95,23414.0,NARROW,23494.95,23380.1,0.043,DOWNTREND,STRONG_SELL_PREMIUM,BEARISH,NO_TRADE,NO_TRADE:PAST_14:30,27.63,1,37.79,HIGH,2,0,0,0,0,0,NO_TRADE,,NO_TRADE:PAST_14:30,
15:08:27,23384.05,23494.95,23414.0,NARROW,23494.95,23380.1,0.034,DOWNTREND,STRONG_SELL_PREMIUM,BEARISH,NO_TRADE,NO_TRADE:PAST_14:30,27.63,1,37.78,HIGH,2,0,0,0,0,0,NO_TRADE,,NO_TRADE:PAST_14:30,
15:08:42,23386.3,23494.95,23414.0,NARROW,23494.95,23380.1,0.054,DOWNTREND,STRONG_SELL_PREMIUM,BEARISH,NO_TRADE,NO_TRADE:PAST_14:30,27.63,1,37.77,HIGH,2,0,0,0,0,0,NO_TRADE,,NO_TRADE:PAST_14:30,
15:08:57,23389.9,23494.95,23414.0,NARROW,23494.95,23380.1,0.085,DOWNTREND,STRONG_SELL_PREMIUM,BEARISH,NO_TRADE,NO_TRADE:PAST_14:30,27.63,1,37.75,HIGH,2,0,0,0,0,0,NO_TRADE,,NO_TRADE:PAST_14:30,
15:09:12,23388.45,23494.95,23414.0,NARROW,23494.95,23380.1,0.073,DOWNTREND,STRONG_SELL_PREMIUM,BEARISH,NO_TRADE,NO_TRADE:PAST_14:30,27.63,1,37.74,HIGH,2,0,0,0,0,0,NO_TRADE,,NO_TRADE:PAST_14:30,
15:09:27,23389.6,23494.95,23414.0,NARROW,23494.95,23380.1,0.083,DOWNTREND,STRONG_SELL_PREMIUM,BEARISH,NO_TRADE,NO_TRADE:PAST_14:30,27.63,1,37.73,HIGH,2,0,0,0,0,0,NO_TRADE,,NO_TRADE:PAST_14:30,
15:09:42,23391.85,23494.95,23414.0,NARROW,23494.95,23380.1,0.102,DOWNTREND,STRONG_SELL_PREMIUM,BEARISH,NO_TRADE,NO_TRADE:PAST_14:30,27.63,1,37.71,HIGH,2,0,0,0,0,0,NO_TRADE,,NO_TRADE:PAST_14:30,
15:09:57,23391.15,23494.95,23414.0,NARROW,23494.95,23380.1,0.096,DOWNTREND,STRONG_SELL_PREMIUM,BEARISH,NO_TRADE,NO_TRADE:PAST_14:30,27.63,1,37.7,HIGH,2,0,0,0,0,0,NO_TRADE,,NO_TRADE:PAST_14:30,
15:10:12,23388.7,23494.95,23414.0,NARROW,23494.95,23380.1,0.075,DOWNTREND,STRONG_SELL_PREMIUM,BEARISH,NO_TRADE,NO_TRADE:PAST_14:30,29.68,1,37.69,HIGH,2,0,0,0,0,0,NO_TRADE,,NO_TRADE:PAST_14:30,
15:10:27,23390.45,23494.95,23414.0,NARROW,23494.95,23380.1,0.090,DOWNTREND,STRONG_SELL_PREMIUM,BEARISH,NO_TRADE,NO_TRADE:PAST_14:30,29.68,1,37.67,HIGH,2,0,0,0,0,0,NO_TRADE,,NO_TRADE:PAST_14:30,
15:10:42,23391.1,23494.95,23414.0,NARROW,23494.95,23380.1,0.096,DOWNTREND,STRONG_SELL_PREMIUM,BEARISH,NO_TRADE,NO_TRADE:PAST_14:30,29.68,1,37.66,HIGH,2,0,0,0,0,0,NO_TRADE,,NO_TRADE:PAST_14:30,
15:10:57,23389.95,23494.95,23414.0,NARROW,23494.95,23380.1,0.086,DOWNTREND,STRONG_SELL_PREMIUM,BEARISH,NO_TRADE,NO_TRADE:PAST_14:30,29.68,1,37.65,HIGH,2,0,0,0,0,0,NO_TRADE,,NO_TRADE:PAST_14:30,
15:11:12,23388.5,23494.95,23414.0,NARROW,23494.95,23380.1,0.073,DOWNTREND,STRONG_SELL_PREMIUM,BEARISH,NO_TRADE,NO_TRADE:PAST_14:30,29.52,1,37.63,HIGH,2,0,0,0,0,0,NO_TRADE,,NO_TRADE:PAST_14:30,
15:11:27,23392.95,23494.95,23414.0,NARROW,23494.95,23380.1,0.112,DOWNTREND,STRONG_SELL_PREMIUM,BEARISH,NO_TRADE,NO_TRADE:PAST_14:30,29.52,1,37.62,HIGH,2,0,0,0,0,0,NO_TRADE,,NO_TRADE:PAST_14:30,
15:11:42,23390.15,23494.95,23414.0,NARROW,23494.95,23380.1,0.088,DOWNTREND,STRONG_SELL_PREMIUM,BEARISH,NO_TRADE,NO_TRADE:PAST_14:30,29.52,1,37.61,HIGH,2,0,0,0,0,0,NO_TRADE,,NO_TRADE:PAST_14:30,
15:11:57,23390.05,23494.95,23414.0,NARROW,23494.95,23380.1,0.087,DOWNTREND,STRONG_SELL_PREMIUM,BEARISH,NO_TRADE,NO_TRADE:PAST_14:30,29.52,1,37.59,HIGH,2,0,0,0,0,0,NO_TRADE,,NO_TRADE:PAST_14:30,
15:12:12,23387.1,23494.95,23414.0,NARROW,23494.95,23380.1,0.061,DOWNTREND,STRONG_SELL_PREMIUM,BEARISH,NO_TRADE,NO_TRADE:PAST_14:30,29.52,1,37.58,HIGH,2,0,0,0,0,0,NO_TRADE,,NO_TRADE:PAST_14:30,
15:12:27,23388.75,23494.95,23414.0,NARROW,23494.95,23380.1,0.075,DOWNTREND,STRONG_SELL_PREMIUM,BEARISH,NO_TRADE,NO_TRADE:PAST_14:30,29.52,1,37.57,HIGH,2,0,0,0,0,0,NO_TRADE,,NO_TRADE:PAST_14:30,
15:12:42,23387.85,23494.95,23414.0,NARROW,23494.95,23380.1,0.067,DOWNTREND,STRONG_SELL_PREMIUM,BEARISH,NO_TRADE,NO_TRADE:PAST_14:30,29.52,1,37.55,HIGH,2,0,0,0,0,0,NO_TRADE,,NO_TRADE:PAST_14:30,
15:12:57,23388.85,23494.95,23414.0,NARROW,23494.95,23380.1,0.076,DOWNTREND,STRONG_SELL_PREMIUM,BEARISH,NO_TRADE,NO_TRADE:PAST_14:30,29.52,1,37.54,HIGH,2,0,0,0,0,0,NO_TRADE,,NO_TRADE:PAST_14:30,
15:13:12,23392.65,23494.95,23414.0,NARROW,23494.95,23380.1,0.109,DOWNTREND,STRONG_SELL_PREMIUM,BEARISH,NO_TRADE,NO_TRADE:PAST_14:30,28.85,1,37.53,HIGH,2,0,0,0,0,0,NO_TRADE,,NO_TRADE:PAST_14:30,
15:13:27,23389.15,23494.95,23414.0,NARROW,23494.95,23380.1,0.079,DOWNTREND,STRONG_SELL_PREMIUM,BEARISH,NO_TRADE,NO_TRADE:PAST_14:30,28.85,1,37.51,HIGH,2,0,0,0,0,0,NO_TRADE,,NO_TRADE:PAST_14:30,
15:13:43,23396.4,23494.95,23414.0,NARROW,23494.95,23380.1,0.142,RANGE,STRONG_SELL_PREMIUM,BEARISH,NO_TRADE,NO_TRADE:PAST_14:30,28.85,1,37.5,HIGH,2,0,0,0,0,0,NO_TRADE,,NO_TRADE:PAST_14:30,
15:13:57,23392.55,23494.95,23414.0,NARROW,23494.95,23380.1,0.108,DOWNTREND,STRONG_SELL_PREMIUM,BEARISH,NO_TRADE,NO_TRADE:PAST_14:30,28.85,1,37.49,HIGH,2,0,0,0,0,0,NO_TRADE,,NO_TRADE:PAST_14:30,
15:14:12,23389.45,23494.95,23414.0,NARROW,23494.95,23380.1,0.081,DOWNTREND,STRONG_SELL_PREMIUM,BEARISH,NO_TRADE,NO_TRADE:PAST_14:30,28.85,1,37.47,HIGH,2,0,0,0,0,0,NO_TRADE,,NO_TRADE:PAST_14:30,
15:14:28,23390.75,23494.95,23414.0,NARROW,23494.95,23380.1,0.093,DOWNTREND,STRONG_SELL_PREMIUM,BEARISH,NO_TRADE,NO_TRADE:PAST_14:30,28.85,1,37.46,HIGH,2,0,0,0,0,0,NO_TRADE,,NO_TRADE:PAST_14:30,
15:14:43,23393.8,23494.95,23414.0,NARROW,23494.95,23380.1,0.119,DOWNTREND,STRONG_SELL_PREMIUM,BEARISH,NO_TRADE,NO_TRADE:PAST_14:30,28.85,1,37.45,HIGH,2,0,0,0,0,0,NO_TRADE,,NO_TRADE:PAST_14:30,
15:14:58,23391.75,23494.95,23414.0,NARROW,23494.95,23380.1,0.101,DOWNTREND,STRONG_SELL_PREMIUM,BEARISH,NO_TRADE,NO_TRADE:PAST_14:30,28.85,1,37.44,HIGH,2,0,0,0,0,0,NO_TRADE,,NO_TRADE:PAST_14:30,
15:15:13,23389.25,23494.95,23414.0,NARROW,23494.95,23380.1,0.080,DOWNTREND,STRONG_SELL_PREMIUM,BEARISH,NO_TRADE,NO_TRADE:PAST_14:30,29.95,1,37.42,HIGH,2,0,0,0,0,0,NO_TRADE,,NO_TRADE:PAST_14:30,
15:15:28,23389.25,23494.95,23414.0,NARROW,23494.95,23380.1,0.080,DOWNTREND,STRONG_SELL_PREMIUM,BEARISH,NO_TRADE,NO_TRADE:PAST_14:30,29.95,1,37.41,HIGH,2,0,0,0,0,0,NO_TRADE,,NO_TRADE:PAST_14:30,
15:15:43,23389.25,23494.95,23414.0,NARROW,23494.95,23380.1,0.080,DOWNTREND,STRONG_SELL_PREMIUM,BEARISH,NO_TRADE,NO_TRADE:PAST_14:30,29.95,1,37.4,HIGH,2,0,0,0,0,0,NO_TRADE,,NO_TRADE:PAST_14:30,
15:15:58,23389.25,23494.95,23414.0,NARROW,23494.95,23380.1,0.080,DOWNTREND,STRONG_SELL_PREMIUM,BEARISH,NO_TRADE,NO_TRADE:PAST_14:30,29.95,1,37.38,HIGH,2,0,0,0,0,0,NO_TRADE,,NO_TRADE:PAST_14:30,
15:16:13,23389.25,23494.95,23414.0,NARROW,23494.95,23380.1,0.080,DOWNTREND,STRONG_SELL_PREMIUM,BEARISH,NO_TRADE,NO_TRADE:PAST_14:30,29.95,1,37.37,HIGH,2,0,0,0,0,0,NO_TRADE,,NO_TRADE:PAST_14:30,
15:16:28,23389.25,23494.95,23414.0,NARROW,23494.95,23380.1,0.080,DOWNTREND,STRONG_SELL_PREMIUM,BEARISH,NO_TRADE,NO_TRADE:PAST_14:30,29.95,1,37.36,HIGH,2,0,0,0,0,0,NO_TRADE,,NO_TRADE:PAST_14:30,
15:16:43,23389.25,23494.95,23414.0,NARROW,23494.95,23380.1,0.080,DOWNTREND,STRONG_SELL_PREMIUM,BEARISH,NO_TRADE,NO_TRADE:PAST_14:30,29.95,1,37.34,HIGH,2,0,0,0,0,0,NO_TRADE,,NO_TRADE:PAST_14:30,
15:16:58,23389.25,23494.95,23414.0,NARROW,23494.95,23380.1,0.080,DOWNTREND,STRONG_SELL_PREMIUM,BEARISH,NO_TRADE,NO_TRADE:PAST_14:30,29.95,1,37.33,HIGH,2,0,0,0,0,0,NO_TRADE,,NO_TRADE:PAST_14:30,
15:17:13,23389.25,23494.95,23414.0,NARROW,23494.95,23380.1,0.080,DOWNTREND,STRONG_SELL_PREMIUM,BEARISH,NO_TRADE,NO_TRADE:PAST_14:30,29.95,1,37.32,HIGH,2,0,0,0,0,0,NO_TRADE,,NO_TRADE:PAST_14:30,
15:17:28,23389.25,23494.95,23414.0,NARROW,23494.95,23380.1,0.080,DOWNTREND,STRONG_SELL_PREMIUM,BEARISH,NO_TRADE,NO_TRADE:PAST_14:30,29.95,1,37.31,HIGH,2,0,0,0,0,0,NO_TRADE,,NO_TRADE:PAST_14:30,
15:17:43,23389.25,23494.95,23414.0,NARROW,23494.95,23380.1,0.080,DOWNTREND,STRONG_SELL_PREMIUM,BEARISH,NO_TRADE,NO_TRADE:PAST_14:30,29.95,1,37.29,HIGH,2,0,0,0,0,0,NO_TRADE,,NO_TRADE:PAST_14:30,
15:17:58,23389.25,23494.95,23414.0,NARROW,23494.95,23380.1,0.080,DOWNTREND,STRONG_SELL_PREMIUM,BEARISH,NO_TRADE,NO_TRADE:PAST_14:30,29.95,1,37.28,HIGH,2,0,0,0,0,0,NO_TRADE,,NO_TRADE:PAST_14:30,
15:18:13,23389.25,23494.95,23414.0,NARROW,23494.95,23380.1,0.080,DOWNTREND,STRONG_SELL_PREMIUM,BEARISH,NO_TRADE,NO_TRADE:PAST_14:30,29.95,1,37.27,HIGH,2,0,0,0,0,0,NO_TRADE,,NO_TRADE:PAST_14:30,
15:18:28,23389.25,23494.95,23414.0,NARROW,23494.95,23380.1,0.080,DOWNTREND,STRONG_SELL_PREMIUM,BEARISH,NO_TRADE,NO_TRADE:PAST_14:30,29.95,1,37.25,HIGH,2,0,0,0,0,0,NO_TRADE,,NO_TRADE:PAST_14:30,
15:18:43,23389.25,23494.95,23414.0,NARROW,23494.95,23380.1,0.080,DOWNTREND,STRONG_SELL_PREMIUM,BEARISH,NO_TRADE,NO_TRADE:PAST_14:30,29.95,1,37.24,HIGH,2,0,0,0,0,0,NO_TRADE,,NO_TRADE:PAST_14:30,
15:18:58,23389.25,23494.95,23414.0,NARROW,23494.95,23380.1,0.080,DOWNTREND,STRONG_SELL_PREMIUM,BEARISH,NO_TRADE,NO_TRADE:PAST_14:30,29.95,1,37.23,HIGH,2,0,0,0,0,0,NO_TRADE,,NO_TRADE:PAST_14:30,
15:19:13,23389.25,23494.95,23414.0,NARROW,23494.95,23380.1,0.080,DOWNTREND,STRONG_SELL_PREMIUM,BEARISH,NO_TRADE,NO_TRADE:PAST_14:30,29.95,1,37.22,HIGH,2,0,0,0,0,0,NO_TRADE,,NO_TRADE:PAST_14:30,
15:19:28,23389.25,23494.95,23414.0,NARROW,23494.95,23380.1,0.080,DOWNTREND,STRONG_SELL_PREMIUM,BEARISH,NO_TRADE,NO_TRADE:PAST_14:30,29.95,1,37.2,HIGH,2,0,0,0,0,0,NO_TRADE,,NO_TRADE:PAST_14:30,
15:19:43,23389.25,23494.95,23414.0,NARROW,23494.95,23380.1,0.080,DOWNTREND,STRONG_SELL_PREMIUM,BEARISH,NO_TRADE,NO_TRADE:PAST_14:30,29.95,1,37.19,HIGH,2,0,0,0,0,0,NO_TRADE,,NO_TRADE:PAST_14:30,
15:19:58,23389.25,23494.95,23414.0,NARROW,23494.95,23380.1,0.080,DOWNTREND,STRONG_SELL_PREMIUM,BEARISH,NO_TRADE,NO_TRADE:PAST_14:30,29.95,1,37.18,HIGH,2,0,0,0,0,0,NO_TRADE,,NO_TRADE:PAST_14:30,
15:20:13,23389.25,23494.95,23414.0,NARROW,23494.95,23380.1,0.080,DOWNTREND,STRONG_SELL_PREMIUM,BEARISH,NO_TRADE,NO_TRADE:PAST_14:30,30.93,1,37.17,HIGH,2,0,0,0,0,0,NO_TRADE,,NO_TRADE:PAST_14:30,
15:20:28,23389.25,23494.95,23414.0,NARROW,23494.95,23380.1,0.080,DOWNTREND,STRONG_SELL_PREMIUM,BEARISH,NO_TRADE,NO_TRADE:PAST_14:30,30.93,1,37.15,HIGH,2,0,0,0,0,0,NO_TRADE,,NO_TRADE:PAST_14:30,
15:20:43,23389.25,23494.95,23414.0,NARROW,23494.95,23380.1,0.080,DOWNTREND,STRONG_SELL_PREMIUM,BEARISH,NO_TRADE,NO_TRADE:PAST_14:30,30.93,1,37.14,HIGH,2,0,0,0,0,0,NO_TRADE,,NO_TRADE:PAST_14:30,
15:20:58,23389.25,23494.95,23414.0,NARROW,23494.95,23380.1,0.080,DOWNTREND,STRONG_SELL_PREMIUM,BEARISH,NO_TRADE,NO_TRADE:PAST_14:30,30.93,1,37.13,HIGH,2,0,0,0,0,0,NO_TRADE,,NO_TRADE:PAST_14:30,
15:21:13,23389.25,23494.95,23414.0,NARROW,23494.95,23380.1,0.080,DOWNTREND,SELL_PREMIUM,BEARISH,NO_TRADE,NO_TRADE:PAST_14:30,30.93,1,37.11,HIGH,2,0,0,0,0,0,NO_TRADE,,NO_TRADE:PAST_14:30,
15:21:28,23389.25,23494.95,23414.0,NARROW,23494.95,23380.1,0.080,DOWNTREND,SELL_PREMIUM,BEARISH,NO_TRADE,NO_TRADE:PAST_14:30,30.93,1,37.1,HIGH,2,0,0,0,0,0,NO_TRADE,,NO_TRADE:PAST_14:30,
15:21:43,23389.25,23494.95,23414.0,NARROW,23494.95,23380.1,0.080,DOWNTREND,SELL_PREMIUM,BEARISH,NO_TRADE,NO_TRADE:PAST_14:30,30.93,1,37.09,HIGH,2,0,0,0,0,0,NO_TRADE,,NO_TRADE:PAST_14:30,
15:21:58,23389.25,23494.95,23414.0,NARROW,23494.95,23380.1,0.080,DOWNTREND,SELL_PREMIUM,BEARISH,NO_TRADE,NO_TRADE:PAST_14:30,30.93,1,37.08,HIGH,2,0,0,0,0,0,NO_TRADE,,NO_TRADE:PAST_14:30,
15:22:13,23389.25,23494.95,23414.0,NARROW,23494.95,23380.1,0.080,DOWNTREND,SELL_PREMIUM,BEARISH,NO_TRADE,NO_TRADE:PAST_14:30,30.93,1,37.06,HIGH,2,0,0,0,0,0,NO_TRADE,,NO_TRADE:PAST_14:30,
15:22:28,23389.25,23494.95,23414.0,NARROW,23494.95,23380.1,0.080,DOWNTREND,SELL_PREMIUM,BEARISH,NO_TRADE,NO_TRADE:PAST_14:30,30.93,1,37.05,HIGH,2,0,0,0,0,0,NO_TRADE,,NO_TRADE:PAST_14:30,
15:22:43,23389.25,23494.95,23414.0,NARROW,23494.95,23380.1,0.080,DOWNTREND,SELL_PREMIUM,BEARISH,NO_TRADE,NO_TRADE:PAST_14:30,30.93,1,37.04,HIGH,2,0,0,0,0,0,NO_TRADE,,NO_TRADE:PAST_14:30,
15:22:58,23389.25,23494.95,23414.0,NARROW,23494.95,23380.1,0.080,DOWNTREND,SELL_PREMIUM,BEARISH,NO_TRADE,NO_TRADE:PAST_14:30,30.93,1,37.03,HIGH,2,0,0,0,0,0,NO_TRADE,,NO_TRADE:PAST_14:30,
15:23:13,23389.25,23494.95,23414.0,NARROW,23494.95,23380.1,0.080,DOWNTREND,SELL_PREMIUM,BEARISH,NO_TRADE,NO_TRADE:PAST_14:30,30.93,1,37.01,HIGH,2,0,0,0,0,0,NO_TRADE,,NO_TRADE:PAST_14:30,
15:23:28,23389.25,23494.95,23414.0,NARROW,23494.95,23380.1,0.080,DOWNTREND,SELL_PREMIUM,BEARISH,NO_TRADE,NO_TRADE:PAST_14:30,30.93,1,37.0,HIGH,2,0,0,0,0,0,NO_TRADE,,NO_TRADE:PAST_14:30,
15:23:43,23389.25,23494.95,23414.0,NARROW,23494.95,23380.1,0.080,DOWNTREND,SELL_PREMIUM,BEARISH,NO_TRADE,NO_TRADE:PAST_14:30,30.93,1,36.99,HIGH,2,0,0,0,0,0,NO_TRADE,,NO_TRADE:PAST_14:30,
15:23:58,23389.25,23494.95,23414.0,NARROW,23494.95,23380.1,0.080,DOWNTREND,SELL_PREMIUM,BEARISH,NO_TRADE,NO_TRADE:PAST_14:30,30.93,1,36.98,HIGH,2,0,0,0,0,0,NO_TRADE,,NO_TRADE:PAST_14:30,
15:24:13,23389.25,23494.95,23414.0,NARROW,23494.95,23380.1,0.080,DOWNTREND,SELL_PREMIUM,BEARISH,NO_TRADE,NO_TRADE:PAST_14:30,30.93,1,36.96,HIGH,2,0,0,0,0,0,NO_TRADE,,NO_TRADE:PAST_14:30,
15:24:28,23389.25,23494.95,23414.0,NARROW,23494.95,23380.1,0.080,DOWNTREND,SELL_PREMIUM,BEARISH,NO_TRADE,NO_TRADE:PAST_14:30,30.93,1,36.95,HIGH,2,0,0,0,0,0,NO_TRADE,,NO_TRADE:PAST_14:30,
15:24:43,23389.25,23494.95,23414.0,NARROW,23494.95,23380.1,0.080,DOWNTREND,SELL_PREMIUM,BEARISH,NO_TRADE,NO_TRADE:PAST_14:30,30.93,1,36.94,HIGH,2,0,0,0,0,0,NO_TRADE,,NO_TRADE:PAST_14:30,
15:24:58,23389.25,23494.95,23414.0,NARROW,23494.95,23380.1,0.080,DOWNTREND,SELL_PREMIUM,BEARISH,NO_TRADE,NO_TRADE:PAST_14:30,30.93,1,36.93,HIGH,2,0,0,0,0,0,NO_TRADE,,NO_TRADE:PAST_14:30,
15:25:13,23389.25,23494.95,23414.0,NARROW,23494.95,23380.1,0.080,DOWNTREND,SELL_PREMIUM,BEARISH,NO_TRADE,NO_TRADE:PAST_14:30,31.82,1,36.91,HIGH,2,0,0,0,0,0,NO_TRADE,,NO_TRADE:PAST_14:30,
15:25:28,23389.25,23494.95,23414.0,NARROW,23494.95,23380.1,0.080,DOWNTREND,SELL_PREMIUM,BEARISH,NO_TRADE,NO_TRADE:PAST_14:30,31.82,1,36.9,HIGH,2,0,0,0,0,0,NO_TRADE,,NO_TRADE:PAST_14:30,
15:25:43,23389.25,23494.95,23414.0,NARROW,23494.95,23380.1,0.080,DOWNTREND,SELL_PREMIUM,BEARISH,NO_TRADE,NO_TRADE:PAST_14:30,31.82,1,36.89,HIGH,2,0,0,0,0,0,NO_TRADE,,NO_TRADE:PAST_14:30,
15:25:58,23389.25,23494.95,23414.0,NARROW,23494.95,23380.1,0.080,DOWNTREND,SELL_PREMIUM,BEARISH,NO_TRADE,NO_TRADE:PAST_14:30,31.82,1,36.88,HIGH,2,0,0,0,0,0,NO_TRADE,,NO_TRADE:PAST_14:30,
15:26:13,23389.25,23494.95,23414.0,NARROW,23494.95,23380.1,0.080,DOWNTREND,SELL_PREMIUM,BEARISH,NO_TRADE,NO_TRADE:PAST_14:30,31.82,1,36.86,HIGH,2,0,0,0,0,0,NO_TRADE,,NO_TRADE:PAST_14:30,
15:26:28,23389.25,23494.95,23414.0,NARROW,23494.95,23380.1,0.080,DOWNTREND,SELL_PREMIUM,BEARISH,NO_TRADE,NO_TRADE:PAST_14:30,31.82,1,36.85,HIGH,2,0,0,0,0,0,NO_TRADE,,NO_TRADE:PAST_14:30,
15:26:43,23389.25,23494.95,23414.0,NARROW,23494.95,23380.1,0.080,DOWNTREND,SELL_PREMIUM,BEARISH,NO_TRADE,NO_TRADE:PAST_14:30,31.82,1,36.84,HIGH,2,0,0,0,0,0,NO_TRADE,,NO_TRADE:PAST_14:30,
15:26:58,23389.25,23494.95,23414.0,NARROW,23494.95,23380.1,0.080,DOWNTREND,SELL_PREMIUM,BEARISH,NO_TRADE,NO_TRADE:PAST_14:30,31.82,1,36.83,HIGH,2,0,0,0,0,0,NO_TRADE,,NO_TRADE:PAST_14:30,
15:27:14,23389.25,23494.95,23414.0,NARROW,23494.95,23380.1,0.080,DOWNTREND,SELL_PREMIUM,BEARISH,NO_TRADE,NO_TRADE:PAST_14:30,31.82,1,36.81,HIGH,2,0,0,0,0,0,NO_TRADE,,NO_TRADE:PAST_14:30,
15:27:28,23389.25,23494.95,23414.0,NARROW,23494.95,23380.1,0.080,DOWNTREND,SELL_PREMIUM,BEARISH,NO_TRADE,NO_TRADE:PAST_14:30,31.82,1,36.8,HIGH,2,0,0,0,0,0,NO_TRADE,,NO_TRADE:PAST_14:30,
15:27:44,23389.25,23494.95,23414.0,NARROW,23494.95,23380.1,0.080,DOWNTREND,SELL_PREMIUM,BEARISH,NO_TRADE,NO_TRADE:PAST_14:30,31.82,1,36.79,HIGH,2,0,0,0,0,0,NO_TRADE,,NO_TRADE:PAST_14:30,
15:27:59,23389.25,23494.95,23414.0,NARROW,23494.95,23380.1,0.080,DOWNTREND,SELL_PREMIUM,BEARISH,NO_TRADE,NO_TRADE:PAST_14:30,31.82,1,36.78,HIGH,2,0,0,0,0,0,NO_TRADE,,NO_TRADE:PAST_14:30,
15:28:14,23389.25,23494.95,23414.0,NARROW,23494.95,23380.1,0.080,DOWNTREND,SELL_PREMIUM,BEARISH,NO_TRADE,NO_TRADE:PAST_14:30,31.82,1,36.76,HIGH,2,0,0,0,0,0,NO_TRADE,,NO_TRADE:PAST_14:30,
15:28:29,23389.25,23494.95,23414.0,NARROW,23494.95,23380.1,0.080,DOWNTREND,SELL_PREMIUM,BEARISH,NO_TRADE,NO_TRADE:PAST_14:30,31.82,1,36.75,HIGH,2,0,0,0,0,0,NO_TRADE,,NO_TRADE:PAST_14:30,
15:28:44,23389.25,23494.95,23414.0,NARROW,23494.95,23380.1,0.080,DOWNTREND,SELL_PREMIUM,BEARISH,NO_TRADE,NO_TRADE:PAST_14:30,31.82,1,36.74,HIGH,2,0,0,0,0,0,NO_TRADE,,NO_TRADE:PAST_14:30,
15:28:59,23389.25,23494.95,23414.0,NARROW,23494.95,23380.1,0.080,DOWNTREND,SELL_PREMIUM,BEARISH,NO_TRADE,NO_TRADE:PAST_14:30,31.82,1,36.73,HIGH,2,0,0,0,0,0,NO_TRADE,,NO_TRADE:PAST_14:30,
15:29:14,23477.8,23494.95,23414.0,NARROW,23494.95,23380.1,0.851,UPTREND,SELL_PREMIUM,UNCLEAR,NO_TRADE,NO_TRADE:PAST_14:30,32.58,1,36.72,HIGH,2,0,0,0,0,0,NO_TRADE,,NO_TRADE:PAST_14:30,
15:29:29,23477.8,23494.95,23414.0,NARROW,23494.95,23380.1,0.851,UPTREND,SELL_PREMIUM,UNCLEAR,NO_TRADE,NO_TRADE:PAST_14:30,32.58,1,36.7,HIGH,2,0,0,0,0,0,NO_TRADE,,NO_TRADE:PAST_14:30,
15:29:44,23477.8,23494.95,23414.0,NARROW,23494.95,23380.1,0.851,UPTREND,SELL_PREMIUM,UNCLEAR,NO_TRADE,NO_TRADE:PAST_14:30,32.58,1,36.69,HIGH,2,0,0,0,0,0,NO_TRADE,,NO_TRADE:PAST_14:30,
15:29:59,23477.8,23494.95,23414.0,NARROW,23494.95,23380.1,0.851,UPTREND,SELL_PREMIUM,UNCLEAR,NO_TRADE,NO_TRADE:PAST_14:30,32.58,1,36.68,HIGH,2,0,0,0,0,0,NO_TRADE,,NO_TRADE:PAST_14:30,
15:30:14,23477.8,23494.95,23414.0,NARROW,23494.95,23380.1,0.851,UPTREND,NEUTRAL,UNCLEAR,NO_TRADE,NO_TRADE:PAST_14:30,32.58,1,36.68,MEDIUM,2,0,0,0,0,0,NO_TRADE,,NO_TRADE:PAST_14:30,
15:30:29,23477.8,23494.95,23414.0,NARROW,23494.95,23380.1,0.851,UPTREND,NEUTRAL,UNCLEAR,NO_TRADE,NO_TRADE:PAST_14:30,32.58,1,36.68,MEDIUM,2,0,0,0,0,0,NO_TRADE,,NO_TRADE:PAST_14:30,
15:30:44,23477.8,23494.95,23414.0,NARROW,23494.95,23380.1,0.851,UPTREND,NEUTRAL,UNCLEAR,NO_TRADE,NO_TRADE:PAST_14:30,32.58,1,36.68,MEDIUM,2,0,0,0,0,0,NO_TRADE,,NO_TRADE:PAST_14:30,
15:30:59,23477.8,23494.95,23414.0,NARROW,23494.95,23380.1,0.851,UPTREND,NEUTRAL,UNCLEAR,NO_TRADE,NO_TRADE:PAST_14:30,32.58,1,36.68,MEDIUM,2,0,0,0,0,0,NO_TRADE,,NO_TRADE:PAST_14:30,
