time,spot,or_h,or_l,or_cond,day_h,day_l,loc,px,vol,pos,final,notes,adx,adx_m,dmu,conf,dte,choppy,fade_hi,fade_lo,fb_lo,fb_hi,action,strat,reason,in_trade
09:15:18,23339.35,,,,23360.55,23324.5,0.412,OBSERVING,NEUTRAL,RANGE,NO_TRADE,NO_TRADE:OR_NOT_ESTABLISHED,0.0,0,0.0,NONE,2,0,0,0,0,0,NO_TRADE,,NO_TRADE:OR_NOT_ESTABLISHED,
09:15:31,23338.75,,,,23360.55,23324.5,0.395,OBSERVING,NEUTRAL,RANGE,NO_TRADE,NO_TRADE:OR_NOT_ESTABLISHED,0.0,0,0.0,NONE,2,0,0,0,0,0,NO_TRADE,,NO_TRADE:OR_NOT_ESTABLISHED,
09:15:46,23332.1,,,,23360.55,23324.5,0.211,OBSERVING,NEUTRAL,RANGE,NO_TRADE,NO_TRADE:OR_NOT_ESTABLISHED,0.0,0,0.0,NONE,2,0,0,0,0,0,NO_TRADE,,NO_TRADE:OR_NOT_ESTABLISHED,
09:16:01,23336.45,,,,23360.55,23323.8,0.344,OBSERVING,NEUTRAL,RANGE,NO_TRADE,NO_TRADE:OR_NOT_ESTABLISHED,0.0,0,0.0,NONE,2,0,0,0,0,0,NO_TRADE,,NO_TRADE:OR_NOT_ESTABLISHED,
09:16:16,23335.2,,,,23360.55,23323.8,0.310,OBSERVING,NEUTRAL,STRONG_RANGE,NO_TRADE,NO_TRADE:OR_NOT_ESTABLISHED,0.0,0,0.0,NONE,2,0,0,0,0,0,NO_TRADE,,NO_TRADE:OR_NOT_ESTABLISHED,
09:16:31,23337.85,,,,23360.55,23323.8,0.382,OBSERVING,NEUTRAL,STRONG_RANGE,NO_TRADE,NO_TRADE:OR_NOT_ESTABLISHED,0.0,0,0.0,NONE,2,0,0,0,0,0,NO_TRADE,,NO_TRADE:OR_NOT_ESTABLISHED,
09:16:55,23342.3,,,,23360.55,23323.8,0.503,OBSERVING,NEUTRAL,STRONG_RANGE,NO_TRADE,NO_TRADE:OR_NOT_ESTABLISHED,0.0,0,0.0,NONE,2,0,0,0,0,0,NO_TRADE,,NO_TRADE:OR_NOT_ESTABLISHED,
09:17:10,23341.75,,,,23360.55,23323.8,0.488,OBSERVING,NEUTRAL,STRONG_RANGE,NO_TRADE,NO_TRADE:OR_NOT_ESTABLISHED,0.0,0,0.0,NONE,2,0,0,0,0,0,NO_TRADE,,NO_TRADE:OR_NOT_ESTABLISHED,
09:17:19,23345.0,,,,23360.55,23323.8,0.577,OBSERVING,NEUTRAL,STRONG_RANGE,NO_TRADE,NO_TRADE:OR_NOT_ESTABLISHED,0.0,0,0.0,NONE,2,0,0,0,0,0,NO_TRADE,,NO_TRADE:OR_NOT_ESTABLISHED,
09:17:33,23344.6,,,,23360.55,23323.8,0.566,OBSERVING,NEUTRAL,STRONG_RANGE,NO_TRADE,NO_TRADE:OR_NOT_ESTABLISHED,0.0,0,0.0,NONE,2,0,0,0,0,0,NO_TRADE,,NO_TRADE:OR_NOT_ESTABLISHED,
09:17:48,23343.7,,,,23360.55,23323.8,0.541,OBSERVING,NEUTRAL,STRONG_RANGE,NO_TRADE,NO_TRADE:OR_NOT_ESTABLISHED,0.0,0,0.0,NONE,2,0,0,0,0,0,NO_TRADE,,NO_TRADE:OR_NOT_ESTABLISHED,
09:18:03,23345.05,,,,23360.55,23319.3,0.624,OBSERVING,NEUTRAL,STRONG_RANGE,NO_TRADE,NO_TRADE:OR_NOT_ESTABLISHED,0.0,0,0.0,NONE,2,0,0,0,0,0,NO_TRADE,,NO_TRADE:OR_NOT_ESTABLISHED,
09:18:18,23339.4,,,,23360.55,23319.3,0.487,OBSERVING,NEUTRAL,STRONG_RANGE,NO_TRADE,NO_TRADE:OR_NOT_ESTABLISHED,0.0,0,0.0,NONE,2,0,0,0,0,0,NO_TRADE,,NO_TRADE:OR_NOT_ESTABLISHED,
09:18:33,23329.3,,,,23360.55,23319.3,0.242,OBSERVING,NEUTRAL,STRONG_RANGE,NO_TRADE,NO_TRADE:OR_NOT_ESTABLISHED,0.0,0,0.0,NONE,2,0,0,0,0,0,NO_TRADE,,NO_TRADE:OR_NOT_ESTABLISHED,
09:18:48,23326.85,,,,23360.55,23319.3,0.183,OBSERVING,NEUTRAL,STRONG_RANGE,NO_TRADE,NO_TRADE:OR_NOT_ESTABLISHED,0.0,0,0.0,NONE,2,0,0,0,0,0,NO_TRADE,,NO_TRADE:OR_NOT_ESTABLISHED,
09:19:03,23321.5,,,,23360.55,23315.4,0.135,OBSERVING,NEUTRAL,STRONG_RANGE,NO_TRADE,NO_TRADE:OR_NOT_ESTABLISHED,0.0,0,0.0,NONE,2,0,0,0,0,0,NO_TRADE,,NO_TRADE:OR_NOT_ESTABLISHED,
09:19:18,23315.85,,,,23360.55,23315.4,0.010,OBSERVING,NEUTRAL,STRONG_RANGE,NO_TRADE,NO_TRADE:OR_NOT_ESTABLISHED,0.0,0,0.0,NONE,2,0,0,0,0,0,NO_TRADE,,NO_TRADE:OR_NOT_ESTABLISHED,
09:19:33,23323.85,,,,23360.55,23315.4,0.187,OBSERVING,NEUTRAL,STRONG_RANGE,NO_TRADE,NO_TRADE:OR_NOT_ESTABLISHED,0.0,0,0.0,NONE,2,0,0,0,0,0,NO_TRADE,,NO_TRADE:OR_NOT_ESTABLISHED,
09:19:48,23321.35,,,,23360.55,23315.4,0.132,OBSERVING,NEUTRAL,STRONG_RANGE,NO_TRADE,NO_TRADE:OR_NOT_ESTABLISHED,0.0,0,0.0,NONE,2,0,0,0,0,0,NO_TRADE,,NO_TRADE:OR_NOT_ESTABLISHED,
09:20:03,23323.7,,,,23360.55,23305.05,0.336,OBSERVING,NEUTRAL,STRONG_RANGE,NO_TRADE,NO_TRADE:OR_NOT_ESTABLISHED,0.0,0,0.0,NONE,2,0,0,0,0,0,NO_TRADE,,NO_TRADE:OR_NOT_ESTABLISHED,
09:20:18,23317.25,,,,23360.55,23305.05,0.220,OBSERVING,NEUTRAL,STRONG_RANGE,NO_TRADE,NO_TRADE:OR_NOT_ESTABLISHED,0.0,0,0.0,NONE,2,0,0,0,0,0,NO_TRADE,,NO_TRADE:OR_NOT_ESTABLISHED,
09:20:33,23311.05,,,,23360.55,23305.05,0.108,OBSERVING,NEUTRAL,STRONG_RANGE,NO_TRADE,NO_TRADE:OR_NOT_ESTABLISHED,0.0,0,0.0,NONE,2,0,0,0,0,0,NO_TRADE,,NO_TRADE:OR_NOT_ESTABLISHED,
09:20:48,23306.5,,,,23360.55,23305.05,0.026,OBSERVING,NEUTRAL,STRONG_RANGE,NO_TRADE,NO_TRADE:OR_NOT_ESTABLISHED,0.0,0,0.0,NONE,2,0,0,0,0,0,NO_TRADE,,NO_TRADE:OR_NOT_ESTABLISHED,
09:21:03,23310.6,,,,23360.55,23305.05,0.100,OBSERVING,NEUTRAL,STRONG_RANGE,NO_TRADE,NO_TRADE:OR_NOT_ESTABLISHED,0.0,0,0.0,NONE,2,0,0,0,0,0,NO_TRADE,,NO_TRADE:OR_NOT_ESTABLISHED,
09:21:18,23309.75,,,,23360.55,23305.05,0.085,OBSERVING,NEUTRAL,STRONG_RANGE,NO_TRADE,NO_TRADE:OR_NOT_ESTABLISHED,0.0,0,0.0,NONE,2,0,0,0,0,0,NO_TRADE,,NO_TRADE:OR_NOT_ESTABLISHED,
09:21:33,23309.05,,,,23360.55,23305.05,0.072,OBSERVING,NEUTRAL,STRONG_RANGE,NO_TRADE,NO_TRADE:OR_NOT_ESTABLISHED,0.0,0,0.0,NONE,2,0,0,0,0,0,NO_TRADE,,NO_TRADE:OR_NOT_ESTABLISHED,
09:21:48,23309.55,,,,23360.55,23305.05,0.081,OBSERVING,NEUTRAL,STRONG_RANGE,NO_TRADE,NO_TRADE:OR_NOT_ESTABLISHED,0.0,0,0.0,NONE,2,0,0,0,0,0,NO_TRADE,,NO_TRADE:OR_NOT_ESTABLISHED,
09:22:03,23312.1,,,,23360.55,23305.05,0.127,OBSERVING,NEUTRAL,STRONG_RANGE,NO_TRADE,NO_TRADE:OR_NOT_ESTABLISHED,0.0,0,0.0,NONE,2,0,0,0,0,0,NO_TRADE,,NO_TRADE:OR_NOT_ESTABLISHED,
09:22:18,23317.85,,,,23360.55,23305.05,0.231,OBSERVING,NEUTRAL,STRONG_RANGE,NO_TRADE,NO_TRADE:OR_NOT_ESTABLISHED,0.0,0,0.0,NONE,2,0,0,0,0,0,NO_TRADE,,NO_TRADE:OR_NOT_ESTABLISHED,
09:22:33,23315.65,,,,23360.55,23305.05,0.191,OBSERVING,NEUTRAL,STRONG_RANGE,NO_TRADE,NO_TRADE:OR_NOT_ESTABLISHED,0.0,0,0.0,NONE,2,0,0,0,0,0,NO_TRADE,,NO_TRADE:OR_NOT_ESTABLISHED,
09:22:48,23313.85,,,,23360.55,23305.05,0.159,OBSERVING,NEUTRAL,STRONG_RANGE,NO_TRADE,NO_TRADE:OR_NOT_ESTABLISHED,0.0,0,0.0,NONE,2,0,0,0,0,0,NO_TRADE,,NO_TRADE:OR_NOT_ESTABLISHED,
09:23:03,23316.55,,,,23360.55,23305.05,0.207,OBSERVING,NEUTRAL,STRONG_RANGE,NO_TRADE,NO_TRADE:OR_NOT_ESTABLISHED,0.0,0,0.0,NONE,2,0,0,0,0,0,NO_TRADE,,NO_TRADE:OR_NOT_ESTABLISHED,
09:23:18,23315.6,,,,23360.55,23305.05,0.190,OBSERVING,NEUTRAL,STRONG_RANGE,NO_TRADE,NO_TRADE:OR_NOT_ESTABLISHED,0.0,0,0.0,NONE,2,0,0,0,0,0,NO_TRADE,,NO_TRADE:OR_NOT_ESTABLISHED,
09:23:33,23320.2,,,,23360.55,23305.05,0.273,OBSERVING,NEUTRAL,STRONG_RANGE,NO_TRADE,NO_TRADE:OR_NOT_ESTABLISHED,0.0,0,0.0,NONE,2,0,0,0,0,0,NO_TRADE,,NO_TRADE:OR_NOT_ESTABLISHED,
09:23:48,23322.35,,,,23360.55,23305.05,0.312,OBSERVING,NEUTRAL,STRONG_RANGE,NO_TRADE,NO_TRADE:OR_NOT_ESTABLISHED,0.0,0,0.0,NONE,2,0,0,0,0,0,NO_TRADE,,NO_TRADE:OR_NOT_ESTABLISHED,
09:24:03,23326.65,,,,23360.55,23305.05,0.389,OBSERVING,NEUTRAL,STRONG_RANGE,NO_TRADE,NO_TRADE:OR_NOT_ESTABLISHED,0.0,0,0.0,NONE,2,0,0,0,0,0,NO_TRADE,,NO_TRADE:OR_NOT_ESTABLISHED,
09:24:18,23327.8,,,,23360.55,23305.05,0.410,OBSERVING,NEUTRAL,STRONG_RANGE,NO_TRADE,NO_TRADE:OR_NOT_ESTABLISHED,0.0,0,0.0,NONE,2,0,0,0,0,0,NO_TRADE,,NO_TRADE:OR_NOT_ESTABLISHED,
09:24:33,23329.0,,,,23360.55,23305.05,0.432,OBSERVING,NEUTRAL,STRONG_RANGE,NO_TRADE,NO_TRADE:OR_NOT_ESTABLISHED,0.0,0,0.0,NONE,2,0,0,0,0,0,NO_TRADE,,NO_TRADE:OR_NOT_ESTABLISHED,
09:24:48,23331.45,,,,23360.55,23305.05,0.476,OBSERVING,NEUTRAL,STRONG_RANGE,NO_TRADE,NO_TRADE:OR_NOT_ESTABLISHED,0.0,0,0.0,NONE,2,0,0,0,0,0,NO_TRADE,,NO_TRADE:OR_NOT_ESTABLISHED,
09:25:03,23327.5,,,,23360.55,23305.05,0.405,OBSERVING,NEUTRAL,STRONG_RANGE,NO_TRADE,NO_TRADE:OR_NOT_ESTABLISHED,0.0,0,0.0,NONE,2,0,0,0,0,0,NO_TRADE,,NO_TRADE:OR_NOT_ESTABLISHED,
09:25:18,23323.8,,,,23360.55,23305.05,0.338,OBSERVING,NEUTRAL,STRONG_RANGE,NO_TRADE,NO_TRADE:OR_NOT_ESTABLISHED,0.0,0,0.0,NONE,2,0,0,0,0,0,NO_TRADE,,NO_TRADE:OR_NOT_ESTABLISHED,
09:25:33,23318.45,,,,23360.55,23305.05,0.241,OBSERVING,NEUTRAL,STRONG_RANGE,NO_TRADE,NO_TRADE:OR_NOT_ESTABLISHED,0.0,0,0.0,NONE,2,0,0,0,0,0,NO_TRADE,,NO_TRADE:OR_NOT_ESTABLISHED,
09:25:48,23317.8,,,,23360.55,23305.05,0.230,OBSERVING,NEUTRAL,STRONG_RANGE,NO_TRADE,NO_TRADE:OR_NOT_ESTABLISHED,0.0,0,0.0,NONE,2,0,0,0,0,0,NO_TRADE,,NO_TRADE:OR_NOT_ESTABLISHED,
09:26:03,23315.35,,,,23360.55,23305.05,0.186,OBSERVING,NEUTRAL,STRONG_RANGE,NO_TRADE,NO_TRADE:OR_NOT_ESTABLISHED,0.0,0,0.0,NONE,2,0,0,0,0,0,NO_TRADE,,NO_TRADE:OR_NOT_ESTABLISHED,
09:26:18,23318.1,,,,23360.55,23305.05,0.235,OBSERVING,NEUTRAL,STRONG_RANGE,NO_TRADE,NO_TRADE:OR_NOT_ESTABLISHED,0.0,0,0.0,NONE,2,0,0,0,0,0,NO_TRADE,,NO_TRADE:OR_NOT_ESTABLISHED,
09:26:33,23316.1,,,,23360.55,23305.05,0.199,OBSERVING,NEUTRAL,STRONG_RANGE,NO_TRADE,NO_TRADE:OR_NOT_ESTABLISHED,0.0,0,0.0,NONE,2,0,0,0,0,0,NO_TRADE,,NO_TRADE:OR_NOT_ESTABLISHED,
09:26:49,23313.35,,,,23360.55,23305.05,0.150,OBSERVING,NEUTRAL,STRONG_RANGE,NO_TRADE,NO_TRADE:OR_NOT_ESTABLISHED,0.0,0,0.0,NONE,2,0,0,0,0,0,NO_TRADE,,NO_TRADE:OR_NOT_ESTABLISHED,
09:27:03,23309.65,,,,23360.55,23297.45,0.193,OBSERVING,NEUTRAL,STRONG_RANGE,NO_TRADE,NO_TRADE:OR_NOT_ESTABLISHED,0.0,0,0.0,NONE,2,0,0,0,0,0,NO_TRADE,,NO_TRADE:OR_NOT_ESTABLISHED,
09:27:19,23303.55,,,,23360.55,23297.45,0.097,OBSERVING,NEUTRAL,STRONG_RANGE,NO_TRADE,NO_TRADE:OR_NOT_ESTABLISHED,0.0,0,0.0,NONE,2,0,0,0,0,0,NO_TRADE,,NO_TRADE:OR_NOT_ESTABLISHED,
09:27:34,23298.65,,,,23360.55,23297.45,0.019,OBSERVING,NEUTRAL,RANGE,NO_TRADE,NO_TRADE:OR_NOT_ESTABLISHED,0.0,0,0.0,NONE,2,0,0,0,0,0,NO_TRADE,,NO_TRADE:OR_NOT_ESTABLISHED,
09:27:49,23299.8,,,,23360.55,23297.45,0.037,OBSERVING,NEUTRAL,RANGE,NO_TRADE,NO_TRADE:OR_NOT_ESTABLISHED,0.0,0,0.0,NONE,2,0,0,0,0,0,NO_TRADE,,NO_TRADE:OR_NOT_ESTABLISHED,
09:28:03,23296.5,,,,23360.55,23291.8,0.068,OBSERVING,NEUTRAL,RANGE,NO_TRADE,NO_TRADE:OR_NOT_ESTABLISHED,0.0,0,0.0,NONE,2,0,0,0,0,0,NO_TRADE,,NO_TRADE:OR_NOT_ESTABLISHED,
09:28:19,23295.45,,,,23360.55,23291.8,0.053,OBSERVING,NEUTRAL,RANGE,NO_TRADE,NO_TRADE:OR_NOT_ESTABLISHED,0.0,0,0.0,NONE,2,0,0,0,0,0,NO_TRADE,,NO_TRADE:OR_NOT_ESTABLISHED,
09:28:34,23295.55,,,,23360.55,23291.8,0.055,OBSERVING,NEUTRAL,RANGE,NO_TRADE,NO_TRADE:OR_NOT_ESTABLISHED,0.0,0,0.0,NONE,2,0,0,0,0,0,NO_TRADE,,NO_TRADE:OR_NOT_ESTABLISHED,
09:28:49,23295.3,,,,23360.55,23291.8,0.051,OBSERVING,NEUTRAL,RANGE,NO_TRADE,NO_TRADE:OR_NOT_ESTABLISHED,0.0,0,0.0,NONE,2,0,0,0,0,0,NO_TRADE,,NO_TRADE:OR_NOT_ESTABLISHED,
09:29:04,23296.9,,,,23360.55,23291.8,0.074,OBSERVING,NEUTRAL,RANGE,NO_TRADE,NO_TRADE:OR_NOT_ESTABLISHED,0.0,0,0.0,NONE,2,0,0,0,0,0,NO_TRADE,,NO_TRADE:OR_NOT_ESTABLISHED,
09:29:19,23297.55,,,,23360.55,23291.8,0.084,OBSERVING,NEUTRAL,RANGE,NO_TRADE,NO_TRADE:OR_NOT_ESTABLISHED,0.0,0,0.0,NONE,2,0,0,0,0,0,NO_TRADE,,NO_TRADE:OR_NOT_ESTABLISHED,
09:29:34,23300.3,,,,23360.55,23291.8,0.124,OBSERVING,NEUTRAL,STRONG_RANGE,NO_TRADE,NO_TRADE:OR_NOT_ESTABLISHED,0.0,0,0.0,NONE,2,0,0,0,0,0,NO_TRADE,,NO_TRADE:OR_NOT_ESTABLISHED,
09:29:49,23303.2,,,,23360.55,23291.8,0.166,OBSERVING,NEUTRAL,STRONG_RANGE,NO_TRADE,NO_TRADE:OR_NOT_ESTABLISHED,0.0,0,0.0,NONE,2,0,0,0,0,0,NO_TRADE,,NO_TRADE:OR_NOT_ESTABLISHED,
09:30:04,23300.95,,,,23360.55,23291.8,0.133,OBSERVING,NEUTRAL,STRONG_RANGE,NO_TRADE,NO_TRADE:OR_NOT_ESTABLISHED,0.0,0,91.71,NONE,2,0,0,0,0,0,NO_TRADE,,NO_TRADE:OR_NOT_ESTABLISHED,
09:30:19,23303.45,,,,23360.55,23291.8,0.169,OBSERVING,NEUTRAL,STRONG_RANGE,NO_TRADE,NO_TRADE:OR_NOT_ESTABLISHED,0.0,0,91.71,NONE,2,0,0,0,0,0,NO_TRADE,,NO_TRADE:OR_NOT_ESTABLISHED,
09:30:34,23294.7,,,,23360.55,23291.8,0.042,OBSERVING,NEUTRAL,RANGE,NO_TRADE,NO_TRADE:OR_NOT_ESTABLISHED,0.0,0,91.71,NONE,2,0,0,0,0,0,NO_TRADE,,NO_TRADE:OR_NOT_ESTABLISHED,
09:30:49,23297.5,,,,23360.55,23291.8,0.083,OBSERVING,SELL_PREMIUM,RANGE,NO_TRADE,NO_TRADE:OR_NOT_ESTABLISHED,0.0,0,91.71,NONE,2,0,0,0,0,0,NO_TRADE,,NO_TRADE:OR_NOT_ESTABLISHED,
09:31:04,23293.8,,,,23360.55,23291.8,0.029,OBSERVING,NEUTRAL,RANGE,NO_TRADE,NO_TRADE:OR_NOT_ESTABLISHED,0.0,0,91.71,NONE,2,0,0,0,0,0,NO_TRADE,,NO_TRADE:OR_NOT_ESTABLISHED,
09:31:19,23301.8,,,,23360.55,23291.8,0.145,OBSERVING,NEUTRAL,STRONG_RANGE,NO_TRADE,NO_TRADE:OR_NOT_ESTABLISHED,0.0,0,91.71,NONE,2,0,0,0,0,0,NO_TRADE,,NO_TRADE:OR_NOT_ESTABLISHED,
09:31:34,23301.7,,,,23360.55,23291.8,0.144,OBSERVING,NEUTRAL,STRONG_RANGE,NO_TRADE,NO_TRADE:OR_NOT_ESTABLISHED,0.0,0,91.71,NONE,2,0,0,0,0,0,NO_TRADE,,NO_TRADE:OR_NOT_ESTABLISHED,
09:31:49,23299.9,,,,23360.55,23291.8,0.118,OBSERVING,NEUTRAL,RANGE,NO_TRADE,NO_TRADE:OR_NOT_ESTABLISHED,0.0,0,91.71,NONE,2,0,0,0,0,0,NO_TRADE,,NO_TRADE:OR_NOT_ESTABLISHED,
09:32:04,23295.8,,,,23360.55,23290.85,0.071,OBSERVING,NEUTRAL,RANGE,NO_TRADE,NO_TRADE:OR_NOT_ESTABLISHED,0.0,0,92.98,NONE,2,0,0,0,0,0,NO_TRADE,,NO_TRADE:OR_NOT_ESTABLISHED,
09:32:19,23293.9,,,,23360.55,23290.85,0.044,OBSERVING,NEUTRAL,RANGE,NO_TRADE,NO_TRADE:OR_NOT_ESTABLISHED,0.0,0,92.98,NONE,2,0,0,0,0,0,NO_TRADE,,NO_TRADE:OR_NOT_ESTABLISHED,
09:32:34,23292.35,,,,23360.55,23290.85,0.022,OBSERVING,NEUTRAL,RANGE,NO_TRADE,NO_TRADE:OR_NOT_ESTABLISHED,0.0,0,92.98,NONE,2,0,0,0,0,0,NO_TRADE,,NO_TRADE:OR_NOT_ESTABLISHED,
09:32:49,23298.0,,,,23360.55,23290.85,0.103,OBSERVING,NEUTRAL,RANGE,NO_TRADE,NO_TRADE:OR_NOT_ESTABLISHED,0.0,0,92.98,NONE,2,0,0,0,0,0,NO_TRADE,,NO_TRADE:OR_NOT_ESTABLISHED,
09:33:04,23297.25,,,,23360.55,23288.25,0.124,OBSERVING,NEUTRAL,RANGE,NO_TRADE,NO_TRADE:OR_NOT_ESTABLISHED,0.0,0,96.45,NONE,2,0,0,0,0,0,NO_TRADE,,NO_TRADE:OR_NOT_ESTABLISHED,
09:33:19,23292.25,,,,23360.55,23288.25,0.055,OBSERVING,NEUTRAL,RANGE,NO_TRADE,NO_TRADE:OR_NOT_ESTABLISHED,0.0,0,96.45,NONE,2,0,0,0,0,0,NO_TRADE,,NO_TRADE:OR_NOT_ESTABLISHED,
09:33:34,23288.4,,,,23360.55,23288.25,0.002,OBSERVING,NEUTRAL,RANGE,NO_TRADE,NO_TRADE:OR_NOT_ESTABLISHED,0.0,0,96.45,NONE,2,0,0,0,0,0,NO_TRADE,,NO_TRADE:OR_NOT_ESTABLISHED,
09:33:49,23294.3,,,,23360.55,23288.25,0.084,OBSERVING,NEUTRAL,RANGE,NO_TRADE,NO_TRADE:OR_NOT_ESTABLISHED,0.0,0,96.45,NONE,2,0,0,0,0,0,NO_TRADE,,NO_TRADE:OR_NOT_ESTABLISHED,
09:34:04,23294.1,23360.55,23305.05,NARROW,23360.55,23288.25,0.081,RANGE,NEUTRAL,RANGE,NO_TRADE,NO_TRADE:BEFORE_09:45,0.0,0,96.45,HIGH,2,0,0,0,0,0,NO_TRADE,,NO_TRADE:BEFORE_09:45,
09:34:19,23295.3,23360.55,23305.05,NARROW,23360.55,23288.25,0.098,RANGE,NEUTRAL,RANGE,NO_TRADE,NO_TRADE:BEFORE_09:45,0.0,0,96.45,HIGH,2,0,0,0,0,0,NO_TRADE,,NO_TRADE:BEFORE_09:45,
09:34:34,23295.55,23360.55,23305.05,NARROW,23360.55,23288.25,0.101,RANGE,NEUTRAL,RANGE,NO_TRADE,NO_TRADE:BEFORE_09:45,0.0,0,96.45,HIGH,2,0,0,0,0,0,NO_TRADE,,NO_TRADE:BEFORE_09:45,
09:34:49,23290.9,23360.55,23305.05,NARROW,23360.55,23288.25,0.037,RANGE,NEUTRAL,RANGE,NO_TRADE,NO_TRADE:BEFORE_09:45,0.0,0,96.45,HIGH,2,0,0,0,0,0,NO_TRADE,,NO_TRADE:BEFORE_09:45,
09:35:04,23288.6,23360.55,23305.05,NARROW,23360.55,23286.6,0.027,RANGE,NEUTRAL,RANGE,NO_TRADE,NO_TRADE:BEFORE_09:45,0.0,0,98.65,HIGH,2,0,0,0,0,0,NO_TRADE,,NO_TRADE:BEFORE_09:45,
09:35:19,23288.05,23360.55,23305.05,NARROW,23360.55,23286.6,0.020,RANGE,NEUTRAL,RANGE,NO_TRADE,NO_TRADE:BEFORE_09:45,0.0,0,98.65,HIGH,2,0,0,0,0,0,NO_TRADE,,NO_TRADE:BEFORE_09:45,
09:35:34,23287.4,23360.55,23305.05,NARROW,23360.55,23286.6,0.011,RANGE,NEUTRAL,RANGE,NO_TRADE,NO_TRADE:BEFORE_09:45,0.0,0,98.65,HIGH,2,0,0,0,0,0,NO_TRADE,,NO_TRADE:BEFORE_09:45,
09:35:49,23289.95,23360.55,23305.05,NARROW,23360.55,23286.6,0.045,RANGE,NEUTRAL,RANGE,NO_TRADE,NO_TRADE:BEFORE_09:45,0.0,0,98.65,HIGH,2,0,0,0,0,0,NO_TRADE,,NO_TRADE:BEFORE_09:45,
09:36:04,23297.55,23360.55,23305.05,NARROW,23360.55,23286.6,0.148,RANGE,NEUTRAL,RANGE,NO_TRADE,NO_TRADE:BEFORE_09:45,0.0,0,98.65,HIGH,2,0,0,0,0,0,NO_TRADE,,NO_TRADE:BEFORE_09:45,
09:36:19,23304.7,23360.55,23305.05,NARROW,23360.55,23286.6,0.245,RANGE,NEUTRAL,STRONG_RANGE,NO_TRADE,NO_TRADE:BEFORE_09:45,0.0,0,98.65,HIGH,2,0,0,0,0,0,NO_TRADE,,NO_TRADE:BEFORE_09:45,
09:36:34,23309.35,23360.55,23305.05,NARROW,23360.55,23286.6,0.308,RANGE,NEUTRAL,STRONG_RANGE,NO_TRADE,NO_TRADE:BEFORE_09:45,0.0,0,98.65,HIGH,2,0,0,0,0,0,NO_TRADE,,NO_TRADE:BEFORE_09:45,
09:36:49,23315.5,23360.55,23305.05,NARROW,23360.55,23286.6,0.391,RANGE,NEUTRAL,STRONG_RANGE,NO_TRADE,NO_TRADE:BEFORE_09:45,0.0,0,98.65,HIGH,2,0,0,0,0,0,NO_TRADE,,NO_TRADE:BEFORE_09:45,
09:37:04,23312.55,23360.55,23305.05,NARROW,23360.55,23286.6,0.351,RANGE,NEUTRAL,STRONG_RANGE,NO_TRADE,NO_TRADE:BEFORE_09:45,0.0,0,98.65,HIGH,2,0,0,0,0,0,NO_TRADE,,NO_TRADE:BEFORE_09:45,
09:37:19,23313.5,23360.55,23305.05,NARROW,23360.55,23286.6,0.364,RANGE,NEUTRAL,STRONG_RANGE,NO_TRADE,NO_TRADE:BEFORE_09:45,0.0,0,98.65,HIGH,2,0,0,0,0,0,NO_TRADE,,NO_TRADE:BEFORE_09:45,
09:37:34,23307.4,23360.55,23305.05,NARROW,23360.55,23286.6,0.281,RANGE,NEUTRAL,STRONG_RANGE,NO_TRADE,NO_TRADE:BEFORE_09:45,0.0,0,98.47,HIGH,2,0,0,0,0,0,NO_TRADE,,NO_TRADE:BEFORE_09:45,
09:37:50,23307.5,23360.55,23305.05,NARROW,23360.55,23286.6,0.283,RANGE,NEUTRAL,STRONG_RANGE,NO_TRADE,NO_TRADE:BEFORE_09:45,0.0,0,97.92,HIGH,2,0,0,0,0,0,NO_TRADE,,NO_TRADE:BEFORE_09:45,
09:38:05,23309.65,23360.55,23305.05,NARROW,23360.55,23286.6,0.312,RANGE,NEUTRAL,STRONG_RANGE,NO_TRADE,NO_TRADE:BEFORE_09:45,0.0,0,97.39,HIGH,2,0,0,0,0,0,NO_TRADE,,NO_TRADE:BEFORE_09:45,
09:38:20,23311.0,23360.55,23305.05,NARROW,23360.55,23286.6,0.330,RANGE,NEUTRAL,STRONG_RANGE,NO_TRADE,NO_TRADE:BEFORE_09:45,0.0,0,96.87,HIGH,2,0,0,0,0,0,NO_TRADE,,NO_TRADE:BEFORE_09:45,
09:38:35,23312.7,23360.55,23305.05,NARROW,23360.55,23286.6,0.353,RANGE,NEUTRAL,STRONG_RANGE,NO_TRADE,NO_TRADE:BEFORE_09:45,0.0,0,96.35,HIGH,2,0,0,0,0,0,NO_TRADE,,NO_TRADE:BEFORE_09:45,
09:38:50,23310.75,23360.55,23305.05,NARROW,23360.55,23286.6,0.327,RANGE,NEUTRAL,STRONG_RANGE,NO_TRADE,NO_TRADE:BEFORE_09:45,0.0,0,95.85,HIGH,2,0,0,0,0,0,NO_TRADE,,NO_TRADE:BEFORE_09:45,
09:39:05,23308.6,23360.55,23305.05,NARROW,23360.55,23286.6,0.297,RANGE,NEUTRAL,STRONG_RANGE,NO_TRADE,NO_TRADE:BEFORE_09:45,0.0,0,95.35,HIGH,2,0,0,0,0,0,NO_TRADE,,NO_TRADE:BEFORE_09:45,
09:39:20,23313.2,23360.55,23305.05,NARROW,23360.55,23286.6,0.360,RANGE,NEUTRAL,STRONG_RANGE,NO_TRADE,NO_TRADE:BEFORE_09:45,0.0,0,94.85,HIGH,2,0,0,0,0,0,NO_TRADE,,NO_TRADE:BEFORE_09:45,
09:39:35,23317.75,23360.55,23305.05,NARROW,23360.55,23286.6,0.421,RANGE,NEUTRAL,STRONG_RANGE,NO_TRADE,NO_TRADE:BEFORE_09:45,0.0,0,94.37,HIGH,2,0,0,0,0,0,NO_TRADE,,NO_TRADE:BEFORE_09:45,
09:39:50,23318.2,23360.55,23305.05,NARROW,23360.55,23286.6,0.427,RANGE,NEUTRAL,STRONG_RANGE,NO_TRADE,NO_TRADE:BEFORE_09:45,0.0,0,93.89,HIGH,2,0,0,0,0,0,NO_TRADE,,NO_TRADE:BEFORE_09:45,
09:40:05,23317.9,23360.55,23305.05,NARROW,23360.55,23286.6,0.423,RANGE,NEUTRAL,STRONG_RANGE,NO_TRADE,NO_TRADE:BEFORE_09:45,0.0,0,93.43,HIGH,2,0,0,0,0,0,NO_TRADE,,NO_TRADE:BEFORE_09:45,
09:40:20,23319.2,23360.55,23305.05,NARROW,23360.55,23286.6,0.441,RANGE,NEUTRAL,STRONG_RANGE,NO_TRADE,NO_TRADE:BEFORE_09:45,0.0,0,92.96,HIGH,2,0,0,0,0,0,NO_TRADE,,NO_TRADE:BEFORE_09:45,
09:40:35,23316.0,23360.55,23305.05,NARROW,23360.55,23286.6,0.398,RANGE,NEUTRAL,STRONG_RANGE,NO_TRADE,NO_TRADE:BEFORE_09:45,0.0,0,92.51,HIGH,2,0,0,0,0,0,NO_TRADE,,NO_TRADE:BEFORE_09:45,
09:40:50,23317.4,23360.55,23305.05,NARROW,23360.55,23286.6,0.416,RANGE,NEUTRAL,STRONG_RANGE,NO_TRADE,NO_TRADE:BEFORE_09:45,0.0,0,92.06,HIGH,2,0,0,0,0,0,NO_TRADE,,NO_TRADE:BEFORE_09:45,
09:41:05,23318.35,23360.55,23305.05,NARROW,23360.55,23286.6,0.429,RANGE,NEUTRAL,STRONG_RANGE,NO_TRADE,NO_TRADE:BEFORE_09:45,0.0,0,91.61,HIGH,2,0,0,0,0,0,NO_TRADE,,NO_TRADE:BEFORE_09:45,
09:41:20,23315.6,23360.55,23305.05,NARROW,23360.55,23286.6,0.392,RANGE,NEUTRAL,STRONG_RANGE,NO_TRADE,NO_TRADE:BEFORE_09:45,0.0,0,91.17,HIGH,2,0,0,0,0,0,NO_TRADE,,NO_TRADE:BEFORE_09:45,
09:41:35,23316.1,23360.55,23305.05,NARROW,23360.55,23286.6,0.399,RANGE,NEUTRAL,STRONG_RANGE,NO_TRADE,NO_TRADE:BEFORE_09:45,0.0,0,90.74,HIGH,2,0,0,0,0,0,NO_TRADE,,NO_TRADE:BEFORE_09:45,
09:41:50,23318.75,23360.55,23305.05,NARROW,23360.55,23286.6,0.435,RANGE,NEUTRAL,STRONG_RANGE,NO_TRADE,NO_TRADE:BEFORE_09:45,0.0,0,90.32,HIGH,2,0,0,0,0,0,NO_TRADE,,NO_TRADE:BEFORE_09:45,
09:42:05,23317.95,23360.55,23305.05,NARROW,23360.55,23286.6,0.424,RANGE,NEUTRAL,STRONG_RANGE,NO_TRADE,NO_TRADE:BEFORE_09:45,0.0,0,89.9,HIGH,2,0,0,0,0,0,NO_TRADE,,NO_TRADE:BEFORE_09:45,
09:42:20,23318.9,23360.55,23305.05,NARROW,23360.55,23286.6,0.437,RANGE,NEUTRAL,STRONG_RANGE,NO_TRADE,NO_TRADE:BEFORE_09:45,0.0,0,89.49,HIGH,2,0,0,0,0,0,NO_TRADE,,NO_TRADE:BEFORE_09:45,
09:42:35,23322.5,23360.55,23305.05,NARROW,23360.55,23286.6,0.485,RANGE,NEUTRAL,STRONG_RANGE,NO_TRADE,NO_TRADE:BEFORE_09:45,0.0,0,89.08,HIGH,2,0,0,0,0,0,NO_TRADE,,NO_TRADE:BEFORE_09:45,
09:42:50,23322.25,23360.55,23305.05,NARROW,23360.55,23286.6,0.482,RANGE,NEUTRAL,STRONG_RANGE,NO_TRADE,NO_TRADE:BEFORE_09:45,0.0,0,88.68,HIGH,2,0,0,0,0,0,NO_TRADE,,NO_TRADE:BEFORE_09:45,
09:43:05,23319.3,23360.55,23305.05,NARROW,23360.55,23286.6,0.442,RANGE,NEUTRAL,STRONG_RANGE,NO_TRADE,NO_TRADE:BEFORE_09:45,0.0,0,88.28,HIGH,2,0,0,0,0,0,NO_TRADE,,NO_TRADE:BEFORE_09:45,
09:43:20,23317.55,23360.55,23305.05,NARROW,23360.55,23286.6,0.419,RANGE,NEUTRAL,STRONG_RANGE,NO_TRADE,NO_TRADE:BEFORE_09:45,0.0,0,87.89,HIGH,2,0,0,0,0,0,NO_TRADE,,NO_TRADE:BEFORE_09:45,
09:43:35,23310.5,23360.55,23305.05,NARROW,23360.55,23286.6,0.323,RANGE,NEUTRAL,STRONG_RANGE,NO_TRADE,NO_TRADE:BEFORE_09:45,0.0,0,87.51,HIGH,2,0,0,0,0,0,NO_TRADE,,NO_TRADE:BEFORE_09:45,
09:43:50,23308.0,23360.55,23305.05,NARROW,23360.55,23286.6,0.289,RANGE,NEUTRAL,STRONG_RANGE,NO_TRADE,NO_TRADE:BEFORE_09:45,0.0,0,87.13,HIGH,2,0,0,0,0,0,NO_TRADE,,NO_TRADE:BEFORE_09:45,
09:44:05,23304.55,23360.55,23305.05,NARROW,23360.55,23286.6,0.243,CHOPPY,NEUTRAL,STRONG_RANGE,NO_TRADE,NO_TRADE:CHOPPY_MARKET,0.0,0,86.75,NONE,2,1,0,0,0,0,NO_TRADE,,NO_TRADE:CHOPPY_MARKET,
09:44:20,23304.1,23360.55,23305.05,NARROW,23360.55,23286.6,0.237,CHOPPY,NEUTRAL,STRONG_RANGE,NO_TRADE,NO_TRADE:CHOPPY_MARKET,0.0,0,86.38,NONE,2,1,0,0,0,0,NO_TRADE,,NO_TRADE:CHOPPY_MARKET,
09:44:35,23305.15,23360.55,23305.05,NARROW,23360.55,23286.6,0.251,CHOPPY,NEUTRAL,STRONG_RANGE,NO_TRADE,NO_TRADE:CHOPPY_MARKET,0.0,0,86.01,NONE,2,1,0,0,0,0,NO_TRADE,,NO_TRADE:CHOPPY_MARKET,
09:44:50,23308.85,23360.55,23305.05,NARROW,23360.55,23286.6,0.301,CHOPPY,NEUTRAL,STRONG_RANGE,NO_TRADE,NO_TRADE:CHOPPY_MARKET,0.0,0,85.65,NONE,2,1,0,0,0,0,NO_TRADE,,NO_TRADE:CHOPPY_MARKET,
09:45:05,23312.35,23360.55,23305.05,NARROW,23360.55,23286.6,0.348,CHOPPY,NEUTRAL,STRONG_RANGE,NO_TRADE,NO_TRADE:CHOPPY_MARKET,0.0,0,85.3,NONE,2,1,0,0,0,0,NO_TRADE,,NO_TRADE:CHOPPY_MARKET,
09:45:20,23312.85,23360.55,23305.05,NARROW,23360.55,23286.6,0.355,CHOPPY,NEUTRAL,STRONG_RANGE,NO_TRADE,NO_TRADE:CHOPPY_MARKET,0.0,0,84.94,NONE,2,1,0,0,0,0,NO_TRADE,,NO_TRADE:CHOPPY_MARKET,
09:45:35,23306.95,23360.55,23305.05,NARROW,23360.55,23286.6,0.275,CHOPPY,NEUTRAL,STRONG_RANGE,NO_TRADE,NO_TRADE:CHOPPY_MARKET,0.0,0,84.6,NONE,2,1,0,0,0,0,NO_TRADE,,NO_TRADE:CHOPPY_MARKET,
09:45:50,23307.75,23360.55,23305.05,NARROW,23360.55,23286.6,0.286,CHOPPY,NEUTRAL,STRONG_RANGE,NO_TRADE,NO_TRADE:CHOPPY_MARKET,0.0,0,84.25,NONE,2,1,0,0,0,0,NO_TRADE,,NO_TRADE:CHOPPY_MARKET,
09:46:05,23306.8,23360.55,23305.05,NARROW,23360.55,23286.6,0.273,CHOPPY,NEUTRAL,STRONG_RANGE,NO_TRADE,NO_TRADE:CHOPPY_MARKET,0.0,0,83.91,NONE,2,1,0,0,0,0,NO_TRADE,,NO_TRADE:CHOPPY_MARKET,
09:46:20,23307.65,23360.55,23305.05,NARROW,23360.55,23286.6,0.285,CHOPPY,NEUTRAL,STRONG_RANGE,NO_TRADE,NO_TRADE:CHOPPY_MARKET,0.0,0,83.57,NONE,2,1,0,0,0,0,NO_TRADE,,NO_TRADE:CHOPPY_MARKET,
09:46:35,23307.8,23360.55,23305.05,NARROW,23360.55,23286.6,0.287,CHOPPY,NEUTRAL,STRONG_RANGE,NO_TRADE,NO_TRADE:CHOPPY_MARKET,0.0,0,83.24,NONE,2,1,0,0,0,0,NO_TRADE,,NO_TRADE:CHOPPY_MARKET,
09:46:50,23310.05,23360.55,23305.05,NARROW,23360.55,23286.6,0.317,CHOPPY,NEUTRAL,STRONG_RANGE,NO_TRADE,NO_TRADE:CHOPPY_MARKET,0.0,0,82.91,NONE,2,1,0,0,0,0,NO_TRADE,,NO_TRADE:CHOPPY_MARKET,
09:47:05,23309.1,23360.55,23305.05,NARROW,23360.55,23286.6,0.304,RANGE,NEUTRAL,STRONG_RANGE,NO_TRADE,RANGE_STRONG_RANGE_CONDOR_REQUIRES_SELL_PREMIUM_GOT_NEUTRAL,0.0,0,82.59,HIGH,2,0,0,0,0,0,NO_TRADE,,RANGE_STRONG_RANGE_CONDOR_REQUIRES_SELL_PREMIUM_GOT_NEUTRAL,
09:47:21,23310.45,23360.55,23305.05,NARROW,23360.55,23286.6,0.323,RANGE,NEUTRAL,STRONG_RANGE,NO_TRADE,RANGE_STRONG_RANGE_CONDOR_REQUIRES_SELL_PREMIUM_GOT_NEUTRAL,0.0,0,82.27,HIGH,2,0,0,0,0,0,NO_TRADE,,RANGE_STRONG_RANGE_CONDOR_REQUIRES_SELL_PREMIUM_GOT_NEUTRAL,
09:47:36,23308.75,23360.55,23305.05,NARROW,23360.55,23286.6,0.300,RANGE,NEUTRAL,STRONG_RANGE,NO_TRADE,RANGE_STRONG_RANGE_CONDOR_REQUIRES_SELL_PREMIUM_GOT_NEUTRAL,0.0,0,81.95,HIGH,2,0,0,0,0,0,NO_TRADE,,RANGE_STRONG_RANGE_CONDOR_REQUIRES_SELL_PREMIUM_GOT_NEUTRAL,
09:47:51,23311.1,23360.55,23305.05,NARROW,23360.55,23286.6,0.331,RANGE,NEUTRAL,STRONG_RANGE,NO_TRADE,RANGE_STRONG_RANGE_CONDOR_REQUIRES_SELL_PREMIUM_GOT_NEUTRAL,0.0,0,81.64,HIGH,2,0,0,0,0,0,NO_TRADE,,RANGE_STRONG_RANGE_CONDOR_REQUIRES_SELL_PREMIUM_GOT_NEUTRAL,
09:48:06,23314.65,23360.55,23305.05,NARROW,23360.55,23286.6,0.379,RANGE,NEUTRAL,STRONG_RANGE,NO_TRADE,RANGE_STRONG_RANGE_CONDOR_REQUIRES_SELL_PREMIUM_GOT_NEUTRAL,0.0,0,81.33,HIGH,2,0,0,0,0,0,NO_TRADE,,RANGE_STRONG_RANGE_CONDOR_REQUIRES_SELL_PREMIUM_GOT_NEUTRAL,
09:48:21,23317.0,23360.55,23305.05,NARROW,23360.55,23286.6,0.411,RANGE,NEUTRAL,STRONG_RANGE,NO_TRADE,RANGE_STRONG_RANGE_CONDOR_REQUIRES_SELL_PREMIUM_GOT_NEUTRAL,0.0,0,81.03,HIGH,2,0,0,0,0,0,NO_TRADE,,RANGE_STRONG_RANGE_CONDOR_REQUIRES_SELL_PREMIUM_GOT_NEUTRAL,
09:48:36,23319.7,23360.55,23305.05,NARROW,23360.55,23286.6,0.448,RANGE,NEUTRAL,STRONG_RANGE,NO_TRADE,RANGE_STRONG_RANGE_CONDOR_REQUIRES_SELL_PREMIUM_GOT_NEUTRAL,0.0,0,80.72,HIGH,2,0,0,0,0,0,NO_TRADE,,RANGE_STRONG_RANGE_CONDOR_REQUIRES_SELL_PREMIUM_GOT_NEUTRAL,
09:48:51,23319.7,23360.55,23305.05,NARROW,23360.55,23286.6,0.448,RANGE,NEUTRAL,STRONG_RANGE,NO_TRADE,RANGE_STRONG_RANGE_CONDOR_REQUIRES_SELL_PREMIUM_GOT_NEUTRAL,0.0,0,80.42,HIGH,2,0,0,0,0,0,NO_TRADE,,RANGE_STRONG_RANGE_CONDOR_REQUIRES_SELL_PREMIUM_GOT_NEUTRAL,
09:49:06,23320.75,23360.55,23305.05,NARROW,23360.55,23286.6,0.462,RANGE,NEUTRAL,STRONG_RANGE,NO_TRADE,RANGE_STRONG_RANGE_CONDOR_REQUIRES_SELL_PREMIUM_GOT_NEUTRAL,0.0,0,80.13,HIGH,2,0,0,0,0,0,NO_TRADE,,RANGE_STRONG_RANGE_CONDOR_REQUIRES_SELL_PREMIUM_GOT_NEUTRAL,
09:49:21,23320.95,23360.55,23305.05,NARROW,23360.55,23286.6,0.465,RANGE,NEUTRAL,STRONG_RANGE,NO_TRADE,RANGE_STRONG_RANGE_CONDOR_REQUIRES_SELL_PREMIUM_GOT_NEUTRAL,0.0,0,79.83,HIGH,2,0,0,0,0,0,NO_TRADE,,RANGE_STRONG_RANGE_CONDOR_REQUIRES_SELL_PREMIUM_GOT_NEUTRAL,
09:49:36,23315.1,23360.55,23305.05,NARROW,23360.55,23286.6,0.385,RANGE,NEUTRAL,STRONG_RANGE,NO_TRADE,RANGE_STRONG_RANGE_CONDOR_REQUIRES_SELL_PREMIUM_GOT_NEUTRAL,0.0,0,79.55,HIGH,2,0,0,0,0,0,NO_TRADE,,RANGE_STRONG_RANGE_CONDOR_REQUIRES_SELL_PREMIUM_GOT_NEUTRAL,
09:49:51,23311.7,23360.55,23305.05,NARROW,23360.55,23286.6,0.339,RANGE,NEUTRAL,STRONG_RANGE,NO_TRADE,RANGE_STRONG_RANGE_CONDOR_REQUIRES_SELL_PREMIUM_GOT_NEUTRAL,0.0,0,79.26,HIGH,2,0,0,0,0,0,NO_TRADE,,RANGE_STRONG_RANGE_CONDOR_REQUIRES_SELL_PREMIUM_GOT_NEUTRAL,
09:50:06,23310.05,23360.55,23305.05,NARROW,23360.55,23286.6,0.317,RANGE,NEUTRAL,STRONG_RANGE,NO_TRADE,RANGE_STRONG_RANGE_CONDOR_REQUIRES_SELL_PREMIUM_GOT_NEUTRAL,0.0,0,78.98,HIGH,2,0,0,0,0,0,NO_TRADE,,RANGE_STRONG_RANGE_CONDOR_REQUIRES_SELL_PREMIUM_GOT_NEUTRAL,
09:50:21,23313.75,23360.55,23305.05,NARROW,23360.55,23286.6,0.367,RANGE,NEUTRAL,STRONG_RANGE,NO_TRADE,RANGE_STRONG_RANGE_CONDOR_REQUIRES_SELL_PREMIUM_GOT_NEUTRAL,0.0,0,78.7,HIGH,2,0,0,0,0,0,NO_TRADE,,RANGE_STRONG_RANGE_CONDOR_REQUIRES_SELL_PREMIUM_GOT_NEUTRAL,
09:50:36,23312.35,23360.55,23305.05,NARROW,23360.55,23286.6,0.348,RANGE,NEUTRAL,STRONG_RANGE,NO_TRADE,RANGE_STRONG_RANGE_CONDOR_REQUIRES_SELL_PREMIUM_GOT_NEUTRAL,0.0,0,78.42,HIGH,2,0,0,0,0,0,NO_TRADE,,RANGE_STRONG_RANGE_CONDOR_REQUIRES_SELL_PREMIUM_GOT_NEUTRAL,
09:50:51,23311.2,23360.55,23305.05,NARROW,23360.55,23286.6,0.333,RANGE,NEUTRAL,STRONG_RANGE,NO_TRADE,RANGE_STRONG_RANGE_CONDOR_REQUIRES_SELL_PREMIUM_GOT_NEUTRAL,0.0,0,78.14,HIGH,2,0,0,0,0,0,NO_TRADE,,RANGE_STRONG_RANGE_CONDOR_REQUIRES_SELL_PREMIUM_GOT_NEUTRAL,
09:51:06,23307.55,23360.55,23305.05,NARROW,23360.55,23286.6,0.283,RANGE,NEUTRAL,STRONG_RANGE,NO_TRADE,RANGE_STRONG_RANGE_CONDOR_REQUIRES_SELL_PREMIUM_GOT_NEUTRAL,0.0,0,77.87,HIGH,2,0,0,0,0,0,NO_TRADE,,RANGE_STRONG_RANGE_CONDOR_REQUIRES_SELL_PREMIUM_GOT_NEUTRAL,
09:51:21,23313.9,23360.55,23305.05,NARROW,23360.55,23286.6,0.369,RANGE,NEUTRAL,STRONG_RANGE,NO_TRADE,RANGE_STRONG_RANGE_CONDOR_REQUIRES_SELL_PREMIUM_GOT_NEUTRAL,0.0,0,77.6,HIGH,2,0,0,0,0,0,NO_TRADE,,RANGE_STRONG_RANGE_CONDOR_REQUIRES_SELL_PREMIUM_GOT_NEUTRAL,
09:51:36,23312.7,23360.55,23305.05,NARROW,23360.55,23286.6,0.353,RANGE,NEUTRAL,STRONG_RANGE,NO_TRADE,RANGE_STRONG_RANGE_CONDOR_REQUIRES_SELL_PREMIUM_GOT_NEUTRAL,0.0,0,77.34,HIGH,2,0,0,0,0,0,NO_TRADE,,RANGE_STRONG_RANGE_CONDOR_REQUIRES_SELL_PREMIUM_GOT_NEUTRAL,
09:51:51,23312.7,23360.55,23305.05,NARROW,23360.55,23286.6,0.353,RANGE,NEUTRAL,STRONG_RANGE,NO_TRADE,RANGE_STRONG_RANGE_CONDOR_REQUIRES_SELL_PREMIUM_GOT_NEUTRAL,0.0,0,77.07,HIGH,2,0,0,0,0,0,NO_TRADE,,RANGE_STRONG_RANGE_CONDOR_REQUIRES_SELL_PREMIUM_GOT_NEUTRAL,
09:52:06,23312.65,23360.55,23305.05,NARROW,23360.55,23286.6,0.352,RANGE,NEUTRAL,STRONG_RANGE,NO_TRADE,RANGE_STRONG_RANGE_CONDOR_REQUIRES_SELL_PREMIUM_GOT_NEUTRAL,0.0,0,76.82,HIGH,2,0,0,0,0,0,NO_TRADE,,RANGE_STRONG_RANGE_CONDOR_REQUIRES_SELL_PREMIUM_GOT_NEUTRAL,
09:52:21,23311.5,23360.55,23305.05,NARROW,23360.55,23286.6,0.337,RANGE,NEUTRAL,STRONG_RANGE,NO_TRADE,RANGE_STRONG_RANGE_CONDOR_REQUIRES_SELL_PREMIUM_GOT_NEUTRAL,0.0,0,76.56,HIGH,2,0,0,0,0,0,NO_TRADE,,RANGE_STRONG_RANGE_CONDOR_REQUIRES_SELL_PREMIUM_GOT_NEUTRAL,
09:52:36,23312.2,23360.55,23305.05,NARROW,23360.55,23286.6,0.346,RANGE,NEUTRAL,STRONG_RANGE,NO_TRADE,RANGE_STRONG_RANGE_CONDOR_REQUIRES_SELL_PREMIUM_GOT_NEUTRAL,0.0,0,76.3,HIGH,2,0,0,0,0,0,NO_TRADE,,RANGE_STRONG_RANGE_CONDOR_REQUIRES_SELL_PREMIUM_GOT_NEUTRAL,
09:52:51,23317.25,23360.55,23305.05,NARROW,23360.55,23286.6,0.414,RANGE,NEUTRAL,STRONG_RANGE,NO_TRADE,RANGE_STRONG_RANGE_CONDOR_REQUIRES_SELL_PREMIUM_GOT_NEUTRAL,0.0,0,76.05,HIGH,2,0,0,0,0,0,NO_TRADE,,RANGE_STRONG_RANGE_CONDOR_REQUIRES_SELL_PREMIUM_GOT_NEUTRAL,
09:53:06,23319.85,23360.55,23305.05,NARROW,23360.55,23286.6,0.450,RANGE,NEUTRAL,STRONG_RANGE,NO_TRADE,RANGE_STRONG_RANGE_CONDOR_REQUIRES_SELL_PREMIUM_GOT_NEUTRAL,0.0,0,75.8,HIGH,2,0,0,0,0,0,NO_TRADE,,RANGE_STRONG_RANGE_CONDOR_REQUIRES_SELL_PREMIUM_GOT_NEUTRAL,
09:53:21,23321.0,23360.55,23305.05,NARROW,23360.55,23286.6,0.465,RANGE,NEUTRAL,STRONG_RANGE,NO_TRADE,RANGE_STRONG_RANGE_CONDOR_REQUIRES_SELL_PREMIUM_GOT_NEUTRAL,0.0,0,75.55,HIGH,2,0,0,0,0,0,NO_TRADE,,RANGE_STRONG_RANGE_CONDOR_REQUIRES_SELL_PREMIUM_GOT_NEUTRAL,
09:53:36,23320.45,23360.55,23305.05,NARROW,23360.55,23286.6,0.458,RANGE,NEUTRAL,STRONG_RANGE,NO_TRADE,RANGE_STRONG_RANGE_CONDOR_REQUIRES_SELL_PREMIUM_GOT_NEUTRAL,0.0,0,75.31,HIGH,2,0,0,0,0,0,NO_TRADE,,RANGE_STRONG_RANGE_CONDOR_REQUIRES_SELL_PREMIUM_GOT_NEUTRAL,
09:53:51,23320.95,23360.55,23305.05,NARROW,23360.55,23286.6,0.465,RANGE,NEUTRAL,STRONG_RANGE,NO_TRADE,RANGE_STRONG_RANGE_CONDOR_REQUIRES_SELL_PREMIUM_GOT_NEUTRAL,0.0,0,75.06,HIGH,2,0,0,0,0,0,NO_TRADE,,RANGE_STRONG_RANGE_CONDOR_REQUIRES_SELL_PREMIUM_GOT_NEUTRAL,
09:54:06,23323.6,23360.55,23305.05,NARROW,23360.55,23286.6,0.500,RANGE,NEUTRAL,STRONG_RANGE,NO_TRADE,RANGE_STRONG_RANGE_CONDOR_REQUIRES_SELL_PREMIUM_GOT_NEUTRAL,0.0,0,74.82,HIGH,2,0,0,0,0,0,NO_TRADE,,RANGE_STRONG_RANGE_CONDOR_REQUIRES_SELL_PREMIUM_GOT_NEUTRAL,
09:54:21,23324.3,23360.55,23305.05,NARROW,23360.55,23286.6,0.510,RANGE,NEUTRAL,STRONG_RANGE,NO_TRADE,RANGE_STRONG_RANGE_CONDOR_REQUIRES_SELL_PREMIUM_GOT_NEUTRAL,0.0,0,74.58,HIGH,2,0,0,0,0,0,NO_TRADE,,RANGE_STRONG_RANGE_CONDOR_REQUIRES_SELL_PREMIUM_GOT_NEUTRAL,
09:54:36,23325.65,23360.55,23305.05,NARROW,23360.55,23286.6,0.528,RANGE,NEUTRAL,STRONG_RANGE,NO_TRADE,RANGE_STRONG_RANGE_CONDOR_REQUIRES_SELL_PREMIUM_GOT_NEUTRAL,0.0,0,74.35,HIGH,2,0,0,0,0,0,NO_TRADE,,RANGE_STRONG_RANGE_CONDOR_REQUIRES_SELL_PREMIUM_GOT_NEUTRAL,
09:54:51,23325.35,23360.55,23305.05,NARROW,23360.55,23286.6,0.524,RANGE,NEUTRAL,STRONG_RANGE,NO_TRADE,RANGE_STRONG_RANGE_CONDOR_REQUIRES_SELL_PREMIUM_GOT_NEUTRAL,0.0,0,74.12,HIGH,2,0,0,0,0,0,NO_TRADE,,RANGE_STRONG_RANGE_CONDOR_REQUIRES_SELL_PREMIUM_GOT_NEUTRAL,
09:55:06,23327.5,23360.55,23305.05,NARROW,23360.55,23286.6,0.553,RANGE,NEUTRAL,STRONG_RANGE,NO_TRADE,RANGE_STRONG_RANGE_CONDOR_REQUIRES_SELL_PREMIUM_GOT_NEUTRAL,0.0,0,73.88,HIGH,2,0,0,0,0,0,NO_TRADE,,RANGE_STRONG_RANGE_CONDOR_REQUIRES_SELL_PREMIUM_GOT_NEUTRAL,
09:55:21,23330.25,23360.55,23305.05,NARROW,23360.55,23286.6,0.590,RANGE,NEUTRAL,STRONG_RANGE,NO_TRADE,RANGE_STRONG_RANGE_CONDOR_REQUIRES_SELL_PREMIUM_GOT_NEUTRAL,0.0,0,73.65,HIGH,2,0,0,0,0,0,NO_TRADE,,RANGE_STRONG_RANGE_CONDOR_REQUIRES_SELL_PREMIUM_GOT_NEUTRAL,
09:55:36,23328.75,23360.55,23305.05,NARROW,23360.55,23286.6,0.570,RANGE,NEUTRAL,STRONG_RANGE,NO_TRADE,RANGE_STRONG_RANGE_CONDOR_REQUIRES_SELL_PREMIUM_GOT_NEUTRAL,0.0,0,73.43,HIGH,2,0,0,0,0,0,NO_TRADE,,RANGE_STRONG_RANGE_CONDOR_REQUIRES_SELL_PREMIUM_GOT_NEUTRAL,
09:55:51,23325.75,23360.55,23305.05,NARROW,23360.55,23286.6,0.529,RANGE,NEUTRAL,STRONG_RANGE,NO_TRADE,RANGE_STRONG_RANGE_CONDOR_REQUIRES_SELL_PREMIUM_GOT_NEUTRAL,0.0,0,73.2,HIGH,2,0,0,0,0,0,NO_TRADE,,RANGE_STRONG_RANGE_CONDOR_REQUIRES_SELL_PREMIUM_GOT_NEUTRAL,
09:56:06,23322.6,23360.55,23305.05,NARROW,23360.55,23286.6,0.487,RANGE,NEUTRAL,STRONG_RANGE,NO_TRADE,RANGE_STRONG_RANGE_CONDOR_REQUIRES_SELL_PREMIUM_GOT_NEUTRAL,0.0,0,72.98,HIGH,2,0,0,0,0,0,NO_TRADE,,RANGE_STRONG_RANGE_CONDOR_REQUIRES_SELL_PREMIUM_GOT_NEUTRAL,
09:56:21,23320.4,23360.55,23305.05,NARROW,23360.55,23286.6,0.457,RANGE,NEUTRAL,STRONG_RANGE,NO_TRADE,RANGE_STRONG_RANGE_CONDOR_REQUIRES_SELL_PREMIUM_GOT_NEUTRAL,0.0,0,72.76,HIGH,2,0,0,0,0,0,NO_TRADE,,RANGE_STRONG_RANGE_CONDOR_REQUIRES_SELL_PREMIUM_GOT_NEUTRAL,
09:56:36,23320.0,23360.55,23305.05,NARROW,23360.55,23286.6,0.452,RANGE,NEUTRAL,STRONG_RANGE,NO_TRADE,RANGE_STRONG_RANGE_CONDOR_REQUIRES_SELL_PREMIUM_GOT_NEUTRAL,0.0,0,72.54,HIGH,2,0,0,0,0,0,NO_TRADE,,RANGE_STRONG_RANGE_CONDOR_REQUIRES_SELL_PREMIUM_GOT_NEUTRAL,
09:56:51,23323.85,23360.55,23305.05,NARROW,23360.55,23286.6,0.504,RANGE,NEUTRAL,STRONG_RANGE,NO_TRADE,RANGE_STRONG_RANGE_CONDOR_REQUIRES_SELL_PREMIUM_GOT_NEUTRAL,0.0,0,72.32,HIGH,2,0,0,0,0,0,NO_TRADE,,RANGE_STRONG_RANGE_CONDOR_REQUIRES_SELL_PREMIUM_GOT_NEUTRAL,
09:57:06,23326.9,23360.55,23305.05,NARROW,23360.55,23286.6,0.545,RANGE,NEUTRAL,STRONG_RANGE,NO_TRADE,RANGE_STRONG_RANGE_CONDOR_REQUIRES_SELL_PREMIUM_GOT_NEUTRAL,0.0,0,72.11,HIGH,2,0,0,0,0,0,NO_TRADE,,RANGE_STRONG_RANGE_CONDOR_REQUIRES_SELL_PREMIUM_GOT_NEUTRAL,
09:57:21,23337.6,23360.55,23305.05,NARROW,23360.55,23286.6,0.690,RANGE,NEUTRAL,STRONG_RANGE,NO_TRADE,RANGE_STRONG_RANGE_CONDOR_REQUIRES_SELL_PREMIUM_GOT_NEUTRAL,0.0,0,71.89,HIGH,2,0,0,0,0,0,NO_TRADE,,RANGE_STRONG_RANGE_CONDOR_REQUIRES_SELL_PREMIUM_GOT_NEUTRAL,
09:57:36,23331.65,23360.55,23305.05,NARROW,23360.55,23286.6,0.609,RANGE,NEUTRAL,STRONG_RANGE,NO_TRADE,RANGE_STRONG_RANGE_CONDOR_REQUIRES_SELL_PREMIUM_GOT_NEUTRAL,0.0,0,71.68,HIGH,2,0,0,0,0,0,NO_TRADE,,RANGE_STRONG_RANGE_CONDOR_REQUIRES_SELL_PREMIUM_GOT_NEUTRAL,
09:57:51,23330.45,23360.55,23305.05,NARROW,23360.55,23286.6,0.593,RANGE,NEUTRAL,STRONG_RANGE,NO_TRADE,RANGE_STRONG_RANGE_CONDOR_REQUIRES_SELL_PREMIUM_GOT_NEUTRAL,0.0,0,71.47,HIGH,2,0,0,0,0,0,NO_TRADE,,RANGE_STRONG_RANGE_CONDOR_REQUIRES_SELL_PREMIUM_GOT_NEUTRAL,
09:58:06,23329.4,23360.55,23305.05,NARROW,23360.55,23286.6,0.579,RANGE,NEUTRAL,STRONG_RANGE,NO_TRADE,RANGE_STRONG_RANGE_CONDOR_REQUIRES_SELL_PREMIUM_GOT_NEUTRAL,0.0,0,71.26,HIGH,2,0,0,0,0,0,NO_TRADE,,RANGE_STRONG_RANGE_CONDOR_REQUIRES_SELL_PREMIUM_GOT_NEUTRAL,
09:58:21,23330.05,23360.55,23305.05,NARROW,23360.55,23286.6,0.588,RANGE,NEUTRAL,STRONG_RANGE,NO_TRADE,RANGE_STRONG_RANGE_CONDOR_REQUIRES_SELL_PREMIUM_GOT_NEUTRAL,0.0,0,71.06,HIGH,2,0,0,0,0,0,NO_TRADE,,RANGE_STRONG_RANGE_CONDOR_REQUIRES_SELL_PREMIUM_GOT_NEUTRAL,
09:58:36,23327.2,23360.55,23305.05,NARROW,23360.55,23286.6,0.549,RANGE,NEUTRAL,STRONG_RANGE,NO_TRADE,RANGE_STRONG_RANGE_CONDOR_REQUIRES_SELL_PREMIUM_GOT_NEUTRAL,0.0,0,70.85,HIGH,2,0,0,0,0,0,NO_TRADE,,RANGE_STRONG_RANGE_CONDOR_REQUIRES_SELL_PREMIUM_GOT_NEUTRAL,
09:58:51,23328.55,23360.55,23305.05,NARROW,23360.55,23286.6,0.567,RANGE,NEUTRAL,STRONG_RANGE,NO_TRADE,RANGE_STRONG_RANGE_CONDOR_REQUIRES_SELL_PREMIUM_GOT_NEUTRAL,0.0,0,70.65,HIGH,2,0,0,0,0,0,NO_TRADE,,RANGE_STRONG_RANGE_CONDOR_REQUIRES_SELL_PREMIUM_GOT_NEUTRAL,
09:59:06,23326.6,23360.55,23305.05,NARROW,23360.55,23286.6,0.541,RANGE,NEUTRAL,STRONG_RANGE,NO_TRADE,RANGE_STRONG_RANGE_CONDOR_REQUIRES_SELL_PREMIUM_GOT_NEUTRAL,0.0,0,70.45,HIGH,2,0,0,0,0,0,NO_TRADE,,RANGE_STRONG_RANGE_CONDOR_REQUIRES_SELL_PREMIUM_GOT_NEUTRAL,
09:59:21,23329.05,23360.55,23305.05,NARROW,23360.55,23286.6,0.574,RANGE,NEUTRAL,STRONG_RANGE,NO_TRADE,RANGE_STRONG_RANGE_CONDOR_REQUIRES_SELL_PREMIUM_GOT_NEUTRAL,0.0,0,70.25,HIGH,2,0,0,0,0,0,NO_TRADE,,RANGE_STRONG_RANGE_CONDOR_REQUIRES_SELL_PREMIUM_GOT_NEUTRAL,
09:59:37,23330.15,23360.55,23305.05,NARROW,23360.55,23286.6,0.589,RANGE,NEUTRAL,STRONG_RANGE,NO_TRADE,RANGE_STRONG_RANGE_CONDOR_REQUIRES_SELL_PREMIUM_GOT_NEUTRAL,0.0,0,70.05,HIGH,2,0,0,0,0,0,NO_TRADE,,RANGE_STRONG_RANGE_CONDOR_REQUIRES_SELL_PREMIUM_GOT_NEUTRAL,
09:59:52,23328.45,23360.55,23305.05,NARROW,23360.55,23286.6,0.566,RANGE,NEUTRAL,STRONG_RANGE,NO_TRADE,RANGE_STRONG_RANGE_CONDOR_REQUIRES_SELL_PREMIUM_GOT_NEUTRAL,0.0,0,69.86,HIGH,2,0,0,0,0,0,NO_TRADE,,RANGE_STRONG_RANGE_CONDOR_REQUIRES_SELL_PREMIUM_GOT_NEUTRAL,
10:00:07,23327.7,23360.55,23305.05,NARROW,23360.55,23286.6,0.556,RANGE,NEUTRAL,STRONG_RANGE,NO_TRADE,RANGE_STRONG_RANGE_CONDOR_REQUIRES_SELL_PREMIUM_GOT_NEUTRAL,0.0,0,69.66,HIGH,2,0,0,0,0,0,NO_TRADE,,RANGE_STRONG_RANGE_CONDOR_REQUIRES_SELL_PREMIUM_GOT_NEUTRAL,
10:00:22,23325.6,23360.55,23305.05,NARROW,23360.55,23286.6,0.527,RANGE,NEUTRAL,STRONG_RANGE,NO_TRADE,RANGE_STRONG_RANGE_CONDOR_REQUIRES_SELL_PREMIUM_GOT_NEUTRAL,0.0,0,69.47,HIGH,2,0,0,0,0,0,NO_TRADE,,RANGE_STRONG_RANGE_CONDOR_REQUIRES_SELL_PREMIUM_GOT_NEUTRAL,
10:00:37,23329.15,23360.55,23305.05,NARROW,23360.55,23286.6,0.575,RANGE,NEUTRAL,STRONG_RANGE,NO_TRADE,RANGE_STRONG_RANGE_CONDOR_REQUIRES_SELL_PREMIUM_GOT_NEUTRAL,0.0,0,69.28,HIGH,2,0,0,0,0,0,NO_TRADE,,RANGE_STRONG_RANGE_CONDOR_REQUIRES_SELL_PREMIUM_GOT_NEUTRAL,
10:00:52,23330.55,23360.55,23305.05,NARROW,23360.55,23286.6,0.594,RANGE,NEUTRAL,STRONG_RANGE,NO_TRADE,RANGE_STRONG_RANGE_CONDOR_REQUIRES_SELL_PREMIUM_GOT_NEUTRAL,0.0,0,69.09,HIGH,2,0,0,0,0,0,NO_TRADE,,RANGE_STRONG_RANGE_CONDOR_REQUIRES_SELL_PREMIUM_GOT_NEUTRAL,
10:01:07,23329.6,23360.55,23305.05,NARROW,23360.55,23286.6,0.581,RANGE,NEUTRAL,STRONG_RANGE,NO_TRADE,RANGE_STRONG_RANGE_CONDOR_REQUIRES_SELL_PREMIUM_GOT_NEUTRAL,0.0,0,68.9,HIGH,2,0,0,0,0,0,NO_TRADE,,RANGE_STRONG_RANGE_CONDOR_REQUIRES_SELL_PREMIUM_GOT_NEUTRAL,
10:01:22,23332.4,23360.55,23305.05,NARROW,23360.55,23286.6,0.619,RANGE,NEUTRAL,STRONG_RANGE,NO_TRADE,RANGE_STRONG_RANGE_CONDOR_REQUIRES_SELL_PREMIUM_GOT_NEUTRAL,0.0,0,68.72,HIGH,2,0,0,0,0,0,NO_TRADE,,RANGE_STRONG_RANGE_CONDOR_REQUIRES_SELL_PREMIUM_GOT_NEUTRAL,
10:01:37,23329.65,23360.55,23305.05,NARROW,23360.55,23286.6,0.582,RANGE,NEUTRAL,STRONG_RANGE,NO_TRADE,RANGE_STRONG_RANGE_CONDOR_REQUIRES_SELL_PREMIUM_GOT_NEUTRAL,0.0,0,68.53,HIGH,2,0,0,0,0,0,NO_TRADE,,RANGE_STRONG_RANGE_CONDOR_REQUIRES_SELL_PREMIUM_GOT_NEUTRAL,
10:01:52,23330.5,23360.55,23305.05,NARROW,23360.55,23286.6,0.594,RANGE,NEUTRAL,STRONG_RANGE,NO_TRADE,RANGE_STRONG_RANGE_CONDOR_REQUIRES_SELL_PREMIUM_GOT_NEUTRAL,0.0,0,68.35,HIGH,2,0,0,0,0,0,NO_TRADE,,RANGE_STRONG_RANGE_CONDOR_REQUIRES_SELL_PREMIUM_GOT_NEUTRAL,
10:02:07,23327.9,23360.55,23305.05,NARROW,23360.55,23286.6,0.558,RANGE,NEUTRAL,STRONG_RANGE,NO_TRADE,RANGE_STRONG_RANGE_CONDOR_REQUIRES_SELL_PREMIUM_GOT_NEUTRAL,0.0,0,68.17,HIGH,2,0,0,0,0,0,NO_TRADE,,RANGE_STRONG_RANGE_CONDOR_REQUIRES_SELL_PREMIUM_GOT_NEUTRAL,
10:02:22,23329.7,23360.55,23305.05,NARROW,23360.55,23286.6,0.583,RANGE,NEUTRAL,STRONG_RANGE,NO_TRADE,RANGE_STRONG_RANGE_CONDOR_REQUIRES_SELL_PREMIUM_GOT_NEUTRAL,0.0,0,67.99,HIGH,2,0,0,0,0,0,NO_TRADE,,RANGE_STRONG_RANGE_CONDOR_REQUIRES_SELL_PREMIUM_GOT_NEUTRAL,
10:02:37,23325.05,23360.55,23305.05,NARROW,23360.55,23286.6,0.520,RANGE,NEUTRAL,STRONG_RANGE,NO_TRADE,RANGE_STRONG_RANGE_CONDOR_REQUIRES_SELL_PREMIUM_GOT_NEUTRAL,0.0,0,67.81,HIGH,2,0,0,0,0,0,NO_TRADE,,RANGE_STRONG_RANGE_CONDOR_REQUIRES_SELL_PREMIUM_GOT_NEUTRAL,
10:02:52,23327.8,23360.55,23305.05,NARROW,23360.55,23286.6,0.557,RANGE,NEUTRAL,STRONG_RANGE,NO_TRADE,RANGE_STRONG_RANGE_CONDOR_REQUIRES_SELL_PREMIUM_GOT_NEUTRAL,0.0,0,67.63,HIGH,2,0,0,0,0,0,NO_TRADE,,RANGE_STRONG_RANGE_CONDOR_REQUIRES_SELL_PREMIUM_GOT_NEUTRAL,
10:03:07,23324.9,23360.55,23305.05,NARROW,23360.55,23286.6,0.518,RANGE,NEUTRAL,STRONG_RANGE,NO_TRADE,RANGE_STRONG_RANGE_CONDOR_REQUIRES_SELL_PREMIUM_GOT_NEUTRAL,0.0,0,67.46,HIGH,2,0,0,0,0,0,NO_TRADE,,RANGE_STRONG_RANGE_CONDOR_REQUIRES_SELL_PREMIUM_GOT_NEUTRAL,
10:03:22,23325.1,23360.55,23305.05,NARROW,23360.55,23286.6,0.521,RANGE,NEUTRAL,STRONG_RANGE,NO_TRADE,RANGE_STRONG_RANGE_CONDOR_REQUIRES_SELL_PREMIUM_GOT_NEUTRAL,0.0,0,67.28,HIGH,2,0,0,0,0,0,NO_TRADE,,RANGE_STRONG_RANGE_CONDOR_REQUIRES_SELL_PREMIUM_GOT_NEUTRAL,
10:03:37,23325.7,23360.55,23305.05,NARROW,23360.55,23286.6,0.529,RANGE,NEUTRAL,STRONG_RANGE,NO_TRADE,RANGE_STRONG_RANGE_CONDOR_REQUIRES_SELL_PREMIUM_GOT_NEUTRAL,0.0,0,67.11,HIGH,2,0,0,0,0,0,NO_TRADE,,RANGE_STRONG_RANGE_CONDOR_REQUIRES_SELL_PREMIUM_GOT_NEUTRAL,
10:03:52,23320.55,23360.55,23305.05,NARROW,23360.55,23286.6,0.459,RANGE,NEUTRAL,STRONG_RANGE,NO_TRADE,RANGE_STRONG_RANGE_CONDOR_REQUIRES_SELL_PREMIUM_GOT_NEUTRAL,0.0,0,66.93,HIGH,2,0,0,0,0,0,NO_TRADE,,RANGE_STRONG_RANGE_CONDOR_REQUIRES_SELL_PREMIUM_GOT_NEUTRAL,
10:04:07,23319.5,23360.55,23305.05,NARROW,23360.55,23286.6,0.445,RANGE,NEUTRAL,STRONG_RANGE,NO_TRADE,RANGE_STRONG_RANGE_CONDOR_REQUIRES_SELL_PREMIUM_GOT_NEUTRAL,0.0,0,66.76,HIGH,2,0,0,0,0,0,NO_TRADE,,RANGE_STRONG_RANGE_CONDOR_REQUIRES_SELL_PREMIUM_GOT_NEUTRAL,
10:04:22,23319.85,23360.55,23305.05,NARROW,23360.55,23286.6,0.450,RANGE,NEUTRAL,STRONG_RANGE,NO_TRADE,RANGE_STRONG_RANGE_CONDOR_REQUIRES_SELL_PREMIUM_GOT_NEUTRAL,0.0,0,66.59,HIGH,2,0,0,0,0,0,NO_TRADE,,RANGE_STRONG_RANGE_CONDOR_REQUIRES_SELL_PREMIUM_GOT_NEUTRAL,
10:04:37,23320.35,23360.55,23305.05,NARROW,23360.55,23286.6,0.456,RANGE,NEUTRAL,STRONG_RANGE,NO_TRADE,RANGE_STRONG_RANGE_CONDOR_REQUIRES_SELL_PREMIUM_GOT_NEUTRAL,0.0,0,66.43,HIGH,2,0,0,0,0,0,NO_TRADE,,RANGE_STRONG_RANGE_CONDOR_REQUIRES_SELL_PREMIUM_GOT_NEUTRAL,
10:04:52,23321.0,23360.55,23305.05,NARROW,23360.55,23286.6,0.465,RANGE,SELL_PREMIUM,STRONG_RANGE,PREMIUM_SELL_RANGE,RANGE_STRONG_RANGE_NARROW,0.0,0,66.26,HIGH,2,0,0,0,0,0,NO_TRADE,,open_spike_wait_unresolved_lower_high,
10:05:07,23319.9,23360.55,23305.05,NARROW,23360.55,23286.6,0.450,RANGE,SELL_PREMIUM,STRONG_RANGE,PREMIUM_SELL_RANGE,RANGE_STRONG_RANGE_NARROW,0.0,0,66.09,HIGH,2,0,0,0,0,0,NO_TRADE,,open_spike_wait_unresolved_lower_high,
10:05:22,23319.6,23360.55,23305.05,NARROW,23360.55,23286.6,0.446,RANGE,SELL_PREMIUM,STRONG_RANGE,PREMIUM_SELL_RANGE,RANGE_STRONG_RANGE_NARROW,0.0,0,65.93,HIGH,2,0,0,0,0,0,NO_TRADE,,open_spike_wait_unresolved_lower_high,
10:05:37,23326.6,23360.55,23305.05,NARROW,23360.55,23286.6,0.541,RANGE,NEUTRAL,STRONG_RANGE,NO_TRADE,RANGE_STRONG_RANGE_CONDOR_REQUIRES_SELL_PREMIUM_GOT_NEUTRAL,0.0,0,65.77,HIGH,2,0,0,0,0,0,NO_TRADE,,RANGE_STRONG_RANGE_CONDOR_REQUIRES_SELL_PREMIUM_GOT_NEUTRAL,
10:05:52,23328.05,23360.55,23305.05,NARROW,23360.55,23286.6,0.561,RANGE,NEUTRAL,STRONG_RANGE,NO_TRADE,RANGE_STRONG_RANGE_CONDOR_REQUIRES_SELL_PREMIUM_GOT_NEUTRAL,0.0,0,65.6,HIGH,2,0,0,0,0,0,NO_TRADE,,RANGE_STRONG_RANGE_CONDOR_REQUIRES_SELL_PREMIUM_GOT_NEUTRAL,
10:06:07,23324.8,23360.55,23305.05,NARROW,23360.55,23286.6,0.517,RANGE,NEUTRAL,STRONG_RANGE,NO_TRADE,RANGE_STRONG_RANGE_CONDOR_REQUIRES_SELL_PREMIUM_GOT_NEUTRAL,0.0,0,65.44,HIGH,2,0,0,0,0,0,NO_TRADE,,RANGE_STRONG_RANGE_CONDOR_REQUIRES_SELL_PREMIUM_GOT_NEUTRAL,
10:06:22,23324.8,23360.55,23305.05,NARROW,23360.55,23286.6,0.517,RANGE,NEUTRAL,STRONG_RANGE,NO_TRADE,RANGE_STRONG_RANGE_CONDOR_REQUIRES_SELL_PREMIUM_GOT_NEUTRAL,0.0,0,65.28,HIGH,2,0,0,0,0,0,NO_TRADE,,RANGE_STRONG_RANGE_CONDOR_REQUIRES_SELL_PREMIUM_GOT_NEUTRAL,
10:06:37,23321.8,23360.55,23305.05,NARROW,23360.55,23286.6,0.476,RANGE,NEUTRAL,STRONG_RANGE,NO_TRADE,RANGE_STRONG_RANGE_CONDOR_REQUIRES_SELL_PREMIUM_GOT_NEUTRAL,0.0,0,65.12,HIGH,2,0,0,0,0,0,NO_TRADE,,RANGE_STRONG_RANGE_CONDOR_REQUIRES_SELL_PREMIUM_GOT_NEUTRAL,
10:06:52,23316.4,23360.55,23305.05,NARROW,23360.55,23286.6,0.403,RANGE,NEUTRAL,STRONG_RANGE,NO_TRADE,RANGE_STRONG_RANGE_CONDOR_REQUIRES_SELL_PREMIUM_GOT_NEUTRAL,0.0,0,64.97,HIGH,2,0,0,0,0,0,NO_TRADE,,RANGE_STRONG_RANGE_CONDOR_REQUIRES_SELL_PREMIUM_GOT_NEUTRAL,
10:07:07,23311.15,23360.55,23305.05,NARROW,23360.55,23286.6,0.332,RANGE,NEUTRAL,STRONG_RANGE,NO_TRADE,RANGE_STRONG_RANGE_CONDOR_REQUIRES_SELL_PREMIUM_GOT_NEUTRAL,0.0,0,64.81,HIGH,2,0,0,0,0,0,NO_TRADE,,RANGE_STRONG_RANGE_CONDOR_REQUIRES_SELL_PREMIUM_GOT_NEUTRAL,
10:07:22,23313.95,23360.55,23305.05,NARROW,23360.55,23286.6,0.370,RANGE,NEUTRAL,STRONG_RANGE,NO_TRADE,RANGE_STRONG_RANGE_CONDOR_REQUIRES_SELL_PREMIUM_GOT_NEUTRAL,0.0,0,64.66,HIGH,2,0,0,0,0,0,NO_TRADE,,RANGE_STRONG_RANGE_CONDOR_REQUIRES_SELL_PREMIUM_GOT_NEUTRAL,
10:07:37,23316.35,23360.55,23305.05,NARROW,23360.55,23286.6,0.402,RANGE,NEUTRAL,STRONG_RANGE,NO_TRADE,RANGE_STRONG_RANGE_CONDOR_REQUIRES_SELL_PREMIUM_GOT_NEUTRAL,0.0,0,64.5,HIGH,2,0,0,0,0,0,NO_TRADE,,RANGE_STRONG_RANGE_CONDOR_REQUIRES_SELL_PREMIUM_GOT_NEUTRAL,
10:07:52,23318.15,23360.55,23305.05,NARROW,23360.55,23286.6,0.427,RANGE,NEUTRAL,STRONG_RANGE,NO_TRADE,RANGE_STRONG_RANGE_CONDOR_REQUIRES_SELL_PREMIUM_GOT_NEUTRAL,0.0,0,64.35,HIGH,2,0,0,0,0,0,NO_TRADE,,RANGE_STRONG_RANGE_CONDOR_REQUIRES_SELL_PREMIUM_GOT_NEUTRAL,
10:08:07,23318.85,23360.55,23305.05,NARROW,23360.55,23286.6,0.436,RANGE,NEUTRAL,STRONG_RANGE,NO_TRADE,RANGE_STRONG_RANGE_CONDOR_REQUIRES_SELL_PREMIUM_GOT_NEUTRAL,0.0,0,64.2,HIGH,2,0,0,0,0,0,NO_TRADE,,RANGE_STRONG_RANGE_CONDOR_REQUIRES_SELL_PREMIUM_GOT_NEUTRAL,
10:08:22,23320.85,23360.55,23305.05,NARROW,23360.55,23286.6,0.463,RANGE,NEUTRAL,STRONG_RANGE,NO_TRADE,RANGE_STRONG_RANGE_CONDOR_REQUIRES_SELL_PREMIUM_GOT_NEUTRAL,0.0,0,64.05,HIGH,2,0,0,0,0,0,NO_TRADE,,RANGE_STRONG_RANGE_CONDOR_REQUIRES_SELL_PREMIUM_GOT_NEUTRAL,
10:08:37,23321.25,23360.55,23305.05,NARROW,23360.55,23286.6,0.469,RANGE,NEUTRAL,STRONG_RANGE,NO_TRADE,RANGE_STRONG_RANGE_CONDOR_REQUIRES_SELL_PREMIUM_GOT_NEUTRAL,0.0,0,63.9,HIGH,2,0,0,0,0,0,NO_TRADE,,RANGE_STRONG_RANGE_CONDOR_REQUIRES_SELL_PREMIUM_GOT_NEUTRAL,
10:08:52,23324.1,23360.55,23305.05,NARROW,23360.55,23286.6,0.507,RANGE,NEUTRAL,STRONG_RANGE,NO_TRADE,RANGE_STRONG_RANGE_CONDOR_REQUIRES_SELL_PREMIUM_GOT_NEUTRAL,0.0,0,63.75,HIGH,2,0,0,0,0,0,NO_TRADE,,RANGE_STRONG_RANGE_CONDOR_REQUIRES_SELL_PREMIUM_GOT_NEUTRAL,
10:09:07,23327.85,23360.55,23305.05,NARROW,23360.55,23286.6,0.558,RANGE,NEUTRAL,STRONG_RANGE,NO_TRADE,RANGE_STRONG_RANGE_CONDOR_REQUIRES_SELL_PREMIUM_GOT_NEUTRAL,0.0,0,63.6,HIGH,2,0,0,0,0,0,NO_TRADE,,RANGE_STRONG_RANGE_CONDOR_REQUIRES_SELL_PREMIUM_GOT_NEUTRAL,
10:09:22,23330.55,23360.55,23305.05,NARROW,23360.55,23286.6,0.594,RANGE,NEUTRAL,STRONG_RANGE,NO_TRADE,RANGE_STRONG_RANGE_CONDOR_REQUIRES_SELL_PREMIUM_GOT_NEUTRAL,0.0,0,63.45,HIGH,2,0,0,0,0,0,NO_TRADE,,RANGE_STRONG_RANGE_CONDOR_REQUIRES_SELL_PREMIUM_GOT_NEUTRAL,
10:09:37,23329.0,23360.55,23305.05,NARROW,23360.55,23286.6,0.573,RANGE,NEUTRAL,STRONG_RANGE,NO_TRADE,RANGE_STRONG_RANGE_CONDOR_REQUIRES_SELL_PREMIUM_GOT_NEUTRAL,0.0,0,63.31,HIGH,2,0,0,0,0,0,NO_TRADE,,RANGE_STRONG_RANGE_CONDOR_REQUIRES_SELL_PREMIUM_GOT_NEUTRAL,
10:09:52,23323.65,23360.55,23305.05,NARROW,23360.55,23286.6,0.501,RANGE,NEUTRAL,STRONG_RANGE,NO_TRADE,RANGE_STRONG_RANGE_CONDOR_REQUIRES_SELL_PREMIUM_GOT_NEUTRAL,0.0,0,63.16,HIGH,2,0,0,0,0,0,NO_TRADE,,RANGE_STRONG_RANGE_CONDOR_REQUIRES_SELL_PREMIUM_GOT_NEUTRAL,
10:10:07,23326.6,23360.55,23305.05,NARROW,23360.55,23286.6,0.541,RANGE,NEUTRAL,STRONG_RANGE,NO_TRADE,RANGE_STRONG_RANGE_CONDOR_REQUIRES_SELL_PREMIUM_GOT_NEUTRAL,0.0,0,63.02,HIGH,2,0,0,0,0,0,NO_TRADE,,RANGE_STRONG_RANGE_CONDOR_REQUIRES_SELL_PREMIUM_GOT_NEUTRAL,
10:10:22,23329.4,23360.55,23305.05,NARROW,23360.55,23286.6,0.579,RANGE,NEUTRAL,STRONG_RANGE,NO_TRADE,RANGE_STRONG_RANGE_CONDOR_REQUIRES_SELL_PREMIUM_GOT_NEUTRAL,0.0,0,62.88,HIGH,2,0,0,0,0,0,NO_TRADE,,RANGE_STRONG_RANGE_CONDOR_REQUIRES_SELL_PREMIUM_GOT_NEUTRAL,
10:10:37,23327.6,23360.55,23305.05,NARROW,23360.55,23286.6,0.554,RANGE,NEUTRAL,STRONG_RANGE,NO_TRADE,RANGE_STRONG_RANGE_CONDOR_REQUIRES_SELL_PREMIUM_GOT_NEUTRAL,0.0,0,62.74,HIGH,2,0,0,0,0,0,NO_TRADE,,RANGE_STRONG_RANGE_CONDOR_REQUIRES_SELL_PREMIUM_GOT_NEUTRAL,
10:10:52,23327.7,23360.55,23305.05,NARROW,23360.55,23286.6,0.556,RANGE,NEUTRAL,STRONG_RANGE,NO_TRADE,RANGE_STRONG_RANGE_CONDOR_REQUIRES_SELL_PREMIUM_GOT_NEUTRAL,0.0,0,62.6,HIGH,2,0,0,0,0,0,NO_TRADE,,RANGE_STRONG_RANGE_CONDOR_REQUIRES_SELL_PREMIUM_GOT_NEUTRAL,
10:11:07,23327.9,23360.55,23305.05,NARROW,23360.55,23286.6,0.558,RANGE,NEUTRAL,STRONG_RANGE,NO_TRADE,RANGE_STRONG_RANGE_CONDOR_REQUIRES_SELL_PREMIUM_GOT_NEUTRAL,0.0,0,62.46,HIGH,2,0,0,0,0,0,NO_TRADE,,RANGE_STRONG_RANGE_CONDOR_REQUIRES_SELL_PREMIUM_GOT_NEUTRAL,
10:11:22,23327.95,23360.55,23305.05,NARROW,23360.55,23286.6,0.559,RANGE,NEUTRAL,STRONG_RANGE,NO_TRADE,RANGE_STRONG_RANGE_CONDOR_REQUIRES_SELL_PREMIUM_GOT_NEUTRAL,0.0,0,62.32,HIGH,2,0,0,0,0,0,NO_TRADE,,RANGE_STRONG_RANGE_CONDOR_REQUIRES_SELL_PREMIUM_GOT_NEUTRAL,
10:11:37,23327.6,23360.55,23305.05,NARROW,23360.55,23286.6,0.554,RANGE,NEUTRAL,STRONG_RANGE,NO_TRADE,RANGE_STRONG_RANGE_CONDOR_REQUIRES_SELL_PREMIUM_GOT_NEUTRAL,0.0,0,62.18,HIGH,2,0,0,0,0,0,NO_TRADE,,RANGE_STRONG_RANGE_CONDOR_REQUIRES_SELL_PREMIUM_GOT_NEUTRAL,
10:11:52,23327.55,23360.55,23305.05,NARROW,23360.55,23286.6,0.554,RANGE,NEUTRAL,STRONG_RANGE,NO_TRADE,RANGE_STRONG_RANGE_CONDOR_REQUIRES_SELL_PREMIUM_GOT_NEUTRAL,0.0,0,62.04,HIGH,2,0,0,0,0,0,NO_TRADE,,RANGE_STRONG_RANGE_CONDOR_REQUIRES_SELL_PREMIUM_GOT_NEUTRAL,
10:12:07,23328.65,23360.55,23305.05,NARROW,23360.55,23286.6,0.569,RANGE,NEUTRAL,STRONG_RANGE,NO_TRADE,RANGE_STRONG_RANGE_CONDOR_REQUIRES_SELL_PREMIUM_GOT_NEUTRAL,0.0,0,61.91,HIGH,2,0,0,0,0,0,NO_TRADE,,RANGE_STRONG_RANGE_CONDOR_REQUIRES_SELL_PREMIUM_GOT_NEUTRAL,
10:12:22,23328.55,23360.55,23305.05,NARROW,23360.55,23286.6,0.567,RANGE,NEUTRAL,STRONG_RANGE,NO_TRADE,RANGE_STRONG_RANGE_CONDOR_REQUIRES_SELL_PREMIUM_GOT_NEUTRAL,0.0,0,61.77,HIGH,2,0,0,0,0,0,NO_TRADE,,RANGE_STRONG_RANGE_CONDOR_REQUIRES_SELL_PREMIUM_GOT_NEUTRAL,
10:12:38,23328.7,23360.55,23305.05,NARROW,23360.55,23286.6,0.569,RANGE,NEUTRAL,STRONG_RANGE,NO_TRADE,RANGE_STRONG_RANGE_CONDOR_REQUIRES_SELL_PREMIUM_GOT_NEUTRAL,0.0,0,61.64,HIGH,2,0,0,0,0,0,NO_TRADE,,RANGE_STRONG_RANGE_CONDOR_REQUIRES_SELL_PREMIUM_GOT_NEUTRAL,
10:12:53,23325.85,23360.55,23305.05,NARROW,23360.55,23286.6,0.531,RANGE,NEUTRAL,STRONG_RANGE,NO_TRADE,RANGE_STRONG_RANGE_CONDOR_REQUIRES_SELL_PREMIUM_GOT_NEUTRAL,0.0,0,61.5,HIGH,2,0,0,0,0,0,NO_TRADE,,RANGE_STRONG_RANGE_CONDOR_REQUIRES_SELL_PREMIUM_GOT_NEUTRAL,
10:13:08,23326.05,23360.55,23305.05,NARROW,23360.55,23286.6,0.533,RANGE,NEUTRAL,STRONG_RANGE,NO_TRADE,RANGE_STRONG_RANGE_CONDOR_REQUIRES_SELL_PREMIUM_GOT_NEUTRAL,0.0,0,61.37,HIGH,2,0,0,0,0,0,NO_TRADE,,RANGE_STRONG_RANGE_CONDOR_REQUIRES_SELL_PREMIUM_GOT_NEUTRAL,
10:13:23,23328.05,23360.55,23305.05,NARROW,23360.55,23286.6,0.561,RANGE,NEUTRAL,STRONG_RANGE,NO_TRADE,RANGE_STRONG_RANGE_CONDOR_REQUIRES_SELL_PREMIUM_GOT_NEUTRAL,0.0,0,61.24,HIGH,2,0,0,0,0,0,NO_TRADE,,RANGE_STRONG_RANGE_CONDOR_REQUIRES_SELL_PREMIUM_GOT_NEUTRAL,
10:13:38,23328.05,23360.55,23305.05,NARROW,23360.55,23286.6,0.561,RANGE,NEUTRAL,STRONG_RANGE,NO_TRADE,RANGE_STRONG_RANGE_CONDOR_REQUIRES_SELL_PREMIUM_GOT_NEUTRAL,0.0,0,61.11,HIGH,2,0,0,0,0,0,NO_TRADE,,RANGE_STRONG_RANGE_CONDOR_REQUIRES_SELL_PREMIUM_GOT_NEUTRAL,
10:13:53,23329.5,23360.55,23305.05,NARROW,23360.55,23286.6,0.580,RANGE,NEUTRAL,STRONG_RANGE,NO_TRADE,RANGE_STRONG_RANGE_CONDOR_REQUIRES_SELL_PREMIUM_GOT_NEUTRAL,0.0,0,60.98,HIGH,2,0,0,0,0,0,NO_TRADE,,RANGE_STRONG_RANGE_CONDOR_REQUIRES_SELL_PREMIUM_GOT_NEUTRAL,
10:14:08,23329.0,23360.55,23305.05,NARROW,23360.55,23286.6,0.573,RANGE,NEUTRAL,STRONG_RANGE,NO_TRADE,RANGE_STRONG_RANGE_CONDOR_REQUIRES_SELL_PREMIUM_GOT_NEUTRAL,0.0,0,60.85,HIGH,2,0,0,0,0,0,NO_TRADE,,RANGE_STRONG_RANGE_CONDOR_REQUIRES_SELL_PREMIUM_GOT_NEUTRAL,
10:14:23,23328.9,23360.55,23305.05,NARROW,23360.55,23286.6,0.572,RANGE,NEUTRAL,STRONG_RANGE,NO_TRADE,RANGE_STRONG_RANGE_CONDOR_REQUIRES_SELL_PREMIUM_GOT_NEUTRAL,0.0,0,60.72,HIGH,2,0,0,0,0,0,NO_TRADE,,RANGE_STRONG_RANGE_CONDOR_REQUIRES_SELL_PREMIUM_GOT_NEUTRAL,
10:14:38,23329.5,23360.55,23305.05,NARROW,23360.55,23286.6,0.580,RANGE,SELL_PREMIUM,STRONG_RANGE,PREMIUM_SELL_RANGE,RANGE_STRONG_RANGE_NARROW,0.0,0,60.59,HIGH,2,0,0,0,0,0,NO_TRADE,,open_spike_wait_unresolved_lower_high,
10:14:53,23327.2,23360.55,23305.05,NARROW,23360.55,23286.6,0.549,RANGE,SELL_PREMIUM,STRONG_RANGE,PREMIUM_SELL_RANGE,RANGE_STRONG_RANGE_NARROW,0.0,0,60.47,HIGH,2,0,0,0,0,0,NO_TRADE,,open_spike_wait_unresolved_lower_high,
10:15:08,23328.5,23360.55,23305.05,NARROW,23360.55,23286.6,0.567,RANGE,SELL_PREMIUM,STRONG_RANGE,PREMIUM_SELL_RANGE,RANGE_STRONG_RANGE_NARROW,0.0,0,60.34,HIGH,2,0,0,0,0,0,NO_TRADE,,open_spike_wait_unresolved_lower_high,
10:15:23,23329.7,23360.55,23305.05,NARROW,23360.55,23286.6,0.583,RANGE,SELL_PREMIUM,STRONG_RANGE,PREMIUM_SELL_RANGE,RANGE_STRONG_RANGE_NARROW,0.0,0,60.21,HIGH,2,0,0,0,0,0,NO_TRADE,,open_spike_wait_unresolved_lower_high,
10:15:38,23328.7,23360.55,23305.05,NARROW,23360.55,23286.6,0.569,RANGE,SELL_PREMIUM,STRONG_RANGE,PREMIUM_SELL_RANGE,RANGE_STRONG_RANGE_NARROW,0.0,0,60.09,HIGH,2,0,0,0,0,0,NO_TRADE,,open_spike_wait_unresolved_lower_high,
10:15:53,23329.0,23360.55,23305.05,NARROW,23360.55,23286.6,0.573,RANGE,SELL_PREMIUM,STRONG_RANGE,PREMIUM_SELL_RANGE,RANGE_STRONG_RANGE_NARROW,0.0,0,59.97,HIGH,2,0,0,0,0,0,NO_TRADE,,open_spike_wait_unresolved_lower_high,
10:16:08,23325.7,23360.55,23305.05,NARROW,23360.55,23286.6,0.529,RANGE,SELL_PREMIUM,STRONG_RANGE,PREMIUM_SELL_RANGE,RANGE_STRONG_RANGE_NARROW,0.0,0,59.84,HIGH,2,0,0,0,0,0,NO_TRADE,,open_spike_wait_unresolved_lower_high,
10:16:23,23325.95,23360.55,23305.05,NARROW,23360.55,23286.6,0.532,RANGE,SELL_PREMIUM,STRONG_RANGE,PREMIUM_SELL_RANGE,RANGE_STRONG_RANGE_NARROW,0.0,0,59.72,HIGH,2,0,0,0,0,0,NO_TRADE,,open_spike_wait_unresolved_lower_high,
10:16:38,23325.15,23360.55,23305.05,NARROW,23360.55,23286.6,0.521,RANGE,SELL_PREMIUM,STRONG_RANGE,PREMIUM_SELL_RANGE,RANGE_STRONG_RANGE_NARROW,0.0,0,59.6,HIGH,2,0,0,0,0,0,NO_TRADE,,open_spike_wait_unresolved_lower_high,
10:16:53,23324.3,23360.55,23305.05,NARROW,23360.55,23286.6,0.510,RANGE,SELL_PREMIUM,STRONG_RANGE,PREMIUM_SELL_RANGE,RANGE_STRONG_RANGE_NARROW,0.0,0,59.48,HIGH,2,0,0,0,0,0,NO_TRADE,,open_spike_wait_unresolved_lower_high,
10:17:08,23324.2,23360.55,23305.05,NARROW,23360.55,23286.6,0.508,RANGE,SELL_PREMIUM,STRONG_RANGE,PREMIUM_SELL_RANGE,RANGE_STRONG_RANGE_NARROW,0.0,0,59.36,HIGH,2,0,0,0,0,0,NO_TRADE,,open_spike_wait_unresolved_lower_high,
10:17:23,23324.25,23360.55,23305.05,NARROW,23360.55,23286.6,0.509,RANGE,SELL_PREMIUM,STRONG_RANGE,PREMIUM_SELL_RANGE,RANGE_STRONG_RANGE_NARROW,0.0,0,59.24,HIGH,2,0,0,0,0,0,NO_TRADE,,open_spike_wait_unresolved_lower_high,
10:17:38,23325.0,23360.55,23305.05,NARROW,23360.55,23286.6,0.519,RANGE,SELL_PREMIUM,STRONG_RANGE,PREMIUM_SELL_RANGE,RANGE_STRONG_RANGE_NARROW,0.0,0,59.12,HIGH,2,0,0,0,0,0,NO_TRADE,,open_spike_wait_unresolved_lower_high,
10:17:53,23326.6,23360.55,23305.05,NARROW,23360.55,23286.6,0.541,RANGE,SELL_PREMIUM,STRONG_RANGE,PREMIUM_SELL_RANGE,RANGE_STRONG_RANGE_NARROW,0.0,0,59.0,HIGH,2,0,0,0,0,0,NO_TRADE,,open_spike_wait_unresolved_lower_high,
10:18:08,23325.15,23360.55,23305.05,NARROW,23360.55,23286.6,0.521,RANGE,SELL_PREMIUM,STRONG_RANGE,PREMIUM_SELL_RANGE,RANGE_STRONG_RANGE_NARROW,0.0,0,58.89,HIGH,2,0,0,0,0,0,NO_TRADE,,open_spike_wait_unresolved_lower_high,
10:18:23,23326.25,23360.55,23305.05,NARROW,23360.55,23286.6,0.536,RANGE,SELL_PREMIUM,STRONG_RANGE,PREMIUM_SELL_RANGE,RANGE_STRONG_RANGE_NARROW,0.0,0,58.77,HIGH,2,0,0,0,0,0,NO_TRADE,,open_spike_wait_unresolved_lower_high,
10:18:38,23326.75,23360.55,23305.05,NARROW,23360.55,23286.6,0.543,RANGE,SELL_PREMIUM,STRONG_RANGE,PREMIUM_SELL_RANGE,RANGE_STRONG_RANGE_NARROW,0.0,0,58.65,HIGH,2,0,0,0,0,0,NO_TRADE,,open_spike_wait_unresolved_lower_high,
10:18:53,23323.65,23360.55,23305.05,NARROW,23360.55,23286.6,0.501,RANGE,SELL_PREMIUM,STRONG_RANGE,PREMIUM_SELL_RANGE,RANGE_STRONG_RANGE_NARROW,0.0,0,58.54,HIGH,2,0,0,0,0,0,NO_TRADE,,open_spike_wait_unresolved_lower_high,
10:19:08,23323.6,23360.55,23305.05,NARROW,23360.55,23286.6,0.500,RANGE,SELL_PREMIUM,STRONG_RANGE,PREMIUM_SELL_RANGE,RANGE_STRONG_RANGE_NARROW,0.0,0,58.42,HIGH,2,0,0,0,0,0,NO_TRADE,,open_spike_wait_unresolved_lower_high,
10:19:23,23323.5,23360.55,23305.05,NARROW,23360.55,23286.6,0.499,RANGE,SELL_PREMIUM,STRONG_RANGE,PREMIUM_SELL_RANGE,RANGE_STRONG_RANGE_NARROW,0.0,0,58.31,HIGH,2,0,0,0,0,0,NO_TRADE,,open_spike_wait_unresolved_lower_high,
10:19:38,23320.2,23360.55,23305.05,NARROW,23360.55,23286.6,0.454,RANGE,SELL_PREMIUM,STRONG_RANGE,PREMIUM_SELL_RANGE,RANGE_STRONG_RANGE_NARROW,0.0,0,58.2,HIGH,2,0,0,0,0,0,NO_TRADE,,open_spike_wait_unresolved_lower_high,
10:19:53,23319.65,23360.55,23305.05,NARROW,23360.55,23286.6,0.447,RANGE,SELL_PREMIUM,STRONG_RANGE,PREMIUM_SELL_RANGE,RANGE_STRONG_RANGE_NARROW,0.0,0,58.09,HIGH,2,0,0,0,0,0,NO_TRADE,,open_spike_wait_unresolved_lower_high,
10:20:08,23317.85,23360.55,23305.05,NARROW,23360.55,23286.6,0.423,RANGE,STRONG_SELL_PREMIUM,STRONG_RANGE,PREMIUM_SELL_RANGE,RANGE_STRONG_RANGE_NARROW,0.0,0,57.97,HIGH,2,0,0,0,0,0,NO_TRADE,,open_spike_wait_unresolved_lower_high,
10:20:23,23318.6,23360.55,23305.05,NARROW,23360.55,23286.6,0.433,RANGE,STRONG_SELL_PREMIUM,STRONG_RANGE,PREMIUM_SELL_RANGE,RANGE_STRONG_RANGE_NARROW,0.0,0,57.86,HIGH,2,0,0,0,0,0,NO_TRADE,,open_spike_wait_unresolved_lower_high,
10:20:38,23320.8,23360.55,23305.05,NARROW,23360.55,23286.6,0.462,RANGE,STRONG_SELL_PREMIUM,STRONG_RANGE,PREMIUM_SELL_RANGE,RANGE_STRONG_RANGE_NARROW,0.0,0,57.75,HIGH,2,0,0,0,0,0,NO_TRADE,,open_spike_wait_unresolved_lower_high,
10:20:53,23321.15,23360.55,23305.05,NARROW,23360.55,23286.6,0.467,RANGE,STRONG_SELL_PREMIUM,STRONG_RANGE,PREMIUM_SELL_RANGE,RANGE_STRONG_RANGE_NARROW,0.0,0,57.64,HIGH,2,0,0,0,0,0,NO_TRADE,,open_spike_wait_unresolved_lower_high,
10:21:08,23323.05,23360.55,23305.05,NARROW,23360.55,23286.6,0.493,RANGE,STRONG_SELL_PREMIUM,STRONG_RANGE,PREMIUM_SELL_RANGE,RANGE_STRONG_RANGE_NARROW,0.0,0,57.53,HIGH,2,0,0,0,0,0,NO_TRADE,,open_spike_wait_unresolved_lower_high,
10:21:23,23323.3,23360.55,23305.05,NARROW,23360.55,23286.6,0.496,RANGE,STRONG_SELL_PREMIUM,STRONG_RANGE,PREMIUM_SELL_RANGE,RANGE_STRONG_RANGE_NARROW,0.0,0,57.43,HIGH,2,0,0,0,0,0,NO_TRADE,,open_spike_wait_unresolved_lower_high,
10:21:38,23323.3,23360.55,23305.05,NARROW,23360.55,23286.6,0.496,RANGE,STRONG_SELL_PREMIUM,STRONG_RANGE,PREMIUM_SELL_RANGE,RANGE_STRONG_RANGE_NARROW,0.0,0,57.32,HIGH,2,0,0,0,0,0,NO_TRADE,,open_spike_wait_unresolved_lower_high,
10:21:53,23322.85,23360.55,23305.05,NARROW,23360.55,23286.6,0.490,RANGE,STRONG_SELL_PREMIUM,STRONG_RANGE,PREMIUM_SELL_RANGE,RANGE_STRONG_RANGE_NARROW,0.0,0,57.21,HIGH,2,0,0,0,0,0,NO_TRADE,,open_spike_wait_unresolved_lower_high,
10:22:08,23320.9,23360.55,23305.05,NARROW,23360.55,23286.6,0.464,RANGE,STRONG_SELL_PREMIUM,STRONG_RANGE,PREMIUM_SELL_RANGE,RANGE_STRONG_RANGE_NARROW,0.0,0,57.1,HIGH,2,0,0,0,0,0,NO_TRADE,,open_spike_wait_unresolved_lower_high,
10:22:23,23322.15,23360.55,23305.05,NARROW,23360.55,23286.6,0.481,RANGE,STRONG_SELL_PREMIUM,STRONG_RANGE,PREMIUM_SELL_RANGE,RANGE_STRONG_RANGE_NARROW,0.0,0,57.0,HIGH,2,0,0,0,0,0,NO_TRADE,,open_spike_wait_unresolved_lower_high,
10:22:38,23319.9,23360.55,23305.05,NARROW,23360.55,23286.6,0.450,RANGE,STRONG_SELL_PREMIUM,STRONG_RANGE,PREMIUM_SELL_RANGE,RANGE_STRONG_RANGE_NARROW,0.0,0,56.89,HIGH,2,0,0,0,0,0,NO_TRADE,,open_spike_wait_unresolved_lower_high,
10:22:53,23319.4,23360.55,23305.05,NARROW,23360.55,23286.6,0.444,RANGE,STRONG_SELL_PREMIUM,STRONG_RANGE,PREMIUM_SELL_RANGE,RANGE_STRONG_RANGE_NARROW,0.0,0,56.79,HIGH,2,0,0,0,0,0,NO_TRADE,,open_spike_wait_unresolved_lower_high,
10:23:09,23318.65,23360.55,23305.05,NARROW,23360.55,23286.6,0.433,RANGE,STRONG_SELL_PREMIUM,STRONG_RANGE,PREMIUM_SELL_RANGE,RANGE_STRONG_RANGE_NARROW,0.0,0,56.68,HIGH,2,0,0,0,0,0,NO_TRADE,,open_spike_wait_unresolved_lower_high,
10:23:24,23318.25,23360.55,23305.05,NARROW,23360.55,23286.6,0.428,RANGE,STRONG_SELL_PREMIUM,STRONG_RANGE,PREMIUM_SELL_RANGE,RANGE_STRONG_RANGE_NARROW,0.0,0,56.58,HIGH,2,0,0,0,0,0,NO_TRADE,,open_spike_wait_unresolved_lower_high,
10:23:38,23316.55,23360.55,23305.05,NARROW,23360.55,23286.6,0.405,RANGE,STRONG_SELL_PREMIUM,STRONG_RANGE,PREMIUM_SELL_RANGE,RANGE_STRONG_RANGE_NARROW,0.0,0,56.48,HIGH,2,0,0,0,0,0,NO_TRADE,,open_spike_wait_unresolved_lower_high,
10:23:54,23315.35,23360.55,23305.05,NARROW,23360.55,23286.6,0.389,RANGE,STRONG_SELL_PREMIUM,STRONG_RANGE,PREMIUM_SELL_RANGE,RANGE_STRONG_RANGE_NARROW,0.0,0,56.37,HIGH,2,0,0,0,0,0,NO_TRADE,,open_spike_wait_unresolved_lower_high,
10:24:09,23314.65,23360.55,23305.05,NARROW,23360.55,23286.6,0.379,RANGE,STRONG_SELL_PREMIUM,STRONG_RANGE,PREMIUM_SELL_RANGE,RANGE_STRONG_RANGE_NARROW,0.0,0,56.27,HIGH,2,0,0,0,0,0,NO_TRADE,,open_spike_wait_unresolved_lower_high,
10:24:24,23313.9,23360.55,23305.05,NARROW,23360.55,23286.6,0.369,RANGE,STRONG_SELL_PREMIUM,STRONG_RANGE,PREMIUM_SELL_RANGE,RANGE_STRONG_RANGE_NARROW,0.0,0,56.17,HIGH,2,0,0,0,0,0,NO_TRADE,,open_spike_wait_unresolved_lower_high,
10:24:39,23307.9,23360.55,23305.05,NARROW,23360.55,23286.6,0.288,RANGE,STRONG_SELL_PREMIUM,RANGE,PREMIUM_SELL_RANGE,RANGE_RANGE_NARROW,0.0,0,56.07,HIGH,2,0,0,0,0,0,NO_TRADE,,open_spike_wait_unresolved_lower_high,
10:24:54,23305.5,23360.55,23305.05,NARROW,23360.55,23286.6,0.256,RANGE,STRONG_SELL_PREMIUM,RANGE,PREMIUM_SELL_RANGE,RANGE_RANGE_NARROW,0.0,0,55.97,HIGH,2,0,0,0,0,0,NO_TRADE,,open_spike_wait_unresolved_lower_high,
10:25:09,23306.6,23360.55,23305.05,NARROW,23360.55,23286.6,0.270,RANGE,STRONG_SELL_PREMIUM,RANGE,PREMIUM_SELL_RANGE,RANGE_RANGE_NARROW,0.0,0,55.87,HIGH,2,0,0,0,0,0,NO_TRADE,,open_spike_wait_unresolved_lower_high,
10:25:24,23309.95,23360.55,23305.05,NARROW,23360.55,23286.6,0.316,RANGE,STRONG_SELL_PREMIUM,RANGE,PREMIUM_SELL_RANGE,RANGE_RANGE_NARROW,0.0,0,55.77,HIGH,2,0,0,0,0,0,NO_TRADE,,open_spike_wait_unresolved_lower_high,
10:25:39,23311.45,23360.55,23305.05,NARROW,23360.55,23286.6,0.336,RANGE,STRONG_SELL_PREMIUM,RANGE,PREMIUM_SELL_RANGE,RANGE_RANGE_NARROW,0.0,0,55.67,HIGH,2,0,0,0,0,0,NO_TRADE,,open_spike_wait_unresolved_lower_high,
10:25:54,23310.3,23360.55,23305.05,NARROW,23360.55,23286.6,0.320,RANGE,STRONG_SELL_PREMIUM,RANGE,PREMIUM_SELL_RANGE,RANGE_RANGE_NARROW,0.0,0,55.57,HIGH,2,0,0,0,0,0,NO_TRADE,,open_spike_wait_unresolved_lower_high,
10:26:09,23307.45,23360.55,23305.05,NARROW,23360.55,23286.6,0.282,RANGE,STRONG_SELL_PREMIUM,RANGE,PREMIUM_SELL_RANGE,RANGE_RANGE_NARROW,0.0,0,55.47,HIGH,2,0,0,0,0,0,NO_TRADE,,open_spike_wait_unresolved_lower_high,
10:26:24,23309.0,23360.55,23305.05,NARROW,23360.55,23286.6,0.303,RANGE,STRONG_SELL_PREMIUM,STRONG_RANGE,PREMIUM_SELL_RANGE,RANGE_STRONG_RANGE_NARROW,0.0,0,55.37,HIGH,2,0,0,0,0,0,NO_TRADE,,open_spike_wait_unresolved_lower_high,
10:26:39,23306.05,23360.55,23305.05,NARROW,23360.55,23286.6,0.263,RANGE,STRONG_SELL_PREMIUM,STRONG_RANGE,PREMIUM_SELL_RANGE,RANGE_STRONG_RANGE_NARROW,0.0,0,55.28,HIGH,2,0,0,0,0,0,NO_TRADE,,open_spike_wait_unresolved_lower_high,
10:26:54,23305.25,23360.55,23305.05,NARROW,23360.55,23286.6,0.252,RANGE,STRONG_SELL_PREMIUM,STRONG_RANGE,PREMIUM_SELL_RANGE,RANGE_STRONG_RANGE_NARROW,0.0,0,55.18,HIGH,2,0,0,0,0,0,NO_TRADE,,open_spike_wait_unresolved_lower_high,
10:27:09,23305.0,23360.55,23305.05,NARROW,23360.55,23286.6,0.249,RANGE,STRONG_SELL_PREMIUM,STRONG_RANGE,PREMIUM_SELL_RANGE,RANGE_STRONG_RANGE_NARROW,0.0,0,55.09,HIGH,2,0,0,0,0,0,NO_TRADE,,open_spike_wait_unresolved_lower_high,
10:27:24,23301.5,23360.55,23305.05,NARROW,23360.55,23286.6,0.201,RANGE,STRONG_SELL_PREMIUM,RANGE,PREMIUM_SELL_RANGE,RANGE_RANGE_NARROW,0.0,0,54.99,HIGH,2,0,0,0,0,0,NO_TRADE,,open_spike_wait_unresolved_lower_high,
10:27:39,23301.45,23360.55,23305.05,NARROW,23360.55,23286.6,0.201,RANGE,STRONG_SELL_PREMIUM,RANGE,PREMIUM_SELL_RANGE,RANGE_RANGE_NARROW,0.0,0,54.89,HIGH,2,0,0,0,0,0,NO_TRADE,,open_spike_wait_unresolved_lower_high,
10:27:54,23304.05,23360.55,23305.05,NARROW,23360.55,23286.6,0.236,RANGE,STRONG_SELL_PREMIUM,RANGE,PREMIUM_SELL_RANGE,RANGE_RANGE_NARROW,0.0,0,54.8,HIGH,2,0,0,0,0,0,NO_TRADE,,open_spike_wait_unresolved_lower_high,
10:28:09,23309.3,23360.55,23305.05,NARROW,23360.55,23286.6,0.307,RANGE,STRONG_SELL_PREMIUM,RANGE,PREMIUM_SELL_RANGE,RANGE_RANGE_NARROW,0.0,0,54.71,HIGH,2,0,0,0,0,0,NO_TRADE,,open_spike_wait_unresolved_lower_high,
10:28:24,23310.1,23360.55,23305.05,NARROW,23360.55,23286.6,0.318,RANGE,STRONG_SELL_PREMIUM,RANGE,PREMIUM_SELL_RANGE,RANGE_RANGE_NARROW,0.0,0,54.61,HIGH,2,0,0,0,0,0,NO_TRADE,,open_spike_wait_unresolved_lower_high,
10:28:39,23311.85,23360.55,23305.05,NARROW,23360.55,23286.6,0.341,RANGE,STRONG_SELL_PREMIUM,RANGE,PREMIUM_SELL_RANGE,RANGE_RANGE_NARROW,0.0,0,54.52,HIGH,2,0,0,0,0,0,NO_TRADE,,open_spike_wait_unresolved_lower_high,
10:28:54,23312.15,23360.55,23305.05,NARROW,23360.55,23286.6,0.346,RANGE,STRONG_SELL_PREMIUM,RANGE,PREMIUM_SELL_RANGE,RANGE_RANGE_NARROW,0.0,0,54.43,HIGH,2,0,0,0,0,0,NO_TRADE,,open_spike_wait_unresolved_lower_high,
10:29:09,23312.85,23360.55,23305.05,NARROW,23360.55,23286.6,0.355,RANGE,STRONG_SELL_PREMIUM,RANGE,PREMIUM_SELL_RANGE,RANGE_RANGE_NARROW,0.0,0,54.34,HIGH,2,0,0,0,0,0,NO_TRADE,,open_spike_wait_unresolved_lower_high,
10:29:24,23310.8,23360.55,23305.05,NARROW,23360.55,23286.6,0.327,RANGE,STRONG_SELL_PREMIUM,RANGE,PREMIUM_SELL_RANGE,RANGE_RANGE_NARROW,0.0,0,54.24,HIGH,2,0,0,0,0,0,NO_TRADE,,open_spike_wait_unresolved_lower_high,
10:29:39,23310.05,23360.55,23305.05,NARROW,23360.55,23286.6,0.317,RANGE,STRONG_SELL_PREMIUM,RANGE,PREMIUM_SELL_RANGE,RANGE_RANGE_NARROW,0.0,0,54.15,HIGH,2,0,0,0,0,0,NO_TRADE,,open_spike_wait_unresolved_lower_high,
10:29:54,23311.3,23360.55,23305.05,NARROW,23360.55,23286.6,0.334,RANGE,STRONG_SELL_PREMIUM,RANGE,PREMIUM_SELL_RANGE,RANGE_RANGE_NARROW,0.0,0,54.06,HIGH,2,0,0,0,0,0,NO_TRADE,,open_spike_wait_unresolved_lower_high,
10:30:09,23314.6,23360.55,23305.05,NARROW,23360.55,23286.6,0.379,RANGE,STRONG_SELL_PREMIUM,RANGE,PREMIUM_SELL_RANGE,RANGE_RANGE_NARROW,0.0,0,53.97,HIGH,2,0,0,0,0,0,NO_TRADE,,open_spike_wait_unresolved_lower_high,
10:30:24,23315.1,23360.55,23305.05,NARROW,23360.55,23286.6,0.385,RANGE,STRONG_SELL_PREMIUM,RANGE,PREMIUM_SELL_RANGE,RANGE_RANGE_NARROW,0.0,0,53.88,HIGH,2,0,0,0,0,0,NO_TRADE,,open_spike_wait_unresolved_lower_high,
10:30:39,23314.05,23360.55,23305.05,NARROW,23360.55,23286.6,0.371,RANGE,STRONG_SELL_PREMIUM,RANGE,PREMIUM_SELL_RANGE,RANGE_RANGE_NARROW,0.0,0,53.79,HIGH,2,0,0,0,0,0,NO_TRADE,,open_spike_wait_unresolved_lower_high,
10:30:54,23313.6,23360.55,23305.05,NARROW,23360.55,23286.6,0.365,RANGE,STRONG_SELL_PREMIUM,RANGE,PREMIUM_SELL_RANGE,RANGE_RANGE_NARROW,0.0,0,53.7,HIGH,2,0,0,0,0,0,NO_TRADE,,open_spike_wait_unresolved_lower_high,
10:31:10,23314.7,23360.55,23305.05,NARROW,23360.55,23286.6,0.380,RANGE,STRONG_SELL_PREMIUM,RANGE,PREMIUM_SELL_RANGE,RANGE_RANGE_NARROW,0.0,0,53.62,HIGH,2,0,0,0,0,0,NO_TRADE,,open_spike_wait_unresolved_lower_high,
10:31:25,23315.55,23360.55,23305.05,NARROW,23360.55,23286.6,0.391,RANGE,STRONG_SELL_PREMIUM,RANGE,PREMIUM_SELL_RANGE,RANGE_RANGE_NARROW,0.0,0,53.53,HIGH,2,0,0,0,0,0,NO_TRADE,,open_spike_wait_unresolved_lower_high,
10:31:40,23314.9,23360.55,23305.05,NARROW,23360.55,23286.6,0.383,RANGE,STRONG_SELL_PREMIUM,RANGE,PREMIUM_SELL_RANGE,RANGE_RANGE_NARROW,0.0,0,53.44,HIGH,2,0,0,0,0,0,NO_TRADE,,open_spike_wait_unresolved_lower_high,
10:31:55,23309.3,23360.55,23305.05,NARROW,23360.55,23286.6,0.307,RANGE,STRONG_SELL_PREMIUM,RANGE,PREMIUM_SELL_RANGE,RANGE_RANGE_NARROW,0.0,0,53.35,HIGH,2,0,0,0,0,0,NO_TRADE,,open_spike_wait_unresolved_lower_high,
10:32:10,23307.15,23360.55,23305.05,NARROW,23360.55,23286.6,0.278,RANGE,STRONG_SELL_PREMIUM,RANGE,PREMIUM_SELL_RANGE,RANGE_RANGE_NARROW,0.0,0,53.27,HIGH,2,0,0,0,0,0,NO_TRADE,,open_spike_wait_unresolved_lower_high,
10:32:25,23303.85,23360.55,23305.05,NARROW,23360.55,23286.6,0.233,RANGE,STRONG_SELL_PREMIUM,RANGE,PREMIUM_SELL_RANGE,RANGE_RANGE_NARROW,0.0,0,53.18,HIGH,2,0,0,0,0,0,NO_TRADE,,open_spike_wait_unresolved_lower_high,
10:32:40,23302.65,23360.55,23305.05,NARROW,23360.55,23286.6,0.217,RANGE,STRONG_SELL_PREMIUM,RANGE,PREMIUM_SELL_RANGE,RANGE_RANGE_NARROW,0.0,0,53.1,HIGH,2,0,0,0,0,0,NO_TRADE,,open_spike_wait_unresolved_lower_high,
10:32:55,23301.1,23360.55,23305.05,NARROW,23360.55,23286.6,0.196,RANGE,STRONG_SELL_PREMIUM,RANGE,PREMIUM_SELL_RANGE,RANGE_RANGE_NARROW,0.0,0,53.01,HIGH,2,0,0,0,0,0,NO_TRADE,,open_spike_wait_unresolved_lower_high,
10:33:10,23301.4,23360.55,23305.05,NARROW,23360.55,23286.6,0.200,RANGE,STRONG_SELL_PREMIUM,RANGE,PREMIUM_SELL_RANGE,RANGE_RANGE_NARROW,0.0,0,52.92,HIGH,2,0,0,0,0,0,NO_TRADE,,open_spike_wait_unresolved_lower_high,
10:33:25,23302.85,23360.55,23305.05,NARROW,23360.55,23286.6,0.220,RANGE,STRONG_SELL_PREMIUM,RANGE,PREMIUM_SELL_RANGE,RANGE_RANGE_NARROW,0.0,0,52.84,HIGH,2,0,0,0,0,0,NO_TRADE,,open_spike_wait_unresolved_lower_high,
10:33:40,23303.7,23360.55,23305.05,NARROW,23360.55,23286.6,0.231,RANGE,STRONG_SELL_PREMIUM,RANGE,PREMIUM_SELL_RANGE,RANGE_RANGE_NARROW,0.0,0,52.76,HIGH,2,0,0,0,0,0,NO_TRADE,,open_spike_wait_unresolved_lower_high,
10:33:55,23302.1,23360.55,23305.05,NARROW,23360.55,23286.6,0.210,RANGE,STRONG_SELL_PREMIUM,RANGE,PREMIUM_SELL_RANGE,RANGE_RANGE_NARROW,0.0,0,52.67,HIGH,2,0,0,0,0,0,NO_TRADE,,open_spike_wait_unresolved_lower_high,
10:34:10,23300.75,23360.55,23305.05,NARROW,23360.55,23286.6,0.191,RANGE,STRONG_SELL_PREMIUM,RANGE,PREMIUM_SELL_RANGE,RANGE_RANGE_NARROW,0.0,0,52.59,HIGH,2,0,0,0,0,0,NO_TRADE,,open_spike_wait_unresolved_lower_high,
10:34:25,23301.35,23360.55,23305.05,NARROW,23360.55,23286.6,0.199,RANGE,STRONG_SELL_PREMIUM,RANGE,PREMIUM_SELL_RANGE,RANGE_RANGE_NARROW,0.0,0,52.51,HIGH,2,0,0,0,0,0,NO_TRADE,,open_spike_wait_unresolved_lower_high,
10:34:40,23302.25,23360.55,23305.05,NARROW,23360.55,23286.6,0.212,RANGE,STRONG_SELL_PREMIUM,RANGE,PREMIUM_SELL_RANGE,RANGE_RANGE_NARROW,0.0,0,52.42,HIGH,2,0,0,0,0,0,NO_TRADE,,open_spike_wait_unresolved_lower_high,
10:34:55,23304.8,23360.55,23305.05,NARROW,23360.55,23286.6,0.246,RANGE,STRONG_SELL_PREMIUM,RANGE,PREMIUM_SELL_RANGE,RANGE_RANGE_NARROW,0.0,0,52.34,HIGH,2,0,0,0,0,0,NO_TRADE,,open_spike_wait_unresolved_lower_high,
10:35:10,23305.2,23360.55,23305.05,NARROW,23360.55,23286.6,0.252,RANGE,STRONG_SELL_PREMIUM,RANGE,PREMIUM_SELL_RANGE,RANGE_RANGE_NARROW,0.0,0,52.26,HIGH,2,0,0,0,0,0,NO_TRADE,,open_spike_wait_unresolved_lower_high,
10:35:25,23304.5,23360.55,23305.05,NARROW,23360.55,23286.6,0.242,RANGE,STRONG_SELL_PREMIUM,RANGE,PREMIUM_SELL_RANGE,RANGE_RANGE_NARROW,0.0,0,52.18,HIGH,2,0,0,0,0,0,NO_TRADE,,open_spike_wait_unresolved_lower_high,
10:35:40,23303.75,23360.55,23305.05,NARROW,23360.55,23286.6,0.232,RANGE,STRONG_SELL_PREMIUM,RANGE,PREMIUM_SELL_RANGE,RANGE_RANGE_NARROW,0.0,0,52.1,HIGH,2,0,0,0,0,0,NO_TRADE,,open_spike_wait_unresolved_lower_high,
10:35:55,23302.3,23360.55,23305.05,NARROW,23360.55,23286.6,0.212,RANGE,STRONG_SELL_PREMIUM,RANGE,PREMIUM_SELL_RANGE,RANGE_RANGE_NARROW,0.0,0,52.02,HIGH,2,0,0,0,0,0,NO_TRADE,,open_spike_wait_unresolved_lower_high,
10:36:10,23302.75,23360.55,23305.05,NARROW,23360.55,23286.6,0.218,RANGE,STRONG_SELL_PREMIUM,RANGE,PREMIUM_SELL_RANGE,RANGE_RANGE_NARROW,0.0,0,51.94,HIGH,2,0,0,0,0,0,NO_TRADE,,open_spike_wait_unresolved_lower_high,
10:36:25,23302.6,23360.55,23305.05,NARROW,23360.55,23286.6,0.216,RANGE,STRONG_SELL_PREMIUM,RANGE,PREMIUM_SELL_RANGE,RANGE_RANGE_NARROW,0.0,0,51.86,HIGH,2,0,0,0,0,0,NO_TRADE,,open_spike_wait_unresolved_lower_high,
10:36:40,23301.65,23360.55,23305.05,NARROW,23360.55,23286.6,0.204,RANGE,STRONG_SELL_PREMIUM,RANGE,PREMIUM_SELL_RANGE,RANGE_RANGE_NARROW,0.0,0,51.78,HIGH,2,0,0,0,0,0,NO_TRADE,,open_spike_wait_unresolved_lower_high,
10:36:55,23301.95,23360.55,23305.05,NARROW,23360.55,23286.6,0.208,RANGE,STRONG_SELL_PREMIUM,RANGE,PREMIUM_SELL_RANGE,RANGE_RANGE_NARROW,0.0,0,51.7,HIGH,2,0,0,0,0,0,NO_TRADE,,open_spike_wait_unresolved_lower_high,
10:37:10,23300.45,23360.55,23305.05,NARROW,23360.55,23286.6,0.187,RANGE,STRONG_SELL_PREMIUM,RANGE,PREMIUM_SELL_RANGE,RANGE_RANGE_NARROW,0.0,0,51.62,HIGH,2,0,0,0,0,0,NO_TRADE,,open_spike_wait_unresolved_lower_high,
10:37:25,23303.55,23360.55,23305.05,NARROW,23360.55,23286.6,0.229,RANGE,STRONG_SELL_PREMIUM,RANGE,PREMIUM_SELL_RANGE,RANGE_RANGE_NARROW,0.0,0,51.54,HIGH,2,0,0,0,0,0,NO_TRADE,,open_spike_wait_unresolved_lower_high,
10:37:40,23303.7,23360.55,23305.05,NARROW,23360.55,23286.6,0.231,RANGE,STRONG_SELL_PREMIUM,RANGE,PREMIUM_SELL_RANGE,RANGE_RANGE_NARROW,0.0,0,51.46,HIGH,2,0,0,0,0,0,NO_TRADE,,open_spike_wait_unresolved_lower_high,
10:37:55,23306.25,23360.55,23305.05,NARROW,23360.55,23286.6,0.266,RANGE,STRONG_SELL_PREMIUM,RANGE,PREMIUM_SELL_RANGE,RANGE_RANGE_NARROW,0.0,0,51.38,HIGH,2,0,0,0,0,0,NO_TRADE,,open_spike_wait_unresolved_lower_high,
10:38:10,23308.5,23360.55,23305.05,NARROW,23360.55,23286.6,0.296,RANGE,STRONG_SELL_PREMIUM,RANGE,PREMIUM_SELL_RANGE,RANGE_RANGE_NARROW,0.0,0,51.31,HIGH,2,0,0,0,0,0,NO_TRADE,,open_spike_wait_unresolved_lower_high,
10:38:25,23309.55,23360.55,23305.05,NARROW,23360.55,23286.6,0.310,RANGE,STRONG_SELL_PREMIUM,RANGE,PREMIUM_SELL_RANGE,RANGE_RANGE_NARROW,0.0,0,51.23,HIGH,2,0,0,0,0,0,NO_TRADE,,open_spike_wait_unresolved_lower_high,
10:38:40,23309.45,23360.55,23305.05,NARROW,23360.55,23286.6,0.309,RANGE,STRONG_SELL_PREMIUM,RANGE,PREMIUM_SELL_RANGE,RANGE_RANGE_NARROW,0.0,0,51.15,HIGH,2,0,0,0,0,0,NO_TRADE,,open_spike_wait_unresolved_lower_high,
10:38:55,23308.5,23360.55,23305.05,NARROW,23360.55,23286.6,0.296,RANGE,STRONG_SELL_PREMIUM,RANGE,PREMIUM_SELL_RANGE,RANGE_RANGE_NARROW,0.0,0,51.08,HIGH,2,0,0,0,0,0,NO_TRADE,,open_spike_wait_unresolved_lower_high,
10:39:10,23306.1,23360.55,23305.05,NARROW,23360.55,23286.6,0.264,RANGE,STRONG_SELL_PREMIUM,RANGE,PREMIUM_SELL_RANGE,RANGE_RANGE_NARROW,0.0,0,51.0,HIGH,2,0,0,0,0,0,NO_TRADE,,open_spike_wait_unresolved_lower_high,
10:39:25,23309.2,23360.55,23305.05,NARROW,23360.55,23286.6,0.306,RANGE,STRONG_SELL_PREMIUM,RANGE,PREMIUM_SELL_RANGE,RANGE_RANGE_NARROW,0.0,0,50.92,HIGH,2,0,0,0,0,0,NO_TRADE,,open_spike_wait_unresolved_lower_high,
10:39:40,23305.1,23360.55,23305.05,NARROW,23360.55,23286.6,0.250,RANGE,STRONG_SELL_PREMIUM,RANGE,PREMIUM_SELL_RANGE,RANGE_RANGE_NARROW,0.0,0,50.85,HIGH,2,0,0,0,0,0,NO_TRADE,,open_spike_wait_unresolved_lower_high,
10:39:55,23303.8,23360.55,23305.05,NARROW,23360.55,23286.6,0.233,RANGE,STRONG_SELL_PREMIUM,RANGE,PREMIUM_SELL_RANGE,RANGE_RANGE_NARROW,0.0,0,50.77,HIGH,2,0,0,0,0,0,NO_TRADE,,open_spike_wait_unresolved_lower_high,
10:40:11,23302.45,23360.55,23305.05,NARROW,23360.55,23286.6,0.214,RANGE,STRONG_SELL_PREMIUM,RANGE,PREMIUM_SELL_RANGE,RANGE_RANGE_NARROW,0.0,0,50.7,HIGH,2,0,0,0,0,0,NO_TRADE,,open_spike_wait_unresolved_lower_high,
10:40:26,23297.35,23360.55,23305.05,NARROW,23360.55,23286.6,0.145,RANGE,STRONG_SELL_PREMIUM,RANGE,PREMIUM_SELL_RANGE,RANGE_RANGE_NARROW,0.0,0,50.62,HIGH,2,0,0,0,0,0,NO_TRADE,,open_spike_wait_unresolved_lower_high,
10:40:41,23295.15,23360.55,23305.05,NARROW,23360.55,23286.6,0.116,RANGE,STRONG_SELL_PREMIUM,RANGE,PREMIUM_SELL_RANGE,RANGE_RANGE_NARROW,0.0,0,50.55,HIGH,2,0,0,0,0,0,NO_TRADE,,open_spike_wait_unresolved_lower_high,
10:40:56,23294.65,23360.55,23305.05,NARROW,23360.55,23286.6,0.109,RANGE,STRONG_SELL_PREMIUM,RANGE,PREMIUM_SELL_RANGE,RANGE_RANGE_NARROW,0.0,0,50.48,HIGH,2,0,0,0,0,0,NO_TRADE,,open_spike_wait_unresolved_lower_high,
10:41:11,23295.35,23360.55,23305.05,NARROW,23360.55,23286.6,0.118,RANGE,STRONG_SELL_PREMIUM,RANGE,PREMIUM_SELL_RANGE,RANGE_RANGE_NARROW,0.0,0,50.4,HIGH,2,0,0,0,0,0,NO_TRADE,,open_spike_wait_unresolved_lower_high,
10:41:26,23296.2,23360.55,23305.05,NARROW,23360.55,23286.6,0.130,RANGE,STRONG_SELL_PREMIUM,RANGE,PREMIUM_SELL_RANGE,RANGE_RANGE_NARROW,0.0,0,50.33,HIGH,2,0,0,0,0,0,NO_TRADE,,open_spike_wait_unresolved_lower_high,
10:41:41,23296.0,23360.55,23305.05,NARROW,23360.55,23286.6,0.127,RANGE,STRONG_SELL_PREMIUM,RANGE,PREMIUM_SELL_RANGE,RANGE_RANGE_NARROW,0.0,0,50.26,HIGH,2,0,0,0,0,0,NO_TRADE,,open_spike_wait_unresolved_lower_high,
10:41:56,23297.8,23360.55,23305.05,NARROW,23360.55,23286.6,0.151,RANGE,STRONG_SELL_PREMIUM,RANGE,PREMIUM_SELL_RANGE,RANGE_RANGE_NARROW,0.0,0,50.19,HIGH,2,0,0,0,0,0,NO_TRADE,,open_spike_wait_unresolved_lower_high,
10:42:11,23303.7,23360.55,23305.05,NARROW,23360.55,23286.6,0.231,RANGE,STRONG_SELL_PREMIUM,RANGE,PREMIUM_SELL_RANGE,RANGE_RANGE_NARROW,0.0,0,50.11,HIGH,2,0,0,0,0,0,NO_TRADE,,open_spike_wait_unresolved_lower_high,
10:42:26,23306.25,23360.55,23305.05,NARROW,23360.55,23286.6,0.266,RANGE,STRONG_SELL_PREMIUM,RANGE,PREMIUM_SELL_RANGE,RANGE_RANGE_NARROW,0.0,0,50.04,HIGH,2,0,0,0,0,0,NO_TRADE,,open_spike_wait_unresolved_lower_high,
10:42:41,23303.45,23360.55,23305.05,NARROW,23360.55,23286.6,0.228,RANGE,STRONG_SELL_PREMIUM,RANGE,PREMIUM_SELL_RANGE,RANGE_RANGE_NARROW,0.0,0,49.97,HIGH,2,0,0,0,0,0,NO_TRADE,,open_spike_wait_unresolved_lower_high,
10:42:56,23303.05,23360.55,23305.05,NARROW,23360.55,23286.6,0.222,RANGE,STRONG_SELL_PREMIUM,RANGE,PREMIUM_SELL_RANGE,RANGE_RANGE_NARROW,0.0,0,49.9,HIGH,2,0,0,0,0,0,NO_TRADE,,open_spike_wait_unresolved_lower_high,
10:43:11,23304.15,23360.55,23305.05,NARROW,23360.55,23286.6,0.237,RANGE,STRONG_SELL_PREMIUM,RANGE,PREMIUM_SELL_RANGE,RANGE_RANGE_NARROW,0.0,0,49.83,HIGH,2,0,0,0,0,0,NO_TRADE,,open_spike_wait_unresolved_lower_high,
10:43:26,23304.15,23360.55,23305.05,NARROW,23360.55,23286.6,0.237,RANGE,STRONG_SELL_PREMIUM,RANGE,PREMIUM_SELL_RANGE,RANGE_RANGE_NARROW,0.0,0,49.76,HIGH,2,0,0,0,0,0,NO_TRADE,,open_spike_wait_unresolved_lower_high,
10:43:41,23303.35,23360.55,23305.05,NARROW,23360.55,23286.6,0.227,RANGE,STRONG_SELL_PREMIUM,RANGE,PREMIUM_SELL_RANGE,RANGE_RANGE_NARROW,0.0,0,49.69,HIGH,2,0,0,0,0,0,NO_TRADE,,open_spike_wait_unresolved_lower_high,
10:43:56,23305.1,23360.55,23305.05,NARROW,23360.55,23286.6,0.250,RANGE,STRONG_SELL_PREMIUM,RANGE,PREMIUM_SELL_RANGE,RANGE_RANGE_NARROW,0.0,0,49.61,HIGH,2,0,0,0,0,0,NO_TRADE,,open_spike_wait_unresolved_lower_high,
10:44:11,23302.1,23360.55,23305.05,NARROW,23360.55,23286.6,0.210,RANGE,STRONG_SELL_PREMIUM,RANGE,PREMIUM_SELL_RANGE,RANGE_RANGE_NARROW,0.0,0,49.55,HIGH,2,0,0,0,0,0,NO_TRADE,,open_spike_wait_unresolved_lower_high,
10:44:26,23302.05,23360.55,23305.05,NARROW,23360.55,23286.6,0.209,RANGE,STRONG_SELL_PREMIUM,RANGE,PREMIUM_SELL_RANGE,RANGE_RANGE_NARROW,0.0,0,49.48,HIGH,2,0,0,0,0,0,NO_TRADE,,open_spike_wait_unresolved_lower_high,
10:44:41,23303.1,23360.55,23305.05,NARROW,23360.55,23286.6,0.223,RANGE,STRONG_SELL_PREMIUM,RANGE,PREMIUM_SELL_RANGE,RANGE_RANGE_NARROW,0.0,0,49.41,HIGH,2,0,0,0,0,0,NO_TRADE,,open_spike_wait_unresolved_lower_high,
10:44:56,23305.45,23360.55,23305.05,NARROW,23360.55,23286.6,0.255,RANGE,STRONG_SELL_PREMIUM,RANGE,PREMIUM_SELL_RANGE,RANGE_RANGE_NARROW,0.0,0,49.34,HIGH,2,0,0,0,0,0,NO_TRADE,,open_spike_wait_unresolved_lower_high,
10:45:12,23305.7,23360.55,23305.05,NARROW,23360.55,23286.6,0.258,CHOPPY,STRONG_SELL_PREMIUM,RANGE,NO_TRADE,NO_TRADE:CHOPPY_MARKET,0.0,0,49.27,NONE,2,1,0,0,0,0,NO_TRADE,,NO_TRADE:CHOPPY_MARKET,
10:45:27,23303.1,23360.55,23305.05,NARROW,23360.55,23286.6,0.223,CHOPPY,STRONG_SELL_PREMIUM,RANGE,NO_TRADE,NO_TRADE:CHOPPY_MARKET,0.0,0,49.2,NONE,2,1,0,0,0,0,NO_TRADE,,NO_TRADE:CHOPPY_MARKET,
10:45:42,23303.85,23360.55,23305.05,NARROW,23360.55,23286.6,0.233,CHOPPY,STRONG_SELL_PREMIUM,RANGE,NO_TRADE,NO_TRADE:CHOPPY_MARKET,0.0,0,49.13,NONE,2,1,0,0,0,0,NO_TRADE,,NO_TRADE:CHOPPY_MARKET,
10:45:57,23304.95,23360.55,23305.05,NARROW,23360.55,23286.6,0.248,CHOPPY,STRONG_SELL_PREMIUM,RANGE,NO_TRADE,NO_TRADE:CHOPPY_MARKET,0.0,0,49.07,NONE,2,1,0,0,0,0,NO_TRADE,,NO_TRADE:CHOPPY_MARKET,
10:46:12,23306.5,23360.55,23305.05,NARROW,23360.55,23286.6,0.269,CHOPPY,STRONG_SELL_PREMIUM,RANGE,NO_TRADE,NO_TRADE:CHOPPY_MARKET,0.0,0,49.0,NONE,2,1,0,0,0,0,NO_TRADE,,NO_TRADE:CHOPPY_MARKET,
10:46:27,23305.8,23360.55,23305.05,NARROW,23360.55,23286.6,0.260,CHOPPY,STRONG_SELL_PREMIUM,RANGE,NO_TRADE,NO_TRADE:CHOPPY_MARKET,0.0,0,48.93,NONE,2,1,0,0,0,0,NO_TRADE,,NO_TRADE:CHOPPY_MARKET,
10:46:42,23304.65,23360.55,23305.05,NARROW,23360.55,23286.6,0.244,CHOPPY,STRONG_SELL_PREMIUM,RANGE,NO_TRADE,NO_TRADE:CHOPPY_MARKET,0.0,0,48.86,NONE,2,1,0,0,0,0,NO_TRADE,,NO_TRADE:CHOPPY_MARKET,
10:46:57,23305.15,23360.55,23305.05,NARROW,23360.55,23286.6,0.251,CHOPPY,STRONG_SELL_PREMIUM,RANGE,NO_TRADE,NO_TRADE:CHOPPY_MARKET,0.0,0,48.8,NONE,2,1,0,0,0,0,NO_TRADE,,NO_TRADE:CHOPPY_MARKET,
10:47:12,23304.85,23360.55,23305.05,NARROW,23360.55,23286.6,0.247,CHOPPY,STRONG_SELL_PREMIUM,RANGE,NO_TRADE,NO_TRADE:CHOPPY_MARKET,0.0,0,48.73,NONE,2,1,0,0,0,0,NO_TRADE,,NO_TRADE:CHOPPY_MARKET,
10:47:27,23301.55,23360.55,23305.05,NARROW,23360.55,23286.6,0.202,CHOPPY,STRONG_SELL_PREMIUM,RANGE,NO_TRADE,NO_TRADE:CHOPPY_MARKET,0.0,0,48.66,NONE,2,1,0,0,0,0,NO_TRADE,,NO_TRADE:CHOPPY_MARKET,
10:47:42,23300.9,23360.55,23305.05,NARROW,23360.55,23286.6,0.193,CHOPPY,STRONG_SELL_PREMIUM,RANGE,NO_TRADE,NO_TRADE:CHOPPY_MARKET,0.0,0,48.6,NONE,2,1,0,0,0,0,NO_TRADE,,NO_TRADE:CHOPPY_MARKET,
10:47:57,23302.8,23360.55,23305.05,NARROW,23360.55,23286.6,0.219,CHOPPY,STRONG_SELL_PREMIUM,RANGE,NO_TRADE,NO_TRADE:CHOPPY_MARKET,0.0,0,48.53,NONE,2,1,0,0,0,0,NO_TRADE,,NO_TRADE:CHOPPY_MARKET,
10:48:12,23304.15,23360.55,23305.05,NARROW,23360.55,23286.6,0.237,CHOPPY,STRONG_SELL_PREMIUM,RANGE,NO_TRADE,NO_TRADE:CHOPPY_MARKET,0.0,0,48.47,NONE,2,1,0,0,0,0,NO_TRADE,,NO_TRADE:CHOPPY_MARKET,
10:48:27,23304.75,23360.55,23305.05,NARROW,23360.55,23286.6,0.245,CHOPPY,STRONG_SELL_PREMIUM,RANGE,NO_TRADE,NO_TRADE:CHOPPY_MARKET,0.0,0,48.4,NONE,2,1,0,0,0,0,NO_TRADE,,NO_TRADE:CHOPPY_MARKET,
10:48:42,23303.4,23360.55,23305.05,NARROW,23360.55,23286.6,0.227,CHOPPY,STRONG_SELL_PREMIUM,RANGE,NO_TRADE,NO_TRADE:CHOPPY_MARKET,0.0,0,48.34,NONE,2,1,0,0,0,0,NO_TRADE,,NO_TRADE:CHOPPY_MARKET,
10:48:57,23302.6,23360.55,23305.05,NARROW,23360.55,23286.6,0.216,CHOPPY,STRONG_SELL_PREMIUM,RANGE,NO_TRADE,NO_TRADE:CHOPPY_MARKET,0.0,0,48.27,NONE,2,1,0,0,0,0,NO_TRADE,,NO_TRADE:CHOPPY_MARKET,
10:49:12,23301.65,23360.55,23305.05,NARROW,23360.55,23286.6,0.204,CHOPPY,STRONG_SELL_PREMIUM,RANGE,NO_TRADE,NO_TRADE:CHOPPY_MARKET,0.0,0,48.21,NONE,2,1,0,0,0,0,NO_TRADE,,NO_TRADE:CHOPPY_MARKET,
10:49:27,23298.45,23360.55,23305.05,NARROW,23360.55,23286.6,0.160,CHOPPY,STRONG_SELL_PREMIUM,RANGE,NO_TRADE,NO_TRADE:CHOPPY_MARKET,0.0,0,48.14,NONE,2,1,0,0,0,0,NO_TRADE,,NO_TRADE:CHOPPY_MARKET,
10:49:43,23300.2,23360.55,23305.05,NARROW,23360.55,23286.6,0.184,CHOPPY,STRONG_SELL_PREMIUM,RANGE,NO_TRADE,NO_TRADE:CHOPPY_MARKET,0.0,0,48.08,NONE,2,1,0,0,0,0,NO_TRADE,,NO_TRADE:CHOPPY_MARKET,
10:49:58,23301.9,23360.55,23305.05,NARROW,23360.55,23286.6,0.207,CHOPPY,STRONG_SELL_PREMIUM,RANGE,NO_TRADE,NO_TRADE:CHOPPY_MARKET,0.0,0,48.02,NONE,2,1,0,0,0,0,NO_TRADE,,NO_TRADE:CHOPPY_MARKET,
10:50:13,23303.7,23360.55,23305.05,NARROW,23360.55,23286.6,0.231,CHOPPY,STRONG_SELL_PREMIUM,RANGE,NO_TRADE,NO_TRADE:CHOPPY_MARKET,0.0,0,47.95,NONE,2,1,0,0,0,0,NO_TRADE,,NO_TRADE:CHOPPY_MARKET,
10:50:28,23302.75,23360.55,23305.05,NARROW,23360.55,23286.6,0.218,CHOPPY,STRONG_SELL_PREMIUM,RANGE,NO_TRADE,NO_TRADE:CHOPPY_MARKET,0.0,0,47.89,NONE,2,1,0,0,0,0,NO_TRADE,,NO_TRADE:CHOPPY_MARKET,
10:50:43,23304.35,23360.55,23305.05,NARROW,23360.55,23286.6,0.240,CHOPPY,STRONG_SELL_PREMIUM,RANGE,NO_TRADE,NO_TRADE:CHOPPY_MARKET,0.0,0,47.83,NONE,2,1,0,0,0,0,NO_TRADE,,NO_TRADE:CHOPPY_MARKET,
10:50:58,23303.4,23360.55,23305.05,NARROW,23360.55,23286.6,0.227,CHOPPY,STRONG_SELL_PREMIUM,RANGE,NO_TRADE,NO_TRADE:CHOPPY_MARKET,0.0,0,47.76,NONE,2,1,0,0,0,0,NO_TRADE,,NO_TRADE:CHOPPY_MARKET,
10:51:13,23307.25,23360.55,23305.05,NARROW,23360.55,23286.6,0.279,CHOPPY,STRONG_SELL_PREMIUM,RANGE,NO_TRADE,NO_TRADE:CHOPPY_MARKET,0.0,0,47.7,NONE,2,1,0,0,0,0,NO_TRADE,,NO_TRADE:CHOPPY_MARKET,
10:51:28,23307.6,23360.55,23305.05,NARROW,23360.55,23286.6,0.284,CHOPPY,STRONG_SELL_PREMIUM,RANGE,NO_TRADE,NO_TRADE:CHOPPY_MARKET,0.0,0,47.64,NONE,2,1,0,0,0,0,NO_TRADE,,NO_TRADE:CHOPPY_MARKET,
10:51:43,23310.2,23360.55,23305.05,NARROW,23360.55,23286.6,0.319,CHOPPY,STRONG_SELL_PREMIUM,RANGE,NO_TRADE,NO_TRADE:CHOPPY_MARKET,0.0,0,47.58,NONE,2,1,0,0,0,0,NO_TRADE,,NO_TRADE:CHOPPY_MARKET,
10:51:58,23311.3,23360.55,23305.05,NARROW,23360.55,23286.6,0.334,CHOPPY,STRONG_SELL_PREMIUM,RANGE,NO_TRADE,NO_TRADE:CHOPPY_MARKET,0.0,0,47.52,NONE,2,1,0,0,0,0,NO_TRADE,,NO_TRADE:CHOPPY_MARKET,
10:52:13,23313.0,23360.55,23305.05,NARROW,23360.55,23286.6,0.357,CHOPPY,STRONG_SELL_PREMIUM,RANGE,NO_TRADE,NO_TRADE:CHOPPY_MARKET,0.0,0,47.46,NONE,2,1,0,0,0,0,NO_TRADE,,NO_TRADE:CHOPPY_MARKET,
10:52:28,23312.25,23360.55,23305.05,NARROW,23360.55,23286.6,0.347,CHOPPY,STRONG_SELL_PREMIUM,RANGE,NO_TRADE,NO_TRADE:CHOPPY_MARKET,0.0,0,47.4,NONE,2,1,0,0,0,0,NO_TRADE,,NO_TRADE:CHOPPY_MARKET,
10:52:43,23311.45,23360.55,23305.05,NARROW,23360.55,23286.6,0.336,CHOPPY,STRONG_SELL_PREMIUM,RANGE,NO_TRADE,NO_TRADE:CHOPPY_MARKET,0.0,0,47.33,NONE,2,1,0,0,0,0,NO_TRADE,,NO_TRADE:CHOPPY_MARKET,
10:52:58,23311.6,23360.55,23305.05,NARROW,23360.55,23286.6,0.338,CHOPPY,STRONG_SELL_PREMIUM,RANGE,NO_TRADE,NO_TRADE:CHOPPY_MARKET,0.0,0,47.27,NONE,2,1,0,0,0,0,NO_TRADE,,NO_TRADE:CHOPPY_MARKET,
10:53:13,23309.35,23360.55,23305.05,NARROW,23360.55,23286.6,0.308,CHOPPY,STRONG_SELL_PREMIUM,RANGE,NO_TRADE,NO_TRADE:CHOPPY_MARKET,0.0,0,47.21,NONE,2,1,0,0,0,0,NO_TRADE,,NO_TRADE:CHOPPY_MARKET,
10:53:28,23309.35,23360.55,23305.05,NARROW,23360.55,23286.6,0.308,CHOPPY,STRONG_SELL_PREMIUM,RANGE,NO_TRADE,NO_TRADE:CHOPPY_MARKET,0.0,0,47.15,NONE,2,1,0,0,0,0,NO_TRADE,,NO_TRADE:CHOPPY_MARKET,
10:53:43,23307.65,23360.55,23305.05,NARROW,23360.55,23286.6,0.285,CHOPPY,STRONG_SELL_PREMIUM,RANGE,NO_TRADE,NO_TRADE:CHOPPY_MARKET,0.0,0,47.09,NONE,2,1,0,0,0,0,NO_TRADE,,NO_TRADE:CHOPPY_MARKET,
10:53:58,23308.05,23360.55,23305.05,NARROW,23360.55,23286.6,0.290,CHOPPY,STRONG_SELL_PREMIUM,RANGE,NO_TRADE,NO_TRADE:CHOPPY_MARKET,0.0,0,47.03,NONE,2,1,0,0,0,0,NO_TRADE,,NO_TRADE:CHOPPY_MARKET,
10:54:13,23308.7,23360.55,23305.05,NARROW,23360.55,23286.6,0.299,CHOPPY,STRONG_SELL_PREMIUM,RANGE,NO_TRADE,NO_TRADE:CHOPPY_MARKET,0.0,0,46.98,NONE,2,1,0,0,0,0,NO_TRADE,,NO_TRADE:CHOPPY_MARKET,
10:54:28,23309.9,23360.55,23305.05,NARROW,23360.55,23286.6,0.315,CHOPPY,STRONG_SELL_PREMIUM,RANGE,NO_TRADE,NO_TRADE:CHOPPY_MARKET,0.0,0,46.92,NONE,2,1,0,0,0,0,NO_TRADE,,NO_TRADE:CHOPPY_MARKET,
10:54:43,23309.15,23360.55,23305.05,NARROW,23360.55,23286.6,0.305,CHOPPY,STRONG_SELL_PREMIUM,RANGE,NO_TRADE,NO_TRADE:CHOPPY_MARKET,0.0,0,46.86,NONE,2,1,0,0,0,0,NO_TRADE,,NO_TRADE:CHOPPY_MARKET,
10:54:58,23310.25,23360.55,23305.05,NARROW,23360.55,23286.6,0.320,CHOPPY,STRONG_SELL_PREMIUM,RANGE,NO_TRADE,NO_TRADE:CHOPPY_MARKET,0.0,0,46.8,NONE,2,1,0,0,0,0,NO_TRADE,,NO_TRADE:CHOPPY_MARKET,
10:55:13,23309.0,23360.55,23305.05,NARROW,23360.55,23286.6,0.303,CHOPPY,STRONG_SELL_PREMIUM,RANGE,NO_TRADE,NO_TRADE:CHOPPY_MARKET,23.89,1,46.74,NONE,2,0,0,0,0,0,NO_TRADE,,NO_TRADE:CHOPPY_MARKET,
10:55:28,23312.7,23360.55,23305.05,NARROW,23360.55,23286.6,0.353,CHOPPY,STRONG_SELL_PREMIUM,RANGE,NO_TRADE,NO_TRADE:CHOPPY_MARKET,23.89,1,46.68,NONE,2,0,0,0,0,0,NO_TRADE,,NO_TRADE:CHOPPY_MARKET,
10:55:43,23312.4,23360.55,23305.05,NARROW,23360.55,23286.6,0.349,RANGE,STRONG_SELL_PREMIUM,RANGE,PREMIUM_SELL_RANGE,RANGE_RANGE_NARROW,23.89,1,46.62,HIGH,2,0,0,0,0,0,NO_TRADE,,open_spike_wait_unresolved_lower_high,
10:55:58,23313.75,23360.55,23305.05,NARROW,23360.55,23286.6,0.367,RANGE,STRONG_SELL_PREMIUM,RANGE,PREMIUM_SELL_RANGE,RANGE_RANGE_NARROW,23.89,1,46.57,HIGH,2,0,0,0,0,0,NO_TRADE,,open_spike_wait_unresolved_lower_high,
10:56:13,23310.4,23360.55,23305.05,NARROW,23360.55,23286.6,0.322,RANGE,STRONG_SELL_PREMIUM,RANGE,PREMIUM_SELL_RANGE,RANGE_RANGE_NARROW,23.89,1,46.51,HIGH,2,0,0,0,0,0,NO_TRADE,,open_spike_wait_unresolved_lower_high,
10:56:28,23310.5,23360.55,23305.05,NARROW,23360.55,23286.6,0.323,RANGE,STRONG_SELL_PREMIUM,RANGE,PREMIUM_SELL_RANGE,RANGE_RANGE_NARROW,23.89,1,46.45,HIGH,2,0,0,0,0,0,NO_TRADE,,open_spike_wait_unresolved_lower_high,
10:56:43,23309.25,23360.55,23305.05,NARROW,23360.55,23286.6,0.306,RANGE,STRONG_SELL_PREMIUM,RANGE,PREMIUM_SELL_RANGE,RANGE_RANGE_NARROW,23.89,1,46.39,HIGH,2,0,0,0,0,0,NO_TRADE,,open_spike_wait_unresolved_lower_high,
10:56:58,23310.15,23360.55,23305.05,NARROW,23360.55,23286.6,0.318,RANGE,STRONG_SELL_PREMIUM,RANGE,PREMIUM_SELL_RANGE,RANGE_RANGE_NARROW,23.89,1,46.34,HIGH,2,0,0,0,0,0,NO_TRADE,,open_spike_wait_unresolved_lower_high,
10:57:13,23312.05,23360.55,23305.05,NARROW,23360.55,23286.6,0.344,RANGE,STRONG_SELL_PREMIUM,RANGE,PREMIUM_SELL_RANGE,RANGE_RANGE_NARROW,23.89,1,46.28,HIGH,2,0,0,0,0,0,NO_TRADE,,open_spike_wait_unresolved_lower_high,
10:57:29,23311.4,23360.55,23305.05,NARROW,23360.55,23286.6,0.335,RANGE,STRONG_SELL_PREMIUM,RANGE,PREMIUM_SELL_RANGE,RANGE_RANGE_NARROW,23.89,1,46.22,HIGH,2,0,0,0,0,0,NO_TRADE,,open_spike_wait_unresolved_lower_high,
10:57:44,23311.05,23360.55,23305.05,NARROW,23360.55,23286.6,0.331,RANGE,STRONG_SELL_PREMIUM,RANGE,PREMIUM_SELL_RANGE,RANGE_RANGE_NARROW,23.89,1,46.17,HIGH,2,0,0,0,0,0,NO_TRADE,,open_spike_wait_unresolved_lower_high,
10:57:59,23312.55,23360.55,23305.05,NARROW,23360.55,23286.6,0.351,RANGE,STRONG_SELL_PREMIUM,RANGE,PREMIUM_SELL_RANGE,RANGE_RANGE_NARROW,23.89,1,46.11,HIGH,2,0,0,0,0,0,NO_TRADE,,open_spike_wait_unresolved_lower_high,
10:58:14,23310.6,23360.55,23305.05,NARROW,23360.55,23286.6,0.325,RANGE,STRONG_SELL_PREMIUM,RANGE,PREMIUM_SELL_RANGE,RANGE_RANGE_NARROW,23.89,1,46.05,HIGH,2,0,0,0,0,0,NO_TRADE,,open_spike_wait_unresolved_lower_high,
10:58:29,23308.05,23360.55,23305.05,NARROW,23360.55,23286.6,0.290,RANGE,STRONG_SELL_PREMIUM,RANGE,PREMIUM_SELL_RANGE,RANGE_RANGE_NARROW,23.89,1,46.0,HIGH,2,0,0,0,0,0,NO_TRADE,,open_spike_wait_unresolved_lower_high,
10:58:44,23307.3,23360.55,23305.05,NARROW,23360.55,23286.6,0.280,RANGE,STRONG_SELL_PREMIUM,RANGE,PREMIUM_SELL_RANGE,RANGE_RANGE_NARROW,23.89,1,45.94,HIGH,2,0,0,0,0,0,NO_TRADE,,open_spike_wait_unresolved_lower_high,
10:58:59,23306.35,23360.55,23305.05,NARROW,23360.55,23286.6,0.267,RANGE,STRONG_SELL_PREMIUM,RANGE,PREMIUM_SELL_RANGE,RANGE_RANGE_NARROW,23.89,1,45.89,HIGH,2,0,0,0,0,0,NO_TRADE,,open_spike_wait_unresolved_lower_high,
10:59:14,23307.0,23360.55,23305.05,NARROW,23360.55,23286.6,0.276,RANGE,STRONG_SELL_PREMIUM,RANGE,PREMIUM_SELL_RANGE,RANGE_RANGE_NARROW,23.89,1,45.83,HIGH,2,0,0,0,0,0,NO_TRADE,,open_spike_wait_unresolved_lower_high,
10:59:29,23307.55,23360.55,23305.05,NARROW,23360.55,23286.6,0.283,RANGE,STRONG_SELL_PREMIUM,RANGE,PREMIUM_SELL_RANGE,RANGE_RANGE_NARROW,23.89,1,45.78,HIGH,2,0,0,0,0,0,NO_TRADE,,open_spike_wait_unresolved_lower_high,
10:59:44,23308.85,23360.55,23305.05,NARROW,23360.55,23286.6,0.301,RANGE,STRONG_SELL_PREMIUM,RANGE,PREMIUM_SELL_RANGE,RANGE_RANGE_NARROW,23.89,1,45.72,HIGH,2,0,0,0,0,0,NO_TRADE,,open_spike_wait_unresolved_lower_high,
10:59:59,23309.5,23360.55,23305.05,NARROW,23360.55,23286.6,0.310,RANGE,STRONG_SELL_PREMIUM,RANGE,PREMIUM_SELL_RANGE,RANGE_RANGE_NARROW,23.89,1,45.67,HIGH,2,0,0,0,0,0,NO_TRADE,,open_spike_wait_unresolved_lower_high,
11:00:14,23310.05,23360.55,23305.05,NARROW,23360.55,23286.6,0.317,RANGE,STRONG_SELL_PREMIUM,RANGE,PREMIUM_SELL_RANGE,RANGE_RANGE_NARROW,22.98,1,45.61,HIGH,2,0,0,0,0,0,NO_TRADE,,open_spike_wait_unresolved_lower_high,
11:00:29,23309.85,23360.55,23305.05,NARROW,23360.55,23286.6,0.314,RANGE,STRONG_SELL_PREMIUM,RANGE,PREMIUM_SELL_RANGE,RANGE_RANGE_NARROW,22.98,1,45.56,HIGH,2,0,0,0,0,0,NO_TRADE,,open_spike_wait_unresolved_lower_high,
11:00:44,23310.55,23360.55,23305.05,NARROW,23360.55,23286.6,0.324,RANGE,STRONG_SELL_PREMIUM,RANGE,PREMIUM_SELL_RANGE,RANGE_RANGE_NARROW,22.98,1,45.51,HIGH,2,0,0,0,0,0,NO_TRADE,,open_spike_wait_unresolved_lower_high,
11:00:59,23311.65,23360.55,23305.05,NARROW,23360.55,23286.6,0.339,RANGE,STRONG_SELL_PREMIUM,RANGE,PREMIUM_SELL_RANGE,RANGE_RANGE_NARROW,22.98,1,45.45,HIGH,2,0,0,0,0,0,NO_TRADE,,open_spike_wait_unresolved_lower_high,
11:01:14,23310.15,23360.55,23305.05,NARROW,23360.55,23286.6,0.318,RANGE,STRONG_SELL_PREMIUM,RANGE,PREMIUM_SELL_RANGE,RANGE_RANGE_NARROW,23.48,1,45.4,HIGH,2,0,0,0,0,0,NO_TRADE,,open_spike_wait_unresolved_lower_high,
11:01:29,23307.15,23360.55,23305.05,NARROW,23360.55,23286.6,0.278,RANGE,STRONG_SELL_PREMIUM,RANGE,PREMIUM_SELL_RANGE,RANGE_RANGE_NARROW,23.48,1,45.34,HIGH,2,0,0,0,0,0,NO_TRADE,,open_spike_wait_unresolved_lower_high,
11:01:44,23303.85,23360.55,23305.05,NARROW,23360.55,23286.6,0.233,RANGE,STRONG_SELL_PREMIUM,RANGE,PREMIUM_SELL_RANGE,RANGE_RANGE_NARROW,23.48,1,45.29,HIGH,2,0,0,0,0,0,NO_TRADE,,open_spike_wait_unresolved_lower_high,
11:01:59,23302.2,23360.55,23305.05,NARROW,23360.55,23286.6,0.211,RANGE,STRONG_SELL_PREMIUM,RANGE,PREMIUM_SELL_RANGE,RANGE_RANGE_NARROW,23.48,1,45.24,HIGH,2,0,0,0,0,0,NO_TRADE,,open_spike_wait_unresolved_lower_high,
11:02:14,23301.7,23360.55,23305.05,NARROW,23360.55,23286.6,0.204,RANGE,STRONG_SELL_PREMIUM,RANGE,PREMIUM_SELL_RANGE,RANGE_RANGE_NARROW,23.75,1,45.19,HIGH,2,0,0,0,0,0,NO_TRADE,,open_spike_wait_unresolved_lower_high,
11:02:29,23306.65,23360.55,23305.05,NARROW,23360.55,23286.6,0.271,RANGE,STRONG_SELL_PREMIUM,RANGE,PREMIUM_SELL_RANGE,RANGE_RANGE_NARROW,23.75,1,45.13,HIGH,2,0,0,0,0,0,NO_TRADE,,open_spike_wait_unresolved_lower_high,
11:02:44,23308.15,23360.55,23305.05,NARROW,23360.55,23286.6,0.291,RANGE,STRONG_SELL_PREMIUM,RANGE,PREMIUM_SELL_RANGE,RANGE_RANGE_NARROW,23.75,1,45.08,HIGH,2,0,0,0,0,0,NO_TRADE,,open_spike_wait_unresolved_lower_high,
11:02:59,23307.25,23360.55,23305.05,NARROW,23360.55,23286.6,0.279,RANGE,STRONG_SELL_PREMIUM,RANGE,PREMIUM_SELL_RANGE,RANGE_RANGE_NARROW,23.75,1,45.03,HIGH,2,0,0,0,0,0,NO_TRADE,,open_spike_wait_unresolved_lower_high,
11:03:14,23306.85,23360.55,23305.05,NARROW,23360.55,23286.6,0.274,CHOPPY,STRONG_SELL_PREMIUM,RANGE,NO_TRADE,NO_TRADE:CHOPPY_MARKET,23.75,1,44.98,NONE,2,1,0,0,0,0,NO_TRADE,,NO_TRADE:CHOPPY_MARKET,
11:03:29,23306.95,23360.55,23305.05,NARROW,23360.55,23286.6,0.275,CHOPPY,STRONG_SELL_PREMIUM,RANGE,NO_TRADE,NO_TRADE:CHOPPY_MARKET,23.75,1,44.92,NONE,2,1,0,0,0,0,NO_TRADE,,NO_TRADE:CHOPPY_MARKET,
11:03:44,23305.35,23360.55,23305.05,NARROW,23360.55,23286.6,0.254,CHOPPY,STRONG_SELL_PREMIUM,RANGE,NO_TRADE,NO_TRADE:CHOPPY_MARKET,23.75,1,44.87,NONE,2,1,0,0,0,0,NO_TRADE,,NO_TRADE:CHOPPY_MARKET,
11:04:00,23305.7,23360.55,23305.05,NARROW,23360.55,23286.6,0.258,CHOPPY,STRONG_SELL_PREMIUM,RANGE,NO_TRADE,NO_TRADE:CHOPPY_MARKET,23.87,1,44.82,NONE,2,1,0,0,0,0,NO_TRADE,,NO_TRADE:CHOPPY_MARKET,
11:04:15,23307.05,23360.55,23305.05,NARROW,23360.55,23286.6,0.277,CHOPPY,STRONG_SELL_PREMIUM,RANGE,NO_TRADE,NO_TRADE:CHOPPY_MARKET,23.87,1,44.77,NONE,2,1,0,0,0,0,NO_TRADE,,NO_TRADE:CHOPPY_MARKET,
11:04:30,23307.15,23360.55,23305.05,NARROW,23360.55,23286.6,0.278,CHOPPY,STRONG_SELL_PREMIUM,RANGE,NO_TRADE,NO_TRADE:CHOPPY_MARKET,23.87,1,44.72,NONE,2,1,0,0,0,0,NO_TRADE,,NO_TRADE:CHOPPY_MARKET,
11:04:45,23304.2,23360.55,23305.05,NARROW,23360.55,23286.6,0.238,CHOPPY,STRONG_SELL_PREMIUM,RANGE,NO_TRADE,NO_TRADE:CHOPPY_MARKET,23.87,1,44.67,NONE,2,1,0,0,0,0,NO_TRADE,,NO_TRADE:CHOPPY_MARKET,
11:05:00,23299.8,23360.55,23305.05,NARROW,23360.55,23286.6,0.178,CHOPPY,STRONG_SELL_PREMIUM,BEARISH,NO_TRADE,NO_TRADE:CHOPPY_MARKET,25.22,1,44.61,NONE,2,1,0,0,0,0,NO_TRADE,,NO_TRADE:CHOPPY_MARKET,
11:05:15,23297.3,23360.55,23305.05,NARROW,23360.55,23286.6,0.145,CHOPPY,STRONG_SELL_PREMIUM,BEARISH,PREMIUM_SELL_BULL,NO_TRADE:CHOPPY_MARKET,25.22,1,44.56,NONE,2,1,0,1,0,0,NO_TRADE,,confidence_NONE_insufficient_edge_after_costs,
11:05:30,23291.5,23360.55,23305.05,NARROW,23360.55,23286.6,0.066,CHOPPY,STRONG_SELL_PREMIUM,BEARISH,PREMIUM_SELL_BULL,NO_TRADE:CHOPPY_MARKET,25.22,1,44.51,NONE,2,1,0,1,0,0,NO_TRADE,,confidence_NONE_insufficient_edge_after_costs,
11:05:45,23293.55,23360.55,23305.05,NARROW,23360.55,23286.6,0.094,CHOPPY,STRONG_SELL_PREMIUM,BEARISH,PREMIUM_SELL_BULL,NO_TRADE:CHOPPY_MARKET,25.22,1,44.46,NONE,2,1,0,1,0,0,NO_TRADE,,confidence_NONE_insufficient_edge_after_costs,
11:06:00,23292.55,23360.55,23305.05,NARROW,23360.55,23286.6,0.080,CHOPPY,STRONG_SELL_PREMIUM,BEARISH,PREMIUM_SELL_BULL,NO_TRADE:CHOPPY_MARKET,25.22,1,44.41,NONE,2,1,0,1,0,0,NO_TRADE,,confidence_NONE_insufficient_edge_after_costs,
11:06:15,23291.85,23360.55,23305.05,NARROW,23360.55,23286.6,0.071,CHOPPY,STRONG_SELL_PREMIUM,BEARISH,PREMIUM_SELL_BULL,NO_TRADE:CHOPPY_MARKET,25.22,1,44.36,NONE,2,1,0,1,0,0,NO_TRADE,,confidence_NONE_insufficient_edge_after_costs,
11:06:30,23294.75,23360.55,23305.05,NARROW,23360.55,23286.6,0.110,CHOPPY,STRONG_SELL_PREMIUM,BEARISH,PREMIUM_SELL_BULL,NO_TRADE:CHOPPY_MARKET,25.22,1,44.31,NONE,2,1,0,1,0,0,NO_TRADE,,confidence_NONE_insufficient_edge_after_costs,
11:06:46,23295.95,23360.55,23305.05,NARROW,23360.55,23286.6,0.126,CHOPPY,STRONG_SELL_PREMIUM,BEARISH,PREMIUM_SELL_BULL,NO_TRADE:CHOPPY_MARKET,25.22,1,44.26,NONE,2,1,0,1,0,0,NO_TRADE,,confidence_NONE_insufficient_edge_after_costs,
11:07:01,23297.6,23360.55,23305.05,NARROW,23360.55,23286.6,0.149,CHOPPY,STRONG_SELL_PREMIUM,BEARISH,PREMIUM_SELL_BULL,NO_TRADE:CHOPPY_MARKET,25.22,1,44.21,NONE,2,1,0,1,0,0,NO_TRADE,,confidence_NONE_insufficient_edge_after_costs,
11:07:16,23298.5,23360.55,23305.05,NARROW,23360.55,23286.6,0.161,CHOPPY,STRONG_SELL_PREMIUM,BEARISH,NO_TRADE,NO_TRADE:CHOPPY_MARKET,25.22,1,44.16,NONE,2,1,0,0,0,0,NO_TRADE,,NO_TRADE:CHOPPY_MARKET,
11:07:31,23299.55,23360.55,23305.05,NARROW,23360.55,23286.6,0.175,CHOPPY,STRONG_SELL_PREMIUM,BEARISH,NO_TRADE,NO_TRADE:CHOPPY_MARKET,25.22,1,44.11,NONE,2,1,0,0,0,0,NO_TRADE,,NO_TRADE:CHOPPY_MARKET,
11:07:46,23300.3,23360.55,23305.05,NARROW,23360.55,23286.6,0.185,CHOPPY,STRONG_SELL_PREMIUM,RANGE,NO_TRADE,NO_TRADE:CHOPPY_MARKET,25.22,1,44.06,NONE,2,1,0,0,0,0,NO_TRADE,,NO_TRADE:CHOPPY_MARKET,
11:08:01,23300.45,23360.55,23305.05,NARROW,23360.55,23286.6,0.187,CHOPPY,STRONG_SELL_PREMIUM,RANGE,NO_TRADE,NO_TRADE:CHOPPY_MARKET,25.22,1,44.01,NONE,2,1,0,0,0,0,NO_TRADE,,NO_TRADE:CHOPPY_MARKET,
11:08:16,23301.9,23360.55,23305.05,NARROW,23360.55,23286.6,0.207,CHOPPY,STRONG_SELL_PREMIUM,RANGE,NO_TRADE,NO_TRADE:CHOPPY_MARKET,25.22,1,43.97,NONE,2,1,0,0,0,0,NO_TRADE,,NO_TRADE:CHOPPY_MARKET,
11:08:31,23301.1,23360.55,23305.05,NARROW,23360.55,23286.6,0.196,CHOPPY,STRONG_SELL_PREMIUM,RANGE,NO_TRADE,NO_TRADE:CHOPPY_MARKET,25.22,1,43.92,NONE,2,1,0,0,0,0,NO_TRADE,,NO_TRADE:CHOPPY_MARKET,
11:08:46,23300.25,23360.55,23305.05,NARROW,23360.55,23286.6,0.185,CHOPPY,STRONG_SELL_PREMIUM,RANGE,NO_TRADE,NO_TRADE:CHOPPY_MARKET,25.22,1,43.87,NONE,2,1,0,0,0,0,NO_TRADE,,NO_TRADE:CHOPPY_MARKET,
11:09:01,23300.35,23360.55,23305.05,NARROW,23360.55,23286.6,0.186,CHOPPY,STRONG_SELL_PREMIUM,RANGE,NO_TRADE,NO_TRADE:CHOPPY_MARKET,25.22,1,43.82,NONE,2,0,0,0,0,0,NO_TRADE,,NO_TRADE:CHOPPY_MARKET,
11:09:16,23303.4,23360.55,23305.05,NARROW,23360.55,23286.6,0.227,CHOPPY,STRONG_SELL_PREMIUM,RANGE,NO_TRADE,NO_TRADE:CHOPPY_MARKET,25.22,1,43.77,NONE,2,0,0,0,0,0,NO_TRADE,,NO_TRADE:CHOPPY_MARKET,
11:09:31,23301.95,23360.55,23305.05,NARROW,23360.55,23286.6,0.208,RANGE,STRONG_SELL_PREMIUM,RANGE,PREMIUM_SELL_RANGE,RANGE_RANGE_NARROW,25.22,1,43.72,HIGH,2,0,0,0,0,0,NO_TRADE,,open_spike_wait_unresolved_lower_high,
11:09:46,23303.65,23360.55,23305.05,NARROW,23360.55,23286.6,0.231,RANGE,STRONG_SELL_PREMIUM,RANGE,PREMIUM_SELL_RANGE,RANGE_RANGE_NARROW,25.22,1,43.68,HIGH,2,0,0,0,0,0,NO_TRADE,,open_spike_wait_unresolved_lower_high,
11:10:01,23302.4,23360.55,23305.05,NARROW,23360.55,23286.6,0.214,RANGE,STRONG_SELL_PREMIUM,RANGE,PREMIUM_SELL_RANGE,RANGE_RANGE_NARROW,26.44,1,43.63,HIGH,2,0,0,0,0,0,NO_TRADE,,open_spike_wait_unresolved_lower_high,
11:10:16,23304.55,23360.55,23305.05,NARROW,23360.55,23286.6,0.243,RANGE,STRONG_SELL_PREMIUM,RANGE,PREMIUM_SELL_RANGE,RANGE_RANGE_NARROW,26.44,1,43.58,HIGH,2,0,0,0,0,0,NO_TRADE,,open_spike_wait_unresolved_lower_high,
11:10:31,23301.9,23360.55,23305.05,NARROW,23360.55,23286.6,0.207,RANGE,STRONG_SELL_PREMIUM,RANGE,PREMIUM_SELL_RANGE,RANGE_RANGE_NARROW,26.44,1,43.53,HIGH,2,0,0,0,0,0,NO_TRADE,,open_spike_wait_unresolved_lower_high,
11:10:46,23303.3,23360.55,23305.05,NARROW,23360.55,23286.6,0.226,RANGE,STRONG_SELL_PREMIUM,RANGE,PREMIUM_SELL_RANGE,RANGE_RANGE_NARROW,26.44,1,43.49,HIGH,2,0,0,0,0,0,NO_TRADE,,open_spike_wait_unresolved_lower_high,
11:11:01,23303.5,23360.55,23305.05,NARROW,23360.55,23286.6,0.229,CHOPPY,STRONG_SELL_PREMIUM,RANGE,NO_TRADE,NO_TRADE:CHOPPY_MARKET,25.24,1,43.44,NONE,2,1,0,0,0,0,NO_TRADE,,NO_TRADE:CHOPPY_MARKET,
11:11:16,23307.35,23360.55,23305.05,NARROW,23360.55,23286.6,0.281,CHOPPY,STRONG_SELL_PREMIUM,RANGE,NO_TRADE,NO_TRADE:CHOPPY_MARKET,25.24,1,43.39,NONE,2,1,0,0,0,0,NO_TRADE,,NO_TRADE:CHOPPY_MARKET,
11:11:31,23305.9,23360.55,23305.05,NARROW,23360.55,23286.6,0.261,CHOPPY,STRONG_SELL_PREMIUM,RANGE,NO_TRADE,NO_TRADE:CHOPPY_MARKET,25.24,1,43.35,NONE,2,1,0,0,0,0,NO_TRADE,,NO_TRADE:CHOPPY_MARKET,
11:11:46,23309.35,23360.55,23305.05,NARROW,23360.55,23286.6,0.308,CHOPPY,STRONG_SELL_PREMIUM,RANGE,NO_TRADE,NO_TRADE:CHOPPY_MARKET,25.24,1,43.3,NONE,2,1,0,0,0,0,NO_TRADE,,NO_TRADE:CHOPPY_MARKET,
11:12:01,23306.6,23360.55,23305.05,NARROW,23360.55,23286.6,0.270,CHOPPY,STRONG_SELL_PREMIUM,RANGE,NO_TRADE,NO_TRADE:CHOPPY_MARKET,25.24,1,43.25,NONE,2,0,0,0,0,0,NO_TRADE,,NO_TRADE:CHOPPY_MARKET,
11:12:16,23308.3,23360.55,23305.05,NARROW,23360.55,23286.6,0.293,CHOPPY,STRONG_SELL_PREMIUM,RANGE,NO_TRADE,NO_TRADE:CHOPPY_MARKET,25.24,1,43.21,NONE,2,0,0,0,0,0,NO_TRADE,,NO_TRADE:CHOPPY_MARKET,
11:12:31,23304.4,23360.55,23305.05,NARROW,23360.55,23286.6,0.241,RANGE,STRONG_SELL_PREMIUM,RANGE,PREMIUM_SELL_RANGE,RANGE_RANGE_NARROW,25.24,1,43.16,HIGH,2,0,0,0,0,0,NO_TRADE,,open_spike_wait_unresolved_lower_high,
11:12:46,23305.15,23360.55,23305.05,NARROW,23360.55,23286.6,0.251,RANGE,STRONG_SELL_PREMIUM,RANGE,PREMIUM_SELL_RANGE,RANGE_RANGE_NARROW,25.24,1,43.12,HIGH,2,0,0,0,0,0,NO_TRADE,,open_spike_wait_unresolved_lower_high,
11:13:01,23300.75,23360.55,23305.05,NARROW,23360.55,23286.6,0.191,RANGE,STRONG_SELL_PREMIUM,RANGE,PREMIUM_SELL_RANGE,RANGE_RANGE_NARROW,25.24,1,43.07,HIGH,2,0,0,0,0,0,NO_TRADE,,open_spike_wait_unresolved_lower_high,
11:13:16,23300.45,23360.55,23305.05,NARROW,23360.55,23286.6,0.187,RANGE,STRONG_SELL_PREMIUM,RANGE,PREMIUM_SELL_RANGE,RANGE_RANGE_NARROW,25.24,1,43.03,HIGH,2,0,0,0,0,0,NO_TRADE,,open_spike_wait_unresolved_lower_high,
11:13:31,23299.2,23360.55,23305.05,NARROW,23360.55,23286.6,0.170,RANGE,STRONG_SELL_PREMIUM,RANGE,PREMIUM_SELL_RANGE,RANGE_RANGE_NARROW,25.24,1,42.98,HIGH,2,0,0,0,0,0,NO_TRADE,,open_spike_wait_unresolved_lower_high,
11:13:46,23300.9,23360.55,23305.05,NARROW,23360.55,23286.6,0.193,RANGE,STRONG_SELL_PREMIUM,RANGE,PREMIUM_SELL_RANGE,RANGE_RANGE_NARROW,25.24,1,42.93,HIGH,2,0,0,0,0,0,NO_TRADE,,open_spike_wait_unresolved_lower_high,
11:14:01,23302.8,23360.55,23305.05,NARROW,23360.55,23286.6,0.219,RANGE,STRONG_SELL_PREMIUM,RANGE,PREMIUM_SELL_RANGE,RANGE_RANGE_NARROW,25.24,1,42.89,HIGH,2,0,0,0,0,0,NO_TRADE,,open_spike_wait_unresolved_lower_high,
11:14:16,23304.35,23360.55,23305.05,NARROW,23360.55,23286.6,0.240,RANGE,STRONG_SELL_PREMIUM,RANGE,PREMIUM_SELL_RANGE,RANGE_RANGE_NARROW,25.24,1,42.84,HIGH,2,0,0,0,0,0,NO_TRADE,,open_spike_wait_unresolved_lower_high,
11:14:31,23303.35,23360.55,23305.05,NARROW,23360.55,23286.6,0.227,RANGE,STRONG_SELL_PREMIUM,RANGE,PREMIUM_SELL_RANGE,RANGE_RANGE_NARROW,25.24,1,42.8,HIGH,2,0,0,0,0,0,NO_TRADE,,open_spike_wait_unresolved_lower_high,
11:14:46,23305.2,23360.55,23305.05,NARROW,23360.55,23286.6,0.252,RANGE,STRONG_SELL_PREMIUM,RANGE,PREMIUM_SELL_RANGE,RANGE_RANGE_NARROW,25.24,1,42.75,HIGH,2,0,0,0,0,0,NO_TRADE,,open_spike_wait_unresolved_lower_high,
11:15:01,23304.6,23360.55,23305.05,NARROW,23360.55,23286.6,0.243,RANGE,STRONG_SELL_PREMIUM,RANGE,PREMIUM_SELL_RANGE,RANGE_RANGE_NARROW,25.25,1,42.71,HIGH,2,0,0,0,0,0,NO_TRADE,,open_spike_wait_unresolved_lower_high,
11:15:16,23305.45,23360.55,23305.05,NARROW,23360.55,23286.6,0.255,RANGE,STRONG_SELL_PREMIUM,RANGE,PREMIUM_SELL_RANGE,RANGE_RANGE_NARROW,25.25,1,42.67,HIGH,2,0,0,0,0,0,NO_TRADE,,open_spike_wait_unresolved_lower_high,
11:15:31,23304.65,23360.55,23305.05,NARROW,23360.55,23286.6,0.244,RANGE,STRONG_SELL_PREMIUM,RANGE,PREMIUM_SELL_RANGE,RANGE_RANGE_NARROW,25.25,1,42.62,HIGH,2,0,0,0,0,0,NO_TRADE,,open_spike_wait_unresolved_lower_high,
11:15:46,23305.55,23360.55,23305.05,NARROW,23360.55,23286.6,0.256,RANGE,STRONG_SELL_PREMIUM,RANGE,PREMIUM_SELL_RANGE,RANGE_RANGE_NARROW,25.25,1,42.58,HIGH,2,0,0,0,0,0,NO_TRADE,,open_spike_wait_unresolved_lower_high,
11:16:01,23302.85,23360.55,23305.05,NARROW,23360.55,23286.6,0.220,RANGE,STRONG_SELL_PREMIUM,RANGE,PREMIUM_SELL_RANGE,RANGE_RANGE_NARROW,25.25,1,42.53,HIGH,2,0,0,0,0,0,NO_TRADE,,open_spike_wait_unresolved_lower_high,
11:16:17,23303.4,23360.55,23305.05,NARROW,23360.55,23286.6,0.227,RANGE,STRONG_SELL_PREMIUM,RANGE,PREMIUM_SELL_RANGE,RANGE_RANGE_NARROW,25.25,1,42.49,HIGH,2,0,0,0,0,0,NO_TRADE,,open_spike_wait_unresolved_lower_high,
11:16:32,23303.4,23360.55,23305.05,NARROW,23360.55,23286.6,0.227,RANGE,STRONG_SELL_PREMIUM,RANGE,PREMIUM_SELL_RANGE,RANGE_RANGE_NARROW,25.25,1,42.44,HIGH,2,0,0,0,0,0,NO_TRADE,,open_spike_wait_unresolved_lower_high,
11:16:47,23303.05,23360.55,23305.05,NARROW,23360.55,23286.6,0.222,RANGE,STRONG_SELL_PREMIUM,RANGE,PREMIUM_SELL_RANGE,RANGE_RANGE_NARROW,25.25,1,42.4,HIGH,2,0,0,0,0,0,NO_TRADE,,open_spike_wait_unresolved_lower_high,
11:17:02,23301.7,23360.55,23305.05,NARROW,23360.55,23286.6,0.204,RANGE,STRONG_SELL_PREMIUM,RANGE,PREMIUM_SELL_RANGE,RANGE_RANGE_NARROW,25.58,1,42.36,HIGH,2,0,0,0,0,0,NO_TRADE,,open_spike_wait_unresolved_lower_high,
11:17:17,23299.75,23360.55,23305.05,NARROW,23360.55,23286.6,0.178,RANGE,STRONG_SELL_PREMIUM,RANGE,PREMIUM_SELL_RANGE,RANGE_RANGE_NARROW,25.58,1,42.31,HIGH,2,0,0,0,0,0,NO_TRADE,,open_spike_wait_unresolved_lower_high,
11:17:32,23300.55,23360.55,23305.05,NARROW,23360.55,23286.6,0.189,RANGE,STRONG_SELL_PREMIUM,RANGE,PREMIUM_SELL_RANGE,RANGE_RANGE_NARROW,25.58,1,42.27,HIGH,2,0,0,0,0,0,NO_TRADE,,open_spike_wait_unresolved_lower_high,
11:17:47,23299.35,23360.55,23305.05,NARROW,23360.55,23286.6,0.172,RANGE,STRONG_SELL_PREMIUM,RANGE,PREMIUM_SELL_RANGE,RANGE_RANGE_NARROW,25.58,1,42.23,HIGH,2,0,0,0,0,0,NO_TRADE,,open_spike_wait_unresolved_lower_high,
11:18:02,23296.25,23360.55,23305.05,NARROW,23360.55,23286.6,0.130,RANGE,STRONG_SELL_PREMIUM,RANGE,PREMIUM_SELL_BULL,RANGE_RANGE_NARROW,26.08,1,42.18,HIGH,2,0,0,1,0,0,ENTER,BULL_PUT_SPREAD,regime:PREMIUM_SELL_BULL:conf=HIGH:dte=2:adx=26:price=RANGE,
11:18:17,23297.2,23360.55,23305.05,NARROW,23360.55,23286.6,0.143,RANGE,STRONG_SELL_PREMIUM,BEARISH,PREMIUM_SELL_BEAR,RANGE_BEARISH_SPOT_BELOW_OR_MID,26.08,1,42.14,HIGH,2,0,0,0,0,0,,,,
11:18:32,23294.4,23360.55,23305.05,NARROW,23360.55,23286.6,0.105,RANGE,STRONG_SELL_PREMIUM,BEARISH,PREMIUM_SELL_BEAR,RANGE_BEARISH_SPOT_BELOW_OR_MID,26.08,1,42.1,HIGH,2,0,0,0,0,0,,,,
11:18:47,23294.15,23360.55,23305.05,NARROW,23360.55,23286.6,0.102,RANGE,STRONG_SELL_PREMIUM,BEARISH,PREMIUM_SELL_BEAR,RANGE_BEARISH_SPOT_BELOW_OR_MID,26.08,1,42.06,HIGH,2,0,0,0,0,0,,,,
11:19:02,23294.25,23360.55,23305.05,NARROW,23360.55,23286.6,0.103,RANGE,STRONG_SELL_PREMIUM,BEARISH,PREMIUM_SELL_BEAR,RANGE_BEARISH_SPOT_BELOW_OR_MID,26.08,1,42.01,HIGH,2,0,0,0,0,0,,,,
11:19:17,23295.4,23360.55,23305.05,NARROW,23360.55,23286.6,0.119,RANGE,STRONG_SELL_PREMIUM,BEARISH,PREMIUM_SELL_BEAR,RANGE_BEARISH_SPOT_BELOW_OR_MID,26.08,1,41.97,HIGH,2,0,0,0,0,0,,,,
11:19:33,23294.7,23360.55,23305.05,NARROW,23360.55,23286.6,0.110,RANGE,STRONG_SELL_PREMIUM,BEARISH,PREMIUM_SELL_BEAR,RANGE_BEARISH_SPOT_BELOW_OR_MID,26.08,1,41.93,HIGH,2,0,0,0,0,0,,,,
11:19:48,23296.1,23360.55,23305.05,NARROW,23360.55,23286.6,0.128,RANGE,STRONG_SELL_PREMIUM,BEARISH,PREMIUM_SELL_BEAR,RANGE_BEARISH_SPOT_BELOW_OR_MID,26.08,1,41.89,HIGH,2,0,0,0,0,0,,,,
11:20:03,23295.9,23360.55,23305.05,NARROW,23360.55,23286.6,0.126,RANGE,STRONG_SELL_PREMIUM,BEARISH,PREMIUM_SELL_BEAR,RANGE_BEARISH_SPOT_BELOW_OR_MID,26.85,1,41.84,HIGH,2,0,0,0,0,0,,,,
11:20:18,23298.5,23360.55,23305.05,NARROW,23360.55,23286.6,0.161,RANGE,STRONG_SELL_PREMIUM,BEARISH,PREMIUM_SELL_BEAR,RANGE_BEARISH_SPOT_BELOW_OR_MID,26.85,1,41.8,HIGH,2,0,0,0,0,0,,,,
11:20:33,23299.7,23360.55,23305.05,NARROW,23360.55,23286.6,0.177,RANGE,STRONG_SELL_PREMIUM,BEARISH,PREMIUM_SELL_BEAR,RANGE_BEARISH_SPOT_BELOW_OR_MID,26.85,1,41.76,HIGH,2,0,0,0,0,0,,,,
11:20:48,23300.7,23360.55,23305.05,NARROW,23360.55,23286.6,0.191,RANGE,STRONG_SELL_PREMIUM,BEARISH,PREMIUM_SELL_BEAR,RANGE_BEARISH_SPOT_BELOW_OR_MID,26.85,1,41.72,HIGH,2,0,0,0,0,0,,,,
11:21:03,23301.15,23360.55,23305.05,NARROW,23360.55,23286.6,0.197,RANGE,STRONG_SELL_PREMIUM,BEARISH,PREMIUM_SELL_BEAR,RANGE_BEARISH_SPOT_BELOW_OR_MID,26.85,1,41.68,HIGH,2,0,0,0,0,0,,,,
11:21:18,23301.7,23360.55,23305.05,NARROW,23360.55,23286.6,0.204,RANGE,STRONG_SELL_PREMIUM,RANGE,PREMIUM_SELL_RANGE,RANGE_RANGE_NARROW,26.85,1,41.64,HIGH,2,0,0,0,0,0,,,,
11:21:33,23301.9,23360.55,23305.05,NARROW,23360.55,23286.6,0.207,RANGE,STRONG_SELL_PREMIUM,RANGE,PREMIUM_SELL_RANGE,RANGE_RANGE_NARROW,26.85,1,41.59,HIGH,2,0,0,0,0,0,,,,
11:21:48,23302.55,23360.55,23305.05,NARROW,23360.55,23286.6,0.216,RANGE,STRONG_SELL_PREMIUM,RANGE,PREMIUM_SELL_RANGE,RANGE_RANGE_NARROW,26.85,1,41.55,HIGH,2,0,0,0,0,0,,,,
11:22:03,23300.6,23360.55,23305.05,NARROW,23360.55,23286.6,0.189,RANGE,STRONG_SELL_PREMIUM,RANGE,PREMIUM_SELL_RANGE,RANGE_RANGE_NARROW,26.85,1,41.51,HIGH,2,0,0,0,0,0,,,,
11:22:18,23304.15,23360.55,23305.05,NARROW,23360.55,23286.6,0.237,RANGE,STRONG_SELL_PREMIUM,RANGE,PREMIUM_SELL_RANGE,RANGE_RANGE_NARROW,26.85,1,41.47,HIGH,2,0,0,0,0,0,,,,
11:22:33,23302.4,23360.55,23305.05,NARROW,23360.55,23286.6,0.214,RANGE,STRONG_SELL_PREMIUM,RANGE,PREMIUM_SELL_RANGE,RANGE_RANGE_NARROW,26.85,1,41.43,HIGH,2,0,0,0,0,0,,,,
11:22:48,23303.4,23360.55,23305.05,NARROW,23360.55,23286.6,0.227,RANGE,STRONG_SELL_PREMIUM,RANGE,PREMIUM_SELL_RANGE,RANGE_RANGE_NARROW,26.85,1,41.39,HIGH,2,0,0,0,0,0,,,,
11:23:03,23302.85,23360.55,23305.05,NARROW,23360.55,23286.6,0.220,RANGE,STRONG_SELL_PREMIUM,RANGE,PREMIUM_SELL_RANGE,RANGE_RANGE_NARROW,26.85,1,41.35,HIGH,2,0,0,0,0,0,,,,
11:23:18,23303.6,23360.55,23305.05,NARROW,23360.55,23286.6,0.230,RANGE,STRONG_SELL_PREMIUM,RANGE,PREMIUM_SELL_RANGE,RANGE_RANGE_NARROW,26.85,1,41.31,HIGH,2,0,0,0,0,0,,,,
11:23:33,23302.7,23360.55,23305.05,NARROW,23360.55,23286.6,0.218,RANGE,STRONG_SELL_PREMIUM,RANGE,PREMIUM_SELL_RANGE,RANGE_RANGE_NARROW,26.85,1,41.27,HIGH,2,0,0,0,0,0,,,,
11:23:48,23304.7,23360.55,23305.05,NARROW,23360.55,23286.6,0.245,RANGE,STRONG_SELL_PREMIUM,RANGE,PREMIUM_SELL_RANGE,RANGE_RANGE_NARROW,26.85,1,41.23,HIGH,2,0,0,0,0,0,,,,
11:24:03,23302.35,23360.55,23305.05,NARROW,23360.55,23286.6,0.213,RANGE,STRONG_SELL_PREMIUM,RANGE,PREMIUM_SELL_RANGE,RANGE_RANGE_NARROW,26.85,1,41.19,HIGH,2,0,0,0,0,0,,,,
11:24:18,23302.6,23360.55,23305.05,NARROW,23360.55,23286.6,0.216,RANGE,STRONG_SELL_PREMIUM,RANGE,PREMIUM_SELL_RANGE,RANGE_RANGE_NARROW,26.85,1,41.15,HIGH,2,0,0,0,0,0,,,,
11:24:33,23302.2,23360.55,23305.05,NARROW,23360.55,23286.6,0.211,RANGE,STRONG_SELL_PREMIUM,RANGE,PREMIUM_SELL_RANGE,RANGE_RANGE_NARROW,26.85,1,41.11,HIGH,2,0,0,0,0,0,,,,
11:24:48,23301.25,23360.55,23305.05,NARROW,23360.55,23286.6,0.198,RANGE,STRONG_SELL_PREMIUM,RANGE,PREMIUM_SELL_RANGE,RANGE_RANGE_NARROW,26.85,1,41.07,HIGH,2,0,0,0,0,0,,,,
11:25:03,23301.9,23360.55,23305.05,NARROW,23360.55,23286.6,0.207,RANGE,STRONG_SELL_PREMIUM,RANGE,PREMIUM_SELL_RANGE,RANGE_RANGE_NARROW,27.53,1,41.03,HIGH,2,0,0,0,0,0,,,,
11:25:18,23300.5,23360.55,23305.05,NARROW,23360.55,23286.6,0.188,RANGE,STRONG_SELL_PREMIUM,RANGE,PREMIUM_SELL_RANGE,RANGE_RANGE_NARROW,27.53,1,40.99,HIGH,2,0,0,0,0,0,,,,
11:25:33,23296.8,23360.55,23305.05,NARROW,23360.55,23286.6,0.138,RANGE,STRONG_SELL_PREMIUM,RANGE,PREMIUM_SELL_RANGE,RANGE_RANGE_NARROW,27.53,1,40.95,HIGH,2,0,0,0,0,0,,,,
11:25:48,23297.6,23360.55,23305.05,NARROW,23360.55,23286.6,0.149,RANGE,STRONG_SELL_PREMIUM,RANGE,PREMIUM_SELL_RANGE,RANGE_RANGE_NARROW,27.53,1,40.91,HIGH,2,0,0,0,0,0,,,,
11:26:03,23297.35,23360.55,23305.05,NARROW,23360.55,23286.6,0.145,RANGE,STRONG_SELL_PREMIUM,BEARISH,PREMIUM_SELL_BEAR,RANGE_BEARISH_SPOT_BELOW_OR_MID,27.64,1,40.87,HIGH,2,0,0,0,0,0,,,,
11:26:18,23295.95,23360.55,23305.05,NARROW,23360.55,23286.6,0.126,RANGE,STRONG_SELL_PREMIUM,BEARISH,PREMIUM_SELL_BEAR,RANGE_BEARISH_SPOT_BELOW_OR_MID,27.64,1,40.83,HIGH,2,0,0,0,0,0,,,,
11:26:34,23295.55,23360.55,23305.05,NARROW,23360.55,23286.6,0.121,RANGE,STRONG_SELL_PREMIUM,BEARISH,PREMIUM_SELL_BEAR,RANGE_BEARISH_SPOT_BELOW_OR_MID,27.64,1,40.79,HIGH,2,0,0,0,0,0,,,,
11:26:48,23295.0,23360.55,23305.05,NARROW,23360.55,23286.6,0.114,RANGE,STRONG_SELL_PREMIUM,BEARISH,PREMIUM_SELL_BEAR,RANGE_BEARISH_SPOT_BELOW_OR_MID,27.64,1,40.76,HIGH,2,0,0,0,0,0,,,,
11:27:03,23295.8,23360.55,23305.05,NARROW,23360.55,23286.6,0.124,RANGE,STRONG_SELL_PREMIUM,BEARISH,PREMIUM_SELL_BEAR,RANGE_BEARISH_SPOT_BELOW_OR_MID,27.64,1,40.72,HIGH,2,0,0,0,0,0,,,,
11:27:19,23296.7,23360.55,23305.05,NARROW,23360.55,23286.6,0.137,RANGE,STRONG_SELL_PREMIUM,BEARISH,PREMIUM_SELL_BEAR,RANGE_BEARISH_SPOT_BELOW_OR_MID,27.64,1,40.68,HIGH,2,0,0,0,0,0,,,,
11:27:33,23298.3,23360.55,23305.05,NARROW,23360.55,23286.6,0.158,RANGE,STRONG_SELL_PREMIUM,BEARISH,PREMIUM_SELL_BEAR,RANGE_BEARISH_SPOT_BELOW_OR_MID,27.64,1,40.64,HIGH,2,0,0,0,0,0,,,,
11:27:49,23298.3,23360.55,23305.05,NARROW,23360.55,23286.6,0.158,RANGE,STRONG_SELL_PREMIUM,BEARISH,PREMIUM_SELL_BEAR,RANGE_BEARISH_SPOT_BELOW_OR_MID,27.64,1,40.6,HIGH,2,0,0,0,0,0,,,,
11:28:04,23297.9,23360.55,23305.05,NARROW,23360.55,23286.6,0.153,RANGE,STRONG_SELL_PREMIUM,BEARISH,PREMIUM_SELL_BEAR,RANGE_BEARISH_SPOT_BELOW_OR_MID,27.66,1,40.56,HIGH,2,0,0,0,0,0,,,,
11:28:19,23297.5,23360.55,23305.05,NARROW,23360.55,23286.6,0.147,RANGE,STRONG_SELL_PREMIUM,BEARISH,PREMIUM_SELL_BEAR,RANGE_BEARISH_SPOT_BELOW_OR_MID,27.66,1,40.53,HIGH,2,0,0,0,0,0,,,,
11:28:34,23296.45,23360.55,23305.05,NARROW,23360.55,23286.6,0.133,RANGE,STRONG_SELL_PREMIUM,BEARISH,PREMIUM_SELL_BEAR,RANGE_BEARISH_SPOT_BELOW_OR_MID,27.66,1,40.49,HIGH,2,0,0,0,0,0,,,,
11:28:49,23294.85,23360.55,23305.05,NARROW,23360.55,23286.6,0.112,RANGE,STRONG_SELL_PREMIUM,BEARISH,PREMIUM_SELL_BEAR,RANGE_BEARISH_SPOT_BELOW_OR_MID,27.66,1,40.45,HIGH,2,0,0,0,0,0,,,,
11:29:04,23297.05,23360.55,23305.05,NARROW,23360.55,23286.6,0.141,RANGE,STRONG_SELL_PREMIUM,BEARISH,PREMIUM_SELL_BEAR,RANGE_BEARISH_SPOT_BELOW_OR_MID,28.02,1,40.41,HIGH,2,0,0,0,0,0,,,,
11:29:19,23296.05,23360.55,23305.05,NARROW,23360.55,23286.6,0.128,RANGE,STRONG_SELL_PREMIUM,BEARISH,PREMIUM_SELL_BEAR,RANGE_BEARISH_SPOT_BELOW_OR_MID,28.02,1,40.37,HIGH,2,0,0,0,0,0,,,,
11:29:34,23295.55,23360.55,23305.05,NARROW,23360.55,23286.6,0.121,RANGE,STRONG_SELL_PREMIUM,BEARISH,PREMIUM_SELL_BEAR,RANGE_BEARISH_SPOT_BELOW_OR_MID,28.02,1,40.34,HIGH,2,0,0,0,0,0,,,,
11:29:49,23292.7,23360.55,23305.05,NARROW,23360.55,23286.6,0.082,RANGE,STRONG_SELL_PREMIUM,BEARISH,PREMIUM_SELL_BEAR,RANGE_BEARISH_SPOT_BELOW_OR_MID,28.02,1,40.3,HIGH,2,0,0,0,0,0,,,,
11:30:04,23297.95,23360.55,23305.05,NARROW,23360.55,23286.6,0.153,RANGE,STRONG_SELL_PREMIUM,BEARISH,PREMIUM_SELL_BEAR,RANGE_BEARISH_SPOT_BELOW_OR_MID,27.66,1,40.26,HIGH,2,0,0,0,0,0,,,,
11:30:19,23304.4,23360.55,23305.05,NARROW,23360.55,23286.6,0.241,RANGE,STRONG_SELL_PREMIUM,BEARISH,PREMIUM_SELL_BEAR,RANGE_BEARISH_SPOT_BELOW_OR_MID,27.66,1,40.22,HIGH,2,0,0,0,0,0,,,,
11:30:34,23301.5,23360.55,23305.05,NARROW,23360.55,23286.6,0.201,RANGE,STRONG_SELL_PREMIUM,BEARISH,PREMIUM_SELL_BEAR,RANGE_BEARISH_SPOT_BELOW_OR_MID,27.66,1,40.19,HIGH,2,0,0,0,0,0,,,,
11:30:49,23302.1,23360.55,23305.05,NARROW,23360.55,23286.6,0.210,RANGE,STRONG_SELL_PREMIUM,RANGE,PREMIUM_SELL_RANGE,RANGE_RANGE_NARROW,27.66,1,40.15,HIGH,2,0,0,0,0,0,,,,
11:31:04,23302.55,23360.55,23305.05,NARROW,23360.55,23286.6,0.216,RANGE,STRONG_SELL_PREMIUM,RANGE,PREMIUM_SELL_RANGE,RANGE_RANGE_NARROW,27.66,1,40.11,HIGH,2,0,0,0,0,0,,,,
11:31:19,23301.0,23360.55,23305.05,NARROW,23360.55,23286.6,0.195,RANGE,STRONG_SELL_PREMIUM,RANGE,PREMIUM_SELL_RANGE,RANGE_RANGE_NARROW,27.66,1,40.08,HIGH,2,0,0,0,0,0,,,,
11:31:34,23294.7,23360.55,23305.05,NARROW,23360.55,23286.6,0.110,RANGE,STRONG_SELL_PREMIUM,RANGE,PREMIUM_SELL_RANGE,RANGE_RANGE_NARROW,27.66,1,40.04,HIGH,2,0,0,0,0,0,,,,
11:31:49,23295.45,23360.55,23305.05,NARROW,23360.55,23286.6,0.120,RANGE,STRONG_SELL_PREMIUM,RANGE,PREMIUM_SELL_RANGE,RANGE_RANGE_NARROW,27.66,1,40.0,HIGH,2,0,0,0,0,0,,,,
11:32:04,23296.8,23360.55,23305.05,NARROW,23360.55,23286.6,0.138,RANGE,STRONG_SELL_PREMIUM,BEARISH,PREMIUM_SELL_BEAR,RANGE_BEARISH_SPOT_BELOW_OR_MID,27.66,1,39.97,HIGH,2,0,0,0,0,0,,,,
11:32:19,23298.85,23360.55,23305.05,NARROW,23360.55,23286.6,0.166,RANGE,STRONG_SELL_PREMIUM,BEARISH,PREMIUM_SELL_BEAR,RANGE_BEARISH_SPOT_BELOW_OR_MID,27.66,1,39.93,HIGH,2,0,0,0,0,0,,,,
11:32:34,23299.4,23360.55,23305.05,NARROW,23360.55,23286.6,0.173,RANGE,STRONG_SELL_PREMIUM,BEARISH,PREMIUM_SELL_BEAR,RANGE_BEARISH_SPOT_BELOW_OR_MID,27.66,1,39.89,HIGH,2,0,0,0,0,0,,,,
11:32:49,23299.75,23360.55,23305.05,NARROW,23360.55,23286.6,0.178,RANGE,STRONG_SELL_PREMIUM,BEARISH,PREMIUM_SELL_BEAR,RANGE_BEARISH_SPOT_BELOW_OR_MID,27.66,1,39.86,HIGH,2,0,0,0,0,0,,,,
11:33:04,23300.05,23360.55,23305.05,NARROW,23360.55,23286.6,0.182,RANGE,STRONG_SELL_PREMIUM,BEARISH,PREMIUM_SELL_BEAR,RANGE_BEARISH_SPOT_BELOW_OR_MID,27.66,1,39.82,HIGH,2,0,0,0,0,0,,,,
11:33:19,23295.8,23360.55,23305.05,NARROW,23360.55,23286.6,0.124,RANGE,STRONG_SELL_PREMIUM,BEARISH,PREMIUM_SELL_BEAR,RANGE_BEARISH_SPOT_BELOW_OR_MID,27.66,1,39.79,HIGH,2,0,0,0,0,0,,,,
11:33:34,23293.5,23360.55,23305.05,NARROW,23360.55,23286.6,0.093,RANGE,STRONG_SELL_PREMIUM,BEARISH,PREMIUM_SELL_BEAR,RANGE_BEARISH_SPOT_BELOW_OR_MID,27.66,1,39.75,HIGH,2,0,0,0,0,0,,,,
11:33:49,23292.65,23360.55,23305.05,NARROW,23360.55,23286.6,0.082,RANGE,STRONG_SELL_PREMIUM,BEARISH,PREMIUM_SELL_BEAR,RANGE_BEARISH_SPOT_BELOW_OR_MID,27.66,1,39.71,HIGH,2,0,0,0,0,0,,,,
11:34:04,23297.2,23360.55,23305.05,NARROW,23360.55,23286.6,0.143,RANGE,STRONG_SELL_PREMIUM,BEARISH,PREMIUM_SELL_BEAR,RANGE_BEARISH_SPOT_BELOW_OR_MID,27.66,1,39.68,HIGH,2,0,0,0,0,0,,,,
11:34:19,23297.55,23360.55,23305.05,NARROW,23360.55,23286.6,0.148,RANGE,STRONG_SELL_PREMIUM,BEARISH,PREMIUM_SELL_BEAR,RANGE_BEARISH_SPOT_BELOW_OR_MID,27.66,1,39.64,HIGH,2,0,0,0,0,0,,,,
11:34:34,23298.9,23360.55,23305.05,NARROW,23360.55,23286.6,0.166,RANGE,STRONG_SELL_PREMIUM,BEARISH,PREMIUM_SELL_BEAR,RANGE_BEARISH_SPOT_BELOW_OR_MID,27.66,1,39.61,HIGH,2,0,0,0,0,0,,,,
11:34:49,23298.8,23360.55,23305.05,NARROW,23360.55,23286.6,0.165,RANGE,STRONG_SELL_PREMIUM,BEARISH,PREMIUM_SELL_BEAR,RANGE_BEARISH_SPOT_BELOW_OR_MID,27.66,1,39.57,HIGH,2,0,0,0,0,0,,,,
11:35:04,23299.85,23360.55,23305.05,NARROW,23360.55,23286.6,0.179,RANGE,STRONG_SELL_PREMIUM,BEARISH,PREMIUM_SELL_BEAR,RANGE_BEARISH_SPOT_BELOW_OR_MID,27.34,1,39.54,HIGH,2,0,0,0,0,0,,,,
11:35:19,23298.9,23360.55,23305.05,NARROW,23360.55,23286.6,0.166,RANGE,STRONG_SELL_PREMIUM,BEARISH,PREMIUM_SELL_BEAR,RANGE_BEARISH_SPOT_BELOW_OR_MID,27.34,1,39.5,HIGH,2,0,0,0,0,0,,,,
11:35:34,23298.35,23360.55,23305.05,NARROW,23360.55,23286.6,0.159,RANGE,STRONG_SELL_PREMIUM,BEARISH,PREMIUM_SELL_BEAR,RANGE_BEARISH_SPOT_BELOW_OR_MID,27.34,1,39.47,HIGH,2,0,0,0,0,0,,,,
11:35:49,23298.7,23360.55,23305.05,NARROW,23360.55,23286.6,0.164,RANGE,STRONG_SELL_PREMIUM,BEARISH,PREMIUM_SELL_BEAR,RANGE_BEARISH_SPOT_BELOW_OR_MID,27.34,1,39.43,HIGH,2,0,0,0,0,0,,,,
11:36:04,23299.9,23360.55,23305.05,NARROW,23360.55,23286.6,0.180,RANGE,STRONG_SELL_PREMIUM,BEARISH,PREMIUM_SELL_BEAR,RANGE_BEARISH_SPOT_BELOW_OR_MID,27.34,1,39.4,HIGH,2,0,0,0,0,0,,,,
11:36:19,23301.3,23360.55,23305.05,NARROW,23360.55,23286.6,0.199,RANGE,STRONG_SELL_PREMIUM,BEARISH,PREMIUM_SELL_BEAR,RANGE_BEARISH_SPOT_BELOW_OR_MID,27.34,1,39.36,HIGH,2,0,0,0,0,0,,,,
11:36:35,23301.7,23360.55,23305.05,NARROW,23360.55,23286.6,0.204,RANGE,STRONG_SELL_PREMIUM,BEARISH,PREMIUM_SELL_BEAR,RANGE_BEARISH_SPOT_BELOW_OR_MID,27.34,1,39.33,HIGH,2,0,0,0,0,0,,,,
11:36:50,23300.2,23360.55,23305.05,NARROW,23360.55,23286.6,0.184,RANGE,STRONG_SELL_PREMIUM,RANGE,PREMIUM_SELL_RANGE,RANGE_RANGE_NARROW,27.34,1,39.29,HIGH,2,0,0,0,0,0,,,,
11:37:05,23301.35,23360.55,23305.05,NARROW,23360.55,23286.6,0.199,RANGE,STRONG_SELL_PREMIUM,RANGE,PREMIUM_SELL_RANGE,RANGE_RANGE_NARROW,27.34,1,39.26,HIGH,2,0,0,0,0,0,,,,
11:37:20,23302.25,23360.55,23305.05,NARROW,23360.55,23286.6,0.212,RANGE,STRONG_SELL_PREMIUM,RANGE,PREMIUM_SELL_RANGE,RANGE_RANGE_NARROW,27.34,1,39.22,HIGH,2,0,0,0,0,0,,,,
11:37:35,23303.35,23360.55,23305.05,NARROW,23360.55,23286.6,0.227,RANGE,STRONG_SELL_PREMIUM,RANGE,PREMIUM_SELL_RANGE,RANGE_RANGE_NARROW,27.34,1,39.19,HIGH,2,0,0,0,0,0,,,,
11:37:50,23301.25,23360.55,23305.05,NARROW,23360.55,23286.6,0.198,RANGE,STRONG_SELL_PREMIUM,RANGE,PREMIUM_SELL_RANGE,RANGE_RANGE_NARROW,27.34,1,39.15,HIGH,2,0,0,0,0,0,,,,
11:38:05,23300.15,23360.55,23305.05,NARROW,23360.55,23286.6,0.183,RANGE,STRONG_SELL_PREMIUM,RANGE,PREMIUM_SELL_RANGE,RANGE_RANGE_NARROW,27.34,1,39.12,HIGH,2,0,0,0,0,0,,,,
11:38:20,23299.95,23360.55,23305.05,NARROW,23360.55,23286.6,0.181,RANGE,STRONG_SELL_PREMIUM,RANGE,PREMIUM_SELL_RANGE,RANGE_RANGE_NARROW,27.34,1,39.08,HIGH,2,0,0,0,0,0,,,,
11:38:35,23299.3,23360.55,23305.05,NARROW,23360.55,23286.6,0.172,RANGE,STRONG_SELL_PREMIUM,RANGE,PREMIUM_SELL_RANGE,RANGE_RANGE_NARROW,27.34,1,39.05,HIGH,2,0,0,0,0,0,,,,
11:38:50,23299.7,23360.55,23305.05,NARROW,23360.55,23286.6,0.177,RANGE,STRONG_SELL_PREMIUM,BEARISH,PREMIUM_SELL_BEAR,RANGE_BEARISH_SPOT_BELOW_OR_MID,27.34,1,39.02,HIGH,2,0,0,0,0,0,,,,
11:39:05,23300.85,23360.55,23305.05,NARROW,23360.55,23286.6,0.193,RANGE,STRONG_SELL_PREMIUM,BEARISH,PREMIUM_SELL_BEAR,RANGE_BEARISH_SPOT_BELOW_OR_MID,27.34,1,38.98,HIGH,2,0,0,0,0,0,,,,
11:39:20,23299.85,23360.55,23305.05,NARROW,23360.55,23286.6,0.179,RANGE,STRONG_SELL_PREMIUM,BEARISH,PREMIUM_SELL_BEAR,RANGE_BEARISH_SPOT_BELOW_OR_MID,27.34,1,38.95,HIGH,2,0,0,0,0,0,,,,
11:39:35,23299.95,23360.55,23305.05,NARROW,23360.55,23286.6,0.181,RANGE,STRONG_SELL_PREMIUM,BEARISH,PREMIUM_SELL_BEAR,RANGE_BEARISH_SPOT_BELOW_OR_MID,27.34,1,38.91,HIGH,2,0,0,0,0,0,,,,
11:39:50,23300.15,23360.55,23305.05,NARROW,23360.55,23286.6,0.183,RANGE,STRONG_SELL_PREMIUM,BEARISH,PREMIUM_SELL_BEAR,RANGE_BEARISH_SPOT_BELOW_OR_MID,27.34,1,38.88,HIGH,2,0,0,0,0,0,,,,
11:40:05,23300.2,23360.55,23305.05,NARROW,23360.55,23286.6,0.184,RANGE,STRONG_SELL_PREMIUM,BEARISH,PREMIUM_SELL_BEAR,RANGE_BEARISH_SPOT_BELOW_OR_MID,27.14,1,38.85,HIGH,2,0,0,0,0,0,,,,
11:40:20,23298.6,23360.55,23305.05,NARROW,23360.55,23286.6,0.162,RANGE,STRONG_SELL_PREMIUM,BEARISH,PREMIUM_SELL_BEAR,RANGE_BEARISH_SPOT_BELOW_OR_MID,27.14,1,38.81,HIGH,2,0,0,0,0,0,,,,
11:40:35,23298.2,23360.55,23305.05,NARROW,23360.55,23286.6,0.157,RANGE,STRONG_SELL_PREMIUM,BEARISH,PREMIUM_SELL_BEAR,RANGE_BEARISH_SPOT_BELOW_OR_MID,27.14,1,38.78,HIGH,2,0,0,0,0,0,,,,
11:40:50,23301.1,23360.55,23305.05,NARROW,23360.55,23286.6,0.196,RANGE,STRONG_SELL_PREMIUM,BEARISH,PREMIUM_SELL_BEAR,RANGE_BEARISH_SPOT_BELOW_OR_MID,27.14,1,38.75,HIGH,2,0,0,0,0,0,,,,
11:41:05,23301.3,23360.55,23305.05,NARROW,23360.55,23286.6,0.199,RANGE,STRONG_SELL_PREMIUM,BEARISH,PREMIUM_SELL_BEAR,RANGE_BEARISH_SPOT_BELOW_OR_MID,27.14,1,38.71,HIGH,2,0,0,0,0,0,,,,
11:41:20,23300.9,23360.55,23305.05,NARROW,23360.55,23286.6,0.193,RANGE,STRONG_SELL_PREMIUM,RANGE,PREMIUM_SELL_RANGE,RANGE_RANGE_NARROW,27.14,1,38.68,HIGH,2,0,0,0,0,0,,,,
11:41:35,23301.3,23360.55,23305.05,NARROW,23360.55,23286.6,0.199,RANGE,STRONG_SELL_PREMIUM,RANGE,PREMIUM_SELL_RANGE,RANGE_RANGE_NARROW,27.14,1,38.65,HIGH,2,0,0,0,0,0,,,,
11:41:50,23302.75,23360.55,23305.05,NARROW,23360.55,23286.6,0.218,RANGE,STRONG_SELL_PREMIUM,RANGE,PREMIUM_SELL_RANGE,RANGE_RANGE_NARROW,27.14,1,38.61,HIGH,2,0,0,0,0,0,,,,
11:42:05,23301.7,23360.55,23305.05,NARROW,23360.55,23286.6,0.204,RANGE,STRONG_SELL_PREMIUM,RANGE,PREMIUM_SELL_RANGE,RANGE_RANGE_NARROW,27.14,1,38.58,HIGH,2,0,0,0,0,0,,,,
11:42:20,23302.5,23360.55,23305.05,NARROW,23360.55,23286.6,0.215,RANGE,STRONG_SELL_PREMIUM,RANGE,PREMIUM_SELL_RANGE,RANGE_RANGE_NARROW,27.14,1,38.55,HIGH,2,0,0,0,0,0,,,,
11:42:35,23302.85,23360.55,23305.05,NARROW,23360.55,23286.6,0.220,RANGE,STRONG_SELL_PREMIUM,RANGE,PREMIUM_SELL_RANGE,RANGE_RANGE_NARROW,27.14,1,38.52,HIGH,2,0,0,0,0,0,,,,
11:42:50,23302.7,23360.55,23305.05,NARROW,23360.55,23286.6,0.218,RANGE,STRONG_SELL_PREMIUM,RANGE,PREMIUM_SELL_RANGE,RANGE_RANGE_NARROW,27.14,1,38.48,HIGH,2,0,0,0,0,0,,,,
11:43:05,23301.55,23360.55,23305.05,NARROW,23360.55,23286.6,0.202,RANGE,STRONG_SELL_PREMIUM,RANGE,PREMIUM_SELL_RANGE,RANGE_RANGE_NARROW,27.14,1,38.45,HIGH,2,0,0,0,0,0,,,,
11:43:20,23299.45,23360.55,23305.05,NARROW,23360.55,23286.6,0.174,RANGE,STRONG_SELL_PREMIUM,RANGE,PREMIUM_SELL_RANGE,RANGE_RANGE_NARROW,27.14,1,38.42,HIGH,2,0,0,0,0,0,,,,
11:43:35,23298.65,23360.55,23305.05,NARROW,23360.55,23286.6,0.163,RANGE,STRONG_SELL_PREMIUM,RANGE,PREMIUM_SELL_RANGE,RANGE_RANGE_NARROW,27.14,1,38.39,HIGH,2,0,0,0,0,0,,,,
11:43:50,23300.2,23360.55,23305.05,NARROW,23360.55,23286.6,0.184,RANGE,STRONG_SELL_PREMIUM,RANGE,PREMIUM_SELL_RANGE,RANGE_RANGE_NARROW,27.14,1,38.35,HIGH,2,0,0,0,0,0,,,,
11:44:05,23298.35,23360.55,23305.05,NARROW,23360.55,23286.6,0.159,RANGE,STRONG_SELL_PREMIUM,RANGE,PREMIUM_SELL_RANGE,RANGE_RANGE_NARROW,27.14,1,38.32,HIGH,2,0,0,0,0,0,,,,
11:44:20,23298.05,23360.55,23305.05,NARROW,23360.55,23286.6,0.155,RANGE,STRONG_SELL_PREMIUM,RANGE,PREMIUM_SELL_RANGE,RANGE_RANGE_NARROW,27.14,1,38.29,HIGH,2,0,0,0,0,0,,,,
11:44:35,23299.15,23360.55,23305.05,NARROW,23360.55,23286.6,0.170,RANGE,STRONG_SELL_PREMIUM,BEARISH,PREMIUM_SELL_BEAR,RANGE_BEARISH_SPOT_BELOW_OR_MID,27.14,1,38.26,HIGH,2,0,0,0,0,0,,,,
11:44:51,23298.55,23360.55,23305.05,NARROW,23360.55,23286.6,0.162,RANGE,STRONG_SELL_PREMIUM,BEARISH,PREMIUM_SELL_BEAR,RANGE_BEARISH_SPOT_BELOW_OR_MID,27.14,1,38.23,HIGH,2,0,0,0,0,0,,,,
11:45:06,23300.6,23360.55,23305.05,NARROW,23360.55,23286.6,0.189,RANGE,STRONG_SELL_PREMIUM,BEARISH,PREMIUM_SELL_BEAR,RANGE_BEARISH_SPOT_BELOW_OR_MID,25.95,1,38.19,HIGH,2,0,0,0,0,0,,,,
11:45:21,23303.0,23360.55,23305.05,NARROW,23360.55,23286.6,0.222,RANGE,STRONG_SELL_PREMIUM,BEARISH,PREMIUM_SELL_BEAR,RANGE_BEARISH_SPOT_BELOW_OR_MID,25.95,1,38.16,HIGH,2,0,0,0,0,0,,,,
11:45:36,23302.15,23360.55,23305.05,NARROW,23360.55,23286.6,0.210,RANGE,STRONG_SELL_PREMIUM,RANGE,PREMIUM_SELL_RANGE,RANGE_RANGE_NARROW,25.95,1,38.13,HIGH,2,0,0,0,0,0,,,,
11:45:51,23304.2,23360.55,23305.05,NARROW,23360.55,23286.6,0.238,RANGE,STRONG_SELL_PREMIUM,RANGE,PREMIUM_SELL_RANGE,RANGE_RANGE_NARROW,25.95,1,38.1,HIGH,2,0,0,0,0,0,,,,
11:46:06,23306.9,23360.55,23305.05,NARROW,23360.55,23286.6,0.275,RANGE,STRONG_SELL_PREMIUM,RANGE,PREMIUM_SELL_RANGE,RANGE_RANGE_NARROW,24.65,1,38.07,HIGH,2,0,0,0,0,0,,,,
11:46:21,23309.25,23360.55,23305.05,NARROW,23360.55,23286.6,0.306,RANGE,STRONG_SELL_PREMIUM,RANGE,PREMIUM_SELL_RANGE,RANGE_RANGE_NARROW,24.65,1,38.04,HIGH,2,0,0,0,0,0,,,,
11:46:36,23310.9,23360.55,23305.05,NARROW,23360.55,23286.6,0.329,RANGE,STRONG_SELL_PREMIUM,RANGE,PREMIUM_SELL_RANGE,RANGE_RANGE_NARROW,24.65,1,38.0,HIGH,2,0,0,0,0,0,,,,
11:46:51,23308.35,23360.55,23305.05,NARROW,23360.55,23286.6,0.294,RANGE,STRONG_SELL_PREMIUM,RANGE,PREMIUM_SELL_RANGE,RANGE_RANGE_NARROW,24.65,1,37.97,HIGH,2,0,0,0,0,0,,,,
11:47:06,23308.55,23360.55,23305.05,NARROW,23360.55,23286.6,0.297,CHOPPY,STRONG_SELL_PREMIUM,RANGE,NO_TRADE,NO_TRADE:CHOPPY_MARKET,24.65,1,37.94,NONE,2,1,0,0,0,0,,,,
11:47:21,23305.35,23360.55,23305.05,NARROW,23360.55,23286.6,0.254,CHOPPY,STRONG_SELL_PREMIUM,RANGE,NO_TRADE,NO_TRADE:CHOPPY_MARKET,24.65,1,37.91,NONE,2,1,0,0,0,0,,,,
11:47:36,23305.5,23360.55,23305.05,NARROW,23360.55,23286.6,0.256,CHOPPY,STRONG_SELL_PREMIUM,RANGE,NO_TRADE,NO_TRADE:CHOPPY_MARKET,24.65,1,37.88,NONE,2,1,0,0,0,0,,,,
11:47:51,23304.85,23360.55,23305.05,NARROW,23360.55,23286.6,0.247,CHOPPY,STRONG_SELL_PREMIUM,RANGE,NO_TRADE,NO_TRADE:CHOPPY_MARKET,24.65,1,37.85,NONE,2,1,0,0,0,0,,,,
11:48:06,23305.7,23360.55,23305.05,NARROW,23360.55,23286.6,0.258,CHOPPY,STRONG_SELL_PREMIUM,RANGE,NO_TRADE,NO_TRADE:CHOPPY_MARKET,24.65,1,37.82,NONE,2,1,0,0,0,0,,,,
11:48:21,23305.35,23360.55,23305.05,NARROW,23360.55,23286.6,0.254,CHOPPY,STRONG_SELL_PREMIUM,RANGE,NO_TRADE,NO_TRADE:CHOPPY_MARKET,24.65,1,37.79,NONE,2,1,0,0,0,0,,,,
11:48:37,23305.5,23360.55,23305.05,NARROW,23360.55,23286.6,0.256,CHOPPY,STRONG_SELL_PREMIUM,RANGE,NO_TRADE,NO_TRADE:CHOPPY_MARKET,24.65,1,37.75,NONE,2,1,0,0,0,0,,,,
11:48:51,23306.9,23360.55,23305.05,NARROW,23360.55,23286.6,0.275,CHOPPY,STRONG_SELL_PREMIUM,RANGE,NO_TRADE,NO_TRADE:CHOPPY_MARKET,24.65,1,37.72,NONE,2,1,0,0,0,0,,,,
11:49:06,23307.4,23360.55,23305.05,NARROW,23360.55,23286.6,0.281,CHOPPY,STRONG_SELL_PREMIUM,RANGE,NO_TRADE,NO_TRADE:CHOPPY_MARKET,24.5,1,37.69,NONE,2,1,0,0,0,0,,,,
11:49:21,23308.55,23360.55,23305.05,NARROW,23360.55,23286.6,0.297,CHOPPY,STRONG_SELL_PREMIUM,RANGE,NO_TRADE,NO_TRADE:CHOPPY_MARKET,24.5,1,37.66,NONE,2,1,0,0,0,0,,,,
11:49:36,23310.6,23360.55,23305.05,NARROW,23360.55,23286.6,0.325,CHOPPY,STRONG_SELL_PREMIUM,RANGE,NO_TRADE,NO_TRADE:CHOPPY_MARKET,24.5,1,37.63,NONE,2,1,0,0,0,0,,,,
11:49:51,23311.3,23360.55,23305.05,NARROW,23360.55,23286.6,0.334,CHOPPY,STRONG_SELL_PREMIUM,RANGE,NO_TRADE,NO_TRADE:CHOPPY_MARKET,24.5,1,37.6,NONE,2,1,0,0,0,0,,,,
11:50:06,23309.5,23360.55,23305.05,NARROW,23360.55,23286.6,0.310,CHOPPY,STRONG_SELL_PREMIUM,RANGE,NO_TRADE,NO_TRADE:CHOPPY_MARKET,22.1,1,37.57,NONE,2,1,0,0,0,0,,,,
11:50:21,23311.1,23360.55,23305.05,NARROW,23360.55,23286.6,0.331,CHOPPY,STRONG_SELL_PREMIUM,RANGE,NO_TRADE,NO_TRADE:CHOPPY_MARKET,22.1,1,37.54,NONE,2,1,0,0,0,0,,,,
11:50:36,23311.85,23360.55,23305.05,NARROW,23360.55,23286.6,0.341,CHOPPY,STRONG_SELL_PREMIUM,RANGE,NO_TRADE,NO_TRADE:CHOPPY_MARKET,22.1,1,37.51,NONE,2,1,0,0,0,0,,,,
11:50:51,23311.6,23360.55,23305.05,NARROW,23360.55,23286.6,0.338,CHOPPY,STRONG_SELL_PREMIUM,RANGE,NO_TRADE,NO_TRADE:CHOPPY_MARKET,22.1,1,37.48,NONE,2,1,0,0,0,0,,,,
11:51:06,23311.8,23360.55,23305.05,NARROW,23360.55,23286.6,0.341,CHOPPY,STRONG_SELL_PREMIUM,RANGE,NO_TRADE,NO_TRADE:CHOPPY_MARKET,22.1,1,37.45,NONE,2,1,0,0,0,0,,,,
11:51:21,23308.1,23360.55,23305.05,NARROW,23360.55,23286.6,0.291,CHOPPY,STRONG_SELL_PREMIUM,RANGE,NO_TRADE,NO_TRADE:CHOPPY_MARKET,22.1,1,37.42,NONE,2,1,0,0,0,0,,,,
11:51:36,23308.3,23360.55,23305.05,NARROW,23360.55,23286.6,0.293,CHOPPY,STRONG_SELL_PREMIUM,RANGE,NO_TRADE,NO_TRADE:CHOPPY_MARKET,22.1,1,37.39,NONE,2,1,0,0,0,0,,,,
11:51:51,23309.55,23360.55,23305.05,NARROW,23360.55,23286.6,0.310,CHOPPY,STRONG_SELL_PREMIUM,RANGE,NO_TRADE,NO_TRADE:CHOPPY_MARKET,22.1,1,37.36,NONE,2,1,0,0,0,0,,,,
11:52:06,23314.4,23360.55,23305.05,NARROW,23360.55,23286.6,0.376,CHOPPY,STRONG_SELL_PREMIUM,RANGE,NO_TRADE,NO_TRADE:CHOPPY_MARKET,23.66,1,37.33,NONE,2,1,0,0,0,0,,,,
11:52:21,23316.1,23360.55,23305.05,NARROW,23360.55,23286.6,0.399,CHOPPY,STRONG_SELL_PREMIUM,RANGE,NO_TRADE,NO_TRADE:CHOPPY_MARKET,23.66,1,37.3,NONE,2,1,0,0,0,0,,,,
11:52:36,23318.3,23360.55,23305.05,NARROW,23360.55,23286.6,0.429,CHOPPY,STRONG_SELL_PREMIUM,RANGE,NO_TRADE,NO_TRADE:CHOPPY_MARKET,23.66,1,37.27,NONE,2,1,0,0,0,0,,,,
11:52:51,23319.05,23360.55,23305.05,NARROW,23360.55,23286.6,0.439,CHOPPY,STRONG_SELL_PREMIUM,RANGE,NO_TRADE,NO_TRADE:CHOPPY_MARKET,23.66,1,37.24,NONE,2,1,0,0,0,0,,,,
11:53:07,23319.45,23360.55,23305.05,NARROW,23360.55,23286.6,0.444,CHOPPY,STRONG_SELL_PREMIUM,RANGE,NO_TRADE,NO_TRADE:CHOPPY_MARKET,24.27,1,37.21,NONE,2,1,0,0,0,0,,,,
11:53:22,23318.7,23360.55,23305.05,NARROW,23360.55,23286.6,0.434,CHOPPY,STRONG_SELL_PREMIUM,RANGE,NO_TRADE,NO_TRADE:CHOPPY_MARKET,24.27,1,37.18,NONE,2,1,0,0,0,0,,,,
11:53:37,23322.6,23360.55,23305.05,NARROW,23360.55,23286.6,0.487,CHOPPY,STRONG_SELL_PREMIUM,RANGE,NO_TRADE,NO_TRADE:CHOPPY_MARKET,24.27,1,37.15,NONE,2,1,0,0,0,0,,,,
11:53:53,23322.05,23360.55,23305.05,NARROW,23360.55,23286.6,0.479,CHOPPY,STRONG_SELL_PREMIUM,RANGE,NO_TRADE,NO_TRADE:CHOPPY_MARKET,24.27,1,37.12,NONE,2,1,0,0,0,0,NO_TRADE,,NO_TRADE:CHOPPY_MARKET,
11:54:08,23321.4,23360.55,23305.05,NARROW,23360.55,23286.6,0.471,CHOPPY,STRONG_SELL_PREMIUM,RANGE,NO_TRADE,NO_TRADE:CHOPPY_MARKET,24.35,1,37.09,NONE,2,1,0,0,0,0,NO_TRADE,,NO_TRADE:CHOPPY_MARKET,
11:54:23,23323.65,23360.55,23305.05,NARROW,23360.55,23286.6,0.501,CHOPPY,STRONG_SELL_PREMIUM,RANGE,NO_TRADE,NO_TRADE:CHOPPY_MARKET,24.35,1,37.06,NONE,2,1,0,0,0,0,NO_TRADE,,NO_TRADE:CHOPPY_MARKET,
11:54:38,23322.25,23360.55,23305.05,NARROW,23360.55,23286.6,0.482,CHOPPY,STRONG_SELL_PREMIUM,RANGE,NO_TRADE,NO_TRADE:CHOPPY_MARKET,24.35,1,37.04,NONE,2,1,0,0,0,0,NO_TRADE,,NO_TRADE:CHOPPY_MARKET,
11:54:53,23321.25,23360.55,23305.05,NARROW,23360.55,23286.6,0.469,CHOPPY,STRONG_SELL_PREMIUM,RANGE,NO_TRADE,NO_TRADE:CHOPPY_MARKET,24.35,1,37.01,NONE,2,1,0,0,0,0,NO_TRADE,,NO_TRADE:CHOPPY_MARKET,
11:55:08,23319.8,23360.55,23305.05,NARROW,23360.55,23286.6,0.449,CHOPPY,STRONG_SELL_PREMIUM,RANGE,NO_TRADE,NO_TRADE:CHOPPY_MARKET,24.21,1,36.98,NONE,2,1,0,0,0,0,NO_TRADE,,NO_TRADE:CHOPPY_MARKET,
11:55:23,23320.95,23360.55,23305.05,NARROW,23360.55,23286.6,0.465,CHOPPY,STRONG_SELL_PREMIUM,RANGE,NO_TRADE,NO_TRADE:CHOPPY_MARKET,24.21,1,36.95,NONE,2,1,0,0,0,0,NO_TRADE,,NO_TRADE:CHOPPY_MARKET,
11:55:38,23321.1,23360.55,23305.05,NARROW,23360.55,23286.6,0.467,CHOPPY,STRONG_SELL_PREMIUM,RANGE,NO_TRADE,NO_TRADE:CHOPPY_MARKET,24.21,1,36.92,NONE,2,1,0,0,0,0,NO_TRADE,,NO_TRADE:CHOPPY_MARKET,
11:55:53,23318.0,23360.55,23305.05,NARROW,23360.55,23286.6,0.425,CHOPPY,STRONG_SELL_PREMIUM,RANGE,NO_TRADE,NO_TRADE:CHOPPY_MARKET,24.21,1,36.89,NONE,2,1,0,0,0,0,NO_TRADE,,NO_TRADE:CHOPPY_MARKET,
11:56:08,23317.75,23360.55,23305.05,NARROW,23360.55,23286.6,0.421,CHOPPY,STRONG_SELL_PREMIUM,RANGE,NO_TRADE,NO_TRADE:CHOPPY_MARKET,24.21,1,36.86,NONE,2,0,0,0,0,0,NO_TRADE,,NO_TRADE:CHOPPY_MARKET,
11:56:23,23317.65,23360.55,23305.05,NARROW,23360.55,23286.6,0.420,CHOPPY,STRONG_SELL_PREMIUM,RANGE,NO_TRADE,NO_TRADE:CHOPPY_MARKET,24.21,1,36.83,NONE,2,0,0,0,0,0,NO_TRADE,,NO_TRADE:CHOPPY_MARKET,
11:56:38,23318.85,23360.55,23305.05,NARROW,23360.55,23286.6,0.436,RANGE,STRONG_SELL_PREMIUM,RANGE,PREMIUM_SELL_RANGE,RANGE_RANGE_NARROW,24.21,1,36.8,HIGH,2,0,0,0,0,0,NO_TRADE,,entry_cooldown_7min_remaining,
11:56:53,23318.8,23360.55,23305.05,NARROW,23360.55,23286.6,0.435,RANGE,STRONG_SELL_PREMIUM,RANGE,PREMIUM_SELL_RANGE,RANGE_RANGE_NARROW,24.21,1,36.78,HIGH,2,0,0,0,0,0,NO_TRADE,,entry_cooldown_7min_remaining,
11:57:08,23318.8,23360.55,23305.05,NARROW,23360.55,23286.6,0.435,RANGE,STRONG_SELL_PREMIUM,RANGE,PREMIUM_SELL_RANGE,RANGE_RANGE_NARROW,24.53,1,36.75,HIGH,2,0,0,0,0,0,NO_TRADE,,entry_cooldown_6min_remaining,
11:57:23,23321.6,23360.55,23305.05,NARROW,23360.55,23286.6,0.473,RANGE,STRONG_SELL_PREMIUM,RANGE,PREMIUM_SELL_RANGE,RANGE_RANGE_NARROW,24.53,1,36.72,HIGH,2,0,0,0,0,0,NO_TRADE,,entry_cooldown_6min_remaining,
11:57:39,23324.65,23360.55,23305.05,NARROW,23360.55,23286.6,0.515,RANGE,STRONG_SELL_PREMIUM,RANGE,PREMIUM_SELL_RANGE,RANGE_RANGE_NARROW,24.53,1,36.69,HIGH,2,0,0,0,0,0,NO_TRADE,,entry_cooldown_6min_remaining,
11:57:53,23325.2,23360.55,23305.05,NARROW,23360.55,23286.6,0.522,RANGE,STRONG_SELL_PREMIUM,RANGE,PREMIUM_SELL_RANGE,RANGE_RANGE_NARROW,24.53,1,36.66,HIGH,2,0,0,0,0,0,NO_TRADE,,entry_cooldown_6min_remaining,
11:58:09,23329.75,23360.55,23305.05,NARROW,23360.55,23286.6,0.584,RANGE,STRONG_SELL_PREMIUM,RANGE,PREMIUM_SELL_RANGE,RANGE_RANGE_NARROW,25.25,1,36.63,HIGH,2,0,0,0,0,0,NO_TRADE,,entry_cooldown_5min_remaining,
11:58:24,23323.85,23360.55,23305.05,NARROW,23360.55,23286.6,0.504,RANGE,STRONG_SELL_PREMIUM,RANGE,PREMIUM_SELL_RANGE,RANGE_RANGE_NARROW,25.25,1,36.61,HIGH,2,0,0,0,0,0,NO_TRADE,,entry_cooldown_5min_remaining,
11:58:39,23324.15,23360.55,23305.05,NARROW,23360.55,23286.6,0.508,RANGE,STRONG_SELL_PREMIUM,RANGE,PREMIUM_SELL_RANGE,RANGE_RANGE_NARROW,25.25,1,36.58,HIGH,2,0,0,0,0,0,NO_TRADE,,entry_cooldown_5min_remaining,
11:58:54,23325.0,23360.55,23305.05,NARROW,23360.55,23286.6,0.519,RANGE,STRONG_SELL_PREMIUM,RANGE,PREMIUM_SELL_RANGE,RANGE_RANGE_NARROW,25.25,1,36.55,HIGH,2,0,0,0,0,0,NO_TRADE,,entry_cooldown_5min_remaining,
11:59:09,23322.8,23360.55,23305.05,NARROW,23360.55,23286.6,0.490,RANGE,STRONG_SELL_PREMIUM,RANGE,PREMIUM_SELL_RANGE,RANGE_RANGE_NARROW,25.25,1,36.52,HIGH,2,0,0,0,0,0,NO_TRADE,,entry_cooldown_4min_remaining,
11:59:24,23322.0,23360.55,23305.05,NARROW,23360.55,23286.6,0.479,RANGE,STRONG_SELL_PREMIUM,RANGE,PREMIUM_SELL_RANGE,RANGE_RANGE_NARROW,25.25,1,36.49,HIGH,2,0,0,0,0,0,NO_TRADE,,entry_cooldown_4min_remaining,
11:59:39,23320.25,23360.55,23305.05,NARROW,23360.55,23286.6,0.455,RANGE,STRONG_SELL_PREMIUM,RANGE,PREMIUM_SELL_RANGE,RANGE_RANGE_NARROW,25.25,1,36.47,HIGH,2,0,0,0,0,0,NO_TRADE,,entry_cooldown_4min_remaining,
11:59:54,23319.15,23360.55,23305.05,NARROW,23360.55,23286.6,0.440,RANGE,STRONG_SELL_PREMIUM,RANGE,PREMIUM_SELL_RANGE,RANGE_RANGE_NARROW,25.25,1,36.44,HIGH,2,0,0,0,0,0,NO_TRADE,,entry_cooldown_4min_remaining,
12:00:09,23317.7,23360.55,23305.05,NARROW,23360.55,23286.6,0.421,RANGE,STRONG_SELL_PREMIUM,RANGE,PREMIUM_SELL_RANGE,RANGE_RANGE_NARROW,26.07,1,36.41,HIGH,2,0,0,0,0,0,NO_TRADE,,entry_cooldown_3min_remaining,
12:00:24,23318.4,23360.55,23305.05,NARROW,23360.55,23286.6,0.430,RANGE,STRONG_SELL_PREMIUM,RANGE,PREMIUM_SELL_RANGE,RANGE_RANGE_NARROW,26.07,1,36.38,HIGH,2,0,0,0,0,0,NO_TRADE,,entry_cooldown_3min_remaining,
12:00:40,23326.55,23360.55,23305.05,NARROW,23360.55,23286.6,0.540,RANGE,STRONG_SELL_PREMIUM,RANGE,PREMIUM_SELL_RANGE,RANGE_RANGE_NARROW,26.07,1,36.35,HIGH,2,0,0,0,0,0,NO_TRADE,,entry_cooldown_3min_remaining,
12:00:54,23329.75,23360.55,23305.05,NARROW,23360.55,23286.6,0.584,RANGE,STRONG_SELL_PREMIUM,RANGE,PREMIUM_SELL_RANGE,RANGE_RANGE_NARROW,26.07,1,36.33,HIGH,2,0,0,0,0,0,NO_TRADE,,entry_cooldown_3min_remaining,
12:01:10,23328.05,23360.55,23305.05,NARROW,23360.55,23286.6,0.561,RANGE,STRONG_SELL_PREMIUM,RANGE,PREMIUM_SELL_RANGE,RANGE_RANGE_NARROW,26.07,1,36.3,HIGH,2,0,0,0,0,0,NO_TRADE,,entry_cooldown_2min_remaining,
12:01:25,23327.15,23360.55,23305.05,NARROW,23360.55,23286.6,0.548,RANGE,STRONG_SELL_PREMIUM,RANGE,PREMIUM_SELL_RANGE,RANGE_RANGE_NARROW,26.07,1,36.27,HIGH,2,0,0,0,0,0,NO_TRADE,,entry_cooldown_2min_remaining,
12:01:40,23326.0,23360.55,23305.05,NARROW,23360.55,23286.6,0.533,RANGE,STRONG_SELL_PREMIUM,RANGE,PREMIUM_SELL_RANGE,RANGE_RANGE_NARROW,26.07,1,36.25,HIGH,2,0,0,0,0,0,NO_TRADE,,entry_cooldown_2min_remaining,
12:01:55,23325.7,23360.55,23305.05,NARROW,23360.55,23286.6,0.529,RANGE,STRONG_SELL_PREMIUM,RANGE,PREMIUM_SELL_RANGE,RANGE_RANGE_NARROW,26.07,1,36.22,HIGH,2,0,0,0,0,0,NO_TRADE,,entry_cooldown_2min_remaining,
12:02:10,23325.45,23360.55,23305.05,NARROW,23360.55,23286.6,0.525,RANGE,STRONG_SELL_PREMIUM,RANGE,PREMIUM_SELL_RANGE,RANGE_RANGE_NARROW,26.07,1,36.19,HIGH,2,0,0,0,0,0,NO_TRADE,,entry_cooldown_1min_remaining,
12:02:25,23327.45,23360.55,23305.05,NARROW,23360.55,23286.6,0.552,RANGE,STRONG_SELL_PREMIUM,RANGE,PREMIUM_SELL_RANGE,RANGE_RANGE_NARROW,26.07,1,36.16,HIGH,2,0,0,0,0,0,NO_TRADE,,entry_cooldown_1min_remaining,
12:02:40,23327.15,23360.55,23305.05,NARROW,23360.55,23286.6,0.548,RANGE,STRONG_SELL_PREMIUM,RANGE,PREMIUM_SELL_RANGE,RANGE_RANGE_NARROW,26.07,1,36.14,HIGH,2,0,0,0,0,0,NO_TRADE,,entry_cooldown_1min_remaining,
12:02:55,23325.3,23360.55,23305.05,NARROW,23360.55,23286.6,0.523,RANGE,STRONG_SELL_PREMIUM,RANGE,PREMIUM_SELL_RANGE,RANGE_RANGE_NARROW,26.07,1,36.11,HIGH,2,0,0,0,0,0,NO_TRADE,,entry_cooldown_1min_remaining,
12:03:10,23324.35,23360.55,23305.05,NARROW,23360.55,23286.6,0.510,RANGE,STRONG_SELL_PREMIUM,RANGE,PREMIUM_SELL_RANGE,RANGE_RANGE_NARROW,26.07,1,36.08,HIGH,2,0,0,0,0,0,NO_TRADE,,entry_cooldown_0min_remaining,
12:03:25,23323.95,23360.55,23305.05,NARROW,23360.55,23286.6,0.505,RANGE,STRONG_SELL_PREMIUM,RANGE,PREMIUM_SELL_RANGE,RANGE_RANGE_NARROW,26.07,1,36.06,HIGH,2,0,0,0,0,0,NO_TRADE,,entry_cooldown_0min_remaining,
12:03:40,23320.75,23360.55,23305.05,NARROW,23360.55,23286.6,0.462,RANGE,STRONG_SELL_PREMIUM,RANGE,PREMIUM_SELL_RANGE,RANGE_RANGE_NARROW,26.07,1,36.03,HIGH,2,0,0,0,0,0,NO_TRADE,,no_material_change_since_exit_2pts_lt_28pts_needed,
12:03:55,23322.75,23360.55,23305.05,NARROW,23360.55,23286.6,0.489,RANGE,STRONG_SELL_PREMIUM,RANGE,PREMIUM_SELL_RANGE,RANGE_RANGE_NARROW,26.07,1,36.0,HIGH,2,0,0,0,0,0,NO_TRADE,,no_material_change_since_exit_0pts_lt_28pts_needed,
12:04:10,23320.15,23360.55,23305.05,NARROW,23360.55,23286.6,0.454,RANGE,STRONG_SELL_PREMIUM,RANGE,PREMIUM_SELL_RANGE,RANGE_RANGE_NARROW,25.17,1,35.98,HIGH,2,0,0,0,0,0,NO_TRADE,,no_material_change_since_exit_2pts_lt_28pts_needed,
12:04:25,23316.85,23360.55,23305.05,NARROW,23360.55,23286.6,0.409,RANGE,STRONG_SELL_PREMIUM,RANGE,PREMIUM_SELL_RANGE,RANGE_RANGE_NARROW,25.17,1,35.95,HIGH,2,0,0,0,0,0,NO_TRADE,,no_material_change_since_exit_6pts_lt_28pts_needed,
12:04:40,23314.75,23360.55,23305.05,NARROW,23360.55,23286.6,0.381,RANGE,STRONG_SELL_PREMIUM,RANGE,PREMIUM_SELL_RANGE,RANGE_RANGE_NARROW,25.17,1,35.92,HIGH,2,0,0,0,0,0,NO_TRADE,,no_material_change_since_exit_8pts_lt_28pts_needed,
12:04:55,23313.15,23360.55,23305.05,NARROW,23360.55,23286.6,0.359,RANGE,STRONG_SELL_PREMIUM,RANGE,PREMIUM_SELL_RANGE,RANGE_RANGE_NARROW,25.17,1,35.9,HIGH,2,0,0,0,0,0,NO_TRADE,,no_material_change_since_exit_9pts_lt_28pts_needed,
12:05:10,23313.35,23360.55,23305.05,NARROW,23360.55,23286.6,0.362,RANGE,STRONG_SELL_PREMIUM,RANGE,PREMIUM_SELL_RANGE,RANGE_RANGE_NARROW,24.61,1,35.87,HIGH,2,0,0,0,0,0,NO_TRADE,,no_material_change_since_exit_9pts_lt_28pts_needed,
12:05:25,23313.65,23360.55,23305.05,NARROW,23360.55,23286.6,0.366,RANGE,STRONG_SELL_PREMIUM,RANGE,PREMIUM_SELL_RANGE,RANGE_RANGE_NARROW,24.61,1,35.84,HIGH,2,0,0,0,0,0,NO_TRADE,,no_material_change_since_exit_9pts_lt_28pts_needed,
12:05:40,23312.9,23360.55,23305.05,NARROW,23360.55,23286.6,0.356,RANGE,STRONG_SELL_PREMIUM,RANGE,PREMIUM_SELL_RANGE,RANGE_RANGE_NARROW,24.61,1,35.82,HIGH,2,0,0,0,0,0,NO_TRADE,,no_material_change_since_exit_10pts_lt_28pts_needed,
12:05:55,23311.4,23360.55,23305.05,NARROW,23360.55,23286.6,0.335,RANGE,STRONG_SELL_PREMIUM,RANGE,PREMIUM_SELL_RANGE,RANGE_RANGE_NARROW,24.61,1,35.79,HIGH,2,0,0,0,0,0,NO_TRADE,,no_material_change_since_exit_11pts_lt_28pts_needed,
12:06:10,23310.0,23360.55,23305.05,NARROW,23360.55,23286.6,0.316,RANGE,STRONG_SELL_PREMIUM,RANGE,PREMIUM_SELL_RANGE,RANGE_RANGE_NARROW,23.94,1,35.76,HIGH,2,0,0,0,0,0,NO_TRADE,,no_material_change_since_exit_13pts_lt_28pts_needed,
12:06:25,23311.5,23360.55,23305.05,NARROW,23360.55,23286.6,0.337,RANGE,STRONG_SELL_PREMIUM,RANGE,PREMIUM_SELL_RANGE,RANGE_RANGE_NARROW,23.94,1,35.74,HIGH,2,0,0,0,0,0,NO_TRADE,,no_material_change_since_exit_11pts_lt_28pts_needed,
12:06:40,23312.65,23360.55,23305.05,NARROW,23360.55,23286.6,0.352,RANGE,STRONG_SELL_PREMIUM,RANGE,PREMIUM_SELL_RANGE,RANGE_RANGE_NARROW,23.94,1,35.71,HIGH,2,0,0,0,0,0,NO_TRADE,,no_material_change_since_exit_10pts_lt_28pts_needed,
12:06:55,23313.6,23360.55,23305.05,NARROW,23360.55,23286.6,0.365,RANGE,STRONG_SELL_PREMIUM,RANGE,PREMIUM_SELL_RANGE,RANGE_RANGE_NARROW,23.94,1,35.69,HIGH,2,0,0,0,0,0,NO_TRADE,,no_material_change_since_exit_9pts_lt_28pts_needed,
12:07:10,23314.9,23360.55,23305.05,NARROW,23360.55,23286.6,0.383,RANGE,STRONG_SELL_PREMIUM,RANGE,PREMIUM_SELL_RANGE,RANGE_RANGE_NARROW,23.94,1,35.66,HIGH,2,0,0,0,0,0,NO_TRADE,,no_material_change_since_exit_8pts_lt_28pts_needed,
12:07:25,23316.25,23360.55,23305.05,NARROW,23360.55,23286.6,0.401,RANGE,STRONG_SELL_PREMIUM,RANGE,PREMIUM_SELL_RANGE,RANGE_RANGE_NARROW,23.94,1,35.63,HIGH,2,0,0,0,0,0,NO_TRADE,,no_material_change_since_exit_6pts_lt_28pts_needed,
12:07:40,23315.45,23360.55,23305.05,NARROW,23360.55,23286.6,0.390,RANGE,STRONG_SELL_PREMIUM,RANGE,PREMIUM_SELL_RANGE,RANGE_RANGE_NARROW,23.94,1,35.61,HIGH,2,0,0,0,0,0,NO_TRADE,,no_material_change_since_exit_7pts_lt_28pts_needed,
12:07:55,23315.65,23360.55,23305.05,NARROW,23360.55,23286.6,0.393,RANGE,STRONG_SELL_PREMIUM,RANGE,PREMIUM_SELL_RANGE,RANGE_RANGE_NARROW,23.94,1,35.58,HIGH,2,0,0,0,0,0,NO_TRADE,,no_material_change_since_exit_7pts_lt_28pts_needed,
12:08:10,23314.9,23360.55,23305.05,NARROW,23360.55,23286.6,0.383,RANGE,STRONG_SELL_PREMIUM,RANGE,PREMIUM_SELL_RANGE,RANGE_RANGE_NARROW,23.94,1,35.56,HIGH,2,0,0,0,0,0,NO_TRADE,,no_material_change_since_exit_8pts_lt_28pts_needed,
12:08:25,23314.95,23360.55,23305.05,NARROW,23360.55,23286.6,0.383,RANGE,STRONG_SELL_PREMIUM,RANGE,PREMIUM_SELL_RANGE,RANGE_RANGE_NARROW,23.94,1,35.53,HIGH,2,0,0,0,0,0,NO_TRADE,,no_material_change_since_exit_8pts_lt_28pts_needed,
12:08:40,23311.15,23360.55,23305.05,NARROW,23360.55,23286.6,0.332,RANGE,STRONG_SELL_PREMIUM,RANGE,PREMIUM_SELL_RANGE,RANGE_RANGE_NARROW,23.94,1,35.51,HIGH,2,0,0,0,0,0,NO_TRADE,,no_material_change_since_exit_11pts_lt_28pts_needed,
12:08:56,23311.25,23360.55,23305.05,NARROW,23360.55,23286.6,0.333,RANGE,STRONG_SELL_PREMIUM,RANGE,PREMIUM_SELL_RANGE,RANGE_RANGE_NARROW,23.94,1,35.48,HIGH,2,0,0,0,0,0,NO_TRADE,,no_material_change_since_exit_11pts_lt_28pts_needed,
12:09:11,23308.55,23360.55,23305.05,NARROW,23360.55,23286.6,0.297,RANGE,STRONG_SELL_PREMIUM,RANGE,PREMIUM_SELL_RANGE,RANGE_RANGE_NARROW,23.94,1,35.45,HIGH,2,0,0,0,0,0,NO_TRADE,,no_material_change_since_exit_14pts_lt_28pts_needed,
12:09:26,23310.7,23360.55,23305.05,NARROW,23360.55,23286.6,0.326,RANGE,STRONG_SELL_PREMIUM,RANGE,PREMIUM_SELL_RANGE,RANGE_RANGE_NARROW,23.94,1,35.43,HIGH,2,0,0,0,0,0,NO_TRADE,,no_material_change_since_exit_12pts_lt_28pts_needed,
12:09:41,23311.15,23360.55,23305.05,NARROW,23360.55,23286.6,0.332,RANGE,STRONG_SELL_PREMIUM,RANGE,PREMIUM_SELL_RANGE,RANGE_RANGE_NARROW,23.94,1,35.4,HIGH,2,0,0,0,0,0,NO_TRADE,,no_material_change_since_exit_11pts_lt_28pts_needed,
12:09:56,23311.5,23360.55,23305.05,NARROW,23360.55,23286.6,0.337,RANGE,STRONG_SELL_PREMIUM,RANGE,PREMIUM_SELL_RANGE,RANGE_RANGE_NARROW,23.94,1,35.38,HIGH,2,0,0,0,0,0,NO_TRADE,,no_material_change_since_exit_11pts_lt_28pts_needed,
12:10:11,23314.5,23360.55,23305.05,NARROW,23360.55,23286.6,0.377,RANGE,STRONG_SELL_PREMIUM,RANGE,PREMIUM_SELL_RANGE,RANGE_RANGE_NARROW,22.83,1,35.35,HIGH,2,0,0,0,0,0,NO_TRADE,,no_material_change_since_exit_8pts_lt_28pts_needed,
12:10:26,23315.55,23360.55,23305.05,NARROW,23360.55,23286.6,0.391,RANGE,STRONG_SELL_PREMIUM,RANGE,PREMIUM_SELL_RANGE,RANGE_RANGE_NARROW,22.83,1,35.33,HIGH,2,0,0,0,0,0,NO_TRADE,,no_material_change_since_exit_7pts_lt_28pts_needed,
12:10:41,23312.5,23360.55,23305.05,NARROW,23360.55,23286.6,0.350,RANGE,STRONG_SELL_PREMIUM,RANGE,PREMIUM_SELL_RANGE,RANGE_RANGE_NARROW,22.83,1,35.3,HIGH,2,0,0,0,0,0,NO_TRADE,,no_material_change_since_exit_10pts_lt_28pts_needed,
12:10:56,23313.65,23360.55,23305.05,NARROW,23360.55,23286.6,0.366,RANGE,STRONG_SELL_PREMIUM,RANGE,PREMIUM_SELL_RANGE,RANGE_RANGE_NARROW,22.83,1,35.28,HIGH,2,0,0,0,0,0,NO_TRADE,,no_material_change_since_exit_9pts_lt_28pts_needed,
12:11:11,23314.4,23360.55,23305.05,NARROW,23360.55,23286.6,0.376,RANGE,STRONG_SELL_PREMIUM,RANGE,PREMIUM_SELL_RANGE,RANGE_RANGE_NARROW,22.84,1,35.25,HIGH,2,0,0,0,0,0,NO_TRADE,,no_material_change_since_exit_8pts_lt_28pts_needed,
12:11:26,23314.45,23360.55,23305.05,NARROW,23360.55,23286.6,0.377,RANGE,STRONG_SELL_PREMIUM,RANGE,PREMIUM_SELL_RANGE,RANGE_RANGE_NARROW,22.84,1,35.23,HIGH,2,0,0,0,0,0,NO_TRADE,,no_material_change_since_exit_8pts_lt_28pts_needed,
12:11:41,23313.9,23360.55,23305.05,NARROW,23360.55,23286.6,0.369,RANGE,STRONG_SELL_PREMIUM,RANGE,PREMIUM_SELL_RANGE,RANGE_RANGE_NARROW,22.84,1,35.2,HIGH,2,0,0,0,0,0,NO_TRADE,,no_material_change_since_exit_9pts_lt_28pts_needed,
12:11:56,23318.55,23360.55,23305.05,NARROW,23360.55,23286.6,0.432,RANGE,STRONG_SELL_PREMIUM,RANGE,PREMIUM_SELL_RANGE,RANGE_RANGE_NARROW,22.84,1,35.18,HIGH,2,0,0,0,0,0,NO_TRADE,,no_material_change_since_exit_4pts_lt_28pts_needed,
12:12:11,23319.75,23360.55,23305.05,NARROW,23360.55,23286.6,0.448,RANGE,STRONG_SELL_PREMIUM,RANGE,PREMIUM_SELL_RANGE,RANGE_RANGE_NARROW,23.59,1,35.15,HIGH,2,0,0,0,0,0,NO_TRADE,,no_material_change_since_exit_3pts_lt_28pts_needed,
12:12:26,23317.85,23360.55,23305.05,NARROW,23360.55,23286.6,0.423,RANGE,STRONG_SELL_PREMIUM,RANGE,PREMIUM_SELL_RANGE,RANGE_RANGE_NARROW,23.59,1,35.13,HIGH,2,0,0,0,0,0,NO_TRADE,,no_material_change_since_exit_5pts_lt_28pts_needed,
12:12:41,23320.45,23360.55,23305.05,NARROW,23360.55,23286.6,0.458,RANGE,STRONG_SELL_PREMIUM,RANGE,PREMIUM_SELL_RANGE,RANGE_RANGE_NARROW,23.59,1,35.1,HIGH,2,0,0,0,0,0,NO_TRADE,,no_material_change_since_exit_2pts_lt_28pts_needed,
12:12:56,23320.15,23360.55,23305.05,NARROW,23360.55,23286.6,0.454,RANGE,STRONG_SELL_PREMIUM,RANGE,PREMIUM_SELL_RANGE,RANGE_RANGE_NARROW,23.59,1,35.08,HIGH,2,0,0,0,0,0,NO_TRADE,,no_material_change_since_exit_2pts_lt_28pts_needed,
12:13:11,23320.6,23360.55,23305.05,NARROW,23360.55,23286.6,0.460,RANGE,STRONG_SELL_PREMIUM,RANGE,PREMIUM_SELL_RANGE,RANGE_RANGE_NARROW,23.66,1,35.05,HIGH,2,0,0,0,0,0,NO_TRADE,,no_material_change_since_exit_2pts_lt_28pts_needed,
12:13:26,23321.05,23360.55,23305.05,NARROW,23360.55,23286.6,0.466,RANGE,STRONG_SELL_PREMIUM,RANGE,PREMIUM_SELL_RANGE,RANGE_RANGE_NARROW,23.66,1,35.03,HIGH,2,0,0,0,0,0,NO_TRADE,,no_material_change_since_exit_2pts_lt_28pts_needed,
12:13:41,23321.1,23360.55,23305.05,NARROW,23360.55,23286.6,0.467,RANGE,STRONG_SELL_PREMIUM,RANGE,PREMIUM_SELL_RANGE,RANGE_RANGE_NARROW,23.66,1,35.0,HIGH,2,0,0,0,0,0,NO_TRADE,,no_material_change_since_exit_2pts_lt_28pts_needed,
12:13:56,23322.95,23360.55,23305.05,NARROW,23360.55,23286.6,0.492,RANGE,STRONG_SELL_PREMIUM,RANGE,PREMIUM_SELL_RANGE,RANGE_RANGE_NARROW,23.66,1,34.98,HIGH,2,0,0,0,0,0,NO_TRADE,,no_material_change_since_exit_0pts_lt_28pts_needed,
12:14:11,23321.9,23360.55,23305.05,NARROW,23360.55,23286.6,0.477,RANGE,STRONG_SELL_PREMIUM,RANGE,PREMIUM_SELL_RANGE,RANGE_RANGE_NARROW,23.66,1,34.96,HIGH,2,0,0,0,0,0,NO_TRADE,,no_material_change_since_exit_1pts_lt_28pts_needed,
12:14:26,23321.55,23360.55,23305.05,NARROW,23360.55,23286.6,0.473,RANGE,STRONG_SELL_PREMIUM,RANGE,PREMIUM_SELL_RANGE,RANGE_RANGE_NARROW,23.66,1,34.93,HIGH,2,0,0,0,0,0,NO_TRADE,,no_material_change_since_exit_1pts_lt_28pts_needed,
12:14:41,23319.95,23360.55,23305.05,NARROW,23360.55,23286.6,0.451,RANGE,STRONG_SELL_PREMIUM,RANGE,PREMIUM_SELL_RANGE,RANGE_RANGE_NARROW,23.66,1,34.91,HIGH,2,0,0,0,0,0,NO_TRADE,,no_material_change_since_exit_3pts_lt_28pts_needed,
12:14:56,23320.4,23360.55,23305.05,NARROW,23360.55,23286.6,0.457,RANGE,STRONG_SELL_PREMIUM,RANGE,PREMIUM_SELL_RANGE,RANGE_RANGE_NARROW,23.66,1,34.88,HIGH,2,0,0,0,0,0,NO_TRADE,,no_material_change_since_exit_2pts_lt_28pts_needed,
12:15:11,23320.6,23360.55,23305.05,NARROW,23360.55,23286.6,0.460,RANGE,STRONG_SELL_PREMIUM,RANGE,PREMIUM_SELL_RANGE,RANGE_RANGE_NARROW,23.4,1,34.86,HIGH,2,0,0,0,0,0,NO_TRADE,,no_material_change_since_exit_2pts_lt_28pts_needed,
12:15:26,23319.65,23360.55,23305.05,NARROW,23360.55,23286.6,0.447,RANGE,STRONG_SELL_PREMIUM,RANGE,PREMIUM_SELL_RANGE,RANGE_RANGE_NARROW,23.4,1,34.83,HIGH,2,0,0,0,0,0,NO_TRADE,,no_material_change_since_exit_3pts_lt_28pts_needed,
12:15:41,23318.9,23360.55,23305.05,NARROW,23360.55,23286.6,0.437,RANGE,STRONG_SELL_PREMIUM,RANGE,PREMIUM_SELL_RANGE,RANGE_RANGE_NARROW,23.4,1,34.81,HIGH,2,0,0,0,0,0,NO_TRADE,,no_material_change_since_exit_4pts_lt_28pts_needed,
12:15:56,23318.8,23360.55,23305.05,NARROW,23360.55,23286.6,0.435,RANGE,STRONG_SELL_PREMIUM,RANGE,PREMIUM_SELL_RANGE,RANGE_RANGE_NARROW,23.4,1,34.79,HIGH,2,0,0,0,0,0,NO_TRADE,,no_material_change_since_exit_4pts_lt_28pts_needed,
12:16:11,23320.7,23360.55,23305.05,NARROW,23360.55,23286.6,0.461,RANGE,STRONG_SELL_PREMIUM,RANGE,PREMIUM_SELL_RANGE,RANGE_RANGE_NARROW,23.4,1,34.76,HIGH,2,0,0,0,0,0,NO_TRADE,,no_material_change_since_exit_2pts_lt_28pts_needed,
12:16:26,23321.55,23360.55,23305.05,NARROW,23360.55,23286.6,0.473,RANGE,STRONG_SELL_PREMIUM,RANGE,PREMIUM_SELL_RANGE,RANGE_RANGE_NARROW,23.4,1,34.74,HIGH,2,0,0,0,0,0,NO_TRADE,,no_material_change_since_exit_1pts_lt_28pts_needed,
12:16:41,23319.8,23360.55,23305.05,NARROW,23360.55,23286.6,0.449,RANGE,STRONG_SELL_PREMIUM,RANGE,PREMIUM_SELL_RANGE,RANGE_RANGE_NARROW,23.4,1,34.71,HIGH,2,0,0,0,0,0,NO_TRADE,,no_material_change_since_exit_3pts_lt_28pts_needed,
12:16:56,23320.35,23360.55,23305.05,NARROW,23360.55,23286.6,0.456,RANGE,STRONG_SELL_PREMIUM,RANGE,PREMIUM_SELL_RANGE,RANGE_RANGE_NARROW,23.4,1,34.69,HIGH,2,0,0,0,0,0,NO_TRADE,,no_material_change_since_exit_2pts_lt_28pts_needed,
12:17:11,23319.7,23360.55,23305.05,NARROW,23360.55,23286.6,0.448,RANGE,STRONG_SELL_PREMIUM,RANGE,PREMIUM_SELL_RANGE,RANGE_RANGE_NARROW,23.4,1,34.67,HIGH,2,0,0,0,0,0,NO_TRADE,,no_material_change_since_exit_3pts_lt_28pts_needed,
12:17:26,23320.3,23360.55,23305.05,NARROW,23360.55,23286.6,0.456,RANGE,STRONG_SELL_PREMIUM,RANGE,PREMIUM_SELL_RANGE,RANGE_RANGE_NARROW,23.4,1,34.64,HIGH,2,0,0,0,0,0,NO_TRADE,,no_material_change_since_exit_2pts_lt_28pts_needed,
12:17:41,23319.6,23360.55,23305.05,NARROW,23360.55,23286.6,0.446,RANGE,STRONG_SELL_PREMIUM,RANGE,PREMIUM_SELL_RANGE,RANGE_RANGE_NARROW,23.4,1,34.62,HIGH,2,0,0,0,0,0,NO_TRADE,,no_material_change_since_exit_3pts_lt_28pts_needed,
12:17:57,23318.4,23360.55,23305.05,NARROW,23360.55,23286.6,0.430,RANGE,STRONG_SELL_PREMIUM,RANGE,PREMIUM_SELL_RANGE,RANGE_RANGE_NARROW,23.4,1,34.59,HIGH,2,0,0,0,0,0,NO_TRADE,,no_material_change_since_exit_4pts_lt_28pts_needed,
12:18:12,23314.1,23360.55,23305.05,NARROW,23360.55,23286.6,0.372,RANGE,STRONG_SELL_PREMIUM,RANGE,PREMIUM_SELL_RANGE,RANGE_RANGE_NARROW,23.4,1,34.57,HIGH,2,0,0,0,0,0,NO_TRADE,,no_material_change_since_exit_8pts_lt_28pts_needed,
12:18:27,23315.05,23360.55,23305.05,NARROW,23360.55,23286.6,0.385,RANGE,STRONG_SELL_PREMIUM,RANGE,PREMIUM_SELL_RANGE,RANGE_RANGE_NARROW,23.4,1,34.55,HIGH,2,0,0,0,0,0,NO_TRADE,,no_material_change_since_exit_8pts_lt_28pts_needed,
12:18:42,23316.65,23360.55,23305.05,NARROW,23360.55,23286.6,0.406,RANGE,STRONG_SELL_PREMIUM,RANGE,PREMIUM_SELL_RANGE,RANGE_RANGE_NARROW,23.4,1,34.52,HIGH,2,0,0,0,0,0,NO_TRADE,,no_material_change_since_exit_6pts_lt_28pts_needed,
12:18:57,23315.6,23360.55,23305.05,NARROW,23360.55,23286.6,0.392,RANGE,STRONG_SELL_PREMIUM,RANGE,PREMIUM_SELL_RANGE,RANGE_RANGE_NARROW,23.4,1,34.5,HIGH,2,0,0,0,0,0,NO_TRADE,,no_material_change_since_exit_7pts_lt_28pts_needed,
12:19:12,23314.1,23360.55,23305.05,NARROW,23360.55,23286.6,0.372,RANGE,STRONG_SELL_PREMIUM,RANGE,PREMIUM_SELL_RANGE,RANGE_RANGE_NARROW,23.0,1,34.48,HIGH,2,0,0,0,0,0,NO_TRADE,,no_material_change_since_exit_8pts_lt_28pts_needed,
12:19:27,23311.6,23360.55,23305.05,NARROW,23360.55,23286.6,0.338,RANGE,STRONG_SELL_PREMIUM,RANGE,PREMIUM_SELL_RANGE,RANGE_RANGE_NARROW,23.0,1,34.45,HIGH,2,0,0,0,0,0,NO_TRADE,,no_material_change_since_exit_11pts_lt_28pts_needed,
12:19:42,23310.8,23360.55,23305.05,NARROW,23360.55,23286.6,0.327,RANGE,STRONG_SELL_PREMIUM,RANGE,PREMIUM_SELL_RANGE,RANGE_RANGE_NARROW,23.0,1,34.43,HIGH,2,0,0,0,0,0,NO_TRADE,,no_material_change_since_exit_12pts_lt_28pts_needed,
12:19:57,23311.15,23360.55,23305.05,NARROW,23360.55,23286.6,0.332,RANGE,STRONG_SELL_PREMIUM,RANGE,PREMIUM_SELL_RANGE,RANGE_RANGE_NARROW,23.0,1,34.41,HIGH,2,0,0,0,0,0,NO_TRADE,,no_material_change_since_exit_11pts_lt_28pts_needed,
12:20:12,23309.15,23360.55,23305.05,NARROW,23360.55,23286.6,0.305,RANGE,STRONG_SELL_PREMIUM,RANGE,PREMIUM_SELL_RANGE,RANGE_RANGE_NARROW,21.47,1,34.38,HIGH,2,0,0,0,0,0,NO_TRADE,,no_material_change_since_exit_13pts_lt_28pts_needed,
12:20:27,23307.6,23360.55,23305.05,NARROW,23360.55,23286.6,0.284,RANGE,STRONG_SELL_PREMIUM,RANGE,PREMIUM_SELL_RANGE,RANGE_RANGE_NARROW,21.47,1,34.36,HIGH,2,0,0,0,0,0,NO_TRADE,,no_material_change_since_exit_15pts_lt_28pts_needed,
12:20:42,23307.1,23360.55,23305.05,NARROW,23360.55,23286.6,0.277,RANGE,STRONG_SELL_PREMIUM,RANGE,PREMIUM_SELL_RANGE,RANGE_RANGE_NARROW,21.47,1,34.34,HIGH,2,0,0,0,0,0,NO_TRADE,,no_material_change_since_exit_16pts_lt_28pts_needed,
12:20:57,23310.3,23360.55,23305.05,NARROW,23360.55,23286.6,0.320,RANGE,STRONG_SELL_PREMIUM,RANGE,PREMIUM_SELL_RANGE,RANGE_RANGE_NARROW,21.47,1,34.31,HIGH,2,0,0,0,0,0,NO_TRADE,,no_material_change_since_exit_12pts_lt_28pts_needed,
12:21:12,23311.75,23360.55,23305.05,NARROW,23360.55,23286.6,0.340,RANGE,STRONG_SELL_PREMIUM,RANGE,PREMIUM_SELL_RANGE,RANGE_RANGE_NARROW,21.47,1,34.29,HIGH,2,0,0,0,0,0,NO_TRADE,,no_material_change_since_exit_11pts_lt_28pts_needed,
12:21:27,23309.5,23360.55,23305.05,NARROW,23360.55,23286.6,0.310,RANGE,STRONG_SELL_PREMIUM,RANGE,PREMIUM_SELL_RANGE,RANGE_RANGE_NARROW,21.47,1,34.27,HIGH,2,0,0,0,0,0,NO_TRADE,,no_material_change_since_exit_13pts_lt_28pts_needed,
12:21:42,23311.7,23360.55,23305.05,NARROW,23360.55,23286.6,0.339,RANGE,STRONG_SELL_PREMIUM,RANGE,PREMIUM_SELL_RANGE,RANGE_RANGE_NARROW,21.47,1,34.25,HIGH,2,0,0,0,0,0,NO_TRADE,,no_material_change_since_exit_11pts_lt_28pts_needed,
12:21:57,23312.7,23360.55,23305.05,NARROW,23360.55,23286.6,0.353,RANGE,STRONG_SELL_PREMIUM,RANGE,PREMIUM_SELL_RANGE,RANGE_RANGE_NARROW,21.47,1,34.22,HIGH,2,0,0,0,0,0,NO_TRADE,,no_material_change_since_exit_10pts_lt_28pts_needed,
12:22:12,23312.5,23360.55,23305.05,NARROW,23360.55,23286.6,0.350,RANGE,STRONG_SELL_PREMIUM,RANGE,PREMIUM_SELL_RANGE,RANGE_RANGE_NARROW,21.47,1,34.2,HIGH,2,0,0,0,0,0,NO_TRADE,,no_material_change_since_exit_10pts_lt_28pts_needed,
12:22:27,23311.5,23360.55,23305.05,NARROW,23360.55,23286.6,0.337,RANGE,STRONG_SELL_PREMIUM,RANGE,PREMIUM_SELL_RANGE,RANGE_RANGE_NARROW,21.47,1,34.18,HIGH,2,0,0,0,0,0,NO_TRADE,,no_material_change_since_exit_11pts_lt_28pts_needed,
12:22:42,23311.5,23360.55,23305.05,NARROW,23360.55,23286.6,0.337,RANGE,STRONG_SELL_PREMIUM,RANGE,PREMIUM_SELL_RANGE,RANGE_RANGE_NARROW,21.47,1,34.15,HIGH,2,0,0,0,0,0,NO_TRADE,,no_material_change_since_exit_11pts_lt_28pts_needed,
12:22:57,23311.45,23360.55,23305.05,NARROW,23360.55,23286.6,0.336,RANGE,STRONG_SELL_PREMIUM,RANGE,PREMIUM_SELL_RANGE,RANGE_RANGE_NARROW,21.47,1,34.13,HIGH,2,0,0,0,0,0,NO_TRADE,,no_material_change_since_exit_11pts_lt_28pts_needed,
12:23:12,23311.6,23360.55,23305.05,NARROW,23360.55,23286.6,0.338,RANGE,STRONG_SELL_PREMIUM,RANGE,PREMIUM_SELL_RANGE,RANGE_RANGE_NARROW,21.47,1,34.11,HIGH,2,0,0,0,0,0,NO_TRADE,,no_material_change_since_exit_11pts_lt_28pts_needed,
12:23:27,23316.15,23360.55,23305.05,NARROW,23360.55,23286.6,0.400,RANGE,STRONG_SELL_PREMIUM,RANGE,PREMIUM_SELL_RANGE,RANGE_RANGE_NARROW,21.47,1,34.09,HIGH,2,0,0,0,0,0,NO_TRADE,,no_material_change_since_exit_6pts_lt_28pts_needed,
12:23:42,23314.5,23360.55,23305.05,NARROW,23360.55,23286.6,0.377,RANGE,STRONG_SELL_PREMIUM,RANGE,PREMIUM_SELL_RANGE,RANGE_RANGE_NARROW,21.47,1,34.06,HIGH,2,0,0,0,0,0,NO_TRADE,,no_material_change_since_exit_8pts_lt_28pts_needed,
12:23:57,23314.25,23360.55,23305.05,NARROW,23360.55,23286.6,0.374,RANGE,STRONG_SELL_PREMIUM,RANGE,PREMIUM_SELL_RANGE,RANGE_RANGE_NARROW,21.47,1,34.04,HIGH,2,0,0,0,0,0,NO_TRADE,,no_material_change_since_exit_8pts_lt_28pts_needed,
12:24:12,23318.95,23360.55,23305.05,NARROW,23360.55,23286.6,0.437,RANGE,STRONG_SELL_PREMIUM,RANGE,PREMIUM_SELL_RANGE,RANGE_RANGE_NARROW,21.47,1,34.02,HIGH,2,0,0,0,0,0,NO_TRADE,,no_material_change_since_exit_4pts_lt_28pts_needed,
12:24:27,23317.8,23360.55,23305.05,NARROW,23360.55,23286.6,0.422,RANGE,STRONG_SELL_PREMIUM,RANGE,PREMIUM_SELL_RANGE,RANGE_RANGE_NARROW,21.47,1,34.0,HIGH,2,0,0,0,0,0,NO_TRADE,,no_material_change_since_exit_5pts_lt_28pts_needed,
12:24:42,23314.85,23360.55,23305.05,NARROW,23360.55,23286.6,0.382,RANGE,STRONG_SELL_PREMIUM,RANGE,PREMIUM_SELL_RANGE,RANGE_RANGE_NARROW,21.47,1,33.97,HIGH,2,0,0,0,0,0,NO_TRADE,,no_material_change_since_exit_8pts_lt_28pts_needed,
12:24:57,23316.35,23360.55,23305.05,NARROW,23360.55,23286.6,0.402,RANGE,STRONG_SELL_PREMIUM,RANGE,PREMIUM_SELL_RANGE,RANGE_RANGE_NARROW,21.47,1,33.95,HIGH,2,0,0,0,0,0,NO_TRADE,,no_material_change_since_exit_6pts_lt_28pts_needed,
12:25:12,23317.05,23360.55,23305.05,NARROW,23360.55,23286.6,0.412,RANGE,STRONG_SELL_PREMIUM,RANGE,PREMIUM_SELL_RANGE,RANGE_RANGE_NARROW,20.1,1,33.93,HIGH,2,0,0,0,0,0,NO_TRADE,,no_material_change_since_exit_6pts_lt_28pts_needed,
12:25:27,23315.65,23360.55,23305.05,NARROW,23360.55,23286.6,0.393,RANGE,STRONG_SELL_PREMIUM,RANGE,PREMIUM_SELL_RANGE,RANGE_RANGE_NARROW,20.1,1,33.91,HIGH,2,0,0,0,0,0,NO_TRADE,,no_material_change_since_exit_7pts_lt_28pts_needed,
12:25:42,23315.45,23360.55,23305.05,NARROW,23360.55,23286.6,0.390,RANGE,STRONG_SELL_PREMIUM,RANGE,PREMIUM_SELL_RANGE,RANGE_RANGE_NARROW,20.1,1,33.88,HIGH,2,0,0,0,0,0,NO_TRADE,,no_material_change_since_exit_7pts_lt_28pts_needed,
12:25:57,23314.6,23360.55,23305.05,NARROW,23360.55,23286.6,0.379,RANGE,STRONG_SELL_PREMIUM,RANGE,PREMIUM_SELL_RANGE,RANGE_RANGE_NARROW,20.1,1,33.86,HIGH,2,0,0,0,0,0,NO_TRADE,,no_material_change_since_exit_8pts_lt_28pts_needed,
12:26:12,23314.35,23360.55,23305.05,NARROW,23360.55,23286.6,0.375,RANGE,STRONG_SELL_PREMIUM,RANGE,PREMIUM_SELL_RANGE,RANGE_RANGE_NARROW,20.1,1,33.84,HIGH,2,0,0,0,0,0,NO_TRADE,,no_material_change_since_exit_8pts_lt_28pts_needed,
12:26:27,23313.9,23360.55,23305.05,NARROW,23360.55,23286.6,0.369,RANGE,STRONG_SELL_PREMIUM,RANGE,PREMIUM_SELL_RANGE,RANGE_RANGE_NARROW,20.1,1,33.82,HIGH,2,0,0,0,0,0,NO_TRADE,,no_material_change_since_exit_9pts_lt_28pts_needed,
12:26:42,23313.05,23360.55,23305.05,NARROW,23360.55,23286.6,0.358,RANGE,STRONG_SELL_PREMIUM,RANGE,PREMIUM_SELL_RANGE,RANGE_RANGE_NARROW,20.1,1,33.79,HIGH,2,0,0,0,0,0,NO_TRADE,,no_material_change_since_exit_10pts_lt_28pts_needed,
12:26:57,23313.95,23360.55,23305.05,NARROW,23360.55,23286.6,0.370,RANGE,STRONG_SELL_PREMIUM,RANGE,PREMIUM_SELL_RANGE,RANGE_RANGE_NARROW,20.1,1,33.77,HIGH,2,0,0,0,0,0,NO_TRADE,,no_material_change_since_exit_9pts_lt_28pts_needed,
12:27:12,23311.25,23360.55,23305.05,NARROW,23360.55,23286.6,0.333,RANGE,STRONG_SELL_PREMIUM,RANGE,PREMIUM_SELL_RANGE,RANGE_RANGE_NARROW,20.1,1,33.75,HIGH,2,0,0,0,0,0,NO_TRADE,,no_material_change_since_exit_11pts_lt_28pts_needed,
12:27:27,23314.0,23360.55,23305.05,NARROW,23360.55,23286.6,0.371,RANGE,STRONG_SELL_PREMIUM,RANGE,PREMIUM_SELL_RANGE,RANGE_RANGE_NARROW,20.1,1,33.73,HIGH,2,0,0,0,0,0,NO_TRADE,,no_material_change_since_exit_9pts_lt_28pts_needed,
12:27:43,23315.3,23360.55,23305.05,NARROW,23360.55,23286.6,0.388,RANGE,STRONG_SELL_PREMIUM,RANGE,PREMIUM_SELL_RANGE,RANGE_RANGE_NARROW,20.1,1,33.71,HIGH,2,0,0,0,0,0,NO_TRADE,,no_material_change_since_exit_7pts_lt_28pts_needed,
12:27:58,23315.55,23360.55,23305.05,NARROW,23360.55,23286.6,0.391,RANGE,STRONG_SELL_PREMIUM,RANGE,PREMIUM_SELL_RANGE,RANGE_RANGE_NARROW,20.1,1,33.68,HIGH,2,0,0,0,0,0,NO_TRADE,,no_material_change_since_exit_7pts_lt_28pts_needed,
12:28:13,23319.85,23360.55,23305.05,NARROW,23360.55,23286.6,0.450,RANGE,STRONG_SELL_PREMIUM,RANGE,PREMIUM_SELL_RANGE,RANGE_RANGE_NARROW,20.68,1,33.66,HIGH,2,0,0,0,0,0,NO_TRADE,,no_material_change_since_exit_3pts_lt_28pts_needed,
12:28:28,23320.25,23360.55,23305.05,NARROW,23360.55,23286.6,0.455,RANGE,STRONG_SELL_PREMIUM,RANGE,PREMIUM_SELL_RANGE,RANGE_RANGE_NARROW,20.68,1,33.64,HIGH,2,0,0,0,0,0,NO_TRADE,,no_material_change_since_exit_2pts_lt_28pts_needed,
12:28:43,23321.8,23360.55,23305.05,NARROW,23360.55,23286.6,0.476,RANGE,STRONG_SELL_PREMIUM,RANGE,PREMIUM_SELL_RANGE,RANGE_RANGE_NARROW,20.68,1,33.62,HIGH,2,0,0,0,0,0,NO_TRADE,,no_material_change_since_exit_1pts_lt_28pts_needed,
12:28:58,23322.5,23360.55,23305.05,NARROW,23360.55,23286.6,0.485,RANGE,STRONG_SELL_PREMIUM,RANGE,PREMIUM_SELL_RANGE,RANGE_RANGE_NARROW,20.68,1,33.6,HIGH,2,0,0,0,0,0,NO_TRADE,,no_material_change_since_exit_0pts_lt_28pts_needed,
12:29:13,23322.1,23360.55,23305.05,NARROW,23360.55,23286.6,0.480,RANGE,STRONG_SELL_PREMIUM,RANGE,PREMIUM_SELL_RANGE,RANGE_RANGE_NARROW,20.68,1,33.58,HIGH,2,0,0,0,0,0,NO_TRADE,,no_material_change_since_exit_0pts_lt_28pts_needed,
12:29:28,23321.9,23360.55,23305.05,NARROW,23360.55,23286.6,0.477,RANGE,STRONG_SELL_PREMIUM,RANGE,PREMIUM_SELL_RANGE,RANGE_RANGE_NARROW,20.68,1,33.55,HIGH,2,0,0,0,0,0,NO_TRADE,,no_material_change_since_exit_1pts_lt_28pts_needed,
12:29:43,23321.3,23360.55,23305.05,NARROW,23360.55,23286.6,0.469,RANGE,STRONG_SELL_PREMIUM,RANGE,PREMIUM_SELL_RANGE,RANGE_RANGE_NARROW,20.68,1,33.53,HIGH,2,0,0,0,0,0,NO_TRADE,,no_material_change_since_exit_1pts_lt_28pts_needed,
12:29:58,23321.2,23360.55,23305.05,NARROW,23360.55,23286.6,0.468,RANGE,STRONG_SELL_PREMIUM,RANGE,PREMIUM_SELL_RANGE,RANGE_RANGE_NARROW,20.68,1,33.51,HIGH,2,0,0,0,0,0,NO_TRADE,,no_material_change_since_exit_1pts_lt_28pts_needed,
12:30:13,23324.25,23360.55,23305.05,NARROW,23360.55,23286.6,0.509,RANGE,STRONG_SELL_PREMIUM,RANGE,PREMIUM_SELL_RANGE,RANGE_RANGE_NARROW,20.79,1,33.49,HIGH,2,0,0,0,0,0,NO_TRADE,,no_material_change_since_exit_2pts_lt_28pts_needed,
12:30:28,23326.0,23360.55,23305.05,NARROW,23360.55,23286.6,0.533,RANGE,STRONG_SELL_PREMIUM,RANGE,PREMIUM_SELL_RANGE,RANGE_RANGE_NARROW,20.79,1,33.47,HIGH,2,0,0,0,0,0,NO_TRADE,,no_material_change_since_exit_3pts_lt_28pts_needed,
12:30:43,23325.3,23360.55,23305.05,NARROW,23360.55,23286.6,0.523,RANGE,STRONG_SELL_PREMIUM,RANGE,PREMIUM_SELL_RANGE,RANGE_RANGE_NARROW,20.79,1,33.45,HIGH,2,0,0,0,0,0,NO_TRADE,,no_material_change_since_exit_3pts_lt_28pts_needed,
12:30:58,23325.55,23360.55,23305.05,NARROW,23360.55,23286.6,0.527,RANGE,STRONG_SELL_PREMIUM,RANGE,PREMIUM_SELL_RANGE,RANGE_RANGE_NARROW,20.79,1,33.43,HIGH,2,0,0,0,0,0,NO_TRADE,,no_material_change_since_exit_3pts_lt_28pts_needed,
12:31:13,23326.7,23360.55,23305.05,NARROW,23360.55,23286.6,0.542,RANGE,STRONG_SELL_PREMIUM,RANGE,PREMIUM_SELL_RANGE,RANGE_RANGE_NARROW,20.91,1,33.4,HIGH,2,0,0,0,0,0,NO_TRADE,,no_material_change_since_exit_4pts_lt_28pts_needed,
12:31:28,23326.3,23360.55,23305.05,NARROW,23360.55,23286.6,0.537,RANGE,STRONG_SELL_PREMIUM,RANGE,PREMIUM_SELL_RANGE,RANGE_RANGE_NARROW,20.91,1,33.38,HIGH,2,0,0,0,0,0,NO_TRADE,,no_material_change_since_exit_4pts_lt_28pts_needed,
12:31:43,23325.45,23360.55,23305.05,NARROW,23360.55,23286.6,0.525,RANGE,STRONG_SELL_PREMIUM,RANGE,PREMIUM_SELL_RANGE,RANGE_RANGE_NARROW,20.91,1,33.36,HIGH,2,0,0,0,0,0,NO_TRADE,,no_material_change_since_exit_3pts_lt_28pts_needed,
12:31:58,23325.8,23360.55,23305.05,NARROW,23360.55,23286.6,0.530,RANGE,STRONG_SELL_PREMIUM,RANGE,PREMIUM_SELL_RANGE,RANGE_RANGE_NARROW,20.91,1,33.34,HIGH,2,0,0,0,0,0,NO_TRADE,,no_material_change_since_exit_3pts_lt_28pts_needed,
12:32:13,23325.8,23360.55,23305.05,NARROW,23360.55,23286.6,0.530,RANGE,STRONG_SELL_PREMIUM,RANGE,PREMIUM_SELL_RANGE,RANGE_RANGE_NARROW,20.91,1,33.32,HIGH,2,0,0,0,0,0,NO_TRADE,,no_material_change_since_exit_3pts_lt_28pts_needed,
12:32:28,23326.15,23360.55,23305.05,NARROW,23360.55,23286.6,0.535,RANGE,STRONG_SELL_PREMIUM,RANGE,PREMIUM_SELL_RANGE,RANGE_RANGE_NARROW,20.91,1,33.3,HIGH,2,0,0,0,0,0,NO_TRADE,,no_material_change_since_exit_4pts_lt_28pts_needed,
12:32:43,23325.6,23360.55,23305.05,NARROW,23360.55,23286.6,0.527,RANGE,STRONG_SELL_PREMIUM,RANGE,PREMIUM_SELL_RANGE,RANGE_RANGE_NARROW,20.91,1,33.28,HIGH,2,0,0,0,0,0,NO_TRADE,,no_material_change_since_exit_3pts_lt_28pts_needed,
12:32:58,23325.35,23360.55,23305.05,NARROW,23360.55,23286.6,0.524,RANGE,STRONG_SELL_PREMIUM,RANGE,PREMIUM_SELL_RANGE,RANGE_RANGE_NARROW,20.91,1,33.26,HIGH,2,0,0,0,0,0,NO_TRADE,,no_material_change_since_exit_3pts_lt_28pts_needed,
12:33:13,23325.5,23360.55,23305.05,NARROW,23360.55,23286.6,0.526,RANGE,STRONG_SELL_PREMIUM,RANGE,PREMIUM_SELL_RANGE,RANGE_RANGE_NARROW,20.91,1,33.24,HIGH,2,0,0,0,0,0,NO_TRADE,,no_material_change_since_exit_3pts_lt_28pts_needed,
12:33:28,23325.4,23360.55,23305.05,NARROW,23360.55,23286.6,0.525,RANGE,STRONG_SELL_PREMIUM,RANGE,PREMIUM_SELL_RANGE,RANGE_RANGE_NARROW,20.91,1,33.21,HIGH,2,0,0,0,0,0,NO_TRADE,,no_material_change_since_exit_3pts_lt_28pts_needed,
12:33:43,23325.0,23360.55,23305.05,NARROW,23360.55,23286.6,0.519,RANGE,STRONG_SELL_PREMIUM,RANGE,PREMIUM_SELL_RANGE,RANGE_RANGE_NARROW,20.91,1,33.19,HIGH,2,0,0,0,0,0,NO_TRADE,,no_material_change_since_exit_2pts_lt_28pts_needed,
12:33:58,23323.25,23360.55,23305.05,NARROW,23360.55,23286.6,0.496,RANGE,STRONG_SELL_PREMIUM,RANGE,PREMIUM_SELL_RANGE,RANGE_RANGE_NARROW,20.91,1,33.17,HIGH,2,0,0,0,0,0,NO_TRADE,,no_material_change_since_exit_1pts_lt_28pts_needed,
12:34:13,23323.95,23360.55,23305.05,NARROW,23360.55,23286.6,0.505,RANGE,STRONG_SELL_PREMIUM,RANGE,PREMIUM_SELL_RANGE,RANGE_RANGE_NARROW,20.91,1,33.15,HIGH,2,0,0,0,0,0,NO_TRADE,,no_material_change_since_exit_1pts_lt_28pts_needed,
12:34:28,23322.9,23360.55,23305.05,NARROW,23360.55,23286.6,0.491,RANGE,STRONG_SELL_PREMIUM,RANGE,PREMIUM_SELL_RANGE,RANGE_RANGE_NARROW,20.91,1,33.13,HIGH,2,0,0,0,0,0,NO_TRADE,,no_material_change_since_exit_0pts_lt_28pts_needed,
12:34:43,23323.25,23360.55,23305.05,NARROW,23360.55,23286.6,0.496,RANGE,STRONG_SELL_PREMIUM,RANGE,PREMIUM_SELL_RANGE,RANGE_RANGE_NARROW,20.91,1,33.11,HIGH,2,0,0,0,0,0,NO_TRADE,,no_material_change_since_exit_1pts_lt_28pts_needed,
12:34:58,23324.0,23360.55,23305.05,NARROW,23360.55,23286.6,0.506,RANGE,STRONG_SELL_PREMIUM,RANGE,PREMIUM_SELL_RANGE,RANGE_RANGE_NARROW,20.91,1,33.09,HIGH,2,0,0,0,0,0,NO_TRADE,,no_material_change_since_exit_1pts_lt_28pts_needed,
12:35:13,23325.9,23360.55,23305.05,NARROW,23360.55,23286.6,0.531,RANGE,STRONG_SELL_PREMIUM,RANGE,PREMIUM_SELL_RANGE,RANGE_RANGE_NARROW,21.13,1,33.07,HIGH,2,0,0,0,0,0,NO_TRADE,,no_material_change_since_exit_3pts_lt_28pts_needed,
12:35:28,23326.2,23360.55,23305.05,NARROW,23360.55,23286.6,0.535,RANGE,STRONG_SELL_PREMIUM,RANGE,PREMIUM_SELL_RANGE,RANGE_RANGE_NARROW,21.13,1,33.05,HIGH,2,0,0,0,0,0,NO_TRADE,,no_material_change_since_exit_4pts_lt_28pts_needed,
12:35:43,23325.4,23360.55,23305.05,NARROW,23360.55,23286.6,0.525,RANGE,STRONG_SELL_PREMIUM,RANGE,PREMIUM_SELL_RANGE,RANGE_RANGE_NARROW,21.13,1,33.03,HIGH,2,0,0,0,0,0,NO_TRADE,,no_material_change_since_exit_3pts_lt_28pts_needed,
12:35:58,23326.55,23360.55,23305.05,NARROW,23360.55,23286.6,0.540,RANGE,STRONG_SELL_PREMIUM,RANGE,PREMIUM_SELL_RANGE,RANGE_RANGE_NARROW,21.13,1,33.01,HIGH,2,0,0,0,0,0,NO_TRADE,,no_material_change_since_exit_4pts_lt_28pts_needed,
12:36:13,23329.45,23360.55,23305.05,NARROW,23360.55,23286.6,0.579,RANGE,STRONG_SELL_PREMIUM,RANGE,PREMIUM_SELL_BEAR,RANGE_RANGE_NARROW,21.82,1,32.99,HIGH,2,0,1,0,0,0,NO_TRADE,,no_material_change_since_exit_7pts_lt_28pts_needed,
12:36:28,23331.25,23360.55,23305.05,NARROW,23360.55,23286.6,0.604,RANGE,STRONG_SELL_PREMIUM,RANGE,PREMIUM_SELL_BEAR,RANGE_RANGE_NARROW,21.82,1,32.97,HIGH,2,0,1,0,0,0,NO_TRADE,,no_material_change_since_exit_9pts_lt_28pts_needed,
12:36:43,23331.1,23360.55,23305.05,NARROW,23360.55,23286.6,0.602,RANGE,STRONG_SELL_PREMIUM,RANGE,PREMIUM_SELL_BEAR,AFTERNOON_DAY_HIGH_FADE_DTE2,21.82,1,32.95,HIGH,2,0,1,0,0,0,NO_TRADE,,no_material_change_since_exit_8pts_lt_28pts_needed,
12:36:58,23331.9,23360.55,23305.05,NARROW,23360.55,23286.6,0.613,RANGE,STRONG_SELL_PREMIUM,RANGE,PREMIUM_SELL_BEAR,AFTERNOON_DAY_HIGH_FADE_DTE2,21.82,1,32.92,HIGH,2,0,1,0,0,0,NO_TRADE,,no_material_change_since_exit_9pts_lt_28pts_needed,
12:37:13,23330.9,23360.55,23305.05,NARROW,23360.55,23286.6,0.599,RANGE,STRONG_SELL_PREMIUM,RANGE,PREMIUM_SELL_BEAR,AFTERNOON_DAY_HIGH_FADE_DTE2,22.05,1,32.9,HIGH,2,0,1,0,0,0,NO_TRADE,,no_material_change_since_exit_8pts_lt_28pts_needed,
12:37:29,23332.8,23360.55,23305.05,NARROW,23360.55,23286.6,0.625,RANGE,STRONG_SELL_PREMIUM,RANGE,PREMIUM_SELL_BEAR,AFTERNOON_DAY_HIGH_FADE_DTE2,22.05,1,32.88,HIGH,2,0,1,0,0,0,NO_TRADE,,no_material_change_since_exit_10pts_lt_28pts_needed,
12:37:44,23331.95,23360.55,23305.05,NARROW,23360.55,23286.6,0.613,RANGE,STRONG_SELL_PREMIUM,RANGE,PREMIUM_SELL_BEAR,AFTERNOON_DAY_HIGH_FADE_DTE2,22.05,1,32.86,HIGH,2,0,1,0,0,0,NO_TRADE,,no_material_change_since_exit_9pts_lt_28pts_needed,
12:37:59,23333.05,23360.55,23305.05,NARROW,23360.55,23286.6,0.628,RANGE,STRONG_SELL_PREMIUM,RANGE,PREMIUM_SELL_BEAR,AFTERNOON_DAY_HIGH_FADE_DTE2,22.05,1,32.84,HIGH,2,0,1,0,0,0,NO_TRADE,,no_material_change_since_exit_10pts_lt_28pts_needed,
12:38:14,23332.25,23360.55,23305.05,NARROW,23360.55,23286.6,0.617,RANGE,STRONG_SELL_PREMIUM,RANGE,PREMIUM_SELL_BEAR,AFTERNOON_DAY_HIGH_FADE_DTE2,22.23,1,32.82,HIGH,2,0,1,0,0,0,NO_TRADE,,no_material_change_since_exit_10pts_lt_28pts_needed,
12:38:29,23331.45,23360.55,23305.05,NARROW,23360.55,23286.6,0.606,RANGE,STRONG_SELL_PREMIUM,RANGE,PREMIUM_SELL_BEAR,AFTERNOON_DAY_HIGH_FADE_DTE2,22.23,1,32.8,HIGH,2,0,1,0,0,0,NO_TRADE,,no_material_change_since_exit_9pts_lt_28pts_needed,
12:38:44,23330.0,23360.55,23305.05,NARROW,23360.55,23286.6,0.587,RANGE,STRONG_SELL_PREMIUM,RANGE,PREMIUM_SELL_BEAR,AFTERNOON_DAY_HIGH_FADE_DTE2,22.23,1,32.78,HIGH,2,0,1,0,0,0,ENTER,BEAR_CALL_SPREAD,regime:PREMIUM_SELL_BEAR:conf=HIGH:dte=2:adx=22:price=RANGE,
12:39:00,23328.1,23360.55,23305.05,NARROW,23360.55,23286.6,0.561,RANGE,STRONG_SELL_PREMIUM,RANGE,PREMIUM_SELL_BEAR,AFTERNOON_DAY_HIGH_FADE_DTE2,22.23,1,32.76,HIGH,2,0,1,0,0,0,,,,
12:39:15,23327.7,23360.55,23305.05,NARROW,23360.55,23286.6,0.556,RANGE,STRONG_SELL_PREMIUM,RANGE,PREMIUM_SELL_BEAR,AFTERNOON_DAY_HIGH_FADE_DTE2,22.23,1,32.74,HIGH,2,0,0,0,0,0,,,,
12:39:30,23327.7,23360.55,23305.05,NARROW,23360.55,23286.6,0.556,RANGE,STRONG_SELL_PREMIUM,RANGE,PREMIUM_SELL_BEAR,AFTERNOON_DAY_HIGH_FADE_DTE2,22.23,1,32.72,HIGH,2,0,0,0,0,0,,,,
12:39:45,23325.85,23360.55,23305.05,NARROW,23360.55,23286.6,0.531,RANGE,STRONG_SELL_PREMIUM,RANGE,PREMIUM_SELL_RANGE,RANGE_RANGE_NARROW,22.23,1,32.7,HIGH,2,0,0,0,0,0,,,,
12:40:00,23325.9,23360.55,23305.05,NARROW,23360.55,23286.6,0.531,RANGE,STRONG_SELL_PREMIUM,RANGE,PREMIUM_SELL_RANGE,RANGE_RANGE_NARROW,23.42,1,32.68,HIGH,2,0,0,0,0,0,,,,
12:40:15,23326.8,23360.55,23305.05,NARROW,23360.55,23286.6,0.544,RANGE,STRONG_SELL_PREMIUM,RANGE,PREMIUM_SELL_RANGE,RANGE_RANGE_NARROW,23.42,1,32.66,HIGH,2,0,0,0,0,0,,,,
12:40:30,23327.2,23360.55,23305.05,NARROW,23360.55,23286.6,0.549,RANGE,STRONG_SELL_PREMIUM,RANGE,PREMIUM_SELL_RANGE,RANGE_RANGE_NARROW,23.42,1,32.64,HIGH,2,0,0,0,0,0,,,,
12:40:45,23327.05,23360.55,23305.05,NARROW,23360.55,23286.6,0.547,RANGE,STRONG_SELL_PREMIUM,RANGE,PREMIUM_SELL_RANGE,RANGE_RANGE_NARROW,23.42,1,32.62,HIGH,2,0,0,0,0,0,,,,
12:41:00,23326.75,23360.55,23305.05,NARROW,23360.55,23286.6,0.543,RANGE,STRONG_SELL_PREMIUM,RANGE,PREMIUM_SELL_RANGE,RANGE_RANGE_NARROW,23.42,1,32.6,HIGH,2,0,0,0,0,0,,,,
12:41:15,23327.45,23360.55,23305.05,NARROW,23360.55,23286.6,0.552,RANGE,STRONG_SELL_PREMIUM,RANGE,PREMIUM_SELL_RANGE,RANGE_RANGE_NARROW,23.42,1,32.58,HIGH,2,0,0,0,0,0,,,,
12:41:30,23328.95,23360.55,23305.05,NARROW,23360.55,23286.6,0.573,RANGE,STRONG_SELL_PREMIUM,RANGE,PREMIUM_SELL_RANGE,RANGE_RANGE_NARROW,23.42,1,32.56,HIGH,2,0,1,0,0,0,,,,
12:41:45,23327.95,23360.55,23305.05,NARROW,23360.55,23286.6,0.559,RANGE,STRONG_SELL_PREMIUM,RANGE,PREMIUM_SELL_RANGE,RANGE_RANGE_NARROW,23.42,1,32.54,HIGH,2,0,0,0,0,0,,,,
12:42:00,23328.1,23360.55,23305.05,NARROW,23360.55,23286.6,0.561,RANGE,STRONG_SELL_PREMIUM,RANGE,PREMIUM_SELL_RANGE,RANGE_RANGE_NARROW,23.42,1,32.52,HIGH,2,0,1,0,0,0,,,,
12:42:15,23330.7,23360.55,23305.05,NARROW,23360.55,23286.6,0.596,RANGE,STRONG_SELL_PREMIUM,RANGE,PREMIUM_SELL_RANGE,RANGE_RANGE_NARROW,23.42,1,32.5,HIGH,2,0,1,0,0,0,,,,
12:42:30,23329.65,23360.55,23305.05,NARROW,23360.55,23286.6,0.582,RANGE,STRONG_SELL_PREMIUM,RANGE,PREMIUM_SELL_BEAR,AFTERNOON_DAY_HIGH_FADE_DTE2,23.42,1,32.48,HIGH,2,0,1,0,0,0,,,,
12:42:45,23331.5,23360.55,23305.05,NARROW,23360.55,23286.6,0.607,RANGE,STRONG_SELL_PREMIUM,RANGE,PREMIUM_SELL_BEAR,AFTERNOON_DAY_HIGH_FADE_DTE2,23.42,1,32.46,HIGH,2,0,1,0,0,0,,,,
12:43:00,23331.5,23360.55,23305.05,NARROW,23360.55,23286.6,0.607,RANGE,STRONG_SELL_PREMIUM,RANGE,PREMIUM_SELL_BEAR,AFTERNOON_DAY_HIGH_FADE_DTE2,23.58,1,32.44,HIGH,2,0,1,0,0,0,,,,
12:43:15,23332.65,23360.55,23305.05,NARROW,23360.55,23286.6,0.623,RANGE,STRONG_SELL_PREMIUM,RANGE,PREMIUM_SELL_BEAR,AFTERNOON_DAY_HIGH_FADE_DTE2,23.58,1,32.42,HIGH,2,0,1,0,0,0,,,,
12:43:30,23333.1,23360.55,23305.05,NARROW,23360.55,23286.6,0.629,RANGE,STRONG_SELL_PREMIUM,RANGE,PREMIUM_SELL_BEAR,AFTERNOON_DAY_HIGH_FADE_DTE2,23.58,1,32.41,HIGH,2,0,1,0,0,0,,,,
12:43:45,23334.85,23360.55,23305.05,NARROW,23360.55,23286.6,0.652,RANGE,STRONG_SELL_PREMIUM,RANGE,PREMIUM_SELL_BEAR,AFTERNOON_DAY_HIGH_FADE_DTE2,23.58,1,32.39,HIGH,2,0,1,0,0,0,,,,
12:44:00,23333.9,23360.55,23305.05,NARROW,23360.55,23286.6,0.640,RANGE,STRONG_SELL_PREMIUM,RANGE,PREMIUM_SELL_BEAR,AFTERNOON_DAY_HIGH_FADE_DTE2,23.97,1,32.37,HIGH,2,0,1,0,0,0,,,,
12:44:15,23337.45,23360.55,23305.05,NARROW,23360.55,23286.6,0.688,RANGE,STRONG_SELL_PREMIUM,RANGE,PREMIUM_SELL_BEAR,AFTERNOON_DAY_HIGH_FADE_DTE2,23.97,1,32.35,HIGH,2,0,1,0,0,0,,,,
12:44:30,23334.7,23360.55,23305.05,NARROW,23360.55,23286.6,0.650,RANGE,STRONG_SELL_PREMIUM,RANGE,PREMIUM_SELL_BEAR,AFTERNOON_DAY_HIGH_FADE_DTE2,23.97,1,32.33,HIGH,2,0,1,0,0,0,,,,
12:44:45,23332.85,23360.55,23305.05,NARROW,23360.55,23286.6,0.625,RANGE,STRONG_SELL_PREMIUM,RANGE,PREMIUM_SELL_BEAR,AFTERNOON_DAY_HIGH_FADE_DTE2,23.97,1,32.31,HIGH,2,0,1,0,0,0,,,,
12:45:00,23330.45,23360.55,23305.05,NARROW,23360.55,23286.6,0.593,RANGE,STRONG_SELL_PREMIUM,RANGE,PREMIUM_SELL_BEAR,AFTERNOON_DAY_HIGH_FADE_DTE2,25.54,1,32.29,HIGH,2,0,1,0,0,0,,,,
12:45:15,23330.05,23360.55,23305.05,NARROW,23360.55,23286.6,0.588,RANGE,STRONG_SELL_PREMIUM,RANGE,PREMIUM_SELL_BEAR,AFTERNOON_DAY_HIGH_FADE_DTE2,25.54,1,32.27,HIGH,2,0,1,0,0,0,,,,
12:45:30,23327.55,23360.55,23305.05,NARROW,23360.55,23286.6,0.554,RANGE,STRONG_SELL_PREMIUM,RANGE,PREMIUM_SELL_BEAR,AFTERNOON_DAY_HIGH_FADE_DTE2,25.54,1,32.25,HIGH,2,0,0,0,0,0,,,,
12:45:46,23328.6,23360.55,23305.05,NARROW,23360.55,23286.6,0.568,RANGE,STRONG_SELL_PREMIUM,RANGE,PREMIUM_SELL_BEAR,AFTERNOON_DAY_HIGH_FADE_DTE2,25.54,1,32.23,HIGH,2,0,0,0,0,0,,,,
12:46:01,23329.2,23360.55,23305.05,NARROW,23360.55,23286.6,0.576,RANGE,STRONG_SELL_PREMIUM,RANGE,PREMIUM_SELL_BEAR,AFTERNOON_DAY_HIGH_FADE_DTE2,25.54,1,32.21,HIGH,2,0,1,0,0,0,,,,
12:46:16,23330.85,23360.55,23305.05,NARROW,23360.55,23286.6,0.598,RANGE,STRONG_SELL_PREMIUM,RANGE,PREMIUM_SELL_BEAR,AFTERNOON_DAY_HIGH_FADE_DTE2,25.54,1,32.19,HIGH,2,0,1,0,0,0,,,,
12:46:31,23330.45,23360.55,23305.05,NARROW,23360.55,23286.6,0.593,RANGE,STRONG_SELL_PREMIUM,RANGE,PREMIUM_SELL_BEAR,AFTERNOON_DAY_HIGH_FADE_DTE2,25.54,1,32.17,HIGH,2,0,1,0,0,0,,,,
12:46:46,23329.65,23360.55,23305.05,NARROW,23360.55,23286.6,0.582,RANGE,STRONG_SELL_PREMIUM,RANGE,PREMIUM_SELL_BEAR,AFTERNOON_DAY_HIGH_FADE_DTE2,25.54,1,32.15,HIGH,2,0,1,0,0,0,,,,
12:47:01,23330.15,23360.55,23305.05,NARROW,23360.55,23286.6,0.589,RANGE,STRONG_SELL_PREMIUM,RANGE,PREMIUM_SELL_BEAR,AFTERNOON_DAY_HIGH_FADE_DTE2,25.54,1,32.14,HIGH,2,0,1,0,0,0,,,,
12:47:16,23330.75,23360.55,23305.05,NARROW,23360.55,23286.6,0.597,RANGE,STRONG_SELL_PREMIUM,RANGE,PREMIUM_SELL_BEAR,AFTERNOON_DAY_HIGH_FADE_DTE2,25.54,1,32.12,HIGH,2,0,1,0,0,0,,,,
12:47:31,23331.35,23360.55,23305.05,NARROW,23360.55,23286.6,0.605,RANGE,STRONG_SELL_PREMIUM,RANGE,PREMIUM_SELL_BEAR,AFTERNOON_DAY_HIGH_FADE_DTE2,25.54,1,32.1,HIGH,2,0,1,0,0,0,,,,
12:47:46,23330.1,23360.55,23305.05,NARROW,23360.55,23286.6,0.588,RANGE,STRONG_SELL_PREMIUM,RANGE,PREMIUM_SELL_BEAR,AFTERNOON_DAY_HIGH_FADE_DTE2,25.54,1,32.08,HIGH,2,0,1,0,0,0,,,,
12:48:01,23330.0,23360.55,23305.05,NARROW,23360.55,23286.6,0.587,RANGE,STRONG_SELL_PREMIUM,RANGE,PREMIUM_SELL_BEAR,AFTERNOON_DAY_HIGH_FADE_DTE2,25.54,1,32.06,HIGH,2,0,1,0,0,0,,,,
12:48:16,23330.65,23360.55,23305.05,NARROW,23360.55,23286.6,0.596,RANGE,STRONG_SELL_PREMIUM,RANGE,PREMIUM_SELL_BEAR,AFTERNOON_DAY_HIGH_FADE_DTE2,25.54,1,32.04,HIGH,2,0,1,0,0,0,,,,
12:48:31,23329.6,23360.55,23305.05,NARROW,23360.55,23286.6,0.581,RANGE,STRONG_SELL_PREMIUM,RANGE,PREMIUM_SELL_BEAR,AFTERNOON_DAY_HIGH_FADE_DTE2,25.54,1,32.02,HIGH,2,0,1,0,0,0,,,,
12:48:46,23327.95,23360.55,23305.05,NARROW,23360.55,23286.6,0.559,RANGE,STRONG_SELL_PREMIUM,RANGE,PREMIUM_SELL_BEAR,AFTERNOON_DAY_HIGH_FADE_DTE2,25.54,1,32.0,HIGH,2,0,0,0,0,0,,,,
12:49:01,23326.55,23360.55,23305.05,NARROW,23360.55,23286.6,0.540,RANGE,STRONG_SELL_PREMIUM,RANGE,PREMIUM_SELL_BEAR,AFTERNOON_DAY_HIGH_FADE_DTE2,25.36,1,31.99,HIGH,2,0,0,0,0,0,,,,
12:49:16,23326.7,23360.55,23305.05,NARROW,23360.55,23286.6,0.542,RANGE,STRONG_SELL_PREMIUM,RANGE,PREMIUM_SELL_RANGE,RANGE_RANGE_NARROW,25.36,1,31.97,HIGH,2,0,0,0,0,0,,,,
12:49:31,23325.85,23360.55,23305.05,NARROW,23360.55,23286.6,0.531,RANGE,STRONG_SELL_PREMIUM,RANGE,PREMIUM_SELL_RANGE,RANGE_RANGE_NARROW,25.36,1,31.95,HIGH,2,0,0,0,0,0,,,,
12:49:46,23324.4,23360.55,23305.05,NARROW,23360.55,23286.6,0.511,RANGE,STRONG_SELL_PREMIUM,RANGE,PREMIUM_SELL_RANGE,RANGE_RANGE_NARROW,25.36,1,31.93,HIGH,2,0,0,0,0,0,,,,
12:50:01,23325.7,23360.55,23305.05,NARROW,23360.55,23286.6,0.529,RANGE,STRONG_SELL_PREMIUM,RANGE,PREMIUM_SELL_RANGE,RANGE_RANGE_NARROW,26.61,1,31.91,HIGH,2,0,0,0,0,0,,,,
12:50:16,23328.25,23360.55,23305.05,NARROW,23360.55,23286.6,0.563,RANGE,STRONG_SELL_PREMIUM,RANGE,PREMIUM_SELL_RANGE,RANGE_RANGE_NARROW,26.61,1,31.89,HIGH,2,0,0,0,0,0,,,,
12:50:31,23326.6,23360.55,23305.05,NARROW,23360.55,23286.6,0.541,RANGE,STRONG_SELL_PREMIUM,RANGE,PREMIUM_SELL_RANGE,RANGE_RANGE_NARROW,26.61,1,31.87,HIGH,2,0,0,0,0,0,,,,
12:50:46,23328.85,23360.55,23305.05,NARROW,23360.55,23286.6,0.571,RANGE,STRONG_SELL_PREMIUM,RANGE,PREMIUM_SELL_RANGE,RANGE_RANGE_NARROW,26.61,1,31.86,HIGH,2,0,0,0,0,0,,,,
12:51:01,23325.05,23360.55,23305.05,NARROW,23360.55,23286.6,0.520,RANGE,STRONG_SELL_PREMIUM,RANGE,PREMIUM_SELL_RANGE,RANGE_RANGE_NARROW,26.48,1,31.84,HIGH,2,0,0,0,0,0,,,,
12:51:16,23328.55,23360.55,23305.05,NARROW,23360.55,23286.6,0.567,RANGE,STRONG_SELL_PREMIUM,RANGE,PREMIUM_SELL_RANGE,RANGE_RANGE_NARROW,26.48,1,31.82,HIGH,2,0,0,0,0,0,,,,
12:51:31,23326.75,23360.55,23305.05,NARROW,23360.55,23286.6,0.543,RANGE,STRONG_SELL_PREMIUM,RANGE,PREMIUM_SELL_RANGE,RANGE_RANGE_NARROW,26.48,1,31.8,HIGH,2,0,0,0,0,0,,,,
12:51:46,23327.65,23360.55,23305.05,NARROW,23360.55,23286.6,0.555,RANGE,STRONG_SELL_PREMIUM,RANGE,PREMIUM_SELL_RANGE,RANGE_RANGE_NARROW,26.48,1,31.78,HIGH,2,0,0,0,0,0,,,,
12:52:01,23324.9,23360.55,23305.05,NARROW,23360.55,23286.6,0.518,RANGE,STRONG_SELL_PREMIUM,RANGE,PREMIUM_SELL_RANGE,RANGE_RANGE_NARROW,26.43,1,31.76,HIGH,2,0,0,0,0,0,,,,
12:52:16,23326.3,23360.55,23305.05,NARROW,23360.55,23286.6,0.537,RANGE,STRONG_SELL_PREMIUM,RANGE,PREMIUM_SELL_RANGE,RANGE_RANGE_NARROW,26.43,1,31.74,HIGH,2,0,0,0,0,0,,,,
12:52:31,23326.15,23360.55,23305.05,NARROW,23360.55,23286.6,0.535,RANGE,STRONG_SELL_PREMIUM,RANGE,PREMIUM_SELL_RANGE,RANGE_RANGE_NARROW,26.43,1,31.73,HIGH,2,0,0,0,0,0,,,,
12:52:47,23326.15,23360.55,23305.05,NARROW,23360.55,23286.6,0.535,RANGE,STRONG_SELL_PREMIUM,RANGE,PREMIUM_SELL_RANGE,RANGE_RANGE_NARROW,26.43,1,31.71,HIGH,2,0,0,0,0,0,,,,
12:53:02,23325.95,23360.55,23305.05,NARROW,23360.55,23286.6,0.532,RANGE,STRONG_SELL_PREMIUM,RANGE,PREMIUM_SELL_RANGE,RANGE_RANGE_NARROW,26.43,1,31.69,HIGH,2,0,0,0,0,0,,,,
12:53:17,23329.7,23360.55,23305.05,NARROW,23360.55,23286.6,0.583,RANGE,STRONG_SELL_PREMIUM,RANGE,PREMIUM_SELL_RANGE,RANGE_RANGE_NARROW,26.43,1,31.67,HIGH,2,0,1,0,0,0,,,,
12:53:32,23328.15,23360.55,23305.05,NARROW,23360.55,23286.6,0.562,RANGE,STRONG_SELL_PREMIUM,RANGE,PREMIUM_SELL_RANGE,RANGE_RANGE_NARROW,26.43,1,31.65,HIGH,2,0,0,0,0,0,,,,
12:53:47,23327.9,23360.55,23305.05,NARROW,23360.55,23286.6,0.558,RANGE,STRONG_SELL_PREMIUM,RANGE,PREMIUM_SELL_RANGE,RANGE_RANGE_NARROW,26.43,1,31.64,HIGH,2,0,0,0,0,0,,,,
12:54:02,23327.2,23360.55,23305.05,NARROW,23360.55,23286.6,0.549,RANGE,STRONG_SELL_PREMIUM,RANGE,PREMIUM_SELL_RANGE,RANGE_RANGE_NARROW,26.43,1,31.62,HIGH,2,0,0,0,0,0,,,,
12:54:17,23330.05,23360.55,23305.05,NARROW,23360.55,23286.6,0.588,RANGE,STRONG_SELL_PREMIUM,RANGE,PREMIUM_SELL_RANGE,RANGE_RANGE_NARROW,26.43,1,31.6,HIGH,2,0,1,0,0,0,,,,
12:54:32,23328.65,23360.55,23305.05,NARROW,23360.55,23286.6,0.569,RANGE,STRONG_SELL_PREMIUM,RANGE,PREMIUM_SELL_RANGE,RANGE_RANGE_NARROW,26.43,1,31.58,HIGH,2,0,0,0,0,0,,,,
12:54:47,23330.4,23360.55,23305.05,NARROW,23360.55,23286.6,0.592,RANGE,STRONG_SELL_PREMIUM,RANGE,PREMIUM_SELL_RANGE,RANGE_RANGE_NARROW,26.43,1,31.56,HIGH,2,0,1,0,0,0,,,,
12:55:02,23330.25,23360.55,23305.05,NARROW,23360.55,23286.6,0.590,RANGE,STRONG_SELL_PREMIUM,RANGE,PREMIUM_SELL_RANGE,RANGE_RANGE_NARROW,27.42,1,31.54,HIGH,2,0,1,0,0,0,,,,
12:55:17,23329.95,23360.55,23305.05,NARROW,23360.55,23286.6,0.586,RANGE,STRONG_SELL_PREMIUM,RANGE,PREMIUM_SELL_BEAR,AFTERNOON_DAY_HIGH_FADE_DTE2,27.42,1,31.53,HIGH,2,0,1,0,0,0,,,,
12:55:32,23329.65,23360.55,23305.05,NARROW,23360.55,23286.6,0.582,RANGE,STRONG_SELL_PREMIUM,RANGE,PREMIUM_SELL_BEAR,AFTERNOON_DAY_HIGH_FADE_DTE2,27.42,1,31.51,HIGH,2,0,1,0,0,0,,,,
12:55:47,23327.45,23360.55,23305.05,NARROW,23360.55,23286.6,0.552,RANGE,STRONG_SELL_PREMIUM,RANGE,PREMIUM_SELL_BEAR,AFTERNOON_DAY_HIGH_FADE_DTE2,27.42,1,31.49,HIGH,2,0,0,0,0,0,,,,
12:56:02,23328.15,23360.55,23305.05,NARROW,23360.55,23286.6,0.562,RANGE,STRONG_SELL_PREMIUM,RANGE,PREMIUM_SELL_BEAR,AFTERNOON_DAY_HIGH_FADE_DTE2,27.64,1,31.47,HIGH,2,0,0,0,0,0,,,,
12:56:17,23331.6,23360.55,23305.05,NARROW,23360.55,23286.6,0.609,RANGE,STRONG_SELL_PREMIUM,RANGE,PREMIUM_SELL_BEAR,AFTERNOON_DAY_HIGH_FADE_DTE2,27.64,1,31.46,HIGH,2,0,1,0,0,0,,,,
12:56:32,23329.95,23360.55,23305.05,NARROW,23360.55,23286.6,0.586,RANGE,STRONG_SELL_PREMIUM,RANGE,PREMIUM_SELL_BEAR,AFTERNOON_DAY_HIGH_FADE_DTE2,27.64,1,31.44,HIGH,2,0,1,0,0,0,,,,
12:56:47,23329.6,23360.55,23305.05,NARROW,23360.55,23286.6,0.581,RANGE,STRONG_SELL_PREMIUM,RANGE,PREMIUM_SELL_BEAR,AFTERNOON_DAY_HIGH_FADE_DTE2,27.64,1,31.42,HIGH,2,0,1,0,0,0,,,,
12:57:02,23328.35,23360.55,23305.05,NARROW,23360.55,23286.6,0.565,RANGE,STRONG_SELL_PREMIUM,RANGE,PREMIUM_SELL_BEAR,AFTERNOON_DAY_HIGH_FADE_DTE2,27.64,1,31.4,HIGH,2,0,0,0,0,0,,,,
12:57:17,23327.7,23360.55,23305.05,NARROW,23360.55,23286.6,0.556,RANGE,STRONG_SELL_PREMIUM,RANGE,PREMIUM_SELL_BEAR,AFTERNOON_DAY_HIGH_FADE_DTE2,27.64,1,31.38,HIGH,2,0,0,0,0,0,,,,
12:57:32,23327.9,23360.55,23305.05,NARROW,23360.55,23286.6,0.558,RANGE,STRONG_SELL_PREMIUM,RANGE,PREMIUM_SELL_RANGE,RANGE_RANGE_NARROW,27.64,1,31.37,HIGH,2,0,0,0,0,0,,,,
12:57:47,23325.85,23360.55,23305.05,NARROW,23360.55,23286.6,0.531,RANGE,STRONG_SELL_PREMIUM,RANGE,PREMIUM_SELL_RANGE,RANGE_RANGE_NARROW,27.64,1,31.35,HIGH,2,0,0,0,0,0,,,,
12:58:02,23325.9,23360.55,23305.05,NARROW,23360.55,23286.6,0.531,RANGE,STRONG_SELL_PREMIUM,RANGE,PREMIUM_SELL_RANGE,RANGE_RANGE_NARROW,27.64,1,31.33,HIGH,2,0,0,0,0,0,,,,
12:58:17,23327.7,23360.55,23305.05,NARROW,23360.55,23286.6,0.556,RANGE,STRONG_SELL_PREMIUM,RANGE,PREMIUM_SELL_RANGE,RANGE_RANGE_NARROW,27.64,1,31.31,HIGH,2,0,0,0,0,0,,,,
12:58:33,23328.35,23360.55,23305.05,NARROW,23360.55,23286.6,0.565,RANGE,STRONG_SELL_PREMIUM,RANGE,PREMIUM_SELL_RANGE,RANGE_RANGE_NARROW,27.64,1,31.3,HIGH,2,0,0,0,0,0,,,,
12:58:48,23327.45,23360.55,23305.05,NARROW,23360.55,23286.6,0.552,RANGE,STRONG_SELL_PREMIUM,RANGE,PREMIUM_SELL_RANGE,RANGE_RANGE_NARROW,27.64,1,31.28,HIGH,2,0,0,0,0,0,,,,
12:59:03,23324.25,23360.55,23305.05,NARROW,23360.55,23286.6,0.509,RANGE,STRONG_SELL_PREMIUM,RANGE,PREMIUM_SELL_RANGE,RANGE_RANGE_NARROW,26.79,1,31.26,HIGH,2,0,0,0,0,0,,,,
12:59:18,23328.5,23360.55,23305.05,NARROW,23360.55,23286.6,0.567,RANGE,STRONG_SELL_PREMIUM,RANGE,PREMIUM_SELL_RANGE,RANGE_RANGE_NARROW,26.79,1,31.24,HIGH,2,0,0,0,0,0,,,,
12:59:33,23329.75,23360.55,23305.05,NARROW,23360.55,23286.6,0.584,RANGE,STRONG_SELL_PREMIUM,RANGE,PREMIUM_SELL_RANGE,RANGE_RANGE_NARROW,26.79,1,31.23,HIGH,2,0,1,0,0,0,,,,
12:59:48,23328.9,23360.55,23305.05,NARROW,23360.55,23286.6,0.572,RANGE,STRONG_SELL_PREMIUM,RANGE,PREMIUM_SELL_RANGE,RANGE_RANGE_NARROW,26.79,1,31.21,HIGH,2,0,0,0,0,0,,,,
13:00:03,23330.3,23360.55,23305.05,NARROW,23360.55,23286.6,0.591,RANGE,STRONG_SELL_PREMIUM,RANGE,PREMIUM_SELL_RANGE,RANGE_RANGE_NARROW,27.22,1,31.19,HIGH,2,0,1,0,0,0,,,,
13:00:18,23331.45,23360.55,23305.05,NARROW,23360.55,23286.6,0.606,RANGE,STRONG_SELL_PREMIUM,RANGE,PREMIUM_SELL_RANGE,RANGE_RANGE_NARROW,27.22,1,31.17,HIGH,2,0,1,0,0,0,,,,
13:00:33,23330.1,23360.55,23305.05,NARROW,23360.55,23286.6,0.588,RANGE,STRONG_SELL_PREMIUM,RANGE,PREMIUM_SELL_BEAR,AFTERNOON_DAY_HIGH_FADE_DTE2,27.22,1,31.16,HIGH,2,0,1,0,0,0,,,,
13:00:48,23330.8,23360.55,23305.05,NARROW,23360.55,23286.6,0.598,RANGE,STRONG_SELL_PREMIUM,RANGE,PREMIUM_SELL_BEAR,AFTERNOON_DAY_HIGH_FADE_DTE2,27.22,1,31.14,HIGH,2,0,1,0,0,0,,,,
13:01:03,23331.7,23360.55,23305.05,NARROW,23360.55,23286.6,0.610,RANGE,STRONG_SELL_PREMIUM,RANGE,PREMIUM_SELL_BEAR,AFTERNOON_DAY_HIGH_FADE_DTE2,27.71,1,31.12,HIGH,2,0,1,0,0,0,,,,
13:01:18,23331.75,23360.55,23305.05,NARROW,23360.55,23286.6,0.611,RANGE,STRONG_SELL_PREMIUM,RANGE,PREMIUM_SELL_BEAR,AFTERNOON_DAY_HIGH_FADE_DTE2,27.71,1,31.11,HIGH,2,0,1,0,0,0,,,,
13:01:33,23332.1,23360.55,23305.05,NARROW,23360.55,23286.6,0.615,RANGE,STRONG_SELL_PREMIUM,RANGE,PREMIUM_SELL_BEAR,AFTERNOON_DAY_HIGH_FADE_DTE2,27.71,1,31.09,HIGH,2,0,1,0,0,0,,,,
13:01:48,23334.1,23360.55,23305.05,NARROW,23360.55,23286.6,0.642,RANGE,STRONG_SELL_PREMIUM,RANGE,PREMIUM_SELL_BEAR,AFTERNOON_DAY_HIGH_FADE_DTE2,27.71,1,31.07,HIGH,2,0,1,0,0,0,,,,
13:02:03,23333.75,23360.55,23305.05,NARROW,23360.55,23286.6,0.638,RANGE,STRONG_SELL_PREMIUM,RANGE,PREMIUM_SELL_BEAR,AFTERNOON_DAY_HIGH_FADE_DTE2,28.26,1,31.05,HIGH,2,0,1,0,0,0,,,,
13:02:18,23333.6,23360.55,23305.05,NARROW,23360.55,23286.6,0.636,RANGE,STRONG_SELL_PREMIUM,RANGE,PREMIUM_SELL_BEAR,AFTERNOON_DAY_HIGH_FADE_DTE2,28.26,1,31.04,HIGH,2,0,1,0,0,0,,,,
13:02:33,23334.35,23360.55,23305.05,NARROW,23360.55,23286.6,0.646,RANGE,STRONG_SELL_PREMIUM,RANGE,PREMIUM_SELL_BEAR,AFTERNOON_DAY_HIGH_FADE_DTE2,28.26,1,31.02,HIGH,2,0,1,0,0,0,,,,
13:02:48,23335.4,23360.55,23305.05,NARROW,23360.55,23286.6,0.660,RANGE,STRONG_SELL_PREMIUM,RANGE,PREMIUM_SELL_BEAR,AFTERNOON_DAY_HIGH_FADE_DTE2,28.26,1,31.0,HIGH,2,0,1,0,0,0,,,,
13:03:03,23337.5,23360.55,23305.05,NARROW,23360.55,23286.6,0.688,RANGE,STRONG_SELL_PREMIUM,RANGE,PREMIUM_SELL_BEAR,AFTERNOON_DAY_HIGH_FADE_DTE2,28.26,1,30.99,HIGH,2,0,1,0,0,0,,,,
13:03:18,23337.35,23360.55,23305.05,NARROW,23360.55,23286.6,0.686,RANGE,STRONG_SELL_PREMIUM,RANGE,PREMIUM_SELL_BEAR,AFTERNOON_DAY_HIGH_FADE_DTE2,28.26,1,30.97,HIGH,2,0,1,0,0,0,,,,
13:03:33,23336.4,23360.55,23305.05,NARROW,23360.55,23286.6,0.673,RANGE,STRONG_SELL_PREMIUM,RANGE,PREMIUM_SELL_BEAR,AFTERNOON_DAY_HIGH_FADE_DTE2,28.26,1,30.95,HIGH,2,0,1,0,0,0,,,,
13:03:48,23336.05,23360.55,23305.05,NARROW,23360.55,23286.6,0.669,RANGE,STRONG_SELL_PREMIUM,RANGE,PREMIUM_SELL_BEAR,AFTERNOON_DAY_HIGH_FADE_DTE2,28.26,1,30.93,HIGH,2,0,1,0,0,0,,,,
13:04:03,23337.05,23360.55,23305.05,NARROW,23360.55,23286.6,0.682,RANGE,STRONG_SELL_PREMIUM,RANGE,PREMIUM_SELL_BEAR,AFTERNOON_DAY_HIGH_FADE_DTE2,28.75,1,30.92,HIGH,2,0,1,0,0,0,,,,
13:04:18,23342.05,23360.55,23305.05,NARROW,23360.55,23286.6,0.750,RANGE,STRONG_SELL_PREMIUM,RANGE,PREMIUM_SELL_BEAR,AFTERNOON_DAY_HIGH_FADE_DTE2,28.75,1,30.9,HIGH,2,0,1,0,0,0,,,,
13:04:33,23341.5,23360.55,23305.05,NARROW,23360.55,23286.6,0.742,RANGE,STRONG_SELL_PREMIUM,RANGE,PREMIUM_SELL_BEAR,AFTERNOON_DAY_HIGH_FADE_DTE2,28.75,1,30.88,HIGH,2,0,1,0,0,0,,,,
13:04:48,23337.65,23360.55,23305.05,NARROW,23360.55,23286.6,0.690,RANGE,STRONG_SELL_PREMIUM,RANGE,PREMIUM_SELL_BEAR,AFTERNOON_DAY_HIGH_FADE_DTE2,28.75,1,30.87,HIGH,2,0,1,0,0,0,,,,
13:05:03,23338.9,23360.55,23305.05,NARROW,23360.55,23286.6,0.707,RANGE,STRONG_SELL_PREMIUM,RANGE,PREMIUM_SELL_BEAR,AFTERNOON_DAY_HIGH_FADE_DTE2,30.52,1,30.85,HIGH,2,0,1,0,0,0,,,,
13:05:18,23337.15,23360.55,23305.05,NARROW,23360.55,23286.6,0.684,RANGE,STRONG_SELL_PREMIUM,RANGE,PREMIUM_SELL_BEAR,AFTERNOON_DAY_HIGH_FADE_DTE2,30.52,1,30.83,HIGH,2,0,1,0,0,0,,,,
13:05:34,23337.75,23360.55,23305.05,NARROW,23360.55,23286.6,0.692,RANGE,STRONG_SELL_PREMIUM,RANGE,PREMIUM_SELL_BEAR,AFTERNOON_DAY_HIGH_FADE_DTE2,30.52,1,30.82,HIGH,2,0,1,0,0,0,,,,
13:05:49,23333.85,23360.55,23305.05,NARROW,23360.55,23286.6,0.639,RANGE,STRONG_SELL_PREMIUM,RANGE,PREMIUM_SELL_BEAR,AFTERNOON_DAY_HIGH_FADE_DTE2,30.52,1,30.8,HIGH,2,0,1,0,0,0,,,,
13:06:04,23333.7,23360.55,23305.05,NARROW,23360.55,23286.6,0.637,RANGE,STRONG_SELL_PREMIUM,RANGE,PREMIUM_SELL_BEAR,AFTERNOON_DAY_HIGH_FADE_DTE2,30.52,1,30.78,HIGH,2,0,1,0,0,0,,,,
13:06:19,23334.75,23360.55,23305.05,NARROW,23360.55,23286.6,0.651,RANGE,STRONG_SELL_PREMIUM,RANGE,PREMIUM_SELL_BEAR,AFTERNOON_DAY_HIGH_FADE_DTE2,30.52,1,30.77,HIGH,2,0,1,0,0,0,,,,
13:06:34,23337.85,23360.55,23305.05,NARROW,23360.55,23286.6,0.693,RANGE,STRONG_SELL_PREMIUM,RANGE,PREMIUM_SELL_BEAR,AFTERNOON_DAY_HIGH_FADE_DTE2,30.52,1,30.75,HIGH,2,0,1,0,0,0,,,,
13:06:49,23335.75,23360.55,23305.05,NARROW,23360.55,23286.6,0.665,RANGE,STRONG_SELL_PREMIUM,RANGE,PREMIUM_SELL_BEAR,AFTERNOON_DAY_HIGH_FADE_DTE2,30.52,1,30.73,HIGH,2,0,1,0,0,0,,,,
13:07:04,23335.25,23360.55,23305.05,NARROW,23360.55,23286.6,0.658,RANGE,STRONG_SELL_PREMIUM,RANGE,PREMIUM_SELL_BEAR,AFTERNOON_DAY_HIGH_FADE_DTE2,30.52,1,30.72,HIGH,2,0,1,0,0,0,,,,
13:07:19,23334.9,23360.55,23305.05,NARROW,23360.55,23286.6,0.653,RANGE,STRONG_SELL_PREMIUM,RANGE,PREMIUM_SELL_BEAR,AFTERNOON_DAY_HIGH_FADE_DTE2,30.52,1,30.7,HIGH,2,0,1,0,0,0,,,,
13:07:34,23334.9,23360.55,23305.05,NARROW,23360.55,23286.6,0.653,RANGE,STRONG_SELL_PREMIUM,RANGE,PREMIUM_SELL_BEAR,AFTERNOON_DAY_HIGH_FADE_DTE2,30.52,1,30.68,HIGH,2,0,1,0,0,0,,,,
13:07:49,23336.4,23360.55,23305.05,NARROW,23360.55,23286.6,0.673,RANGE,STRONG_SELL_PREMIUM,RANGE,PREMIUM_SELL_BEAR,AFTERNOON_DAY_HIGH_FADE_DTE2,30.52,1,30.67,HIGH,2,0,1,0,0,0,,,,
13:08:04,23337.4,23360.55,23305.05,NARROW,23360.55,23286.6,0.687,RANGE,STRONG_SELL_PREMIUM,RANGE,PREMIUM_SELL_BEAR,AFTERNOON_DAY_HIGH_FADE_DTE2,30.52,1,30.65,HIGH,2,0,1,0,0,0,,,,
13:08:19,23337.4,23360.55,23305.05,NARROW,23360.55,23286.6,0.687,RANGE,STRONG_SELL_PREMIUM,RANGE,PREMIUM_SELL_BEAR,AFTERNOON_DAY_HIGH_FADE_DTE2,30.52,1,30.63,HIGH,2,0,1,0,0,0,,,,
13:08:34,23336.0,23360.55,23305.05,NARROW,23360.55,23286.6,0.668,RANGE,STRONG_SELL_PREMIUM,RANGE,PREMIUM_SELL_BEAR,AFTERNOON_DAY_HIGH_FADE_DTE2,30.52,1,30.62,HIGH,2,0,1,0,0,0,,,,
13:08:49,23335.1,23360.55,23305.05,NARROW,23360.55,23286.6,0.656,RANGE,STRONG_SELL_PREMIUM,RANGE,PREMIUM_SELL_BEAR,AFTERNOON_DAY_HIGH_FADE_DTE2,30.52,1,30.6,HIGH,2,0,1,0,0,0,,,,
13:09:04,23335.7,23360.55,23305.05,NARROW,23360.55,23286.6,0.664,RANGE,STRONG_SELL_PREMIUM,RANGE,PREMIUM_SELL_BEAR,AFTERNOON_DAY_HIGH_FADE_DTE2,30.52,1,30.58,HIGH,2,0,1,0,0,0,,,,
13:09:19,23334.25,23360.55,23305.05,NARROW,23360.55,23286.6,0.644,RANGE,STRONG_SELL_PREMIUM,RANGE,PREMIUM_SELL_BEAR,AFTERNOON_DAY_HIGH_FADE_DTE2,30.52,1,30.57,HIGH,2,0,1,0,0,0,,,,
13:09:34,23334.75,23360.55,23305.05,NARROW,23360.55,23286.6,0.651,RANGE,STRONG_SELL_PREMIUM,RANGE,PREMIUM_SELL_BEAR,AFTERNOON_DAY_HIGH_FADE_DTE2,30.52,1,30.55,HIGH,2,0,1,0,0,0,,,,
13:09:49,23333.95,23360.55,23305.05,NARROW,23360.55,23286.6,0.640,RANGE,STRONG_SELL_PREMIUM,RANGE,PREMIUM_SELL_BEAR,AFTERNOON_DAY_HIGH_FADE_DTE2,30.52,1,30.54,HIGH,2,0,1,0,0,0,,,,
13:10:04,23333.6,23360.55,23305.05,NARROW,23360.55,23286.6,0.636,RANGE,STRONG_SELL_PREMIUM,RANGE,PREMIUM_SELL_BEAR,AFTERNOON_DAY_HIGH_FADE_DTE2,31.77,1,30.52,HIGH,2,0,1,0,0,0,,,,
13:10:19,23332.2,23360.55,23305.05,NARROW,23360.55,23286.6,0.617,RANGE,STRONG_SELL_PREMIUM,RANGE,PREMIUM_SELL_BEAR,AFTERNOON_DAY_HIGH_FADE_DTE2,31.77,1,30.5,HIGH,2,0,1,0,0,0,,,,
13:10:34,23333.2,23360.55,23305.05,NARROW,23360.55,23286.6,0.630,RANGE,STRONG_SELL_PREMIUM,RANGE,PREMIUM_SELL_BEAR,AFTERNOON_DAY_HIGH_FADE_DTE2,31.77,1,30.49,HIGH,2,0,1,0,0,0,,,,
13:10:49,23333.55,23360.55,23305.05,NARROW,23360.55,23286.6,0.635,RANGE,STRONG_SELL_PREMIUM,RANGE,PREMIUM_SELL_BEAR,AFTERNOON_DAY_HIGH_FADE_DTE2,31.77,1,30.47,HIGH,2,0,1,0,0,0,,,,
13:11:05,23332.2,23360.55,23305.05,NARROW,23360.55,23286.6,0.617,RANGE,STRONG_SELL_PREMIUM,RANGE,PREMIUM_SELL_BEAR,AFTERNOON_DAY_HIGH_FADE_DTE2,30.44,1,30.45,HIGH,2,0,1,0,0,0,,,,
13:11:19,23332.65,23360.55,23305.05,NARROW,23360.55,23286.6,0.623,RANGE,STRONG_SELL_PREMIUM,RANGE,PREMIUM_SELL_BEAR,AFTERNOON_DAY_HIGH_FADE_DTE2,30.44,1,30.44,HIGH,2,0,1,0,0,0,,,,
13:11:34,23331.2,23360.55,23305.05,NARROW,23360.55,23286.6,0.603,RANGE,STRONG_SELL_PREMIUM,RANGE,PREMIUM_SELL_BEAR,AFTERNOON_DAY_HIGH_FADE_DTE2,30.44,1,30.42,HIGH,2,0,0,0,0,0,,,,
13:11:50,23329.45,23360.55,23305.05,NARROW,23360.55,23286.6,0.579,RANGE,STRONG_SELL_PREMIUM,RANGE,PREMIUM_SELL_BEAR,AFTERNOON_DAY_HIGH_FADE_DTE2,30.44,1,30.41,HIGH,2,0,0,0,0,0,,,,
13:12:05,23329.15,23360.55,23305.05,NARROW,23360.55,23286.6,0.575,RANGE,STRONG_SELL_PREMIUM,RANGE,PREMIUM_SELL_RANGE,RANGE_RANGE_NARROW,30.44,1,30.39,HIGH,2,0,0,0,0,0,,,,
13:12:20,23329.05,23360.55,23305.05,NARROW,23360.55,23286.6,0.574,RANGE,STRONG_SELL_PREMIUM,RANGE,PREMIUM_SELL_RANGE,RANGE_RANGE_NARROW,30.44,1,30.37,HIGH,2,0,0,0,0,0,,,,
13:12:35,23332.3,23360.55,23305.05,NARROW,23360.55,23286.6,0.618,RANGE,STRONG_SELL_PREMIUM,RANGE,PREMIUM_SELL_RANGE,RANGE_RANGE_NARROW,30.44,1,30.36,HIGH,2,0,1,0,0,0,,,,
13:12:50,23334.6,23360.55,23305.05,NARROW,23360.55,23286.6,0.649,RANGE,STRONG_SELL_PREMIUM,RANGE,PREMIUM_SELL_RANGE,RANGE_RANGE_NARROW,30.44,1,30.34,HIGH,2,0,1,0,0,0,,,,
13:13:05,23332.55,23360.55,23305.05,NARROW,23360.55,23286.6,0.621,RANGE,STRONG_SELL_PREMIUM,RANGE,PREMIUM_SELL_BEAR,AFTERNOON_DAY_HIGH_FADE_DTE2,30.44,1,30.33,HIGH,2,0,1,0,0,0,,,,
13:13:20,23331.85,23360.55,23305.05,NARROW,23360.55,23286.6,0.612,RANGE,STRONG_SELL_PREMIUM,RANGE,PREMIUM_SELL_BEAR,AFTERNOON_DAY_HIGH_FADE_DTE2,30.44,1,30.31,HIGH,2,0,1,0,0,0,,,,
13:13:35,23331.85,23360.55,23305.05,NARROW,23360.55,23286.6,0.612,RANGE,STRONG_SELL_PREMIUM,RANGE,PREMIUM_SELL_BEAR,AFTERNOON_DAY_HIGH_FADE_DTE2,30.44,1,30.29,HIGH,2,0,1,0,0,0,,,,
13:13:50,23330.4,23360.55,23305.05,NARROW,23360.55,23286.6,0.592,RANGE,STRONG_SELL_PREMIUM,RANGE,PREMIUM_SELL_BEAR,AFTERNOON_DAY_HIGH_FADE_DTE2,30.44,1,30.28,HIGH,2,0,0,0,0,0,,,,
13:14:05,23329.35,23360.55,23305.05,NARROW,23360.55,23286.6,0.578,RANGE,STRONG_SELL_PREMIUM,RANGE,PREMIUM_SELL_BEAR,AFTERNOON_DAY_HIGH_FADE_DTE2,30.44,1,30.26,HIGH,2,0,0,0,0,0,,,,
13:14:20,23328.55,23360.55,23305.05,NARROW,23360.55,23286.6,0.567,RANGE,STRONG_SELL_PREMIUM,RANGE,PREMIUM_SELL_RANGE,RANGE_RANGE_NARROW,30.44,1,30.25,HIGH,2,0,0,0,0,0,,,,
13:14:35,23332.75,23360.55,23305.05,NARROW,23360.55,23286.6,0.624,RANGE,STRONG_SELL_PREMIUM,RANGE,PREMIUM_SELL_RANGE,RANGE_RANGE_NARROW,30.44,1,30.23,HIGH,2,0,1,0,0,0,,,,
13:14:50,23330.0,23360.55,23305.05,NARROW,23360.55,23286.6,0.587,RANGE,STRONG_SELL_PREMIUM,RANGE,PREMIUM_SELL_RANGE,RANGE_RANGE_NARROW,30.44,1,30.21,HIGH,2,0,0,0,0,0,,,,
13:15:05,23330.3,23360.55,23305.05,NARROW,23360.55,23286.6,0.591,RANGE,STRONG_SELL_PREMIUM,RANGE,PREMIUM_SELL_RANGE,RANGE_RANGE_NARROW,29.33,1,30.2,HIGH,2,0,0,0,0,0,,,,
13:15:20,23329.1,23360.55,23305.05,NARROW,23360.55,23286.6,0.575,RANGE,STRONG_SELL_PREMIUM,RANGE,PREMIUM_SELL_RANGE,RANGE_RANGE_NARROW,29.33,1,30.18,HIGH,2,0,0,0,0,0,,,,
13:15:35,23327.4,23360.55,23305.05,NARROW,23360.55,23286.6,0.552,RANGE,STRONG_SELL_PREMIUM,RANGE,PREMIUM_SELL_RANGE,RANGE_RANGE_NARROW,29.33,1,30.17,HIGH,2,0,0,0,0,0,,,,
13:15:50,23325.95,23360.55,23305.05,NARROW,23360.55,23286.6,0.532,RANGE,STRONG_SELL_PREMIUM,RANGE,PREMIUM_SELL_RANGE,RANGE_RANGE_NARROW,29.33,1,30.15,HIGH,2,0,0,0,0,0,,,,
13:16:05,23326.15,23360.55,23305.05,NARROW,23360.55,23286.6,0.535,RANGE,STRONG_SELL_PREMIUM,RANGE,PREMIUM_SELL_RANGE,RANGE_RANGE_NARROW,29.08,1,30.14,HIGH,2,0,0,0,0,0,,,,
13:16:20,23323.9,23360.55,23305.05,NARROW,23360.55,23286.6,0.504,RANGE,STRONG_SELL_PREMIUM,RANGE,PREMIUM_SELL_RANGE,RANGE_RANGE_NARROW,29.08,1,30.12,HIGH,2,0,0,0,0,0,,,,
13:16:35,23324.75,23360.55,23305.05,NARROW,23360.55,23286.6,0.516,RANGE,STRONG_SELL_PREMIUM,RANGE,PREMIUM_SELL_RANGE,RANGE_RANGE_NARROW,29.08,1,30.1,HIGH,2,0,0,0,0,0,,,,
13:16:50,23325.2,23360.55,23305.05,NARROW,23360.55,23286.6,0.522,RANGE,STRONG_SELL_PREMIUM,RANGE,PREMIUM_SELL_RANGE,RANGE_RANGE_NARROW,29.08,1,30.09,HIGH,2,0,0,0,0,0,,,,
13:17:05,23327.5,23360.55,23305.05,NARROW,23360.55,23286.6,0.553,RANGE,STRONG_SELL_PREMIUM,RANGE,PREMIUM_SELL_RANGE,RANGE_RANGE_NARROW,29.08,1,30.07,HIGH,2,0,0,0,0,0,,,,
13:17:20,23328.25,23360.55,23305.05,NARROW,23360.55,23286.6,0.563,RANGE,STRONG_SELL_PREMIUM,RANGE,PREMIUM_SELL_RANGE,RANGE_RANGE_NARROW,29.08,1,30.06,HIGH,2,0,0,0,0,0,,,,
13:17:35,23328.3,23360.55,23305.05,NARROW,23360.55,23286.6,0.564,RANGE,STRONG_SELL_PREMIUM,RANGE,PREMIUM_SELL_RANGE,RANGE_RANGE_NARROW,29.08,1,30.04,HIGH,2,0,0,0,0,0,,,,
13:17:50,23328.85,23360.55,23305.05,NARROW,23360.55,23286.6,0.571,RANGE,STRONG_SELL_PREMIUM,RANGE,PREMIUM_SELL_RANGE,RANGE_RANGE_NARROW,29.08,1,30.03,HIGH,2,0,0,0,0,0,,,,
13:18:05,23326.3,23360.55,23305.05,NARROW,23360.55,23286.6,0.537,RANGE,STRONG_SELL_PREMIUM,RANGE,PREMIUM_SELL_RANGE,RANGE_RANGE_NARROW,28.66,1,30.01,HIGH,2,0,0,0,0,0,,,,
13:18:20,23322.1,23360.55,23305.05,NARROW,23360.55,23286.6,0.480,RANGE,STRONG_SELL_PREMIUM,RANGE,PREMIUM_SELL_RANGE,RANGE_RANGE_NARROW,28.66,1,30.0,HIGH,2,0,0,0,0,0,,,,
13:18:35,23324.9,23360.55,23305.05,NARROW,23360.55,23286.6,0.518,RANGE,STRONG_SELL_PREMIUM,RANGE,PREMIUM_SELL_RANGE,RANGE_RANGE_NARROW,28.66,1,29.98,HIGH,2,0,0,0,0,0,,,,
13:18:50,23323.35,23360.55,23305.05,NARROW,23360.55,23286.6,0.497,RANGE,STRONG_SELL_PREMIUM,RANGE,PREMIUM_SELL_RANGE,RANGE_RANGE_NARROW,28.66,1,29.97,HIGH,2,0,0,0,0,0,,,,
13:19:05,23323.1,23360.55,23305.05,NARROW,23360.55,23286.6,0.494,RANGE,STRONG_SELL_PREMIUM,RANGE,PREMIUM_SELL_RANGE,RANGE_RANGE_NARROW,28.34,1,29.95,HIGH,2,0,0,0,0,0,,,,
13:19:20,23322.15,23360.55,23305.05,NARROW,23360.55,23286.6,0.481,RANGE,STRONG_SELL_PREMIUM,RANGE,PREMIUM_SELL_RANGE,RANGE_RANGE_NARROW,28.34,1,29.93,HIGH,2,0,0,0,0,0,,,,
13:19:35,23323.6,23360.55,23305.05,NARROW,23360.55,23286.6,0.500,RANGE,STRONG_SELL_PREMIUM,RANGE,PREMIUM_SELL_RANGE,RANGE_RANGE_NARROW,28.34,1,29.92,HIGH,2,0,0,0,0,0,,,,
13:19:50,23324.2,23360.55,23305.05,NARROW,23360.55,23286.6,0.508,RANGE,STRONG_SELL_PREMIUM,RANGE,PREMIUM_SELL_RANGE,RANGE_RANGE_NARROW,28.34,1,29.9,HIGH,2,0,0,0,0,0,,,,
13:20:05,23323.0,23360.55,23305.05,NARROW,23360.55,23286.6,0.492,RANGE,STRONG_SELL_PREMIUM,RANGE,PREMIUM_SELL_RANGE,RANGE_RANGE_NARROW,26.16,1,29.89,HIGH,2,0,0,0,0,0,,,,
13:20:20,23321.4,23360.55,23305.05,NARROW,23360.55,23286.6,0.471,RANGE,STRONG_SELL_PREMIUM,RANGE,PREMIUM_SELL_RANGE,RANGE_RANGE_NARROW,26.16,1,29.87,HIGH,2,0,0,0,0,0,,,,
13:20:36,23320.45,23360.55,23305.05,NARROW,23360.55,23286.6,0.458,RANGE,STRONG_SELL_PREMIUM,RANGE,PREMIUM_SELL_RANGE,RANGE_RANGE_NARROW,26.16,1,29.86,HIGH,2,0,0,0,0,0,,,,
13:20:51,23320.85,23360.55,23305.05,NARROW,23360.55,23286.6,0.463,RANGE,STRONG_SELL_PREMIUM,RANGE,PREMIUM_SELL_RANGE,RANGE_RANGE_NARROW,26.16,1,29.84,HIGH,2,0,0,0,0,0,,,,
13:21:06,23320.45,23360.55,23305.05,NARROW,23360.55,23286.6,0.458,RANGE,STRONG_SELL_PREMIUM,RANGE,PREMIUM_SELL_RANGE,RANGE_RANGE_NARROW,26.02,1,29.83,HIGH,2,0,0,0,0,0,,,,
13:21:21,23320.45,23360.55,23305.05,NARROW,23360.55,23286.6,0.458,RANGE,STRONG_SELL_PREMIUM,RANGE,PREMIUM_SELL_RANGE,RANGE_RANGE_NARROW,26.02,1,29.81,HIGH,2,0,0,0,0,0,,,,
13:21:36,23322.85,23360.55,23305.05,NARROW,23360.55,23286.6,0.490,RANGE,STRONG_SELL_PREMIUM,RANGE,PREMIUM_SELL_RANGE,RANGE_RANGE_NARROW,26.02,1,29.8,HIGH,2,0,0,0,0,0,,,,
13:21:51,23321.25,23360.55,23305.05,NARROW,23360.55,23286.6,0.469,RANGE,STRONG_SELL_PREMIUM,RANGE,PREMIUM_SELL_RANGE,RANGE_RANGE_NARROW,26.02,1,29.78,HIGH,2,0,0,0,0,0,,,,
13:22:06,23324.35,23360.55,23305.05,NARROW,23360.55,23286.6,0.510,RANGE,STRONG_SELL_PREMIUM,RANGE,PREMIUM_SELL_RANGE,RANGE_RANGE_NARROW,26.02,1,29.77,HIGH,2,0,0,0,0,0,,,,
13:22:21,23324.05,23360.55,23305.05,NARROW,23360.55,23286.6,0.506,RANGE,STRONG_SELL_PREMIUM,RANGE,PREMIUM_SELL_RANGE,RANGE_RANGE_NARROW,26.02,1,29.75,HIGH,2,0,0,0,0,0,,,,
13:22:36,23324.25,23360.55,23305.05,NARROW,23360.55,23286.6,0.509,RANGE,STRONG_SELL_PREMIUM,RANGE,PREMIUM_SELL_RANGE,RANGE_RANGE_NARROW,26.02,1,29.74,HIGH,2,0,0,0,0,0,,,,
13:22:51,23325.0,23360.55,23305.05,NARROW,23360.55,23286.6,0.519,RANGE,STRONG_SELL_PREMIUM,RANGE,PREMIUM_SELL_RANGE,RANGE_RANGE_NARROW,26.02,1,29.72,HIGH,2,0,0,0,0,0,,,,
13:23:06,23326.35,23360.55,23305.05,NARROW,23360.55,23286.6,0.538,RANGE,STRONG_SELL_PREMIUM,RANGE,PREMIUM_SELL_RANGE,RANGE_RANGE_NARROW,26.02,1,29.71,HIGH,2,0,0,0,0,0,,,,
13:23:21,23325.9,23360.55,23305.05,NARROW,23360.55,23286.6,0.531,RANGE,STRONG_SELL_PREMIUM,RANGE,PREMIUM_SELL_RANGE,RANGE_RANGE_NARROW,26.02,1,29.69,HIGH,2,0,0,0,0,0,,,,
13:23:36,23324.0,23360.55,23305.05,NARROW,23360.55,23286.6,0.506,RANGE,STRONG_SELL_PREMIUM,RANGE,PREMIUM_SELL_RANGE,RANGE_RANGE_NARROW,26.02,1,29.68,HIGH,2,0,0,0,0,0,,,,
13:23:51,23322.7,23360.55,23305.05,NARROW,23360.55,23286.6,0.488,RANGE,STRONG_SELL_PREMIUM,RANGE,PREMIUM_SELL_RANGE,RANGE_RANGE_NARROW,26.02,1,29.66,HIGH,2,0,0,0,0,0,,,,
13:24:06,23324.65,23360.55,23305.05,NARROW,23360.55,23286.6,0.515,RANGE,STRONG_SELL_PREMIUM,RANGE,PREMIUM_SELL_RANGE,RANGE_RANGE_NARROW,26.02,1,29.65,HIGH,2,0,0,0,0,0,,,,
13:24:21,23325.1,23360.55,23305.05,NARROW,23360.55,23286.6,0.521,RANGE,STRONG_SELL_PREMIUM,RANGE,PREMIUM_SELL_RANGE,RANGE_RANGE_NARROW,26.02,1,29.63,HIGH,2,0,0,0,0,0,,,,
13:24:36,23329.35,23360.55,23305.05,NARROW,23360.55,23286.6,0.578,RANGE,STRONG_SELL_PREMIUM,RANGE,PREMIUM_SELL_RANGE,RANGE_RANGE_NARROW,26.02,1,29.62,HIGH,2,0,0,0,0,0,,,,
13:24:51,23325.15,23360.55,23305.05,NARROW,23360.55,23286.6,0.521,RANGE,STRONG_SELL_PREMIUM,RANGE,PREMIUM_SELL_RANGE,RANGE_RANGE_NARROW,26.02,1,29.6,HIGH,2,0,0,0,0,0,,,,
13:25:06,23322.6,23360.55,23305.05,NARROW,23360.55,23286.6,0.487,RANGE,STRONG_SELL_PREMIUM,RANGE,PREMIUM_SELL_RANGE,RANGE_RANGE_NARROW,23.73,1,29.59,HIGH,2,0,0,0,0,0,,,,
13:25:21,23324.45,23360.55,23305.05,NARROW,23360.55,23286.6,0.512,RANGE,STRONG_SELL_PREMIUM,RANGE,PREMIUM_SELL_RANGE,RANGE_RANGE_NARROW,23.73,1,29.57,HIGH,2,0,0,0,0,0,,,,
13:25:36,23324.2,23360.55,23305.05,NARROW,23360.55,23286.6,0.508,RANGE,STRONG_SELL_PREMIUM,RANGE,PREMIUM_SELL_RANGE,RANGE_RANGE_NARROW,23.73,1,29.56,HIGH,2,0,0,0,0,0,,,,
13:25:51,23322.7,23360.55,23305.05,NARROW,23360.55,23286.6,0.488,RANGE,STRONG_SELL_PREMIUM,RANGE,PREMIUM_SELL_RANGE,RANGE_RANGE_NARROW,23.73,1,29.54,HIGH,2,0,0,0,0,0,,,,
13:26:06,23322.2,23360.55,23305.05,NARROW,23360.55,23286.6,0.481,RANGE,STRONG_SELL_PREMIUM,RANGE,PREMIUM_SELL_RANGE,RANGE_RANGE_NARROW,23.73,1,29.53,HIGH,2,0,0,0,0,0,,,,
13:26:21,23323.35,23360.55,23305.05,NARROW,23360.55,23286.6,0.497,RANGE,STRONG_SELL_PREMIUM,RANGE,PREMIUM_SELL_RANGE,RANGE_RANGE_NARROW,23.73,1,29.51,HIGH,2,0,0,0,0,0,,,,
13:26:36,23324.45,23360.55,23305.05,NARROW,23360.55,23286.6,0.512,RANGE,STRONG_SELL_PREMIUM,RANGE,PREMIUM_SELL_RANGE,RANGE_RANGE_NARROW,23.73,1,29.5,HIGH,2,0,0,0,0,0,,,,
13:26:51,23325.05,23360.55,23305.05,NARROW,23360.55,23286.6,0.520,RANGE,STRONG_SELL_PREMIUM,RANGE,PREMIUM_SELL_RANGE,RANGE_RANGE_NARROW,23.73,1,29.48,HIGH,2,0,0,0,0,0,,,,
13:27:06,23325.6,23360.55,23305.05,NARROW,23360.55,23286.6,0.527,RANGE,STRONG_SELL_PREMIUM,RANGE,PREMIUM_SELL_RANGE,RANGE_RANGE_NARROW,23.73,1,29.47,HIGH,2,0,0,0,0,0,,,,
13:27:21,23325.75,23360.55,23305.05,NARROW,23360.55,23286.6,0.529,RANGE,STRONG_SELL_PREMIUM,RANGE,PREMIUM_SELL_RANGE,RANGE_RANGE_NARROW,23.73,1,29.46,HIGH,2,0,0,0,0,0,,,,
13:27:36,23324.35,23360.55,23305.05,NARROW,23360.55,23286.6,0.510,RANGE,STRONG_SELL_PREMIUM,RANGE,PREMIUM_SELL_RANGE,RANGE_RANGE_NARROW,23.73,1,29.44,HIGH,2,0,0,0,0,0,,,,
13:27:51,23324.4,23360.55,23305.05,NARROW,23360.55,23286.6,0.511,RANGE,STRONG_SELL_PREMIUM,RANGE,PREMIUM_SELL_RANGE,RANGE_RANGE_NARROW,23.73,1,29.43,HIGH,2,0,0,0,0,0,,,,
13:28:06,23324.05,23360.55,23305.05,NARROW,23360.55,23286.6,0.506,RANGE,STRONG_SELL_PREMIUM,RANGE,PREMIUM_SELL_RANGE,RANGE_RANGE_NARROW,23.73,1,29.41,HIGH,2,0,0,0,0,0,,,,
13:28:21,23323.65,23360.55,23305.05,NARROW,23360.55,23286.6,0.501,RANGE,STRONG_SELL_PREMIUM,RANGE,PREMIUM_SELL_RANGE,RANGE_RANGE_NARROW,23.73,1,29.4,HIGH,2,0,0,0,0,0,,,,
13:28:36,23325.75,23360.55,23305.05,NARROW,23360.55,23286.6,0.529,RANGE,STRONG_SELL_PREMIUM,RANGE,PREMIUM_SELL_RANGE,RANGE_RANGE_NARROW,23.73,1,29.38,HIGH,2,0,0,0,0,0,,,,
13:28:51,23325.05,23360.55,23305.05,NARROW,23360.55,23286.6,0.520,RANGE,STRONG_SELL_PREMIUM,RANGE,PREMIUM_SELL_RANGE,RANGE_RANGE_NARROW,23.73,1,29.37,HIGH,2,0,0,0,0,0,,,,
13:29:07,23323.05,23360.55,23305.05,NARROW,23360.55,23286.6,0.493,RANGE,STRONG_SELL_PREMIUM,RANGE,PREMIUM_SELL_RANGE,RANGE_RANGE_NARROW,23.73,1,29.35,HIGH,2,0,0,0,0,0,,,,
13:29:22,23323.15,23360.55,23305.05,NARROW,23360.55,23286.6,0.494,RANGE,STRONG_SELL_PREMIUM,RANGE,PREMIUM_SELL_RANGE,RANGE_RANGE_NARROW,23.73,1,29.34,HIGH,2,0,0,0,0,0,,,,
13:29:37,23323.5,23360.55,23305.05,NARROW,23360.55,23286.6,0.499,RANGE,STRONG_SELL_PREMIUM,RANGE,PREMIUM_SELL_RANGE,RANGE_RANGE_NARROW,23.73,1,29.32,HIGH,2,0,0,0,0,0,,,,
13:29:52,23324.75,23360.55,23305.05,NARROW,23360.55,23286.6,0.516,RANGE,STRONG_SELL_PREMIUM,RANGE,PREMIUM_SELL_RANGE,RANGE_RANGE_NARROW,23.73,1,29.31,HIGH,2,0,0,0,0,0,,,,
13:30:07,23324.65,23360.55,23305.05,NARROW,23360.55,23286.6,0.515,RANGE,STRONG_SELL_PREMIUM,RANGE,PREMIUM_SELL_RANGE,RANGE_RANGE_NARROW,21.68,1,29.3,HIGH,2,0,0,0,0,0,,,,
13:30:21,23324.65,23360.55,23305.05,NARROW,23360.55,23286.6,0.515,RANGE,STRONG_SELL_PREMIUM,RANGE,PREMIUM_SELL_RANGE,RANGE_RANGE_NARROW,21.68,1,29.28,HIGH,2,0,0,0,0,0,,,,
13:30:37,23325.65,23360.55,23305.05,NARROW,23360.55,23286.6,0.528,RANGE,STRONG_SELL_PREMIUM,RANGE,PREMIUM_SELL_RANGE,RANGE_RANGE_NARROW,21.68,1,29.27,HIGH,2,0,0,0,0,0,,,,
13:30:52,23326.5,23360.55,23305.05,NARROW,23360.55,23286.6,0.540,RANGE,STRONG_SELL_PREMIUM,RANGE,PREMIUM_SELL_RANGE,RANGE_RANGE_NARROW,21.68,1,29.25,HIGH,2,0,0,0,0,0,,,,
13:31:07,23326.0,23360.55,23305.05,NARROW,23360.55,23286.6,0.533,RANGE,STRONG_SELL_PREMIUM,RANGE,PREMIUM_SELL_RANGE,RANGE_RANGE_NARROW,21.68,1,29.24,HIGH,2,0,0,0,0,0,,,,
13:31:22,23322.65,23360.55,23305.05,NARROW,23360.55,23286.6,0.487,RANGE,STRONG_SELL_PREMIUM,RANGE,PREMIUM_SELL_RANGE,RANGE_RANGE_NARROW,21.68,1,29.22,HIGH,2,0,0,0,0,0,,,,
13:31:37,23322.3,23360.55,23305.05,NARROW,23360.55,23286.6,0.483,RANGE,STRONG_SELL_PREMIUM,RANGE,PREMIUM_SELL_RANGE,RANGE_RANGE_NARROW,21.68,1,29.21,HIGH,2,0,0,0,0,0,,,,
13:31:52,23324.5,23360.55,23305.05,NARROW,23360.55,23286.6,0.513,RANGE,STRONG_SELL_PREMIUM,RANGE,PREMIUM_SELL_RANGE,RANGE_RANGE_NARROW,21.68,1,29.2,HIGH,2,0,0,0,0,0,,,,
13:32:07,23325.1,23360.55,23305.05,NARROW,23360.55,23286.6,0.521,RANGE,STRONG_SELL_PREMIUM,RANGE,PREMIUM_SELL_RANGE,RANGE_RANGE_NARROW,21.68,1,29.18,HIGH,2,0,0,0,0,0,,,,
13:32:22,23325.85,23360.55,23305.05,NARROW,23360.55,23286.6,0.531,RANGE,STRONG_SELL_PREMIUM,RANGE,PREMIUM_SELL_RANGE,RANGE_RANGE_NARROW,21.68,1,29.17,HIGH,2,0,0,0,0,0,,,,
13:32:37,23327.3,23360.55,23305.05,NARROW,23360.55,23286.6,0.550,RANGE,STRONG_SELL_PREMIUM,RANGE,PREMIUM_SELL_RANGE,RANGE_RANGE_NARROW,21.68,1,29.15,HIGH,2,0,0,0,0,0,,,,
13:32:52,23327.55,23360.55,23305.05,NARROW,23360.55,23286.6,0.554,RANGE,STRONG_SELL_PREMIUM,RANGE,PREMIUM_SELL_RANGE,RANGE_RANGE_NARROW,21.68,1,29.14,HIGH,2,0,0,0,0,0,,,,
13:33:07,23326.55,23360.55,23305.05,NARROW,23360.55,23286.6,0.540,RANGE,STRONG_SELL_PREMIUM,RANGE,PREMIUM_SELL_RANGE,RANGE_RANGE_NARROW,21.88,1,29.12,HIGH,2,0,0,0,0,0,,,,
13:33:22,23327.65,23360.55,23305.05,NARROW,23360.55,23286.6,0.555,RANGE,STRONG_SELL_PREMIUM,RANGE,PREMIUM_SELL_RANGE,RANGE_RANGE_NARROW,21.88,1,29.11,HIGH,2,0,0,0,0,0,,,,
13:33:37,23327.85,23360.55,23305.05,NARROW,23360.55,23286.6,0.558,RANGE,STRONG_SELL_PREMIUM,RANGE,PREMIUM_SELL_RANGE,RANGE_RANGE_NARROW,21.88,1,29.1,HIGH,2,0,0,0,0,0,,,,
13:33:52,23328.9,23360.55,23305.05,NARROW,23360.55,23286.6,0.572,RANGE,STRONG_SELL_PREMIUM,RANGE,PREMIUM_SELL_RANGE,RANGE_RANGE_NARROW,21.88,1,29.08,HIGH,2,0,0,0,0,0,,,,
13:34:07,23329.3,23360.55,23305.05,NARROW,23360.55,23286.6,0.577,RANGE,STRONG_SELL_PREMIUM,RANGE,PREMIUM_SELL_RANGE,RANGE_RANGE_NARROW,22.87,1,29.07,HIGH,2,0,0,0,0,0,,,,
13:34:22,23329.85,23360.55,23305.05,NARROW,23360.55,23286.6,0.585,RANGE,STRONG_SELL_PREMIUM,RANGE,PREMIUM_SELL_RANGE,RANGE_RANGE_NARROW,22.87,1,29.05,HIGH,2,0,0,0,0,0,,,,
13:34:37,23329.15,23360.55,23305.05,NARROW,23360.55,23286.6,0.575,RANGE,STRONG_SELL_PREMIUM,RANGE,PREMIUM_SELL_RANGE,RANGE_RANGE_NARROW,22.87,1,29.04,HIGH,2,0,0,0,0,0,,,,
13:34:52,23327.9,23360.55,23305.05,NARROW,23360.55,23286.6,0.558,RANGE,STRONG_SELL_PREMIUM,RANGE,PREMIUM_SELL_RANGE,RANGE_RANGE_NARROW,22.87,1,29.03,HIGH,2,0,0,0,0,0,,,,
13:35:07,23325.15,23360.55,23305.05,NARROW,23360.55,23286.6,0.521,RANGE,STRONG_SELL_PREMIUM,RANGE,PREMIUM_SELL_RANGE,RANGE_RANGE_NARROW,22.09,1,29.01,HIGH,2,0,0,0,0,0,,,,
13:35:22,23325.45,23360.55,23305.05,NARROW,23360.55,23286.6,0.525,RANGE,STRONG_SELL_PREMIUM,RANGE,PREMIUM_SELL_RANGE,RANGE_RANGE_NARROW,22.09,1,29.0,HIGH,2,0,0,0,0,0,,,,
13:35:37,23323.9,23360.55,23305.05,NARROW,23360.55,23286.6,0.504,RANGE,STRONG_SELL_PREMIUM,RANGE,PREMIUM_SELL_RANGE,RANGE_RANGE_NARROW,22.09,1,28.98,HIGH,2,0,0,0,0,0,,,,
13:35:52,23323.7,23360.55,23305.05,NARROW,23360.55,23286.6,0.502,RANGE,STRONG_SELL_PREMIUM,RANGE,PREMIUM_SELL_RANGE,RANGE_RANGE_NARROW,22.09,1,28.97,HIGH,2,0,0,0,0,0,,,,
13:36:07,23322.4,23360.55,23305.05,NARROW,23360.55,23286.6,0.484,RANGE,STRONG_SELL_PREMIUM,RANGE,PREMIUM_SELL_RANGE,RANGE_RANGE_NARROW,22.09,1,28.96,HIGH,2,0,0,0,0,0,,,,
13:36:22,23321.85,23360.55,23305.05,NARROW,23360.55,23286.6,0.477,RANGE,STRONG_SELL_PREMIUM,RANGE,PREMIUM_SELL_RANGE,RANGE_RANGE_NARROW,22.09,1,28.94,HIGH,2,0,0,0,0,0,,,,
13:36:37,23319.7,23360.55,23305.05,NARROW,23360.55,23286.6,0.448,RANGE,STRONG_SELL_PREMIUM,RANGE,PREMIUM_SELL_RANGE,RANGE_RANGE_NARROW,22.09,1,28.93,HIGH,2,0,0,0,0,0,,,,
13:36:52,23321.25,23360.55,23305.05,NARROW,23360.55,23286.6,0.469,RANGE,STRONG_SELL_PREMIUM,RANGE,PREMIUM_SELL_RANGE,RANGE_RANGE_NARROW,22.09,1,28.92,HIGH,2,0,0,0,0,0,,,,
