time,spot,or_h,or_l,or_cond,day_h,day_l,loc,px,vol,pos,final,notes,adx,adx_m,dmu,conf,dte,choppy,fade_hi,fade_lo,fb_lo,fb_hi,action,strat,reason,in_trade
09:15:03,23192.9,,,,23239.15,23186.55,0.121,OBSERVING,NEUTRAL,BEARISH,NO_TRADE,NO_TRADE:OR_NOT_ESTABLISHED,0.0,0,0.0,NONE,4,0,0,0,0,0,NO_TRADE,,NO_TRADE:OR_NOT_ESTABLISHED,
09:15:17,23213.4,,,,23239.15,23186.55,0.510,OBSERVING,STRONG_SELL_PREMIUM,UNCLEAR,NO_TRADE,NO_TRADE:OR_NOT_ESTABLISHED,0.0,0,0.0,NONE,4,0,0,0,0,0,NO_TRADE,,NO_TRADE:OR_NOT_ESTABLISHED,
09:15:32,23224.55,,,,23239.15,23186.55,0.722,OBSERVING,STRONG_SELL_PREMIUM,UNCLEAR,NO_TRADE,NO_TRADE:OR_NOT_ESTABLISHED,0.0,0,0.0,NONE,4,0,0,0,0,0,NO_TRADE,,NO_TRADE:OR_NOT_ESTABLISHED,
09:15:47,23231.35,,,,23239.15,23186.55,0.852,OBSERVING,STRONG_SELL_PREMIUM,UNCLEAR,NO_TRADE,NO_TRADE:OR_NOT_ESTABLISHED,0.0,0,0.0,NONE,4,0,0,0,0,0,NO_TRADE,,NO_TRADE:OR_NOT_ESTABLISHED,
09:16:02,23232.1,,,,23271.95,23186.55,0.533,OBSERVING,STRONG_SELL_PREMIUM,UNCLEAR,NO_TRADE,NO_TRADE:OR_NOT_ESTABLISHED,0.0,0,0.0,NONE,4,0,0,0,0,0,NO_TRADE,,NO_TRADE:OR_NOT_ESTABLISHED,
09:16:17,23226.05,,,,23271.95,23186.55,0.463,OBSERVING,STRONG_SELL_PREMIUM,UNCLEAR,NO_TRADE,NO_TRADE:OR_NOT_ESTABLISHED,0.0,0,0.0,NONE,4,0,0,0,0,0,NO_TRADE,,NO_TRADE:OR_NOT_ESTABLISHED,
09:16:32,23223.75,,,,23271.95,23186.55,0.436,OBSERVING,STRONG_SELL_PREMIUM,UNCLEAR,NO_TRADE,NO_TRADE:OR_NOT_ESTABLISHED,0.0,0,0.0,NONE,4,0,0,0,0,0,NO_TRADE,,NO_TRADE:OR_NOT_ESTABLISHED,
09:16:47,23256.35,,,,23271.95,23186.55,0.817,OBSERVING,STRONG_SELL_PREMIUM,UNCLEAR,NO_TRADE,NO_TRADE:OR_NOT_ESTABLISHED,0.0,0,0.0,NONE,4,0,0,0,0,0,NO_TRADE,,NO_TRADE:OR_NOT_ESTABLISHED,
09:17:02,23271.05,,,,23280.7,23186.55,0.898,OBSERVING,STRONG_SELL_PREMIUM,UNCLEAR,NO_TRADE,NO_TRADE:OR_NOT_ESTABLISHED,0.0,0,0.0,NONE,4,0,0,0,0,0,NO_TRADE,,NO_TRADE:OR_NOT_ESTABLISHED,
09:17:17,23272.15,,,,23280.7,23186.55,0.909,OBSERVING,STRONG_SELL_PREMIUM,UNCLEAR,NO_TRADE,NO_TRADE:OR_NOT_ESTABLISHED,0.0,0,0.0,NONE,4,0,0,0,0,0,NO_TRADE,,NO_TRADE:OR_NOT_ESTABLISHED,
09:17:34,23275.45,,,,23280.7,23186.55,0.944,OBSERVING,STRONG_SELL_PREMIUM,UNCLEAR,NO_TRADE,NO_TRADE:OR_NOT_ESTABLISHED,0.0,0,0.0,NONE,4,0,0,0,0,0,NO_TRADE,,NO_TRADE:OR_NOT_ESTABLISHED,
09:17:48,23272.1,,,,23280.7,23186.55,0.909,OBSERVING,STRONG_SELL_PREMIUM,UNCLEAR,NO_TRADE,NO_TRADE:OR_NOT_ESTABLISHED,0.0,0,0.0,NONE,4,0,0,0,0,0,NO_TRADE,,NO_TRADE:OR_NOT_ESTABLISHED,
09:18:03,23279.9,,,,23281.15,23186.55,0.987,OBSERVING,STRONG_SELL_PREMIUM,RANGE,NO_TRADE,NO_TRADE:OR_NOT_ESTABLISHED,0.0,0,0.0,NONE,4,0,0,0,0,0,NO_TRADE,,NO_TRADE:OR_NOT_ESTABLISHED,
09:18:18,23271.35,,,,23281.15,23186.55,0.896,OBSERVING,STRONG_SELL_PREMIUM,RANGE,NO_TRADE,NO_TRADE:OR_NOT_ESTABLISHED,0.0,0,0.0,NONE,4,0,0,0,0,0,NO_TRADE,,NO_TRADE:OR_NOT_ESTABLISHED,
09:18:33,23256.1,,,,23281.15,23186.55,0.735,OBSERVING,STRONG_SELL_PREMIUM,RANGE,NO_TRADE,NO_TRADE:OR_NOT_ESTABLISHED,0.0,0,0.0,NONE,4,0,0,0,0,0,NO_TRADE,,NO_TRADE:OR_NOT_ESTABLISHED,
09:18:48,23253.2,,,,23281.15,23186.55,0.705,OBSERVING,STRONG_SELL_PREMIUM,RANGE,NO_TRADE,NO_TRADE:OR_NOT_ESTABLISHED,0.0,0,0.0,NONE,4,0,0,0,0,0,NO_TRADE,,NO_TRADE:OR_NOT_ESTABLISHED,
09:19:03,23247.0,,,,23281.15,23186.55,0.639,OBSERVING,STRONG_SELL_PREMIUM,UNCLEAR,NO_TRADE,NO_TRADE:OR_NOT_ESTABLISHED,0.0,0,0.0,NONE,4,0,0,0,0,0,NO_TRADE,,NO_TRADE:OR_NOT_ESTABLISHED,
09:19:18,23247.35,,,,23281.15,23186.55,0.643,OBSERVING,STRONG_SELL_PREMIUM,UNCLEAR,NO_TRADE,NO_TRADE:OR_NOT_ESTABLISHED,0.0,0,0.0,NONE,4,0,0,0,0,0,NO_TRADE,,NO_TRADE:OR_NOT_ESTABLISHED,
09:19:33,23242.8,,,,23281.15,23186.55,0.595,OBSERVING,STRONG_SELL_PREMIUM,UNCLEAR,NO_TRADE,NO_TRADE:OR_NOT_ESTABLISHED,0.0,0,0.0,NONE,4,0,0,0,0,0,NO_TRADE,,NO_TRADE:OR_NOT_ESTABLISHED,
09:19:48,23249.7,,,,23281.15,23186.55,0.668,OBSERVING,STRONG_SELL_PREMIUM,UNCLEAR,NO_TRADE,NO_TRADE:OR_NOT_ESTABLISHED,0.0,0,0.0,NONE,4,0,0,0,0,0,NO_TRADE,,NO_TRADE:OR_NOT_ESTABLISHED,
09:20:03,23247.5,,,,23281.15,23186.55,0.644,OBSERVING,STRONG_SELL_PREMIUM,UNCLEAR,NO_TRADE,NO_TRADE:OR_NOT_ESTABLISHED,0.0,0,0.0,NONE,4,0,0,0,0,0,NO_TRADE,,NO_TRADE:OR_NOT_ESTABLISHED,
09:20:18,23240.0,,,,23281.15,23186.55,0.565,OBSERVING,STRONG_SELL_PREMIUM,UNCLEAR,NO_TRADE,NO_TRADE:OR_NOT_ESTABLISHED,0.0,0,0.0,NONE,4,0,0,0,0,0,NO_TRADE,,NO_TRADE:OR_NOT_ESTABLISHED,
09:20:33,23243.55,,,,23281.15,23186.55,0.603,OBSERVING,STRONG_SELL_PREMIUM,UNCLEAR,NO_TRADE,NO_TRADE:OR_NOT_ESTABLISHED,0.0,0,0.0,NONE,4,0,0,0,0,0,NO_TRADE,,NO_TRADE:OR_NOT_ESTABLISHED,
09:20:48,23241.85,,,,23281.15,23186.55,0.585,OBSERVING,STRONG_SELL_PREMIUM,UNCLEAR,NO_TRADE,NO_TRADE:OR_NOT_ESTABLISHED,0.0,0,0.0,NONE,4,0,0,0,0,0,NO_TRADE,,NO_TRADE:OR_NOT_ESTABLISHED,
09:21:03,23243.6,,,,23281.15,23186.55,0.603,OBSERVING,STRONG_SELL_PREMIUM,RANGE,NO_TRADE,NO_TRADE:OR_NOT_ESTABLISHED,0.0,0,0.0,NONE,4,0,0,0,0,0,NO_TRADE,,NO_TRADE:OR_NOT_ESTABLISHED,
09:21:18,23237.65,,,,23281.15,23186.55,0.540,OBSERVING,STRONG_SELL_PREMIUM,RANGE,NO_TRADE,NO_TRADE:OR_NOT_ESTABLISHED,0.0,0,0.0,NONE,4,0,0,0,0,0,NO_TRADE,,NO_TRADE:OR_NOT_ESTABLISHED,
09:21:35,23247.0,,,,23281.15,23186.55,0.639,OBSERVING,STRONG_SELL_PREMIUM,RANGE,NO_TRADE,NO_TRADE:OR_NOT_ESTABLISHED,0.0,0,0.0,NONE,4,0,0,0,0,0,NO_TRADE,,NO_TRADE:OR_NOT_ESTABLISHED,
09:21:58,23247.2,,,,23281.15,23186.55,0.641,OBSERVING,STRONG_SELL_PREMIUM,RANGE,NO_TRADE,NO_TRADE:OR_NOT_ESTABLISHED,0.0,0,0.0,NONE,4,0,0,0,0,0,NO_TRADE,,NO_TRADE:OR_NOT_ESTABLISHED,
09:22:08,23248.35,,,,23281.15,23186.55,0.653,OBSERVING,STRONG_SELL_PREMIUM,RANGE,NO_TRADE,NO_TRADE:OR_NOT_ESTABLISHED,0.0,0,0.0,NONE,4,0,0,0,0,0,NO_TRADE,,NO_TRADE:OR_NOT_ESTABLISHED,
09:22:21,23248.15,,,,23281.15,23186.55,0.651,OBSERVING,STRONG_SELL_PREMIUM,RANGE,NO_TRADE,NO_TRADE:OR_NOT_ESTABLISHED,0.0,0,0.0,NONE,4,0,0,0,0,0,NO_TRADE,,NO_TRADE:OR_NOT_ESTABLISHED,
09:22:35,23249.1,,,,23281.15,23186.55,0.661,OBSERVING,STRONG_SELL_PREMIUM,RANGE,NO_TRADE,NO_TRADE:OR_NOT_ESTABLISHED,0.0,0,0.0,NONE,4,0,0,0,0,0,NO_TRADE,,NO_TRADE:OR_NOT_ESTABLISHED,
09:22:50,23254.5,,,,23281.15,23186.55,0.718,OBSERVING,STRONG_SELL_PREMIUM,RANGE,NO_TRADE,NO_TRADE:OR_NOT_ESTABLISHED,0.0,0,0.0,NONE,4,0,0,0,0,0,NO_TRADE,,NO_TRADE:OR_NOT_ESTABLISHED,
09:23:05,23254.1,,,,23281.15,23186.55,0.714,OBSERVING,STRONG_SELL_PREMIUM,RANGE,NO_TRADE,NO_TRADE:OR_NOT_ESTABLISHED,0.0,0,0.0,NONE,4,0,0,0,0,0,NO_TRADE,,NO_TRADE:OR_NOT_ESTABLISHED,
09:23:20,23251.35,,,,23281.15,23186.55,0.685,OBSERVING,STRONG_SELL_PREMIUM,RANGE,NO_TRADE,NO_TRADE:OR_NOT_ESTABLISHED,0.0,0,0.0,NONE,4,0,0,0,0,0,NO_TRADE,,NO_TRADE:OR_NOT_ESTABLISHED,
09:23:35,23252.05,,,,23281.15,23186.55,0.692,OBSERVING,STRONG_SELL_PREMIUM,RANGE,NO_TRADE,NO_TRADE:OR_NOT_ESTABLISHED,0.0,0,0.0,NONE,4,0,0,0,0,0,NO_TRADE,,NO_TRADE:OR_NOT_ESTABLISHED,
09:23:50,23248.75,,,,23281.15,23186.55,0.658,OBSERVING,STRONG_SELL_PREMIUM,RANGE,NO_TRADE,NO_TRADE:OR_NOT_ESTABLISHED,0.0,0,0.0,NONE,4,0,0,0,0,0,NO_TRADE,,NO_TRADE:OR_NOT_ESTABLISHED,
09:24:05,23237.4,,,,23281.15,23186.55,0.538,OBSERVING,STRONG_SELL_PREMIUM,RANGE,NO_TRADE,NO_TRADE:OR_NOT_ESTABLISHED,0.0,0,0.0,NONE,4,0,0,0,0,0,NO_TRADE,,NO_TRADE:OR_NOT_ESTABLISHED,
09:24:20,23232.6,,,,23281.15,23186.55,0.487,OBSERVING,STRONG_SELL_PREMIUM,RANGE,NO_TRADE,NO_TRADE:OR_NOT_ESTABLISHED,0.0,0,0.0,NONE,4,0,0,0,0,0,NO_TRADE,,NO_TRADE:OR_NOT_ESTABLISHED,
09:24:35,23230.6,,,,23281.15,23186.55,0.466,OBSERVING,STRONG_SELL_PREMIUM,RANGE,NO_TRADE,NO_TRADE:OR_NOT_ESTABLISHED,0.0,0,0.0,NONE,4,0,0,0,0,0,NO_TRADE,,NO_TRADE:OR_NOT_ESTABLISHED,
09:24:50,23231.6,,,,23281.15,23186.55,0.476,OBSERVING,STRONG_SELL_PREMIUM,RANGE,NO_TRADE,NO_TRADE:OR_NOT_ESTABLISHED,0.0,0,0.0,NONE,4,0,0,0,0,0,NO_TRADE,,NO_TRADE:OR_NOT_ESTABLISHED,
09:25:05,23239.3,,,,23281.15,23186.55,0.558,OBSERVING,STRONG_SELL_PREMIUM,RANGE,NO_TRADE,NO_TRADE:OR_NOT_ESTABLISHED,0.0,0,0.0,NONE,4,0,0,0,0,0,NO_TRADE,,NO_TRADE:OR_NOT_ESTABLISHED,
09:25:21,23229.95,,,,23281.15,23186.55,0.459,OBSERVING,STRONG_SELL_PREMIUM,RANGE,NO_TRADE,NO_TRADE:OR_NOT_ESTABLISHED,0.0,0,0.0,NONE,4,0,0,0,0,0,NO_TRADE,,NO_TRADE:OR_NOT_ESTABLISHED,
09:25:35,23226.35,,,,23281.15,23186.55,0.421,OBSERVING,STRONG_SELL_PREMIUM,RANGE,NO_TRADE,NO_TRADE:OR_NOT_ESTABLISHED,0.0,0,0.0,NONE,4,0,0,0,0,0,NO_TRADE,,NO_TRADE:OR_NOT_ESTABLISHED,
09:25:51,23229.1,,,,23281.15,23186.55,0.450,OBSERVING,STRONG_SELL_PREMIUM,RANGE,NO_TRADE,NO_TRADE:OR_NOT_ESTABLISHED,0.0,0,0.0,NONE,4,0,0,0,0,0,NO_TRADE,,NO_TRADE:OR_NOT_ESTABLISHED,
09:26:06,23225.65,,,,23281.15,23186.55,0.413,OBSERVING,STRONG_SELL_PREMIUM,RANGE,NO_TRADE,NO_TRADE:OR_NOT_ESTABLISHED,0.0,0,0.0,NONE,4,0,0,0,0,0,NO_TRADE,,NO_TRADE:OR_NOT_ESTABLISHED,
09:26:21,23227.25,,,,23281.15,23186.55,0.430,OBSERVING,STRONG_SELL_PREMIUM,RANGE,NO_TRADE,NO_TRADE:OR_NOT_ESTABLISHED,0.0,0,0.0,NONE,4,0,0,0,0,0,NO_TRADE,,NO_TRADE:OR_NOT_ESTABLISHED,
09:26:36,23232.95,,,,23281.15,23186.55,0.490,OBSERVING,STRONG_SELL_PREMIUM,RANGE,NO_TRADE,NO_TRADE:OR_NOT_ESTABLISHED,0.0,0,0.0,NONE,4,0,0,0,0,0,NO_TRADE,,NO_TRADE:OR_NOT_ESTABLISHED,
09:26:51,23227.95,,,,23281.15,23186.55,0.438,OBSERVING,STRONG_SELL_PREMIUM,RANGE,NO_TRADE,NO_TRADE:OR_NOT_ESTABLISHED,0.0,0,0.0,NONE,4,0,0,0,0,0,NO_TRADE,,NO_TRADE:OR_NOT_ESTABLISHED,
09:27:06,23228.7,,,,23281.15,23186.55,0.446,OBSERVING,STRONG_SELL_PREMIUM,RANGE,NO_TRADE,NO_TRADE:OR_NOT_ESTABLISHED,0.0,0,0.0,NONE,4,0,0,0,0,0,NO_TRADE,,NO_TRADE:OR_NOT_ESTABLISHED,
09:27:21,23226.6,,,,23281.15,23186.55,0.423,OBSERVING,STRONG_SELL_PREMIUM,RANGE,NO_TRADE,NO_TRADE:OR_NOT_ESTABLISHED,0.0,0,0.0,NONE,4,0,0,0,0,0,NO_TRADE,,NO_TRADE:OR_NOT_ESTABLISHED,
09:27:36,23215.1,,,,23281.15,23186.55,0.302,OBSERVING,STRONG_SELL_PREMIUM,RANGE,NO_TRADE,NO_TRADE:OR_NOT_ESTABLISHED,0.0,0,0.0,NONE,4,0,0,0,0,0,NO_TRADE,,NO_TRADE:OR_NOT_ESTABLISHED,
09:27:51,23216.95,,,,23281.15,23186.55,0.321,OBSERVING,STRONG_SELL_PREMIUM,RANGE,NO_TRADE,NO_TRADE:OR_NOT_ESTABLISHED,0.0,0,0.0,NONE,4,0,0,0,0,0,NO_TRADE,,NO_TRADE:OR_NOT_ESTABLISHED,
09:28:06,23221.6,,,,23281.15,23186.55,0.371,OBSERVING,STRONG_SELL_PREMIUM,RANGE,NO_TRADE,NO_TRADE:OR_NOT_ESTABLISHED,0.0,0,0.0,NONE,4,0,0,0,0,0,NO_TRADE,,NO_TRADE:OR_NOT_ESTABLISHED,
09:28:21,23212.95,,,,23281.15,23186.55,0.279,OBSERVING,STRONG_SELL_PREMIUM,RANGE,NO_TRADE,NO_TRADE:OR_NOT_ESTABLISHED,0.0,0,0.0,NONE,4,0,0,0,0,0,NO_TRADE,,NO_TRADE:OR_NOT_ESTABLISHED,
09:28:36,23209.3,,,,23281.15,23186.55,0.240,OBSERVING,STRONG_SELL_PREMIUM,RANGE,NO_TRADE,NO_TRADE:OR_NOT_ESTABLISHED,0.0,0,0.0,NONE,4,0,0,0,0,0,NO_TRADE,,NO_TRADE:OR_NOT_ESTABLISHED,
09:28:51,23199.75,,,,23281.15,23186.55,0.140,OBSERVING,STRONG_SELL_PREMIUM,UNCLEAR,NO_TRADE,NO_TRADE:OR_NOT_ESTABLISHED,0.0,0,0.0,NONE,4,0,0,0,0,0,NO_TRADE,,NO_TRADE:OR_NOT_ESTABLISHED,
09:29:06,23199.95,,,,23281.15,23186.55,0.142,OBSERVING,STRONG_SELL_PREMIUM,UNCLEAR,NO_TRADE,NO_TRADE:OR_NOT_ESTABLISHED,0.0,0,0.0,NONE,4,0,0,0,0,0,NO_TRADE,,NO_TRADE:OR_NOT_ESTABLISHED,
09:29:21,23196.35,,,,23281.15,23186.55,0.104,OBSERVING,STRONG_SELL_PREMIUM,UNCLEAR,NO_TRADE,NO_TRADE:OR_NOT_ESTABLISHED,0.0,0,0.0,NONE,4,0,0,0,0,0,NO_TRADE,,NO_TRADE:OR_NOT_ESTABLISHED,
09:29:36,23195.85,,,,23281.15,23186.55,0.098,OBSERVING,STRONG_SELL_PREMIUM,UNCLEAR,NO_TRADE,NO_TRADE:OR_NOT_ESTABLISHED,0.0,0,0.0,NONE,4,0,0,0,0,0,NO_TRADE,,NO_TRADE:OR_NOT_ESTABLISHED,
09:29:51,23204.9,,,,23281.15,23186.55,0.194,OBSERVING,STRONG_SELL_PREMIUM,RANGE,NO_TRADE,NO_TRADE:OR_NOT_ESTABLISHED,0.0,0,0.0,NONE,4,0,0,0,0,0,NO_TRADE,,NO_TRADE:OR_NOT_ESTABLISHED,
09:30:06,23200.25,,,,23281.15,23180.55,0.196,OBSERVING,NEUTRAL,RANGE,NO_TRADE,NO_TRADE:OR_NOT_ESTABLISHED,0.0,0,128.69,NONE,4,0,0,0,0,0,NO_TRADE,,NO_TRADE:OR_NOT_ESTABLISHED,
09:30:21,23198.25,,,,23281.15,23180.55,0.176,OBSERVING,NEUTRAL,UNCLEAR,NO_TRADE,NO_TRADE:OR_NOT_ESTABLISHED,0.0,0,128.69,NONE,4,0,0,0,0,0,NO_TRADE,,NO_TRADE:OR_NOT_ESTABLISHED,
09:30:36,23193.3,,,,23281.15,23180.55,0.127,OBSERVING,NEUTRAL,UNCLEAR,NO_TRADE,NO_TRADE:OR_NOT_ESTABLISHED,0.0,0,128.69,NONE,4,0,0,0,0,0,NO_TRADE,,NO_TRADE:OR_NOT_ESTABLISHED,
09:30:51,23186.25,,,,23281.15,23180.55,0.057,OBSERVING,NEUTRAL,UNCLEAR,NO_TRADE,NO_TRADE:OR_NOT_ESTABLISHED,0.0,0,128.69,NONE,4,0,0,0,0,0,NO_TRADE,,NO_TRADE:OR_NOT_ESTABLISHED,
09:31:06,23186.75,,,,23281.15,23180.55,0.062,OBSERVING,NEUTRAL,UNCLEAR,NO_TRADE,NO_TRADE:OR_NOT_ESTABLISHED,0.0,0,128.69,NONE,4,0,0,0,0,0,NO_TRADE,,NO_TRADE:OR_NOT_ESTABLISHED,
09:31:21,23202.05,,,,23281.15,23180.55,0.214,OBSERVING,NEUTRAL,RANGE,NO_TRADE,NO_TRADE:OR_NOT_ESTABLISHED,0.0,0,128.69,NONE,4,0,0,0,0,0,NO_TRADE,,NO_TRADE:OR_NOT_ESTABLISHED,
09:31:36,23193.7,,,,23281.15,23180.55,0.131,OBSERVING,NEUTRAL,UNCLEAR,NO_TRADE,NO_TRADE:OR_NOT_ESTABLISHED,0.0,0,128.69,NONE,4,0,0,0,0,0,NO_TRADE,,NO_TRADE:OR_NOT_ESTABLISHED,
09:31:51,23194.7,,,,23281.15,23180.55,0.141,OBSERVING,NEUTRAL,UNCLEAR,NO_TRADE,NO_TRADE:OR_NOT_ESTABLISHED,0.0,0,128.69,NONE,4,0,0,0,0,0,NO_TRADE,,NO_TRADE:OR_NOT_ESTABLISHED,
09:32:06,23189.8,,,,23281.15,23175.95,0.132,OBSERVING,NEUTRAL,UNCLEAR,NO_TRADE,NO_TRADE:OR_NOT_ESTABLISHED,0.0,0,134.58,NONE,4,0,0,0,0,0,NO_TRADE,,NO_TRADE:OR_NOT_ESTABLISHED,
09:32:21,23183.15,,,,23281.15,23175.95,0.068,OBSERVING,NEUTRAL,UNCLEAR,NO_TRADE,NO_TRADE:OR_NOT_ESTABLISHED,0.0,0,134.58,NONE,4,0,0,0,0,0,NO_TRADE,,NO_TRADE:OR_NOT_ESTABLISHED,
09:32:36,23182.9,,,,23281.15,23175.95,0.066,OBSERVING,NEUTRAL,UNCLEAR,NO_TRADE,NO_TRADE:OR_NOT_ESTABLISHED,0.0,0,134.58,NONE,4,0,0,0,0,0,NO_TRADE,,NO_TRADE:OR_NOT_ESTABLISHED,
09:32:51,23176.3,,,,23281.15,23175.95,0.003,OBSERVING,NEUTRAL,UNCLEAR,NO_TRADE,NO_TRADE:OR_NOT_ESTABLISHED,0.0,0,134.58,NONE,4,0,0,0,0,0,NO_TRADE,,NO_TRADE:OR_NOT_ESTABLISHED,
09:33:06,23179.55,,,,23281.15,23175.8,0.036,OBSERVING,NEUTRAL,UNCLEAR,NO_TRADE,NO_TRADE:OR_NOT_ESTABLISHED,0.0,0,134.77,NONE,4,0,0,0,0,0,NO_TRADE,,NO_TRADE:OR_NOT_ESTABLISHED,
09:33:21,23186.3,,,,23281.15,23175.8,0.100,OBSERVING,NEUTRAL,UNCLEAR,NO_TRADE,NO_TRADE:OR_NOT_ESTABLISHED,0.0,0,134.77,NONE,4,0,0,0,0,0,NO_TRADE,,NO_TRADE:OR_NOT_ESTABLISHED,
09:33:36,23184.65,,,,23281.15,23175.8,0.084,OBSERVING,NEUTRAL,UNCLEAR,NO_TRADE,NO_TRADE:OR_NOT_ESTABLISHED,0.0,0,134.77,NONE,4,0,0,0,0,0,NO_TRADE,,NO_TRADE:OR_NOT_ESTABLISHED,
09:33:51,23196.05,,,,23281.15,23175.8,0.192,OBSERVING,NEUTRAL,UNCLEAR,NO_TRADE,NO_TRADE:OR_NOT_ESTABLISHED,0.0,0,134.77,NONE,4,0,0,0,0,0,NO_TRADE,,NO_TRADE:OR_NOT_ESTABLISHED,
09:34:06,23201.95,23281.15,23186.55,MODERATE,23281.15,23175.8,0.248,RANGE,NEUTRAL,RANGE,NO_TRADE,NO_TRADE:BEFORE_09:45,0.0,0,134.77,HIGH,4,0,0,0,0,0,NO_TRADE,,NO_TRADE:BEFORE_09:45,
09:34:21,23203.25,23281.15,23186.55,MODERATE,23281.15,23175.8,0.261,RANGE,NEUTRAL,RANGE,NO_TRADE,NO_TRADE:BEFORE_09:45,0.0,0,134.77,HIGH,4,0,0,0,0,0,NO_TRADE,,NO_TRADE:BEFORE_09:45,
09:34:36,23206.9,23281.15,23186.55,MODERATE,23281.15,23175.8,0.295,RANGE,NEUTRAL,RANGE,NO_TRADE,NO_TRADE:BEFORE_09:45,0.0,0,134.77,HIGH,4,0,0,0,0,0,NO_TRADE,,NO_TRADE:BEFORE_09:45,
09:34:51,23212.4,23281.15,23186.55,MODERATE,23281.15,23175.8,0.347,RANGE,NEUTRAL,RANGE,NO_TRADE,NO_TRADE:BEFORE_09:45,0.0,0,134.77,HIGH,4,0,0,0,0,0,NO_TRADE,,NO_TRADE:BEFORE_09:45,
09:35:06,23198.05,23281.15,23186.55,MODERATE,23281.15,23175.8,0.211,RANGE,NEUTRAL,UNCLEAR,NO_TRADE,NO_TRADE:BEFORE_09:45,0.0,0,134.77,HIGH,4,0,0,0,0,0,NO_TRADE,,NO_TRADE:BEFORE_09:45,
09:35:22,23188.7,23281.15,23186.55,MODERATE,23281.15,23175.8,0.122,RANGE,NEUTRAL,UNCLEAR,NO_TRADE,NO_TRADE:BEFORE_09:45,0.0,0,134.77,HIGH,4,0,0,0,0,0,NO_TRADE,,NO_TRADE:BEFORE_09:45,
09:35:37,23189.35,23281.15,23186.55,MODERATE,23281.15,23175.8,0.129,RANGE,NEUTRAL,UNCLEAR,NO_TRADE,NO_TRADE:BEFORE_09:45,0.0,0,134.77,HIGH,4,0,0,0,0,0,NO_TRADE,,NO_TRADE:BEFORE_09:45,
09:35:52,23187.8,23281.15,23186.55,MODERATE,23281.15,23175.8,0.114,RANGE,NEUTRAL,UNCLEAR,NO_TRADE,NO_TRADE:BEFORE_09:45,0.0,0,134.77,HIGH,4,0,0,0,0,0,NO_TRADE,,NO_TRADE:BEFORE_09:45,
09:36:07,23186.1,23281.15,23186.55,MODERATE,23281.15,23175.8,0.098,CHOPPY,NEUTRAL,UNCLEAR,NO_TRADE,NO_TRADE:CHOPPY_MARKET,0.0,0,134.77,NONE,4,1,0,0,0,0,NO_TRADE,,NO_TRADE:CHOPPY_MARKET,
09:36:22,23185.3,23281.15,23186.55,MODERATE,23281.15,23175.8,0.090,CHOPPY,NEUTRAL,UNCLEAR,NO_TRADE,NO_TRADE:CHOPPY_MARKET,0.0,0,134.77,NONE,4,1,0,0,0,0,NO_TRADE,,NO_TRADE:CHOPPY_MARKET,
09:36:37,23184.25,23281.15,23186.55,MODERATE,23281.15,23175.8,0.080,CHOPPY,NEUTRAL,UNCLEAR,NO_TRADE,NO_TRADE:CHOPPY_MARKET,0.0,0,134.77,NONE,4,1,0,0,0,0,NO_TRADE,,NO_TRADE:CHOPPY_MARKET,
09:36:52,23187.85,23281.15,23186.55,MODERATE,23281.15,23175.8,0.114,CHOPPY,NEUTRAL,UNCLEAR,NO_TRADE,NO_TRADE:CHOPPY_MARKET,0.0,0,134.77,NONE,4,1,0,0,0,0,NO_TRADE,,NO_TRADE:CHOPPY_MARKET,
09:37:07,23186.8,23281.15,23186.55,MODERATE,23281.15,23170.2,0.150,CHOPPY,NEUTRAL,UNCLEAR,NO_TRADE,NO_TRADE:CHOPPY_MARKET,0.0,0,141.94,NONE,4,1,0,0,0,0,NO_TRADE,,NO_TRADE:CHOPPY_MARKET,
09:37:22,23184.95,23281.15,23186.55,MODERATE,23281.15,23170.2,0.133,CHOPPY,NEUTRAL,UNCLEAR,NO_TRADE,NO_TRADE:CHOPPY_MARKET,0.0,0,141.94,NONE,4,1,0,0,0,0,NO_TRADE,,NO_TRADE:CHOPPY_MARKET,
09:37:37,23180.3,23281.15,23186.55,MODERATE,23281.15,23170.2,0.091,CHOPPY,NEUTRAL,UNCLEAR,NO_TRADE,NO_TRADE:CHOPPY_MARKET,0.0,0,141.55,NONE,4,1,0,0,0,0,NO_TRADE,,NO_TRADE:CHOPPY_MARKET,
09:37:52,23172.7,23281.15,23186.55,MODERATE,23281.15,23170.2,0.023,CHOPPY,NEUTRAL,UNCLEAR,NO_TRADE,NO_TRADE:CHOPPY_MARKET,0.0,0,140.78,NONE,4,1,0,0,0,0,NO_TRADE,,NO_TRADE:CHOPPY_MARKET,
09:38:07,23172.55,23281.15,23186.55,MODERATE,23281.15,23154.1,0.145,CHOPPY,NEUTRAL,UNCLEAR,NO_TRADE,NO_TRADE:CHOPPY_MARKET,0.0,0,160.33,NONE,4,1,0,0,0,0,NO_TRADE,,NO_TRADE:CHOPPY_MARKET,
09:38:22,23165.4,23281.15,23186.55,MODERATE,23281.15,23154.1,0.089,CHOPPY,NEUTRAL,UNCLEAR,NO_TRADE,NO_TRADE:CHOPPY_MARKET,0.0,0,159.47,NONE,4,1,0,0,0,0,NO_TRADE,,NO_TRADE:CHOPPY_MARKET,
09:38:37,23160.65,23281.15,23186.55,MODERATE,23281.15,23154.1,0.052,CHOPPY,NEUTRAL,UNCLEAR,NO_TRADE,NO_TRADE:CHOPPY_MARKET,0.0,0,158.62,NONE,4,1,0,0,0,0,NO_TRADE,,NO_TRADE:CHOPPY_MARKET,
09:38:52,23154.55,23281.15,23186.55,MODERATE,23281.15,23154.1,0.004,CHOPPY,NEUTRAL,UNCLEAR,NO_TRADE,NO_TRADE:CHOPPY_MARKET,0.0,0,157.78,NONE,4,1,0,0,0,0,NO_TRADE,,NO_TRADE:CHOPPY_MARKET,
09:39:07,23158.05,23281.15,23186.55,MODERATE,23281.15,23149.85,0.062,CHOPPY,NEUTRAL,UNCLEAR,NO_TRADE,NO_TRADE:CHOPPY_MARKET,0.0,0,162.21,NONE,4,1,0,0,0,0,NO_TRADE,,NO_TRADE:CHOPPY_MARKET,
09:39:22,23161.2,23281.15,23186.55,MODERATE,23281.15,23149.85,0.086,CHOPPY,NEUTRAL,UNCLEAR,NO_TRADE,NO_TRADE:CHOPPY_MARKET,0.0,0,161.38,NONE,4,1,0,0,0,0,NO_TRADE,,NO_TRADE:CHOPPY_MARKET,
09:39:37,23155.7,23281.15,23186.55,MODERATE,23281.15,23149.85,0.045,CHOPPY,NEUTRAL,UNCLEAR,NO_TRADE,NO_TRADE:CHOPPY_MARKET,0.0,0,160.55,NONE,4,1,0,0,0,0,NO_TRADE,,NO_TRADE:CHOPPY_MARKET,
09:39:52,23151.2,23281.15,23186.55,MODERATE,23281.15,23149.85,0.010,CHOPPY,NEUTRAL,UNCLEAR,NO_TRADE,NO_TRADE:CHOPPY_MARKET,0.0,0,159.74,NONE,4,1,0,0,0,0,NO_TRADE,,NO_TRADE:CHOPPY_MARKET,
09:40:07,23148.9,23281.15,23186.55,MODERATE,23281.15,23141.3,0.054,CHOPPY,NEUTRAL,UNCLEAR,NO_TRADE,NO_TRADE:CHOPPY_MARKET,0.0,0,169.29,NONE,4,1,0,0,0,0,NO_TRADE,,NO_TRADE:CHOPPY_MARKET,
09:40:22,23155.0,23281.15,23186.55,MODERATE,23281.15,23141.3,0.098,CHOPPY,NEUTRAL,UNCLEAR,NO_TRADE,NO_TRADE:CHOPPY_MARKET,0.0,0,168.45,NONE,4,1,0,0,0,0,NO_TRADE,,NO_TRADE:CHOPPY_MARKET,
09:40:37,23147.8,23281.15,23186.55,MODERATE,23281.15,23141.3,0.046,CHOPPY,NEUTRAL,UNCLEAR,NO_TRADE,NO_TRADE:CHOPPY_MARKET,0.0,0,167.63,NONE,4,1,0,0,0,0,NO_TRADE,,NO_TRADE:CHOPPY_MARKET,
09:40:52,23143.3,23281.15,23186.55,MODERATE,23281.15,23141.3,0.014,CHOPPY,NEUTRAL,UNCLEAR,NO_TRADE,NO_TRADE:CHOPPY_MARKET,0.0,0,166.81,NONE,4,1,0,0,0,0,NO_TRADE,,NO_TRADE:CHOPPY_MARKET,
09:41:07,23144.55,23281.15,23186.55,MODERATE,23281.15,23133.15,0.077,DOWNTREND,NEUTRAL,UNCLEAR,NO_TRADE,NO_TRADE:BEFORE_09:45,0.0,0,175.68,MEDIUM,4,0,0,0,0,0,NO_TRADE,,NO_TRADE:BEFORE_09:45,
09:41:22,23134.65,23281.15,23186.55,MODERATE,23281.15,23133.15,0.010,DOWNTREND,NEUTRAL,UNCLEAR,NO_TRADE,NO_TRADE:BEFORE_09:45,0.0,0,174.85,MEDIUM,4,0,0,0,0,0,NO_TRADE,,NO_TRADE:BEFORE_09:45,
09:41:37,23141.1,23281.15,23186.55,MODERATE,23281.15,23133.15,0.054,DOWNTREND,NEUTRAL,UNCLEAR,NO_TRADE,NO_TRADE:BEFORE_09:45,0.0,0,174.02,MEDIUM,4,0,0,0,0,0,NO_TRADE,,NO_TRADE:BEFORE_09:45,
09:41:52,23135.6,23281.15,23186.55,MODERATE,23281.15,23133.15,0.017,DOWNTREND,NEUTRAL,UNCLEAR,NO_TRADE,NO_TRADE:BEFORE_09:45,0.0,0,173.21,MEDIUM,4,0,0,0,0,0,NO_TRADE,,NO_TRADE:BEFORE_09:45,
09:42:08,23136.25,23281.15,23186.55,MODERATE,23281.15,23127.0,0.060,DOWNTREND,NEUTRAL,UNCLEAR,NO_TRADE,NO_TRADE:BEFORE_09:45,0.0,0,179.57,MEDIUM,4,0,0,0,0,0,NO_TRADE,,NO_TRADE:BEFORE_09:45,
09:42:23,23128.6,23281.15,23186.55,MODERATE,23281.15,23127.0,0.010,DOWNTREND,NEUTRAL,UNCLEAR,NO_TRADE,NO_TRADE:BEFORE_09:45,0.0,0,178.73,MEDIUM,4,0,0,0,0,0,NO_TRADE,,NO_TRADE:BEFORE_09:45,
09:42:38,23130.5,23281.15,23186.55,MODERATE,23281.15,23127.0,0.023,DOWNTREND,NEUTRAL,UNCLEAR,NO_TRADE,NO_TRADE:BEFORE_09:45,0.0,0,177.93,MEDIUM,4,0,0,0,0,0,NO_TRADE,,NO_TRADE:BEFORE_09:45,
09:42:53,23133.2,23281.15,23186.55,MODERATE,23281.15,23127.0,0.040,DOWNTREND,NEUTRAL,UNCLEAR,NO_TRADE,NO_TRADE:BEFORE_09:45,0.0,0,177.14,MEDIUM,4,0,0,0,0,0,NO_TRADE,,NO_TRADE:BEFORE_09:45,
09:43:08,23135.45,23281.15,23186.55,MODERATE,23281.15,23127.0,0.055,DOWNTREND,NEUTRAL,UNCLEAR,NO_TRADE,NO_TRADE:BEFORE_09:45,0.0,0,176.35,MEDIUM,4,0,0,0,0,0,NO_TRADE,,NO_TRADE:BEFORE_09:45,
09:43:23,23130.6,23281.15,23186.55,MODERATE,23281.15,23127.0,0.023,DOWNTREND,NEUTRAL,UNCLEAR,NO_TRADE,NO_TRADE:BEFORE_09:45,0.0,0,175.57,MEDIUM,4,0,0,0,0,0,NO_TRADE,,NO_TRADE:BEFORE_09:45,
09:43:38,23132.05,23281.15,23186.55,MODERATE,23281.15,23127.0,0.033,DOWNTREND,NEUTRAL,UNCLEAR,NO_TRADE,NO_TRADE:BEFORE_09:45,0.0,0,174.79,MEDIUM,4,0,0,0,0,0,NO_TRADE,,NO_TRADE:BEFORE_09:45,
09:43:53,23130.4,23281.15,23186.55,MODERATE,23281.15,23127.0,0.022,DOWNTREND,NEUTRAL,UNCLEAR,NO_TRADE,NO_TRADE:BEFORE_09:45,0.0,0,174.03,MEDIUM,4,0,0,0,0,0,NO_TRADE,,NO_TRADE:BEFORE_09:45,
09:44:08,23135.65,23281.15,23186.55,MODERATE,23281.15,23120.95,0.092,DOWNTREND,NEUTRAL,UNCLEAR,NO_TRADE,NO_TRADE:BEFORE_09:45,0.0,0,180.08,MEDIUM,4,0,0,0,0,0,NO_TRADE,,NO_TRADE:BEFORE_09:45,
09:44:23,23131.65,23281.15,23186.55,MODERATE,23281.15,23120.95,0.067,DOWNTREND,NEUTRAL,UNCLEAR,NO_TRADE,NO_TRADE:BEFORE_09:45,0.0,0,179.32,MEDIUM,4,0,0,0,0,0,NO_TRADE,,NO_TRADE:BEFORE_09:45,
09:44:38,23127.2,23281.15,23186.55,MODERATE,23281.15,23120.95,0.039,DOWNTREND,NEUTRAL,UNCLEAR,NO_TRADE,NO_TRADE:BEFORE_09:45,0.0,0,178.56,MEDIUM,4,0,0,0,0,0,NO_TRADE,,NO_TRADE:BEFORE_09:45,
09:44:53,23125.55,23281.15,23186.55,MODERATE,23281.15,23120.95,0.029,DOWNTREND,NEUTRAL,UNCLEAR,NO_TRADE,NO_TRADE:BEFORE_09:45,0.0,0,177.81,MEDIUM,4,0,0,0,0,0,NO_TRADE,,NO_TRADE:BEFORE_09:45,
09:45:08,23122.05,23281.15,23186.55,MODERATE,23281.15,23116.1,0.036,DOWNTREND,NEUTRAL,UNCLEAR,NO_TRADE,NO_TRADE:ADX_IMMATURE_NO_DIRECTIONAL_CREDIT,0.0,0,182.43,MEDIUM,4,0,0,0,0,0,NO_TRADE,,NO_TRADE:ADX_IMMATURE_NO_DIRECTIONAL_CREDIT,
09:45:23,23116.95,23281.15,23186.55,MODERATE,23281.15,23116.1,0.005,DOWNTREND,NEUTRAL,UNCLEAR,NO_TRADE,NO_TRADE:ADX_IMMATURE_NO_DIRECTIONAL_CREDIT,0.0,0,181.67,MEDIUM,4,0,0,0,0,0,NO_TRADE,,NO_TRADE:ADX_IMMATURE_NO_DIRECTIONAL_CREDIT,
09:45:38,23121.05,23281.15,23186.55,MODERATE,23281.15,23116.1,0.030,DOWNTREND,NEUTRAL,UNCLEAR,NO_TRADE,NO_TRADE:ADX_IMMATURE_NO_DIRECTIONAL_CREDIT,0.0,0,180.93,MEDIUM,4,0,0,0,0,0,NO_TRADE,,NO_TRADE:ADX_IMMATURE_NO_DIRECTIONAL_CREDIT,
09:45:53,23129.3,23281.15,23186.55,MODERATE,23281.15,23116.1,0.080,DOWNTREND,NEUTRAL,UNCLEAR,NO_TRADE,NO_TRADE:ADX_IMMATURE_NO_DIRECTIONAL_CREDIT,0.0,0,180.19,MEDIUM,4,0,0,0,0,0,NO_TRADE,,NO_TRADE:ADX_IMMATURE_NO_DIRECTIONAL_CREDIT,
09:46:08,23129.95,23281.15,23186.55,MODERATE,23281.15,23116.1,0.084,DOWNTREND,NEUTRAL,UNCLEAR,NO_TRADE,NO_TRADE:ADX_IMMATURE_NO_DIRECTIONAL_CREDIT,0.0,0,179.47,MEDIUM,4,0,0,0,0,0,NO_TRADE,,NO_TRADE:ADX_IMMATURE_NO_DIRECTIONAL_CREDIT,
09:46:23,23137.55,23281.15,23186.55,MODERATE,23281.15,23116.1,0.130,DOWNTREND,NEUTRAL,UNCLEAR,NO_TRADE,NO_TRADE:ADX_IMMATURE_NO_DIRECTIONAL_CREDIT,0.0,0,178.75,MEDIUM,4,0,0,0,0,0,NO_TRADE,,NO_TRADE:ADX_IMMATURE_NO_DIRECTIONAL_CREDIT,
09:46:38,23138.2,23281.15,23186.55,MODERATE,23281.15,23116.1,0.134,DOWNTREND,NEUTRAL,UNCLEAR,NO_TRADE,NO_TRADE:ADX_IMMATURE_NO_DIRECTIONAL_CREDIT,0.0,0,178.04,MEDIUM,4,0,0,0,0,0,NO_TRADE,,NO_TRADE:ADX_IMMATURE_NO_DIRECTIONAL_CREDIT,
09:46:53,23138.95,23281.15,23186.55,MODERATE,23281.15,23116.1,0.138,DOWNTREND,NEUTRAL,UNCLEAR,NO_TRADE,NO_TRADE:ADX_IMMATURE_NO_DIRECTIONAL_CREDIT,0.0,0,177.34,MEDIUM,4,0,0,0,0,0,NO_TRADE,,NO_TRADE:ADX_IMMATURE_NO_DIRECTIONAL_CREDIT,
09:47:08,23139.4,23281.15,23186.55,MODERATE,23281.15,23116.1,0.141,DOWNTREND,NEUTRAL,UNCLEAR,NO_TRADE,NO_TRADE:ADX_IMMATURE_NO_DIRECTIONAL_CREDIT,0.0,0,176.65,MEDIUM,4,0,0,0,0,0,NO_TRADE,,NO_TRADE:ADX_IMMATURE_NO_DIRECTIONAL_CREDIT,
09:47:23,23122.8,23281.15,23186.55,MODERATE,23281.15,23116.1,0.041,DOWNTREND,NEUTRAL,UNCLEAR,NO_TRADE,NO_TRADE:ADX_IMMATURE_NO_DIRECTIONAL_CREDIT,0.0,0,175.96,MEDIUM,4,0,0,0,0,0,NO_TRADE,,NO_TRADE:ADX_IMMATURE_NO_DIRECTIONAL_CREDIT,
09:47:38,23122.0,23281.15,23186.55,MODERATE,23281.15,23116.1,0.036,DOWNTREND,NEUTRAL,UNCLEAR,NO_TRADE,NO_TRADE:ADX_IMMATURE_NO_DIRECTIONAL_CREDIT,0.0,0,175.29,MEDIUM,4,0,0,0,0,0,NO_TRADE,,NO_TRADE:ADX_IMMATURE_NO_DIRECTIONAL_CREDIT,
09:47:53,23118.3,23281.15,23186.55,MODERATE,23281.15,23116.1,0.013,DOWNTREND,NEUTRAL,UNCLEAR,NO_TRADE,NO_TRADE:ADX_IMMATURE_NO_DIRECTIONAL_CREDIT,0.0,0,174.62,MEDIUM,4,0,0,0,0,0,NO_TRADE,,NO_TRADE:ADX_IMMATURE_NO_DIRECTIONAL_CREDIT,
09:48:08,23121.85,23281.15,23186.55,MODERATE,23281.15,23116.1,0.035,DOWNTREND,NEUTRAL,UNCLEAR,NO_TRADE,NO_TRADE:ADX_IMMATURE_NO_DIRECTIONAL_CREDIT,0.0,0,173.95,MEDIUM,4,0,0,0,0,0,NO_TRADE,,NO_TRADE:ADX_IMMATURE_NO_DIRECTIONAL_CREDIT,
09:48:24,23125.15,23281.15,23186.55,MODERATE,23281.15,23116.1,0.055,DOWNTREND,NEUTRAL,UNCLEAR,NO_TRADE,NO_TRADE:ADX_IMMATURE_NO_DIRECTIONAL_CREDIT,0.0,0,173.3,MEDIUM,4,0,0,0,0,0,NO_TRADE,,NO_TRADE:ADX_IMMATURE_NO_DIRECTIONAL_CREDIT,
09:48:39,23133.5,23281.15,23186.55,MODERATE,23281.15,23116.1,0.105,DOWNTREND,NEUTRAL,UNCLEAR,NO_TRADE,NO_TRADE:ADX_IMMATURE_NO_DIRECTIONAL_CREDIT,0.0,0,172.65,MEDIUM,4,0,0,0,0,0,NO_TRADE,,NO_TRADE:ADX_IMMATURE_NO_DIRECTIONAL_CREDIT,
09:48:54,23136.7,23281.15,23186.55,MODERATE,23281.15,23116.1,0.125,DOWNTREND,NEUTRAL,UNCLEAR,NO_TRADE,NO_TRADE:ADX_IMMATURE_NO_DIRECTIONAL_CREDIT,0.0,0,172.01,MEDIUM,4,0,0,0,0,0,NO_TRADE,,NO_TRADE:ADX_IMMATURE_NO_DIRECTIONAL_CREDIT,
09:49:09,23136.1,23281.15,23186.55,MODERATE,23281.15,23116.1,0.121,DOWNTREND,NEUTRAL,UNCLEAR,NO_TRADE,NO_TRADE:ADX_IMMATURE_NO_DIRECTIONAL_CREDIT,0.0,0,171.38,MEDIUM,4,0,0,0,0,0,NO_TRADE,,NO_TRADE:ADX_IMMATURE_NO_DIRECTIONAL_CREDIT,
09:49:24,23140.95,23281.15,23186.55,MODERATE,23281.15,23116.1,0.151,DOWNTREND,NEUTRAL,UNCLEAR,NO_TRADE,NO_TRADE:ADX_IMMATURE_NO_DIRECTIONAL_CREDIT,0.0,0,170.75,MEDIUM,4,0,0,0,0,0,NO_TRADE,,NO_TRADE:ADX_IMMATURE_NO_DIRECTIONAL_CREDIT,
09:49:39,23146.05,23281.15,23186.55,MODERATE,23281.15,23116.1,0.181,DOWNTREND,NEUTRAL,UNCLEAR,NO_TRADE,NO_TRADE:ADX_IMMATURE_NO_DIRECTIONAL_CREDIT,0.0,0,170.14,MEDIUM,4,0,0,0,0,0,NO_TRADE,,NO_TRADE:ADX_IMMATURE_NO_DIRECTIONAL_CREDIT,
09:49:54,23152.75,23281.15,23186.55,MODERATE,23281.15,23116.1,0.222,DOWNTREND,NEUTRAL,UNCLEAR,NO_TRADE,NO_TRADE:ADX_IMMATURE_NO_DIRECTIONAL_CREDIT,0.0,0,169.52,MEDIUM,4,0,0,0,0,0,NO_TRADE,,NO_TRADE:ADX_IMMATURE_NO_DIRECTIONAL_CREDIT,
09:50:09,23154.2,23281.15,23186.55,MODERATE,23281.15,23116.1,0.231,DOWNTREND,NEUTRAL,UNCLEAR,NO_TRADE,NO_TRADE:ADX_IMMATURE_NO_DIRECTIONAL_CREDIT,0.0,0,168.92,MEDIUM,4,0,0,0,0,0,NO_TRADE,,NO_TRADE:ADX_IMMATURE_NO_DIRECTIONAL_CREDIT,
09:50:24,23166.1,23281.15,23186.55,MODERATE,23281.15,23116.1,0.303,DOWNTREND,NEUTRAL,UNCLEAR,NO_TRADE,NO_TRADE:ADX_IMMATURE_NO_DIRECTIONAL_CREDIT,0.0,0,168.32,MEDIUM,4,0,0,0,0,0,NO_TRADE,,NO_TRADE:ADX_IMMATURE_NO_DIRECTIONAL_CREDIT,
09:50:39,23174.9,23281.15,23186.55,MODERATE,23281.15,23116.1,0.356,DOWNTREND,NEUTRAL,UNCLEAR,NO_TRADE,NO_TRADE:ADX_IMMATURE_NO_DIRECTIONAL_CREDIT,0.0,0,167.72,MEDIUM,4,0,0,0,0,0,NO_TRADE,,NO_TRADE:ADX_IMMATURE_NO_DIRECTIONAL_CREDIT,
09:50:54,23163.25,23281.15,23186.55,MODERATE,23281.15,23116.1,0.286,DOWNTREND,NEUTRAL,UNCLEAR,NO_TRADE,NO_TRADE:ADX_IMMATURE_NO_DIRECTIONAL_CREDIT,0.0,0,167.14,MEDIUM,4,0,0,0,0,0,NO_TRADE,,NO_TRADE:ADX_IMMATURE_NO_DIRECTIONAL_CREDIT,
09:51:09,23161.05,23281.15,23186.55,MODERATE,23281.15,23116.1,0.272,DOWNTREND,NEUTRAL,UNCLEAR,NO_TRADE,NO_TRADE:ADX_IMMATURE_NO_DIRECTIONAL_CREDIT,0.0,0,166.56,MEDIUM,4,0,0,0,0,0,NO_TRADE,,NO_TRADE:ADX_IMMATURE_NO_DIRECTIONAL_CREDIT,
09:51:24,23162.55,23281.15,23186.55,MODERATE,23281.15,23116.1,0.281,DOWNTREND,NEUTRAL,UNCLEAR,NO_TRADE,NO_TRADE:ADX_IMMATURE_NO_DIRECTIONAL_CREDIT,0.0,0,165.98,MEDIUM,4,0,0,0,0,0,NO_TRADE,,NO_TRADE:ADX_IMMATURE_NO_DIRECTIONAL_CREDIT,
09:51:39,23156.4,23281.15,23186.55,MODERATE,23281.15,23116.1,0.244,DOWNTREND,NEUTRAL,UNCLEAR,NO_TRADE,NO_TRADE:ADX_IMMATURE_NO_DIRECTIONAL_CREDIT,0.0,0,165.42,MEDIUM,4,0,0,0,0,0,NO_TRADE,,NO_TRADE:ADX_IMMATURE_NO_DIRECTIONAL_CREDIT,
09:51:54,23163.2,23281.15,23186.55,MODERATE,23281.15,23116.1,0.285,DOWNTREND,NEUTRAL,UNCLEAR,NO_TRADE,NO_TRADE:ADX_IMMATURE_NO_DIRECTIONAL_CREDIT,0.0,0,164.85,MEDIUM,4,0,0,0,0,0,NO_TRADE,,NO_TRADE:ADX_IMMATURE_NO_DIRECTIONAL_CREDIT,
09:52:09,23174.75,23281.15,23186.55,MODERATE,23281.15,23116.1,0.355,RANGE,NEUTRAL,UNCLEAR,NO_TRADE,RANGE_DTE4_CONDOR_REQUIRES_SELL_PREMIUM_GOT_NEUTRAL,0.0,0,164.3,HIGH,4,0,0,0,0,0,NO_TRADE,,RANGE_DTE4_CONDOR_REQUIRES_SELL_PREMIUM_GOT_NEUTRAL,
09:52:24,23180.7,23281.15,23186.55,MODERATE,23281.15,23116.1,0.391,RANGE,NEUTRAL,UNCLEAR,NO_TRADE,RANGE_DTE4_CONDOR_REQUIRES_SELL_PREMIUM_GOT_NEUTRAL,0.0,0,163.74,HIGH,4,0,0,0,0,0,NO_TRADE,,RANGE_DTE4_CONDOR_REQUIRES_SELL_PREMIUM_GOT_NEUTRAL,
09:52:39,23185.55,23281.15,23186.55,MODERATE,23281.15,23116.1,0.421,RANGE,NEUTRAL,UNCLEAR,NO_TRADE,RANGE_DTE4_CONDOR_REQUIRES_SELL_PREMIUM_GOT_NEUTRAL,0.0,0,163.2,HIGH,4,0,0,0,0,0,NO_TRADE,,RANGE_DTE4_CONDOR_REQUIRES_SELL_PREMIUM_GOT_NEUTRAL,
09:52:54,23192.4,23281.15,23186.55,MODERATE,23281.15,23116.1,0.462,RANGE,NEUTRAL,UNCLEAR,NO_TRADE,RANGE_DTE4_CONDOR_REQUIRES_SELL_PREMIUM_GOT_NEUTRAL,0.0,0,162.65,HIGH,4,0,0,0,0,0,NO_TRADE,,RANGE_DTE4_CONDOR_REQUIRES_SELL_PREMIUM_GOT_NEUTRAL,
09:53:09,23176.45,23281.15,23186.55,MODERATE,23281.15,23116.1,0.366,RANGE,NEUTRAL,UNCLEAR,NO_TRADE,RANGE_DTE4_CONDOR_REQUIRES_SELL_PREMIUM_GOT_NEUTRAL,0.0,0,162.12,HIGH,4,0,0,0,0,0,NO_TRADE,,RANGE_DTE4_CONDOR_REQUIRES_SELL_PREMIUM_GOT_NEUTRAL,
09:53:24,23177.0,23281.15,23186.55,MODERATE,23281.15,23116.1,0.369,RANGE,NEUTRAL,UNCLEAR,NO_TRADE,RANGE_DTE4_CONDOR_REQUIRES_SELL_PREMIUM_GOT_NEUTRAL,0.0,0,161.59,HIGH,4,0,0,0,0,0,NO_TRADE,,RANGE_DTE4_CONDOR_REQUIRES_SELL_PREMIUM_GOT_NEUTRAL,
09:53:39,23187.55,23281.15,23186.55,MODERATE,23281.15,23116.1,0.433,RANGE,NEUTRAL,UNCLEAR,NO_TRADE,RANGE_DTE4_CONDOR_REQUIRES_SELL_PREMIUM_GOT_NEUTRAL,0.0,0,161.07,HIGH,4,0,0,0,0,0,NO_TRADE,,RANGE_DTE4_CONDOR_REQUIRES_SELL_PREMIUM_GOT_NEUTRAL,
09:53:54,23189.95,23281.15,23186.55,MODERATE,23281.15,23116.1,0.447,RANGE,NEUTRAL,UNCLEAR,NO_TRADE,RANGE_DTE4_CONDOR_REQUIRES_SELL_PREMIUM_GOT_NEUTRAL,0.0,0,160.55,HIGH,4,0,0,0,0,0,NO_TRADE,,RANGE_DTE4_CONDOR_REQUIRES_SELL_PREMIUM_GOT_NEUTRAL,
09:54:09,23195.55,23281.15,23186.55,MODERATE,23281.15,23116.1,0.481,RANGE,NEUTRAL,UNCLEAR,NO_TRADE,RANGE_DTE4_CONDOR_REQUIRES_SELL_PREMIUM_GOT_NEUTRAL,0.0,0,160.03,HIGH,4,0,0,0,0,0,NO_TRADE,,RANGE_DTE4_CONDOR_REQUIRES_SELL_PREMIUM_GOT_NEUTRAL,
09:54:24,23198.1,23281.15,23186.55,MODERATE,23281.15,23116.1,0.497,RANGE,NEUTRAL,UNCLEAR,NO_TRADE,RANGE_DTE4_CONDOR_REQUIRES_SELL_PREMIUM_GOT_NEUTRAL,0.0,0,159.53,HIGH,4,0,0,0,0,0,NO_TRADE,,RANGE_DTE4_CONDOR_REQUIRES_SELL_PREMIUM_GOT_NEUTRAL,
09:54:39,23204.35,23281.15,23186.55,MODERATE,23281.15,23116.1,0.535,RANGE,NEUTRAL,UNCLEAR,NO_TRADE,RANGE_DTE4_CONDOR_REQUIRES_SELL_PREMIUM_GOT_NEUTRAL,0.0,0,159.02,HIGH,4,0,0,0,0,0,NO_TRADE,,RANGE_DTE4_CONDOR_REQUIRES_SELL_PREMIUM_GOT_NEUTRAL,
09:54:55,23209.65,23281.15,23186.55,MODERATE,23281.15,23116.1,0.567,RANGE,NEUTRAL,STRONG_RANGE,PREMIUM_SELL_BULL,RANGE_DTE4_FAILED_BREAK_RECLAIM_BULL_PUT,0.0,0,158.52,HIGH,4,0,0,0,0,0,ENTER,BULL_PUT_SPREAD,regime:PREMIUM_SELL_BULL:conf=HIGH:dte=4:adx=0:price=RANGE,
09:55:10,23220.75,23281.15,23186.55,MODERATE,23281.15,23116.1,0.634,RANGE,NEUTRAL,RANGE,PREMIUM_SELL_BULL,RANGE_DTE4_FAILED_BREAK_RECLAIM_BULL_PUT,0.0,0,158.03,HIGH,4,0,0,0,0,0,,,,
09:55:25,23222.8,23281.15,23186.55,MODERATE,23281.15,23116.1,0.646,RANGE,NEUTRAL,STRONG_RANGE,PREMIUM_SELL_BULL,RANGE_DTE4_FAILED_BREAK_RECLAIM_BULL_PUT,0.0,0,157.53,HIGH,4,0,0,0,0,0,,,,
09:55:40,23212.85,23281.15,23186.55,MODERATE,23281.15,23116.1,0.586,RANGE,NEUTRAL,STRONG_RANGE,PREMIUM_SELL_BULL,RANGE_DTE4_FAILED_BREAK_RECLAIM_BULL_PUT,0.0,0,157.05,HIGH,4,0,0,0,0,0,,,,
09:55:55,23225.1,23281.15,23186.55,MODERATE,23281.15,23116.1,0.660,RANGE,NEUTRAL,RANGE,PREMIUM_SELL_BULL,RANGE_DTE4_FAILED_BREAK_RECLAIM_BULL_PUT,0.0,0,156.57,HIGH,4,0,0,0,0,0,,,,
09:56:10,23230.75,23281.15,23186.55,MODERATE,23281.15,23116.1,0.695,RANGE,NEUTRAL,RANGE,PREMIUM_SELL_BULL,RANGE_DTE4_FAILED_BREAK_RECLAIM_BULL_PUT,0.0,0,156.09,HIGH,4,0,0,0,0,0,,,,
09:56:25,23225.35,23281.15,23186.55,MODERATE,23281.15,23116.1,0.662,RANGE,NEUTRAL,RANGE,PREMIUM_SELL_BULL,RANGE_DTE4_FAILED_BREAK_RECLAIM_BULL_PUT,0.0,0,155.62,HIGH,4,0,0,0,0,0,,,,
09:56:40,23220.2,23281.15,23186.55,MODERATE,23281.15,23116.1,0.631,RANGE,NEUTRAL,STRONG_RANGE,PREMIUM_SELL_BULL,RANGE_DTE4_FAILED_BREAK_RECLAIM_BULL_PUT,0.0,0,155.15,HIGH,4,0,0,0,0,0,,,,
09:56:55,23221.05,23281.15,23186.55,MODERATE,23281.15,23116.1,0.636,RANGE,NEUTRAL,STRONG_RANGE,PREMIUM_SELL_BULL,RANGE_DTE4_FAILED_BREAK_RECLAIM_BULL_PUT,0.0,0,154.68,HIGH,4,0,0,0,0,0,,,,
09:57:10,23226.6,23281.15,23186.55,MODERATE,23281.15,23116.1,0.669,RANGE,NEUTRAL,RANGE,PREMIUM_SELL_BULL,RANGE_DTE4_FAILED_BREAK_RECLAIM_BULL_PUT,0.0,0,154.22,HIGH,4,0,0,0,0,0,,,,
09:57:25,23223.55,23281.15,23186.55,MODERATE,23281.15,23116.1,0.651,RANGE,NEUTRAL,STRONG_RANGE,PREMIUM_SELL_BULL,RANGE_DTE4_FAILED_BREAK_RECLAIM_BULL_PUT,0.0,0,153.77,HIGH,4,0,0,0,0,0,,,,
09:57:40,23226.9,23281.15,23186.55,MODERATE,23281.15,23116.1,0.671,RANGE,NEUTRAL,RANGE,PREMIUM_SELL_BULL,RANGE_DTE4_FAILED_BREAK_RECLAIM_BULL_PUT,0.0,0,153.31,HIGH,4,0,0,0,0,0,,,,
09:57:55,23222.15,23281.15,23186.55,MODERATE,23281.15,23116.1,0.643,RANGE,NEUTRAL,STRONG_RANGE,PREMIUM_SELL_BULL,RANGE_DTE4_FAILED_BREAK_RECLAIM_BULL_PUT,0.0,0,152.87,HIGH,4,0,0,0,0,0,,,,
09:58:10,23211.85,23281.15,23186.55,MODERATE,23281.15,23116.1,0.580,RANGE,NEUTRAL,STRONG_RANGE,PREMIUM_SELL_BULL,RANGE_DTE4_FAILED_BREAK_RECLAIM_BULL_PUT,0.0,0,152.42,HIGH,4,0,0,0,0,0,,,,
09:58:25,23208.8,23281.15,23186.55,MODERATE,23281.15,23116.1,0.562,RANGE,NEUTRAL,STRONG_RANGE,PREMIUM_SELL_BULL,RANGE_DTE4_FAILED_BREAK_RECLAIM_BULL_PUT,0.0,0,151.98,HIGH,4,0,0,0,0,0,,,,
09:58:40,23203.65,23281.15,23186.55,MODERATE,23281.15,23116.1,0.530,RANGE,NEUTRAL,STRONG_RANGE,PREMIUM_SELL_BULL,RANGE_DTE4_FAILED_BREAK_RECLAIM_BULL_PUT,0.0,0,151.55,HIGH,4,0,0,0,0,0,,,,
09:58:55,23203.75,23281.15,23186.55,MODERATE,23281.15,23116.1,0.531,RANGE,NEUTRAL,STRONG_RANGE,PREMIUM_SELL_BULL,RANGE_DTE4_FAILED_BREAK_RECLAIM_BULL_PUT,0.0,0,151.11,HIGH,4,0,0,0,0,0,,,,
09:59:10,23206.0,23281.15,23186.55,MODERATE,23281.15,23116.1,0.545,RANGE,NEUTRAL,STRONG_RANGE,PREMIUM_SELL_BULL,RANGE_DTE4_FAILED_BREAK_RECLAIM_BULL_PUT,0.0,0,150.68,HIGH,4,0,0,0,0,0,,,,
09:59:25,23215.75,23281.15,23186.55,MODERATE,23281.15,23116.1,0.604,RANGE,NEUTRAL,STRONG_RANGE,PREMIUM_SELL_BULL,RANGE_DTE4_FAILED_BREAK_RECLAIM_BULL_PUT,0.0,0,150.26,HIGH,4,0,0,0,0,0,,,,
09:59:40,23219.65,23281.15,23186.55,MODERATE,23281.15,23116.1,0.627,RANGE,NEUTRAL,STRONG_RANGE,PREMIUM_SELL_BULL,RANGE_DTE4_FAILED_BREAK_RECLAIM_BULL_PUT,0.0,0,149.84,HIGH,4,0,0,0,0,0,,,,
09:59:55,23223.6,23281.15,23186.55,MODERATE,23281.15,23116.1,0.651,RANGE,NEUTRAL,STRONG_RANGE,PREMIUM_SELL_BULL,RANGE_DTE4_FAILED_BREAK_RECLAIM_BULL_PUT,0.0,0,149.42,HIGH,4,0,0,0,0,0,,,,
10:00:10,23220.55,23281.15,23186.55,MODERATE,23281.15,23116.1,0.633,RANGE,NEUTRAL,STRONG_RANGE,PREMIUM_SELL_BULL,RANGE_DTE4_FAILED_BREAK_RECLAIM_BULL_PUT,0.0,0,149.0,HIGH,4,0,0,0,0,0,,,,
10:00:25,23214.7,23281.15,23186.55,MODERATE,23281.15,23116.1,0.597,RANGE,NEUTRAL,STRONG_RANGE,PREMIUM_SELL_BULL,RANGE_DTE4_FAILED_BREAK_RECLAIM_BULL_PUT,0.0,0,148.59,HIGH,4,0,0,0,0,0,,,,
10:00:40,23215.3,23281.15,23186.55,MODERATE,23281.15,23116.1,0.601,RANGE,NEUTRAL,STRONG_RANGE,PREMIUM_SELL_BULL,RANGE_DTE4_FAILED_BREAK_RECLAIM_BULL_PUT,0.0,0,148.18,HIGH,4,0,0,0,0,0,,,,
10:00:55,23217.25,23281.15,23186.55,MODERATE,23281.15,23116.1,0.613,RANGE,NEUTRAL,STRONG_RANGE,PREMIUM_SELL_BULL,RANGE_DTE4_FAILED_BREAK_RECLAIM_BULL_PUT,0.0,0,147.78,HIGH,4,0,0,0,0,0,,,,
10:01:10,23215.4,23281.15,23186.55,MODERATE,23281.15,23116.1,0.602,RANGE,NEUTRAL,STRONG_RANGE,PREMIUM_SELL_BULL,RANGE_DTE4_FAILED_BREAK_RECLAIM_BULL_PUT,0.0,0,147.38,HIGH,4,0,0,0,0,0,,,,
10:01:25,23216.9,23281.15,23186.55,MODERATE,23281.15,23116.1,0.611,RANGE,NEUTRAL,STRONG_RANGE,PREMIUM_SELL_BULL,RANGE_DTE4_FAILED_BREAK_RECLAIM_BULL_PUT,0.0,0,146.98,HIGH,4,0,0,0,0,0,,,,
10:01:41,23213.8,23281.15,23186.55,MODERATE,23281.15,23116.1,0.592,RANGE,NEUTRAL,STRONG_RANGE,PREMIUM_SELL_BULL,RANGE_DTE4_FAILED_BREAK_RECLAIM_BULL_PUT,0.0,0,146.58,HIGH,4,0,0,0,0,0,,,,
10:01:56,23202.9,23281.15,23186.55,MODERATE,23281.15,23116.1,0.526,RANGE,NEUTRAL,STRONG_RANGE,PREMIUM_SELL_BULL,RANGE_DTE4_FAILED_BREAK_RECLAIM_BULL_PUT,0.0,0,146.19,HIGH,4,0,0,0,0,0,,,,
10:02:11,23201.25,23281.15,23186.55,MODERATE,23281.15,23116.1,0.516,RANGE,NEUTRAL,STRONG_RANGE,PREMIUM_SELL_BULL,RANGE_DTE4_FAILED_BREAK_RECLAIM_BULL_PUT,0.0,0,145.8,HIGH,4,0,0,0,0,0,,,,
10:02:26,23198.4,23281.15,23186.55,MODERATE,23281.15,23116.1,0.499,RANGE,NEUTRAL,UNCLEAR,PREMIUM_SELL_BULL,RANGE_DTE4_FAILED_BREAK_RECLAIM_BULL_PUT,0.0,0,145.42,HIGH,4,0,0,0,0,0,,,,
10:02:41,23201.4,23281.15,23186.55,MODERATE,23281.15,23116.1,0.517,RANGE,NEUTRAL,STRONG_RANGE,PREMIUM_SELL_BULL,RANGE_DTE4_FAILED_BREAK_RECLAIM_BULL_PUT,0.0,0,145.03,HIGH,4,0,0,0,0,0,,,,
10:02:56,23193.0,23281.15,23186.55,MODERATE,23281.15,23116.1,0.466,RANGE,NEUTRAL,UNCLEAR,NO_TRADE,RANGE_DTE4_CONDOR_REQUIRES_SELL_PREMIUM_GOT_NEUTRAL,0.0,0,144.65,HIGH,4,0,0,0,0,0,,,,
10:03:11,23204.25,23281.15,23186.55,MODERATE,23281.15,23116.1,0.534,RANGE,NEUTRAL,UNCLEAR,NO_TRADE,RANGE_DTE4_CONDOR_REQUIRES_SELL_PREMIUM_GOT_NEUTRAL,0.0,0,144.28,HIGH,4,0,0,0,0,0,,,,
10:03:26,23206.85,23281.15,23186.55,MODERATE,23281.15,23116.1,0.550,RANGE,NEUTRAL,UNCLEAR,NO_TRADE,RANGE_DTE4_CONDOR_REQUIRES_SELL_PREMIUM_GOT_NEUTRAL,0.0,0,143.9,HIGH,4,0,0,0,0,0,,,,
10:03:41,23203.6,23281.15,23186.55,MODERATE,23281.15,23116.1,0.530,RANGE,NEUTRAL,STRONG_RANGE,PREMIUM_SELL_BULL,RANGE_DTE4_FAILED_BREAK_RECLAIM_BULL_PUT,0.0,0,143.53,HIGH,4,0,0,0,0,0,,,,
10:03:56,23201.0,23281.15,23186.55,MODERATE,23281.15,23116.1,0.514,RANGE,NEUTRAL,STRONG_RANGE,PREMIUM_SELL_BULL,RANGE_DTE4_FAILED_BREAK_RECLAIM_BULL_PUT,0.0,0,143.16,HIGH,4,0,0,0,0,0,,,,
10:04:11,23199.85,23281.15,23186.55,MODERATE,23281.15,23116.1,0.507,RANGE,NEUTRAL,UNCLEAR,PREMIUM_SELL_BULL,RANGE_DTE4_FAILED_BREAK_RECLAIM_BULL_PUT,0.0,0,142.8,HIGH,4,0,0,0,0,0,,,,
10:04:26,23191.95,23281.15,23186.55,MODERATE,23281.15,23116.1,0.460,RANGE,NEUTRAL,UNCLEAR,NO_TRADE,RANGE_DTE4_CONDOR_REQUIRES_SELL_PREMIUM_GOT_NEUTRAL,0.0,0,142.44,HIGH,4,0,0,0,0,0,,,,
10:04:41,23189.1,23281.15,23186.55,MODERATE,23281.15,23116.1,0.442,RANGE,NEUTRAL,UNCLEAR,NO_TRADE,RANGE_DTE4_CONDOR_REQUIRES_SELL_PREMIUM_GOT_NEUTRAL,0.0,0,142.08,HIGH,4,0,0,0,0,0,,,,
10:04:56,23184.4,23281.15,23186.55,MODERATE,23281.15,23116.1,0.414,RANGE,NEUTRAL,UNCLEAR,NO_TRADE,RANGE_DTE4_CONDOR_REQUIRES_SELL_PREMIUM_GOT_NEUTRAL,0.0,0,141.72,HIGH,4,0,0,0,0,0,,,,
10:05:11,23179.45,23281.15,23186.55,MODERATE,23281.15,23116.1,0.384,RANGE,NEUTRAL,UNCLEAR,NO_TRADE,RANGE_DTE4_CONDOR_REQUIRES_SELL_PREMIUM_GOT_NEUTRAL,0.0,0,141.36,HIGH,4,0,0,0,0,0,,,,
10:05:26,23177.35,23281.15,23186.55,MODERATE,23281.15,23116.1,0.371,RANGE,NEUTRAL,UNCLEAR,NO_TRADE,RANGE_DTE4_CONDOR_REQUIRES_SELL_PREMIUM_GOT_NEUTRAL,0.0,0,141.01,HIGH,4,0,0,0,0,0,,,,
10:05:41,23173.1,23281.15,23186.55,MODERATE,23281.15,23116.1,0.345,RANGE,NEUTRAL,UNCLEAR,NO_TRADE,RANGE_DTE4_CONDOR_REQUIRES_SELL_PREMIUM_GOT_NEUTRAL,0.0,0,140.67,HIGH,4,0,0,0,0,0,,,,
10:05:56,23172.55,23281.15,23186.55,MODERATE,23281.15,23116.1,0.342,RANGE,NEUTRAL,UNCLEAR,NO_TRADE,RANGE_DTE4_CONDOR_REQUIRES_SELL_PREMIUM_GOT_NEUTRAL,0.0,0,140.32,HIGH,4,0,0,0,0,0,,,,
10:06:11,23168.7,23281.15,23186.55,MODERATE,23281.15,23116.1,0.319,RANGE,NEUTRAL,UNCLEAR,NO_TRADE,RANGE_DTE4_CONDOR_REQUIRES_SELL_PREMIUM_GOT_NEUTRAL,0.0,0,139.98,HIGH,4,0,0,0,0,0,,,,
10:06:26,23170.2,23281.15,23186.55,MODERATE,23281.15,23116.1,0.328,RANGE,NEUTRAL,RANGE,NO_TRADE,RANGE_DTE4_CONDOR_REQUIRES_SELL_PREMIUM_GOT_NEUTRAL,0.0,0,139.64,HIGH,4,0,0,0,0,0,,,,
10:06:41,23173.9,23281.15,23186.55,MODERATE,23281.15,23116.1,0.350,RANGE,NEUTRAL,RANGE,NO_TRADE,RANGE_DTE4_CONDOR_REQUIRES_SELL_PREMIUM_GOT_NEUTRAL,0.0,0,139.3,HIGH,4,0,0,0,0,0,,,,
10:06:56,23173.8,23281.15,23186.55,MODERATE,23281.15,23116.1,0.350,RANGE,NEUTRAL,RANGE,NO_TRADE,RANGE_DTE4_CONDOR_REQUIRES_SELL_PREMIUM_GOT_NEUTRAL,0.0,0,138.96,HIGH,4,0,0,0,0,0,,,,
10:07:11,23177.2,23281.15,23186.55,MODERATE,23281.15,23116.1,0.370,RANGE,NEUTRAL,RANGE,NO_TRADE,RANGE_DTE4_CONDOR_REQUIRES_SELL_PREMIUM_GOT_NEUTRAL,0.0,0,138.63,HIGH,4,0,0,0,0,0,,,,
10:07:26,23178.7,23281.15,23186.55,MODERATE,23281.15,23116.1,0.379,RANGE,NEUTRAL,UNCLEAR,NO_TRADE,RANGE_DTE4_CONDOR_REQUIRES_SELL_PREMIUM_GOT_NEUTRAL,0.0,0,138.29,HIGH,4,0,0,0,0,0,,,,
10:07:41,23180.1,23281.15,23186.55,MODERATE,23281.15,23116.1,0.388,RANGE,NEUTRAL,UNCLEAR,NO_TRADE,RANGE_DTE4_CONDOR_REQUIRES_SELL_PREMIUM_GOT_NEUTRAL,0.0,0,137.97,HIGH,4,0,0,0,0,0,,,,
10:07:56,23180.75,23281.15,23186.55,MODERATE,23281.15,23116.1,0.392,RANGE,NEUTRAL,UNCLEAR,NO_TRADE,RANGE_DTE4_CONDOR_REQUIRES_SELL_PREMIUM_GOT_NEUTRAL,0.0,0,137.64,HIGH,4,0,0,0,0,0,,,,
10:08:11,23189.65,23281.15,23186.55,MODERATE,23281.15,23116.1,0.446,RANGE,NEUTRAL,UNCLEAR,NO_TRADE,RANGE_DTE4_CONDOR_REQUIRES_SELL_PREMIUM_GOT_NEUTRAL,0.0,0,137.32,HIGH,4,0,0,0,0,0,,,,
10:08:26,23187.65,23281.15,23186.55,MODERATE,23281.15,23116.1,0.434,RANGE,NEUTRAL,UNCLEAR,NO_TRADE,RANGE_DTE4_CONDOR_REQUIRES_SELL_PREMIUM_GOT_NEUTRAL,0.0,0,136.99,HIGH,4,0,0,0,0,0,,,,
10:08:42,23185.75,23281.15,23186.55,MODERATE,23281.15,23116.1,0.422,RANGE,NEUTRAL,UNCLEAR,NO_TRADE,RANGE_DTE4_CONDOR_REQUIRES_SELL_PREMIUM_GOT_NEUTRAL,0.0,0,136.67,HIGH,4,0,0,0,0,0,,,,
10:08:57,23173.95,23281.15,23186.55,MODERATE,23281.15,23116.1,0.350,RANGE,NEUTRAL,UNCLEAR,NO_TRADE,RANGE_DTE4_CONDOR_REQUIRES_SELL_PREMIUM_GOT_NEUTRAL,0.0,0,136.36,HIGH,4,0,0,0,0,0,,,,
10:09:12,23179.05,23281.15,23186.55,MODERATE,23281.15,23116.1,0.381,RANGE,NEUTRAL,UNCLEAR,NO_TRADE,RANGE_DTE4_CONDOR_REQUIRES_SELL_PREMIUM_GOT_NEUTRAL,0.0,0,136.04,HIGH,4,0,0,0,0,0,,,,
10:09:27,23174.85,23281.15,23186.55,MODERATE,23281.15,23116.1,0.356,RANGE,NEUTRAL,UNCLEAR,NO_TRADE,RANGE_DTE4_CONDOR_REQUIRES_SELL_PREMIUM_GOT_NEUTRAL,0.0,0,135.72,HIGH,4,0,0,0,0,0,,,,
10:09:42,23175.0,23281.15,23186.55,MODERATE,23281.15,23116.1,0.357,RANGE,NEUTRAL,UNCLEAR,NO_TRADE,RANGE_DTE4_CONDOR_REQUIRES_SELL_PREMIUM_GOT_NEUTRAL,0.0,0,135.41,HIGH,4,0,0,0,0,0,,,,
10:09:57,23178.85,23281.15,23186.55,MODERATE,23281.15,23116.1,0.380,RANGE,NEUTRAL,UNCLEAR,NO_TRADE,RANGE_DTE4_CONDOR_REQUIRES_SELL_PREMIUM_GOT_NEUTRAL,0.0,0,135.1,HIGH,4,0,0,0,0,0,,,,
10:10:12,23180.05,23281.15,23186.55,MODERATE,23281.15,23116.1,0.387,RANGE,NEUTRAL,UNCLEAR,NO_TRADE,RANGE_DTE4_CONDOR_REQUIRES_SELL_PREMIUM_GOT_NEUTRAL,0.0,0,134.8,HIGH,4,0,0,0,0,0,,,,
10:10:27,23179.9,23281.15,23186.55,MODERATE,23281.15,23116.1,0.387,RANGE,NEUTRAL,UNCLEAR,NO_TRADE,RANGE_DTE4_CONDOR_REQUIRES_SELL_PREMIUM_GOT_NEUTRAL,0.0,0,134.49,HIGH,4,0,0,0,0,0,,,,
10:10:42,23185.1,23281.15,23186.55,MODERATE,23281.15,23116.1,0.418,RANGE,NEUTRAL,UNCLEAR,NO_TRADE,RANGE_DTE4_CONDOR_REQUIRES_SELL_PREMIUM_GOT_NEUTRAL,0.0,0,134.19,HIGH,4,0,0,0,0,0,,,,
10:10:57,23181.75,23281.15,23186.55,MODERATE,23281.15,23116.1,0.398,RANGE,NEUTRAL,UNCLEAR,NO_TRADE,RANGE_DTE4_CONDOR_REQUIRES_SELL_PREMIUM_GOT_NEUTRAL,0.0,0,133.89,HIGH,4,0,0,0,0,0,,,,
10:11:12,23178.05,23281.15,23186.55,MODERATE,23281.15,23116.1,0.375,RANGE,NEUTRAL,UNCLEAR,NO_TRADE,RANGE_DTE4_CONDOR_REQUIRES_SELL_PREMIUM_GOT_NEUTRAL,0.0,0,133.59,HIGH,4,0,0,0,0,0,,,,
10:11:27,23181.7,23281.15,23186.55,MODERATE,23281.15,23116.1,0.397,RANGE,NEUTRAL,UNCLEAR,NO_TRADE,RANGE_DTE4_CONDOR_REQUIRES_SELL_PREMIUM_GOT_NEUTRAL,0.0,0,133.3,HIGH,4,0,0,0,0,0,,,,
10:11:42,23186.75,23281.15,23186.55,MODERATE,23281.15,23116.1,0.428,RANGE,NEUTRAL,UNCLEAR,NO_TRADE,RANGE_DTE4_CONDOR_REQUIRES_SELL_PREMIUM_GOT_NEUTRAL,0.0,0,133.0,HIGH,4,0,0,0,0,0,,,,
10:11:57,23187.95,23281.15,23186.55,MODERATE,23281.15,23116.1,0.435,RANGE,NEUTRAL,UNCLEAR,NO_TRADE,RANGE_DTE4_CONDOR_REQUIRES_SELL_PREMIUM_GOT_NEUTRAL,0.0,0,132.71,HIGH,4,0,0,0,0,0,,,,
10:12:12,23190.25,23281.15,23186.55,MODERATE,23281.15,23116.1,0.449,RANGE,NEUTRAL,UNCLEAR,NO_TRADE,RANGE_DTE4_CONDOR_REQUIRES_SELL_PREMIUM_GOT_NEUTRAL,0.0,0,132.42,HIGH,4,0,0,0,0,0,,,,
10:12:27,23193.6,23281.15,23186.55,MODERATE,23281.15,23116.1,0.470,RANGE,NEUTRAL,UNCLEAR,NO_TRADE,RANGE_DTE4_CONDOR_REQUIRES_SELL_PREMIUM_GOT_NEUTRAL,0.0,0,132.13,HIGH,4,0,0,0,0,0,,,,
10:12:42,23199.6,23281.15,23186.55,MODERATE,23281.15,23116.1,0.506,RANGE,NEUTRAL,UNCLEAR,NO_TRADE,RANGE_DTE4_CONDOR_REQUIRES_SELL_PREMIUM_GOT_NEUTRAL,0.0,0,131.84,HIGH,4,0,0,0,0,0,,,,
10:12:57,23199.75,23281.15,23186.55,MODERATE,23281.15,23116.1,0.507,RANGE,NEUTRAL,UNCLEAR,NO_TRADE,RANGE_DTE4_CONDOR_REQUIRES_SELL_PREMIUM_GOT_NEUTRAL,0.0,0,131.56,HIGH,4,0,0,0,0,0,,,,
10:13:12,23188.7,23281.15,23186.55,MODERATE,23281.15,23116.1,0.440,RANGE,NEUTRAL,UNCLEAR,NO_TRADE,RANGE_DTE4_CONDOR_REQUIRES_SELL_PREMIUM_GOT_NEUTRAL,0.0,0,131.27,HIGH,4,0,0,0,0,0,,,,
10:13:27,23184.25,23281.15,23186.55,MODERATE,23281.15,23116.1,0.413,RANGE,NEUTRAL,UNCLEAR,NO_TRADE,RANGE_DTE4_CONDOR_REQUIRES_SELL_PREMIUM_GOT_NEUTRAL,0.0,0,130.99,HIGH,4,0,0,0,0,0,,,,
10:13:42,23183.45,23281.15,23186.55,MODERATE,23281.15,23116.1,0.408,RANGE,NEUTRAL,UNCLEAR,NO_TRADE,RANGE_DTE4_CONDOR_REQUIRES_SELL_PREMIUM_GOT_NEUTRAL,0.0,0,130.71,HIGH,4,0,0,0,0,0,,,,
10:13:57,23178.25,23281.15,23186.55,MODERATE,23281.15,23116.1,0.377,RANGE,NEUTRAL,UNCLEAR,NO_TRADE,RANGE_DTE4_CONDOR_REQUIRES_SELL_PREMIUM_GOT_NEUTRAL,0.0,0,130.43,HIGH,4,0,0,0,0,0,,,,
10:14:12,23180.15,23281.15,23186.55,MODERATE,23281.15,23116.1,0.388,RANGE,NEUTRAL,UNCLEAR,NO_TRADE,RANGE_DTE4_CONDOR_REQUIRES_SELL_PREMIUM_GOT_NEUTRAL,0.0,0,130.16,HIGH,4,0,0,0,0,0,,,,
10:14:27,23178.55,23281.15,23186.55,MODERATE,23281.15,23116.1,0.378,RANGE,NEUTRAL,UNCLEAR,NO_TRADE,RANGE_DTE4_CONDOR_REQUIRES_SELL_PREMIUM_GOT_NEUTRAL,0.0,0,129.88,HIGH,4,0,0,0,0,0,,,,
10:14:42,23180.05,23281.15,23186.55,MODERATE,23281.15,23116.1,0.387,RANGE,NEUTRAL,UNCLEAR,NO_TRADE,RANGE_DTE4_CONDOR_REQUIRES_SELL_PREMIUM_GOT_NEUTRAL,0.0,0,129.61,HIGH,4,0,0,0,0,0,,,,
10:14:57,23175.6,23281.15,23186.55,MODERATE,23281.15,23116.1,0.360,RANGE,NEUTRAL,UNCLEAR,NO_TRADE,RANGE_DTE4_CONDOR_REQUIRES_SELL_PREMIUM_GOT_NEUTRAL,0.0,0,129.34,HIGH,4,0,0,0,0,0,,,,
10:15:12,23174.1,23281.15,23186.55,MODERATE,23281.15,23116.1,0.351,RANGE,NEUTRAL,UNCLEAR,NO_TRADE,RANGE_DTE4_CONDOR_REQUIRES_SELL_PREMIUM_GOT_NEUTRAL,0.0,0,129.07,HIGH,4,0,0,0,0,0,,,,
10:15:27,23174.15,23281.15,23186.55,MODERATE,23281.15,23116.1,0.352,RANGE,NEUTRAL,UNCLEAR,NO_TRADE,RANGE_DTE4_CONDOR_REQUIRES_SELL_PREMIUM_GOT_NEUTRAL,0.0,0,128.8,HIGH,4,0,0,0,0,0,,,,
10:15:42,23181.45,23281.15,23186.55,MODERATE,23281.15,23116.1,0.396,RANGE,NEUTRAL,UNCLEAR,NO_TRADE,RANGE_DTE4_CONDOR_REQUIRES_SELL_PREMIUM_GOT_NEUTRAL,0.0,0,128.54,HIGH,4,0,0,0,0,0,,,,
10:15:57,23183.75,23281.15,23186.55,MODERATE,23281.15,23116.1,0.410,RANGE,NEUTRAL,UNCLEAR,NO_TRADE,RANGE_DTE4_CONDOR_REQUIRES_SELL_PREMIUM_GOT_NEUTRAL,0.0,0,128.27,HIGH,4,0,0,0,0,0,,,,
10:16:12,23187.2,23281.15,23186.55,MODERATE,23281.15,23116.1,0.431,RANGE,NEUTRAL,UNCLEAR,NO_TRADE,RANGE_DTE4_CONDOR_REQUIRES_SELL_PREMIUM_GOT_NEUTRAL,0.0,0,128.01,HIGH,4,0,0,0,0,0,,,,
10:16:27,23186.1,23281.15,23186.55,MODERATE,23281.15,23116.1,0.424,RANGE,NEUTRAL,UNCLEAR,NO_TRADE,RANGE_DTE4_CONDOR_REQUIRES_SELL_PREMIUM_GOT_NEUTRAL,0.0,0,127.75,HIGH,4,0,0,0,0,0,,,,
10:16:43,23192.8,23281.15,23186.55,MODERATE,23281.15,23116.1,0.465,RANGE,NEUTRAL,UNCLEAR,NO_TRADE,RANGE_DTE4_CONDOR_REQUIRES_SELL_PREMIUM_GOT_NEUTRAL,0.0,0,127.49,HIGH,4,0,0,0,0,0,,,,
10:16:58,23191.5,23281.15,23186.55,MODERATE,23281.15,23116.1,0.457,RANGE,NEUTRAL,UNCLEAR,NO_TRADE,RANGE_DTE4_CONDOR_REQUIRES_SELL_PREMIUM_GOT_NEUTRAL,0.0,0,127.23,HIGH,4,0,0,0,0,0,,,,
10:17:13,23199.8,23281.15,23186.55,MODERATE,23281.15,23116.1,0.507,RANGE,NEUTRAL,UNCLEAR,NO_TRADE,RANGE_DTE4_CONDOR_REQUIRES_SELL_PREMIUM_GOT_NEUTRAL,0.0,0,126.97,HIGH,4,0,0,0,0,0,,,,
10:17:28,23201.35,23281.15,23186.55,MODERATE,23281.15,23116.1,0.517,RANGE,NEUTRAL,UNCLEAR,NO_TRADE,RANGE_DTE4_CONDOR_REQUIRES_SELL_PREMIUM_GOT_NEUTRAL,0.0,0,126.72,HIGH,4,0,0,0,0,0,,,,
10:17:43,23206.55,23281.15,23186.55,MODERATE,23281.15,23116.1,0.548,RANGE,NEUTRAL,STRONG_RANGE,PREMIUM_SELL_BULL,RANGE_DTE4_FAILED_BREAK_RECLAIM_BULL_PUT,0.0,0,126.47,HIGH,4,0,0,0,0,0,,,,
10:17:58,23211.25,23281.15,23186.55,MODERATE,23281.15,23116.1,0.576,RANGE,NEUTRAL,STRONG_RANGE,PREMIUM_SELL_BULL,RANGE_DTE4_FAILED_BREAK_RECLAIM_BULL_PUT,0.0,0,126.21,HIGH,4,0,0,0,0,0,,,,
10:18:13,23213.2,23281.15,23186.55,MODERATE,23281.15,23116.1,0.588,RANGE,NEUTRAL,STRONG_RANGE,PREMIUM_SELL_BULL,RANGE_DTE4_FAILED_BREAK_RECLAIM_BULL_PUT,0.0,0,125.96,HIGH,4,0,0,0,0,0,,,,
10:18:28,23206.95,23281.15,23186.55,MODERATE,23281.15,23116.1,0.550,RANGE,NEUTRAL,STRONG_RANGE,PREMIUM_SELL_BULL,RANGE_DTE4_FAILED_BREAK_RECLAIM_BULL_PUT,0.0,0,125.71,HIGH,4,0,0,0,0,0,,,,
10:18:43,23207.9,23281.15,23186.55,MODERATE,23281.15,23116.1,0.556,RANGE,NEUTRAL,STRONG_RANGE,PREMIUM_SELL_BULL,RANGE_DTE4_FAILED_BREAK_RECLAIM_BULL_PUT,0.0,0,125.46,HIGH,4,0,0,0,0,0,,,,
10:18:58,23204.85,23281.15,23186.55,MODERATE,23281.15,23116.1,0.538,RANGE,NEUTRAL,STRONG_RANGE,PREMIUM_SELL_BULL,RANGE_DTE4_FAILED_BREAK_RECLAIM_BULL_PUT,0.0,0,125.22,HIGH,4,0,0,0,0,0,,,,
10:19:13,23204.8,23281.15,23186.55,MODERATE,23281.15,23116.1,0.537,RANGE,NEUTRAL,STRONG_RANGE,PREMIUM_SELL_BULL,RANGE_DTE4_FAILED_BREAK_RECLAIM_BULL_PUT,0.0,0,124.97,HIGH,4,0,0,0,0,0,,,,
10:19:28,23206.3,23281.15,23186.55,MODERATE,23281.15,23116.1,0.547,RANGE,NEUTRAL,STRONG_RANGE,PREMIUM_SELL_BULL,RANGE_DTE4_FAILED_BREAK_RECLAIM_BULL_PUT,0.0,0,124.73,HIGH,4,0,0,0,0,0,,,,
10:19:43,23198.2,23281.15,23186.55,MODERATE,23281.15,23116.1,0.497,RANGE,NEUTRAL,UNCLEAR,PREMIUM_SELL_BULL,RANGE_DTE4_FAILED_BREAK_RECLAIM_BULL_PUT,0.0,0,124.49,HIGH,4,0,0,0,0,0,,,,
10:19:58,23193.6,23281.15,23186.55,MODERATE,23281.15,23116.1,0.470,RANGE,NEUTRAL,UNCLEAR,NO_TRADE,RANGE_DTE4_CONDOR_REQUIRES_SELL_PREMIUM_GOT_NEUTRAL,0.0,0,124.25,HIGH,4,0,0,0,0,0,,,,
10:20:13,23197.6,23281.15,23186.55,MODERATE,23281.15,23116.1,0.494,RANGE,NEUTRAL,UNCLEAR,NO_TRADE,RANGE_DTE4_CONDOR_REQUIRES_SELL_PREMIUM_GOT_NEUTRAL,0.0,0,124.01,HIGH,4,0,0,0,0,0,,,,
10:20:28,23201.4,23281.15,23186.55,MODERATE,23281.15,23116.1,0.517,RANGE,NEUTRAL,UNCLEAR,NO_TRADE,RANGE_DTE4_CONDOR_REQUIRES_SELL_PREMIUM_GOT_NEUTRAL,0.0,0,123.77,HIGH,4,0,0,0,0,0,,,,
10:20:43,23204.45,23281.15,23186.55,MODERATE,23281.15,23116.1,0.535,RANGE,NEUTRAL,STRONG_RANGE,PREMIUM_SELL_BULL,RANGE_DTE4_FAILED_BREAK_RECLAIM_BULL_PUT,0.0,0,123.54,HIGH,4,0,0,0,0,0,,,,
10:20:58,23203.95,23281.15,23186.55,MODERATE,23281.15,23116.1,0.532,RANGE,NEUTRAL,STRONG_RANGE,PREMIUM_SELL_BULL,RANGE_DTE4_FAILED_BREAK_RECLAIM_BULL_PUT,0.0,0,123.3,HIGH,4,0,0,0,0,0,,,,
10:21:13,23203.1,23281.15,23186.55,MODERATE,23281.15,23116.1,0.527,RANGE,NEUTRAL,STRONG_RANGE,PREMIUM_SELL_BULL,RANGE_DTE4_FAILED_BREAK_RECLAIM_BULL_PUT,0.0,0,123.07,HIGH,4,0,0,0,0,0,,,,
10:21:28,23200.0,23281.15,23186.55,MODERATE,23281.15,23116.1,0.508,RANGE,NEUTRAL,RANGE,PREMIUM_SELL_BULL,RANGE_DTE4_FAILED_BREAK_RECLAIM_BULL_PUT,0.0,0,122.83,HIGH,4,0,0,0,0,0,,,,
10:21:43,23196.25,23281.15,23186.55,MODERATE,23281.15,23116.1,0.486,RANGE,NEUTRAL,UNCLEAR,NO_TRADE,RANGE_DTE4_CONDOR_REQUIRES_SELL_PREMIUM_GOT_NEUTRAL,0.0,0,122.6,HIGH,4,0,0,0,0,0,,,,
10:21:58,23198.95,23281.15,23186.55,MODERATE,23281.15,23116.1,0.502,RANGE,NEUTRAL,UNCLEAR,NO_TRADE,RANGE_DTE4_CONDOR_REQUIRES_SELL_PREMIUM_GOT_NEUTRAL,0.0,0,122.37,HIGH,4,0,0,0,0,0,,,,
10:22:14,23206.35,23281.15,23186.55,MODERATE,23281.15,23116.1,0.547,RANGE,NEUTRAL,UNCLEAR,NO_TRADE,RANGE_DTE4_CONDOR_REQUIRES_SELL_PREMIUM_GOT_NEUTRAL,0.0,0,122.15,HIGH,4,0,0,0,0,0,,,,
10:22:29,23207.3,23281.15,23186.55,MODERATE,23281.15,23116.1,0.553,RANGE,NEUTRAL,STRONG_RANGE,PREMIUM_SELL_BULL,RANGE_DTE4_FAILED_BREAK_RECLAIM_BULL_PUT,0.0,0,121.92,HIGH,4,0,0,0,0,0,,,,
10:22:44,23208.65,23281.15,23186.55,MODERATE,23281.15,23116.1,0.561,RANGE,NEUTRAL,STRONG_RANGE,PREMIUM_SELL_BULL,RANGE_DTE4_FAILED_BREAK_RECLAIM_BULL_PUT,0.0,0,121.69,HIGH,4,0,0,0,0,0,,,,
10:22:59,23208.8,23281.15,23186.55,MODERATE,23281.15,23116.1,0.562,RANGE,NEUTRAL,STRONG_RANGE,PREMIUM_SELL_BULL,RANGE_DTE4_FAILED_BREAK_RECLAIM_BULL_PUT,0.0,0,121.47,HIGH,4,0,0,0,0,0,,,,
10:23:14,23211.1,23281.15,23186.55,MODERATE,23281.15,23116.1,0.576,RANGE,NEUTRAL,STRONG_RANGE,PREMIUM_SELL_BULL,RANGE_DTE4_FAILED_BREAK_RECLAIM_BULL_PUT,0.0,0,121.25,HIGH,4,0,0,0,0,0,,,,
10:23:29,23213.65,23281.15,23186.55,MODERATE,23281.15,23116.1,0.591,RANGE,NEUTRAL,STRONG_RANGE,PREMIUM_SELL_BULL,RANGE_DTE4_FAILED_BREAK_RECLAIM_BULL_PUT,0.0,0,121.02,HIGH,4,0,0,0,0,0,,,,
10:23:44,23217.45,23281.15,23186.55,MODERATE,23281.15,23116.1,0.614,RANGE,NEUTRAL,STRONG_RANGE,PREMIUM_SELL_BULL,RANGE_DTE4_FAILED_BREAK_RECLAIM_BULL_PUT,0.0,0,120.8,HIGH,4,0,0,0,0,0,,,,
10:23:59,23221.75,23281.15,23186.55,MODERATE,23281.15,23116.1,0.640,RANGE,NEUTRAL,STRONG_RANGE,PREMIUM_SELL_BULL,RANGE_DTE4_FAILED_BREAK_RECLAIM_BULL_PUT,0.0,0,120.58,HIGH,4,0,0,0,0,0,,,,
10:24:14,23225.65,23281.15,23186.55,MODERATE,23281.15,23116.1,0.664,RANGE,NEUTRAL,STRONG_RANGE,PREMIUM_SELL_BULL,RANGE_DTE4_FAILED_BREAK_RECLAIM_BULL_PUT,0.0,0,120.37,HIGH,4,0,0,0,0,0,,,,
10:24:29,23212.35,23281.15,23186.55,MODERATE,23281.15,23116.1,0.583,RANGE,NEUTRAL,STRONG_RANGE,PREMIUM_SELL_BULL,RANGE_DTE4_FAILED_BREAK_RECLAIM_BULL_PUT,0.0,0,120.15,HIGH,4,0,0,0,0,0,,,,
10:24:44,23215.85,23281.15,23186.55,MODERATE,23281.15,23116.1,0.604,RANGE,NEUTRAL,STRONG_RANGE,PREMIUM_SELL_BULL,RANGE_DTE4_FAILED_BREAK_RECLAIM_BULL_PUT,0.0,0,119.93,HIGH,4,0,0,0,0,0,,,,
10:24:59,23223.7,23281.15,23186.55,MODERATE,23281.15,23116.1,0.652,RANGE,NEUTRAL,STRONG_RANGE,PREMIUM_SELL_BULL,RANGE_DTE4_FAILED_BREAK_RECLAIM_BULL_PUT,0.0,0,119.72,HIGH,4,0,0,0,0,0,,,,
10:25:14,23224.5,23281.15,23186.55,MODERATE,23281.15,23116.1,0.657,RANGE,NEUTRAL,STRONG_RANGE,PREMIUM_SELL_BULL,RANGE_DTE4_FAILED_BREAK_RECLAIM_BULL_PUT,0.0,0,119.5,HIGH,4,0,0,0,0,0,,,,
10:25:29,23221.35,23281.15,23186.55,MODERATE,23281.15,23116.1,0.638,RANGE,NEUTRAL,STRONG_RANGE,PREMIUM_SELL_BULL,RANGE_DTE4_FAILED_BREAK_RECLAIM_BULL_PUT,0.0,0,119.29,HIGH,4,0,0,0,0,0,,,,
10:25:44,23223.8,23281.15,23186.55,MODERATE,23281.15,23116.1,0.653,RANGE,NEUTRAL,STRONG_RANGE,PREMIUM_SELL_BULL,RANGE_DTE4_FAILED_BREAK_RECLAIM_BULL_PUT,0.0,0,119.08,HIGH,4,0,0,0,0,0,,,,
10:25:59,23230.25,23281.15,23186.55,MODERATE,23281.15,23116.1,0.692,RANGE,NEUTRAL,STRONG_RANGE,PREMIUM_SELL_BULL,RANGE_DTE4_FAILED_BREAK_RECLAIM_BULL_PUT,0.0,0,118.87,HIGH,4,0,0,0,0,0,,,,
10:26:14,23233.25,23281.15,23186.55,MODERATE,23281.15,23116.1,0.710,RANGE,NEUTRAL,STRONG_RANGE,PREMIUM_SELL_BULL,RANGE_DTE4_FAILED_BREAK_RECLAIM_BULL_PUT,0.0,0,118.66,HIGH,4,0,0,0,0,0,,,,
10:26:29,23237.55,23281.15,23186.55,MODERATE,23281.15,23116.1,0.736,RANGE,NEUTRAL,STRONG_RANGE,PREMIUM_SELL_BULL,RANGE_DTE4_FAILED_BREAK_RECLAIM_BULL_PUT,0.0,0,118.45,HIGH,4,0,0,0,0,0,,,,
10:26:44,23225.05,23281.15,23186.55,MODERATE,23281.15,23116.1,0.660,RANGE,NEUTRAL,STRONG_RANGE,PREMIUM_SELL_BULL,RANGE_DTE4_FAILED_BREAK_RECLAIM_BULL_PUT,0.0,0,118.24,HIGH,4,0,0,0,0,0,,,,
10:26:59,23222.55,23281.15,23186.55,MODERATE,23281.15,23116.1,0.645,RANGE,NEUTRAL,STRONG_RANGE,PREMIUM_SELL_BULL,RANGE_DTE4_FAILED_BREAK_RECLAIM_BULL_PUT,0.0,0,118.04,HIGH,4,0,0,0,0,0,,,,
10:27:14,23221.5,23281.15,23186.55,MODERATE,23281.15,23116.1,0.639,RANGE,NEUTRAL,STRONG_RANGE,PREMIUM_SELL_BULL,RANGE_DTE4_FAILED_BREAK_RECLAIM_BULL_PUT,0.0,0,117.83,HIGH,4,0,0,0,0,0,,,,
10:27:29,23226.15,23281.15,23186.55,MODERATE,23281.15,23116.1,0.667,RANGE,NEUTRAL,STRONG_RANGE,PREMIUM_SELL_BULL,RANGE_DTE4_FAILED_BREAK_RECLAIM_BULL_PUT,0.0,0,117.63,HIGH,4,0,0,0,0,0,,,,
10:27:44,23224.4,23281.15,23186.55,MODERATE,23281.15,23116.1,0.656,RANGE,NEUTRAL,STRONG_RANGE,PREMIUM_SELL_BULL,RANGE_DTE4_FAILED_BREAK_RECLAIM_BULL_PUT,0.0,0,117.43,HIGH,4,0,0,0,0,0,,,,
10:27:59,23225.2,23281.15,23186.55,MODERATE,23281.15,23116.1,0.661,RANGE,NEUTRAL,STRONG_RANGE,PREMIUM_SELL_BULL,RANGE_DTE4_FAILED_BREAK_RECLAIM_BULL_PUT,0.0,0,117.23,HIGH,4,0,0,0,0,0,,,,
10:28:14,23225.05,23281.15,23186.55,MODERATE,23281.15,23116.1,0.660,RANGE,NEUTRAL,STRONG_RANGE,PREMIUM_SELL_BULL,RANGE_DTE4_FAILED_BREAK_RECLAIM_BULL_PUT,0.0,0,117.02,HIGH,4,0,0,0,0,0,,,,
10:28:29,23230.7,23281.15,23186.55,MODERATE,23281.15,23116.1,0.694,RANGE,NEUTRAL,STRONG_RANGE,PREMIUM_SELL_BULL,RANGE_DTE4_FAILED_BREAK_RECLAIM_BULL_PUT,0.0,0,116.83,HIGH,4,0,0,0,0,0,,,,
10:28:44,23233.2,23281.15,23186.55,MODERATE,23281.15,23116.1,0.709,RANGE,NEUTRAL,STRONG_RANGE,PREMIUM_SELL_BULL,RANGE_DTE4_FAILED_BREAK_RECLAIM_BULL_PUT,0.0,0,116.63,HIGH,4,0,0,0,0,0,,,,
10:28:59,23231.95,23281.15,23186.55,MODERATE,23281.15,23116.1,0.702,RANGE,NEUTRAL,STRONG_RANGE,PREMIUM_SELL_BULL,RANGE_DTE4_FAILED_BREAK_RECLAIM_BULL_PUT,0.0,0,116.43,HIGH,4,0,0,0,0,0,,,,
10:29:14,23234.4,23281.15,23186.55,MODERATE,23281.15,23116.1,0.717,RANGE,NEUTRAL,STRONG_RANGE,PREMIUM_SELL_BULL,RANGE_DTE4_FAILED_BREAK_RECLAIM_BULL_PUT,0.0,0,116.23,HIGH,4,0,0,0,0,0,,,,
10:29:29,23234.7,23281.15,23186.55,MODERATE,23281.15,23116.1,0.719,RANGE,NEUTRAL,STRONG_RANGE,PREMIUM_SELL_BULL,RANGE_DTE4_FAILED_BREAK_RECLAIM_BULL_PUT,0.0,0,116.04,HIGH,4,0,0,0,0,0,,,,
10:29:44,23235.0,23281.15,23186.55,MODERATE,23281.15,23116.1,0.720,RANGE,NEUTRAL,STRONG_RANGE,PREMIUM_SELL_BULL,RANGE_DTE4_FAILED_BREAK_RECLAIM_BULL_PUT,0.0,0,115.84,HIGH,4,0,0,0,0,0,,,,
10:29:59,23230.2,23281.15,23186.55,MODERATE,23281.15,23116.1,0.691,RANGE,NEUTRAL,STRONG_RANGE,PREMIUM_SELL_BULL,RANGE_DTE4_FAILED_BREAK_RECLAIM_BULL_PUT,0.0,0,115.65,HIGH,4,0,0,0,0,0,,,,
10:30:15,23235.0,23281.15,23186.55,MODERATE,23281.15,23116.1,0.720,RANGE,NEUTRAL,STRONG_RANGE,PREMIUM_SELL_BULL,RANGE_DTE4_FAILED_BREAK_RECLAIM_BULL_PUT,0.0,0,115.46,HIGH,4,0,0,0,0,0,,,,
10:30:30,23233.25,23281.15,23186.55,MODERATE,23281.15,23116.1,0.710,RANGE,NEUTRAL,STRONG_RANGE,PREMIUM_SELL_BULL,RANGE_DTE4_FAILED_BREAK_RECLAIM_BULL_PUT,0.0,0,115.26,HIGH,4,0,0,0,0,0,,,,
10:30:45,23235.55,23281.15,23186.55,MODERATE,23281.15,23116.1,0.724,RANGE,NEUTRAL,STRONG_RANGE,PREMIUM_SELL_BULL,RANGE_DTE4_FAILED_BREAK_RECLAIM_BULL_PUT,0.0,0,115.07,HIGH,4,0,0,0,0,0,,,,
10:31:00,23231.9,23281.15,23186.55,MODERATE,23281.15,23116.1,0.702,RANGE,NEUTRAL,STRONG_RANGE,PREMIUM_SELL_BULL,RANGE_DTE4_FAILED_BREAK_RECLAIM_BULL_PUT,0.0,0,114.88,HIGH,4,0,0,0,0,0,,,,
10:31:15,23230.7,23281.15,23186.55,MODERATE,23281.15,23116.1,0.694,RANGE,NEUTRAL,STRONG_RANGE,PREMIUM_SELL_BULL,RANGE_DTE4_FAILED_BREAK_RECLAIM_BULL_PUT,0.0,0,114.69,HIGH,4,0,0,0,0,0,,,,
10:31:30,23226.4,23281.15,23186.55,MODERATE,23281.15,23116.1,0.668,RANGE,NEUTRAL,STRONG_RANGE,PREMIUM_SELL_BULL,RANGE_DTE4_FAILED_BREAK_RECLAIM_BULL_PUT,0.0,0,114.5,HIGH,4,0,0,0,0,0,,,,
10:31:45,23224.8,23281.15,23186.55,MODERATE,23281.15,23116.1,0.659,RANGE,NEUTRAL,STRONG_RANGE,PREMIUM_SELL_BULL,RANGE_DTE4_FAILED_BREAK_RECLAIM_BULL_PUT,0.0,0,114.31,HIGH,4,0,0,0,0,0,,,,
10:32:00,23226.75,23281.15,23186.55,MODERATE,23281.15,23116.1,0.670,RANGE,NEUTRAL,STRONG_RANGE,PREMIUM_SELL_BULL,RANGE_DTE4_FAILED_BREAK_RECLAIM_BULL_PUT,0.0,0,114.13,HIGH,4,0,0,0,0,0,,,,
10:32:15,23230.8,23281.15,23186.55,MODERATE,23281.15,23116.1,0.695,RANGE,NEUTRAL,STRONG_RANGE,PREMIUM_SELL_BULL,RANGE_DTE4_FAILED_BREAK_RECLAIM_BULL_PUT,0.0,0,113.95,HIGH,4,0,0,0,0,0,,,,
10:32:30,23232.0,23281.15,23186.55,MODERATE,23281.15,23116.1,0.702,RANGE,NEUTRAL,STRONG_RANGE,PREMIUM_SELL_BULL,RANGE_DTE4_FAILED_BREAK_RECLAIM_BULL_PUT,0.0,0,113.76,HIGH,4,0,0,0,0,0,,,,
10:32:45,23233.0,23281.15,23186.55,MODERATE,23281.15,23116.1,0.708,RANGE,NEUTRAL,STRONG_RANGE,PREMIUM_SELL_BULL,RANGE_DTE4_FAILED_BREAK_RECLAIM_BULL_PUT,0.0,0,113.58,HIGH,4,0,0,0,0,0,,,,
10:33:00,23238.1,23281.15,23186.55,MODERATE,23281.15,23116.1,0.739,RANGE,NEUTRAL,STRONG_RANGE,PREMIUM_SELL_BULL,RANGE_DTE4_FAILED_BREAK_RECLAIM_BULL_PUT,0.0,0,113.4,HIGH,4,0,0,0,0,0,,,,
10:33:15,23235.05,23281.15,23186.55,MODERATE,23281.15,23116.1,0.721,RANGE,NEUTRAL,STRONG_RANGE,PREMIUM_SELL_BULL,RANGE_DTE4_FAILED_BREAK_RECLAIM_BULL_PUT,0.0,0,113.22,HIGH,4,0,0,0,0,0,,,,
10:33:30,23235.15,23281.15,23186.55,MODERATE,23281.15,23116.1,0.721,RANGE,NEUTRAL,STRONG_RANGE,PREMIUM_SELL_BULL,RANGE_DTE4_FAILED_BREAK_RECLAIM_BULL_PUT,0.0,0,113.03,HIGH,4,0,0,0,0,0,,,,
10:33:45,23234.35,23281.15,23186.55,MODERATE,23281.15,23116.1,0.716,RANGE,NEUTRAL,STRONG_RANGE,PREMIUM_SELL_BULL,RANGE_DTE4_FAILED_BREAK_RECLAIM_BULL_PUT,0.0,0,112.85,HIGH,4,0,0,0,0,0,,,,
10:34:00,23236.1,23281.15,23186.55,MODERATE,23281.15,23116.1,0.727,RANGE,NEUTRAL,STRONG_RANGE,PREMIUM_SELL_BULL,RANGE_DTE4_FAILED_BREAK_RECLAIM_BULL_PUT,0.0,0,112.68,HIGH,4,0,0,0,0,0,,,,
10:34:15,23237.9,23281.15,23186.55,MODERATE,23281.15,23116.1,0.738,RANGE,NEUTRAL,STRONG_RANGE,PREMIUM_SELL_BULL,RANGE_DTE4_FAILED_BREAK_RECLAIM_BULL_PUT,0.0,0,112.5,HIGH,4,0,0,0,0,0,,,,
10:34:30,23238.5,23281.15,23186.55,MODERATE,23281.15,23116.1,0.742,RANGE,NEUTRAL,STRONG_RANGE,PREMIUM_SELL_BULL,RANGE_DTE4_FAILED_BREAK_RECLAIM_BULL_PUT,0.0,0,112.32,HIGH,4,0,0,0,0,0,,,,
10:34:45,23242.0,23281.15,23186.55,MODERATE,23281.15,23116.1,0.763,RANGE,NEUTRAL,STRONG_RANGE,PREMIUM_SELL_BULL,RANGE_DTE4_FAILED_BREAK_RECLAIM_BULL_PUT,0.0,0,112.14,HIGH,4,0,0,0,0,0,,,,
10:35:00,23245.45,23281.15,23186.55,MODERATE,23281.15,23116.1,0.784,RANGE,NEUTRAL,STRONG_RANGE,PREMIUM_SELL_BULL,RANGE_DTE4_FAILED_BREAK_RECLAIM_BULL_PUT,0.0,0,111.97,HIGH,4,0,0,0,0,0,,,,
10:35:15,23244.75,23281.15,23186.55,MODERATE,23281.15,23116.1,0.779,RANGE,NEUTRAL,STRONG_RANGE,PREMIUM_SELL_BULL,RANGE_DTE4_FAILED_BREAK_RECLAIM_BULL_PUT,0.0,0,111.79,HIGH,4,0,0,0,0,0,,,,
10:35:30,23248.25,23281.15,23186.55,MODERATE,23281.15,23116.1,0.801,RANGE,NEUTRAL,STRONG_RANGE,PREMIUM_SELL_BULL,RANGE_DTE4_FAILED_BREAK_RECLAIM_BULL_PUT,0.0,0,111.62,HIGH,4,0,0,0,0,0,,,,
10:35:45,23245.0,23281.15,23186.55,MODERATE,23281.15,23116.1,0.781,RANGE,NEUTRAL,STRONG_RANGE,PREMIUM_SELL_BULL,RANGE_DTE4_FAILED_BREAK_RECLAIM_BULL_PUT,0.0,0,111.44,HIGH,4,0,0,0,0,0,,,,
10:36:00,23244.65,23281.15,23186.55,MODERATE,23281.15,23116.1,0.779,RANGE,NEUTRAL,STRONG_RANGE,PREMIUM_SELL_BULL,RANGE_DTE4_FAILED_BREAK_RECLAIM_BULL_PUT,0.0,0,111.27,HIGH,4,0,0,0,0,0,,,,
10:36:15,23242.2,23281.15,23186.55,MODERATE,23281.15,23116.1,0.764,RANGE,NEUTRAL,STRONG_RANGE,PREMIUM_SELL_BULL,RANGE_DTE4_FAILED_BREAK_RECLAIM_BULL_PUT,0.0,0,111.1,HIGH,4,0,0,0,0,0,,,,
10:36:31,23243.9,23281.15,23186.55,MODERATE,23281.15,23116.1,0.774,RANGE,NEUTRAL,STRONG_RANGE,PREMIUM_SELL_BULL,RANGE_DTE4_FAILED_BREAK_RECLAIM_BULL_PUT,0.0,0,110.93,HIGH,4,0,0,0,0,0,,,,
10:36:46,23245.65,23281.15,23186.55,MODERATE,23281.15,23116.1,0.785,RANGE,NEUTRAL,STRONG_RANGE,PREMIUM_SELL_BULL,RANGE_DTE4_FAILED_BREAK_RECLAIM_BULL_PUT,0.0,0,110.76,HIGH,4,0,0,0,0,0,,,,
10:37:01,23244.3,23281.15,23186.55,MODERATE,23281.15,23116.1,0.777,RANGE,NEUTRAL,STRONG_RANGE,PREMIUM_SELL_BULL,RANGE_DTE4_FAILED_BREAK_RECLAIM_BULL_PUT,0.0,0,110.59,HIGH,4,0,0,0,0,0,,,,
10:37:16,23235.1,23281.15,23186.55,MODERATE,23281.15,23116.1,0.721,RANGE,NEUTRAL,STRONG_RANGE,PREMIUM_SELL_BULL,RANGE_DTE4_FAILED_BREAK_RECLAIM_BULL_PUT,0.0,0,110.42,HIGH,4,0,0,0,0,0,,,,
10:37:31,23228.3,23281.15,23186.55,MODERATE,23281.15,23116.1,0.680,RANGE,NEUTRAL,STRONG_RANGE,PREMIUM_SELL_BULL,RANGE_DTE4_FAILED_BREAK_RECLAIM_BULL_PUT,0.0,0,110.25,HIGH,4,0,0,0,0,0,,,,
10:37:46,23229.45,23281.15,23186.55,MODERATE,23281.15,23116.1,0.687,RANGE,NEUTRAL,STRONG_RANGE,PREMIUM_SELL_BULL,RANGE_DTE4_FAILED_BREAK_RECLAIM_BULL_PUT,0.0,0,110.09,HIGH,4,0,0,0,0,0,,,,
10:38:01,23226.15,23281.15,23186.55,MODERATE,23281.15,23116.1,0.667,RANGE,NEUTRAL,STRONG_RANGE,PREMIUM_SELL_BULL,RANGE_DTE4_FAILED_BREAK_RECLAIM_BULL_PUT,0.0,0,109.92,HIGH,4,0,0,0,0,0,,,,
10:38:16,23235.25,23281.15,23186.55,MODERATE,23281.15,23116.1,0.722,RANGE,NEUTRAL,STRONG_RANGE,PREMIUM_SELL_BULL,RANGE_DTE4_FAILED_BREAK_RECLAIM_BULL_PUT,0.0,0,109.76,HIGH,4,0,0,0,0,0,,,,
10:38:31,23237.95,23281.15,23186.55,MODERATE,23281.15,23116.1,0.738,RANGE,NEUTRAL,STRONG_RANGE,PREMIUM_SELL_BULL,RANGE_DTE4_FAILED_BREAK_RECLAIM_BULL_PUT,0.0,0,109.59,HIGH,4,0,0,0,0,0,,,,
10:38:46,23236.7,23281.15,23186.55,MODERATE,23281.15,23116.1,0.731,RANGE,NEUTRAL,STRONG_RANGE,PREMIUM_SELL_BULL,RANGE_DTE4_FAILED_BREAK_RECLAIM_BULL_PUT,0.0,0,109.43,HIGH,4,0,0,0,0,0,,,,
10:39:01,23236.25,23281.15,23186.55,MODERATE,23281.15,23116.1,0.728,RANGE,NEUTRAL,STRONG_RANGE,PREMIUM_SELL_BULL,RANGE_DTE4_FAILED_BREAK_RECLAIM_BULL_PUT,0.0,0,109.26,HIGH,4,0,0,0,0,0,,,,
10:39:16,23236.9,23281.15,23186.55,MODERATE,23281.15,23116.1,0.732,RANGE,NEUTRAL,STRONG_RANGE,PREMIUM_SELL_BULL,RANGE_DTE4_FAILED_BREAK_RECLAIM_BULL_PUT,0.0,0,109.1,HIGH,4,0,0,0,0,0,,,,
10:39:31,23235.8,23281.15,23186.55,MODERATE,23281.15,23116.1,0.725,RANGE,NEUTRAL,STRONG_RANGE,PREMIUM_SELL_BULL,RANGE_DTE4_FAILED_BREAK_RECLAIM_BULL_PUT,0.0,0,108.94,HIGH,4,0,0,0,0,0,,,,
10:39:46,23239.1,23281.15,23186.55,MODERATE,23281.15,23116.1,0.745,RANGE,NEUTRAL,STRONG_RANGE,PREMIUM_SELL_BULL,RANGE_DTE4_FAILED_BREAK_RECLAIM_BULL_PUT,0.0,0,108.78,HIGH,4,0,0,0,0,0,,,,
10:40:01,23240.1,23281.15,23186.55,MODERATE,23281.15,23116.1,0.751,RANGE,NEUTRAL,STRONG_RANGE,PREMIUM_SELL_BULL,RANGE_DTE4_FAILED_BREAK_RECLAIM_BULL_PUT,0.0,0,108.62,HIGH,4,0,0,0,0,0,,,,
10:40:16,23245.55,23281.15,23186.55,MODERATE,23281.15,23116.1,0.784,RANGE,NEUTRAL,STRONG_RANGE,PREMIUM_SELL_BULL,RANGE_DTE4_FAILED_BREAK_RECLAIM_BULL_PUT,0.0,0,108.46,HIGH,4,0,0,0,0,0,,,,
10:40:31,23245.9,23281.15,23186.55,MODERATE,23281.15,23116.1,0.786,RANGE,NEUTRAL,STRONG_RANGE,PREMIUM_SELL_BULL,RANGE_DTE4_FAILED_BREAK_RECLAIM_BULL_PUT,0.0,0,108.3,HIGH,4,0,0,0,0,0,,,,
10:40:46,23246.9,23281.15,23186.55,MODERATE,23281.15,23116.1,0.792,RANGE,NEUTRAL,STRONG_RANGE,PREMIUM_SELL_BULL,RANGE_DTE4_FAILED_BREAK_RECLAIM_BULL_PUT,0.0,0,108.14,HIGH,4,0,0,0,0,0,,,,
10:41:01,23246.95,23281.15,23186.55,MODERATE,23281.15,23116.1,0.793,RANGE,NEUTRAL,STRONG_RANGE,PREMIUM_SELL_BULL,RANGE_DTE4_FAILED_BREAK_RECLAIM_BULL_PUT,0.0,0,107.98,HIGH,4,0,0,0,0,0,,,,
10:41:16,23247.8,23281.15,23186.55,MODERATE,23281.15,23116.1,0.798,RANGE,NEUTRAL,STRONG_RANGE,PREMIUM_SELL_BULL,RANGE_DTE4_FAILED_BREAK_RECLAIM_BULL_PUT,0.0,0,107.83,HIGH,4,0,0,0,0,0,,,,
10:41:31,23247.45,23281.15,23186.55,MODERATE,23281.15,23116.1,0.796,RANGE,NEUTRAL,STRONG_RANGE,PREMIUM_SELL_BULL,RANGE_DTE4_FAILED_BREAK_RECLAIM_BULL_PUT,0.0,0,107.67,HIGH,4,0,0,0,0,0,,,,
10:41:46,23246.45,23281.15,23186.55,MODERATE,23281.15,23116.1,0.790,RANGE,NEUTRAL,STRONG_RANGE,PREMIUM_SELL_BULL,RANGE_DTE4_FAILED_BREAK_RECLAIM_BULL_PUT,0.0,0,107.51,HIGH,4,0,0,0,0,0,,,,
10:42:01,23245.65,23281.15,23186.55,MODERATE,23281.15,23116.1,0.785,RANGE,NEUTRAL,STRONG_RANGE,PREMIUM_SELL_BULL,RANGE_DTE4_FAILED_BREAK_RECLAIM_BULL_PUT,0.0,0,107.36,HIGH,4,0,0,0,0,0,,,,
10:42:16,23242.25,23281.15,23186.55,MODERATE,23281.15,23116.1,0.764,RANGE,NEUTRAL,STRONG_RANGE,PREMIUM_SELL_BULL,RANGE_DTE4_FAILED_BREAK_RECLAIM_BULL_PUT,0.0,0,107.21,HIGH,4,0,0,0,0,0,,,,
10:42:31,23241.35,23281.15,23186.55,MODERATE,23281.15,23116.1,0.759,RANGE,NEUTRAL,STRONG_RANGE,PREMIUM_SELL_BULL,RANGE_DTE4_FAILED_BREAK_RECLAIM_BULL_PUT,0.0,0,107.05,HIGH,4,0,0,0,0,0,,,,
10:42:46,23239.15,23281.15,23186.55,MODERATE,23281.15,23116.1,0.746,RANGE,NEUTRAL,STRONG_RANGE,PREMIUM_SELL_BULL,RANGE_DTE4_FAILED_BREAK_RECLAIM_BULL_PUT,0.0,0,106.9,HIGH,4,0,0,0,0,0,,,,
10:43:01,23238.1,23281.15,23186.55,MODERATE,23281.15,23116.1,0.739,RANGE,NEUTRAL,STRONG_RANGE,PREMIUM_SELL_BULL,RANGE_DTE4_FAILED_BREAK_RECLAIM_BULL_PUT,0.0,0,106.75,HIGH,4,0,0,0,0,0,,,,
10:43:16,23241.2,23281.15,23186.55,MODERATE,23281.15,23116.1,0.758,RANGE,NEUTRAL,STRONG_RANGE,PREMIUM_SELL_BULL,RANGE_DTE4_FAILED_BREAK_RECLAIM_BULL_PUT,0.0,0,106.6,HIGH,4,0,0,0,0,0,,,,
10:43:31,23245.2,23281.15,23186.55,MODERATE,23281.15,23116.1,0.782,RANGE,NEUTRAL,STRONG_RANGE,PREMIUM_SELL_BULL,RANGE_DTE4_FAILED_BREAK_RECLAIM_BULL_PUT,0.0,0,106.44,HIGH,4,0,0,0,0,0,,,,
10:43:47,23246.5,23281.15,23186.55,MODERATE,23281.15,23116.1,0.790,RANGE,NEUTRAL,STRONG_RANGE,PREMIUM_SELL_BULL,RANGE_DTE4_FAILED_BREAK_RECLAIM_BULL_PUT,0.0,0,106.29,HIGH,4,0,0,0,0,0,,,,
10:44:02,23247.15,23281.15,23186.55,MODERATE,23281.15,23116.1,0.794,RANGE,NEUTRAL,STRONG_RANGE,PREMIUM_SELL_BULL,RANGE_DTE4_FAILED_BREAK_RECLAIM_BULL_PUT,0.0,0,106.14,HIGH,4,0,0,0,0,0,,,,
10:44:17,23244.55,23281.15,23186.55,MODERATE,23281.15,23116.1,0.778,RANGE,NEUTRAL,STRONG_RANGE,PREMIUM_SELL_BULL,RANGE_DTE4_FAILED_BREAK_RECLAIM_BULL_PUT,0.0,0,105.99,HIGH,4,0,0,0,0,0,,,,
10:44:32,23243.65,23281.15,23186.55,MODERATE,23281.15,23116.1,0.773,RANGE,NEUTRAL,STRONG_RANGE,PREMIUM_SELL_BULL,RANGE_DTE4_FAILED_BREAK_RECLAIM_BULL_PUT,0.0,0,105.85,HIGH,4,0,0,0,0,0,,,,
10:44:47,23247.9,23281.15,23186.55,MODERATE,23281.15,23116.1,0.799,RANGE,NEUTRAL,STRONG_RANGE,PREMIUM_SELL_BULL,RANGE_DTE4_FAILED_BREAK_RECLAIM_BULL_PUT,0.0,0,105.7,HIGH,4,0,0,0,0,0,,,,
10:45:02,23250.15,23281.15,23186.55,MODERATE,23281.15,23116.1,0.812,RANGE,NEUTRAL,STRONG_RANGE,PREMIUM_SELL_BULL,RANGE_DTE4_FAILED_BREAK_RECLAIM_BULL_PUT,0.0,0,105.55,HIGH,4,0,0,0,0,0,,,,
10:45:17,23248.8,23281.15,23186.55,MODERATE,23281.15,23116.1,0.804,RANGE,NEUTRAL,STRONG_RANGE,PREMIUM_SELL_BULL,RANGE_DTE4_FAILED_BREAK_RECLAIM_BULL_PUT,0.0,0,105.4,HIGH,4,0,0,0,0,0,,,,
10:45:32,23254.4,23281.15,23186.55,MODERATE,23281.15,23116.1,0.838,RANGE,NEUTRAL,STRONG_RANGE,PREMIUM_SELL_BULL,RANGE_DTE4_FAILED_BREAK_RECLAIM_BULL_PUT,0.0,0,105.26,HIGH,4,0,0,0,0,0,,,,
10:45:47,23248.3,23281.15,23186.55,MODERATE,23281.15,23116.1,0.801,RANGE,NEUTRAL,STRONG_RANGE,PREMIUM_SELL_BULL,RANGE_DTE4_FAILED_BREAK_RECLAIM_BULL_PUT,0.0,0,105.11,HIGH,4,0,0,0,0,0,,,,
10:46:02,23248.6,23281.15,23186.55,MODERATE,23281.15,23116.1,0.803,RANGE,NEUTRAL,STRONG_RANGE,PREMIUM_SELL_BULL,RANGE_DTE4_FAILED_BREAK_RECLAIM_BULL_PUT,0.0,0,104.97,HIGH,4,0,0,0,0,0,,,,
10:46:17,23251.95,23281.15,23186.55,MODERATE,23281.15,23116.1,0.823,RANGE,NEUTRAL,STRONG_RANGE,PREMIUM_SELL_BULL,RANGE_DTE4_FAILED_BREAK_RECLAIM_BULL_PUT,0.0,0,104.82,HIGH,4,0,0,0,0,0,,,,
10:46:32,23250.7,23281.15,23186.55,MODERATE,23281.15,23116.1,0.816,RANGE,NEUTRAL,STRONG_RANGE,PREMIUM_SELL_BULL,RANGE_DTE4_FAILED_BREAK_RECLAIM_BULL_PUT,0.0,0,104.68,HIGH,4,0,0,0,0,0,,,,
10:46:47,23246.5,23281.15,23186.55,MODERATE,23281.15,23116.1,0.790,RANGE,NEUTRAL,STRONG_RANGE,PREMIUM_SELL_BULL,RANGE_DTE4_FAILED_BREAK_RECLAIM_BULL_PUT,0.0,0,104.54,HIGH,4,0,0,0,0,0,,,,
10:47:02,23248.45,23281.15,23186.55,MODERATE,23281.15,23116.1,0.802,RANGE,NEUTRAL,STRONG_RANGE,PREMIUM_SELL_BULL,RANGE_DTE4_FAILED_BREAK_RECLAIM_BULL_PUT,0.0,0,104.39,HIGH,4,0,0,0,0,0,,,,
10:47:17,23250.6,23281.15,23186.55,MODERATE,23281.15,23116.1,0.815,RANGE,NEUTRAL,STRONG_RANGE,PREMIUM_SELL_BULL,RANGE_DTE4_FAILED_BREAK_RECLAIM_BULL_PUT,0.0,0,104.25,HIGH,4,0,0,0,0,0,,,,
10:47:32,23248.05,23281.15,23186.55,MODERATE,23281.15,23116.1,0.799,RANGE,NEUTRAL,STRONG_RANGE,PREMIUM_SELL_BULL,RANGE_DTE4_FAILED_BREAK_RECLAIM_BULL_PUT,0.0,0,104.11,HIGH,4,0,0,0,0,0,,,,
10:47:47,23246.55,23281.15,23186.55,MODERATE,23281.15,23116.1,0.790,RANGE,NEUTRAL,STRONG_RANGE,PREMIUM_SELL_BULL,RANGE_DTE4_FAILED_BREAK_RECLAIM_BULL_PUT,0.0,0,103.97,HIGH,4,0,0,0,0,0,,,,
10:48:02,23246.95,23281.15,23186.55,MODERATE,23281.15,23116.1,0.793,RANGE,NEUTRAL,STRONG_RANGE,PREMIUM_SELL_BULL,RANGE_DTE4_FAILED_BREAK_RECLAIM_BULL_PUT,0.0,0,103.83,HIGH,4,0,0,0,0,0,,,,
10:48:17,23251.3,23281.15,23186.55,MODERATE,23281.15,23116.1,0.819,RANGE,NEUTRAL,STRONG_RANGE,PREMIUM_SELL_BULL,RANGE_DTE4_FAILED_BREAK_RECLAIM_BULL_PUT,0.0,0,103.69,HIGH,4,0,0,0,0,0,,,,
10:48:33,23254.05,23281.15,23186.55,MODERATE,23281.15,23116.1,0.836,RANGE,NEUTRAL,STRONG_RANGE,PREMIUM_SELL_BULL,RANGE_DTE4_FAILED_BREAK_RECLAIM_BULL_PUT,0.0,0,103.55,HIGH,4,0,0,0,0,0,,,,
10:48:48,23256.0,23281.15,23186.55,MODERATE,23281.15,23116.1,0.848,RANGE,NEUTRAL,STRONG_RANGE,PREMIUM_SELL_BULL,RANGE_DTE4_FAILED_BREAK_RECLAIM_BULL_PUT,0.0,0,103.41,HIGH,4,0,0,0,0,0,,,,
10:49:03,23260.7,23281.15,23186.55,MODERATE,23281.15,23116.1,0.876,RANGE,NEUTRAL,STRONG_RANGE,PREMIUM_SELL_BULL,RANGE_DTE4_FAILED_BREAK_RECLAIM_BULL_PUT,0.0,0,103.27,HIGH,4,0,0,0,0,0,,,,
10:49:18,23259.95,23281.15,23186.55,MODERATE,23281.15,23116.1,0.872,RANGE,NEUTRAL,STRONG_RANGE,PREMIUM_SELL_BULL,RANGE_DTE4_FAILED_BREAK_RECLAIM_BULL_PUT,0.0,0,103.13,HIGH,4,0,0,0,0,0,,,,
10:49:33,23260.6,23281.15,23186.55,MODERATE,23281.15,23116.1,0.875,RANGE,NEUTRAL,STRONG_RANGE,PREMIUM_SELL_BULL,RANGE_DTE4_FAILED_BREAK_RECLAIM_BULL_PUT,0.0,0,103.0,HIGH,4,0,0,0,0,0,,,,
10:49:48,23263.7,23281.15,23186.55,MODERATE,23281.15,23116.1,0.894,RANGE,NEUTRAL,STRONG_RANGE,PREMIUM_SELL_BULL,RANGE_DTE4_FAILED_BREAK_RECLAIM_BULL_PUT,0.0,0,102.86,HIGH,4,0,0,0,0,0,,,,
10:50:03,23260.1,23281.15,23186.55,MODERATE,23281.15,23116.1,0.872,RANGE,NEUTRAL,STRONG_RANGE,PREMIUM_SELL_BULL,RANGE_DTE4_FAILED_BREAK_RECLAIM_BULL_PUT,0.0,0,102.73,HIGH,4,0,0,0,0,0,,,,
10:50:18,23260.9,23281.15,23186.55,MODERATE,23281.15,23116.1,0.877,RANGE,NEUTRAL,STRONG_RANGE,PREMIUM_SELL_BULL,RANGE_DTE4_FAILED_BREAK_RECLAIM_BULL_PUT,0.0,0,102.59,HIGH,4,0,0,0,0,0,,,,
10:50:33,23253.75,23281.15,23186.55,MODERATE,23281.15,23116.1,0.834,RANGE,NEUTRAL,STRONG_RANGE,PREMIUM_SELL_BULL,RANGE_DTE4_FAILED_BREAK_RECLAIM_BULL_PUT,0.0,0,102.46,HIGH,4,0,0,0,0,0,,,,
10:50:48,23249.45,23281.15,23186.55,MODERATE,23281.15,23116.1,0.808,RANGE,NEUTRAL,STRONG_RANGE,PREMIUM_SELL_BULL,RANGE_DTE4_FAILED_BREAK_RECLAIM_BULL_PUT,0.0,0,102.32,HIGH,4,0,0,0,0,0,,,,
10:51:03,23249.65,23281.15,23186.55,MODERATE,23281.15,23116.1,0.809,RANGE,NEUTRAL,STRONG_RANGE,PREMIUM_SELL_BULL,RANGE_DTE4_FAILED_BREAK_RECLAIM_BULL_PUT,0.0,0,102.19,HIGH,4,0,0,0,0,0,,,,
10:51:18,23254.5,23281.15,23186.55,MODERATE,23281.15,23116.1,0.839,RANGE,NEUTRAL,STRONG_RANGE,PREMIUM_SELL_BULL,RANGE_DTE4_FAILED_BREAK_RECLAIM_BULL_PUT,0.0,0,102.06,HIGH,4,0,0,0,0,0,,,,
10:51:33,23257.4,23281.15,23186.55,MODERATE,23281.15,23116.1,0.856,RANGE,NEUTRAL,STRONG_RANGE,PREMIUM_SELL_BULL,RANGE_DTE4_FAILED_BREAK_RECLAIM_BULL_PUT,0.0,0,101.92,HIGH,4,0,0,0,0,0,,,,
10:51:48,23256.8,23281.15,23186.55,MODERATE,23281.15,23116.1,0.852,RANGE,NEUTRAL,STRONG_RANGE,PREMIUM_SELL_BULL,RANGE_DTE4_FAILED_BREAK_RECLAIM_BULL_PUT,0.0,0,101.79,HIGH,4,0,0,0,0,0,,,,
10:52:03,23255.9,23281.15,23186.55,MODERATE,23281.15,23116.1,0.847,RANGE,NEUTRAL,STRONG_RANGE,PREMIUM_SELL_BULL,RANGE_DTE4_FAILED_BREAK_RECLAIM_BULL_PUT,0.0,0,101.66,HIGH,4,0,0,0,0,0,,,,
10:52:18,23259.65,23281.15,23186.55,MODERATE,23281.15,23116.1,0.870,RANGE,NEUTRAL,STRONG_RANGE,PREMIUM_SELL_BULL,RANGE_DTE4_FAILED_BREAK_RECLAIM_BULL_PUT,0.0,0,101.53,HIGH,4,0,0,0,0,0,,,,
10:52:33,23262.0,23281.15,23186.55,MODERATE,23281.15,23116.1,0.884,RANGE,NEUTRAL,STRONG_RANGE,PREMIUM_SELL_BULL,RANGE_DTE4_FAILED_BREAK_RECLAIM_BULL_PUT,0.0,0,101.4,HIGH,4,0,0,0,0,0,,,,
10:52:48,23262.25,23281.15,23186.55,MODERATE,23281.15,23116.1,0.885,RANGE,NEUTRAL,STRONG_RANGE,PREMIUM_SELL_BULL,RANGE_DTE4_FAILED_BREAK_RECLAIM_BULL_PUT,0.0,0,101.27,HIGH,4,0,0,0,0,0,,,,
10:53:03,23264.2,23281.15,23186.55,MODERATE,23281.15,23116.1,0.897,RANGE,NEUTRAL,STRONG_RANGE,PREMIUM_SELL_BULL,RANGE_DTE4_FAILED_BREAK_RECLAIM_BULL_PUT,0.0,0,101.14,HIGH,4,0,0,0,0,0,,,,
10:53:18,23264.55,23281.15,23186.55,MODERATE,23281.15,23116.1,0.899,RANGE,NEUTRAL,STRONG_RANGE,PREMIUM_SELL_BULL,RANGE_DTE4_FAILED_BREAK_RECLAIM_BULL_PUT,0.0,0,101.01,HIGH,4,0,0,0,0,0,,,,
10:53:33,23262.3,23281.15,23186.55,MODERATE,23281.15,23116.1,0.886,RANGE,NEUTRAL,STRONG_RANGE,PREMIUM_SELL_BULL,RANGE_DTE4_FAILED_BREAK_RECLAIM_BULL_PUT,0.0,0,100.88,HIGH,4,0,0,0,0,0,,,,
10:53:48,23257.35,23281.15,23186.55,MODERATE,23281.15,23116.1,0.856,RANGE,NEUTRAL,STRONG_RANGE,PREMIUM_SELL_BULL,RANGE_DTE4_FAILED_BREAK_RECLAIM_BULL_PUT,0.0,0,100.76,HIGH,4,0,0,0,0,0,,,,
10:54:03,23254.5,23281.15,23186.55,MODERATE,23281.15,23116.1,0.839,RANGE,NEUTRAL,STRONG_RANGE,PREMIUM_SELL_BULL,RANGE_DTE4_FAILED_BREAK_RECLAIM_BULL_PUT,0.0,0,100.63,HIGH,4,0,0,0,0,0,,,,
10:54:18,23256.7,23281.15,23186.55,MODERATE,23281.15,23116.1,0.852,RANGE,NEUTRAL,STRONG_RANGE,PREMIUM_SELL_BULL,RANGE_DTE4_FAILED_BREAK_RECLAIM_BULL_PUT,0.0,0,100.5,HIGH,4,0,0,0,0,0,,,,
10:54:33,23257.2,23281.15,23186.55,MODERATE,23281.15,23116.1,0.855,RANGE,NEUTRAL,STRONG_RANGE,PREMIUM_SELL_BULL,RANGE_DTE4_FAILED_BREAK_RECLAIM_BULL_PUT,0.0,0,100.38,HIGH,4,0,0,0,0,0,,,,
10:54:48,23255.6,23281.15,23186.55,MODERATE,23281.15,23116.1,0.845,RANGE,NEUTRAL,STRONG_RANGE,PREMIUM_SELL_BULL,RANGE_DTE4_FAILED_BREAK_RECLAIM_BULL_PUT,0.0,0,100.25,HIGH,4,0,0,0,0,0,,,,
10:55:03,23252.95,23281.15,23186.55,MODERATE,23281.15,23116.1,0.829,RANGE,NEUTRAL,STRONG_RANGE,PREMIUM_SELL_BULL,RANGE_DTE4_FAILED_BREAK_RECLAIM_BULL_PUT,9.91,1,100.12,HIGH,4,0,0,0,0,0,,,,
10:55:18,23247.35,23281.15,23186.55,MODERATE,23281.15,23116.1,0.795,RANGE,NEUTRAL,STRONG_RANGE,PREMIUM_SELL_BULL,RANGE_DTE4_FAILED_BREAK_RECLAIM_BULL_PUT,9.91,1,100.0,HIGH,4,0,0,0,0,0,,,,
10:55:33,23243.8,23281.15,23186.55,MODERATE,23281.15,23116.1,0.774,RANGE,NEUTRAL,STRONG_RANGE,PREMIUM_SELL_BULL,RANGE_DTE4_FAILED_BREAK_RECLAIM_BULL_PUT,9.91,1,99.87,HIGH,4,0,0,0,0,0,,,,
10:55:48,23240.0,23281.15,23186.55,MODERATE,23281.15,23116.1,0.751,RANGE,NEUTRAL,STRONG_RANGE,PREMIUM_SELL_BULL,RANGE_DTE4_FAILED_BREAK_RECLAIM_BULL_PUT,9.91,1,99.75,HIGH,4,0,0,0,0,0,,,,
10:56:03,23237.7,23281.15,23186.55,MODERATE,23281.15,23116.1,0.737,RANGE,NEUTRAL,STRONG_RANGE,PREMIUM_SELL_BULL,RANGE_DTE4_FAILED_BREAK_RECLAIM_BULL_PUT,9.88,1,99.63,HIGH,4,0,0,0,0,0,,,,
10:56:18,23242.1,23281.15,23186.55,MODERATE,23281.15,23116.1,0.763,RANGE,NEUTRAL,STRONG_RANGE,PREMIUM_SELL_BULL,RANGE_DTE4_FAILED_BREAK_RECLAIM_BULL_PUT,9.88,1,99.5,HIGH,4,0,0,0,0,0,,,,
10:56:33,23242.9,23281.15,23186.55,MODERATE,23281.15,23116.1,0.768,RANGE,NEUTRAL,STRONG_RANGE,PREMIUM_SELL_BULL,RANGE_DTE4_FAILED_BREAK_RECLAIM_BULL_PUT,9.88,1,99.38,HIGH,4,0,0,0,0,0,,,,
10:56:48,23241.6,23281.15,23186.55,MODERATE,23281.15,23116.1,0.760,RANGE,NEUTRAL,STRONG_RANGE,PREMIUM_SELL_BULL,RANGE_DTE4_FAILED_BREAK_RECLAIM_BULL_PUT,9.88,1,99.26,HIGH,4,0,0,0,0,0,,,,
10:57:03,23247.75,23281.15,23186.55,MODERATE,23281.15,23116.1,0.798,RANGE,NEUTRAL,STRONG_RANGE,PREMIUM_SELL_BULL,RANGE_DTE4_FAILED_BREAK_RECLAIM_BULL_PUT,9.88,1,99.14,HIGH,4,0,0,0,0,0,,,,
10:57:18,23249.2,23281.15,23186.55,MODERATE,23281.15,23116.1,0.806,RANGE,NEUTRAL,STRONG_RANGE,PREMIUM_SELL_BULL,RANGE_DTE4_FAILED_BREAK_RECLAIM_BULL_PUT,9.88,1,99.02,HIGH,4,0,0,0,0,0,,,,
10:57:33,23249.55,23281.15,23186.55,MODERATE,23281.15,23116.1,0.809,RANGE,NEUTRAL,STRONG_RANGE,PREMIUM_SELL_BULL,RANGE_DTE4_FAILED_BREAK_RECLAIM_BULL_PUT,9.88,1,98.9,HIGH,4,0,0,0,0,0,,,,
10:57:48,23251.45,23281.15,23186.55,MODERATE,23281.15,23116.1,0.820,RANGE,NEUTRAL,STRONG_RANGE,PREMIUM_SELL_BULL,RANGE_DTE4_FAILED_BREAK_RECLAIM_BULL_PUT,9.88,1,98.77,HIGH,4,0,0,0,0,0,,,,
10:58:03,23251.1,23281.15,23186.55,MODERATE,23281.15,23116.1,0.818,RANGE,NEUTRAL,STRONG_RANGE,PREMIUM_SELL_BULL,RANGE_DTE4_FAILED_BREAK_RECLAIM_BULL_PUT,9.88,1,98.65,HIGH,4,0,0,0,0,0,,,,
10:58:18,23250.7,23281.15,23186.55,MODERATE,23281.15,23116.1,0.816,RANGE,NEUTRAL,STRONG_RANGE,PREMIUM_SELL_BULL,RANGE_DTE4_FAILED_BREAK_RECLAIM_BULL_PUT,9.88,1,98.53,HIGH,4,0,0,0,0,0,,,,
10:58:33,23247.65,23281.15,23186.55,MODERATE,23281.15,23116.1,0.797,RANGE,NEUTRAL,STRONG_RANGE,PREMIUM_SELL_BULL,RANGE_DTE4_FAILED_BREAK_RECLAIM_BULL_PUT,9.88,1,98.41,HIGH,4,0,0,0,0,0,,,,
10:58:48,23249.05,23281.15,23186.55,MODERATE,23281.15,23116.1,0.806,RANGE,SELL_PREMIUM,STRONG_RANGE,PREMIUM_SELL_RANGE,RANGE_DTE4_NEW_CYCLE_STRONG_SELL_CONTAINED_OR,9.88,1,98.3,HIGH,4,0,0,0,0,0,,,,
10:59:04,23249.7,23281.15,23186.55,MODERATE,23281.15,23116.1,0.809,RANGE,SELL_PREMIUM,STRONG_RANGE,PREMIUM_SELL_RANGE,RANGE_DTE4_NEW_CYCLE_STRONG_SELL_CONTAINED_OR,9.88,1,98.18,HIGH,4,0,0,0,0,0,,,,
10:59:19,23251.3,23281.15,23186.55,MODERATE,23281.15,23116.1,0.819,RANGE,SELL_PREMIUM,STRONG_RANGE,PREMIUM_SELL_RANGE,RANGE_DTE4_NEW_CYCLE_STRONG_SELL_CONTAINED_OR,9.88,1,98.06,HIGH,4,0,0,0,0,0,,,,
10:59:34,23250.8,23281.15,23186.55,MODERATE,23281.15,23116.1,0.816,RANGE,SELL_PREMIUM,STRONG_RANGE,PREMIUM_SELL_RANGE,RANGE_DTE4_NEW_CYCLE_STRONG_SELL_CONTAINED_OR,9.88,1,97.94,HIGH,4,0,0,0,0,0,,,,
10:59:49,23250.1,23281.15,23186.55,MODERATE,23281.15,23116.1,0.812,RANGE,SELL_PREMIUM,STRONG_RANGE,PREMIUM_SELL_RANGE,RANGE_DTE4_NEW_CYCLE_STRONG_SELL_CONTAINED_OR,9.88,1,97.83,HIGH,4,0,0,0,0,0,,,,
11:00:04,23255.9,23281.15,23186.55,MODERATE,23281.15,23116.1,0.847,RANGE,SELL_PREMIUM,STRONG_RANGE,PREMIUM_SELL_RANGE,RANGE_DTE4_NEW_CYCLE_STRONG_SELL_CONTAINED_OR,10.14,1,97.71,HIGH,4,0,0,0,0,0,,,,
11:00:19,23255.35,23281.15,23186.55,MODERATE,23281.15,23116.1,0.844,RANGE,SELL_PREMIUM,STRONG_RANGE,PREMIUM_SELL_RANGE,RANGE_DTE4_NEW_CYCLE_STRONG_SELL_CONTAINED_OR,10.14,1,97.59,HIGH,4,0,0,0,0,0,,,,
11:00:34,23255.4,23281.15,23186.55,MODERATE,23281.15,23116.1,0.844,RANGE,SELL_PREMIUM,STRONG_RANGE,PREMIUM_SELL_RANGE,RANGE_DTE4_NEW_CYCLE_STRONG_SELL_CONTAINED_OR,10.14,1,97.48,HIGH,4,0,0,0,0,0,,,,
11:00:49,23254.25,23281.15,23186.55,MODERATE,23281.15,23116.1,0.837,RANGE,SELL_PREMIUM,STRONG_RANGE,PREMIUM_SELL_RANGE,RANGE_DTE4_NEW_CYCLE_STRONG_SELL_CONTAINED_OR,10.14,1,97.36,HIGH,4,0,0,0,0,0,,,,
11:01:04,23261.4,23281.15,23186.55,MODERATE,23281.15,23116.1,0.880,RANGE,SELL_PREMIUM,STRONG_RANGE,PREMIUM_SELL_RANGE,RANGE_DTE4_NEW_CYCLE_STRONG_SELL_CONTAINED_OR,10.51,1,97.25,HIGH,4,0,0,0,0,0,,,,
11:01:19,23261.0,23281.15,23186.55,MODERATE,23281.15,23116.1,0.878,RANGE,SELL_PREMIUM,STRONG_RANGE,PREMIUM_SELL_RANGE,RANGE_DTE4_NEW_CYCLE_STRONG_SELL_CONTAINED_OR,10.51,1,97.13,HIGH,4,0,0,0,0,0,,,,
11:01:34,23264.75,23281.15,23186.55,MODERATE,23281.15,23116.1,0.901,RANGE,SELL_PREMIUM,STRONG_RANGE,PREMIUM_SELL_RANGE,RANGE_DTE4_NEW_CYCLE_STRONG_SELL_CONTAINED_OR,10.51,1,97.02,HIGH,4,0,0,0,0,0,,,,
11:01:49,23265.85,23281.15,23186.55,MODERATE,23281.15,23116.1,0.907,RANGE,SELL_PREMIUM,STRONG_RANGE,PREMIUM_SELL_RANGE,RANGE_DTE4_NEW_CYCLE_STRONG_SELL_CONTAINED_OR,10.51,1,96.9,HIGH,4,0,0,0,0,0,,,,
11:02:04,23266.0,23281.15,23186.55,MODERATE,23281.15,23116.1,0.908,RANGE,SELL_PREMIUM,STRONG_RANGE,PREMIUM_SELL_RANGE,RANGE_DTE4_NEW_CYCLE_STRONG_SELL_CONTAINED_OR,10.97,1,96.79,HIGH,4,0,0,0,0,0,,,,
11:02:19,23266.65,23281.15,23186.55,MODERATE,23281.15,23116.1,0.912,RANGE,SELL_PREMIUM,STRONG_RANGE,PREMIUM_SELL_RANGE,RANGE_DTE4_NEW_CYCLE_STRONG_SELL_CONTAINED_OR,10.97,1,96.68,HIGH,4,0,0,0,0,0,,,,
11:02:34,23272.35,23281.15,23186.55,MODERATE,23281.15,23116.1,0.947,RANGE,SELL_PREMIUM,STRONG_RANGE,PREMIUM_SELL_RANGE,RANGE_DTE4_NEW_CYCLE_STRONG_SELL_CONTAINED_OR,10.97,1,96.56,HIGH,4,0,0,0,0,0,,,,
11:02:49,23272.5,23281.15,23186.55,MODERATE,23281.15,23116.1,0.948,RANGE,SELL_PREMIUM,STRONG_RANGE,PREMIUM_SELL_RANGE,RANGE_DTE4_NEW_CYCLE_STRONG_SELL_CONTAINED_OR,10.97,1,96.45,HIGH,4,0,0,0,0,0,,,,
11:03:04,23272.05,23281.15,23186.55,MODERATE,23281.15,23116.1,0.945,RANGE,SELL_PREMIUM,STRONG_RANGE,PREMIUM_SELL_RANGE,RANGE_DTE4_NEW_CYCLE_STRONG_SELL_CONTAINED_OR,11.2,1,96.34,HIGH,4,0,0,0,0,0,,,,
11:03:19,23272.35,23281.15,23186.55,MODERATE,23281.15,23116.1,0.947,RANGE,SELL_PREMIUM,STRONG_RANGE,PREMIUM_SELL_RANGE,RANGE_DTE4_NEW_CYCLE_STRONG_SELL_CONTAINED_OR,11.2,1,96.23,HIGH,4,0,0,0,0,0,,,,
11:03:34,23273.8,23281.15,23186.55,MODERATE,23281.15,23116.1,0.955,RANGE,SELL_PREMIUM,STRONG_RANGE,PREMIUM_SELL_RANGE,RANGE_DTE4_NEW_CYCLE_STRONG_SELL_CONTAINED_OR,11.2,1,96.12,HIGH,4,0,0,0,0,0,,,,
11:03:49,23276.8,23281.15,23186.55,MODERATE,23281.15,23116.1,0.974,RANGE,SELL_PREMIUM,RANGE,PREMIUM_SELL_RANGE,RANGE_DTE4_NEW_CYCLE_STRONG_SELL_CONTAINED_OR,11.2,1,96.01,HIGH,4,0,0,0,0,0,,,,
11:04:04,23277.55,23281.15,23186.55,MODERATE,23281.15,23116.1,0.978,RANGE,SELL_PREMIUM,RANGE,PREMIUM_SELL_RANGE,RANGE_DTE4_NEW_CYCLE_STRONG_SELL_CONTAINED_OR,11.2,1,95.9,HIGH,4,0,0,0,0,0,,,,
11:04:19,23275.4,23281.15,23186.55,MODERATE,23281.15,23116.1,0.965,RANGE,SELL_PREMIUM,RANGE,PREMIUM_SELL_RANGE,RANGE_DTE4_NEW_CYCLE_STRONG_SELL_CONTAINED_OR,11.2,1,95.79,HIGH,4,0,0,0,0,0,,,,
11:04:34,23273.55,23281.15,23186.55,MODERATE,23281.15,23116.1,0.954,RANGE,SELL_PREMIUM,STRONG_RANGE,PREMIUM_SELL_BEAR,RANGE_DTE4_NEW_CYCLE_STRONG_SELL_CONTAINED_OR,11.2,1,95.68,HIGH,4,0,1,0,0,0,ENTER,BEAR_CALL_SPREAD,regime:PREMIUM_SELL_BEAR:conf=HIGH:dte=4:adx=11:price=RANGE,
11:04:49,23272.4,23281.15,23186.55,MODERATE,23281.15,23116.1,0.947,RANGE,SELL_PREMIUM,STRONG_RANGE,PREMIUM_SELL_RANGE,RANGE_DTE4_NEW_CYCLE_STRONG_SELL_CONTAINED_OR,11.2,1,95.57,HIGH,4,0,0,0,0,0,,,,
11:05:04,23271.85,23281.15,23186.55,MODERATE,23281.15,23116.1,0.944,RANGE,SELL_PREMIUM,STRONG_RANGE,PREMIUM_SELL_RANGE,RANGE_DTE4_NEW_CYCLE_STRONG_SELL_CONTAINED_OR,12.4,1,95.46,HIGH,4,0,0,0,0,0,,,,
11:05:19,23264.45,23281.15,23186.55,MODERATE,23281.15,23116.1,0.899,RANGE,SELL_PREMIUM,STRONG_RANGE,PREMIUM_SELL_RANGE,RANGE_DTE4_NEW_CYCLE_STRONG_SELL_CONTAINED_OR,12.4,1,95.35,HIGH,4,0,0,0,0,0,,,,
11:05:34,23262.4,23281.15,23186.55,MODERATE,23281.15,23116.1,0.886,RANGE,SELL_PREMIUM,STRONG_RANGE,PREMIUM_SELL_RANGE,RANGE_DTE4_NEW_CYCLE_STRONG_SELL_CONTAINED_OR,12.4,1,95.24,HIGH,4,0,0,0,0,0,,,,
11:05:49,23263.25,23281.15,23186.55,MODERATE,23281.15,23116.1,0.892,RANGE,SELL_PREMIUM,STRONG_RANGE,PREMIUM_SELL_RANGE,RANGE_DTE4_NEW_CYCLE_STRONG_SELL_CONTAINED_OR,12.4,1,95.14,HIGH,4,0,0,0,0,0,,,,
11:06:04,23262.75,23281.15,23186.55,MODERATE,23281.15,23116.1,0.889,RANGE,SELL_PREMIUM,STRONG_RANGE,PREMIUM_SELL_RANGE,RANGE_DTE4_NEW_CYCLE_STRONG_SELL_CONTAINED_OR,12.4,1,95.03,HIGH,4,0,0,0,0,0,,,,
11:06:19,23263.4,23281.15,23186.55,MODERATE,23281.15,23116.1,0.892,RANGE,SELL_PREMIUM,STRONG_RANGE,PREMIUM_SELL_RANGE,RANGE_DTE4_NEW_CYCLE_STRONG_SELL_CONTAINED_OR,12.4,1,94.92,HIGH,4,0,0,0,0,0,,,,
11:06:34,23265.65,23281.15,23186.55,MODERATE,23281.15,23116.1,0.906,RANGE,SELL_PREMIUM,STRONG_RANGE,PREMIUM_SELL_RANGE,RANGE_DTE4_NEW_CYCLE_STRONG_SELL_CONTAINED_OR,12.4,1,94.82,HIGH,4,0,0,0,0,0,,,,
11:06:49,23263.7,23281.15,23186.55,MODERATE,23281.15,23116.1,0.894,RANGE,STRONG_SELL_PREMIUM,STRONG_RANGE,PREMIUM_SELL_RANGE,RANGE_DTE4_NEW_CYCLE_STRONG_SELL_CONTAINED_OR,12.4,1,94.71,HIGH,4,0,0,0,0,0,,,,
11:07:04,23259.75,23281.15,23186.55,MODERATE,23281.15,23116.1,0.870,RANGE,STRONG_SELL_PREMIUM,STRONG_RANGE,PREMIUM_SELL_RANGE,RANGE_DTE4_NEW_CYCLE_STRONG_SELL_CONTAINED_OR,12.4,1,94.6,HIGH,4,0,0,0,0,0,,,,
11:07:19,23261.05,23281.15,23186.55,MODERATE,23281.15,23116.1,0.878,RANGE,STRONG_SELL_PREMIUM,STRONG_RANGE,PREMIUM_SELL_RANGE,RANGE_DTE4_NEW_CYCLE_STRONG_SELL_CONTAINED_OR,12.4,1,94.5,HIGH,4,0,0,0,0,0,,,,
11:07:34,23256.6,23281.15,23186.55,MODERATE,23281.15,23116.1,0.851,RANGE,STRONG_SELL_PREMIUM,STRONG_RANGE,PREMIUM_SELL_RANGE,RANGE_DTE4_NEW_CYCLE_STRONG_SELL_CONTAINED_OR,12.4,1,94.39,HIGH,4,0,0,0,0,0,,,,
11:07:49,23254.45,23281.15,23186.55,MODERATE,23281.15,23116.1,0.838,RANGE,STRONG_SELL_PREMIUM,STRONG_RANGE,PREMIUM_SELL_RANGE,RANGE_DTE4_NEW_CYCLE_STRONG_SELL_CONTAINED_OR,12.4,1,94.29,HIGH,4,0,0,0,0,0,,,,
11:08:04,23254.95,23281.15,23186.55,MODERATE,23281.15,23116.1,0.841,RANGE,STRONG_SELL_PREMIUM,STRONG_RANGE,PREMIUM_SELL_RANGE,RANGE_DTE4_NEW_CYCLE_STRONG_SELL_CONTAINED_OR,12.4,1,94.18,HIGH,4,0,0,0,0,0,,,,
11:08:19,23258.0,23281.15,23186.55,MODERATE,23281.15,23116.1,0.860,RANGE,STRONG_SELL_PREMIUM,STRONG_RANGE,PREMIUM_SELL_RANGE,RANGE_DTE4_NEW_CYCLE_STRONG_SELL_CONTAINED_OR,12.4,1,94.08,HIGH,4,0,0,0,0,0,,,,
11:08:34,23257.8,23281.15,23186.55,MODERATE,23281.15,23116.1,0.859,RANGE,STRONG_SELL_PREMIUM,STRONG_RANGE,PREMIUM_SELL_RANGE,RANGE_DTE4_NEW_CYCLE_STRONG_SELL_CONTAINED_OR,12.4,1,93.98,HIGH,4,0,0,0,0,0,,,,
11:08:49,23259.05,23281.15,23186.55,MODERATE,23281.15,23116.1,0.866,RANGE,STRONG_SELL_PREMIUM,STRONG_RANGE,PREMIUM_SELL_RANGE,RANGE_DTE4_NEW_CYCLE_STRONG_SELL_CONTAINED_OR,12.4,1,93.87,HIGH,4,0,0,0,0,0,,,,
11:09:04,23260.95,23281.15,23186.55,MODERATE,23281.15,23116.1,0.878,RANGE,STRONG_SELL_PREMIUM,STRONG_RANGE,PREMIUM_SELL_RANGE,RANGE_DTE4_NEW_CYCLE_STRONG_SELL_CONTAINED_OR,12.4,1,93.77,HIGH,4,0,0,0,0,0,,,,
11:09:20,23259.95,23281.15,23186.55,MODERATE,23281.15,23116.1,0.872,RANGE,STRONG_SELL_PREMIUM,STRONG_RANGE,PREMIUM_SELL_RANGE,RANGE_DTE4_NEW_CYCLE_STRONG_SELL_CONTAINED_OR,12.4,1,93.67,HIGH,4,0,0,0,0,0,,,,
11:09:35,23258.8,23281.15,23186.55,MODERATE,23281.15,23116.1,0.865,RANGE,STRONG_SELL_PREMIUM,STRONG_RANGE,PREMIUM_SELL_RANGE,RANGE_DTE4_NEW_CYCLE_STRONG_SELL_CONTAINED_OR,12.4,1,93.56,HIGH,4,0,0,0,0,0,,,,
11:09:50,23259.05,23281.15,23186.55,MODERATE,23281.15,23116.1,0.866,RANGE,STRONG_SELL_PREMIUM,STRONG_RANGE,PREMIUM_SELL_RANGE,RANGE_DTE4_NEW_CYCLE_STRONG_SELL_CONTAINED_OR,12.4,1,93.46,HIGH,4,0,0,0,0,0,,,,
11:10:05,23256.5,23281.15,23186.55,MODERATE,23281.15,23116.1,0.851,RANGE,STRONG_SELL_PREMIUM,STRONG_RANGE,PREMIUM_SELL_RANGE,RANGE_DTE4_NEW_CYCLE_STRONG_SELL_CONTAINED_OR,13.47,1,93.36,HIGH,4,0,0,0,0,0,,,,
11:10:20,23258.7,23281.15,23186.55,MODERATE,23281.15,23116.1,0.864,RANGE,STRONG_SELL_PREMIUM,STRONG_RANGE,PREMIUM_SELL_RANGE,RANGE_DTE4_NEW_CYCLE_STRONG_SELL_CONTAINED_OR,13.47,1,93.26,HIGH,4,0,0,0,0,0,,,,
11:34:29,23233.0,23281.15,23186.55,MODERATE,23281.15,23116.1,0.708,RANGE,STRONG_SELL_PREMIUM,STRONG_RANGE,PREMIUM_SELL_RANGE,RANGE_DTE4_NEW_CYCLE_STRONG_SELL_CONTAINED_OR,11.78,1,84.8,HIGH,4,0,0,0,0,0,,,,
11:34:44,23228.55,23281.15,23186.55,MODERATE,23281.15,23116.1,0.681,RANGE,STRONG_SELL_PREMIUM,STRONG_RANGE,PREMIUM_SELL_RANGE,RANGE_DTE4_NEW_CYCLE_STRONG_SELL_CONTAINED_OR,11.78,1,84.73,HIGH,4,0,0,0,0,0,,,,
11:34:59,23225.35,23281.15,23186.55,MODERATE,23281.15,23116.1,0.662,RANGE,STRONG_SELL_PREMIUM,STRONG_RANGE,PREMIUM_SELL_RANGE,RANGE_DTE4_NEW_CYCLE_STRONG_SELL_CONTAINED_OR,11.78,1,84.65,HIGH,4,0,0,0,0,0,,,,
11:35:14,23229.85,23281.15,23186.55,MODERATE,23281.15,23116.1,0.689,RANGE,STRONG_SELL_PREMIUM,STRONG_RANGE,PREMIUM_SELL_RANGE,RANGE_DTE4_NEW_CYCLE_STRONG_SELL_CONTAINED_OR,11.2,1,84.57,HIGH,4,0,0,0,0,0,,,,
11:35:29,23226.7,23281.15,23186.55,MODERATE,23281.15,23116.1,0.670,RANGE,STRONG_SELL_PREMIUM,STRONG_RANGE,PREMIUM_SELL_RANGE,RANGE_DTE4_NEW_CYCLE_STRONG_SELL_CONTAINED_OR,11.2,1,84.5,HIGH,4,0,0,0,0,0,,,,
11:35:44,23227.05,23281.15,23186.55,MODERATE,23281.15,23116.1,0.672,RANGE,STRONG_SELL_PREMIUM,STRONG_RANGE,PREMIUM_SELL_RANGE,RANGE_DTE4_NEW_CYCLE_STRONG_SELL_CONTAINED_OR,11.2,1,84.42,HIGH,4,0,0,0,0,0,,,,
11:35:59,23226.85,23281.15,23186.55,MODERATE,23281.15,23116.1,0.671,RANGE,STRONG_SELL_PREMIUM,STRONG_RANGE,PREMIUM_SELL_RANGE,RANGE_DTE4_NEW_CYCLE_STRONG_SELL_CONTAINED_OR,11.2,1,84.35,HIGH,4,0,0,0,0,0,,,,
11:36:14,23225.5,23281.15,23186.55,MODERATE,23281.15,23116.1,0.663,RANGE,STRONG_SELL_PREMIUM,STRONG_RANGE,PREMIUM_SELL_RANGE,RANGE_DTE4_NEW_CYCLE_STRONG_SELL_CONTAINED_OR,11.2,1,84.27,HIGH,4,0,0,0,0,0,,,,
11:36:29,23223.25,23281.15,23186.55,MODERATE,23281.15,23116.1,0.649,RANGE,STRONG_SELL_PREMIUM,RANGE,PREMIUM_SELL_RANGE,RANGE_DTE4_NEW_CYCLE_STRONG_SELL_CONTAINED_OR,11.2,1,84.2,HIGH,4,0,0,0,0,0,,,,
11:36:44,23225.2,23281.15,23186.55,MODERATE,23281.15,23116.1,0.661,RANGE,STRONG_SELL_PREMIUM,RANGE,PREMIUM_SELL_RANGE,RANGE_DTE4_NEW_CYCLE_STRONG_SELL_CONTAINED_OR,11.2,1,84.12,HIGH,4,0,0,0,0,0,,,,
11:36:59,23224.55,23281.15,23186.55,MODERATE,23281.15,23116.1,0.657,RANGE,STRONG_SELL_PREMIUM,RANGE,PREMIUM_SELL_RANGE,RANGE_DTE4_NEW_CYCLE_STRONG_SELL_CONTAINED_OR,11.2,1,84.05,HIGH,4,0,0,0,0,0,,,,
11:37:14,23223.05,23281.15,23186.55,MODERATE,23281.15,23116.1,0.648,RANGE,STRONG_SELL_PREMIUM,RANGE,PREMIUM_SELL_RANGE,RANGE_DTE4_NEW_CYCLE_STRONG_SELL_CONTAINED_OR,11.2,1,83.98,HIGH,4,0,0,0,0,0,,,,
11:37:29,23222.2,23281.15,23186.55,MODERATE,23281.15,23116.1,0.643,RANGE,STRONG_SELL_PREMIUM,RANGE,PREMIUM_SELL_RANGE,RANGE_DTE4_NEW_CYCLE_STRONG_SELL_CONTAINED_OR,11.2,1,83.9,HIGH,4,0,0,0,0,0,,,,
11:37:44,23223.75,23281.15,23186.55,MODERATE,23281.15,23116.1,0.652,RANGE,STRONG_SELL_PREMIUM,RANGE,PREMIUM_SELL_RANGE,RANGE_DTE4_NEW_CYCLE_STRONG_SELL_CONTAINED_OR,11.2,1,83.83,HIGH,4,0,0,0,0,0,,,,
11:37:59,23227.15,23281.15,23186.55,MODERATE,23281.15,23116.1,0.673,RANGE,STRONG_SELL_PREMIUM,STRONG_RANGE,PREMIUM_SELL_RANGE,RANGE_DTE4_NEW_CYCLE_STRONG_SELL_CONTAINED_OR,11.2,1,83.75,HIGH,4,0,0,0,0,0,,,,
11:38:14,23238.65,23281.15,23186.55,MODERATE,23281.15,23116.1,0.743,RANGE,STRONG_SELL_PREMIUM,STRONG_RANGE,PREMIUM_SELL_RANGE,RANGE_DTE4_NEW_CYCLE_STRONG_SELL_CONTAINED_OR,10.78,1,83.68,HIGH,4,0,0,0,0,0,,,,
11:38:29,23242.7,23281.15,23186.55,MODERATE,23281.15,23116.1,0.767,RANGE,STRONG_SELL_PREMIUM,STRONG_RANGE,PREMIUM_SELL_RANGE,RANGE_DTE4_NEW_CYCLE_STRONG_SELL_CONTAINED_OR,10.78,1,83.61,HIGH,4,0,0,0,0,0,,,,
11:38:44,23241.7,23281.15,23186.55,MODERATE,23281.15,23116.1,0.761,RANGE,STRONG_SELL_PREMIUM,RANGE,PREMIUM_SELL_RANGE,RANGE_DTE4_NEW_CYCLE_STRONG_SELL_CONTAINED_OR,10.78,1,83.54,HIGH,4,0,0,0,0,0,,,,
11:38:59,23237.05,23281.15,23186.55,MODERATE,23281.15,23116.1,0.733,RANGE,STRONG_SELL_PREMIUM,RANGE,PREMIUM_SELL_RANGE,RANGE_DTE4_NEW_CYCLE_STRONG_SELL_CONTAINED_OR,10.78,1,83.46,HIGH,4,0,0,0,0,0,,,,
11:39:15,23237.85,23281.15,23186.55,MODERATE,23281.15,23116.1,0.738,RANGE,STRONG_SELL_PREMIUM,RANGE,PREMIUM_SELL_RANGE,RANGE_DTE4_NEW_CYCLE_STRONG_SELL_CONTAINED_OR,10.78,1,83.39,HIGH,4,0,0,0,0,0,,,,
11:39:30,23232.95,23281.15,23186.55,MODERATE,23281.15,23116.1,0.708,RANGE,STRONG_SELL_PREMIUM,RANGE,PREMIUM_SELL_RANGE,RANGE_DTE4_NEW_CYCLE_STRONG_SELL_CONTAINED_OR,10.78,1,83.32,HIGH,4,0,0,0,0,0,,,,
11:39:44,23233.9,23281.15,23186.55,MODERATE,23281.15,23116.1,0.714,RANGE,STRONG_SELL_PREMIUM,RANGE,PREMIUM_SELL_RANGE,RANGE_DTE4_NEW_CYCLE_STRONG_SELL_CONTAINED_OR,10.78,1,83.25,HIGH,4,0,0,0,0,0,,,,
11:39:59,23234.45,23281.15,23186.55,MODERATE,23281.15,23116.1,0.717,RANGE,STRONG_SELL_PREMIUM,RANGE,PREMIUM_SELL_RANGE,RANGE_DTE4_NEW_CYCLE_STRONG_SELL_CONTAINED_OR,10.78,1,83.17,HIGH,4,0,0,0,0,0,,,,
11:40:15,23231.45,23281.15,23186.55,MODERATE,23281.15,23116.1,0.699,RANGE,STRONG_SELL_PREMIUM,RANGE,PREMIUM_SELL_RANGE,RANGE_DTE4_NEW_CYCLE_STRONG_SELL_CONTAINED_OR,9.88,1,83.1,HIGH,4,0,0,0,0,0,,,,
11:40:30,23231.95,23281.15,23186.55,MODERATE,23281.15,23116.1,0.702,RANGE,STRONG_SELL_PREMIUM,RANGE,PREMIUM_SELL_RANGE,RANGE_DTE4_NEW_CYCLE_STRONG_SELL_CONTAINED_OR,9.88,1,83.03,HIGH,4,0,0,0,0,0,,,,
11:40:45,23237.75,23281.15,23186.55,MODERATE,23281.15,23116.1,0.737,RANGE,STRONG_SELL_PREMIUM,RANGE,PREMIUM_SELL_RANGE,RANGE_DTE4_NEW_CYCLE_STRONG_SELL_CONTAINED_OR,9.88,1,82.96,HIGH,4,0,0,0,0,0,,,,
11:41:00,23238.4,23281.15,23186.55,MODERATE,23281.15,23116.1,0.741,RANGE,STRONG_SELL_PREMIUM,RANGE,PREMIUM_SELL_RANGE,RANGE_DTE4_NEW_CYCLE_STRONG_SELL_CONTAINED_OR,9.88,1,82.89,HIGH,4,0,0,0,0,0,,,,
11:41:15,23237.0,23281.15,23186.55,MODERATE,23281.15,23116.1,0.733,RANGE,STRONG_SELL_PREMIUM,RANGE,PREMIUM_SELL_RANGE,RANGE_DTE4_NEW_CYCLE_STRONG_SELL_CONTAINED_OR,9.88,1,82.82,HIGH,4,0,0,0,0,0,,,,
11:41:30,23235.1,23281.15,23186.55,MODERATE,23281.15,23116.1,0.721,RANGE,STRONG_SELL_PREMIUM,RANGE,PREMIUM_SELL_RANGE,RANGE_DTE4_NEW_CYCLE_STRONG_SELL_CONTAINED_OR,9.88,1,82.75,HIGH,4,0,0,0,0,0,,,,
11:41:45,23232.05,23281.15,23186.55,MODERATE,23281.15,23116.1,0.703,RANGE,STRONG_SELL_PREMIUM,RANGE,PREMIUM_SELL_RANGE,RANGE_DTE4_NEW_CYCLE_STRONG_SELL_CONTAINED_OR,9.88,1,82.68,HIGH,4,0,0,0,0,0,,,,
11:42:00,23233.65,23281.15,23186.55,MODERATE,23281.15,23116.1,0.712,RANGE,STRONG_SELL_PREMIUM,RANGE,PREMIUM_SELL_RANGE,RANGE_DTE4_NEW_CYCLE_STRONG_SELL_CONTAINED_OR,9.88,1,82.61,HIGH,4,0,0,0,0,0,,,,
11:42:15,23233.95,23281.15,23186.55,MODERATE,23281.15,23116.1,0.714,RANGE,STRONG_SELL_PREMIUM,RANGE,PREMIUM_SELL_RANGE,RANGE_DTE4_NEW_CYCLE_STRONG_SELL_CONTAINED_OR,9.88,1,82.54,HIGH,4,0,0,0,0,0,,,,
11:42:30,23234.2,23281.15,23186.55,MODERATE,23281.15,23116.1,0.716,RANGE,STRONG_SELL_PREMIUM,RANGE,PREMIUM_SELL_RANGE,RANGE_DTE4_NEW_CYCLE_STRONG_SELL_CONTAINED_OR,9.88,1,82.47,HIGH,4,0,0,0,0,0,,,,
11:42:45,23234.7,23281.15,23186.55,MODERATE,23281.15,23116.1,0.719,RANGE,STRONG_SELL_PREMIUM,RANGE,PREMIUM_SELL_RANGE,RANGE_DTE4_NEW_CYCLE_STRONG_SELL_CONTAINED_OR,9.88,1,82.4,HIGH,4,0,0,0,0,0,,,,
11:43:00,23232.2,23281.15,23186.55,MODERATE,23281.15,23116.1,0.703,RANGE,STRONG_SELL_PREMIUM,RANGE,PREMIUM_SELL_RANGE,RANGE_DTE4_NEW_CYCLE_STRONG_SELL_CONTAINED_OR,9.88,1,82.33,HIGH,4,0,0,0,0,0,,,,
11:43:15,23235.85,23281.15,23186.55,MODERATE,23281.15,23116.1,0.726,RANGE,STRONG_SELL_PREMIUM,RANGE,PREMIUM_SELL_RANGE,RANGE_DTE4_NEW_CYCLE_STRONG_SELL_CONTAINED_OR,9.88,1,82.26,HIGH,4,0,0,0,0,0,,,,
11:43:30,23235.75,23281.15,23186.55,MODERATE,23281.15,23116.1,0.725,RANGE,STRONG_SELL_PREMIUM,RANGE,PREMIUM_SELL_RANGE,RANGE_DTE4_NEW_CYCLE_STRONG_SELL_CONTAINED_OR,9.88,1,82.19,HIGH,4,0,0,0,0,0,,,,
11:43:45,23235.65,23281.15,23186.55,MODERATE,23281.15,23116.1,0.724,RANGE,STRONG_SELL_PREMIUM,RANGE,PREMIUM_SELL_RANGE,RANGE_DTE4_NEW_CYCLE_STRONG_SELL_CONTAINED_OR,9.88,1,82.12,HIGH,4,0,0,0,0,0,,,,
11:44:00,23235.35,23281.15,23186.55,MODERATE,23281.15,23116.1,0.723,RANGE,STRONG_SELL_PREMIUM,RANGE,PREMIUM_SELL_RANGE,RANGE_DTE4_NEW_CYCLE_STRONG_SELL_CONTAINED_OR,9.88,1,82.05,HIGH,4,0,0,0,0,0,,,,
11:44:15,23236.35,23281.15,23186.55,MODERATE,23281.15,23116.1,0.729,RANGE,STRONG_SELL_PREMIUM,RANGE,PREMIUM_SELL_RANGE,RANGE_DTE4_NEW_CYCLE_STRONG_SELL_CONTAINED_OR,9.88,1,81.98,HIGH,4,0,0,0,0,0,,,,
11:44:30,23234.65,23281.15,23186.55,MODERATE,23281.15,23116.1,0.718,RANGE,STRONG_SELL_PREMIUM,RANGE,PREMIUM_SELL_RANGE,RANGE_DTE4_NEW_CYCLE_STRONG_SELL_CONTAINED_OR,9.88,1,81.91,HIGH,4,0,0,0,0,0,,,,
11:44:45,23235.25,23281.15,23186.55,MODERATE,23281.15,23116.1,0.722,RANGE,STRONG_SELL_PREMIUM,RANGE,PREMIUM_SELL_RANGE,RANGE_DTE4_NEW_CYCLE_STRONG_SELL_CONTAINED_OR,9.88,1,81.84,HIGH,4,0,0,0,0,0,,,,
11:45:00,23233.55,23281.15,23186.55,MODERATE,23281.15,23116.1,0.712,RANGE,STRONG_SELL_PREMIUM,RANGE,PREMIUM_SELL_RANGE,RANGE_DTE4_NEW_CYCLE_STRONG_SELL_CONTAINED_OR,9.38,1,81.77,HIGH,4,0,0,0,0,0,,,,
11:45:15,23232.75,23281.15,23186.55,MODERATE,23281.15,23116.1,0.707,RANGE,STRONG_SELL_PREMIUM,RANGE,PREMIUM_SELL_RANGE,RANGE_DTE4_NEW_CYCLE_STRONG_SELL_CONTAINED_OR,9.38,1,81.71,HIGH,4,0,0,0,0,0,,,,
11:45:30,23231.4,23281.15,23186.55,MODERATE,23281.15,23116.1,0.699,RANGE,STRONG_SELL_PREMIUM,STRONG_RANGE,PREMIUM_SELL_RANGE,RANGE_DTE4_NEW_CYCLE_STRONG_SELL_CONTAINED_OR,9.38,1,81.64,HIGH,4,0,0,0,0,0,,,,
11:45:45,23230.45,23281.15,23186.55,MODERATE,23281.15,23116.1,0.693,RANGE,STRONG_SELL_PREMIUM,STRONG_RANGE,PREMIUM_SELL_RANGE,RANGE_DTE4_NEW_CYCLE_STRONG_SELL_CONTAINED_OR,9.38,1,81.57,HIGH,4,0,0,0,0,0,,,,
11:46:00,23227.95,23281.15,23186.55,MODERATE,23281.15,23116.1,0.678,RANGE,STRONG_SELL_PREMIUM,STRONG_RANGE,PREMIUM_SELL_RANGE,RANGE_DTE4_NEW_CYCLE_STRONG_SELL_CONTAINED_OR,9.59,1,81.5,HIGH,4,0,0,0,0,0,,,,
11:46:15,23227.15,23281.15,23186.55,MODERATE,23281.15,23116.1,0.673,RANGE,STRONG_SELL_PREMIUM,STRONG_RANGE,PREMIUM_SELL_RANGE,RANGE_DTE4_NEW_CYCLE_STRONG_SELL_CONTAINED_OR,9.59,1,81.44,HIGH,4,0,0,0,0,0,,,,
11:46:30,23227.15,23281.15,23186.55,MODERATE,23281.15,23116.1,0.673,RANGE,STRONG_SELL_PREMIUM,STRONG_RANGE,PREMIUM_SELL_RANGE,RANGE_DTE4_NEW_CYCLE_STRONG_SELL_CONTAINED_OR,9.59,1,81.37,HIGH,4,0,0,0,0,0,,,,
11:46:45,23227.7,23281.15,23186.55,MODERATE,23281.15,23116.1,0.676,RANGE,STRONG_SELL_PREMIUM,STRONG_RANGE,PREMIUM_SELL_RANGE,RANGE_DTE4_NEW_CYCLE_STRONG_SELL_CONTAINED_OR,9.59,1,81.3,HIGH,4,0,0,0,0,0,,,,
11:47:00,23227.2,23281.15,23186.55,MODERATE,23281.15,23116.1,0.673,RANGE,STRONG_SELL_PREMIUM,STRONG_RANGE,PREMIUM_SELL_RANGE,RANGE_DTE4_NEW_CYCLE_STRONG_SELL_CONTAINED_OR,9.9,1,81.23,HIGH,4,0,0,0,0,0,,,,
11:47:15,23226.2,23281.15,23186.55,MODERATE,23281.15,23116.1,0.667,RANGE,STRONG_SELL_PREMIUM,STRONG_RANGE,PREMIUM_SELL_RANGE,RANGE_DTE4_NEW_CYCLE_STRONG_SELL_CONTAINED_OR,9.9,1,81.17,HIGH,4,0,0,0,0,0,,,,
11:47:30,23224.35,23281.15,23186.55,MODERATE,23281.15,23116.1,0.656,RANGE,STRONG_SELL_PREMIUM,STRONG_RANGE,PREMIUM_SELL_RANGE,RANGE_DTE4_NEW_CYCLE_STRONG_SELL_CONTAINED_OR,9.9,1,81.1,HIGH,4,0,0,0,0,0,,,,
11:47:45,23224.6,23281.15,23186.55,MODERATE,23281.15,23116.1,0.657,RANGE,STRONG_SELL_PREMIUM,STRONG_RANGE,PREMIUM_SELL_RANGE,RANGE_DTE4_NEW_CYCLE_STRONG_SELL_CONTAINED_OR,9.9,1,81.03,HIGH,4,0,0,0,0,0,,,,
11:48:00,23224.2,23281.15,23186.55,MODERATE,23281.15,23116.1,0.655,RANGE,STRONG_SELL_PREMIUM,STRONG_RANGE,PREMIUM_SELL_RANGE,RANGE_DTE4_NEW_CYCLE_STRONG_SELL_CONTAINED_OR,9.97,1,80.97,HIGH,4,0,0,0,0,0,,,,
11:48:15,23223.6,23281.15,23186.55,MODERATE,23281.15,23116.1,0.651,RANGE,STRONG_SELL_PREMIUM,STRONG_RANGE,PREMIUM_SELL_RANGE,RANGE_DTE4_NEW_CYCLE_STRONG_SELL_CONTAINED_OR,9.97,1,80.9,HIGH,4,0,0,0,0,0,,,,
11:48:30,23224.85,23281.15,23186.55,MODERATE,23281.15,23116.1,0.659,RANGE,STRONG_SELL_PREMIUM,STRONG_RANGE,PREMIUM_SELL_RANGE,RANGE_DTE4_NEW_CYCLE_STRONG_SELL_CONTAINED_OR,9.97,1,80.84,HIGH,4,0,0,0,0,0,,,,
11:48:45,23224.5,23281.15,23186.55,MODERATE,23281.15,23116.1,0.657,RANGE,STRONG_SELL_PREMIUM,STRONG_RANGE,PREMIUM_SELL_RANGE,RANGE_DTE4_NEW_CYCLE_STRONG_SELL_CONTAINED_OR,9.97,1,80.77,HIGH,4,0,0,0,0,0,,,,
11:49:00,23223.85,23281.15,23186.55,MODERATE,23281.15,23116.1,0.653,RANGE,STRONG_SELL_PREMIUM,STRONG_RANGE,PREMIUM_SELL_RANGE,RANGE_DTE4_NEW_CYCLE_STRONG_SELL_CONTAINED_OR,9.97,1,80.7,HIGH,4,0,0,0,0,0,,,,
11:49:15,23227.55,23281.15,23186.55,MODERATE,23281.15,23116.1,0.675,RANGE,STRONG_SELL_PREMIUM,STRONG_RANGE,PREMIUM_SELL_RANGE,RANGE_DTE4_NEW_CYCLE_STRONG_SELL_CONTAINED_OR,9.97,1,80.64,HIGH,4,0,0,0,0,0,,,,
11:49:30,23228.45,23281.15,23186.55,MODERATE,23281.15,23116.1,0.681,RANGE,STRONG_SELL_PREMIUM,STRONG_RANGE,PREMIUM_SELL_RANGE,RANGE_DTE4_NEW_CYCLE_STRONG_SELL_CONTAINED_OR,9.97,1,80.57,HIGH,4,0,0,0,0,0,,,,
11:49:45,23226.6,23281.15,23186.55,MODERATE,23281.15,23116.1,0.669,RANGE,STRONG_SELL_PREMIUM,STRONG_RANGE,PREMIUM_SELL_RANGE,RANGE_DTE4_NEW_CYCLE_STRONG_SELL_CONTAINED_OR,9.97,1,80.51,HIGH,4,0,0,0,0,0,,,,
11:50:00,23227.0,23281.15,23186.55,MODERATE,23281.15,23116.1,0.672,RANGE,STRONG_SELL_PREMIUM,STRONG_RANGE,PREMIUM_SELL_RANGE,RANGE_DTE4_NEW_CYCLE_STRONG_SELL_CONTAINED_OR,9.04,1,80.44,HIGH,4,0,0,0,0,0,,,,
11:50:15,23228.05,23281.15,23186.55,MODERATE,23281.15,23116.1,0.678,RANGE,STRONG_SELL_PREMIUM,STRONG_RANGE,PREMIUM_SELL_RANGE,RANGE_DTE4_NEW_CYCLE_STRONG_SELL_CONTAINED_OR,9.04,1,80.38,HIGH,4,0,0,0,0,0,,,,
11:50:30,23236.15,23281.15,23186.55,MODERATE,23281.15,23116.1,0.727,RANGE,STRONG_SELL_PREMIUM,STRONG_RANGE,PREMIUM_SELL_RANGE,RANGE_DTE4_NEW_CYCLE_STRONG_SELL_CONTAINED_OR,9.04,1,80.31,HIGH,4,0,0,0,0,0,,,,
11:50:45,23240.2,23281.15,23186.55,MODERATE,23281.15,23116.1,0.752,RANGE,STRONG_SELL_PREMIUM,STRONG_RANGE,PREMIUM_SELL_RANGE,RANGE_DTE4_NEW_CYCLE_STRONG_SELL_CONTAINED_OR,9.04,1,80.25,HIGH,4,0,0,0,0,0,,,,
11:51:00,23239.3,23281.15,23186.55,MODERATE,23281.15,23116.1,0.746,RANGE,STRONG_SELL_PREMIUM,STRONG_RANGE,PREMIUM_SELL_RANGE,RANGE_DTE4_NEW_CYCLE_STRONG_SELL_CONTAINED_OR,9.04,1,80.18,HIGH,4,0,0,0,0,0,,,,
11:51:15,23240.75,23281.15,23186.55,MODERATE,23281.15,23116.1,0.755,RANGE,STRONG_SELL_PREMIUM,STRONG_RANGE,PREMIUM_SELL_RANGE,RANGE_DTE4_NEW_CYCLE_STRONG_SELL_CONTAINED_OR,9.04,1,80.12,HIGH,4,0,0,0,0,0,,,,
11:51:30,23239.25,23281.15,23186.55,MODERATE,23281.15,23116.1,0.746,RANGE,STRONG_SELL_PREMIUM,STRONG_RANGE,PREMIUM_SELL_RANGE,RANGE_DTE4_NEW_CYCLE_STRONG_SELL_CONTAINED_OR,9.04,1,80.06,HIGH,4,0,0,0,0,0,,,,
11:51:45,23235.5,23281.15,23186.55,MODERATE,23281.15,23116.1,0.723,RANGE,STRONG_SELL_PREMIUM,STRONG_RANGE,PREMIUM_SELL_RANGE,RANGE_DTE4_NEW_CYCLE_STRONG_SELL_CONTAINED_OR,9.04,1,79.99,HIGH,4,0,0,0,0,0,,,,
11:52:00,23237.05,23281.15,23186.55,MODERATE,23281.15,23116.1,0.733,RANGE,STRONG_SELL_PREMIUM,STRONG_RANGE,PREMIUM_SELL_RANGE,RANGE_DTE4_NEW_CYCLE_STRONG_SELL_CONTAINED_OR,9.04,1,79.93,HIGH,4,0,0,0,0,0,,,,
11:52:16,23236.55,23281.15,23186.55,MODERATE,23281.15,23116.1,0.730,RANGE,STRONG_SELL_PREMIUM,STRONG_RANGE,PREMIUM_SELL_RANGE,RANGE_DTE4_NEW_CYCLE_STRONG_SELL_CONTAINED_OR,9.04,1,79.86,HIGH,4,0,0,0,0,0,,,,
11:52:31,23230.25,23281.15,23186.55,MODERATE,23281.15,23116.1,0.692,RANGE,STRONG_SELL_PREMIUM,STRONG_RANGE,PREMIUM_SELL_RANGE,RANGE_DTE4_NEW_CYCLE_STRONG_SELL_CONTAINED_OR,9.04,1,79.8,HIGH,4,0,0,0,0,0,,,,
11:52:45,23228.45,23281.15,23186.55,MODERATE,23281.15,23116.1,0.681,RANGE,STRONG_SELL_PREMIUM,STRONG_RANGE,PREMIUM_SELL_RANGE,RANGE_DTE4_NEW_CYCLE_STRONG_SELL_CONTAINED_OR,9.04,1,79.74,HIGH,4,0,0,0,0,0,,,,
11:53:01,23228.3,23281.15,23186.55,MODERATE,23281.15,23116.1,0.680,RANGE,STRONG_SELL_PREMIUM,STRONG_RANGE,PREMIUM_SELL_RANGE,RANGE_DTE4_NEW_CYCLE_STRONG_SELL_CONTAINED_OR,9.04,1,79.67,HIGH,4,0,0,0,0,0,,,,
11:53:16,23227.85,23281.15,23186.55,MODERATE,23281.15,23116.1,0.677,RANGE,STRONG_SELL_PREMIUM,STRONG_RANGE,PREMIUM_SELL_RANGE,RANGE_DTE4_NEW_CYCLE_STRONG_SELL_CONTAINED_OR,9.04,1,79.61,HIGH,4,0,0,0,0,0,,,,
11:53:31,23226.2,23281.15,23186.55,MODERATE,23281.15,23116.1,0.667,RANGE,STRONG_SELL_PREMIUM,STRONG_RANGE,PREMIUM_SELL_RANGE,RANGE_DTE4_NEW_CYCLE_STRONG_SELL_CONTAINED_OR,9.04,1,79.55,HIGH,4,0,0,0,0,0,,,,
11:53:46,23224.45,23281.15,23186.55,MODERATE,23281.15,23116.1,0.656,RANGE,STRONG_SELL_PREMIUM,STRONG_RANGE,PREMIUM_SELL_RANGE,RANGE_DTE4_NEW_CYCLE_STRONG_SELL_CONTAINED_OR,9.04,1,79.49,HIGH,4,0,0,0,0,0,,,,
11:54:01,23226.6,23281.15,23186.55,MODERATE,23281.15,23116.1,0.669,RANGE,STRONG_SELL_PREMIUM,STRONG_RANGE,PREMIUM_SELL_RANGE,RANGE_DTE4_NEW_CYCLE_STRONG_SELL_CONTAINED_OR,9.04,1,79.42,HIGH,4,0,0,0,0,0,,,,
11:54:16,23228.3,23281.15,23186.55,MODERATE,23281.15,23116.1,0.680,RANGE,STRONG_SELL_PREMIUM,STRONG_RANGE,PREMIUM_SELL_RANGE,RANGE_DTE4_NEW_CYCLE_STRONG_SELL_CONTAINED_OR,9.04,1,79.36,HIGH,4,0,0,0,0,0,,,,
11:54:31,23228.2,23281.15,23186.55,MODERATE,23281.15,23116.1,0.679,RANGE,STRONG_SELL_PREMIUM,STRONG_RANGE,PREMIUM_SELL_RANGE,RANGE_DTE4_NEW_CYCLE_STRONG_SELL_CONTAINED_OR,9.04,1,79.3,HIGH,4,0,0,0,0,0,,,,
11:54:46,23228.1,23281.15,23186.55,MODERATE,23281.15,23116.1,0.679,RANGE,STRONG_SELL_PREMIUM,STRONG_RANGE,PREMIUM_SELL_RANGE,RANGE_DTE4_NEW_CYCLE_STRONG_SELL_CONTAINED_OR,9.04,1,79.24,HIGH,4,0,0,0,0,0,,,,
11:55:01,23226.95,23281.15,23186.55,MODERATE,23281.15,23116.1,0.672,RANGE,STRONG_SELL_PREMIUM,STRONG_RANGE,PREMIUM_SELL_RANGE,RANGE_DTE4_NEW_CYCLE_STRONG_SELL_CONTAINED_OR,8.21,1,79.17,HIGH,4,0,0,0,0,0,,,,
11:55:16,23226.05,23281.15,23186.55,MODERATE,23281.15,23116.1,0.666,RANGE,STRONG_SELL_PREMIUM,STRONG_RANGE,PREMIUM_SELL_RANGE,RANGE_DTE4_NEW_CYCLE_STRONG_SELL_CONTAINED_OR,8.21,1,79.11,HIGH,4,0,0,0,0,0,,,,
11:55:31,23225.7,23281.15,23186.55,MODERATE,23281.15,23116.1,0.664,RANGE,STRONG_SELL_PREMIUM,STRONG_RANGE,PREMIUM_SELL_RANGE,RANGE_DTE4_NEW_CYCLE_STRONG_SELL_CONTAINED_OR,8.21,1,79.05,HIGH,4,0,0,0,0,0,,,,
11:55:46,23225.95,23281.15,23186.55,MODERATE,23281.15,23116.1,0.666,RANGE,STRONG_SELL_PREMIUM,STRONG_RANGE,PREMIUM_SELL_RANGE,RANGE_DTE4_NEW_CYCLE_STRONG_SELL_CONTAINED_OR,8.21,1,78.99,HIGH,4,0,0,0,0,0,,,,
11:56:01,23226.15,23281.15,23186.55,MODERATE,23281.15,23116.1,0.667,RANGE,STRONG_SELL_PREMIUM,STRONG_RANGE,PREMIUM_SELL_RANGE,RANGE_DTE4_NEW_CYCLE_STRONG_SELL_CONTAINED_OR,9.2,1,78.93,HIGH,4,0,0,0,0,0,,,,
11:56:16,23224.8,23281.15,23186.55,MODERATE,23281.15,23116.1,0.659,RANGE,STRONG_SELL_PREMIUM,STRONG_RANGE,PREMIUM_SELL_RANGE,RANGE_DTE4_NEW_CYCLE_STRONG_SELL_CONTAINED_OR,9.2,1,78.87,HIGH,4,0,0,0,0,0,,,,
11:56:31,23215.35,23281.15,23186.55,MODERATE,23281.15,23116.1,0.601,RANGE,STRONG_SELL_PREMIUM,STRONG_RANGE,PREMIUM_SELL_RANGE,RANGE_DTE4_NEW_CYCLE_STRONG_SELL_CONTAINED_OR,9.2,1,78.8,HIGH,4,0,0,0,0,0,,,,
11:56:46,23215.6,23281.15,23186.55,MODERATE,23281.15,23116.1,0.603,RANGE,STRONG_SELL_PREMIUM,STRONG_RANGE,PREMIUM_SELL_RANGE,RANGE_DTE4_NEW_CYCLE_STRONG_SELL_CONTAINED_OR,9.2,1,78.74,HIGH,4,0,0,0,0,0,,,,
11:57:01,23217.0,23281.15,23186.55,MODERATE,23281.15,23116.1,0.611,RANGE,STRONG_SELL_PREMIUM,STRONG_RANGE,PREMIUM_SELL_RANGE,RANGE_DTE4_NEW_CYCLE_STRONG_SELL_CONTAINED_OR,9.2,1,78.68,HIGH,4,0,0,0,0,0,,,,
11:57:16,23217.1,23281.15,23186.55,MODERATE,23281.15,23116.1,0.612,RANGE,STRONG_SELL_PREMIUM,STRONG_RANGE,PREMIUM_SELL_RANGE,RANGE_DTE4_NEW_CYCLE_STRONG_SELL_CONTAINED_OR,9.2,1,78.62,HIGH,4,0,0,0,0,0,,,,
11:57:31,23217.3,23281.15,23186.55,MODERATE,23281.15,23116.1,0.613,RANGE,STRONG_SELL_PREMIUM,STRONG_RANGE,PREMIUM_SELL_RANGE,RANGE_DTE4_NEW_CYCLE_STRONG_SELL_CONTAINED_OR,9.2,1,78.56,HIGH,4,0,0,0,0,0,,,,
11:57:46,23217.45,23281.15,23186.55,MODERATE,23281.15,23116.1,0.614,RANGE,STRONG_SELL_PREMIUM,STRONG_RANGE,PREMIUM_SELL_RANGE,RANGE_DTE4_NEW_CYCLE_STRONG_SELL_CONTAINED_OR,9.2,1,78.5,HIGH,4,0,0,0,0,0,,,,
11:58:01,23216.65,23281.15,23186.55,MODERATE,23281.15,23116.1,0.609,RANGE,STRONG_SELL_PREMIUM,STRONG_RANGE,PREMIUM_SELL_RANGE,RANGE_DTE4_NEW_CYCLE_STRONG_SELL_CONTAINED_OR,9.27,1,78.44,HIGH,4,0,0,0,0,0,,,,
11:58:16,23216.15,23281.15,23186.55,MODERATE,23281.15,23116.1,0.606,RANGE,STRONG_SELL_PREMIUM,STRONG_RANGE,PREMIUM_SELL_RANGE,RANGE_DTE4_NEW_CYCLE_STRONG_SELL_CONTAINED_OR,9.27,1,78.38,HIGH,4,0,0,0,0,0,,,,
11:58:31,23218.65,23281.15,23186.55,MODERATE,23281.15,23116.1,0.621,RANGE,STRONG_SELL_PREMIUM,STRONG_RANGE,PREMIUM_SELL_RANGE,RANGE_DTE4_NEW_CYCLE_STRONG_SELL_CONTAINED_OR,9.27,1,78.32,HIGH,4,0,0,0,0,0,,,,
11:58:46,23215.9,23281.15,23186.55,MODERATE,23281.15,23116.1,0.605,RANGE,STRONG_SELL_PREMIUM,STRONG_RANGE,PREMIUM_SELL_RANGE,RANGE_DTE4_NEW_CYCLE_STRONG_SELL_CONTAINED_OR,9.27,1,78.26,HIGH,4,0,0,0,0,0,,,,
11:59:01,23217.05,23281.15,23186.55,MODERATE,23281.15,23116.1,0.612,RANGE,STRONG_SELL_PREMIUM,STRONG_RANGE,PREMIUM_SELL_RANGE,RANGE_DTE4_NEW_CYCLE_STRONG_SELL_CONTAINED_OR,9.28,1,78.2,HIGH,4,0,0,0,0,0,,,,
11:59:16,23216.95,23281.15,23186.55,MODERATE,23281.15,23116.1,0.611,RANGE,STRONG_SELL_PREMIUM,STRONG_RANGE,PREMIUM_SELL_RANGE,RANGE_DTE4_NEW_CYCLE_STRONG_SELL_CONTAINED_OR,9.28,1,78.14,HIGH,4,0,0,0,0,0,,,,
11:59:31,23216.95,23281.15,23186.55,MODERATE,23281.15,23116.1,0.611,RANGE,STRONG_SELL_PREMIUM,STRONG_RANGE,PREMIUM_SELL_RANGE,RANGE_DTE4_NEW_CYCLE_STRONG_SELL_CONTAINED_OR,9.28,1,78.08,HIGH,4,0,0,0,0,0,,,,
11:59:46,23217.55,23281.15,23186.55,MODERATE,23281.15,23116.1,0.615,RANGE,STRONG_SELL_PREMIUM,STRONG_RANGE,PREMIUM_SELL_RANGE,RANGE_DTE4_NEW_CYCLE_STRONG_SELL_CONTAINED_OR,9.28,1,78.02,HIGH,4,0,0,0,0,0,,,,
12:00:01,23214.6,23281.15,23186.55,MODERATE,23281.15,23116.1,0.597,RANGE,STRONG_SELL_PREMIUM,STRONG_RANGE,PREMIUM_SELL_RANGE,RANGE_DTE4_NEW_CYCLE_STRONG_SELL_CONTAINED_OR,9.5,1,77.96,HIGH,4,0,0,0,0,0,,,,
12:00:16,23219.85,23281.15,23186.55,MODERATE,23281.15,23116.1,0.629,RANGE,STRONG_SELL_PREMIUM,STRONG_RANGE,PREMIUM_SELL_RANGE,RANGE_DTE4_NEW_CYCLE_STRONG_SELL_CONTAINED_OR,9.5,1,77.9,HIGH,4,0,0,0,0,0,,,,
12:00:31,23220.4,23281.15,23186.55,MODERATE,23281.15,23116.1,0.632,RANGE,STRONG_SELL_PREMIUM,STRONG_RANGE,PREMIUM_SELL_RANGE,RANGE_DTE4_NEW_CYCLE_STRONG_SELL_CONTAINED_OR,9.5,1,77.84,HIGH,4,0,0,0,0,0,,,,
12:00:46,23218.65,23281.15,23186.55,MODERATE,23281.15,23116.1,0.621,RANGE,STRONG_SELL_PREMIUM,STRONG_RANGE,PREMIUM_SELL_RANGE,RANGE_DTE4_NEW_CYCLE_STRONG_SELL_CONTAINED_OR,9.5,1,77.79,HIGH,4,0,0,0,0,0,,,,
12:01:01,23217.75,23281.15,23186.55,MODERATE,23281.15,23116.1,0.616,RANGE,STRONG_SELL_PREMIUM,STRONG_RANGE,PREMIUM_SELL_RANGE,RANGE_DTE4_NEW_CYCLE_STRONG_SELL_CONTAINED_OR,9.5,1,77.73,HIGH,4,0,0,0,0,0,,,,
12:01:16,23218.7,23281.15,23186.55,MODERATE,23281.15,23116.1,0.622,RANGE,STRONG_SELL_PREMIUM,STRONG_RANGE,PREMIUM_SELL_RANGE,RANGE_DTE4_NEW_CYCLE_STRONG_SELL_CONTAINED_OR,9.5,1,77.67,HIGH,4,0,0,0,0,0,,,,
12:01:31,23218.0,23281.15,23186.55,MODERATE,23281.15,23116.1,0.617,RANGE,STRONG_SELL_PREMIUM,STRONG_RANGE,PREMIUM_SELL_RANGE,RANGE_DTE4_NEW_CYCLE_STRONG_SELL_CONTAINED_OR,9.5,1,77.61,HIGH,4,0,0,0,0,0,,,,
12:01:46,23216.8,23281.15,23186.55,MODERATE,23281.15,23116.1,0.610,RANGE,STRONG_SELL_PREMIUM,STRONG_RANGE,PREMIUM_SELL_RANGE,RANGE_DTE4_NEW_CYCLE_STRONG_SELL_CONTAINED_OR,9.5,1,77.55,HIGH,4,0,0,0,0,0,,,,
12:02:01,23217.45,23281.15,23186.55,MODERATE,23281.15,23116.1,0.614,RANGE,STRONG_SELL_PREMIUM,STRONG_RANGE,PREMIUM_SELL_RANGE,RANGE_DTE4_NEW_CYCLE_STRONG_SELL_CONTAINED_OR,10.21,1,77.49,HIGH,4,0,0,0,0,0,,,,
12:02:16,23212.7,23281.15,23186.55,MODERATE,23281.15,23116.1,0.585,RANGE,STRONG_SELL_PREMIUM,STRONG_RANGE,PREMIUM_SELL_RANGE,RANGE_DTE4_NEW_CYCLE_STRONG_SELL_CONTAINED_OR,10.21,1,77.44,HIGH,4,0,0,0,0,0,,,,
12:02:31,23208.4,23281.15,23186.55,MODERATE,23281.15,23116.1,0.559,RANGE,STRONG_SELL_PREMIUM,STRONG_RANGE,PREMIUM_SELL_RANGE,RANGE_DTE4_NEW_CYCLE_STRONG_SELL_CONTAINED_OR,10.21,1,77.38,HIGH,4,0,0,0,0,0,,,,
12:02:46,23209.85,23281.15,23186.55,MODERATE,23281.15,23116.1,0.568,RANGE,STRONG_SELL_PREMIUM,STRONG_RANGE,PREMIUM_SELL_RANGE,RANGE_DTE4_NEW_CYCLE_STRONG_SELL_CONTAINED_OR,10.21,1,77.32,HIGH,4,0,0,0,0,0,,,,
12:03:02,23211.35,23281.15,23186.55,MODERATE,23281.15,23116.1,0.577,RANGE,STRONG_SELL_PREMIUM,STRONG_RANGE,PREMIUM_SELL_RANGE,RANGE_DTE4_NEW_CYCLE_STRONG_SELL_CONTAINED_OR,10.26,1,77.26,HIGH,4,0,0,0,0,0,,,,
12:03:17,23211.4,23281.15,23186.55,MODERATE,23281.15,23116.1,0.577,RANGE,STRONG_SELL_PREMIUM,STRONG_RANGE,PREMIUM_SELL_RANGE,RANGE_DTE4_NEW_CYCLE_STRONG_SELL_CONTAINED_OR,10.26,1,77.21,HIGH,4,0,0,0,0,0,,,,
12:03:32,23208.0,23281.15,23186.55,MODERATE,23281.15,23116.1,0.557,RANGE,STRONG_SELL_PREMIUM,STRONG_RANGE,PREMIUM_SELL_RANGE,RANGE_DTE4_NEW_CYCLE_STRONG_SELL_CONTAINED_OR,10.26,1,77.15,HIGH,4,0,0,0,0,0,,,,
12:03:47,23210.55,23281.15,23186.55,MODERATE,23281.15,23116.1,0.572,RANGE,STRONG_SELL_PREMIUM,STRONG_RANGE,PREMIUM_SELL_RANGE,RANGE_DTE4_NEW_CYCLE_STRONG_SELL_CONTAINED_OR,10.26,1,77.09,HIGH,4,0,0,0,0,0,,,,
12:04:02,23209.4,23281.15,23186.55,MODERATE,23281.15,23116.1,0.565,RANGE,STRONG_SELL_PREMIUM,STRONG_RANGE,PREMIUM_SELL_RANGE,RANGE_DTE4_NEW_CYCLE_STRONG_SELL_CONTAINED_OR,10.26,1,77.03,HIGH,4,0,0,0,0,0,,,,
12:04:17,23212.65,23281.15,23186.55,MODERATE,23281.15,23116.1,0.585,RANGE,STRONG_SELL_PREMIUM,STRONG_RANGE,PREMIUM_SELL_RANGE,RANGE_DTE4_NEW_CYCLE_STRONG_SELL_CONTAINED_OR,10.26,1,76.98,HIGH,4,0,0,0,0,0,,,,
12:04:32,23213.8,23281.15,23186.55,MODERATE,23281.15,23116.1,0.592,RANGE,STRONG_SELL_PREMIUM,RANGE,PREMIUM_SELL_RANGE,RANGE_DTE4_NEW_CYCLE_STRONG_SELL_CONTAINED_OR,10.26,1,76.92,HIGH,4,0,0,0,0,0,,,,
12:04:47,23212.95,23281.15,23186.55,MODERATE,23281.15,23116.1,0.587,RANGE,STRONG_SELL_PREMIUM,RANGE,PREMIUM_SELL_RANGE,RANGE_DTE4_NEW_CYCLE_STRONG_SELL_CONTAINED_OR,10.26,1,76.86,HIGH,4,0,0,0,0,0,,,,
12:05:02,23213.1,23281.15,23186.55,MODERATE,23281.15,23116.1,0.588,RANGE,STRONG_SELL_PREMIUM,RANGE,PREMIUM_SELL_RANGE,RANGE_DTE4_NEW_CYCLE_STRONG_SELL_CONTAINED_OR,11.14,1,76.81,HIGH,4,0,0,0,0,0,,,,
12:05:17,23215.3,23281.15,23186.55,MODERATE,23281.15,23116.1,0.601,RANGE,STRONG_SELL_PREMIUM,RANGE,PREMIUM_SELL_RANGE,RANGE_DTE4_NEW_CYCLE_STRONG_SELL_CONTAINED_OR,11.14,1,76.75,HIGH,4,0,0,0,0,0,,,,
12:05:32,23217.2,23281.15,23186.55,MODERATE,23281.15,23116.1,0.613,RANGE,STRONG_SELL_PREMIUM,RANGE,PREMIUM_SELL_RANGE,RANGE_DTE4_NEW_CYCLE_STRONG_SELL_CONTAINED_OR,11.14,1,76.69,HIGH,4,0,0,0,0,0,,,,
12:05:47,23217.05,23281.15,23186.55,MODERATE,23281.15,23116.1,0.612,RANGE,STRONG_SELL_PREMIUM,RANGE,PREMIUM_SELL_RANGE,RANGE_DTE4_NEW_CYCLE_STRONG_SELL_CONTAINED_OR,11.14,1,76.64,HIGH,4,0,0,0,0,0,,,,
12:06:02,23218.25,23281.15,23186.55,MODERATE,23281.15,23116.1,0.619,RANGE,STRONG_SELL_PREMIUM,RANGE,PREMIUM_SELL_RANGE,RANGE_DTE4_NEW_CYCLE_STRONG_SELL_CONTAINED_OR,10.58,1,76.58,HIGH,4,0,0,0,0,0,,,,
12:06:17,23221.15,23281.15,23186.55,MODERATE,23281.15,23116.1,0.636,RANGE,STRONG_SELL_PREMIUM,RANGE,PREMIUM_SELL_RANGE,RANGE_DTE4_NEW_CYCLE_STRONG_SELL_CONTAINED_OR,10.58,1,76.52,HIGH,4,0,0,0,0,0,,,,
12:06:32,23222.4,23281.15,23186.55,MODERATE,23281.15,23116.1,0.644,RANGE,STRONG_SELL_PREMIUM,RANGE,PREMIUM_SELL_RANGE,RANGE_DTE4_NEW_CYCLE_STRONG_SELL_CONTAINED_OR,10.58,1,76.47,HIGH,4,0,0,0,0,0,,,,
12:06:47,23223.15,23281.15,23186.55,MODERATE,23281.15,23116.1,0.649,RANGE,STRONG_SELL_PREMIUM,RANGE,PREMIUM_SELL_RANGE,RANGE_DTE4_NEW_CYCLE_STRONG_SELL_CONTAINED_OR,10.58,1,76.41,HIGH,4,0,0,0,0,0,,,,
12:07:02,23221.75,23281.15,23186.55,MODERATE,23281.15,23116.1,0.640,RANGE,STRONG_SELL_PREMIUM,RANGE,PREMIUM_SELL_RANGE,RANGE_DTE4_NEW_CYCLE_STRONG_SELL_CONTAINED_OR,9.86,1,76.36,HIGH,4,0,0,0,0,0,,,,
12:07:17,23224.25,23281.15,23186.55,MODERATE,23281.15,23116.1,0.655,RANGE,STRONG_SELL_PREMIUM,RANGE,PREMIUM_SELL_RANGE,RANGE_DTE4_NEW_CYCLE_STRONG_SELL_CONTAINED_OR,9.86,1,76.3,HIGH,4,0,0,0,0,0,,,,
12:07:32,23226.8,23281.15,23186.55,MODERATE,23281.15,23116.1,0.671,RANGE,STRONG_SELL_PREMIUM,RANGE,PREMIUM_SELL_RANGE,RANGE_DTE4_NEW_CYCLE_STRONG_SELL_CONTAINED_OR,9.86,1,76.25,HIGH,4,0,0,0,0,0,,,,
12:07:47,23228.9,23281.15,23186.55,MODERATE,23281.15,23116.1,0.683,RANGE,STRONG_SELL_PREMIUM,RANGE,PREMIUM_SELL_RANGE,RANGE_DTE4_NEW_CYCLE_STRONG_SELL_CONTAINED_OR,9.86,1,76.19,HIGH,4,0,0,0,0,0,,,,
12:08:02,23228.9,23281.15,23186.55,MODERATE,23281.15,23116.1,0.683,RANGE,STRONG_SELL_PREMIUM,RANGE,PREMIUM_SELL_RANGE,RANGE_DTE4_NEW_CYCLE_STRONG_SELL_CONTAINED_OR,9.79,1,76.14,HIGH,4,0,0,0,0,0,,,,
12:08:17,23229.0,23281.15,23186.55,MODERATE,23281.15,23116.1,0.684,RANGE,STRONG_SELL_PREMIUM,RANGE,PREMIUM_SELL_RANGE,RANGE_DTE4_NEW_CYCLE_STRONG_SELL_CONTAINED_OR,9.79,1,76.08,HIGH,4,0,0,0,0,0,,,,
12:08:32,23226.95,23281.15,23186.55,MODERATE,23281.15,23116.1,0.672,RANGE,STRONG_SELL_PREMIUM,RANGE,PREMIUM_SELL_RANGE,RANGE_DTE4_NEW_CYCLE_STRONG_SELL_CONTAINED_OR,9.79,1,76.03,HIGH,4,0,0,0,0,0,,,,
12:08:47,23227.0,23281.15,23186.55,MODERATE,23281.15,23116.1,0.672,RANGE,STRONG_SELL_PREMIUM,RANGE,PREMIUM_SELL_RANGE,RANGE_DTE4_NEW_CYCLE_STRONG_SELL_CONTAINED_OR,9.79,1,75.97,HIGH,4,0,0,0,0,0,,,,
12:09:02,23223.65,23281.15,23186.55,MODERATE,23281.15,23116.1,0.652,RANGE,STRONG_SELL_PREMIUM,RANGE,PREMIUM_SELL_RANGE,RANGE_DTE4_NEW_CYCLE_STRONG_SELL_CONTAINED_OR,9.79,1,75.92,HIGH,4,0,0,0,0,0,,,,
12:09:17,23222.4,23281.15,23186.55,MODERATE,23281.15,23116.1,0.644,RANGE,STRONG_SELL_PREMIUM,RANGE,PREMIUM_SELL_RANGE,RANGE_DTE4_NEW_CYCLE_STRONG_SELL_CONTAINED_OR,9.79,1,75.86,HIGH,4,0,0,0,0,0,,,,
12:09:33,23221.95,23281.15,23186.55,MODERATE,23281.15,23116.1,0.641,RANGE,STRONG_SELL_PREMIUM,RANGE,PREMIUM_SELL_RANGE,RANGE_DTE4_NEW_CYCLE_STRONG_SELL_CONTAINED_OR,9.79,1,75.81,HIGH,4,0,0,0,0,0,,,,
12:09:48,23221.6,23281.15,23186.55,MODERATE,23281.15,23116.1,0.639,RANGE,STRONG_SELL_PREMIUM,RANGE,PREMIUM_SELL_RANGE,RANGE_DTE4_NEW_CYCLE_STRONG_SELL_CONTAINED_OR,9.79,1,75.75,HIGH,4,0,0,0,0,0,,,,
12:10:03,23224.15,23281.15,23186.55,MODERATE,23281.15,23116.1,0.655,RANGE,STRONG_SELL_PREMIUM,RANGE,PREMIUM_SELL_RANGE,RANGE_DTE4_NEW_CYCLE_STRONG_SELL_CONTAINED_OR,8.95,1,75.7,HIGH,4,0,0,0,0,0,,,,
12:10:18,23228.4,23281.15,23186.55,MODERATE,23281.15,23116.1,0.680,RANGE,STRONG_SELL_PREMIUM,RANGE,PREMIUM_SELL_RANGE,RANGE_DTE4_NEW_CYCLE_STRONG_SELL_CONTAINED_OR,8.95,1,75.64,HIGH,4,0,0,0,0,0,,,,
12:10:33,23231.9,23281.15,23186.55,MODERATE,23281.15,23116.1,0.702,RANGE,STRONG_SELL_PREMIUM,RANGE,PREMIUM_SELL_RANGE,RANGE_DTE4_NEW_CYCLE_STRONG_SELL_CONTAINED_OR,8.95,1,75.59,HIGH,4,0,0,0,0,0,,,,
12:10:48,23232.35,23281.15,23186.55,MODERATE,23281.15,23116.1,0.704,RANGE,STRONG_SELL_PREMIUM,RANGE,PREMIUM_SELL_RANGE,RANGE_DTE4_NEW_CYCLE_STRONG_SELL_CONTAINED_OR,8.95,1,75.54,HIGH,4,0,0,0,0,0,,,,
12:11:03,23237.05,23281.15,23186.55,MODERATE,23281.15,23116.1,0.733,RANGE,STRONG_SELL_PREMIUM,RANGE,PREMIUM_SELL_RANGE,RANGE_DTE4_NEW_CYCLE_STRONG_SELL_CONTAINED_OR,9.23,1,75.48,HIGH,4,0,0,0,0,0,,,,
12:11:18,23235.45,23281.15,23186.55,MODERATE,23281.15,23116.1,0.723,RANGE,STRONG_SELL_PREMIUM,RANGE,PREMIUM_SELL_RANGE,RANGE_DTE4_NEW_CYCLE_STRONG_SELL_CONTAINED_OR,9.23,1,75.43,HIGH,4,0,0,0,0,0,,,,
12:11:33,23233.4,23281.15,23186.55,MODERATE,23281.15,23116.1,0.711,RANGE,STRONG_SELL_PREMIUM,RANGE,PREMIUM_SELL_RANGE,RANGE_DTE4_NEW_CYCLE_STRONG_SELL_CONTAINED_OR,9.23,1,75.38,HIGH,4,0,0,0,0,0,,,,
12:11:48,23233.2,23281.15,23186.55,MODERATE,23281.15,23116.1,0.709,RANGE,STRONG_SELL_PREMIUM,RANGE,PREMIUM_SELL_RANGE,RANGE_DTE4_NEW_CYCLE_STRONG_SELL_CONTAINED_OR,9.23,1,75.32,HIGH,4,0,0,0,0,0,,,,
12:12:03,23232.95,23281.15,23186.55,MODERATE,23281.15,23116.1,0.708,RANGE,STRONG_SELL_PREMIUM,RANGE,PREMIUM_SELL_RANGE,RANGE_DTE4_NEW_CYCLE_STRONG_SELL_CONTAINED_OR,9.23,1,75.27,HIGH,4,0,0,0,0,0,,,,
12:12:18,23232.55,23281.15,23186.55,MODERATE,23281.15,23116.1,0.706,RANGE,STRONG_SELL_PREMIUM,RANGE,PREMIUM_SELL_RANGE,RANGE_DTE4_NEW_CYCLE_STRONG_SELL_CONTAINED_OR,9.23,1,75.22,HIGH,4,0,0,0,0,0,,,,
12:12:33,23234.4,23281.15,23186.55,MODERATE,23281.15,23116.1,0.717,RANGE,STRONG_SELL_PREMIUM,RANGE,PREMIUM_SELL_RANGE,RANGE_DTE4_NEW_CYCLE_STRONG_SELL_CONTAINED_OR,9.23,1,75.16,HIGH,4,0,0,0,0,0,,,,
12:12:48,23231.05,23281.15,23186.55,MODERATE,23281.15,23116.1,0.696,RANGE,STRONG_SELL_PREMIUM,RANGE,PREMIUM_SELL_RANGE,RANGE_DTE4_NEW_CYCLE_STRONG_SELL_CONTAINED_OR,9.23,1,75.11,HIGH,4,0,0,0,0,0,,,,
12:13:03,23231.2,23281.15,23186.55,MODERATE,23281.15,23116.1,0.697,RANGE,STRONG_SELL_PREMIUM,RANGE,PREMIUM_SELL_RANGE,RANGE_DTE4_NEW_CYCLE_STRONG_SELL_CONTAINED_OR,10.0,1,75.06,HIGH,4,0,0,0,0,0,,,,
12:13:18,23238.0,23281.15,23186.55,MODERATE,23281.15,23116.1,0.739,RANGE,STRONG_SELL_PREMIUM,RANGE,PREMIUM_SELL_RANGE,RANGE_DTE4_NEW_CYCLE_STRONG_SELL_CONTAINED_OR,10.0,1,75.0,HIGH,4,0,0,0,0,0,,,,
12:13:33,23238.7,23281.15,23186.55,MODERATE,23281.15,23116.1,0.743,RANGE,STRONG_SELL_PREMIUM,RANGE,PREMIUM_SELL_RANGE,RANGE_DTE4_NEW_CYCLE_STRONG_SELL_CONTAINED_OR,10.0,1,74.95,HIGH,4,0,0,0,0,0,,,,
12:13:48,23240.75,23281.15,23186.55,MODERATE,23281.15,23116.1,0.755,RANGE,STRONG_SELL_PREMIUM,RANGE,PREMIUM_SELL_RANGE,RANGE_DTE4_NEW_CYCLE_STRONG_SELL_CONTAINED_OR,10.0,1,74.9,HIGH,4,0,0,0,0,0,,,,
12:14:03,23246.8,23281.15,23186.55,MODERATE,23281.15,23116.1,0.792,RANGE,STRONG_SELL_PREMIUM,RANGE,PREMIUM_SELL_RANGE,RANGE_DTE4_NEW_CYCLE_STRONG_SELL_CONTAINED_OR,10.0,1,74.85,HIGH,4,0,0,0,0,0,,,,
12:14:18,23243.4,23281.15,23186.55,MODERATE,23281.15,23116.1,0.771,RANGE,STRONG_SELL_PREMIUM,RANGE,PREMIUM_SELL_RANGE,RANGE_DTE4_NEW_CYCLE_STRONG_SELL_CONTAINED_OR,10.0,1,74.79,HIGH,4,0,0,0,0,0,,,,
12:14:33,23237.5,23281.15,23186.55,MODERATE,23281.15,23116.1,0.736,RANGE,STRONG_SELL_PREMIUM,RANGE,PREMIUM_SELL_RANGE,RANGE_DTE4_NEW_CYCLE_STRONG_SELL_CONTAINED_OR,10.0,1,74.74,HIGH,4,0,0,0,0,0,,,,
12:14:48,23235.05,23281.15,23186.55,MODERATE,23281.15,23116.1,0.721,RANGE,STRONG_SELL_PREMIUM,RANGE,PREMIUM_SELL_RANGE,RANGE_DTE4_NEW_CYCLE_STRONG_SELL_CONTAINED_OR,10.0,1,74.69,HIGH,4,0,0,0,0,0,,,,
12:15:03,23232.65,23281.15,23186.55,MODERATE,23281.15,23116.1,0.706,RANGE,STRONG_SELL_PREMIUM,RANGE,PREMIUM_SELL_RANGE,RANGE_DTE4_NEW_CYCLE_STRONG_SELL_CONTAINED_OR,9.95,1,74.64,HIGH,4,0,0,0,0,0,,,,
12:15:18,23228.8,23281.15,23186.55,MODERATE,23281.15,23116.1,0.683,RANGE,STRONG_SELL_PREMIUM,RANGE,PREMIUM_SELL_RANGE,RANGE_DTE4_NEW_CYCLE_STRONG_SELL_CONTAINED_OR,9.95,1,74.59,HIGH,4,0,0,0,0,0,,,,
12:15:33,23226.65,23281.15,23186.55,MODERATE,23281.15,23116.1,0.670,RANGE,STRONG_SELL_PREMIUM,RANGE,PREMIUM_SELL_RANGE,RANGE_DTE4_NEW_CYCLE_STRONG_SELL_CONTAINED_OR,9.95,1,74.53,HIGH,4,0,0,0,0,0,,,,
12:15:48,23222.2,23281.15,23186.55,MODERATE,23281.15,23116.1,0.643,RANGE,STRONG_SELL_PREMIUM,RANGE,PREMIUM_SELL_RANGE,RANGE_DTE4_NEW_CYCLE_STRONG_SELL_CONTAINED_OR,9.95,1,74.48,HIGH,4,0,0,0,0,0,,,,
12:16:03,23224.1,23281.15,23186.55,MODERATE,23281.15,23116.1,0.654,RANGE,STRONG_SELL_PREMIUM,RANGE,PREMIUM_SELL_RANGE,RANGE_DTE4_NEW_CYCLE_STRONG_SELL_CONTAINED_OR,9.95,1,74.43,HIGH,4,0,0,0,0,0,,,,
12:16:18,23222.25,23281.15,23186.55,MODERATE,23281.15,23116.1,0.643,RANGE,STRONG_SELL_PREMIUM,RANGE,PREMIUM_SELL_RANGE,RANGE_DTE4_NEW_CYCLE_STRONG_SELL_CONTAINED_OR,9.95,1,74.38,HIGH,4,0,0,0,0,0,,,,
12:16:33,23225.1,23281.15,23186.55,MODERATE,23281.15,23116.1,0.660,RANGE,STRONG_SELL_PREMIUM,RANGE,PREMIUM_SELL_RANGE,RANGE_DTE4_NEW_CYCLE_STRONG_SELL_CONTAINED_OR,9.95,1,74.33,HIGH,4,0,0,0,0,0,,,,
12:16:48,23230.85,23281.15,23186.55,MODERATE,23281.15,23116.1,0.695,RANGE,STRONG_SELL_PREMIUM,RANGE,PREMIUM_SELL_RANGE,RANGE_DTE4_NEW_CYCLE_STRONG_SELL_CONTAINED_OR,9.95,1,74.28,HIGH,4,0,0,0,0,0,,,,
12:17:03,23232.75,23281.15,23186.55,MODERATE,23281.15,23116.1,0.707,RANGE,STRONG_SELL_PREMIUM,RANGE,PREMIUM_SELL_RANGE,RANGE_DTE4_NEW_CYCLE_STRONG_SELL_CONTAINED_OR,9.95,1,74.23,HIGH,4,0,0,0,0,0,,,,
12:17:18,23234.05,23281.15,23186.55,MODERATE,23281.15,23116.1,0.715,RANGE,STRONG_SELL_PREMIUM,RANGE,PREMIUM_SELL_RANGE,RANGE_DTE4_NEW_CYCLE_STRONG_SELL_CONTAINED_OR,9.95,1,74.18,HIGH,4,0,0,0,0,0,,,,
12:17:33,23243.1,23281.15,23186.55,MODERATE,23281.15,23116.1,0.769,RANGE,STRONG_SELL_PREMIUM,RANGE,PREMIUM_SELL_RANGE,RANGE_DTE4_NEW_CYCLE_STRONG_SELL_CONTAINED_OR,9.95,1,74.12,HIGH,4,0,0,0,0,0,,,,
12:17:48,23245.25,23281.15,23186.55,MODERATE,23281.15,23116.1,0.782,RANGE,STRONG_SELL_PREMIUM,RANGE,PREMIUM_SELL_RANGE,RANGE_DTE4_NEW_CYCLE_STRONG_SELL_CONTAINED_OR,9.95,1,74.07,HIGH,4,0,0,0,0,0,,,,
12:18:03,23241.05,23281.15,23186.55,MODERATE,23281.15,23116.1,0.757,RANGE,STRONG_SELL_PREMIUM,RANGE,PREMIUM_SELL_RANGE,RANGE_DTE4_NEW_CYCLE_STRONG_SELL_CONTAINED_OR,9.95,1,74.02,HIGH,4,0,0,0,0,0,,,,
12:18:18,23236.75,23281.15,23186.55,MODERATE,23281.15,23116.1,0.731,RANGE,STRONG_SELL_PREMIUM,RANGE,PREMIUM_SELL_RANGE,RANGE_DTE4_NEW_CYCLE_STRONG_SELL_CONTAINED_OR,9.95,1,73.97,HIGH,4,0,0,0,0,0,,,,
12:18:33,23237.95,23281.15,23186.55,MODERATE,23281.15,23116.1,0.738,RANGE,STRONG_SELL_PREMIUM,RANGE,PREMIUM_SELL_RANGE,RANGE_DTE4_NEW_CYCLE_STRONG_SELL_CONTAINED_OR,9.95,1,73.92,HIGH,4,0,0,0,0,0,,,,
12:18:48,23240.25,23281.15,23186.55,MODERATE,23281.15,23116.1,0.752,RANGE,STRONG_SELL_PREMIUM,RANGE,PREMIUM_SELL_RANGE,RANGE_DTE4_NEW_CYCLE_STRONG_SELL_CONTAINED_OR,9.95,1,73.87,HIGH,4,0,0,0,0,0,,,,
12:19:03,23240.15,23281.15,23186.55,MODERATE,23281.15,23116.1,0.752,RANGE,STRONG_SELL_PREMIUM,RANGE,PREMIUM_SELL_RANGE,RANGE_DTE4_NEW_CYCLE_STRONG_SELL_CONTAINED_OR,9.95,1,73.82,HIGH,4,0,0,0,0,0,,,,
12:19:19,23240.2,23281.15,23186.55,MODERATE,23281.15,23116.1,0.752,RANGE,STRONG_SELL_PREMIUM,RANGE,PREMIUM_SELL_RANGE,RANGE_DTE4_NEW_CYCLE_STRONG_SELL_CONTAINED_OR,9.95,1,73.77,HIGH,4,0,0,0,0,0,,,,
12:19:33,23240.35,23281.15,23186.55,MODERATE,23281.15,23116.1,0.753,RANGE,STRONG_SELL_PREMIUM,RANGE,PREMIUM_SELL_RANGE,RANGE_DTE4_NEW_CYCLE_STRONG_SELL_CONTAINED_OR,9.95,1,73.72,HIGH,4,0,0,0,0,0,,,,
12:19:48,23240.55,23281.15,23186.55,MODERATE,23281.15,23116.1,0.754,RANGE,STRONG_SELL_PREMIUM,RANGE,PREMIUM_SELL_RANGE,RANGE_DTE4_NEW_CYCLE_STRONG_SELL_CONTAINED_OR,9.95,1,73.67,HIGH,4,0,0,0,0,0,,,,
12:20:03,23239.65,23281.15,23186.55,MODERATE,23281.15,23116.1,0.749,RANGE,STRONG_SELL_PREMIUM,RANGE,PREMIUM_SELL_RANGE,RANGE_DTE4_NEW_CYCLE_STRONG_SELL_CONTAINED_OR,9.91,1,73.62,HIGH,4,0,0,0,0,0,,,,
12:20:18,23238.5,23281.15,23186.55,MODERATE,23281.15,23116.1,0.742,RANGE,STRONG_SELL_PREMIUM,RANGE,PREMIUM_SELL_RANGE,RANGE_DTE4_NEW_CYCLE_STRONG_SELL_CONTAINED_OR,9.91,1,73.57,HIGH,4,0,0,0,0,0,,,,
12:20:34,23236.8,23281.15,23186.55,MODERATE,23281.15,23116.1,0.731,RANGE,STRONG_SELL_PREMIUM,RANGE,PREMIUM_SELL_RANGE,RANGE_DTE4_NEW_CYCLE_STRONG_SELL_CONTAINED_OR,9.91,1,73.52,HIGH,4,0,0,0,0,0,,,,
12:20:49,23232.05,23281.15,23186.55,MODERATE,23281.15,23116.1,0.703,RANGE,STRONG_SELL_PREMIUM,RANGE,PREMIUM_SELL_RANGE,RANGE_DTE4_NEW_CYCLE_STRONG_SELL_CONTAINED_OR,9.91,1,73.47,HIGH,4,0,0,0,0,0,,,,
12:21:04,23233.7,23281.15,23186.55,MODERATE,23281.15,23116.1,0.713,RANGE,STRONG_SELL_PREMIUM,RANGE,PREMIUM_SELL_RANGE,RANGE_DTE4_NEW_CYCLE_STRONG_SELL_CONTAINED_OR,9.91,1,73.42,HIGH,4,0,0,0,0,0,,,,
12:21:19,23235.15,23281.15,23186.55,MODERATE,23281.15,23116.1,0.721,RANGE,STRONG_SELL_PREMIUM,RANGE,PREMIUM_SELL_RANGE,RANGE_DTE4_NEW_CYCLE_STRONG_SELL_CONTAINED_OR,9.91,1,73.37,HIGH,4,0,0,0,0,0,,,,
12:21:34,23235.4,23281.15,23186.55,MODERATE,23281.15,23116.1,0.723,RANGE,STRONG_SELL_PREMIUM,RANGE,PREMIUM_SELL_RANGE,RANGE_DTE4_NEW_CYCLE_STRONG_SELL_CONTAINED_OR,9.91,1,73.32,HIGH,4,0,0,0,0,0,,,,
12:21:49,23234.35,23281.15,23186.55,MODERATE,23281.15,23116.1,0.716,RANGE,STRONG_SELL_PREMIUM,RANGE,PREMIUM_SELL_RANGE,RANGE_DTE4_NEW_CYCLE_STRONG_SELL_CONTAINED_OR,9.91,1,73.28,HIGH,4,0,0,0,0,0,,,,
12:22:04,23234.7,23281.15,23186.55,MODERATE,23281.15,23116.1,0.719,RANGE,STRONG_SELL_PREMIUM,RANGE,PREMIUM_SELL_RANGE,RANGE_DTE4_NEW_CYCLE_STRONG_SELL_CONTAINED_OR,9.91,1,73.23,HIGH,4,0,0,0,0,0,,,,
12:22:19,23236.1,23281.15,23186.55,MODERATE,23281.15,23116.1,0.727,RANGE,STRONG_SELL_PREMIUM,RANGE,PREMIUM_SELL_RANGE,RANGE_DTE4_NEW_CYCLE_STRONG_SELL_CONTAINED_OR,9.91,1,73.18,HIGH,4,0,0,0,0,0,,,,
12:22:34,23235.3,23281.15,23186.55,MODERATE,23281.15,23116.1,0.722,RANGE,STRONG_SELL_PREMIUM,RANGE,PREMIUM_SELL_RANGE,RANGE_DTE4_NEW_CYCLE_STRONG_SELL_CONTAINED_OR,9.91,1,73.13,HIGH,4,0,0,0,0,0,,,,
12:22:49,23234.7,23281.15,23186.55,MODERATE,23281.15,23116.1,0.719,RANGE,STRONG_SELL_PREMIUM,RANGE,PREMIUM_SELL_RANGE,RANGE_DTE4_NEW_CYCLE_STRONG_SELL_CONTAINED_OR,9.91,1,73.08,HIGH,4,0,0,0,0,0,,,,
12:23:04,23237.7,23281.15,23186.55,MODERATE,23281.15,23116.1,0.737,RANGE,STRONG_SELL_PREMIUM,RANGE,PREMIUM_SELL_RANGE,RANGE_DTE4_NEW_CYCLE_STRONG_SELL_CONTAINED_OR,9.91,1,73.03,HIGH,4,0,0,0,0,0,,,,
12:23:19,23239.2,23281.15,23186.55,MODERATE,23281.15,23116.1,0.746,RANGE,STRONG_SELL_PREMIUM,RANGE,PREMIUM_SELL_RANGE,RANGE_DTE4_NEW_CYCLE_STRONG_SELL_CONTAINED_OR,9.91,1,72.98,HIGH,4,0,0,0,0,0,,,,
12:23:34,23238.9,23281.15,23186.55,MODERATE,23281.15,23116.1,0.744,RANGE,STRONG_SELL_PREMIUM,RANGE,PREMIUM_SELL_RANGE,RANGE_DTE4_NEW_CYCLE_STRONG_SELL_CONTAINED_OR,9.91,1,72.93,HIGH,4,0,0,0,0,0,,,,
12:23:49,23238.55,23281.15,23186.55,MODERATE,23281.15,23116.1,0.742,RANGE,STRONG_SELL_PREMIUM,RANGE,PREMIUM_SELL_RANGE,RANGE_DTE4_NEW_CYCLE_STRONG_SELL_CONTAINED_OR,9.91,1,72.89,HIGH,4,0,0,0,0,0,,,,
12:24:04,23239.4,23281.15,23186.55,MODERATE,23281.15,23116.1,0.747,RANGE,STRONG_SELL_PREMIUM,RANGE,PREMIUM_SELL_RANGE,RANGE_DTE4_NEW_CYCLE_STRONG_SELL_CONTAINED_OR,9.91,1,72.84,HIGH,4,0,0,0,0,0,,,,
12:24:19,23235.9,23281.15,23186.55,MODERATE,23281.15,23116.1,0.726,RANGE,STRONG_SELL_PREMIUM,RANGE,PREMIUM_SELL_RANGE,RANGE_DTE4_NEW_CYCLE_STRONG_SELL_CONTAINED_OR,9.91,1,72.79,HIGH,4,0,0,0,0,0,,,,
12:24:34,23237.6,23281.15,23186.55,MODERATE,23281.15,23116.1,0.736,RANGE,STRONG_SELL_PREMIUM,RANGE,PREMIUM_SELL_RANGE,RANGE_DTE4_NEW_CYCLE_STRONG_SELL_CONTAINED_OR,9.91,1,72.74,HIGH,4,0,0,0,0,0,,,,
12:24:49,23237.05,23281.15,23186.55,MODERATE,23281.15,23116.1,0.733,RANGE,STRONG_SELL_PREMIUM,RANGE,PREMIUM_SELL_RANGE,RANGE_DTE4_NEW_CYCLE_STRONG_SELL_CONTAINED_OR,9.91,1,72.69,HIGH,4,0,0,0,0,0,,,,
12:25:04,23237.65,23281.15,23186.55,MODERATE,23281.15,23116.1,0.736,RANGE,STRONG_SELL_PREMIUM,RANGE,PREMIUM_SELL_RANGE,RANGE_DTE4_NEW_CYCLE_STRONG_SELL_CONTAINED_OR,9.86,1,72.65,HIGH,4,0,0,0,0,0,,,,
12:25:19,23237.15,23281.15,23186.55,MODERATE,23281.15,23116.1,0.733,RANGE,STRONG_SELL_PREMIUM,RANGE,PREMIUM_SELL_RANGE,RANGE_DTE4_NEW_CYCLE_STRONG_SELL_CONTAINED_OR,9.86,1,72.6,HIGH,4,0,0,0,0,0,,,,
12:25:34,23237.4,23281.15,23186.55,MODERATE,23281.15,23116.1,0.735,RANGE,STRONG_SELL_PREMIUM,RANGE,PREMIUM_SELL_RANGE,RANGE_DTE4_NEW_CYCLE_STRONG_SELL_CONTAINED_OR,9.86,1,72.55,HIGH,4,0,0,0,0,0,,,,
12:25:49,23236.4,23281.15,23186.55,MODERATE,23281.15,23116.1,0.729,RANGE,STRONG_SELL_PREMIUM,RANGE,PREMIUM_SELL_RANGE,RANGE_DTE4_NEW_CYCLE_STRONG_SELL_CONTAINED_OR,9.86,1,72.5,HIGH,4,0,0,0,0,0,,,,
12:26:04,23237.75,23281.15,23186.55,MODERATE,23281.15,23116.1,0.737,RANGE,STRONG_SELL_PREMIUM,RANGE,PREMIUM_SELL_RANGE,RANGE_DTE4_NEW_CYCLE_STRONG_SELL_CONTAINED_OR,9.86,1,72.46,HIGH,4,0,0,0,0,0,,,,
12:26:19,23236.6,23281.15,23186.55,MODERATE,23281.15,23116.1,0.730,RANGE,STRONG_SELL_PREMIUM,RANGE,PREMIUM_SELL_RANGE,RANGE_DTE4_NEW_CYCLE_STRONG_SELL_CONTAINED_OR,9.86,1,72.41,HIGH,4,0,0,0,0,0,,,,
12:26:34,23237.75,23281.15,23186.55,MODERATE,23281.15,23116.1,0.737,RANGE,STRONG_SELL_PREMIUM,RANGE,PREMIUM_SELL_RANGE,RANGE_DTE4_NEW_CYCLE_STRONG_SELL_CONTAINED_OR,9.86,1,72.36,HIGH,4,0,0,0,0,0,,,,
12:26:49,23237.65,23281.15,23186.55,MODERATE,23281.15,23116.1,0.736,RANGE,STRONG_SELL_PREMIUM,RANGE,PREMIUM_SELL_RANGE,RANGE_DTE4_NEW_CYCLE_STRONG_SELL_CONTAINED_OR,9.86,1,72.31,HIGH,4,0,0,0,0,0,,,,
12:27:04,23234.9,23281.15,23186.55,MODERATE,23281.15,23116.1,0.720,RANGE,STRONG_SELL_PREMIUM,RANGE,PREMIUM_SELL_RANGE,RANGE_DTE4_NEW_CYCLE_STRONG_SELL_CONTAINED_OR,9.46,1,72.27,HIGH,4,0,0,0,0,0,,,,
12:27:19,23233.1,23281.15,23186.55,MODERATE,23281.15,23116.1,0.709,RANGE,STRONG_SELL_PREMIUM,RANGE,PREMIUM_SELL_RANGE,RANGE_DTE4_NEW_CYCLE_STRONG_SELL_CONTAINED_OR,9.46,1,72.22,HIGH,4,0,0,0,0,0,,,,
12:27:34,23231.4,23281.15,23186.55,MODERATE,23281.15,23116.1,0.699,RANGE,STRONG_SELL_PREMIUM,RANGE,PREMIUM_SELL_RANGE,RANGE_DTE4_NEW_CYCLE_STRONG_SELL_CONTAINED_OR,9.46,1,72.17,HIGH,4,0,0,0,0,0,,,,
12:27:49,23230.7,23281.15,23186.55,MODERATE,23281.15,23116.1,0.694,RANGE,STRONG_SELL_PREMIUM,RANGE,PREMIUM_SELL_RANGE,RANGE_DTE4_NEW_CYCLE_STRONG_SELL_CONTAINED_OR,9.46,1,72.12,HIGH,4,0,0,0,0,0,,,,
12:28:04,23228.65,23281.15,23186.55,MODERATE,23281.15,23116.1,0.682,RANGE,STRONG_SELL_PREMIUM,RANGE,PREMIUM_SELL_RANGE,RANGE_DTE4_NEW_CYCLE_STRONG_SELL_CONTAINED_OR,9.41,1,72.08,HIGH,4,0,0,0,0,0,,,,
12:28:19,23229.5,23281.15,23186.55,MODERATE,23281.15,23116.1,0.687,RANGE,STRONG_SELL_PREMIUM,RANGE,PREMIUM_SELL_RANGE,RANGE_DTE4_NEW_CYCLE_STRONG_SELL_CONTAINED_OR,9.41,1,72.03,HIGH,4,0,0,0,0,0,,,,
12:28:34,23231.75,23281.15,23186.55,MODERATE,23281.15,23116.1,0.701,RANGE,STRONG_SELL_PREMIUM,RANGE,PREMIUM_SELL_RANGE,RANGE_DTE4_NEW_CYCLE_STRONG_SELL_CONTAINED_OR,9.41,1,71.98,HIGH,4,0,0,0,0,0,,,,
12:28:49,23233.75,23281.15,23186.55,MODERATE,23281.15,23116.1,0.713,RANGE,STRONG_SELL_PREMIUM,RANGE,PREMIUM_SELL_RANGE,RANGE_DTE4_NEW_CYCLE_STRONG_SELL_CONTAINED_OR,9.41,1,71.94,HIGH,4,0,0,0,0,0,,,,
12:29:04,23236.2,23281.15,23186.55,MODERATE,23281.15,23116.1,0.728,RANGE,STRONG_SELL_PREMIUM,RANGE,PREMIUM_SELL_RANGE,RANGE_DTE4_NEW_CYCLE_STRONG_SELL_CONTAINED_OR,9.41,1,71.89,HIGH,4,0,0,0,0,0,,,,
12:29:19,23235.45,23281.15,23186.55,MODERATE,23281.15,23116.1,0.723,RANGE,STRONG_SELL_PREMIUM,RANGE,PREMIUM_SELL_RANGE,RANGE_DTE4_NEW_CYCLE_STRONG_SELL_CONTAINED_OR,9.41,1,71.85,HIGH,4,0,0,0,0,0,,,,
12:29:34,23235.15,23281.15,23186.55,MODERATE,23281.15,23116.1,0.721,RANGE,STRONG_SELL_PREMIUM,RANGE,PREMIUM_SELL_RANGE,RANGE_DTE4_NEW_CYCLE_STRONG_SELL_CONTAINED_OR,9.41,1,71.8,HIGH,4,0,0,0,0,0,,,,
12:29:49,23234.5,23281.15,23186.55,MODERATE,23281.15,23116.1,0.717,RANGE,STRONG_SELL_PREMIUM,RANGE,PREMIUM_SELL_RANGE,RANGE_DTE4_NEW_CYCLE_STRONG_SELL_CONTAINED_OR,9.41,1,71.75,HIGH,4,0,0,0,0,0,,,,
12:30:04,23236.1,23281.15,23186.55,MODERATE,23281.15,23116.1,0.727,RANGE,STRONG_SELL_PREMIUM,RANGE,PREMIUM_SELL_RANGE,RANGE_DTE4_NEW_CYCLE_STRONG_SELL_CONTAINED_OR,8.96,1,71.71,HIGH,4,0,0,0,0,0,,,,
12:30:19,23235.7,23281.15,23186.55,MODERATE,23281.15,23116.1,0.725,RANGE,STRONG_SELL_PREMIUM,RANGE,PREMIUM_SELL_RANGE,RANGE_DTE4_NEW_CYCLE_STRONG_SELL_CONTAINED_OR,8.96,1,71.66,HIGH,4,0,0,0,0,0,,,,
12:30:34,23234.7,23281.15,23186.55,MODERATE,23281.15,23116.1,0.719,RANGE,STRONG_SELL_PREMIUM,RANGE,PREMIUM_SELL_RANGE,RANGE_DTE4_NEW_CYCLE_STRONG_SELL_CONTAINED_OR,8.96,1,71.62,HIGH,4,0,0,0,0,0,,,,
12:30:50,23235.2,23281.15,23186.55,MODERATE,23281.15,23116.1,0.722,RANGE,STRONG_SELL_PREMIUM,RANGE,PREMIUM_SELL_RANGE,RANGE_DTE4_NEW_CYCLE_STRONG_SELL_CONTAINED_OR,8.96,1,71.57,HIGH,4,0,0,0,0,0,,,,
12:31:04,23237.4,23281.15,23186.55,MODERATE,23281.15,23116.1,0.735,RANGE,STRONG_SELL_PREMIUM,RANGE,PREMIUM_SELL_RANGE,RANGE_DTE4_NEW_CYCLE_STRONG_SELL_CONTAINED_OR,9.96,1,71.52,HIGH,4,0,0,0,0,0,,,,
12:31:20,23239.8,23281.15,23186.55,MODERATE,23281.15,23116.1,0.749,RANGE,STRONG_SELL_PREMIUM,RANGE,PREMIUM_SELL_RANGE,RANGE_DTE4_NEW_CYCLE_STRONG_SELL_CONTAINED_OR,9.96,1,71.48,HIGH,4,0,0,0,0,0,,,,
12:31:35,23240.35,23281.15,23186.55,MODERATE,23281.15,23116.1,0.753,RANGE,STRONG_SELL_PREMIUM,RANGE,PREMIUM_SELL_RANGE,RANGE_DTE4_NEW_CYCLE_STRONG_SELL_CONTAINED_OR,9.96,1,71.43,HIGH,4,0,0,0,0,0,,,,
12:31:50,23245.1,23281.15,23186.55,MODERATE,23281.15,23116.1,0.782,RANGE,STRONG_SELL_PREMIUM,RANGE,PREMIUM_SELL_RANGE,RANGE_DTE4_NEW_CYCLE_STRONG_SELL_CONTAINED_OR,9.96,1,71.39,HIGH,4,0,0,0,0,0,,,,
12:32:05,23247.35,23281.15,23186.55,MODERATE,23281.15,23116.1,0.795,RANGE,STRONG_SELL_PREMIUM,RANGE,PREMIUM_SELL_RANGE,RANGE_DTE4_NEW_CYCLE_STRONG_SELL_CONTAINED_OR,10.35,1,71.34,HIGH,4,0,0,0,0,0,NO_TRADE,,entry_cooldown_10min_remaining,
12:32:20,23248.1,23281.15,23186.55,MODERATE,23281.15,23116.1,0.800,RANGE,STRONG_SELL_PREMIUM,RANGE,PREMIUM_SELL_RANGE,RANGE_DTE4_NEW_CYCLE_STRONG_SELL_CONTAINED_OR,10.35,1,71.3,HIGH,4,0,0,0,0,0,NO_TRADE,,entry_cooldown_9min_remaining,
12:32:35,23249.8,23281.15,23186.55,MODERATE,23281.15,23116.1,0.810,RANGE,STRONG_SELL_PREMIUM,RANGE,PREMIUM_SELL_BEAR,RANGE_DTE4_NEW_CYCLE_STRONG_SELL_CONTAINED_OR,10.35,1,71.25,HIGH,4,0,1,0,0,0,NO_TRADE,,entry_cooldown_9min_remaining,
12:32:50,23249.0,23281.15,23186.55,MODERATE,23281.15,23116.1,0.805,RANGE,STRONG_SELL_PREMIUM,RANGE,PREMIUM_SELL_BEAR,RANGE_DTE4_NEW_CYCLE_STRONG_SELL_CONTAINED_OR,10.35,1,71.21,HIGH,4,0,1,0,0,0,NO_TRADE,,entry_cooldown_9min_remaining,
12:33:05,23248.9,23281.15,23186.55,MODERATE,23281.15,23116.1,0.805,RANGE,STRONG_SELL_PREMIUM,RANGE,PREMIUM_SELL_BEAR,AFTERNOON_DAY_HIGH_FADE_DTE4,11.52,1,71.16,HIGH,4,0,1,0,0,0,NO_TRADE,,entry_cooldown_9min_remaining,
12:33:20,23253.65,23281.15,23186.55,MODERATE,23281.15,23116.1,0.833,RANGE,STRONG_SELL_PREMIUM,RANGE,PREMIUM_SELL_BEAR,AFTERNOON_DAY_HIGH_FADE_DTE4,11.52,1,71.12,HIGH,4,0,1,0,0,0,NO_TRADE,,entry_cooldown_8min_remaining,
12:33:35,23259.95,23281.15,23186.55,MODERATE,23281.15,23116.1,0.872,RANGE,STRONG_SELL_PREMIUM,RANGE,PREMIUM_SELL_BEAR,AFTERNOON_DAY_HIGH_FADE_DTE4,11.52,1,71.07,HIGH,4,0,1,0,0,0,NO_TRADE,,entry_cooldown_8min_remaining,
12:33:50,23262.7,23281.15,23186.55,MODERATE,23281.15,23116.1,0.888,RANGE,STRONG_SELL_PREMIUM,RANGE,PREMIUM_SELL_BEAR,AFTERNOON_DAY_HIGH_FADE_DTE4,11.52,1,71.03,HIGH,4,0,1,0,0,0,NO_TRADE,,entry_cooldown_8min_remaining,
12:34:05,23258.3,23281.15,23186.55,MODERATE,23281.15,23116.1,0.862,RANGE,STRONG_SELL_PREMIUM,RANGE,PREMIUM_SELL_BEAR,AFTERNOON_DAY_HIGH_FADE_DTE4,11.52,1,70.98,HIGH,4,0,1,0,0,0,NO_TRADE,,entry_cooldown_8min_remaining,
12:34:20,23259.8,23281.15,23186.55,MODERATE,23281.15,23116.1,0.871,RANGE,STRONG_SELL_PREMIUM,RANGE,PREMIUM_SELL_BEAR,AFTERNOON_DAY_HIGH_FADE_DTE4,11.52,1,70.94,HIGH,4,0,1,0,0,0,NO_TRADE,,entry_cooldown_7min_remaining,
12:34:35,23255.45,23281.15,23186.55,MODERATE,23281.15,23116.1,0.844,RANGE,STRONG_SELL_PREMIUM,RANGE,PREMIUM_SELL_BEAR,AFTERNOON_DAY_HIGH_FADE_DTE4,11.52,1,70.89,HIGH,4,0,1,0,0,0,NO_TRADE,,entry_cooldown_7min_remaining,
12:34:50,23251.05,23281.15,23186.55,MODERATE,23281.15,23116.1,0.818,RANGE,STRONG_SELL_PREMIUM,RANGE,PREMIUM_SELL_BEAR,AFTERNOON_DAY_HIGH_FADE_DTE4,11.52,1,70.85,HIGH,4,0,1,0,0,0,NO_TRADE,,entry_cooldown_7min_remaining,
12:35:05,23252.65,23281.15,23186.55,MODERATE,23281.15,23116.1,0.827,RANGE,STRONG_SELL_PREMIUM,RANGE,PREMIUM_SELL_BEAR,AFTERNOON_DAY_HIGH_FADE_DTE4,13.42,1,70.8,HIGH,4,0,1,0,0,0,NO_TRADE,,entry_cooldown_7min_remaining,
12:35:20,23255.15,23281.15,23186.55,MODERATE,23281.15,23116.1,0.842,RANGE,STRONG_SELL_PREMIUM,RANGE,PREMIUM_SELL_BEAR,AFTERNOON_DAY_HIGH_FADE_DTE4,13.42,1,70.76,HIGH,4,0,1,0,0,0,NO_TRADE,,entry_cooldown_6min_remaining,
12:35:35,23258.45,23281.15,23186.55,MODERATE,23281.15,23116.1,0.862,RANGE,STRONG_SELL_PREMIUM,RANGE,PREMIUM_SELL_BEAR,AFTERNOON_DAY_HIGH_FADE_DTE4,13.42,1,70.72,HIGH,4,0,1,0,0,0,NO_TRADE,,entry_cooldown_6min_remaining,
12:35:50,23258.6,23281.15,23186.55,MODERATE,23281.15,23116.1,0.863,RANGE,STRONG_SELL_PREMIUM,RANGE,PREMIUM_SELL_BEAR,AFTERNOON_DAY_HIGH_FADE_DTE4,13.42,1,70.67,HIGH,4,0,1,0,0,0,NO_TRADE,,entry_cooldown_6min_remaining,
12:36:05,23259.15,23281.15,23186.55,MODERATE,23281.15,23116.1,0.867,RANGE,STRONG_SELL_PREMIUM,RANGE,PREMIUM_SELL_BEAR,AFTERNOON_DAY_HIGH_FADE_DTE4,13.42,1,70.63,HIGH,4,0,1,0,0,0,NO_TRADE,,entry_cooldown_6min_remaining,
12:36:20,23252.95,23281.15,23186.55,MODERATE,23281.15,23116.1,0.829,RANGE,STRONG_SELL_PREMIUM,RANGE,PREMIUM_SELL_BEAR,AFTERNOON_DAY_HIGH_FADE_DTE4,13.42,1,70.58,HIGH,4,0,1,0,0,0,NO_TRADE,,entry_cooldown_5min_remaining,
12:36:35,23248.55,23281.15,23186.55,MODERATE,23281.15,23116.1,0.802,RANGE,STRONG_SELL_PREMIUM,RANGE,PREMIUM_SELL_BEAR,AFTERNOON_DAY_HIGH_FADE_DTE4,13.42,1,70.54,HIGH,4,0,1,0,0,0,NO_TRADE,,entry_cooldown_5min_remaining,
12:36:50,23249.45,23281.15,23186.55,MODERATE,23281.15,23116.1,0.808,RANGE,STRONG_SELL_PREMIUM,RANGE,PREMIUM_SELL_BEAR,AFTERNOON_DAY_HIGH_FADE_DTE4,13.42,1,70.5,HIGH,4,0,1,0,0,0,NO_TRADE,,entry_cooldown_5min_remaining,
12:37:05,23249.05,23281.15,23186.55,MODERATE,23281.15,23116.1,0.806,RANGE,STRONG_SELL_PREMIUM,RANGE,PREMIUM_SELL_BEAR,AFTERNOON_DAY_HIGH_FADE_DTE4,13.42,1,70.45,HIGH,4,0,1,0,0,0,NO_TRADE,,entry_cooldown_5min_remaining,
12:37:20,23248.45,23281.15,23186.55,MODERATE,23281.15,23116.1,0.802,RANGE,STRONG_SELL_PREMIUM,RANGE,PREMIUM_SELL_BEAR,AFTERNOON_DAY_HIGH_FADE_DTE4,13.42,1,70.41,HIGH,4,0,1,0,0,0,NO_TRADE,,entry_cooldown_4min_remaining,
12:37:35,23246.9,23281.15,23186.55,MODERATE,23281.15,23116.1,0.792,RANGE,STRONG_SELL_PREMIUM,RANGE,PREMIUM_SELL_BEAR,AFTERNOON_DAY_HIGH_FADE_DTE4,13.42,1,70.37,HIGH,4,0,0,0,0,0,NO_TRADE,,entry_cooldown_4min_remaining,
12:37:50,23243.9,23281.15,23186.55,MODERATE,23281.15,23116.1,0.774,RANGE,STRONG_SELL_PREMIUM,RANGE,PREMIUM_SELL_BEAR,AFTERNOON_DAY_HIGH_FADE_DTE4,13.42,1,70.32,HIGH,4,0,0,0,0,0,NO_TRADE,,entry_cooldown_4min_remaining,
12:38:05,23245.55,23281.15,23186.55,MODERATE,23281.15,23116.1,0.784,RANGE,STRONG_SELL_PREMIUM,RANGE,PREMIUM_SELL_RANGE,RANGE_DTE4_NEW_CYCLE_STRONG_SELL_CONTAINED_OR,13.42,1,70.28,HIGH,4,0,0,0,0,0,NO_TRADE,,entry_cooldown_4min_remaining,
12:38:20,23246.85,23281.15,23186.55,MODERATE,23281.15,23116.1,0.792,RANGE,STRONG_SELL_PREMIUM,RANGE,PREMIUM_SELL_RANGE,RANGE_DTE4_NEW_CYCLE_STRONG_SELL_CONTAINED_OR,13.42,1,70.24,HIGH,4,0,0,0,0,0,NO_TRADE,,entry_cooldown_3min_remaining,
12:38:35,23248.3,23281.15,23186.55,MODERATE,23281.15,23116.1,0.801,RANGE,STRONG_SELL_PREMIUM,RANGE,PREMIUM_SELL_BEAR,RANGE_DTE4_NEW_CYCLE_STRONG_SELL_CONTAINED_OR,13.42,1,70.19,HIGH,4,0,1,0,0,0,NO_TRADE,,entry_cooldown_3min_remaining,
12:38:50,23247.65,23281.15,23186.55,MODERATE,23281.15,23116.1,0.797,RANGE,STRONG_SELL_PREMIUM,RANGE,PREMIUM_SELL_RANGE,RANGE_DTE4_NEW_CYCLE_STRONG_SELL_CONTAINED_OR,13.42,1,70.15,HIGH,4,0,0,0,0,0,NO_TRADE,,entry_cooldown_3min_remaining,
12:39:05,23248.55,23281.15,23186.55,MODERATE,23281.15,23116.1,0.802,RANGE,STRONG_SELL_PREMIUM,RANGE,PREMIUM_SELL_BEAR,RANGE_DTE4_NEW_CYCLE_STRONG_SELL_CONTAINED_OR,13.42,1,70.11,HIGH,4,0,1,0,0,0,NO_TRADE,,entry_cooldown_3min_remaining,
12:39:20,23248.15,23281.15,23186.55,MODERATE,23281.15,23116.1,0.800,RANGE,STRONG_SELL_PREMIUM,RANGE,PREMIUM_SELL_BEAR,RANGE_DTE4_NEW_CYCLE_STRONG_SELL_CONTAINED_OR,13.42,1,70.06,HIGH,4,0,1,0,0,0,NO_TRADE,,entry_cooldown_2min_remaining,
12:39:35,23247.25,23281.15,23186.55,MODERATE,23281.15,23116.1,0.795,RANGE,STRONG_SELL_PREMIUM,RANGE,PREMIUM_SELL_RANGE,RANGE_DTE4_NEW_CYCLE_STRONG_SELL_CONTAINED_OR,13.42,1,70.02,HIGH,4,0,0,0,0,0,NO_TRADE,,entry_cooldown_2min_remaining,
12:39:50,23245.05,23281.15,23186.55,MODERATE,23281.15,23116.1,0.781,RANGE,STRONG_SELL_PREMIUM,RANGE,PREMIUM_SELL_RANGE,RANGE_DTE4_NEW_CYCLE_STRONG_SELL_CONTAINED_OR,13.42,1,69.98,HIGH,4,0,0,0,0,0,NO_TRADE,,entry_cooldown_2min_remaining,
12:40:05,23246.65,23281.15,23186.55,MODERATE,23281.15,23116.1,0.791,RANGE,STRONG_SELL_PREMIUM,RANGE,PREMIUM_SELL_RANGE,RANGE_DTE4_NEW_CYCLE_STRONG_SELL_CONTAINED_OR,15.12,1,69.93,HIGH,4,0,0,0,0,0,NO_TRADE,,entry_cooldown_2min_remaining,
12:40:20,23244.55,23281.15,23186.55,MODERATE,23281.15,23116.1,0.778,RANGE,STRONG_SELL_PREMIUM,RANGE,PREMIUM_SELL_RANGE,RANGE_DTE4_NEW_CYCLE_STRONG_SELL_CONTAINED_OR,15.12,1,69.89,HIGH,4,0,0,0,0,0,NO_TRADE,,entry_cooldown_1min_remaining,
12:40:35,23248.35,23281.15,23186.55,MODERATE,23281.15,23116.1,0.801,RANGE,STRONG_SELL_PREMIUM,RANGE,PREMIUM_SELL_BEAR,RANGE_DTE4_NEW_CYCLE_STRONG_SELL_CONTAINED_OR,15.12,1,69.85,HIGH,4,0,1,0,0,0,NO_TRADE,,entry_cooldown_1min_remaining,
12:40:50,23247.8,23281.15,23186.55,MODERATE,23281.15,23116.1,0.798,RANGE,STRONG_SELL_PREMIUM,RANGE,PREMIUM_SELL_RANGE,RANGE_DTE4_NEW_CYCLE_STRONG_SELL_CONTAINED_OR,15.12,1,69.81,HIGH,4,0,0,0,0,0,NO_TRADE,,entry_cooldown_1min_remaining,
12:41:05,23247.8,23281.15,23186.55,MODERATE,23281.15,23116.1,0.798,RANGE,STRONG_SELL_PREMIUM,RANGE,PREMIUM_SELL_RANGE,RANGE_DTE4_NEW_CYCLE_STRONG_SELL_CONTAINED_OR,15.12,1,69.76,HIGH,4,0,0,0,0,0,NO_TRADE,,entry_cooldown_1min_remaining,
12:41:20,23248.5,23281.15,23186.55,MODERATE,23281.15,23116.1,0.802,RANGE,STRONG_SELL_PREMIUM,RANGE,PREMIUM_SELL_BEAR,RANGE_DTE4_NEW_CYCLE_STRONG_SELL_CONTAINED_OR,15.12,1,69.72,HIGH,4,0,1,0,0,0,NO_TRADE,,entry_cooldown_0min_remaining,
12:41:35,23248.5,23281.15,23186.55,MODERATE,23281.15,23116.1,0.802,RANGE,STRONG_SELL_PREMIUM,RANGE,PREMIUM_SELL_BEAR,RANGE_DTE4_NEW_CYCLE_STRONG_SELL_CONTAINED_OR,15.12,1,69.68,HIGH,4,0,1,0,0,0,NO_TRADE,,entry_cooldown_0min_remaining,
12:41:50,23246.2,23281.15,23186.55,MODERATE,23281.15,23116.1,0.788,RANGE,STRONG_SELL_PREMIUM,RANGE,PREMIUM_SELL_RANGE,RANGE_DTE4_NEW_CYCLE_STRONG_SELL_CONTAINED_OR,15.12,1,69.64,HIGH,4,0,0,0,0,0,NO_TRADE,,no_material_change_since_exit_1pts_lt_28pts_needed,
12:42:05,23246.0,23281.15,23186.55,MODERATE,23281.15,23116.1,0.787,RANGE,STRONG_SELL_PREMIUM,RANGE,PREMIUM_SELL_RANGE,RANGE_DTE4_NEW_CYCLE_STRONG_SELL_CONTAINED_OR,15.12,1,69.6,HIGH,4,0,0,0,0,0,NO_TRADE,,no_material_change_since_exit_1pts_lt_28pts_needed,
12:42:20,23245.65,23281.15,23186.55,MODERATE,23281.15,23116.1,0.785,RANGE,STRONG_SELL_PREMIUM,RANGE,PREMIUM_SELL_RANGE,RANGE_DTE4_NEW_CYCLE_STRONG_SELL_CONTAINED_OR,15.12,1,69.55,HIGH,4,0,0,0,0,0,NO_TRADE,,no_material_change_since_exit_1pts_lt_28pts_needed,
12:42:35,23246.95,23281.15,23186.55,MODERATE,23281.15,23116.1,0.793,RANGE,STRONG_SELL_PREMIUM,RANGE,PREMIUM_SELL_RANGE,RANGE_DTE4_NEW_CYCLE_STRONG_SELL_CONTAINED_OR,15.12,1,69.51,HIGH,4,0,0,0,0,0,NO_TRADE,,no_material_change_since_exit_2pts_lt_28pts_needed,
12:42:50,23245.2,23281.15,23186.55,MODERATE,23281.15,23116.1,0.782,RANGE,STRONG_SELL_PREMIUM,RANGE,PREMIUM_SELL_RANGE,RANGE_DTE4_NEW_CYCLE_STRONG_SELL_CONTAINED_OR,15.12,1,69.47,HIGH,4,0,0,0,0,0,NO_TRADE,,no_material_change_since_exit_0pts_lt_28pts_needed,
12:43:05,23247.3,23281.15,23186.55,MODERATE,23281.15,23116.1,0.795,RANGE,STRONG_SELL_PREMIUM,RANGE,PREMIUM_SELL_RANGE,RANGE_DTE4_NEW_CYCLE_STRONG_SELL_CONTAINED_OR,15.12,1,69.43,HIGH,4,0,0,0,0,0,NO_TRADE,,no_material_change_since_exit_2pts_lt_28pts_needed,
12:43:21,23253.3,23281.15,23186.55,MODERATE,23281.15,23116.1,0.831,RANGE,STRONG_SELL_PREMIUM,RANGE,PREMIUM_SELL_BEAR,RANGE_DTE4_NEW_CYCLE_STRONG_SELL_CONTAINED_OR,15.12,1,69.39,HIGH,4,0,1,0,0,0,NO_TRADE,,no_material_change_since_exit_8pts_lt_28pts_needed,
12:43:35,23255.4,23281.15,23186.55,MODERATE,23281.15,23116.1,0.844,RANGE,STRONG_SELL_PREMIUM,RANGE,PREMIUM_SELL_BEAR,RANGE_DTE4_NEW_CYCLE_STRONG_SELL_CONTAINED_OR,15.12,1,69.34,HIGH,4,0,1,0,0,0,NO_TRADE,,no_material_change_since_exit_10pts_lt_28pts_needed,
12:43:51,23259.95,23281.15,23186.55,MODERATE,23281.15,23116.1,0.872,RANGE,STRONG_SELL_PREMIUM,RANGE,PREMIUM_SELL_BEAR,AFTERNOON_DAY_HIGH_FADE_DTE4,15.12,1,69.3,HIGH,4,0,1,0,0,0,NO_TRADE,,no_material_change_since_exit_15pts_lt_28pts_needed,
12:44:06,23259.15,23281.15,23186.55,MODERATE,23281.15,23116.1,0.867,RANGE,STRONG_SELL_PREMIUM,RANGE,PREMIUM_SELL_BEAR,AFTERNOON_DAY_HIGH_FADE_DTE4,15.15,1,69.26,HIGH,4,0,1,0,0,0,NO_TRADE,,no_material_change_since_exit_14pts_lt_28pts_needed,
12:44:21,23257.6,23281.15,23186.55,MODERATE,23281.15,23116.1,0.857,RANGE,STRONG_SELL_PREMIUM,RANGE,PREMIUM_SELL_BEAR,AFTERNOON_DAY_HIGH_FADE_DTE4,15.15,1,69.22,HIGH,4,0,1,0,0,0,NO_TRADE,,no_material_change_since_exit_12pts_lt_28pts_needed,
12:44:36,23258.75,23281.15,23186.55,MODERATE,23281.15,23116.1,0.864,RANGE,STRONG_SELL_PREMIUM,RANGE,PREMIUM_SELL_BEAR,AFTERNOON_DAY_HIGH_FADE_DTE4,15.15,1,69.18,HIGH,4,0,1,0,0,0,NO_TRADE,,no_material_change_since_exit_14pts_lt_28pts_needed,
12:44:51,23257.65,23281.15,23186.55,MODERATE,23281.15,23116.1,0.858,RANGE,STRONG_SELL_PREMIUM,RANGE,PREMIUM_SELL_BEAR,AFTERNOON_DAY_HIGH_FADE_DTE4,15.15,1,69.14,HIGH,4,0,1,0,0,0,NO_TRADE,,no_material_change_since_exit_13pts_lt_28pts_needed,
12:45:06,23257.75,23281.15,23186.55,MODERATE,23281.15,23116.1,0.858,RANGE,STRONG_SELL_PREMIUM,RANGE,PREMIUM_SELL_BEAR,AFTERNOON_DAY_HIGH_FADE_DTE4,16.71,1,69.1,HIGH,4,0,1,0,0,0,NO_TRADE,,no_material_change_since_exit_13pts_lt_28pts_needed,
12:45:21,23252.6,23281.15,23186.55,MODERATE,23281.15,23116.1,0.827,RANGE,STRONG_SELL_PREMIUM,RANGE,PREMIUM_SELL_BEAR,AFTERNOON_DAY_HIGH_FADE_DTE4,16.71,1,69.05,HIGH,4,0,1,0,0,0,NO_TRADE,,no_material_change_since_exit_8pts_lt_28pts_needed,
12:45:36,23252.35,23281.15,23186.55,MODERATE,23281.15,23116.1,0.826,RANGE,STRONG_SELL_PREMIUM,RANGE,PREMIUM_SELL_BEAR,AFTERNOON_DAY_HIGH_FADE_DTE4,16.71,1,69.01,HIGH,4,0,1,0,0,0,NO_TRADE,,no_material_change_since_exit_7pts_lt_28pts_needed,
12:45:51,23251.3,23281.15,23186.55,MODERATE,23281.15,23116.1,0.819,RANGE,STRONG_SELL_PREMIUM,RANGE,PREMIUM_SELL_BEAR,AFTERNOON_DAY_HIGH_FADE_DTE4,16.71,1,68.97,HIGH,4,0,1,0,0,0,NO_TRADE,,no_material_change_since_exit_6pts_lt_28pts_needed,
12:46:06,23247.35,23281.15,23186.55,MODERATE,23281.15,23116.1,0.795,RANGE,STRONG_SELL_PREMIUM,RANGE,PREMIUM_SELL_BEAR,AFTERNOON_DAY_HIGH_FADE_DTE4,16.71,1,68.93,HIGH,4,0,0,0,0,0,NO_TRADE,,no_material_change_since_exit_2pts_lt_28pts_needed,
12:46:21,23246.25,23281.15,23186.55,MODERATE,23281.15,23116.1,0.789,RANGE,STRONG_SELL_PREMIUM,RANGE,PREMIUM_SELL_BEAR,AFTERNOON_DAY_HIGH_FADE_DTE4,16.71,1,68.89,HIGH,4,0,0,0,0,0,NO_TRADE,,no_material_change_since_exit_1pts_lt_28pts_needed,
12:46:36,23246.9,23281.15,23186.55,MODERATE,23281.15,23116.1,0.792,RANGE,STRONG_SELL_PREMIUM,RANGE,PREMIUM_SELL_RANGE,RANGE_DTE4_NEW_CYCLE_STRONG_SELL_CONTAINED_OR,16.71,1,68.85,HIGH,4,0,0,0,0,0,NO_TRADE,,no_material_change_since_exit_2pts_lt_28pts_needed,
12:46:51,23248.45,23281.15,23186.55,MODERATE,23281.15,23116.1,0.802,RANGE,STRONG_SELL_PREMIUM,RANGE,PREMIUM_SELL_BEAR,RANGE_DTE4_NEW_CYCLE_STRONG_SELL_CONTAINED_OR,16.71,1,68.81,HIGH,4,0,1,0,0,0,NO_TRADE,,no_material_change_since_exit_3pts_lt_28pts_needed,
12:47:06,23249.9,23281.15,23186.55,MODERATE,23281.15,23116.1,0.811,RANGE,STRONG_SELL_PREMIUM,RANGE,PREMIUM_SELL_BEAR,RANGE_DTE4_NEW_CYCLE_STRONG_SELL_CONTAINED_OR,16.71,1,68.77,HIGH,4,0,1,0,0,0,NO_TRADE,,no_material_change_since_exit_5pts_lt_28pts_needed,
12:47:21,23252.25,23281.15,23186.55,MODERATE,23281.15,23116.1,0.825,RANGE,STRONG_SELL_PREMIUM,RANGE,PREMIUM_SELL_BEAR,AFTERNOON_DAY_HIGH_FADE_DTE4,16.71,1,68.73,HIGH,4,0,1,0,0,0,NO_TRADE,,no_material_change_since_exit_7pts_lt_28pts_needed,
12:47:36,23252.95,23281.15,23186.55,MODERATE,23281.15,23116.1,0.829,RANGE,STRONG_SELL_PREMIUM,RANGE,PREMIUM_SELL_BEAR,AFTERNOON_DAY_HIGH_FADE_DTE4,16.71,1,68.69,HIGH,4,0,1,0,0,0,NO_TRADE,,no_material_change_since_exit_8pts_lt_28pts_needed,
12:47:51,23252.8,23281.15,23186.55,MODERATE,23281.15,23116.1,0.828,RANGE,STRONG_SELL_PREMIUM,RANGE,PREMIUM_SELL_BEAR,AFTERNOON_DAY_HIGH_FADE_DTE4,16.71,1,68.65,HIGH,4,0,1,0,0,0,NO_TRADE,,no_material_change_since_exit_8pts_lt_28pts_needed,
12:48:06,23255.0,23281.15,23186.55,MODERATE,23281.15,23116.1,0.842,RANGE,STRONG_SELL_PREMIUM,RANGE,PREMIUM_SELL_BEAR,AFTERNOON_DAY_HIGH_FADE_DTE4,16.71,1,68.61,HIGH,4,0,1,0,0,0,NO_TRADE,,no_material_change_since_exit_10pts_lt_28pts_needed,
12:48:21,23254.6,23281.15,23186.55,MODERATE,23281.15,23116.1,0.839,RANGE,STRONG_SELL_PREMIUM,RANGE,PREMIUM_SELL_BEAR,AFTERNOON_DAY_HIGH_FADE_DTE4,16.71,1,68.57,HIGH,4,0,1,0,0,0,NO_TRADE,,no_material_change_since_exit_10pts_lt_28pts_needed,
12:48:36,23253.2,23281.15,23186.55,MODERATE,23281.15,23116.1,0.831,RANGE,STRONG_SELL_PREMIUM,RANGE,PREMIUM_SELL_BEAR,AFTERNOON_DAY_HIGH_FADE_DTE4,16.71,1,68.53,HIGH,4,0,1,0,0,0,NO_TRADE,,no_material_change_since_exit_8pts_lt_28pts_needed,
12:48:51,23253.0,23281.15,23186.55,MODERATE,23281.15,23116.1,0.829,RANGE,STRONG_SELL_PREMIUM,RANGE,PREMIUM_SELL_BEAR,AFTERNOON_DAY_HIGH_FADE_DTE4,16.71,1,68.49,HIGH,4,0,1,0,0,0,NO_TRADE,,no_material_change_since_exit_8pts_lt_28pts_needed,
12:49:06,23252.5,23281.15,23186.55,MODERATE,23281.15,23116.1,0.826,RANGE,STRONG_SELL_PREMIUM,RANGE,PREMIUM_SELL_BEAR,AFTERNOON_DAY_HIGH_FADE_DTE4,16.71,1,68.45,HIGH,4,0,1,0,0,0,NO_TRADE,,no_material_change_since_exit_7pts_lt_28pts_needed,
12:49:21,23254.25,23281.15,23186.55,MODERATE,23281.15,23116.1,0.837,RANGE,STRONG_SELL_PREMIUM,RANGE,PREMIUM_SELL_BEAR,AFTERNOON_DAY_HIGH_FADE_DTE4,16.71,1,68.41,HIGH,4,0,1,0,0,0,NO_TRADE,,no_material_change_since_exit_9pts_lt_28pts_needed,
12:49:36,23253.45,23281.15,23186.55,MODERATE,23281.15,23116.1,0.832,RANGE,STRONG_SELL_PREMIUM,RANGE,PREMIUM_SELL_BEAR,AFTERNOON_DAY_HIGH_FADE_DTE4,16.71,1,68.37,HIGH,4,0,1,0,0,0,NO_TRADE,,no_material_change_since_exit_8pts_lt_28pts_needed,
12:49:51,23253.55,23281.15,23186.55,MODERATE,23281.15,23116.1,0.833,RANGE,STRONG_SELL_PREMIUM,RANGE,PREMIUM_SELL_BEAR,AFTERNOON_DAY_HIGH_FADE_DTE4,16.71,1,68.33,HIGH,4,0,1,0,0,0,NO_TRADE,,no_material_change_since_exit_8pts_lt_28pts_needed,
12:50:06,23253.9,23281.15,23186.55,MODERATE,23281.15,23116.1,0.835,RANGE,STRONG_SELL_PREMIUM,RANGE,PREMIUM_SELL_BEAR,AFTERNOON_DAY_HIGH_FADE_DTE4,18.11,1,68.29,HIGH,4,0,1,0,0,0,NO_TRADE,,no_material_change_since_exit_9pts_lt_28pts_needed,
12:50:21,23250.75,23281.15,23186.55,MODERATE,23281.15,23116.1,0.816,RANGE,STRONG_SELL_PREMIUM,RANGE,PREMIUM_SELL_BEAR,AFTERNOON_DAY_HIGH_FADE_DTE4,18.11,1,68.25,HIGH,4,0,1,0,0,0,NO_TRADE,,no_material_change_since_exit_6pts_lt_28pts_needed,
12:50:36,23251.7,23281.15,23186.55,MODERATE,23281.15,23116.1,0.822,RANGE,STRONG_SELL_PREMIUM,RANGE,PREMIUM_SELL_BEAR,AFTERNOON_DAY_HIGH_FADE_DTE4,18.11,1,68.21,HIGH,4,0,1,0,0,0,NO_TRADE,,no_material_change_since_exit_7pts_lt_28pts_needed,
12:50:51,23250.95,23281.15,23186.55,MODERATE,23281.15,23116.1,0.817,RANGE,STRONG_SELL_PREMIUM,RANGE,PREMIUM_SELL_BEAR,AFTERNOON_DAY_HIGH_FADE_DTE4,18.11,1,68.17,HIGH,4,0,1,0,0,0,NO_TRADE,,no_material_change_since_exit_6pts_lt_28pts_needed,
12:51:07,23251.25,23281.15,23186.55,MODERATE,23281.15,23116.1,0.819,RANGE,STRONG_SELL_PREMIUM,RANGE,PREMIUM_SELL_BEAR,AFTERNOON_DAY_HIGH_FADE_DTE4,18.11,1,68.13,HIGH,4,0,1,0,0,0,NO_TRADE,,no_material_change_since_exit_6pts_lt_28pts_needed,
12:51:21,23249.5,23281.15,23186.55,MODERATE,23281.15,23116.1,0.808,RANGE,STRONG_SELL_PREMIUM,RANGE,PREMIUM_SELL_BEAR,AFTERNOON_DAY_HIGH_FADE_DTE4,18.11,1,68.09,HIGH,4,0,1,0,0,0,NO_TRADE,,no_material_change_since_exit_4pts_lt_28pts_needed,
12:51:36,23250.45,23281.15,23186.55,MODERATE,23281.15,23116.1,0.814,RANGE,STRONG_SELL_PREMIUM,RANGE,PREMIUM_SELL_BEAR,AFTERNOON_DAY_HIGH_FADE_DTE4,18.11,1,68.05,HIGH,4,0,1,0,0,0,NO_TRADE,,no_material_change_since_exit_5pts_lt_28pts_needed,
12:51:51,23249.6,23281.15,23186.55,MODERATE,23281.15,23116.1,0.809,RANGE,STRONG_SELL_PREMIUM,RANGE,PREMIUM_SELL_BEAR,AFTERNOON_DAY_HIGH_FADE_DTE4,18.11,1,68.01,HIGH,4,0,1,0,0,0,NO_TRADE,,no_material_change_since_exit_4pts_lt_28pts_needed,
12:52:06,23249.4,23281.15,23186.55,MODERATE,23281.15,23116.1,0.808,RANGE,STRONG_SELL_PREMIUM,RANGE,PREMIUM_SELL_BEAR,AFTERNOON_DAY_HIGH_FADE_DTE4,18.11,1,67.97,HIGH,4,0,1,0,0,0,NO_TRADE,,no_material_change_since_exit_4pts_lt_28pts_needed,
12:52:21,23248.45,23281.15,23186.55,MODERATE,23281.15,23116.1,0.802,RANGE,STRONG_SELL_PREMIUM,RANGE,PREMIUM_SELL_BEAR,AFTERNOON_DAY_HIGH_FADE_DTE4,18.11,1,67.93,HIGH,4,0,1,0,0,0,NO_TRADE,,no_material_change_since_exit_3pts_lt_28pts_needed,
12:52:36,23248.15,23281.15,23186.55,MODERATE,23281.15,23116.1,0.800,RANGE,STRONG_SELL_PREMIUM,RANGE,PREMIUM_SELL_BEAR,AFTERNOON_DAY_HIGH_FADE_DTE4,18.11,1,67.89,HIGH,4,0,1,0,0,0,NO_TRADE,,no_material_change_since_exit_3pts_lt_28pts_needed,
12:52:51,23248.3,23281.15,23186.55,MODERATE,23281.15,23116.1,0.801,RANGE,STRONG_SELL_PREMIUM,RANGE,PREMIUM_SELL_BEAR,AFTERNOON_DAY_HIGH_FADE_DTE4,18.11,1,67.85,HIGH,4,0,1,0,0,0,NO_TRADE,,no_material_change_since_exit_3pts_lt_28pts_needed,
12:53:06,23248.55,23281.15,23186.55,MODERATE,23281.15,23116.1,0.802,RANGE,STRONG_SELL_PREMIUM,RANGE,PREMIUM_SELL_BEAR,AFTERNOON_DAY_HIGH_FADE_DTE4,18.11,1,67.82,HIGH,4,0,1,0,0,0,NO_TRADE,,no_material_change_since_exit_3pts_lt_28pts_needed,
12:53:21,23251.4,23281.15,23186.55,MODERATE,23281.15,23116.1,0.820,RANGE,STRONG_SELL_PREMIUM,RANGE,PREMIUM_SELL_BEAR,AFTERNOON_DAY_HIGH_FADE_DTE4,18.11,1,67.78,HIGH,4,0,1,0,0,0,NO_TRADE,,no_material_change_since_exit_6pts_lt_28pts_needed,
12:53:36,23253.35,23281.15,23186.55,MODERATE,23281.15,23116.1,0.832,RANGE,STRONG_SELL_PREMIUM,RANGE,PREMIUM_SELL_BEAR,AFTERNOON_DAY_HIGH_FADE_DTE4,18.11,1,67.74,HIGH,4,0,1,0,0,0,NO_TRADE,,no_material_change_since_exit_8pts_lt_28pts_needed,
12:53:51,23254.6,23281.15,23186.55,MODERATE,23281.15,23116.1,0.839,RANGE,STRONG_SELL_PREMIUM,RANGE,PREMIUM_SELL_BEAR,AFTERNOON_DAY_HIGH_FADE_DTE4,18.11,1,67.7,HIGH,4,0,1,0,0,0,NO_TRADE,,no_material_change_since_exit_10pts_lt_28pts_needed,
12:54:06,23254.4,23281.15,23186.55,MODERATE,23281.15,23116.1,0.838,RANGE,STRONG_SELL_PREMIUM,RANGE,PREMIUM_SELL_BEAR,AFTERNOON_DAY_HIGH_FADE_DTE4,18.11,1,67.66,HIGH,4,0,1,0,0,0,NO_TRADE,,no_material_change_since_exit_9pts_lt_28pts_needed,
12:54:21,23256.0,23281.15,23186.55,MODERATE,23281.15,23116.1,0.848,RANGE,STRONG_SELL_PREMIUM,RANGE,PREMIUM_SELL_BEAR,AFTERNOON_DAY_HIGH_FADE_DTE4,18.11,1,67.62,HIGH,4,0,1,0,0,0,NO_TRADE,,no_material_change_since_exit_11pts_lt_28pts_needed,
12:54:36,23255.0,23281.15,23186.55,MODERATE,23281.15,23116.1,0.842,RANGE,STRONG_SELL_PREMIUM,RANGE,PREMIUM_SELL_BEAR,AFTERNOON_DAY_HIGH_FADE_DTE4,18.11,1,67.58,HIGH,4,0,1,0,0,0,NO_TRADE,,no_material_change_since_exit_10pts_lt_28pts_needed,
12:54:51,23253.95,23281.15,23186.55,MODERATE,23281.15,23116.1,0.835,RANGE,STRONG_SELL_PREMIUM,RANGE,PREMIUM_SELL_BEAR,AFTERNOON_DAY_HIGH_FADE_DTE4,18.11,1,67.54,HIGH,4,0,1,0,0,0,NO_TRADE,,no_material_change_since_exit_9pts_lt_28pts_needed,
12:55:06,23253.1,23281.15,23186.55,MODERATE,23281.15,23116.1,0.830,RANGE,STRONG_SELL_PREMIUM,RANGE,PREMIUM_SELL_BEAR,AFTERNOON_DAY_HIGH_FADE_DTE4,19.37,1,67.51,HIGH,4,0,1,0,0,0,NO_TRADE,,no_material_change_since_exit_8pts_lt_28pts_needed,
12:55:21,23252.95,23281.15,23186.55,MODERATE,23281.15,23116.1,0.829,RANGE,STRONG_SELL_PREMIUM,RANGE,PREMIUM_SELL_BEAR,AFTERNOON_DAY_HIGH_FADE_DTE4,19.37,1,67.47,HIGH,4,0,1,0,0,0,NO_TRADE,,no_material_change_since_exit_8pts_lt_28pts_needed,
12:55:36,23253.1,23281.15,23186.55,MODERATE,23281.15,23116.1,0.830,RANGE,STRONG_SELL_PREMIUM,RANGE,PREMIUM_SELL_BEAR,AFTERNOON_DAY_HIGH_FADE_DTE4,19.37,1,67.43,HIGH,4,0,1,0,0,0,NO_TRADE,,no_material_change_since_exit_8pts_lt_28pts_needed,
12:55:51,23251.4,23281.15,23186.55,MODERATE,23281.15,23116.1,0.820,RANGE,STRONG_SELL_PREMIUM,RANGE,PREMIUM_SELL_BEAR,AFTERNOON_DAY_HIGH_FADE_DTE4,19.37,1,67.39,HIGH,4,0,1,0,0,0,NO_TRADE,,no_material_change_since_exit_6pts_lt_28pts_needed,
12:56:06,23253.05,23281.15,23186.55,MODERATE,23281.15,23116.1,0.830,RANGE,STRONG_SELL_PREMIUM,RANGE,PREMIUM_SELL_BEAR,AFTERNOON_DAY_HIGH_FADE_DTE4,19.57,1,67.35,HIGH,4,0,1,0,0,0,NO_TRADE,,no_material_change_since_exit_8pts_lt_28pts_needed,
12:56:21,23256.25,23281.15,23186.55,MODERATE,23281.15,23116.1,0.849,RANGE,STRONG_SELL_PREMIUM,RANGE,PREMIUM_SELL_BEAR,AFTERNOON_DAY_HIGH_FADE_DTE4,19.57,1,67.32,HIGH,4,0,1,0,0,0,NO_TRADE,,no_material_change_since_exit_11pts_lt_28pts_needed,
12:56:36,23257.8,23281.15,23186.55,MODERATE,23281.15,23116.1,0.859,RANGE,STRONG_SELL_PREMIUM,RANGE,PREMIUM_SELL_BEAR,AFTERNOON_DAY_HIGH_FADE_DTE4,19.57,1,67.28,HIGH,4,0,1,0,0,0,NO_TRADE,,no_material_change_since_exit_13pts_lt_28pts_needed,
12:56:51,23254.2,23281.15,23186.55,MODERATE,23281.15,23116.1,0.837,RANGE,STRONG_SELL_PREMIUM,RANGE,PREMIUM_SELL_BEAR,AFTERNOON_DAY_HIGH_FADE_DTE4,19.57,1,67.24,HIGH,4,0,1,0,0,0,NO_TRADE,,no_material_change_since_exit_9pts_lt_28pts_needed,
12:57:06,23254.7,23281.15,23186.55,MODERATE,23281.15,23116.1,0.840,RANGE,STRONG_SELL_PREMIUM,RANGE,PREMIUM_SELL_BEAR,AFTERNOON_DAY_HIGH_FADE_DTE4,19.57,1,67.2,HIGH,4,0,1,0,0,0,NO_TRADE,,no_material_change_since_exit_10pts_lt_28pts_needed,
12:57:22,23255.8,23281.15,23186.55,MODERATE,23281.15,23116.1,0.846,RANGE,STRONG_SELL_PREMIUM,RANGE,PREMIUM_SELL_BEAR,AFTERNOON_DAY_HIGH_FADE_DTE4,19.57,1,67.16,HIGH,4,0,1,0,0,0,NO_TRADE,,no_material_change_since_exit_11pts_lt_28pts_needed,
12:57:37,23252.9,23281.15,23186.55,MODERATE,23281.15,23116.1,0.829,RANGE,STRONG_SELL_PREMIUM,RANGE,PREMIUM_SELL_BEAR,AFTERNOON_DAY_HIGH_FADE_DTE4,19.57,1,67.13,HIGH,4,0,1,0,0,0,NO_TRADE,,no_material_change_since_exit_8pts_lt_28pts_needed,
12:57:52,23252.75,23281.15,23186.55,MODERATE,23281.15,23116.1,0.828,RANGE,STRONG_SELL_PREMIUM,RANGE,PREMIUM_SELL_BEAR,AFTERNOON_DAY_HIGH_FADE_DTE4,19.57,1,67.09,HIGH,4,0,1,0,0,0,NO_TRADE,,no_material_change_since_exit_8pts_lt_28pts_needed,
12:58:07,23255.45,23281.15,23186.55,MODERATE,23281.15,23116.1,0.844,RANGE,STRONG_SELL_PREMIUM,RANGE,PREMIUM_SELL_BEAR,AFTERNOON_DAY_HIGH_FADE_DTE4,19.57,1,67.05,HIGH,4,0,1,0,0,0,NO_TRADE,,no_material_change_since_exit_10pts_lt_28pts_needed,
12:58:22,23251.15,23281.15,23186.55,MODERATE,23281.15,23116.1,0.818,RANGE,STRONG_SELL_PREMIUM,RANGE,PREMIUM_SELL_BEAR,AFTERNOON_DAY_HIGH_FADE_DTE4,19.57,1,67.01,HIGH,4,0,1,0,0,0,NO_TRADE,,no_material_change_since_exit_6pts_lt_28pts_needed,
12:58:37,23249.95,23281.15,23186.55,MODERATE,23281.15,23116.1,0.811,RANGE,STRONG_SELL_PREMIUM,RANGE,PREMIUM_SELL_BEAR,AFTERNOON_DAY_HIGH_FADE_DTE4,19.57,1,66.98,HIGH,4,0,1,0,0,0,NO_TRADE,,no_material_change_since_exit_5pts_lt_28pts_needed,
12:58:52,23247.85,23281.15,23186.55,MODERATE,23281.15,23116.1,0.798,RANGE,STRONG_SELL_PREMIUM,RANGE,PREMIUM_SELL_BEAR,AFTERNOON_DAY_HIGH_FADE_DTE4,19.57,1,66.94,HIGH,4,0,0,0,0,0,NO_TRADE,,no_material_change_since_exit_3pts_lt_28pts_needed,
12:59:07,23247.45,23281.15,23186.55,MODERATE,23281.15,23116.1,0.796,RANGE,STRONG_SELL_PREMIUM,RANGE,PREMIUM_SELL_BEAR,AFTERNOON_DAY_HIGH_FADE_DTE4,18.26,1,66.9,HIGH,4,0,0,0,0,0,NO_TRADE,,no_material_change_since_exit_2pts_lt_28pts_needed,
12:59:22,23248.3,23281.15,23186.55,MODERATE,23281.15,23116.1,0.801,RANGE,STRONG_SELL_PREMIUM,RANGE,PREMIUM_SELL_BEAR,AFTERNOON_DAY_HIGH_FADE_DTE4,18.26,1,66.86,HIGH,4,0,1,0,0,0,NO_TRADE,,no_material_change_since_exit_3pts_lt_28pts_needed,
12:59:37,23248.5,23281.15,23186.55,MODERATE,23281.15,23116.1,0.802,RANGE,STRONG_SELL_PREMIUM,RANGE,PREMIUM_SELL_BEAR,AFTERNOON_DAY_HIGH_FADE_DTE4,18.26,1,66.83,HIGH,4,0,1,0,0,0,NO_TRADE,,no_material_change_since_exit_3pts_lt_28pts_needed,
12:59:52,23246.05,23281.15,23186.55,MODERATE,23281.15,23116.1,0.787,RANGE,STRONG_SELL_PREMIUM,RANGE,PREMIUM_SELL_BEAR,AFTERNOON_DAY_HIGH_FADE_DTE4,18.26,1,66.79,HIGH,4,0,0,0,0,0,NO_TRADE,,no_material_change_since_exit_1pts_lt_28pts_needed,
13:00:07,23242.1,23281.15,23186.55,MODERATE,23281.15,23116.1,0.763,RANGE,STRONG_SELL_PREMIUM,RANGE,PREMIUM_SELL_BEAR,AFTERNOON_DAY_HIGH_FADE_DTE4,18.14,1,66.75,HIGH,4,0,0,0,0,0,NO_TRADE,,no_material_change_since_exit_3pts_lt_28pts_needed,
13:00:22,23243.85,23281.15,23186.55,MODERATE,23281.15,23116.1,0.774,RANGE,STRONG_SELL_PREMIUM,RANGE,PREMIUM_SELL_RANGE,RANGE_DTE4_NEW_CYCLE_STRONG_SELL_CONTAINED_OR,18.14,1,66.71,HIGH,4,0,0,0,0,0,NO_TRADE,,no_material_change_since_exit_1pts_lt_28pts_needed,
13:00:37,23243.6,23281.15,23186.55,MODERATE,23281.15,23116.1,0.772,RANGE,STRONG_SELL_PREMIUM,RANGE,PREMIUM_SELL_RANGE,RANGE_DTE4_NEW_CYCLE_STRONG_SELL_CONTAINED_OR,18.14,1,66.68,HIGH,4,0,0,0,0,0,NO_TRADE,,no_material_change_since_exit_2pts_lt_28pts_needed,
13:00:52,23244.9,23281.15,23186.55,MODERATE,23281.15,23116.1,0.780,RANGE,STRONG_SELL_PREMIUM,RANGE,PREMIUM_SELL_RANGE,RANGE_DTE4_NEW_CYCLE_STRONG_SELL_CONTAINED_OR,18.14,1,66.64,HIGH,4,0,0,0,0,0,NO_TRADE,,no_material_change_since_exit_0pts_lt_28pts_needed,
13:01:07,23247.85,23281.15,23186.55,MODERATE,23281.15,23116.1,0.798,RANGE,STRONG_SELL_PREMIUM,RANGE,PREMIUM_SELL_RANGE,RANGE_DTE4_NEW_CYCLE_STRONG_SELL_CONTAINED_OR,18.14,1,66.6,HIGH,4,0,0,0,0,0,NO_TRADE,,no_material_change_since_exit_3pts_lt_28pts_needed,
13:01:22,23251.25,23281.15,23186.55,MODERATE,23281.15,23116.1,0.819,RANGE,STRONG_SELL_PREMIUM,RANGE,PREMIUM_SELL_BEAR,RANGE_DTE4_NEW_CYCLE_STRONG_SELL_CONTAINED_OR,18.14,1,66.57,HIGH,4,0,1,0,0,0,NO_TRADE,,no_material_change_since_exit_6pts_lt_28pts_needed,
13:01:37,23250.1,23281.15,23186.55,MODERATE,23281.15,23116.1,0.812,RANGE,STRONG_SELL_PREMIUM,RANGE,PREMIUM_SELL_BEAR,RANGE_DTE4_NEW_CYCLE_STRONG_SELL_CONTAINED_OR,18.14,1,66.53,HIGH,4,0,1,0,0,0,NO_TRADE,,no_material_change_since_exit_5pts_lt_28pts_needed,
13:01:52,23248.8,23281.15,23186.55,MODERATE,23281.15,23116.1,0.804,RANGE,STRONG_SELL_PREMIUM,RANGE,PREMIUM_SELL_BEAR,AFTERNOON_DAY_HIGH_FADE_DTE4,18.14,1,66.49,HIGH,4,0,1,0,0,0,NO_TRADE,,no_material_change_since_exit_4pts_lt_28pts_needed,
13:02:07,23247.85,23281.15,23186.55,MODERATE,23281.15,23116.1,0.798,RANGE,STRONG_SELL_PREMIUM,RANGE,PREMIUM_SELL_BEAR,AFTERNOON_DAY_HIGH_FADE_DTE4,18.14,1,66.46,HIGH,4,0,0,0,0,0,NO_TRADE,,no_material_change_since_exit_3pts_lt_28pts_needed,
13:02:22,23249.25,23281.15,23186.55,MODERATE,23281.15,23116.1,0.807,RANGE,STRONG_SELL_PREMIUM,RANGE,PREMIUM_SELL_BEAR,AFTERNOON_DAY_HIGH_FADE_DTE4,18.14,1,66.42,HIGH,4,0,1,0,0,0,NO_TRADE,,no_material_change_since_exit_4pts_lt_28pts_needed,
13:02:37,23249.7,23281.15,23186.55,MODERATE,23281.15,23116.1,0.809,RANGE,STRONG_SELL_PREMIUM,RANGE,PREMIUM_SELL_BEAR,AFTERNOON_DAY_HIGH_FADE_DTE4,18.14,1,66.38,HIGH,4,0,1,0,0,0,NO_TRADE,,no_material_change_since_exit_5pts_lt_28pts_needed,
13:02:52,23249.6,23281.15,23186.55,MODERATE,23281.15,23116.1,0.809,RANGE,STRONG_SELL_PREMIUM,RANGE,PREMIUM_SELL_BEAR,AFTERNOON_DAY_HIGH_FADE_DTE4,18.14,1,66.35,HIGH,4,0,1,0,0,0,NO_TRADE,,no_material_change_since_exit_4pts_lt_28pts_needed,
13:03:07,23248.8,23281.15,23186.55,MODERATE,23281.15,23116.1,0.804,RANGE,STRONG_SELL_PREMIUM,RANGE,PREMIUM_SELL_BEAR,AFTERNOON_DAY_HIGH_FADE_DTE4,18.14,1,66.31,HIGH,4,0,1,0,0,0,NO_TRADE,,no_material_change_since_exit_4pts_lt_28pts_needed,
13:03:22,23249.95,23281.15,23186.55,MODERATE,23281.15,23116.1,0.811,RANGE,STRONG_SELL_PREMIUM,RANGE,PREMIUM_SELL_BEAR,AFTERNOON_DAY_HIGH_FADE_DTE4,18.14,1,66.27,HIGH,4,0,1,0,0,0,NO_TRADE,,no_material_change_since_exit_5pts_lt_28pts_needed,
13:03:37,23247.55,23281.15,23186.55,MODERATE,23281.15,23116.1,0.796,RANGE,STRONG_SELL_PREMIUM,RANGE,PREMIUM_SELL_BEAR,AFTERNOON_DAY_HIGH_FADE_DTE4,18.14,1,66.24,HIGH,4,0,0,0,0,0,NO_TRADE,,no_material_change_since_exit_2pts_lt_28pts_needed,
13:03:52,23248.55,23281.15,23186.55,MODERATE,23281.15,23116.1,0.802,RANGE,STRONG_SELL_PREMIUM,RANGE,PREMIUM_SELL_BEAR,AFTERNOON_DAY_HIGH_FADE_DTE4,18.14,1,66.2,HIGH,4,0,1,0,0,0,NO_TRADE,,no_material_change_since_exit_3pts_lt_28pts_needed,
13:04:07,23249.45,23281.15,23186.55,MODERATE,23281.15,23116.1,0.808,RANGE,STRONG_SELL_PREMIUM,STRONG_RANGE,PREMIUM_SELL_BEAR,AFTERNOON_DAY_HIGH_FADE_DTE4,18.14,1,66.17,HIGH,4,0,1,0,0,0,NO_TRADE,,no_material_change_since_exit_4pts_lt_28pts_needed,
13:04:22,23251.05,23281.15,23186.55,MODERATE,23281.15,23116.1,0.818,RANGE,STRONG_SELL_PREMIUM,STRONG_RANGE,PREMIUM_SELL_BEAR,AFTERNOON_DAY_HIGH_FADE_DTE4,18.14,1,66.13,HIGH,4,0,1,0,0,0,NO_TRADE,,no_material_change_since_exit_6pts_lt_28pts_needed,
13:04:37,23254.3,23281.15,23186.55,MODERATE,23281.15,23116.1,0.837,RANGE,STRONG_SELL_PREMIUM,STRONG_RANGE,PREMIUM_SELL_BEAR,AFTERNOON_DAY_HIGH_FADE_DTE4,18.14,1,66.09,HIGH,4,0,1,0,0,0,NO_TRADE,,no_material_change_since_exit_9pts_lt_28pts_needed,
13:04:52,23255.65,23281.15,23186.55,MODERATE,23281.15,23116.1,0.846,RANGE,STRONG_SELL_PREMIUM,STRONG_RANGE,PREMIUM_SELL_BEAR,AFTERNOON_DAY_HIGH_FADE_DTE4,18.14,1,66.06,HIGH,4,0,1,0,0,0,NO_TRADE,,no_material_change_since_exit_11pts_lt_28pts_needed,
13:05:07,23256.9,23281.15,23186.55,MODERATE,23281.15,23116.1,0.853,RANGE,STRONG_SELL_PREMIUM,STRONG_RANGE,PREMIUM_SELL_BEAR,AFTERNOON_DAY_HIGH_FADE_DTE4,18.4,1,66.02,HIGH,4,0,1,0,0,0,NO_TRADE,,no_material_change_since_exit_12pts_lt_28pts_needed,
13:05:22,23256.95,23281.15,23186.55,MODERATE,23281.15,23116.1,0.853,RANGE,STRONG_SELL_PREMIUM,STRONG_RANGE,PREMIUM_SELL_BEAR,AFTERNOON_DAY_HIGH_FADE_DTE4,18.4,1,65.99,HIGH,4,0,1,0,0,0,NO_TRADE,,no_material_change_since_exit_12pts_lt_28pts_needed,
13:05:37,23255.75,23281.15,23186.55,MODERATE,23281.15,23116.1,0.846,RANGE,STRONG_SELL_PREMIUM,STRONG_RANGE,PREMIUM_SELL_BEAR,AFTERNOON_DAY_HIGH_FADE_DTE4,18.4,1,65.95,HIGH,4,0,1,0,0,0,NO_TRADE,,no_material_change_since_exit_11pts_lt_28pts_needed,
13:05:52,23258.4,23281.15,23186.55,MODERATE,23281.15,23116.1,0.862,RANGE,STRONG_SELL_PREMIUM,STRONG_RANGE,PREMIUM_SELL_BEAR,AFTERNOON_DAY_HIGH_FADE_DTE4,18.4,1,65.91,HIGH,4,0,1,0,0,0,NO_TRADE,,no_material_change_since_exit_13pts_lt_28pts_needed,
13:06:07,23259.5,23281.15,23186.55,MODERATE,23281.15,23116.1,0.869,RANGE,STRONG_SELL_PREMIUM,RANGE,PREMIUM_SELL_BEAR,AFTERNOON_DAY_HIGH_FADE_DTE4,19.11,1,65.88,HIGH,4,0,1,0,0,0,NO_TRADE,,no_material_change_since_exit_14pts_lt_28pts_needed,
13:06:22,23259.25,23281.15,23186.55,MODERATE,23281.15,23116.1,0.867,RANGE,STRONG_SELL_PREMIUM,RANGE,PREMIUM_SELL_BEAR,AFTERNOON_DAY_HIGH_FADE_DTE4,19.11,1,65.84,HIGH,4,0,1,0,0,0,NO_TRADE,,no_material_change_since_exit_14pts_lt_28pts_needed,
13:06:38,23258.65,23281.15,23186.55,MODERATE,23281.15,23116.1,0.864,RANGE,STRONG_SELL_PREMIUM,RANGE,PREMIUM_SELL_BEAR,AFTERNOON_DAY_HIGH_FADE_DTE4,19.11,1,65.81,HIGH,4,0,1,0,0,0,NO_TRADE,,no_material_change_since_exit_14pts_lt_28pts_needed,
13:06:53,23261.15,23281.15,23186.55,MODERATE,23281.15,23116.1,0.879,RANGE,STRONG_SELL_PREMIUM,RANGE,PREMIUM_SELL_BEAR,AFTERNOON_DAY_HIGH_FADE_DTE4,19.11,1,65.77,HIGH,4,0,1,0,0,0,NO_TRADE,,no_material_change_since_exit_16pts_lt_28pts_needed,
13:07:08,23265.2,23281.15,23186.55,MODERATE,23281.15,23116.1,0.903,RANGE,STRONG_SELL_PREMIUM,RANGE,PREMIUM_SELL_BEAR,AFTERNOON_DAY_HIGH_FADE_DTE4,20.15,1,65.74,HIGH,4,0,1,0,0,0,NO_TRADE,,no_material_change_since_exit_20pts_lt_28pts_needed,
13:07:23,23267.15,23281.15,23186.55,MODERATE,23281.15,23116.1,0.915,RANGE,STRONG_SELL_PREMIUM,RANGE,PREMIUM_SELL_BEAR,AFTERNOON_DAY_HIGH_FADE_DTE4,20.15,1,65.7,HIGH,4,0,1,0,0,0,NO_TRADE,,no_material_change_since_exit_22pts_lt_28pts_needed,
13:07:38,23271.1,23281.15,23186.55,MODERATE,23281.15,23116.1,0.939,RANGE,STRONG_SELL_PREMIUM,RANGE,PREMIUM_SELL_BEAR,AFTERNOON_DAY_HIGH_FADE_DTE4,20.15,1,65.66,HIGH,4,0,1,0,0,0,NO_TRADE,,no_material_change_since_exit_26pts_lt_28pts_needed,
13:07:53,23272.35,23281.15,23186.55,MODERATE,23281.15,23116.1,0.947,RANGE,STRONG_SELL_PREMIUM,RANGE,PREMIUM_SELL_BEAR,AFTERNOON_DAY_HIGH_FADE_DTE4,20.15,1,65.63,HIGH,4,0,1,0,0,0,NO_TRADE,,no_material_change_since_exit_27pts_lt_28pts_needed,
13:08:08,23273.25,23281.15,23186.55,MODERATE,23281.15,23116.1,0.952,RANGE,STRONG_SELL_PREMIUM,RANGE,PREMIUM_SELL_BEAR,AFTERNOON_DAY_HIGH_FADE_DTE4,20.36,1,65.59,HIGH,4,0,1,0,0,0,ENTER,BEAR_CALL_SPREAD,regime:PREMIUM_SELL_BEAR:conf=HIGH:dte=4:adx=20:price=RANGE,
13:08:23,23271.65,23281.15,23186.55,MODERATE,23281.15,23116.1,0.942,RANGE,STRONG_SELL_PREMIUM,RANGE,PREMIUM_SELL_BEAR,AFTERNOON_DAY_HIGH_FADE_DTE4,20.36,1,65.56,HIGH,4,0,1,0,0,0,,,,
13:08:38,23272.5,23281.15,23186.55,MODERATE,23281.15,23116.1,0.948,RANGE,STRONG_SELL_PREMIUM,RANGE,PREMIUM_SELL_BEAR,AFTERNOON_DAY_HIGH_FADE_DTE4,20.36,1,65.52,HIGH,4,0,1,0,0,0,,,,
13:08:53,23275.5,23281.15,23186.55,MODERATE,23281.15,23116.1,0.966,UPTREND,STRONG_SELL_PREMIUM,RANGE,PREMIUM_SELL_BEAR,AFTERNOON_DAY_HIGH_FADE_DTE4,20.36,1,65.49,HIGH,4,0,1,0,0,0,,,,
13:09:08,23277.7,23281.15,23186.55,MODERATE,23284.75,23116.1,0.958,UPTREND,STRONG_SELL_PREMIUM,RANGE,PREMIUM_SELL_BEAR,AFTERNOON_DAY_HIGH_FADE_DTE4,20.98,1,66.88,HIGH,4,0,1,0,0,0,,,,
13:09:23,23283.75,23281.15,23186.55,MODERATE,23284.75,23116.1,0.994,UPTREND,STRONG_SELL_PREMIUM,RANGE,PREMIUM_SELL_BEAR,AFTERNOON_DAY_HIGH_FADE_DTE4,20.98,1,66.85,HIGH,4,0,1,0,0,0,,,,
13:09:38,23280.3,23281.15,23186.55,MODERATE,23284.75,23116.1,0.974,UPTREND,STRONG_SELL_PREMIUM,RANGE,PREMIUM_SELL_BEAR,AFTERNOON_DAY_HIGH_FADE_DTE4,20.98,1,66.81,HIGH,4,0,1,0,0,0,,,,
13:09:53,23274.1,23281.15,23186.55,MODERATE,23284.75,23116.1,0.937,RANGE,STRONG_SELL_PREMIUM,RANGE,PREMIUM_SELL_BEAR,AFTERNOON_DAY_HIGH_FADE_DTE4,20.98,1,66.77,HIGH,4,0,1,0,0,0,,,,
13:10:08,23276.4,23281.15,23186.55,MODERATE,23284.75,23116.1,0.950,UPTREND,STRONG_SELL_PREMIUM,RANGE,PREMIUM_SELL_BEAR,AFTERNOON_DAY_HIGH_FADE_DTE4,23.54,1,66.74,HIGH,4,0,1,0,0,0,,,,
13:10:23,23277.2,23281.15,23186.55,MODERATE,23284.75,23116.1,0.955,UPTREND,STRONG_SELL_PREMIUM,RANGE,PREMIUM_SELL_BEAR,AFTERNOON_DAY_HIGH_FADE_DTE4,23.54,1,66.7,HIGH,4,0,1,0,0,0,,,,
13:10:38,23275.15,23281.15,23186.55,MODERATE,23284.75,23116.1,0.943,UPTREND,STRONG_SELL_PREMIUM,RANGE,PREMIUM_SELL_BEAR,AFTERNOON_DAY_HIGH_FADE_DTE4,23.54,1,66.67,HIGH,4,0,1,0,0,0,,,,
13:10:53,23276.6,23281.15,23186.55,MODERATE,23284.75,23116.1,0.952,UPTREND,STRONG_SELL_PREMIUM,RANGE,PREMIUM_SELL_BEAR,AFTERNOON_DAY_HIGH_FADE_DTE4,23.54,1,66.63,HIGH,4,0,1,0,0,0,,,,
13:11:08,23274.75,23281.15,23186.55,MODERATE,23284.75,23116.1,0.941,RANGE,STRONG_SELL_PREMIUM,RANGE,PREMIUM_SELL_BEAR,AFTERNOON_DAY_HIGH_FADE_DTE4,23.54,1,66.6,HIGH,4,0,1,0,0,0,,,,
13:11:23,23276.0,23281.15,23186.55,MODERATE,23284.75,23116.1,0.948,UPTREND,STRONG_SELL_PREMIUM,RANGE,PREMIUM_SELL_BEAR,AFTERNOON_DAY_HIGH_FADE_DTE4,23.54,1,66.56,HIGH,4,0,1,0,0,0,,,,
13:11:38,23275.8,23281.15,23186.55,MODERATE,23284.75,23116.1,0.947,UPTREND,STRONG_SELL_PREMIUM,RANGE,PREMIUM_SELL_BEAR,AFTERNOON_DAY_HIGH_FADE_DTE4,23.54,1,66.53,HIGH,4,0,1,0,0,0,,,,
13:11:53,23269.4,23281.15,23186.55,MODERATE,23284.75,23116.1,0.909,RANGE,STRONG_SELL_PREMIUM,RANGE,PREMIUM_SELL_BEAR,AFTERNOON_DAY_HIGH_FADE_DTE4,23.54,1,66.49,HIGH,4,0,1,0,0,0,,,,
13:12:08,23265.9,23281.15,23186.55,MODERATE,23284.75,23116.1,0.888,RANGE,STRONG_SELL_PREMIUM,RANGE,PREMIUM_SELL_BEAR,AFTERNOON_DAY_HIGH_FADE_DTE4,23.54,1,66.46,HIGH,4,0,1,0,0,0,,,,
13:12:23,23266.25,23281.15,23186.55,MODERATE,23284.75,23116.1,0.890,RANGE,STRONG_SELL_PREMIUM,RANGE,PREMIUM_SELL_BEAR,AFTERNOON_DAY_HIGH_FADE_DTE4,23.54,1,66.42,HIGH,4,0,1,0,0,0,,,,
13:12:38,23265.4,23281.15,23186.55,MODERATE,23284.75,23116.1,0.885,RANGE,STRONG_SELL_PREMIUM,RANGE,PREMIUM_SELL_BEAR,AFTERNOON_DAY_HIGH_FADE_DTE4,23.54,1,66.39,HIGH,4,0,1,0,0,0,,,,
13:12:53,23267.05,23281.15,23186.55,MODERATE,23284.75,23116.1,0.895,RANGE,STRONG_SELL_PREMIUM,RANGE,PREMIUM_SELL_BEAR,AFTERNOON_DAY_HIGH_FADE_DTE4,23.54,1,66.35,HIGH,4,0,1,0,0,0,,,,
13:13:08,23266.3,23281.15,23186.55,MODERATE,23284.75,23116.1,0.891,RANGE,STRONG_SELL_PREMIUM,RANGE,PREMIUM_SELL_BEAR,AFTERNOON_DAY_HIGH_FADE_DTE4,23.54,1,66.32,HIGH,4,0,1,0,0,0,,,,
13:13:24,23263.35,23281.15,23186.55,MODERATE,23284.75,23116.1,0.873,RANGE,STRONG_SELL_PREMIUM,RANGE,PREMIUM_SELL_BEAR,AFTERNOON_DAY_HIGH_FADE_DTE4,23.54,1,66.28,HIGH,4,0,1,0,0,0,,,,
13:13:39,23263.0,23281.15,23186.55,MODERATE,23284.75,23116.1,0.871,RANGE,STRONG_SELL_PREMIUM,RANGE,PREMIUM_SELL_BEAR,AFTERNOON_DAY_HIGH_FADE_DTE4,23.54,1,66.25,HIGH,4,0,1,0,0,0,,,,
13:13:54,23263.25,23281.15,23186.55,MODERATE,23284.75,23116.1,0.873,RANGE,STRONG_SELL_PREMIUM,RANGE,PREMIUM_SELL_BEAR,AFTERNOON_DAY_HIGH_FADE_DTE4,23.54,1,66.21,HIGH,4,0,1,0,0,0,,,,
13:14:09,23262.3,23281.15,23186.55,MODERATE,23284.75,23116.1,0.867,RANGE,STRONG_SELL_PREMIUM,RANGE,PREMIUM_SELL_BEAR,AFTERNOON_DAY_HIGH_FADE_DTE4,23.54,1,66.18,HIGH,4,0,1,0,0,0,,,,
13:14:24,23260.05,23281.15,23186.55,MODERATE,23284.75,23116.1,0.854,RANGE,STRONG_SELL_PREMIUM,RANGE,PREMIUM_SELL_BEAR,AFTERNOON_DAY_HIGH_FADE_DTE4,23.54,1,66.14,HIGH,4,0,1,0,0,0,,,,
13:14:39,23258.0,23281.15,23186.55,MODERATE,23284.75,23116.1,0.841,RANGE,STRONG_SELL_PREMIUM,RANGE,PREMIUM_SELL_BEAR,AFTERNOON_DAY_HIGH_FADE_DTE4,23.54,1,66.11,HIGH,4,0,1,0,0,0,,,,
13:14:54,23258.25,23281.15,23186.55,MODERATE,23284.75,23116.1,0.843,RANGE,STRONG_SELL_PREMIUM,RANGE,PREMIUM_SELL_BEAR,AFTERNOON_DAY_HIGH_FADE_DTE4,23.54,1,66.07,HIGH,4,0,1,0,0,0,,,,
13:15:09,23256.9,23281.15,23186.55,MODERATE,23284.75,23116.1,0.835,RANGE,STRONG_SELL_PREMIUM,RANGE,PREMIUM_SELL_BEAR,AFTERNOON_DAY_HIGH_FADE_DTE4,25.01,1,66.04,HIGH,4,0,1,0,0,0,,,,
13:15:24,23255.2,23281.15,23186.55,MODERATE,23284.75,23116.1,0.825,RANGE,STRONG_SELL_PREMIUM,RANGE,PREMIUM_SELL_BEAR,AFTERNOON_DAY_HIGH_FADE_DTE4,25.01,1,66.0,HIGH,4,0,1,0,0,0,,,,
13:15:39,23253.85,23281.15,23186.55,MODERATE,23284.75,23116.1,0.817,RANGE,STRONG_SELL_PREMIUM,RANGE,PREMIUM_SELL_BEAR,AFTERNOON_DAY_HIGH_FADE_DTE4,25.01,1,65.97,HIGH,4,0,1,0,0,0,,,,
13:15:54,23255.5,23281.15,23186.55,MODERATE,23284.75,23116.1,0.827,RANGE,STRONG_SELL_PREMIUM,RANGE,PREMIUM_SELL_BEAR,AFTERNOON_DAY_HIGH_FADE_DTE4,25.01,1,65.93,HIGH,4,0,1,0,0,0,,,,
13:16:09,23255.05,23281.15,23186.55,MODERATE,23284.75,23116.1,0.824,RANGE,STRONG_SELL_PREMIUM,RANGE,PREMIUM_SELL_BEAR,AFTERNOON_DAY_HIGH_FADE_DTE4,25.01,1,65.9,HIGH,4,0,1,0,0,0,,,,
13:16:24,23255.75,23281.15,23186.55,MODERATE,23284.75,23116.1,0.828,RANGE,STRONG_SELL_PREMIUM,RANGE,PREMIUM_SELL_BEAR,AFTERNOON_DAY_HIGH_FADE_DTE4,25.01,1,65.87,HIGH,4,0,1,0,0,0,,,,
13:16:39,23256.8,23281.15,23186.55,MODERATE,23284.75,23116.1,0.834,RANGE,STRONG_SELL_PREMIUM,RANGE,PREMIUM_SELL_BEAR,AFTERNOON_DAY_HIGH_FADE_DTE4,25.01,1,65.83,HIGH,4,0,1,0,0,0,,,,
13:16:54,23257.85,23281.15,23186.55,MODERATE,23284.75,23116.1,0.840,RANGE,STRONG_SELL_PREMIUM,RANGE,PREMIUM_SELL_BEAR,AFTERNOON_DAY_HIGH_FADE_DTE4,25.01,1,65.8,HIGH,4,0,1,0,0,0,,,,
13:17:09,23253.5,23281.15,23186.55,MODERATE,23284.75,23116.1,0.815,RANGE,STRONG_SELL_PREMIUM,RANGE,PREMIUM_SELL_BEAR,AFTERNOON_DAY_HIGH_FADE_DTE4,24.85,1,65.76,HIGH,4,0,1,0,0,0,,,,
13:17:24,23257.05,23281.15,23186.55,MODERATE,23284.75,23116.1,0.836,RANGE,STRONG_SELL_PREMIUM,RANGE,PREMIUM_SELL_BEAR,AFTERNOON_DAY_HIGH_FADE_DTE4,24.85,1,65.73,HIGH,4,0,1,0,0,0,,,,
13:17:39,23258.7,23281.15,23186.55,MODERATE,23284.75,23116.1,0.846,RANGE,STRONG_SELL_PREMIUM,RANGE,PREMIUM_SELL_BEAR,AFTERNOON_DAY_HIGH_FADE_DTE4,24.85,1,65.7,HIGH,4,0,1,0,0,0,,,,
13:17:54,23260.6,23281.15,23186.55,MODERATE,23284.75,23116.1,0.857,RANGE,STRONG_SELL_PREMIUM,RANGE,PREMIUM_SELL_BEAR,AFTERNOON_DAY_HIGH_FADE_DTE4,24.85,1,65.66,HIGH,4,0,1,0,0,0,,,,
13:18:09,23262.35,23281.15,23186.55,MODERATE,23284.75,23116.1,0.867,RANGE,STRONG_SELL_PREMIUM,RANGE,PREMIUM_SELL_BEAR,AFTERNOON_DAY_HIGH_FADE_DTE4,24.85,1,65.63,HIGH,4,0,1,0,0,0,,,,
13:18:24,23264.4,23281.15,23186.55,MODERATE,23284.75,23116.1,0.879,RANGE,STRONG_SELL_PREMIUM,RANGE,PREMIUM_SELL_BEAR,AFTERNOON_DAY_HIGH_FADE_DTE4,24.85,1,65.59,HIGH,4,0,1,0,0,0,,,,
13:18:40,23263.15,23281.15,23186.55,MODERATE,23284.75,23116.1,0.872,RANGE,STRONG_SELL_PREMIUM,RANGE,PREMIUM_SELL_BEAR,AFTERNOON_DAY_HIGH_FADE_DTE4,24.85,1,65.56,HIGH,4,0,1,0,0,0,,,,
13:18:55,23262.8,23281.15,23186.55,MODERATE,23284.75,23116.1,0.870,RANGE,STRONG_SELL_PREMIUM,RANGE,PREMIUM_SELL_BEAR,AFTERNOON_DAY_HIGH_FADE_DTE4,24.85,1,65.53,HIGH,4,0,1,0,0,0,,,,
13:19:10,23265.75,23281.15,23186.55,MODERATE,23284.75,23116.1,0.887,RANGE,STRONG_SELL_PREMIUM,RANGE,PREMIUM_SELL_BEAR,AFTERNOON_DAY_HIGH_FADE_DTE4,24.85,1,65.49,HIGH,4,0,1,0,0,0,,,,
13:19:25,23269.0,23281.15,23186.55,MODERATE,23284.75,23116.1,0.907,RANGE,STRONG_SELL_PREMIUM,RANGE,PREMIUM_SELL_BEAR,AFTERNOON_DAY_HIGH_FADE_DTE4,24.85,1,65.46,HIGH,4,0,1,0,0,0,,,,
13:19:40,23269.75,23281.15,23186.55,MODERATE,23284.75,23116.1,0.911,RANGE,STRONG_SELL_PREMIUM,RANGE,PREMIUM_SELL_BEAR,AFTERNOON_DAY_HIGH_FADE_DTE4,24.85,1,65.43,HIGH,4,0,1,0,0,0,,,,
13:19:55,23269.55,23281.15,23186.55,MODERATE,23284.75,23116.1,0.910,RANGE,STRONG_SELL_PREMIUM,RANGE,PREMIUM_SELL_BEAR,AFTERNOON_DAY_HIGH_FADE_DTE4,24.85,1,65.39,HIGH,4,0,1,0,0,0,,,,
13:20:10,23265.7,23281.15,23186.55,MODERATE,23284.75,23116.1,0.887,RANGE,STRONG_SELL_PREMIUM,RANGE,PREMIUM_SELL_BEAR,AFTERNOON_DAY_HIGH_FADE_DTE4,26.03,1,65.36,HIGH,4,0,1,0,0,0,,,,
13:20:25,23264.05,23281.15,23186.55,MODERATE,23284.75,23116.1,0.877,RANGE,STRONG_SELL_PREMIUM,RANGE,PREMIUM_SELL_BEAR,AFTERNOON_DAY_HIGH_FADE_DTE4,26.03,1,65.33,HIGH,4,0,1,0,0,0,,,,
13:20:40,23261.75,23281.15,23186.55,MODERATE,23284.75,23116.1,0.864,RANGE,STRONG_SELL_PREMIUM,RANGE,PREMIUM_SELL_BEAR,AFTERNOON_DAY_HIGH_FADE_DTE4,26.03,1,65.29,HIGH,4,0,1,0,0,0,,,,
13:20:55,23263.85,23281.15,23186.55,MODERATE,23284.75,23116.1,0.876,RANGE,STRONG_SELL_PREMIUM,RANGE,PREMIUM_SELL_BEAR,AFTERNOON_DAY_HIGH_FADE_DTE4,26.03,1,65.26,HIGH,4,0,1,0,0,0,,,,
13:21:10,23263.65,23281.15,23186.55,MODERATE,23284.75,23116.1,0.875,RANGE,STRONG_SELL_PREMIUM,RANGE,PREMIUM_SELL_BEAR,AFTERNOON_DAY_HIGH_FADE_DTE4,26.03,1,65.23,HIGH,4,0,1,0,0,0,,,,
13:21:25,23263.5,23281.15,23186.55,MODERATE,23284.75,23116.1,0.874,RANGE,STRONG_SELL_PREMIUM,RANGE,PREMIUM_SELL_BEAR,AFTERNOON_DAY_HIGH_FADE_DTE4,26.03,1,65.19,HIGH,4,0,1,0,0,0,,,,
13:21:40,23263.15,23281.15,23186.55,MODERATE,23284.75,23116.1,0.872,RANGE,STRONG_SELL_PREMIUM,RANGE,PREMIUM_SELL_BEAR,AFTERNOON_DAY_HIGH_FADE_DTE4,26.03,1,65.16,HIGH,4,0,1,0,0,0,,,,
13:21:55,23260.45,23281.15,23186.55,MODERATE,23284.75,23116.1,0.856,RANGE,STRONG_SELL_PREMIUM,RANGE,PREMIUM_SELL_BEAR,AFTERNOON_DAY_HIGH_FADE_DTE4,26.03,1,65.13,HIGH,4,0,1,0,0,0,,,,
13:22:10,23261.2,23281.15,23186.55,MODERATE,23284.75,23116.1,0.860,RANGE,STRONG_SELL_PREMIUM,RANGE,PREMIUM_SELL_BEAR,AFTERNOON_DAY_HIGH_FADE_DTE4,26.03,1,65.09,HIGH,4,0,1,0,0,0,,,,
13:22:25,23260.2,23281.15,23186.55,MODERATE,23284.75,23116.1,0.854,RANGE,STRONG_SELL_PREMIUM,RANGE,PREMIUM_SELL_BEAR,AFTERNOON_DAY_HIGH_FADE_DTE4,26.03,1,65.06,HIGH,4,0,1,0,0,0,,,,
13:22:40,23258.2,23281.15,23186.55,MODERATE,23284.75,23116.1,0.843,RANGE,STRONG_SELL_PREMIUM,RANGE,PREMIUM_SELL_BEAR,AFTERNOON_DAY_HIGH_FADE_DTE4,26.03,1,65.03,HIGH,4,0,1,0,0,0,,,,
13:22:55,23258.75,23281.15,23186.55,MODERATE,23284.75,23116.1,0.846,RANGE,STRONG_SELL_PREMIUM,RANGE,PREMIUM_SELL_BEAR,AFTERNOON_DAY_HIGH_FADE_DTE4,26.03,1,64.99,HIGH,4,0,1,0,0,0,,,,
13:23:10,23259.25,23281.15,23186.55,MODERATE,23284.75,23116.1,0.849,RANGE,STRONG_SELL_PREMIUM,RANGE,PREMIUM_SELL_BEAR,AFTERNOON_DAY_HIGH_FADE_DTE4,25.64,1,64.96,HIGH,4,0,1,0,0,0,,,,
13:23:20,23260.95,23281.15,23186.55,MODERATE,23284.75,23116.1,0.859,RANGE,STRONG_SELL_PREMIUM,RANGE,PREMIUM_SELL_BEAR,AFTERNOON_DAY_HIGH_FADE_DTE4,25.64,1,64.94,HIGH,4,0,1,0,0,0,,,,
13:23:35,23258.25,23281.15,23186.55,MODERATE,23284.75,23116.1,0.843,RANGE,STRONG_SELL_PREMIUM,RANGE,PREMIUM_SELL_BEAR,AFTERNOON_DAY_HIGH_FADE_DTE4,25.64,1,64.91,HIGH,4,0,1,0,0,0,,,,
13:23:50,23257.3,23281.15,23186.55,MODERATE,23284.75,23116.1,0.837,RANGE,STRONG_SELL_PREMIUM,RANGE,PREMIUM_SELL_BEAR,AFTERNOON_DAY_HIGH_FADE_DTE4,25.64,1,64.88,HIGH,4,0,1,0,0,0,,,,
13:24:05,23250.9,23281.15,23186.55,MODERATE,23284.75,23116.1,0.799,RANGE,STRONG_SELL_PREMIUM,RANGE,PREMIUM_SELL_BEAR,AFTERNOON_DAY_HIGH_FADE_DTE4,24.35,1,64.84,HIGH,4,0,0,0,0,0,,,,
13:24:20,23247.85,23281.15,23186.55,MODERATE,23284.75,23116.1,0.781,RANGE,STRONG_SELL_PREMIUM,RANGE,PREMIUM_SELL_BEAR,AFTERNOON_DAY_HIGH_FADE_DTE4,24.35,1,64.81,HIGH,4,0,0,0,0,0,,,,
13:24:35,23247.6,23281.15,23186.55,MODERATE,23284.75,23116.1,0.780,RANGE,STRONG_SELL_PREMIUM,RANGE,PREMIUM_SELL_RANGE,RANGE_DTE4_WIDE_CONDOR_ADX_24,24.35,1,64.78,HIGH,4,0,0,0,0,0,,,,
13:24:50,23246.25,23281.15,23186.55,MODERATE,23284.75,23116.1,0.772,RANGE,STRONG_SELL_PREMIUM,RANGE,PREMIUM_SELL_RANGE,RANGE_DTE4_WIDE_CONDOR_ADX_24,24.35,1,64.75,HIGH,4,0,0,0,0,0,,,,
13:25:05,23244.6,23281.15,23186.55,MODERATE,23284.75,23116.1,0.762,RANGE,STRONG_SELL_PREMIUM,RANGE,PREMIUM_SELL_RANGE,RANGE_DTE4_WIDE_CONDOR_ADX_24,23.89,1,64.71,HIGH,4,0,0,0,0,0,,,,
13:25:20,23246.5,23281.15,23186.55,MODERATE,23284.75,23116.1,0.773,RANGE,STRONG_SELL_PREMIUM,RANGE,PREMIUM_SELL_RANGE,RANGE_DTE4_WIDE_CONDOR_ADX_24,23.89,1,64.68,HIGH,4,0,0,0,0,0,,,,
13:25:35,23244.6,23281.15,23186.55,MODERATE,23284.75,23116.1,0.762,RANGE,STRONG_SELL_PREMIUM,RANGE,PREMIUM_SELL_RANGE,RANGE_DTE4_WIDE_CONDOR_ADX_24,23.89,1,64.65,HIGH,4,0,0,0,0,0,,,,
13:25:50,23244.75,23281.15,23186.55,MODERATE,23284.75,23116.1,0.763,RANGE,STRONG_SELL_PREMIUM,RANGE,PREMIUM_SELL_RANGE,RANGE_DTE4_WIDE_CONDOR_ADX_24,23.89,1,64.62,HIGH,4,0,0,0,0,0,,,,
13:26:05,23244.85,23281.15,23186.55,MODERATE,23284.75,23116.1,0.763,RANGE,STRONG_SELL_PREMIUM,RANGE,PREMIUM_SELL_RANGE,RANGE_DTE4_WIDE_CONDOR_ADX_23,23.4,1,64.58,HIGH,4,0,0,0,0,0,,,,
13:26:20,23244.4,23281.15,23186.55,MODERATE,23284.75,23116.1,0.761,RANGE,STRONG_SELL_PREMIUM,RANGE,PREMIUM_SELL_RANGE,RANGE_DTE4_WIDE_CONDOR_ADX_23,23.4,1,64.55,HIGH,4,0,0,0,0,0,,,,
13:26:35,23243.55,23281.15,23186.55,MODERATE,23284.75,23116.1,0.756,RANGE,STRONG_SELL_PREMIUM,RANGE,PREMIUM_SELL_RANGE,RANGE_DTE4_WIDE_CONDOR_ADX_23,23.4,1,64.52,HIGH,4,0,0,0,0,0,,,,
13:26:50,23241.6,23281.15,23186.55,MODERATE,23284.75,23116.1,0.744,RANGE,STRONG_SELL_PREMIUM,RANGE,PREMIUM_SELL_RANGE,RANGE_DTE4_WIDE_CONDOR_ADX_23,23.4,1,64.49,HIGH,4,0,0,0,0,0,,,,
13:27:05,23242.15,23281.15,23186.55,MODERATE,23284.75,23116.1,0.747,RANGE,STRONG_SELL_PREMIUM,RANGE,PREMIUM_SELL_RANGE,RANGE_DTE4_WIDE_CONDOR_ADX_23,22.76,1,64.46,HIGH,4,0,0,0,0,0,,,,
13:27:20,23239.75,23281.15,23186.55,MODERATE,23284.75,23116.1,0.733,RANGE,STRONG_SELL_PREMIUM,RANGE,PREMIUM_SELL_RANGE,RANGE_DTE4_WIDE_CONDOR_ADX_23,22.76,1,64.42,HIGH,4,0,0,0,0,0,,,,
13:27:35,23239.1,23281.15,23186.55,MODERATE,23284.75,23116.1,0.729,RANGE,STRONG_SELL_PREMIUM,RANGE,PREMIUM_SELL_RANGE,RANGE_DTE4_WIDE_CONDOR_ADX_23,22.76,1,64.39,HIGH,4,0,0,0,0,0,,,,
13:27:50,23238.0,23281.15,23186.55,MODERATE,23284.75,23116.1,0.723,RANGE,STRONG_SELL_PREMIUM,RANGE,PREMIUM_SELL_RANGE,RANGE_DTE4_WIDE_CONDOR_ADX_23,22.76,1,64.36,HIGH,4,0,0,0,0,0,,,,
13:28:05,23236.1,23281.15,23186.55,MODERATE,23284.75,23116.1,0.712,RANGE,STRONG_SELL_PREMIUM,RANGE,PREMIUM_SELL_RANGE,RANGE_DTE4_WIDE_CONDOR_ADX_23,22.93,1,64.33,HIGH,4,0,0,0,0,0,,,,
13:28:20,23229.8,23281.15,23186.55,MODERATE,23284.75,23116.1,0.674,RANGE,STRONG_SELL_PREMIUM,RANGE,PREMIUM_SELL_RANGE,RANGE_DTE4_WIDE_CONDOR_ADX_23,22.93,1,64.3,HIGH,4,0,0,0,0,0,,,,
13:28:35,23230.95,23281.15,23186.55,MODERATE,23284.75,23116.1,0.681,RANGE,STRONG_SELL_PREMIUM,RANGE,PREMIUM_SELL_RANGE,RANGE_DTE4_WIDE_CONDOR_ADX_23,22.93,1,64.26,HIGH,4,0,0,0,0,0,,,,
13:28:50,23224.6,23281.15,23186.55,MODERATE,23284.75,23116.1,0.643,RANGE,STRONG_SELL_PREMIUM,RANGE,PREMIUM_SELL_RANGE,RANGE_DTE4_WIDE_CONDOR_ADX_23,22.93,1,64.23,HIGH,4,0,0,0,0,0,,,,
13:29:05,23224.75,23281.15,23186.55,MODERATE,23284.75,23116.1,0.644,RANGE,STRONG_SELL_PREMIUM,RANGE,PREMIUM_SELL_RANGE,RANGE_DTE4_WIDE_CONDOR_ADX_23,23.24,1,64.2,HIGH,4,0,0,0,0,0,,,,
13:29:20,23224.9,23281.15,23186.55,MODERATE,23284.75,23116.1,0.645,RANGE,STRONG_SELL_PREMIUM,RANGE,PREMIUM_SELL_RANGE,RANGE_DTE4_WIDE_CONDOR_ADX_23,23.24,1,64.17,HIGH,4,0,0,0,0,0,,,,
13:29:35,23224.15,23281.15,23186.55,MODERATE,23284.75,23116.1,0.641,RANGE,STRONG_SELL_PREMIUM,RANGE,PREMIUM_SELL_RANGE,RANGE_DTE4_WIDE_CONDOR_ADX_23,23.24,1,64.14,HIGH,4,0,0,0,0,0,,,,
13:29:50,23223.45,23281.15,23186.55,MODERATE,23284.75,23116.1,0.637,RANGE,STRONG_SELL_PREMIUM,RANGE,PREMIUM_SELL_RANGE,RANGE_DTE4_WIDE_CONDOR_ADX_23,23.24,1,64.11,HIGH,4,0,0,0,0,0,,,,
13:30:05,23220.95,23281.15,23186.55,MODERATE,23284.75,23116.1,0.622,RANGE,STRONG_SELL_PREMIUM,RANGE,PREMIUM_SELL_RANGE,RANGE_DTE4_WIDE_CONDOR_ADX_22,22.29,1,64.08,HIGH,4,0,0,0,0,0,,,,
13:30:20,23221.9,23281.15,23186.55,MODERATE,23284.75,23116.1,0.627,RANGE,STRONG_SELL_PREMIUM,RANGE,PREMIUM_SELL_RANGE,RANGE_DTE4_WIDE_CONDOR_ADX_22,22.29,1,64.04,HIGH,4,0,0,0,0,0,,,,
13:30:36,23222.0,23281.15,23186.55,MODERATE,23284.75,23116.1,0.628,RANGE,STRONG_SELL_PREMIUM,RANGE,PREMIUM_SELL_RANGE,RANGE_DTE4_WIDE_CONDOR_ADX_22,22.29,1,64.01,HIGH,4,0,0,0,0,0,,,,
13:30:51,23222.7,23281.15,23186.55,MODERATE,23284.75,23116.1,0.632,RANGE,STRONG_SELL_PREMIUM,RANGE,PREMIUM_SELL_RANGE,RANGE_DTE4_WIDE_CONDOR_ADX_22,22.29,1,63.98,HIGH,4,0,0,0,0,0,,,,
13:31:06,23224.45,23281.15,23186.55,MODERATE,23284.75,23116.1,0.642,RANGE,STRONG_SELL_PREMIUM,RANGE,PREMIUM_SELL_RANGE,RANGE_DTE4_WIDE_CONDOR_ADX_22,22.29,1,63.95,HIGH,4,0,0,0,0,0,,,,
13:31:21,23228.55,23281.15,23186.55,MODERATE,23284.75,23116.1,0.667,RANGE,STRONG_SELL_PREMIUM,RANGE,PREMIUM_SELL_RANGE,RANGE_DTE4_WIDE_CONDOR_ADX_22,22.29,1,63.92,HIGH,4,0,0,0,0,0,,,,
13:31:36,23232.55,23281.15,23186.55,MODERATE,23284.75,23116.1,0.690,RANGE,STRONG_SELL_PREMIUM,RANGE,PREMIUM_SELL_RANGE,RANGE_DTE4_WIDE_CONDOR_ADX_22,22.29,1,63.89,HIGH,4,0,0,0,0,0,,,,
13:31:51,23232.65,23281.15,23186.55,MODERATE,23284.75,23116.1,0.691,RANGE,STRONG_SELL_PREMIUM,RANGE,PREMIUM_SELL_RANGE,RANGE_DTE4_WIDE_CONDOR_ADX_22,22.29,1,63.85,HIGH,4,0,0,0,0,0,,,,
13:32:06,23232.3,23281.15,23186.55,MODERATE,23284.75,23116.1,0.689,RANGE,STRONG_SELL_PREMIUM,RANGE,PREMIUM_SELL_RANGE,RANGE_DTE4_WIDE_CONDOR_ADX_22,22.29,1,63.82,HIGH,4,0,0,0,0,0,,,,
13:32:21,23232.95,23281.15,23186.55,MODERATE,23284.75,23116.1,0.693,RANGE,STRONG_SELL_PREMIUM,RANGE,PREMIUM_SELL_RANGE,RANGE_DTE4_WIDE_CONDOR_ADX_22,22.29,1,63.79,HIGH,4,0,0,0,0,0,,,,
13:32:36,23233.45,23281.15,23186.55,MODERATE,23284.75,23116.1,0.696,RANGE,STRONG_SELL_PREMIUM,RANGE,PREMIUM_SELL_RANGE,RANGE_DTE4_WIDE_CONDOR_ADX_22,22.29,1,63.76,HIGH,4,0,0,0,0,0,,,,
13:32:51,23233.15,23281.15,23186.55,MODERATE,23284.75,23116.1,0.694,RANGE,STRONG_SELL_PREMIUM,RANGE,PREMIUM_SELL_RANGE,RANGE_DTE4_WIDE_CONDOR_ADX_22,22.29,1,63.73,HIGH,4,0,0,0,0,0,,,,
13:33:06,23232.35,23281.15,23186.55,MODERATE,23284.75,23116.1,0.689,RANGE,STRONG_SELL_PREMIUM,RANGE,PREMIUM_SELL_RANGE,RANGE_DTE4_WIDE_CONDOR_ADX_22,22.29,1,63.7,HIGH,4,0,0,0,0,0,,,,
13:33:21,23228.95,23281.15,23186.55,MODERATE,23284.75,23116.1,0.669,RANGE,STRONG_SELL_PREMIUM,RANGE,PREMIUM_SELL_RANGE,RANGE_DTE4_WIDE_CONDOR_ADX_22,22.29,1,63.67,HIGH,4,0,0,0,0,0,,,,
13:33:36,23228.1,23281.15,23186.55,MODERATE,23284.75,23116.1,0.664,RANGE,STRONG_SELL_PREMIUM,RANGE,PREMIUM_SELL_RANGE,RANGE_DTE4_WIDE_CONDOR_ADX_22,22.29,1,63.64,HIGH,4,0,0,0,0,0,,,,
13:33:51,23226.35,23281.15,23186.55,MODERATE,23284.75,23116.1,0.654,RANGE,STRONG_SELL_PREMIUM,RANGE,PREMIUM_SELL_RANGE,RANGE_DTE4_WIDE_CONDOR_ADX_22,22.29,1,63.61,HIGH,4,0,0,0,0,0,,,,
13:34:06,23224.05,23281.15,23186.55,MODERATE,23284.75,23116.1,0.640,RANGE,STRONG_SELL_PREMIUM,RANGE,PREMIUM_SELL_RANGE,RANGE_DTE4_WIDE_CONDOR_ADX_22,22.29,1,63.58,HIGH,4,0,0,0,0,0,,,,
13:34:21,23221.7,23281.15,23186.55,MODERATE,23284.75,23116.1,0.626,RANGE,STRONG_SELL_PREMIUM,RANGE,PREMIUM_SELL_RANGE,RANGE_DTE4_WIDE_CONDOR_ADX_22,22.29,1,63.55,HIGH,4,0,0,0,0,0,,,,
13:34:36,23224.5,23281.15,23186.55,MODERATE,23284.75,23116.1,0.643,RANGE,STRONG_SELL_PREMIUM,RANGE,PREMIUM_SELL_RANGE,RANGE_DTE4_WIDE_CONDOR_ADX_22,22.29,1,63.52,HIGH,4,0,0,0,0,0,,,,
13:34:51,23226.2,23281.15,23186.55,MODERATE,23284.75,23116.1,0.653,RANGE,STRONG_SELL_PREMIUM,RANGE,PREMIUM_SELL_RANGE,RANGE_DTE4_WIDE_CONDOR_ADX_22,22.29,1,63.48,HIGH,4,0,0,0,0,0,,,,
13:35:06,23228.0,23281.15,23186.55,MODERATE,23284.75,23116.1,0.664,RANGE,STRONG_SELL_PREMIUM,RANGE,PREMIUM_SELL_RANGE,RANGE_DTE4_WIDE_CONDOR_ADX_21,21.29,1,63.45,HIGH,4,0,0,0,0,0,,,,
13:35:21,23232.45,23281.15,23186.55,MODERATE,23284.75,23116.1,0.690,RANGE,STRONG_SELL_PREMIUM,RANGE,PREMIUM_SELL_RANGE,RANGE_DTE4_WIDE_CONDOR_ADX_21,21.29,1,63.42,HIGH,4,0,0,0,0,0,,,,
13:35:36,23234.0,23281.15,23186.55,MODERATE,23284.75,23116.1,0.699,RANGE,STRONG_SELL_PREMIUM,RANGE,PREMIUM_SELL_RANGE,RANGE_DTE4_WIDE_CONDOR_ADX_21,21.29,1,63.39,HIGH,4,0,0,0,0,0,,,,
13:35:51,23235.15,23281.15,23186.55,MODERATE,23284.75,23116.1,0.706,RANGE,STRONG_SELL_PREMIUM,RANGE,PREMIUM_SELL_RANGE,RANGE_DTE4_WIDE_CONDOR_ADX_21,21.29,1,63.36,HIGH,4,0,0,0,0,0,,,,
13:36:06,23235.2,23281.15,23186.55,MODERATE,23284.75,23116.1,0.706,RANGE,STRONG_SELL_PREMIUM,RANGE,PREMIUM_SELL_RANGE,RANGE_DTE4_WIDE_CONDOR_ADX_21,21.15,1,63.33,HIGH,4,0,0,0,0,0,,,,
13:36:22,23232.4,23281.15,23186.55,MODERATE,23284.75,23116.1,0.690,RANGE,STRONG_SELL_PREMIUM,RANGE,PREMIUM_SELL_RANGE,RANGE_DTE4_WIDE_CONDOR_ADX_21,21.15,1,63.3,HIGH,4,0,0,0,0,0,,,,
13:36:37,23228.05,23281.15,23186.55,MODERATE,23284.75,23116.1,0.664,RANGE,STRONG_SELL_PREMIUM,RANGE,PREMIUM_SELL_RANGE,RANGE_DTE4_WIDE_CONDOR_ADX_21,21.15,1,63.27,HIGH,4,0,0,0,0,0,,,,
13:36:51,23228.05,23281.15,23186.55,MODERATE,23284.75,23116.1,0.664,RANGE,STRONG_SELL_PREMIUM,RANGE,PREMIUM_SELL_RANGE,RANGE_DTE4_WIDE_CONDOR_ADX_21,21.15,1,63.24,HIGH,4,0,0,0,0,0,,,,
13:37:07,23229.05,23281.15,23186.55,MODERATE,23284.75,23116.1,0.670,RANGE,STRONG_SELL_PREMIUM,RANGE,PREMIUM_SELL_RANGE,RANGE_DTE4_WIDE_CONDOR_ADX_21,21.15,1,63.21,HIGH,4,0,0,0,0,0,,,,
13:37:22,23227.75,23281.15,23186.55,MODERATE,23284.75,23116.1,0.662,RANGE,STRONG_SELL_PREMIUM,RANGE,PREMIUM_SELL_RANGE,RANGE_DTE4_WIDE_CONDOR_ADX_21,21.15,1,63.18,HIGH,4,0,0,0,0,0,,,,
13:37:37,23226.7,23281.15,23186.55,MODERATE,23284.75,23116.1,0.656,RANGE,STRONG_SELL_PREMIUM,RANGE,PREMIUM_SELL_RANGE,RANGE_DTE4_WIDE_CONDOR_ADX_21,21.15,1,63.15,HIGH,4,0,0,0,0,0,,,,
13:37:52,23226.35,23281.15,23186.55,MODERATE,23284.75,23116.1,0.654,RANGE,STRONG_SELL_PREMIUM,RANGE,PREMIUM_SELL_RANGE,RANGE_DTE4_WIDE_CONDOR_ADX_21,21.15,1,63.12,HIGH,4,0,0,0,0,0,,,,
13:38:07,23226.6,23281.15,23186.55,MODERATE,23284.75,23116.1,0.655,RANGE,STRONG_SELL_PREMIUM,RANGE,PREMIUM_SELL_RANGE,RANGE_DTE4_WIDE_CONDOR_ADX_21,21.15,1,63.09,HIGH,4,0,0,0,0,0,,,,
13:38:22,23221.05,23281.15,23186.55,MODERATE,23284.75,23116.1,0.622,RANGE,STRONG_SELL_PREMIUM,RANGE,PREMIUM_SELL_RANGE,RANGE_DTE4_WIDE_CONDOR_ADX_21,21.15,1,63.06,HIGH,4,0,0,0,0,0,,,,
13:38:37,23224.1,23281.15,23186.55,MODERATE,23284.75,23116.1,0.640,RANGE,STRONG_SELL_PREMIUM,RANGE,PREMIUM_SELL_RANGE,RANGE_DTE4_WIDE_CONDOR_ADX_21,21.15,1,63.03,HIGH,4,0,0,0,0,0,,,,
13:38:52,23228.05,23281.15,23186.55,MODERATE,23284.75,23116.1,0.664,RANGE,STRONG_SELL_PREMIUM,RANGE,PREMIUM_SELL_RANGE,RANGE_DTE4_WIDE_CONDOR_ADX_21,21.15,1,63.0,HIGH,4,0,0,0,0,0,,,,
13:39:07,23228.05,23281.15,23186.55,MODERATE,23284.75,23116.1,0.664,RANGE,STRONG_SELL_PREMIUM,RANGE,PREMIUM_SELL_RANGE,RANGE_DTE4_WIDE_CONDOR_ADX_21,21.15,1,62.97,HIGH,4,0,0,0,0,0,,,,
13:39:22,23224.55,23281.15,23186.55,MODERATE,23284.75,23116.1,0.643,RANGE,STRONG_SELL_PREMIUM,RANGE,PREMIUM_SELL_RANGE,RANGE_DTE4_WIDE_CONDOR_ADX_21,21.15,1,62.94,HIGH,4,0,0,0,0,0,,,,
13:39:37,23221.75,23281.15,23186.55,MODERATE,23284.75,23116.1,0.626,RANGE,STRONG_SELL_PREMIUM,RANGE,PREMIUM_SELL_RANGE,RANGE_DTE4_WIDE_CONDOR_ADX_21,21.15,1,62.91,HIGH,4,0,0,0,0,0,,,,
13:39:52,23221.35,23281.15,23186.55,MODERATE,23284.75,23116.1,0.624,RANGE,STRONG_SELL_PREMIUM,RANGE,PREMIUM_SELL_RANGE,RANGE_DTE4_WIDE_CONDOR_ADX_21,21.15,1,62.88,HIGH,4,0,0,0,0,0,,,,
13:40:07,23222.45,23281.15,23186.55,MODERATE,23284.75,23116.1,0.631,RANGE,STRONG_SELL_PREMIUM,RANGE,PREMIUM_SELL_RANGE,RANGE_DTE4_WIDE_CONDOR_ADX_21,20.7,1,62.85,HIGH,4,0,0,0,0,0,,,,
13:40:22,23218.7,23281.15,23186.55,MODERATE,23284.75,23116.1,0.608,RANGE,STRONG_SELL_PREMIUM,RANGE,PREMIUM_SELL_RANGE,RANGE_DTE4_WIDE_CONDOR_ADX_21,20.7,1,62.82,HIGH,4,0,0,0,0,0,,,,
13:40:37,23218.25,23281.15,23186.55,MODERATE,23284.75,23116.1,0.606,RANGE,STRONG_SELL_PREMIUM,RANGE,PREMIUM_SELL_RANGE,RANGE_DTE4_WIDE_CONDOR_ADX_21,20.7,1,62.79,HIGH,4,0,0,0,0,0,,,,
13:40:52,23216.95,23281.15,23186.55,MODERATE,23284.75,23116.1,0.598,RANGE,STRONG_SELL_PREMIUM,RANGE,PREMIUM_SELL_RANGE,RANGE_DTE4_WIDE_CONDOR_ADX_21,20.7,1,62.76,HIGH,4,0,0,0,0,0,,,,
13:41:07,23219.8,23281.15,23186.55,MODERATE,23284.75,23116.1,0.615,RANGE,STRONG_SELL_PREMIUM,RANGE,PREMIUM_SELL_RANGE,RANGE_DTE4_WIDE_CONDOR_ADX_21,20.7,1,62.73,HIGH,4,0,0,0,0,0,,,,
13:41:22,23220.85,23281.15,23186.55,MODERATE,23284.75,23116.1,0.621,RANGE,STRONG_SELL_PREMIUM,RANGE,PREMIUM_SELL_RANGE,RANGE_DTE4_WIDE_CONDOR_ADX_21,20.7,1,62.7,HIGH,4,0,0,0,0,0,,,,
13:41:37,23220.85,23281.15,23186.55,MODERATE,23284.75,23116.1,0.621,RANGE,STRONG_SELL_PREMIUM,RANGE,PREMIUM_SELL_RANGE,RANGE_DTE4_WIDE_CONDOR_ADX_21,20.7,1,62.67,HIGH,4,0,0,0,0,0,,,,
13:41:52,23219.85,23281.15,23186.55,MODERATE,23284.75,23116.1,0.615,RANGE,STRONG_SELL_PREMIUM,RANGE,PREMIUM_SELL_RANGE,RANGE_DTE4_WIDE_CONDOR_ADX_21,20.7,1,62.64,HIGH,4,0,0,0,0,0,,,,
13:42:07,23224.4,23281.15,23186.55,MODERATE,23284.75,23116.1,0.642,RANGE,STRONG_SELL_PREMIUM,RANGE,PREMIUM_SELL_RANGE,RANGE_DTE4_WIDE_CONDOR_ADX_21,20.7,1,62.62,HIGH,4,0,0,0,0,0,,,,
13:42:22,23222.65,23281.15,23186.55,MODERATE,23284.75,23116.1,0.632,RANGE,STRONG_SELL_PREMIUM,RANGE,PREMIUM_SELL_RANGE,RANGE_DTE4_WIDE_CONDOR_ADX_21,20.7,1,62.59,HIGH,4,0,0,0,0,0,,,,
13:42:37,23220.4,23281.15,23186.55,MODERATE,23284.75,23116.1,0.618,RANGE,STRONG_SELL_PREMIUM,RANGE,PREMIUM_SELL_RANGE,RANGE_DTE4_WIDE_CONDOR_ADX_21,20.7,1,62.56,HIGH,4,0,0,0,0,0,,,,
13:42:52,23220.8,23281.15,23186.55,MODERATE,23284.75,23116.1,0.621,RANGE,STRONG_SELL_PREMIUM,RANGE,PREMIUM_SELL_RANGE,RANGE_DTE4_WIDE_CONDOR_ADX_21,20.7,1,62.53,HIGH,4,0,0,0,0,0,,,,
13:43:07,23219.75,23281.15,23186.55,MODERATE,23284.75,23116.1,0.615,RANGE,STRONG_SELL_PREMIUM,RANGE,PREMIUM_SELL_RANGE,RANGE_DTE4_WIDE_CONDOR_ADX_21,20.7,1,62.5,HIGH,4,0,0,0,0,0,,,,
13:43:22,23220.9,23281.15,23186.55,MODERATE,23284.75,23116.1,0.621,RANGE,STRONG_SELL_PREMIUM,RANGE,PREMIUM_SELL_RANGE,RANGE_DTE4_WIDE_CONDOR_ADX_21,20.7,1,62.47,HIGH,4,0,0,0,0,0,,,,
13:43:37,23218.55,23281.15,23186.55,MODERATE,23284.75,23116.1,0.607,RANGE,STRONG_SELL_PREMIUM,RANGE,PREMIUM_SELL_RANGE,RANGE_DTE4_WIDE_CONDOR_ADX_21,20.7,1,62.44,HIGH,4,0,0,0,0,0,,,,
13:43:52,23216.3,23281.15,23186.55,MODERATE,23284.75,23116.1,0.594,RANGE,STRONG_SELL_PREMIUM,RANGE,PREMIUM_SELL_RANGE,RANGE_DTE4_WIDE_CONDOR_ADX_21,20.7,1,62.41,HIGH,4,0,0,0,0,0,,,,
13:44:07,23216.15,23281.15,23186.55,MODERATE,23284.75,23116.1,0.593,RANGE,STRONG_SELL_PREMIUM,RANGE,PREMIUM_SELL_RANGE,RANGE_DTE4_WIDE_CONDOR_ADX_21,21.26,1,62.38,HIGH,4,0,0,0,0,0,,,,
13:44:22,23216.0,23281.15,23186.55,MODERATE,23284.75,23116.1,0.592,RANGE,STRONG_SELL_PREMIUM,RANGE,PREMIUM_SELL_RANGE,RANGE_DTE4_WIDE_CONDOR_ADX_21,21.26,1,62.35,HIGH,4,0,0,0,0,0,,,,
13:44:38,23213.95,23281.15,23186.55,MODERATE,23284.75,23116.1,0.580,RANGE,STRONG_SELL_PREMIUM,RANGE,PREMIUM_SELL_RANGE,RANGE_DTE4_WIDE_CONDOR_ADX_21,21.26,1,62.32,HIGH,4,0,0,0,0,0,,,,
13:44:53,23212.15,23281.15,23186.55,MODERATE,23284.75,23116.1,0.570,RANGE,STRONG_SELL_PREMIUM,RANGE,PREMIUM_SELL_RANGE,RANGE_DTE4_WIDE_CONDOR_ADX_21,21.26,1,62.29,HIGH,4,0,0,0,0,0,,,,
13:45:08,23213.25,23281.15,23186.55,MODERATE,23284.75,23116.1,0.576,RANGE,STRONG_SELL_PREMIUM,RANGE,PREMIUM_SELL_RANGE,RANGE_DTE4_WIDE_CONDOR_ADX_21,21.25,1,62.27,HIGH,4,0,0,0,0,0,,,,
13:45:23,23221.1,23281.15,23186.55,MODERATE,23284.75,23116.1,0.623,RANGE,STRONG_SELL_PREMIUM,RANGE,PREMIUM_SELL_RANGE,RANGE_DTE4_WIDE_CONDOR_ADX_21,21.25,1,62.24,HIGH,4,0,0,0,0,0,,,,
13:45:38,23224.05,23281.15,23186.55,MODERATE,23284.75,23116.1,0.640,RANGE,STRONG_SELL_PREMIUM,RANGE,PREMIUM_SELL_RANGE,RANGE_DTE4_WIDE_CONDOR_ADX_21,21.25,1,62.21,HIGH,4,0,0,0,0,0,,,,
13:45:53,23223.4,23281.15,23186.55,MODERATE,23284.75,23116.1,0.636,RANGE,STRONG_SELL_PREMIUM,RANGE,PREMIUM_SELL_RANGE,RANGE_DTE4_WIDE_CONDOR_ADX_21,21.25,1,62.18,HIGH,4,0,0,0,0,0,,,,
13:46:08,23221.6,23281.15,23186.55,MODERATE,23284.75,23116.1,0.626,RANGE,STRONG_SELL_PREMIUM,RANGE,PREMIUM_SELL_RANGE,RANGE_DTE4_WIDE_CONDOR_ADX_21,21.25,1,62.15,HIGH,4,0,0,0,0,0,,,,
13:46:23,23217.8,23281.15,23186.55,MODERATE,23284.75,23116.1,0.603,RANGE,STRONG_SELL_PREMIUM,RANGE,PREMIUM_SELL_RANGE,RANGE_DTE4_WIDE_CONDOR_ADX_21,21.25,1,62.12,HIGH,4,0,0,0,0,0,,,,
13:46:38,23217.15,23281.15,23186.55,MODERATE,23284.75,23116.1,0.599,RANGE,STRONG_SELL_PREMIUM,RANGE,PREMIUM_SELL_RANGE,RANGE_DTE4_WIDE_CONDOR_ADX_21,21.25,1,62.09,HIGH,4,0,0,0,0,0,,,,
13:46:53,23219.0,23281.15,23186.55,MODERATE,23284.75,23116.1,0.610,RANGE,STRONG_SELL_PREMIUM,RANGE,PREMIUM_SELL_RANGE,RANGE_DTE4_WIDE_CONDOR_ADX_21,21.25,1,62.07,HIGH,4,0,0,0,0,0,,,,
13:47:08,23218.85,23281.15,23186.55,MODERATE,23284.75,23116.1,0.609,RANGE,STRONG_SELL_PREMIUM,RANGE,PREMIUM_SELL_RANGE,RANGE_DTE4_WIDE_CONDOR_ADX_21,21.25,1,62.04,HIGH,4,0,0,0,0,0,,,,
13:47:23,23219.75,23281.15,23186.55,MODERATE,23284.75,23116.1,0.615,RANGE,STRONG_SELL_PREMIUM,RANGE,PREMIUM_SELL_RANGE,RANGE_DTE4_WIDE_CONDOR_ADX_21,21.25,1,62.01,HIGH,4,0,0,0,0,0,,,,
13:47:38,23219.75,23281.15,23186.55,MODERATE,23284.75,23116.1,0.615,RANGE,STRONG_SELL_PREMIUM,RANGE,PREMIUM_SELL_RANGE,RANGE_DTE4_WIDE_CONDOR_ADX_21,21.25,1,61.98,HIGH,4,0,0,0,0,0,,,,
13:47:53,23223.0,23281.15,23186.55,MODERATE,23284.75,23116.1,0.634,RANGE,STRONG_SELL_PREMIUM,RANGE,PREMIUM_SELL_RANGE,RANGE_DTE4_WIDE_CONDOR_ADX_21,21.25,1,61.95,HIGH,4,0,0,0,0,0,,,,
13:48:08,23224.95,23281.15,23186.55,MODERATE,23284.75,23116.1,0.645,RANGE,STRONG_SELL_PREMIUM,RANGE,PREMIUM_SELL_RANGE,RANGE_DTE4_WIDE_CONDOR_ADX_21,20.56,1,61.92,HIGH,4,0,0,0,0,0,,,,
13:48:23,23226.2,23281.15,23186.55,MODERATE,23284.75,23116.1,0.653,RANGE,STRONG_SELL_PREMIUM,RANGE,PREMIUM_SELL_RANGE,RANGE_DTE4_WIDE_CONDOR_ADX_21,20.56,1,61.89,HIGH,4,0,0,0,0,0,,,,
13:48:38,23226.9,23281.15,23186.55,MODERATE,23284.75,23116.1,0.657,RANGE,STRONG_SELL_PREMIUM,RANGE,PREMIUM_SELL_RANGE,RANGE_DTE4_WIDE_CONDOR_ADX_21,20.56,1,61.87,HIGH,4,0,0,0,0,0,,,,
13:48:53,23225.55,23281.15,23186.55,MODERATE,23284.75,23116.1,0.649,RANGE,STRONG_SELL_PREMIUM,RANGE,PREMIUM_SELL_RANGE,RANGE_DTE4_WIDE_CONDOR_ADX_21,20.56,1,61.84,HIGH,4,0,0,0,0,0,,,,
13:49:08,23222.2,23281.15,23186.55,MODERATE,23284.75,23116.1,0.629,RANGE,STRONG_SELL_PREMIUM,RANGE,PREMIUM_SELL_RANGE,RANGE_DTE4_WIDE_CONDOR_ADX_21,20.56,1,61.81,HIGH,4,0,0,0,0,0,,,,
13:49:23,23219.5,23281.15,23186.55,MODERATE,23284.75,23116.1,0.613,RANGE,STRONG_SELL_PREMIUM,RANGE,PREMIUM_SELL_RANGE,RANGE_DTE4_WIDE_CONDOR_ADX_21,20.56,1,61.78,HIGH,4,0,0,0,0,0,,,,
13:49:38,23218.25,23281.15,23186.55,MODERATE,23284.75,23116.1,0.606,RANGE,STRONG_SELL_PREMIUM,RANGE,PREMIUM_SELL_RANGE,RANGE_DTE4_WIDE_CONDOR_ADX_21,20.56,1,61.75,HIGH,4,0,0,0,0,0,,,,
13:49:53,23218.25,23281.15,23186.55,MODERATE,23284.75,23116.1,0.606,RANGE,STRONG_SELL_PREMIUM,RANGE,PREMIUM_SELL_RANGE,RANGE_DTE4_WIDE_CONDOR_ADX_21,20.56,1,61.72,HIGH,4,0,0,0,0,0,,,,
13:50:08,23217.0,23281.15,23186.55,MODERATE,23284.75,23116.1,0.598,RANGE,STRONG_SELL_PREMIUM,RANGE,PREMIUM_SELL_RANGE,RANGE_DTE4_NEW_CYCLE_STRONG_SELL_CONTAINED_OR,19.92,1,61.7,HIGH,4,0,0,0,0,0,,,,
13:50:23,23216.25,23281.15,23186.55,MODERATE,23284.75,23116.1,0.594,RANGE,STRONG_SELL_PREMIUM,RANGE,PREMIUM_SELL_RANGE,RANGE_DTE4_NEW_CYCLE_STRONG_SELL_CONTAINED_OR,19.92,1,61.67,HIGH,4,0,0,0,0,0,,,,
13:50:38,23218.1,23281.15,23186.55,MODERATE,23284.75,23116.1,0.605,RANGE,STRONG_SELL_PREMIUM,RANGE,PREMIUM_SELL_RANGE,RANGE_DTE4_NEW_CYCLE_STRONG_SELL_CONTAINED_OR,19.92,1,61.64,HIGH,4,0,0,0,0,0,,,,
13:50:53,23217.75,23281.15,23186.55,MODERATE,23284.75,23116.1,0.603,RANGE,STRONG_SELL_PREMIUM,RANGE,PREMIUM_SELL_RANGE,RANGE_DTE4_NEW_CYCLE_STRONG_SELL_CONTAINED_OR,19.92,1,61.61,HIGH,4,0,0,0,0,0,,,,
13:51:08,23218.75,23281.15,23186.55,MODERATE,23284.75,23116.1,0.609,RANGE,STRONG_SELL_PREMIUM,RANGE,PREMIUM_SELL_RANGE,RANGE_DTE4_NEW_CYCLE_STRONG_SELL_CONTAINED_OR,19.92,1,61.58,HIGH,4,0,0,0,0,0,,,,
13:51:23,23218.0,23281.15,23186.55,MODERATE,23284.75,23116.1,0.604,RANGE,STRONG_SELL_PREMIUM,RANGE,PREMIUM_SELL_RANGE,RANGE_DTE4_NEW_CYCLE_STRONG_SELL_CONTAINED_OR,19.92,1,61.56,HIGH,4,0,0,0,0,0,,,,
13:51:38,23217.0,23281.15,23186.55,MODERATE,23284.75,23116.1,0.598,RANGE,STRONG_SELL_PREMIUM,RANGE,PREMIUM_SELL_RANGE,RANGE_DTE4_NEW_CYCLE_STRONG_SELL_CONTAINED_OR,19.92,1,61.53,HIGH,4,0,0,0,0,0,,,,
13:51:53,23218.8,23281.15,23186.55,MODERATE,23284.75,23116.1,0.609,RANGE,STRONG_SELL_PREMIUM,RANGE,PREMIUM_SELL_RANGE,RANGE_DTE4_NEW_CYCLE_STRONG_SELL_CONTAINED_OR,19.92,1,61.5,HIGH,4,0,0,0,0,0,,,,
13:52:08,23220.35,23281.15,23186.55,MODERATE,23284.75,23116.1,0.618,RANGE,STRONG_SELL_PREMIUM,RANGE,PREMIUM_SELL_RANGE,RANGE_DTE4_NEW_CYCLE_STRONG_SELL_CONTAINED_OR,19.92,1,61.47,HIGH,4,0,0,0,0,0,,,,
13:52:23,23220.3,23281.15,23186.55,MODERATE,23284.75,23116.1,0.618,RANGE,STRONG_SELL_PREMIUM,RANGE,PREMIUM_SELL_RANGE,RANGE_DTE4_NEW_CYCLE_STRONG_SELL_CONTAINED_OR,19.92,1,61.45,HIGH,4,0,0,0,0,0,,,,
13:52:38,23219.8,23281.15,23186.55,MODERATE,23284.75,23116.1,0.615,RANGE,STRONG_SELL_PREMIUM,RANGE,PREMIUM_SELL_RANGE,RANGE_DTE4_NEW_CYCLE_STRONG_SELL_CONTAINED_OR,19.92,1,61.42,HIGH,4,0,0,0,0,0,,,,
13:52:53,23216.75,23281.15,23186.55,MODERATE,23284.75,23116.1,0.597,RANGE,STRONG_SELL_PREMIUM,RANGE,PREMIUM_SELL_RANGE,RANGE_DTE4_NEW_CYCLE_STRONG_SELL_CONTAINED_OR,19.92,1,61.39,HIGH,4,0,0,0,0,0,,,,
13:53:08,23217.3,23281.15,23186.55,MODERATE,23284.75,23116.1,0.600,RANGE,STRONG_SELL_PREMIUM,RANGE,PREMIUM_SELL_RANGE,RANGE_DTE4_NEW_CYCLE_STRONG_SELL_CONTAINED_OR,19.92,1,61.36,HIGH,4,0,0,0,0,0,,,,
13:53:23,23218.9,23281.15,23186.55,MODERATE,23284.75,23116.1,0.610,RANGE,STRONG_SELL_PREMIUM,RANGE,PREMIUM_SELL_RANGE,RANGE_DTE4_NEW_CYCLE_STRONG_SELL_CONTAINED_OR,19.92,1,61.34,HIGH,4,0,0,0,0,0,,,,
13:53:38,23221.0,23281.15,23186.55,MODERATE,23284.75,23116.1,0.622,RANGE,STRONG_SELL_PREMIUM,RANGE,PREMIUM_SELL_RANGE,RANGE_DTE4_NEW_CYCLE_STRONG_SELL_CONTAINED_OR,19.92,1,61.31,HIGH,4,0,0,0,0,0,,,,
13:53:53,23221.85,23281.15,23186.55,MODERATE,23284.75,23116.1,0.627,RANGE,STRONG_SELL_PREMIUM,RANGE,PREMIUM_SELL_RANGE,RANGE_DTE4_NEW_CYCLE_STRONG_SELL_CONTAINED_OR,19.92,1,61.28,HIGH,4,0,0,0,0,0,,,,
13:54:08,23222.85,23281.15,23186.55,MODERATE,23284.75,23116.1,0.633,RANGE,STRONG_SELL_PREMIUM,RANGE,PREMIUM_SELL_RANGE,RANGE_DTE4_NEW_CYCLE_STRONG_SELL_CONTAINED_OR,19.92,1,61.25,HIGH,4,0,0,0,0,0,,,,
13:54:23,23224.45,23281.15,23186.55,MODERATE,23284.75,23116.1,0.642,RANGE,STRONG_SELL_PREMIUM,RANGE,PREMIUM_SELL_RANGE,RANGE_DTE4_NEW_CYCLE_STRONG_SELL_CONTAINED_OR,19.92,1,61.23,HIGH,4,0,0,0,0,0,,,,
13:54:38,23224.75,23281.15,23186.55,MODERATE,23284.75,23116.1,0.644,RANGE,STRONG_SELL_PREMIUM,RANGE,PREMIUM_SELL_RANGE,RANGE_DTE4_NEW_CYCLE_STRONG_SELL_CONTAINED_OR,19.92,1,61.2,HIGH,4,0,0,0,0,0,,,,
13:54:53,23224.95,23281.15,23186.55,MODERATE,23284.75,23116.1,0.645,RANGE,STRONG_SELL_PREMIUM,RANGE,PREMIUM_SELL_RANGE,RANGE_DTE4_NEW_CYCLE_STRONG_SELL_CONTAINED_OR,19.92,1,61.17,HIGH,4,0,0,0,0,0,,,,
13:55:08,23223.95,23281.15,23186.55,MODERATE,23284.75,23116.1,0.639,RANGE,STRONG_SELL_PREMIUM,RANGE,PREMIUM_SELL_RANGE,RANGE_DTE4_NEW_CYCLE_STRONG_SELL_CONTAINED_OR,19.35,1,61.14,HIGH,4,0,0,0,0,0,,,,
13:55:23,23223.65,23281.15,23186.55,MODERATE,23284.75,23116.1,0.638,RANGE,STRONG_SELL_PREMIUM,RANGE,PREMIUM_SELL_RANGE,RANGE_DTE4_NEW_CYCLE_STRONG_SELL_CONTAINED_OR,19.35,1,61.12,HIGH,4,0,0,0,0,0,,,,
13:55:38,23220.7,23281.15,23186.55,MODERATE,23284.75,23116.1,0.620,RANGE,STRONG_SELL_PREMIUM,RANGE,PREMIUM_SELL_RANGE,RANGE_DTE4_NEW_CYCLE_STRONG_SELL_CONTAINED_OR,19.35,1,61.09,HIGH,4,0,0,0,0,0,,,,
13:55:53,23221.5,23281.15,23186.55,MODERATE,23284.75,23116.1,0.625,RANGE,STRONG_SELL_PREMIUM,RANGE,PREMIUM_SELL_RANGE,RANGE_DTE4_NEW_CYCLE_STRONG_SELL_CONTAINED_OR,19.35,1,61.06,HIGH,4,0,0,0,0,0,,,,
13:56:08,23222.0,23281.15,23186.55,MODERATE,23284.75,23116.1,0.628,RANGE,STRONG_SELL_PREMIUM,RANGE,PREMIUM_SELL_RANGE,RANGE_DTE4_NEW_CYCLE_STRONG_SELL_CONTAINED_OR,19.35,1,61.03,HIGH,4,0,0,0,0,0,,,,
13:56:24,23223.6,23281.15,23186.55,MODERATE,23284.75,23116.1,0.637,RANGE,STRONG_SELL_PREMIUM,RANGE,PREMIUM_SELL_RANGE,RANGE_DTE4_NEW_CYCLE_STRONG_SELL_CONTAINED_OR,19.35,1,61.01,HIGH,4,0,0,0,0,0,,,,
13:56:39,23224.35,23281.15,23186.55,MODERATE,23284.75,23116.1,0.642,RANGE,STRONG_SELL_PREMIUM,RANGE,PREMIUM_SELL_RANGE,RANGE_DTE4_NEW_CYCLE_STRONG_SELL_CONTAINED_OR,19.35,1,60.98,HIGH,4,0,0,0,0,0,,,,
13:56:54,23223.75,23281.15,23186.55,MODERATE,23284.75,23116.1,0.638,RANGE,STRONG_SELL_PREMIUM,RANGE,PREMIUM_SELL_RANGE,RANGE_DTE4_NEW_CYCLE_STRONG_SELL_CONTAINED_OR,19.35,1,60.95,HIGH,4,0,0,0,0,0,,,,
13:57:09,23223.15,23281.15,23186.55,MODERATE,23284.75,23116.1,0.635,RANGE,STRONG_SELL_PREMIUM,RANGE,PREMIUM_SELL_RANGE,RANGE_DTE4_NEW_CYCLE_STRONG_SELL_CONTAINED_OR,19.35,1,60.93,HIGH,4,0,0,0,0,0,,,,
13:57:24,23223.8,23281.15,23186.55,MODERATE,23284.75,23116.1,0.639,RANGE,STRONG_SELL_PREMIUM,RANGE,PREMIUM_SELL_RANGE,RANGE_DTE4_NEW_CYCLE_STRONG_SELL_CONTAINED_OR,19.35,1,60.9,HIGH,4,0,0,0,0,0,,,,
13:57:39,23221.7,23281.15,23186.55,MODERATE,23284.75,23116.1,0.626,RANGE,STRONG_SELL_PREMIUM,RANGE,PREMIUM_SELL_RANGE,RANGE_DTE4_NEW_CYCLE_STRONG_SELL_CONTAINED_OR,19.35,1,60.87,HIGH,4,0,0,0,0,0,,,,
13:57:54,23222.3,23281.15,23186.55,MODERATE,23284.75,23116.1,0.630,RANGE,STRONG_SELL_PREMIUM,RANGE,PREMIUM_SELL_RANGE,RANGE_DTE4_NEW_CYCLE_STRONG_SELL_CONTAINED_OR,19.35,1,60.84,HIGH,4,0,0,0,0,0,,,,
13:58:09,23221.5,23281.15,23186.55,MODERATE,23284.75,23116.1,0.625,RANGE,STRONG_SELL_PREMIUM,RANGE,PREMIUM_SELL_RANGE,RANGE_DTE4_NEW_CYCLE_STRONG_SELL_CONTAINED_OR,19.35,1,60.82,HIGH,4,0,0,0,0,0,,,,
13:58:24,23220.65,23281.15,23186.55,MODERATE,23284.75,23116.1,0.620,RANGE,STRONG_SELL_PREMIUM,RANGE,PREMIUM_SELL_RANGE,RANGE_DTE4_NEW_CYCLE_STRONG_SELL_CONTAINED_OR,19.35,1,60.79,HIGH,4,0,0,0,0,0,,,,
13:58:39,23220.15,23281.15,23186.55,MODERATE,23284.75,23116.1,0.617,RANGE,STRONG_SELL_PREMIUM,RANGE,PREMIUM_SELL_RANGE,RANGE_DTE4_NEW_CYCLE_STRONG_SELL_CONTAINED_OR,19.35,1,60.76,HIGH,4,0,0,0,0,0,,,,
13:58:54,23220.1,23281.15,23186.55,MODERATE,23284.75,23116.1,0.617,RANGE,STRONG_SELL_PREMIUM,RANGE,PREMIUM_SELL_RANGE,RANGE_DTE4_NEW_CYCLE_STRONG_SELL_CONTAINED_OR,19.35,1,60.74,HIGH,4,0,0,0,0,0,,,,
13:59:09,23217.75,23281.15,23186.55,MODERATE,23284.75,23116.1,0.603,RANGE,STRONG_SELL_PREMIUM,RANGE,PREMIUM_SELL_RANGE,RANGE_DTE4_NEW_CYCLE_STRONG_SELL_CONTAINED_OR,19.35,1,60.71,HIGH,4,0,0,0,0,0,,,,
13:59:24,23218.95,23281.15,23186.55,MODERATE,23284.75,23116.1,0.610,RANGE,STRONG_SELL_PREMIUM,RANGE,PREMIUM_SELL_RANGE,RANGE_DTE4_NEW_CYCLE_STRONG_SELL_CONTAINED_OR,19.35,1,60.68,HIGH,4,0,0,0,0,0,,,,
13:59:39,23219.0,23281.15,23186.55,MODERATE,23284.75,23116.1,0.610,RANGE,STRONG_SELL_PREMIUM,RANGE,PREMIUM_SELL_RANGE,RANGE_DTE4_NEW_CYCLE_STRONG_SELL_CONTAINED_OR,19.35,1,60.66,HIGH,4,0,0,0,0,0,,,,
13:59:54,23219.5,23281.15,23186.55,MODERATE,23284.75,23116.1,0.613,RANGE,STRONG_SELL_PREMIUM,RANGE,PREMIUM_SELL_RANGE,RANGE_DTE4_NEW_CYCLE_STRONG_SELL_CONTAINED_OR,19.35,1,60.63,HIGH,4,0,0,0,0,0,,,,
14:00:09,23221.6,23281.15,23186.55,MODERATE,23284.75,23116.1,0.626,RANGE,STRONG_SELL_PREMIUM,RANGE,PREMIUM_SELL_RANGE,RANGE_DTE4_NEW_CYCLE_STRONG_SELL_CONTAINED_OR,18.45,1,60.6,HIGH,4,0,0,0,0,0,,,,
14:00:24,23225.85,23281.15,23186.55,MODERATE,23284.75,23116.1,0.651,RANGE,STRONG_SELL_PREMIUM,RANGE,PREMIUM_SELL_RANGE,RANGE_DTE4_NEW_CYCLE_STRONG_SELL_CONTAINED_OR,18.45,1,60.58,HIGH,4,0,0,0,0,0,,,,
14:00:39,23224.85,23281.15,23186.55,MODERATE,23284.75,23116.1,0.645,RANGE,STRONG_SELL_PREMIUM,RANGE,PREMIUM_SELL_RANGE,RANGE_DTE4_NEW_CYCLE_STRONG_SELL_CONTAINED_OR,18.45,1,60.55,HIGH,4,0,0,0,0,0,,,,
14:00:54,23225.45,23281.15,23186.55,MODERATE,23284.75,23116.1,0.648,RANGE,STRONG_SELL_PREMIUM,RANGE,PREMIUM_SELL_RANGE,RANGE_DTE4_NEW_CYCLE_STRONG_SELL_CONTAINED_OR,18.45,1,60.52,HIGH,4,0,0,0,0,0,,,,
14:01:10,23226.6,23281.15,23186.55,MODERATE,23284.75,23116.1,0.655,RANGE,STRONG_SELL_PREMIUM,RANGE,PREMIUM_SELL_RANGE,RANGE_DTE4_NEW_CYCLE_STRONG_SELL_CONTAINED_OR,17.44,1,60.5,HIGH,4,0,0,0,0,0,,,,
14:01:25,23227.95,23281.15,23186.55,MODERATE,23284.75,23116.1,0.663,RANGE,STRONG_SELL_PREMIUM,RANGE,PREMIUM_SELL_RANGE,RANGE_DTE4_NEW_CYCLE_STRONG_SELL_CONTAINED_OR,17.44,1,60.47,HIGH,4,0,0,0,0,0,,,,
14:01:40,23227.85,23281.15,23186.55,MODERATE,23284.75,23116.1,0.663,RANGE,STRONG_SELL_PREMIUM,RANGE,PREMIUM_SELL_RANGE,RANGE_DTE4_NEW_CYCLE_STRONG_SELL_CONTAINED_OR,17.44,1,60.44,HIGH,4,0,0,0,0,0,,,,
14:01:55,23230.95,23281.15,23186.55,MODERATE,23284.75,23116.1,0.681,RANGE,STRONG_SELL_PREMIUM,RANGE,PREMIUM_SELL_RANGE,RANGE_DTE4_NEW_CYCLE_STRONG_SELL_CONTAINED_OR,17.44,1,60.42,HIGH,4,0,0,0,0,0,,,,
14:02:10,23232.65,23281.15,23186.55,MODERATE,23284.75,23116.1,0.691,RANGE,STRONG_SELL_PREMIUM,RANGE,PREMIUM_SELL_RANGE,RANGE_DTE4_NEW_CYCLE_STRONG_SELL_CONTAINED_OR,17.66,1,60.39,HIGH,4,0,0,0,0,0,,,,
14:02:25,23232.6,23281.15,23186.55,MODERATE,23284.75,23116.1,0.691,RANGE,STRONG_SELL_PREMIUM,RANGE,PREMIUM_SELL_RANGE,RANGE_DTE4_NEW_CYCLE_STRONG_SELL_CONTAINED_OR,17.66,1,60.36,HIGH,4,0,0,0,0,0,,,,
14:02:40,23229.8,23281.15,23186.55,MODERATE,23284.75,23116.1,0.674,RANGE,STRONG_SELL_PREMIUM,RANGE,PREMIUM_SELL_RANGE,RANGE_DTE4_NEW_CYCLE_STRONG_SELL_CONTAINED_OR,17.66,1,60.34,HIGH,4,0,0,0,0,0,,,,
14:02:55,23230.4,23281.15,23186.55,MODERATE,23284.75,23116.1,0.678,RANGE,STRONG_SELL_PREMIUM,RANGE,PREMIUM_SELL_RANGE,RANGE_DTE4_NEW_CYCLE_STRONG_SELL_CONTAINED_OR,17.66,1,60.31,HIGH,4,0,0,0,0,0,,,,
14:03:10,23232.0,23281.15,23186.55,MODERATE,23284.75,23116.1,0.687,RANGE,STRONG_SELL_PREMIUM,RANGE,PREMIUM_SELL_RANGE,RANGE_DTE4_NEW_CYCLE_STRONG_SELL_CONTAINED_OR,17.84,1,60.29,HIGH,4,0,0,0,0,0,,,,
14:03:25,23235.05,23281.15,23186.55,MODERATE,23284.75,23116.1,0.705,RANGE,STRONG_SELL_PREMIUM,RANGE,PREMIUM_SELL_RANGE,RANGE_DTE4_NEW_CYCLE_STRONG_SELL_CONTAINED_OR,17.84,1,60.26,HIGH,4,0,0,0,0,0,,,,
14:03:40,23235.0,23281.15,23186.55,MODERATE,23284.75,23116.1,0.705,RANGE,STRONG_SELL_PREMIUM,RANGE,PREMIUM_SELL_RANGE,RANGE_DTE4_NEW_CYCLE_STRONG_SELL_CONTAINED_OR,17.84,1,60.23,HIGH,4,0,0,0,0,0,,,,
14:03:55,23231.2,23281.15,23186.55,MODERATE,23284.75,23116.1,0.682,RANGE,STRONG_SELL_PREMIUM,RANGE,PREMIUM_SELL_RANGE,RANGE_DTE4_NEW_CYCLE_STRONG_SELL_CONTAINED_OR,17.84,1,60.21,HIGH,4,0,0,0,0,0,,,,
14:04:10,23232.55,23281.15,23186.55,MODERATE,23284.75,23116.1,0.690,RANGE,STRONG_SELL_PREMIUM,RANGE,PREMIUM_SELL_RANGE,RANGE_DTE4_NEW_CYCLE_STRONG_SELL_CONTAINED_OR,17.84,1,60.18,HIGH,4,0,0,0,0,0,,,,
14:04:25,23233.2,23281.15,23186.55,MODERATE,23284.75,23116.1,0.694,RANGE,STRONG_SELL_PREMIUM,RANGE,PREMIUM_SELL_RANGE,RANGE_DTE4_NEW_CYCLE_STRONG_SELL_CONTAINED_OR,17.84,1,60.16,HIGH,4,0,0,0,0,0,,,,
14:04:40,23234.15,23281.15,23186.55,MODERATE,23284.75,23116.1,0.700,RANGE,STRONG_SELL_PREMIUM,RANGE,PREMIUM_SELL_RANGE,RANGE_DTE4_NEW_CYCLE_STRONG_SELL_CONTAINED_OR,17.84,1,60.13,HIGH,4,0,0,0,0,0,,,,
14:04:55,23233.65,23281.15,23186.55,MODERATE,23284.75,23116.1,0.697,RANGE,STRONG_SELL_PREMIUM,RANGE,PREMIUM_SELL_RANGE,RANGE_DTE4_NEW_CYCLE_STRONG_SELL_CONTAINED_OR,17.84,1,60.1,HIGH,4,0,0,0,0,0,,,,
14:05:10,23234.5,23281.15,23186.55,MODERATE,23284.75,23116.1,0.702,RANGE,STRONG_SELL_PREMIUM,RANGE,PREMIUM_SELL_RANGE,RANGE_DTE4_NEW_CYCLE_STRONG_SELL_CONTAINED_OR,16.65,1,60.08,HIGH,4,0,0,0,0,0,,,,
14:05:25,23235.95,23281.15,23186.55,MODERATE,23284.75,23116.1,0.711,RANGE,STRONG_SELL_PREMIUM,RANGE,PREMIUM_SELL_RANGE,RANGE_DTE4_NEW_CYCLE_STRONG_SELL_CONTAINED_OR,16.65,1,60.05,HIGH,4,0,0,0,0,0,,,,
14:05:40,23235.05,23281.15,23186.55,MODERATE,23284.75,23116.1,0.705,RANGE,STRONG_SELL_PREMIUM,RANGE,PREMIUM_SELL_RANGE,RANGE_DTE4_NEW_CYCLE_STRONG_SELL_CONTAINED_OR,16.65,1,60.03,HIGH,4,0,0,0,0,0,,,,
14:05:55,23234.3,23281.15,23186.55,MODERATE,23284.75,23116.1,0.701,RANGE,STRONG_SELL_PREMIUM,RANGE,PREMIUM_SELL_RANGE,RANGE_DTE4_NEW_CYCLE_STRONG_SELL_CONTAINED_OR,16.65,1,60.0,HIGH,4,0,0,0,0,0,,,,
14:06:10,23233.1,23281.15,23186.55,MODERATE,23284.75,23116.1,0.694,RANGE,STRONG_SELL_PREMIUM,RANGE,PREMIUM_SELL_RANGE,RANGE_DTE4_NEW_CYCLE_STRONG_SELL_CONTAINED_OR,16.65,1,59.97,HIGH,4,0,0,0,0,0,,,,
14:06:25,23231.7,23281.15,23186.55,MODERATE,23284.75,23116.1,0.685,RANGE,STRONG_SELL_PREMIUM,RANGE,PREMIUM_SELL_RANGE,RANGE_DTE4_NEW_CYCLE_STRONG_SELL_CONTAINED_OR,16.65,1,59.95,HIGH,4,0,0,0,0,0,,,,
14:06:40,23231.8,23281.15,23186.55,MODERATE,23284.75,23116.1,0.686,RANGE,STRONG_SELL_PREMIUM,RANGE,PREMIUM_SELL_RANGE,RANGE_DTE4_NEW_CYCLE_STRONG_SELL_CONTAINED_OR,16.65,1,59.92,HIGH,4,0,0,0,0,0,,,,
14:06:55,23232.05,23281.15,23186.55,MODERATE,23284.75,23116.1,0.688,RANGE,STRONG_SELL_PREMIUM,RANGE,PREMIUM_SELL_RANGE,RANGE_DTE4_NEW_CYCLE_STRONG_SELL_CONTAINED_OR,16.65,1,59.9,HIGH,4,0,0,0,0,0,,,,
14:07:10,23230.4,23281.15,23186.55,MODERATE,23284.75,23116.1,0.678,RANGE,STRONG_SELL_PREMIUM,RANGE,PREMIUM_SELL_RANGE,RANGE_DTE4_NEW_CYCLE_STRONG_SELL_CONTAINED_OR,16.65,1,59.87,HIGH,4,0,0,0,0,0,,,,
14:07:25,23229.85,23281.15,23186.55,MODERATE,23284.75,23116.1,0.674,RANGE,STRONG_SELL_PREMIUM,RANGE,PREMIUM_SELL_RANGE,RANGE_DTE4_NEW_CYCLE_STRONG_SELL_CONTAINED_OR,16.65,1,59.85,HIGH,4,0,0,0,0,0,,,,
14:07:40,23226.7,23281.15,23186.55,MODERATE,23284.75,23116.1,0.656,RANGE,STRONG_SELL_PREMIUM,RANGE,PREMIUM_SELL_RANGE,RANGE_DTE4_NEW_CYCLE_STRONG_SELL_CONTAINED_OR,16.65,1,59.82,HIGH,4,0,0,0,0,0,,,,
14:07:55,23226.65,23281.15,23186.55,MODERATE,23284.75,23116.1,0.655,RANGE,STRONG_SELL_PREMIUM,RANGE,PREMIUM_SELL_RANGE,RANGE_DTE4_NEW_CYCLE_STRONG_SELL_CONTAINED_OR,16.65,1,59.79,HIGH,4,0,0,0,0,0,,,,
14:08:10,23226.25,23281.15,23186.55,MODERATE,23284.75,23116.1,0.653,RANGE,STRONG_SELL_PREMIUM,RANGE,PREMIUM_SELL_RANGE,RANGE_DTE4_NEW_CYCLE_STRONG_SELL_CONTAINED_OR,16.27,1,59.77,HIGH,4,0,0,0,0,0,,,,
14:08:26,23226.0,23281.15,23186.55,MODERATE,23284.75,23116.1,0.652,RANGE,STRONG_SELL_PREMIUM,RANGE,PREMIUM_SELL_RANGE,RANGE_DTE4_NEW_CYCLE_STRONG_SELL_CONTAINED_OR,16.27,1,59.74,HIGH,4,0,0,0,0,0,,,,
14:08:41,23221.8,23281.15,23186.55,MODERATE,23284.75,23116.1,0.627,RANGE,STRONG_SELL_PREMIUM,RANGE,PREMIUM_SELL_RANGE,RANGE_DTE4_NEW_CYCLE_STRONG_SELL_CONTAINED_OR,16.27,1,59.72,HIGH,4,0,0,0,0,0,,,,
14:08:56,23219.85,23281.15,23186.55,MODERATE,23284.75,23116.1,0.615,RANGE,STRONG_SELL_PREMIUM,RANGE,PREMIUM_SELL_RANGE,RANGE_DTE4_NEW_CYCLE_STRONG_SELL_CONTAINED_OR,16.27,1,59.69,HIGH,4,0,0,0,0,0,,,,
14:09:11,23221.6,23281.15,23186.55,MODERATE,23284.75,23116.1,0.626,RANGE,STRONG_SELL_PREMIUM,RANGE,PREMIUM_SELL_RANGE,RANGE_DTE4_NEW_CYCLE_STRONG_SELL_CONTAINED_OR,16.27,1,59.67,HIGH,4,0,0,0,0,0,,,,
14:09:26,23222.3,23281.15,23186.55,MODERATE,23284.75,23116.1,0.630,RANGE,STRONG_SELL_PREMIUM,RANGE,PREMIUM_SELL_RANGE,RANGE_DTE4_NEW_CYCLE_STRONG_SELL_CONTAINED_OR,16.27,1,59.64,HIGH,4,0,0,0,0,0,,,,
14:09:41,23222.5,23281.15,23186.55,MODERATE,23284.75,23116.1,0.631,RANGE,STRONG_SELL_PREMIUM,RANGE,PREMIUM_SELL_RANGE,RANGE_DTE4_NEW_CYCLE_STRONG_SELL_CONTAINED_OR,16.27,1,59.62,HIGH,4,0,0,0,0,0,,,,
14:09:56,23222.4,23281.15,23186.55,MODERATE,23284.75,23116.1,0.630,RANGE,STRONG_SELL_PREMIUM,RANGE,PREMIUM_SELL_RANGE,RANGE_DTE4_NEW_CYCLE_STRONG_SELL_CONTAINED_OR,16.27,1,59.59,HIGH,4,0,0,0,0,0,,,,
14:10:11,23222.65,23281.15,23186.55,MODERATE,23284.75,23116.1,0.632,RANGE,STRONG_SELL_PREMIUM,RANGE,PREMIUM_SELL_RANGE,RANGE_DTE4_NEW_CYCLE_STRONG_SELL_CONTAINED_OR,14.86,1,59.56,HIGH,4,0,0,0,0,0,,,,
14:10:26,23221.9,23281.15,23186.55,MODERATE,23284.75,23116.1,0.627,RANGE,STRONG_SELL_PREMIUM,RANGE,PREMIUM_SELL_RANGE,RANGE_DTE4_NEW_CYCLE_STRONG_SELL_CONTAINED_OR,14.86,1,59.54,HIGH,4,0,0,0,0,0,,,,
14:10:41,23222.5,23281.15,23186.55,MODERATE,23284.75,23116.1,0.631,RANGE,STRONG_SELL_PREMIUM,RANGE,PREMIUM_SELL_RANGE,RANGE_DTE4_NEW_CYCLE_STRONG_SELL_CONTAINED_OR,14.86,1,59.51,HIGH,4,0,0,0,0,0,,,,
14:10:56,23222.9,23281.15,23186.55,MODERATE,23284.75,23116.1,0.633,RANGE,STRONG_SELL_PREMIUM,RANGE,PREMIUM_SELL_RANGE,RANGE_DTE4_NEW_CYCLE_STRONG_SELL_CONTAINED_OR,14.86,1,59.49,HIGH,4,0,0,0,0,0,,,,
14:11:11,23225.6,23281.15,23186.55,MODERATE,23284.75,23116.1,0.649,RANGE,STRONG_SELL_PREMIUM,RANGE,PREMIUM_SELL_RANGE,RANGE_DTE4_NEW_CYCLE_STRONG_SELL_CONTAINED_OR,14.86,1,59.46,HIGH,4,0,0,0,0,0,,,,
14:11:26,23227.15,23281.15,23186.55,MODERATE,23284.75,23116.1,0.658,RANGE,STRONG_SELL_PREMIUM,RANGE,PREMIUM_SELL_RANGE,RANGE_DTE4_NEW_CYCLE_STRONG_SELL_CONTAINED_OR,14.86,1,59.44,HIGH,4,0,0,0,0,0,,,,
14:11:41,23227.6,23281.15,23186.55,MODERATE,23284.75,23116.1,0.661,RANGE,STRONG_SELL_PREMIUM,RANGE,PREMIUM_SELL_RANGE,RANGE_DTE4_NEW_CYCLE_STRONG_SELL_CONTAINED_OR,14.86,1,59.41,HIGH,4,0,0,0,0,0,,,,
14:11:56,23226.5,23281.15,23186.55,MODERATE,23284.75,23116.1,0.655,RANGE,STRONG_SELL_PREMIUM,RANGE,PREMIUM_SELL_RANGE,RANGE_DTE4_NEW_CYCLE_STRONG_SELL_CONTAINED_OR,14.86,1,59.39,HIGH,4,0,0,0,0,0,,,,
14:12:11,23228.8,23281.15,23186.55,MODERATE,23284.75,23116.1,0.668,RANGE,STRONG_SELL_PREMIUM,RANGE,PREMIUM_SELL_RANGE,RANGE_DTE4_NEW_CYCLE_STRONG_SELL_CONTAINED_OR,14.86,1,59.36,HIGH,4,0,0,0,0,0,,,,
14:12:27,23227.45,23281.15,23186.55,MODERATE,23284.75,23116.1,0.660,RANGE,STRONG_SELL_PREMIUM,RANGE,PREMIUM_SELL_RANGE,RANGE_DTE4_NEW_CYCLE_STRONG_SELL_CONTAINED_OR,14.86,1,59.34,HIGH,4,0,0,0,0,0,,,,
14:12:42,23230.4,23281.15,23186.55,MODERATE,23284.75,23116.1,0.678,RANGE,STRONG_SELL_PREMIUM,RANGE,PREMIUM_SELL_RANGE,RANGE_DTE4_NEW_CYCLE_STRONG_SELL_CONTAINED_OR,14.86,1,59.31,HIGH,4,0,0,0,0,0,,,,
14:12:57,23229.45,23281.15,23186.55,MODERATE,23284.75,23116.1,0.672,RANGE,STRONG_SELL_PREMIUM,RANGE,PREMIUM_SELL_RANGE,RANGE_DTE4_NEW_CYCLE_STRONG_SELL_CONTAINED_OR,14.86,1,59.29,HIGH,4,0,0,0,0,0,,,,
14:13:12,23235.0,23281.15,23186.55,MODERATE,23284.75,23116.1,0.705,RANGE,STRONG_SELL_PREMIUM,RANGE,PREMIUM_SELL_RANGE,RANGE_DTE4_NEW_CYCLE_STRONG_SELL_CONTAINED_OR,14.86,1,59.26,HIGH,4,0,0,0,0,0,,,,
14:13:27,23235.8,23281.15,23186.55,MODERATE,23284.75,23116.1,0.710,RANGE,STRONG_SELL_PREMIUM,RANGE,PREMIUM_SELL_RANGE,RANGE_DTE4_NEW_CYCLE_STRONG_SELL_CONTAINED_OR,14.86,1,59.24,HIGH,4,0,0,0,0,0,,,,
14:13:42,23234.75,23281.15,23186.55,MODERATE,23284.75,23116.1,0.704,RANGE,STRONG_SELL_PREMIUM,RANGE,PREMIUM_SELL_RANGE,RANGE_DTE4_NEW_CYCLE_STRONG_SELL_CONTAINED_OR,14.86,1,59.21,HIGH,4,0,0,0,0,0,,,,
14:13:57,23235.35,23281.15,23186.55,MODERATE,23284.75,23116.1,0.707,RANGE,STRONG_SELL_PREMIUM,RANGE,PREMIUM_SELL_RANGE,RANGE_DTE4_NEW_CYCLE_STRONG_SELL_CONTAINED_OR,14.86,1,59.19,HIGH,4,0,0,0,0,0,,,,
14:14:12,23235.5,23281.15,23186.55,MODERATE,23284.75,23116.1,0.708,RANGE,STRONG_SELL_PREMIUM,RANGE,PREMIUM_SELL_RANGE,RANGE_DTE4_NEW_CYCLE_STRONG_SELL_CONTAINED_OR,15.32,1,59.16,HIGH,4,0,0,0,0,0,,,,
14:14:27,23235.55,23281.15,23186.55,MODERATE,23284.75,23116.1,0.708,RANGE,STRONG_SELL_PREMIUM,RANGE,PREMIUM_SELL_RANGE,RANGE_DTE4_NEW_CYCLE_STRONG_SELL_CONTAINED_OR,15.32,1,59.14,HIGH,4,0,0,0,0,0,,,,
14:14:42,23237.25,23281.15,23186.55,MODERATE,23284.75,23116.1,0.718,RANGE,STRONG_SELL_PREMIUM,RANGE,PREMIUM_SELL_RANGE,RANGE_DTE4_NEW_CYCLE_STRONG_SELL_CONTAINED_OR,15.32,1,59.11,HIGH,4,0,0,0,0,0,,,,
14:14:57,23238.25,23281.15,23186.55,MODERATE,23284.75,23116.1,0.724,RANGE,STRONG_SELL_PREMIUM,RANGE,PREMIUM_SELL_RANGE,RANGE_DTE4_NEW_CYCLE_STRONG_SELL_CONTAINED_OR,15.32,1,59.09,HIGH,4,0,0,0,0,0,,,,
14:15:12,23242.4,23281.15,23186.55,MODERATE,23284.75,23116.1,0.749,RANGE,STRONG_SELL_PREMIUM,RANGE,PREMIUM_SELL_RANGE,RANGE_DTE4_NEW_CYCLE_STRONG_SELL_CONTAINED_OR,15.19,1,59.07,HIGH,4,0,0,0,0,0,,,,
14:15:27,23240.5,23281.15,23186.55,MODERATE,23284.75,23116.1,0.738,RANGE,STRONG_SELL_PREMIUM,RANGE,PREMIUM_SELL_RANGE,RANGE_DTE4_NEW_CYCLE_STRONG_SELL_CONTAINED_OR,15.19,1,59.04,HIGH,4,0,0,0,0,0,,,,
14:15:42,23237.45,23281.15,23186.55,MODERATE,23284.75,23116.1,0.720,RANGE,STRONG_SELL_PREMIUM,RANGE,PREMIUM_SELL_RANGE,RANGE_DTE4_NEW_CYCLE_STRONG_SELL_CONTAINED_OR,15.19,1,59.02,HIGH,4,0,0,0,0,0,,,,
14:15:57,23238.05,23281.15,23186.55,MODERATE,23284.75,23116.1,0.723,RANGE,STRONG_SELL_PREMIUM,RANGE,PREMIUM_SELL_RANGE,RANGE_DTE4_NEW_CYCLE_STRONG_SELL_CONTAINED_OR,15.19,1,58.99,HIGH,4,0,0,0,0,0,,,,
14:16:12,23241.6,23281.15,23186.55,MODERATE,23284.75,23116.1,0.744,RANGE,STRONG_SELL_PREMIUM,RANGE,PREMIUM_SELL_RANGE,RANGE_DTE4_NEW_CYCLE_STRONG_SELL_CONTAINED_OR,15.19,1,58.97,HIGH,4,0,0,0,0,0,,,,
14:16:27,23239.5,23281.15,23186.55,MODERATE,23284.75,23116.1,0.732,RANGE,STRONG_SELL_PREMIUM,RANGE,PREMIUM_SELL_RANGE,RANGE_DTE4_NEW_CYCLE_STRONG_SELL_CONTAINED_OR,15.19,1,58.94,HIGH,4,0,0,0,0,0,,,,
14:16:42,23237.95,23281.15,23186.55,MODERATE,23284.75,23116.1,0.723,RANGE,STRONG_SELL_PREMIUM,RANGE,PREMIUM_SELL_RANGE,RANGE_DTE4_NEW_CYCLE_STRONG_SELL_CONTAINED_OR,15.19,1,58.92,HIGH,4,0,0,0,0,0,,,,
14:16:57,23239.75,23281.15,23186.55,MODERATE,23284.75,23116.1,0.733,RANGE,STRONG_SELL_PREMIUM,RANGE,PREMIUM_SELL_RANGE,RANGE_DTE4_NEW_CYCLE_STRONG_SELL_CONTAINED_OR,15.19,1,58.89,HIGH,4,0,0,0,0,0,,,,
14:17:12,23242.45,23281.15,23186.55,MODERATE,23284.75,23116.1,0.749,RANGE,STRONG_SELL_PREMIUM,RANGE,PREMIUM_SELL_RANGE,RANGE_DTE4_NEW_CYCLE_STRONG_SELL_CONTAINED_OR,15.43,1,58.87,HIGH,4,0,0,0,0,0,,,,
14:17:27,23244.55,23281.15,23186.55,MODERATE,23284.75,23116.1,0.762,RANGE,STRONG_SELL_PREMIUM,RANGE,PREMIUM_SELL_RANGE,RANGE_DTE4_NEW_CYCLE_STRONG_SELL_CONTAINED_OR,15.43,1,58.84,HIGH,4,0,0,0,0,0,,,,
14:17:42,23243.9,23281.15,23186.55,MODERATE,23284.75,23116.1,0.758,RANGE,STRONG_SELL_PREMIUM,RANGE,PREMIUM_SELL_RANGE,RANGE_DTE4_NEW_CYCLE_STRONG_SELL_CONTAINED_OR,15.43,1,58.82,HIGH,4,0,0,0,0,0,,,,
14:17:57,23242.65,23281.15,23186.55,MODERATE,23284.75,23116.1,0.750,RANGE,STRONG_SELL_PREMIUM,RANGE,PREMIUM_SELL_RANGE,RANGE_DTE4_NEW_CYCLE_STRONG_SELL_CONTAINED_OR,15.43,1,58.8,HIGH,4,0,0,0,0,0,,,,
14:18:12,23244.3,23281.15,23186.55,MODERATE,23284.75,23116.1,0.760,RANGE,STRONG_SELL_PREMIUM,RANGE,PREMIUM_SELL_RANGE,RANGE_DTE4_NEW_CYCLE_STRONG_SELL_CONTAINED_OR,15.7,1,58.77,HIGH,4,0,0,0,0,0,,,,
14:18:27,23245.55,23281.15,23186.55,MODERATE,23284.75,23116.1,0.768,RANGE,STRONG_SELL_PREMIUM,RANGE,PREMIUM_SELL_RANGE,RANGE_DTE4_NEW_CYCLE_STRONG_SELL_CONTAINED_OR,15.7,1,58.75,HIGH,4,0,0,0,0,0,,,,
14:18:42,23244.75,23281.15,23186.55,MODERATE,23284.75,23116.1,0.763,RANGE,STRONG_SELL_PREMIUM,RANGE,PREMIUM_SELL_RANGE,RANGE_DTE4_NEW_CYCLE_STRONG_SELL_CONTAINED_OR,15.7,1,58.72,HIGH,4,0,0,0,0,0,,,,
14:18:57,23244.6,23281.15,23186.55,MODERATE,23284.75,23116.1,0.762,RANGE,STRONG_SELL_PREMIUM,RANGE,PREMIUM_SELL_RANGE,RANGE_DTE4_NEW_CYCLE_STRONG_SELL_CONTAINED_OR,15.7,1,58.7,HIGH,4,0,0,0,0,0,,,,
14:19:12,23245.25,23281.15,23186.55,MODERATE,23284.75,23116.1,0.766,RANGE,STRONG_SELL_PREMIUM,RANGE,PREMIUM_SELL_RANGE,RANGE_DTE4_NEW_CYCLE_STRONG_SELL_CONTAINED_OR,15.7,1,58.67,HIGH,4,0,0,0,0,0,,,,
14:19:27,23239.65,23281.15,23186.55,MODERATE,23284.75,23116.1,0.733,RANGE,STRONG_SELL_PREMIUM,RANGE,PREMIUM_SELL_RANGE,RANGE_DTE4_NEW_CYCLE_STRONG_SELL_CONTAINED_OR,15.7,1,58.65,HIGH,4,0,0,0,0,0,,,,
14:19:42,23235.7,23281.15,23186.55,MODERATE,23284.75,23116.1,0.709,RANGE,STRONG_SELL_PREMIUM,RANGE,PREMIUM_SELL_RANGE,RANGE_DTE4_NEW_CYCLE_STRONG_SELL_CONTAINED_OR,15.7,1,58.63,HIGH,4,0,0,0,0,0,,,,
14:19:57,23232.15,23281.15,23186.55,MODERATE,23284.75,23116.1,0.688,RANGE,STRONG_SELL_PREMIUM,RANGE,PREMIUM_SELL_RANGE,RANGE_DTE4_NEW_CYCLE_STRONG_SELL_CONTAINED_OR,15.7,1,58.6,HIGH,4,0,0,0,0,0,,,,
14:20:12,23232.95,23281.15,23186.55,MODERATE,23284.75,23116.1,0.693,RANGE,STRONG_SELL_PREMIUM,RANGE,PREMIUM_SELL_RANGE,RANGE_DTE4_NEW_CYCLE_STRONG_SELL_CONTAINED_OR,15.78,1,58.58,HIGH,4,0,0,0,0,0,,,,
14:20:28,23232.7,23281.15,23186.55,MODERATE,23284.75,23116.1,0.691,RANGE,STRONG_SELL_PREMIUM,RANGE,PREMIUM_SELL_RANGE,RANGE_DTE4_NEW_CYCLE_STRONG_SELL_CONTAINED_OR,15.78,1,58.55,HIGH,4,0,0,0,0,0,,,,
14:20:42,23233.6,23281.15,23186.55,MODERATE,23284.75,23116.1,0.697,RANGE,STRONG_SELL_PREMIUM,RANGE,PREMIUM_SELL_RANGE,RANGE_DTE4_NEW_CYCLE_STRONG_SELL_CONTAINED_OR,15.78,1,58.53,HIGH,4,0,0,0,0,0,,,,
14:20:58,23231.9,23281.15,23186.55,MODERATE,23284.75,23116.1,0.687,RANGE,STRONG_SELL_PREMIUM,RANGE,PREMIUM_SELL_RANGE,RANGE_DTE4_NEW_CYCLE_STRONG_SELL_CONTAINED_OR,15.78,1,58.51,HIGH,4,0,0,0,0,0,,,,
14:21:13,23233.65,23281.15,23186.55,MODERATE,23284.75,23116.1,0.697,RANGE,STRONG_SELL_PREMIUM,RANGE,PREMIUM_SELL_RANGE,RANGE_DTE4_NEW_CYCLE_STRONG_SELL_CONTAINED_OR,15.78,1,58.48,HIGH,4,0,0,0,0,0,,,,
14:21:28,23235.7,23281.15,23186.55,MODERATE,23284.75,23116.1,0.709,RANGE,STRONG_SELL_PREMIUM,RANGE,PREMIUM_SELL_RANGE,RANGE_DTE4_NEW_CYCLE_STRONG_SELL_CONTAINED_OR,15.78,1,58.46,HIGH,4,0,0,0,0,0,,,,
14:21:43,23233.95,23281.15,23186.55,MODERATE,23284.75,23116.1,0.699,RANGE,STRONG_SELL_PREMIUM,RANGE,PREMIUM_SELL_RANGE,RANGE_DTE4_NEW_CYCLE_STRONG_SELL_CONTAINED_OR,15.78,1,58.43,HIGH,4,0,0,0,0,0,,,,
14:21:58,23235.55,23281.15,23186.55,MODERATE,23284.75,23116.1,0.708,RANGE,STRONG_SELL_PREMIUM,RANGE,PREMIUM_SELL_RANGE,RANGE_DTE4_NEW_CYCLE_STRONG_SELL_CONTAINED_OR,15.78,1,58.41,HIGH,4,0,0,0,0,0,,,,
14:22:13,23237.95,23281.15,23186.55,MODERATE,23284.75,23116.1,0.723,RANGE,STRONG_SELL_PREMIUM,RANGE,PREMIUM_SELL_RANGE,RANGE_DTE4_NEW_CYCLE_STRONG_SELL_CONTAINED_OR,15.78,1,58.39,HIGH,4,0,0,0,0,0,,,,
14:22:28,23239.2,23281.15,23186.55,MODERATE,23284.75,23116.1,0.730,RANGE,STRONG_SELL_PREMIUM,RANGE,PREMIUM_SELL_RANGE,RANGE_DTE4_NEW_CYCLE_STRONG_SELL_CONTAINED_OR,15.78,1,58.36,HIGH,4,0,0,0,0,0,,,,
14:22:43,23239.6,23281.15,23186.55,MODERATE,23284.75,23116.1,0.732,RANGE,STRONG_SELL_PREMIUM,RANGE,PREMIUM_SELL_RANGE,RANGE_DTE4_NEW_CYCLE_STRONG_SELL_CONTAINED_OR,15.78,1,58.34,HIGH,4,0,0,0,0,0,,,,
14:22:58,23240.3,23281.15,23186.55,MODERATE,23284.75,23116.1,0.736,RANGE,STRONG_SELL_PREMIUM,RANGE,PREMIUM_SELL_RANGE,RANGE_DTE4_NEW_CYCLE_STRONG_SELL_CONTAINED_OR,15.78,1,58.32,HIGH,4,0,0,0,0,0,,,,
14:23:13,23240.35,23281.15,23186.55,MODERATE,23284.75,23116.1,0.737,RANGE,STRONG_SELL_PREMIUM,RANGE,PREMIUM_SELL_RANGE,RANGE_DTE4_NEW_CYCLE_STRONG_SELL_CONTAINED_OR,15.78,1,58.29,HIGH,4,0,0,0,0,0,,,,
14:23:28,23239.3,23281.15,23186.55,MODERATE,23284.75,23116.1,0.731,RANGE,STRONG_SELL_PREMIUM,RANGE,PREMIUM_SELL_RANGE,RANGE_DTE4_NEW_CYCLE_STRONG_SELL_CONTAINED_OR,15.78,1,58.27,HIGH,4,0,0,0,0,0,,,,
14:23:43,23240.65,23281.15,23186.55,MODERATE,23284.75,23116.1,0.739,RANGE,STRONG_SELL_PREMIUM,RANGE,PREMIUM_SELL_RANGE,RANGE_DTE4_NEW_CYCLE_STRONG_SELL_CONTAINED_OR,15.78,1,58.24,HIGH,4,0,0,0,0,0,,,,
14:23:58,23236.7,23281.15,23186.55,MODERATE,23284.75,23116.1,0.715,RANGE,STRONG_SELL_PREMIUM,RANGE,PREMIUM_SELL_RANGE,RANGE_DTE4_NEW_CYCLE_STRONG_SELL_CONTAINED_OR,15.78,1,58.22,HIGH,4,0,0,0,0,0,,,,
14:24:13,23235.55,23281.15,23186.55,MODERATE,23284.75,23116.1,0.708,RANGE,STRONG_SELL_PREMIUM,RANGE,PREMIUM_SELL_RANGE,RANGE_DTE4_NEW_CYCLE_STRONG_SELL_CONTAINED_OR,15.78,1,58.2,HIGH,4,0,0,0,0,0,,,,
14:24:28,23235.55,23281.15,23186.55,MODERATE,23284.75,23116.1,0.708,RANGE,STRONG_SELL_PREMIUM,RANGE,PREMIUM_SELL_RANGE,RANGE_DTE4_NEW_CYCLE_STRONG_SELL_CONTAINED_OR,15.78,1,58.17,HIGH,4,0,0,0,0,0,,,,
14:24:43,23236.35,23281.15,23186.55,MODERATE,23284.75,23116.1,0.713,RANGE,STRONG_SELL_PREMIUM,RANGE,PREMIUM_SELL_RANGE,RANGE_DTE4_NEW_CYCLE_STRONG_SELL_CONTAINED_OR,15.78,1,58.15,HIGH,4,0,0,0,0,0,,,,
14:24:58,23235.25,23281.15,23186.55,MODERATE,23284.75,23116.1,0.706,RANGE,STRONG_SELL_PREMIUM,RANGE,PREMIUM_SELL_RANGE,RANGE_DTE4_NEW_CYCLE_STRONG_SELL_CONTAINED_OR,15.78,1,58.13,HIGH,4,0,0,0,0,0,,,,
14:25:13,23233.95,23281.15,23186.55,MODERATE,23284.75,23116.1,0.699,RANGE,STRONG_SELL_PREMIUM,RANGE,PREMIUM_SELL_RANGE,RANGE_DTE4_NEW_CYCLE_STRONG_SELL_CONTAINED_OR,15.86,1,58.1,HIGH,4,0,0,0,0,0,,,,
14:25:28,23235.55,23281.15,23186.55,MODERATE,23284.75,23116.1,0.708,RANGE,STRONG_SELL_PREMIUM,RANGE,PREMIUM_SELL_RANGE,RANGE_DTE4_NEW_CYCLE_STRONG_SELL_CONTAINED_OR,15.86,1,58.08,HIGH,4,0,0,0,0,0,,,,
14:25:43,23236.0,23281.15,23186.55,MODERATE,23284.75,23116.1,0.711,RANGE,STRONG_SELL_PREMIUM,RANGE,PREMIUM_SELL_RANGE,RANGE_DTE4_NEW_CYCLE_STRONG_SELL_CONTAINED_OR,15.86,1,58.06,HIGH,4,0,0,0,0,0,,,,
14:25:58,23235.6,23281.15,23186.55,MODERATE,23284.75,23116.1,0.709,RANGE,STRONG_SELL_PREMIUM,RANGE,PREMIUM_SELL_RANGE,RANGE_DTE4_NEW_CYCLE_STRONG_SELL_CONTAINED_OR,15.86,1,58.03,HIGH,4,0,0,0,0,0,,,,
14:26:13,23235.85,23281.15,23186.55,MODERATE,23284.75,23116.1,0.710,RANGE,STRONG_SELL_PREMIUM,RANGE,PREMIUM_SELL_RANGE,RANGE_DTE4_NEW_CYCLE_STRONG_SELL_CONTAINED_OR,15.86,1,58.01,HIGH,4,0,0,0,0,0,,,,
14:26:28,23235.85,23281.15,23186.55,MODERATE,23284.75,23116.1,0.710,RANGE,STRONG_SELL_PREMIUM,RANGE,PREMIUM_SELL_RANGE,RANGE_DTE4_NEW_CYCLE_STRONG_SELL_CONTAINED_OR,15.86,1,57.99,HIGH,4,0,0,0,0,0,,,,
14:26:43,23236.75,23281.15,23186.55,MODERATE,23284.75,23116.1,0.715,RANGE,STRONG_SELL_PREMIUM,RANGE,PREMIUM_SELL_RANGE,RANGE_DTE4_NEW_CYCLE_STRONG_SELL_CONTAINED_OR,15.86,1,57.96,HIGH,4,0,0,0,0,0,,,,
14:26:58,23234.95,23281.15,23186.55,MODERATE,23284.75,23116.1,0.705,RANGE,STRONG_SELL_PREMIUM,RANGE,PREMIUM_SELL_RANGE,RANGE_DTE4_NEW_CYCLE_STRONG_SELL_CONTAINED_OR,15.86,1,57.94,HIGH,4,0,0,0,0,0,,,,
14:27:13,23232.45,23281.15,23186.55,MODERATE,23284.75,23116.1,0.690,RANGE,STRONG_SELL_PREMIUM,RANGE,PREMIUM_SELL_RANGE,RANGE_DTE4_NEW_CYCLE_STRONG_SELL_CONTAINED_OR,15.86,1,57.92,HIGH,4,0,0,0,0,0,,,,
14:27:28,23231.05,23281.15,23186.55,MODERATE,23284.75,23116.1,0.682,RANGE,STRONG_SELL_PREMIUM,RANGE,PREMIUM_SELL_RANGE,RANGE_DTE4_NEW_CYCLE_STRONG_SELL_CONTAINED_OR,15.86,1,57.89,HIGH,4,0,0,0,0,0,,,,
14:27:44,23232.1,23281.15,23186.55,MODERATE,23284.75,23116.1,0.688,RANGE,STRONG_SELL_PREMIUM,RANGE,PREMIUM_SELL_RANGE,RANGE_DTE4_NEW_CYCLE_STRONG_SELL_CONTAINED_OR,15.86,1,57.87,HIGH,4,0,0,0,0,0,,,,
14:27:59,23230.85,23281.15,23186.55,MODERATE,23284.75,23116.1,0.680,RANGE,STRONG_SELL_PREMIUM,RANGE,PREMIUM_SELL_RANGE,RANGE_DTE4_NEW_CYCLE_STRONG_SELL_CONTAINED_OR,15.86,1,57.85,HIGH,4,0,0,0,0,0,,,,
14:28:14,23227.95,23281.15,23186.55,MODERATE,23284.75,23116.1,0.663,RANGE,STRONG_SELL_PREMIUM,RANGE,PREMIUM_SELL_RANGE,RANGE_DTE4_NEW_CYCLE_STRONG_SELL_CONTAINED_OR,14.6,1,57.82,HIGH,4,0,0,0,0,0,,,,
14:28:29,23225.3,23281.15,23186.55,MODERATE,23284.75,23116.1,0.647,RANGE,STRONG_SELL_PREMIUM,RANGE,PREMIUM_SELL_RANGE,RANGE_DTE4_NEW_CYCLE_STRONG_SELL_CONTAINED_OR,14.6,1,57.8,HIGH,4,0,0,0,0,0,,,,
14:28:44,23228.15,23281.15,23186.55,MODERATE,23284.75,23116.1,0.664,RANGE,STRONG_SELL_PREMIUM,RANGE,PREMIUM_SELL_RANGE,RANGE_DTE4_NEW_CYCLE_STRONG_SELL_CONTAINED_OR,14.6,1,57.78,HIGH,4,0,0,0,0,0,,,,
14:28:59,23228.5,23281.15,23186.55,MODERATE,23284.75,23116.1,0.666,RANGE,STRONG_SELL_PREMIUM,RANGE,PREMIUM_SELL_RANGE,RANGE_DTE4_NEW_CYCLE_STRONG_SELL_CONTAINED_OR,14.6,1,57.75,HIGH,4,0,0,0,0,0,,,,
14:29:14,23229.8,23281.15,23186.55,MODERATE,23284.75,23116.1,0.674,RANGE,STRONG_SELL_PREMIUM,RANGE,PREMIUM_SELL_RANGE,RANGE_DTE4_NEW_CYCLE_STRONG_SELL_CONTAINED_OR,14.6,1,57.73,HIGH,4,0,0,0,0,0,,,,
14:29:29,23233.65,23281.15,23186.55,MODERATE,23284.75,23116.1,0.697,RANGE,STRONG_SELL_PREMIUM,RANGE,PREMIUM_SELL_RANGE,RANGE_DTE4_NEW_CYCLE_STRONG_SELL_CONTAINED_OR,14.6,1,57.71,HIGH,4,0,0,0,0,0,,,,
14:29:44,23234.85,23281.15,23186.55,MODERATE,23284.75,23116.1,0.704,RANGE,STRONG_SELL_PREMIUM,RANGE,PREMIUM_SELL_RANGE,RANGE_DTE4_NEW_CYCLE_STRONG_SELL_CONTAINED_OR,14.6,1,57.69,HIGH,4,0,0,0,0,0,,,,
14:29:59,23231.9,23281.15,23186.55,MODERATE,23284.75,23116.1,0.687,RANGE,STRONG_SELL_PREMIUM,RANGE,PREMIUM_SELL_RANGE,RANGE_DTE4_NEW_CYCLE_STRONG_SELL_CONTAINED_OR,14.6,1,57.66,HIGH,4,0,0,0,0,0,,,,
14:30:14,23234.5,23281.15,23186.55,MODERATE,23284.75,23116.1,0.702,RANGE,STRONG_SELL_PREMIUM,RANGE,NO_TRADE,NO_TRADE:PAST_14:30,13.54,1,57.64,HIGH,4,0,0,0,0,0,,,,
14:30:29,23234.05,23281.15,23186.55,MODERATE,23284.75,23116.1,0.699,RANGE,STRONG_SELL_PREMIUM,RANGE,NO_TRADE,NO_TRADE:PAST_14:30,13.54,1,57.62,HIGH,4,0,0,0,0,0,,,,
14:30:44,23232.05,23281.15,23186.55,MODERATE,23284.75,23116.1,0.688,RANGE,STRONG_SELL_PREMIUM,RANGE,NO_TRADE,NO_TRADE:PAST_14:30,13.54,1,57.59,HIGH,4,0,0,0,0,0,,,,
14:30:59,23230.2,23281.15,23186.55,MODERATE,23284.75,23116.1,0.677,RANGE,STRONG_SELL_PREMIUM,RANGE,NO_TRADE,NO_TRADE:PAST_14:30,13.54,1,57.57,HIGH,4,0,0,0,0,0,,,,
14:31:14,23229.8,23281.15,23186.55,MODERATE,23284.75,23116.1,0.674,RANGE,STRONG_SELL_PREMIUM,RANGE,NO_TRADE,NO_TRADE:PAST_14:30,13.54,1,57.55,HIGH,4,0,0,0,0,0,,,,
14:31:29,23230.0,23281.15,23186.55,MODERATE,23284.75,23116.1,0.675,RANGE,STRONG_SELL_PREMIUM,RANGE,NO_TRADE,NO_TRADE:PAST_14:30,13.54,1,57.53,HIGH,4,0,0,0,0,0,,,,
14:31:44,23229.75,23281.15,23186.55,MODERATE,23284.75,23116.1,0.674,RANGE,STRONG_SELL_PREMIUM,RANGE,NO_TRADE,NO_TRADE:PAST_14:30,13.54,1,57.5,HIGH,4,0,0,0,0,0,,,,
14:31:59,23229.95,23281.15,23186.55,MODERATE,23284.75,23116.1,0.675,RANGE,STRONG_SELL_PREMIUM,RANGE,NO_TRADE,NO_TRADE:PAST_14:30,13.54,1,57.48,HIGH,4,0,0,0,0,0,,,,
14:32:14,23231.25,23281.15,23186.55,MODERATE,23284.75,23116.1,0.683,RANGE,STRONG_SELL_PREMIUM,RANGE,NO_TRADE,NO_TRADE:PAST_14:30,13.54,1,57.46,HIGH,4,0,0,0,0,0,,,,
14:32:29,23230.7,23281.15,23186.55,MODERATE,23284.75,23116.1,0.680,RANGE,STRONG_SELL_PREMIUM,RANGE,NO_TRADE,NO_TRADE:PAST_14:30,13.54,1,57.43,HIGH,4,0,0,0,0,0,,,,
14:32:44,23229.65,23281.15,23186.55,MODERATE,23284.75,23116.1,0.673,RANGE,STRONG_SELL_PREMIUM,RANGE,NO_TRADE,NO_TRADE:PAST_14:30,13.54,1,57.41,HIGH,4,0,0,0,0,0,,,,
14:32:59,23230.15,23281.15,23186.55,MODERATE,23284.75,23116.1,0.676,RANGE,STRONG_SELL_PREMIUM,RANGE,NO_TRADE,NO_TRADE:PAST_14:30,13.54,1,57.39,HIGH,4,0,0,0,0,0,,,,
14:33:14,23231.05,23281.15,23186.55,MODERATE,23284.75,23116.1,0.682,RANGE,STRONG_SELL_PREMIUM,RANGE,NO_TRADE,NO_TRADE:PAST_14:30,13.54,1,57.37,HIGH,4,0,0,0,0,0,,,,
14:33:29,23230.5,23281.15,23186.55,MODERATE,23284.75,23116.1,0.678,RANGE,STRONG_SELL_PREMIUM,RANGE,NO_TRADE,NO_TRADE:PAST_14:30,13.54,1,57.34,HIGH,4,0,0,0,0,0,,,,
14:33:44,23226.95,23281.15,23186.55,MODERATE,23284.75,23116.1,0.657,RANGE,STRONG_SELL_PREMIUM,RANGE,NO_TRADE,NO_TRADE:PAST_14:30,13.54,1,57.32,HIGH,4,0,0,0,0,0,,,,
14:33:59,23229.45,23281.15,23186.55,MODERATE,23284.75,23116.1,0.672,RANGE,STRONG_SELL_PREMIUM,RANGE,NO_TRADE,NO_TRADE:PAST_14:30,13.54,1,57.3,HIGH,4,0,0,0,0,0,,,,
14:34:14,23229.6,23281.15,23186.55,MODERATE,23284.75,23116.1,0.673,RANGE,STRONG_SELL_PREMIUM,RANGE,NO_TRADE,NO_TRADE:PAST_14:30,13.54,1,57.28,HIGH,4,0,0,0,0,0,,,,
14:34:29,23228.2,23281.15,23186.55,MODERATE,23284.75,23116.1,0.665,RANGE,STRONG_SELL_PREMIUM,RANGE,NO_TRADE,NO_TRADE:PAST_14:30,13.54,1,57.25,HIGH,4,0,0,0,0,0,,,,
14:34:44,23228.3,23281.15,23186.55,MODERATE,23284.75,23116.1,0.665,RANGE,STRONG_SELL_PREMIUM,RANGE,NO_TRADE,NO_TRADE:PAST_14:30,13.54,1,57.23,HIGH,4,0,0,0,0,0,,,,
14:34:59,23229.75,23281.15,23186.55,MODERATE,23284.75,23116.1,0.674,RANGE,STRONG_SELL_PREMIUM,RANGE,NO_TRADE,NO_TRADE:PAST_14:30,13.54,1,57.21,HIGH,4,0,0,0,0,0,,,,
14:35:14,23230.45,23281.15,23186.55,MODERATE,23284.75,23116.1,0.678,RANGE,STRONG_SELL_PREMIUM,RANGE,NO_TRADE,NO_TRADE:PAST_14:30,12.77,1,57.19,HIGH,4,0,0,0,0,0,,,,
14:35:29,23233.6,23281.15,23186.55,MODERATE,23284.75,23116.1,0.697,RANGE,STRONG_SELL_PREMIUM,RANGE,NO_TRADE,NO_TRADE:PAST_14:30,12.77,1,57.16,HIGH,4,0,0,0,0,0,,,,
14:35:44,23235.9,23281.15,23186.55,MODERATE,23284.75,23116.1,0.710,RANGE,STRONG_SELL_PREMIUM,RANGE,NO_TRADE,NO_TRADE:PAST_14:30,12.77,1,57.14,HIGH,4,0,0,0,0,0,,,,
14:35:59,23234.45,23281.15,23186.55,MODERATE,23284.75,23116.1,0.702,RANGE,STRONG_SELL_PREMIUM,RANGE,NO_TRADE,NO_TRADE:PAST_14:30,12.77,1,57.12,HIGH,4,0,0,0,0,0,,,,
14:36:14,23235.35,23281.15,23186.55,MODERATE,23284.75,23116.1,0.707,RANGE,STRONG_SELL_PREMIUM,RANGE,NO_TRADE,NO_TRADE:PAST_14:30,12.77,1,57.1,HIGH,4,0,0,0,0,0,,,,
14:36:29,23235.5,23281.15,23186.55,MODERATE,23284.75,23116.1,0.708,RANGE,STRONG_SELL_PREMIUM,RANGE,NO_TRADE,NO_TRADE:PAST_14:30,12.77,1,57.08,HIGH,4,0,0,0,0,0,,,,
14:36:44,23233.65,23281.15,23186.55,MODERATE,23284.75,23116.1,0.697,RANGE,STRONG_SELL_PREMIUM,RANGE,NO_TRADE,NO_TRADE:PAST_14:30,12.77,1,57.05,HIGH,4,0,0,0,0,0,,,,
14:36:59,23230.55,23281.15,23186.55,MODERATE,23284.75,23116.1,0.679,RANGE,STRONG_SELL_PREMIUM,RANGE,NO_TRADE,NO_TRADE:PAST_14:30,12.77,1,57.03,HIGH,4,0,0,0,0,0,,,,
14:37:14,23227.05,23281.15,23186.55,MODERATE,23284.75,23116.1,0.658,RANGE,STRONG_SELL_PREMIUM,RANGE,NO_TRADE,NO_TRADE:PAST_14:30,12.77,1,57.01,HIGH,4,0,0,0,0,0,,,,
14:37:29,23226.5,23281.15,23186.55,MODERATE,23284.75,23116.1,0.655,RANGE,STRONG_SELL_PREMIUM,RANGE,NO_TRADE,NO_TRADE:PAST_14:30,12.77,1,56.99,HIGH,4,0,0,0,0,0,,,,
14:37:44,23225.85,23281.15,23186.55,MODERATE,23284.75,23116.1,0.651,RANGE,STRONG_SELL_PREMIUM,RANGE,NO_TRADE,NO_TRADE:PAST_14:30,12.77,1,56.96,HIGH,4,0,0,0,0,0,,,,
14:37:59,23227.6,23281.15,23186.55,MODERATE,23284.75,23116.1,0.661,RANGE,STRONG_SELL_PREMIUM,RANGE,NO_TRADE,NO_TRADE:PAST_14:30,12.77,1,56.94,HIGH,4,0,0,0,0,0,,,,
14:38:15,23227.1,23281.15,23186.55,MODERATE,23284.75,23116.1,0.658,RANGE,STRONG_SELL_PREMIUM,RANGE,NO_TRADE,NO_TRADE:PAST_14:30,12.63,1,56.92,HIGH,4,0,0,0,0,0,,,,
14:38:30,23226.35,23281.15,23186.55,MODERATE,23284.75,23116.1,0.654,RANGE,STRONG_SELL_PREMIUM,RANGE,NO_TRADE,NO_TRADE:PAST_14:30,12.63,1,56.9,HIGH,4,0,0,0,0,0,,,,
14:38:44,23222.75,23281.15,23186.55,MODERATE,23284.75,23116.1,0.632,RANGE,STRONG_SELL_PREMIUM,RANGE,NO_TRADE,NO_TRADE:PAST_14:30,12.63,1,56.88,HIGH,4,0,0,0,0,0,,,,
14:39:00,23223.0,23281.15,23186.55,MODERATE,23284.75,23116.1,0.634,RANGE,STRONG_SELL_PREMIUM,RANGE,NO_TRADE,NO_TRADE:PAST_14:30,12.63,1,56.85,HIGH,4,0,0,0,0,0,,,,
14:39:15,23224.05,23281.15,23186.55,MODERATE,23284.75,23116.1,0.640,RANGE,STRONG_SELL_PREMIUM,RANGE,NO_TRADE,NO_TRADE:PAST_14:30,12.63,1,56.83,HIGH,4,0,0,0,0,0,,,,
14:39:30,23226.55,23281.15,23186.55,MODERATE,23284.75,23116.1,0.655,RANGE,STRONG_SELL_PREMIUM,RANGE,NO_TRADE,NO_TRADE:PAST_14:30,12.63,1,56.81,HIGH,4,0,0,0,0,0,,,,
14:39:45,23229.35,23281.15,23186.55,MODERATE,23284.75,23116.1,0.672,RANGE,STRONG_SELL_PREMIUM,RANGE,NO_TRADE,NO_TRADE:PAST_14:30,12.63,1,56.79,HIGH,4,0,0,0,0,0,,,,
14:40:00,23228.35,23281.15,23186.55,MODERATE,23284.75,23116.1,0.666,RANGE,STRONG_SELL_PREMIUM,RANGE,NO_TRADE,NO_TRADE:PAST_14:30,11.82,1,56.77,HIGH,4,0,0,0,0,0,,,,
14:40:15,23229.5,23281.15,23186.55,MODERATE,23284.75,23116.1,0.672,RANGE,STRONG_SELL_PREMIUM,RANGE,NO_TRADE,NO_TRADE:PAST_14:30,11.82,1,56.74,HIGH,4,0,0,0,0,0,,,,
14:40:30,23229.45,23281.15,23186.55,MODERATE,23284.75,23116.1,0.672,RANGE,STRONG_SELL_PREMIUM,RANGE,NO_TRADE,NO_TRADE:PAST_14:30,11.82,1,56.72,HIGH,4,0,0,0,0,0,,,,
14:40:45,23231.1,23281.15,23186.55,MODERATE,23284.75,23116.1,0.682,RANGE,STRONG_SELL_PREMIUM,RANGE,NO_TRADE,NO_TRADE:PAST_14:30,11.82,1,56.7,HIGH,4,0,0,0,0,0,,,,
14:41:00,23232.35,23281.15,23186.55,MODERATE,23284.75,23116.1,0.689,RANGE,STRONG_SELL_PREMIUM,RANGE,NO_TRADE,NO_TRADE:PAST_14:30,11.82,1,56.68,HIGH,4,0,0,0,0,0,,,,
14:41:15,23233.25,23281.15,23186.55,MODERATE,23284.75,23116.1,0.695,RANGE,STRONG_SELL_PREMIUM,RANGE,NO_TRADE,NO_TRADE:PAST_14:30,11.82,1,56.66,HIGH,4,0,0,0,0,0,,,,
14:41:30,23231.75,23281.15,23186.55,MODERATE,23284.75,23116.1,0.686,RANGE,STRONG_SELL_PREMIUM,RANGE,NO_TRADE,NO_TRADE:PAST_14:30,11.82,1,56.64,HIGH,4,0,0,0,0,0,,,,
14:41:45,23235.95,23281.15,23186.55,MODERATE,23284.75,23116.1,0.711,RANGE,STRONG_SELL_PREMIUM,RANGE,NO_TRADE,NO_TRADE:PAST_14:30,11.82,1,56.61,HIGH,4,0,0,0,0,0,,,,
14:42:00,23235.6,23281.15,23186.55,MODERATE,23284.75,23116.1,0.709,RANGE,STRONG_SELL_PREMIUM,RANGE,NO_TRADE,NO_TRADE:PAST_14:30,11.82,1,56.59,HIGH,4,0,0,0,0,0,,,,
14:42:15,23230.3,23281.15,23186.55,MODERATE,23284.75,23116.1,0.677,RANGE,STRONG_SELL_PREMIUM,RANGE,NO_TRADE,NO_TRADE:PAST_14:30,11.82,1,56.57,HIGH,4,0,0,0,0,0,,,,
14:42:30,23228.0,23281.15,23186.55,MODERATE,23284.75,23116.1,0.664,RANGE,STRONG_SELL_PREMIUM,RANGE,NO_TRADE,NO_TRADE:PAST_14:30,11.82,1,56.55,HIGH,4,0,0,0,0,0,,,,
14:42:45,23228.1,23281.15,23186.55,MODERATE,23284.75,23116.1,0.664,RANGE,STRONG_SELL_PREMIUM,RANGE,NO_TRADE,NO_TRADE:PAST_14:30,11.82,1,56.53,HIGH,4,0,0,0,0,0,,,,
14:43:00,23228.35,23281.15,23186.55,MODERATE,23284.75,23116.1,0.666,RANGE,STRONG_SELL_PREMIUM,RANGE,NO_TRADE,NO_TRADE:PAST_14:30,11.82,1,56.51,HIGH,4,0,0,0,0,0,,,,
14:43:15,23227.2,23281.15,23186.55,MODERATE,23284.75,23116.1,0.659,RANGE,STRONG_SELL_PREMIUM,RANGE,NO_TRADE,NO_TRADE:PAST_14:30,11.82,1,56.48,HIGH,4,0,0,0,0,0,,,,
14:43:30,23228.2,23281.15,23186.55,MODERATE,23284.75,23116.1,0.665,RANGE,STRONG_SELL_PREMIUM,RANGE,NO_TRADE,NO_TRADE:PAST_14:30,11.82,1,56.46,HIGH,4,0,0,0,0,0,,,,
14:43:45,23230.9,23281.15,23186.55,MODERATE,23284.75,23116.1,0.681,RANGE,STRONG_SELL_PREMIUM,RANGE,NO_TRADE,NO_TRADE:PAST_14:30,11.82,1,56.44,HIGH,4,0,0,0,0,0,,,,
14:44:00,23231.6,23281.15,23186.55,MODERATE,23284.75,23116.1,0.685,RANGE,STRONG_SELL_PREMIUM,RANGE,NO_TRADE,NO_TRADE:PAST_14:30,11.71,1,56.42,HIGH,4,0,0,0,0,0,,,,
14:44:16,23236.7,23281.15,23186.55,MODERATE,23284.75,23116.1,0.715,RANGE,STRONG_SELL_PREMIUM,RANGE,NO_TRADE,NO_TRADE:PAST_14:30,11.71,1,56.4,HIGH,4,0,0,0,0,0,,,,
14:44:31,23236.55,23281.15,23186.55,MODERATE,23284.75,23116.1,0.714,RANGE,STRONG_SELL_PREMIUM,RANGE,NO_TRADE,NO_TRADE:PAST_14:30,11.71,1,56.38,HIGH,4,0,0,0,0,0,,,,
14:44:46,23233.6,23281.15,23186.55,MODERATE,23284.75,23116.1,0.697,RANGE,STRONG_SELL_PREMIUM,RANGE,NO_TRADE,NO_TRADE:PAST_14:30,11.71,1,56.36,HIGH,4,0,0,0,0,0,,,,
14:45:01,23234.75,23281.15,23186.55,MODERATE,23284.75,23116.1,0.704,RANGE,STRONG_SELL_PREMIUM,RANGE,NO_TRADE,NO_TRADE:PAST_14:30,10.87,1,56.33,HIGH,4,0,0,0,0,0,,,,
14:45:16,23234.45,23281.15,23186.55,MODERATE,23284.75,23116.1,0.702,RANGE,STRONG_SELL_PREMIUM,RANGE,NO_TRADE,NO_TRADE:PAST_14:30,10.87,1,56.31,HIGH,4,0,0,0,0,0,,,,
14:45:31,23234.5,23281.15,23186.55,MODERATE,23284.75,23116.1,0.702,RANGE,STRONG_SELL_PREMIUM,RANGE,NO_TRADE,NO_TRADE:PAST_14:30,10.87,1,56.29,HIGH,4,0,0,0,0,0,,,,
14:45:46,23235.4,23281.15,23186.55,MODERATE,23284.75,23116.1,0.707,RANGE,STRONG_SELL_PREMIUM,RANGE,NO_TRADE,NO_TRADE:PAST_14:30,10.87,1,56.27,HIGH,4,0,0,0,0,0,,,,
14:46:01,23235.35,23281.15,23186.55,MODERATE,23284.75,23116.1,0.707,RANGE,STRONG_SELL_PREMIUM,RANGE,NO_TRADE,NO_TRADE:PAST_14:30,10.76,1,56.25,HIGH,4,0,0,0,0,0,,,,
14:46:16,23239.0,23281.15,23186.55,MODERATE,23284.75,23116.1,0.729,RANGE,STRONG_SELL_PREMIUM,RANGE,NO_TRADE,NO_TRADE:PAST_14:30,10.76,1,56.23,HIGH,4,0,0,0,0,0,,,,
14:46:31,23238.05,23281.15,23186.55,MODERATE,23284.75,23116.1,0.723,RANGE,STRONG_SELL_PREMIUM,RANGE,NO_TRADE,NO_TRADE:PAST_14:30,10.76,1,56.21,HIGH,4,0,0,0,0,0,,,,
14:46:46,23237.9,23281.15,23186.55,MODERATE,23284.75,23116.1,0.722,RANGE,STRONG_SELL_PREMIUM,RANGE,NO_TRADE,NO_TRADE:PAST_14:30,10.76,1,56.18,HIGH,4,0,0,0,0,0,,,,
14:47:01,23236.3,23281.15,23186.55,MODERATE,23284.75,23116.1,0.713,RANGE,STRONG_SELL_PREMIUM,RANGE,NO_TRADE,NO_TRADE:PAST_14:30,10.76,1,56.16,HIGH,4,0,0,0,0,0,,,,
14:47:16,23237.15,23281.15,23186.55,MODERATE,23284.75,23116.1,0.718,RANGE,STRONG_SELL_PREMIUM,RANGE,NO_TRADE,NO_TRADE:PAST_14:30,10.76,1,56.14,HIGH,4,0,0,0,0,0,,,,
14:47:31,23235.55,23281.15,23186.55,MODERATE,23284.75,23116.1,0.708,RANGE,STRONG_SELL_PREMIUM,RANGE,NO_TRADE,NO_TRADE:PAST_14:30,10.76,1,56.12,HIGH,4,0,0,0,0,0,,,,
14:47:46,23236.55,23281.15,23186.55,MODERATE,23284.75,23116.1,0.714,RANGE,STRONG_SELL_PREMIUM,RANGE,NO_TRADE,NO_TRADE:PAST_14:30,10.76,1,56.1,HIGH,4,0,0,0,0,0,,,,
14:48:01,23238.05,23281.15,23186.55,MODERATE,23284.75,23116.1,0.723,RANGE,STRONG_SELL_PREMIUM,RANGE,NO_TRADE,NO_TRADE:PAST_14:30,10.76,1,56.08,HIGH,4,0,0,0,0,0,,,,
14:48:16,23238.65,23281.15,23186.55,MODERATE,23284.75,23116.1,0.727,RANGE,STRONG_SELL_PREMIUM,RANGE,NO_TRADE,NO_TRADE:PAST_14:30,10.76,1,56.06,HIGH,4,0,0,0,0,0,,,,
14:48:31,23235.05,23281.15,23186.55,MODERATE,23284.75,23116.1,0.705,RANGE,STRONG_SELL_PREMIUM,RANGE,NO_TRADE,NO_TRADE:PAST_14:30,10.76,1,56.04,HIGH,4,0,0,0,0,0,,,,
14:48:46,23234.85,23281.15,23186.55,MODERATE,23284.75,23116.1,0.704,RANGE,STRONG_SELL_PREMIUM,RANGE,NO_TRADE,NO_TRADE:PAST_14:30,10.76,1,56.02,HIGH,4,0,0,0,0,0,,,,
14:49:01,23231.5,23281.15,23186.55,MODERATE,23284.75,23116.1,0.684,RANGE,STRONG_SELL_PREMIUM,RANGE,NO_TRADE,NO_TRADE:PAST_14:30,10.76,1,55.99,HIGH,4,0,0,0,0,0,,,,
14:49:16,23232.65,23281.15,23186.55,MODERATE,23284.75,23116.1,0.691,RANGE,STRONG_SELL_PREMIUM,RANGE,NO_TRADE,NO_TRADE:PAST_14:30,10.76,1,55.97,HIGH,4,0,0,0,0,0,,,,
14:49:31,23234.5,23281.15,23186.55,MODERATE,23284.75,23116.1,0.702,RANGE,STRONG_SELL_PREMIUM,RANGE,NO_TRADE,NO_TRADE:PAST_14:30,10.76,1,55.95,HIGH,4,0,0,0,0,0,,,,
14:49:46,23235.35,23281.15,23186.55,MODERATE,23284.75,23116.1,0.707,RANGE,STRONG_SELL_PREMIUM,RANGE,NO_TRADE,NO_TRADE:PAST_14:30,10.76,1,55.93,HIGH,4,0,0,0,0,0,,,,
14:50:01,23237.05,23281.15,23186.55,MODERATE,23284.75,23116.1,0.717,RANGE,STRONG_SELL_PREMIUM,RANGE,NO_TRADE,NO_TRADE:PAST_14:30,10.26,1,55.91,HIGH,4,0,0,0,0,0,,,,
14:50:16,23233.2,23281.15,23186.55,MODERATE,23284.75,23116.1,0.694,RANGE,STRONG_SELL_PREMIUM,RANGE,NO_TRADE,NO_TRADE:PAST_14:30,10.26,1,55.89,HIGH,4,0,0,0,0,0,,,,
14:50:31,23237.15,23281.15,23186.55,MODERATE,23284.75,23116.1,0.718,RANGE,STRONG_SELL_PREMIUM,RANGE,NO_TRADE,NO_TRADE:PAST_14:30,10.26,1,55.87,HIGH,4,0,0,0,0,0,,,,
14:50:46,23239.0,23281.15,23186.55,MODERATE,23284.75,23116.1,0.729,RANGE,STRONG_SELL_PREMIUM,RANGE,NO_TRADE,NO_TRADE:PAST_14:30,10.26,1,55.85,HIGH,4,0,0,0,0,0,,,,
14:51:01,23241.6,23281.15,23186.55,MODERATE,23284.75,23116.1,0.744,RANGE,STRONG_SELL_PREMIUM,RANGE,NO_TRADE,NO_TRADE:PAST_14:30,11.09,1,55.83,HIGH,4,0,0,0,0,0,,,,
14:51:16,23242.1,23281.15,23186.55,MODERATE,23284.75,23116.1,0.747,RANGE,STRONG_SELL_PREMIUM,RANGE,NO_TRADE,NO_TRADE:PAST_14:30,11.09,1,55.81,HIGH,4,0,0,0,0,0,,,,
14:51:32,23243.75,23281.15,23186.55,MODERATE,23284.75,23116.1,0.757,RANGE,STRONG_SELL_PREMIUM,RANGE,NO_TRADE,NO_TRADE:PAST_14:30,11.09,1,55.79,HIGH,4,0,0,0,0,0,,,,
14:51:47,23238.85,23281.15,23186.55,MODERATE,23284.75,23116.1,0.728,RANGE,STRONG_SELL_PREMIUM,RANGE,NO_TRADE,NO_TRADE:PAST_14:30,11.09,1,55.77,HIGH,4,0,0,0,0,0,,,,
14:52:02,23236.65,23281.15,23186.55,MODERATE,23284.75,23116.1,0.715,RANGE,STRONG_SELL_PREMIUM,RANGE,NO_TRADE,NO_TRADE:PAST_14:30,11.09,1,55.74,HIGH,4,0,0,0,0,0,,,,
14:52:17,23236.9,23281.15,23186.55,MODERATE,23284.75,23116.1,0.716,RANGE,STRONG_SELL_PREMIUM,RANGE,NO_TRADE,NO_TRADE:PAST_14:30,11.09,1,55.72,HIGH,4,0,0,0,0,0,,,,
14:52:32,23235.35,23281.15,23186.55,MODERATE,23284.75,23116.1,0.707,RANGE,STRONG_SELL_PREMIUM,RANGE,NO_TRADE,NO_TRADE:PAST_14:30,11.09,1,55.7,HIGH,4,0,0,0,0,0,,,,
14:52:47,23239.45,23281.15,23186.55,MODERATE,23284.75,23116.1,0.731,RANGE,STRONG_SELL_PREMIUM,RANGE,NO_TRADE,NO_TRADE:PAST_14:30,11.09,1,55.68,HIGH,4,0,0,0,0,0,,,,
14:53:02,23238.35,23281.15,23186.55,MODERATE,23284.75,23116.1,0.725,RANGE,STRONG_SELL_PREMIUM,RANGE,NO_TRADE,NO_TRADE:PAST_14:30,11.09,1,55.66,HIGH,4,0,0,0,0,0,,,,
14:53:17,23240.8,23281.15,23186.55,MODERATE,23284.75,23116.1,0.739,RANGE,STRONG_SELL_PREMIUM,RANGE,NO_TRADE,NO_TRADE:PAST_14:30,11.09,1,55.64,HIGH,4,0,0,0,0,0,,,,
14:53:32,23240.55,23281.15,23186.55,MODERATE,23284.75,23116.1,0.738,RANGE,STRONG_SELL_PREMIUM,RANGE,NO_TRADE,NO_TRADE:PAST_14:30,11.09,1,55.62,HIGH,4,0,0,0,0,0,,,,
14:53:47,23239.05,23281.15,23186.55,MODERATE,23284.75,23116.1,0.729,RANGE,STRONG_SELL_PREMIUM,RANGE,NO_TRADE,NO_TRADE:PAST_14:30,11.09,1,55.6,HIGH,4,0,0,0,0,0,,,,
14:54:02,23240.15,23281.15,23186.55,MODERATE,23284.75,23116.1,0.736,RANGE,STRONG_SELL_PREMIUM,RANGE,NO_TRADE,NO_TRADE:PAST_14:30,11.09,1,55.58,HIGH,4,0,0,0,0,0,,,,
14:54:17,23241.7,23281.15,23186.55,MODERATE,23284.75,23116.1,0.745,RANGE,STRONG_SELL_PREMIUM,RANGE,NO_TRADE,NO_TRADE:PAST_14:30,11.09,1,55.56,HIGH,4,0,0,0,0,0,,,,
14:54:32,23240.15,23281.15,23186.55,MODERATE,23284.75,23116.1,0.736,RANGE,STRONG_SELL_PREMIUM,RANGE,NO_TRADE,NO_TRADE:PAST_14:30,11.09,1,55.54,HIGH,4,0,0,0,0,0,,,,
14:54:47,23237.3,23281.15,23186.55,MODERATE,23284.75,23116.1,0.719,RANGE,STRONG_SELL_PREMIUM,RANGE,NO_TRADE,NO_TRADE:PAST_14:30,11.09,1,55.52,HIGH,4,0,0,0,0,0,,,,
14:55:02,23238.65,23281.15,23186.55,MODERATE,23284.75,23116.1,0.727,RANGE,STRONG_SELL_PREMIUM,RANGE,NO_TRADE,NO_TRADE:PAST_14:30,11.52,1,55.5,HIGH,4,0,0,0,0,0,,,,
14:55:17,23239.6,23281.15,23186.55,MODERATE,23284.75,23116.1,0.732,RANGE,STRONG_SELL_PREMIUM,RANGE,NO_TRADE,NO_TRADE:PAST_14:30,11.52,1,55.48,HIGH,4,0,0,0,0,0,,,,
14:55:32,23242.75,23281.15,23186.55,MODERATE,23284.75,23116.1,0.751,RANGE,STRONG_SELL_PREMIUM,RANGE,NO_TRADE,NO_TRADE:PAST_14:30,11.52,1,55.46,HIGH,4,0,0,0,0,0,,,,
14:55:47,23243.05,23281.15,23186.55,MODERATE,23284.75,23116.1,0.753,RANGE,STRONG_SELL_PREMIUM,RANGE,NO_TRADE,NO_TRADE:PAST_14:30,11.52,1,55.44,HIGH,4,0,0,0,0,0,,,,
14:56:02,23243.35,23281.15,23186.55,MODERATE,23284.75,23116.1,0.755,RANGE,STRONG_SELL_PREMIUM,RANGE,NO_TRADE,NO_TRADE:PAST_14:30,12.82,1,55.42,HIGH,4,0,0,0,0,0,,,,
14:56:17,23250.65,23281.15,23186.55,MODERATE,23284.75,23116.1,0.798,RANGE,STRONG_SELL_PREMIUM,RANGE,NO_TRADE,NO_TRADE:PAST_14:30,12.82,1,55.4,HIGH,4,0,0,0,0,0,,,,
14:56:32,23251.05,23281.15,23186.55,MODERATE,23284.75,23116.1,0.800,RANGE,STRONG_SELL_PREMIUM,RANGE,NO_TRADE,NO_TRADE:PAST_14:30,12.82,1,55.38,HIGH,4,0,0,0,0,0,,,,
14:56:47,23250.3,23281.15,23186.55,MODERATE,23284.75,23116.1,0.796,RANGE,STRONG_SELL_PREMIUM,RANGE,NO_TRADE,NO_TRADE:PAST_14:30,12.82,1,55.36,HIGH,4,0,0,0,0,0,,,,
14:57:02,23250.35,23281.15,23186.55,MODERATE,23284.75,23116.1,0.796,RANGE,STRONG_SELL_PREMIUM,RANGE,NO_TRADE,NO_TRADE:PAST_14:30,14.14,1,55.34,HIGH,4,0,0,0,0,0,,,,
14:57:17,23260.9,23281.15,23186.55,MODERATE,23284.75,23116.1,0.859,RANGE,STRONG_SELL_PREMIUM,RANGE,NO_TRADE,NO_TRADE:PAST_14:30,14.14,1,55.32,HIGH,4,0,0,0,0,0,,,,
14:57:32,23255.7,23281.15,23186.55,MODERATE,23284.75,23116.1,0.828,RANGE,STRONG_SELL_PREMIUM,RANGE,NO_TRADE,NO_TRADE:PAST_14:30,14.14,1,55.29,HIGH,4,0,0,0,0,0,,,,
14:57:47,23254.95,23281.15,23186.55,MODERATE,23284.75,23116.1,0.823,RANGE,STRONG_SELL_PREMIUM,RANGE,NO_TRADE,NO_TRADE:PAST_14:30,14.14,1,55.27,HIGH,4,0,0,0,0,0,,,,
14:58:02,23253.65,23281.15,23186.55,MODERATE,23284.75,23116.1,0.816,RANGE,STRONG_SELL_PREMIUM,RANGE,NO_TRADE,NO_TRADE:PAST_14:30,14.14,1,55.25,HIGH,4,0,0,0,0,0,,,,
14:58:17,23250.65,23281.15,23186.55,MODERATE,23284.75,23116.1,0.798,RANGE,STRONG_SELL_PREMIUM,RANGE,NO_TRADE,NO_TRADE:PAST_14:30,14.14,1,55.23,HIGH,4,0,0,0,0,0,,,,
14:58:32,23250.75,23281.15,23186.55,MODERATE,23284.75,23116.1,0.798,RANGE,STRONG_SELL_PREMIUM,RANGE,NO_TRADE,NO_TRADE:PAST_14:30,14.14,1,55.21,HIGH,4,0,0,0,0,0,,,,
14:58:47,23247.05,23281.15,23186.55,MODERATE,23284.75,23116.1,0.776,RANGE,STRONG_SELL_PREMIUM,RANGE,NO_TRADE,NO_TRADE:PAST_14:30,14.14,1,55.19,HIGH,4,0,0,0,0,0,,,,
14:59:02,23243.75,23281.15,23186.55,MODERATE,23284.75,23116.1,0.757,RANGE,STRONG_SELL_PREMIUM,RANGE,NO_TRADE,NO_TRADE:PAST_14:30,14.14,1,55.17,HIGH,4,0,0,0,0,0,,,,
14:59:17,23244.1,23281.15,23186.55,MODERATE,23284.75,23116.1,0.759,RANGE,STRONG_SELL_PREMIUM,RANGE,NO_TRADE,NO_TRADE:PAST_14:30,14.14,1,55.15,HIGH,4,0,0,0,0,0,,,,
14:59:32,23240.9,23281.15,23186.55,MODERATE,23284.75,23116.1,0.740,RANGE,STRONG_SELL_PREMIUM,RANGE,NO_TRADE,NO_TRADE:PAST_14:30,14.14,1,55.13,HIGH,4,0,0,0,0,0,,,,
14:59:47,23236.15,23281.15,23186.55,MODERATE,23284.75,23116.1,0.712,RANGE,STRONG_SELL_PREMIUM,RANGE,NO_TRADE,NO_TRADE:PAST_14:30,14.14,1,55.11,HIGH,4,0,0,0,0,0,,,,
15:00:02,23228.05,23281.15,23186.55,MODERATE,23284.75,23116.1,0.664,RANGE,STRONG_SELL_PREMIUM,RANGE,NO_TRADE,NO_TRADE:PAST_14:30,13.88,1,55.09,HIGH,4,0,0,0,0,0,,,,
15:00:17,23228.9,23281.15,23186.55,MODERATE,23284.75,23116.1,0.669,RANGE,STRONG_SELL_PREMIUM,RANGE,NO_TRADE,NO_TRADE:PAST_14:30,13.88,1,55.07,HIGH,4,0,0,0,0,0,,,,
15:00:32,23224.05,23281.15,23186.55,MODERATE,23284.75,23116.1,0.640,RANGE,STRONG_SELL_PREMIUM,RANGE,NO_TRADE,NO_TRADE:PAST_14:30,13.88,1,55.05,HIGH,4,0,0,0,0,0,,,,
15:00:47,23224.85,23281.15,23186.55,MODERATE,23284.75,23116.1,0.645,RANGE,STRONG_SELL_PREMIUM,RANGE,NO_TRADE,NO_TRADE:PAST_14:30,13.88,1,55.03,HIGH,4,0,0,0,0,0,,,,
15:01:02,23225.9,23281.15,23186.55,MODERATE,23284.75,23116.1,0.651,RANGE,STRONG_SELL_PREMIUM,RANGE,NO_TRADE,NO_TRADE:PAST_14:30,13.88,1,55.01,HIGH,4,0,0,0,0,0,,,,
15:01:17,23230.0,23281.15,23186.55,MODERATE,23284.75,23116.1,0.675,RANGE,STRONG_SELL_PREMIUM,RANGE,NO_TRADE,NO_TRADE:PAST_14:30,13.88,1,54.99,HIGH,4,0,0,0,0,0,,,,
15:01:32,23229.55,23281.15,23186.55,MODERATE,23284.75,23116.1,0.673,RANGE,STRONG_SELL_PREMIUM,RANGE,NO_TRADE,NO_TRADE:PAST_14:30,13.88,1,54.97,HIGH,4,0,0,0,0,0,,,,
15:01:47,23227.5,23281.15,23186.55,MODERATE,23284.75,23116.1,0.661,RANGE,STRONG_SELL_PREMIUM,RANGE,NO_TRADE,NO_TRADE:PAST_14:30,13.88,1,54.95,HIGH,4,0,0,0,0,0,,,,
15:02:02,23229.95,23281.15,23186.55,MODERATE,23284.75,23116.1,0.675,RANGE,STRONG_SELL_PREMIUM,RANGE,NO_TRADE,NO_TRADE:PAST_14:30,13.88,1,54.93,HIGH,4,0,0,0,0,0,,,,
15:02:17,23231.5,23281.15,23186.55,MODERATE,23284.75,23116.1,0.684,RANGE,STRONG_SELL_PREMIUM,RANGE,NO_TRADE,NO_TRADE:PAST_14:30,13.88,1,54.91,HIGH,4,0,0,0,0,0,,,,
15:02:32,23231.95,23281.15,23186.55,MODERATE,23284.75,23116.1,0.687,RANGE,STRONG_SELL_PREMIUM,RANGE,NO_TRADE,NO_TRADE:PAST_14:30,13.88,1,54.9,HIGH,4,0,0,0,0,0,,,,
15:02:47,23231.15,23281.15,23186.55,MODERATE,23284.75,23116.1,0.682,RANGE,STRONG_SELL_PREMIUM,RANGE,NO_TRADE,NO_TRADE:PAST_14:30,13.88,1,54.88,HIGH,4,0,0,0,0,0,,,,
15:03:02,23230.35,23281.15,23186.55,MODERATE,23284.75,23116.1,0.677,RANGE,STRONG_SELL_PREMIUM,RANGE,NO_TRADE,NO_TRADE:PAST_14:30,13.88,1,54.86,HIGH,4,0,0,0,0,0,,,,
15:03:17,23230.7,23281.15,23186.55,MODERATE,23284.75,23116.1,0.680,RANGE,STRONG_SELL_PREMIUM,RANGE,NO_TRADE,NO_TRADE:PAST_14:30,13.88,1,54.84,HIGH,4,0,0,0,0,0,,,,
15:03:32,23231.65,23281.15,23186.55,MODERATE,23284.75,23116.1,0.685,RANGE,STRONG_SELL_PREMIUM,RANGE,NO_TRADE,NO_TRADE:PAST_14:30,13.88,1,54.82,HIGH,4,0,0,0,0,0,,,,
15:03:47,23230.6,23281.15,23186.55,MODERATE,23284.75,23116.1,0.679,RANGE,STRONG_SELL_PREMIUM,RANGE,NO_TRADE,NO_TRADE:PAST_14:30,13.88,1,54.8,HIGH,4,0,0,0,0,0,,,,
15:04:02,23230.25,23281.15,23186.55,MODERATE,23284.75,23116.1,0.677,RANGE,STRONG_SELL_PREMIUM,RANGE,NO_TRADE,NO_TRADE:PAST_14:30,13.88,1,54.78,HIGH,4,0,0,0,0,0,,,,
15:04:17,23232.5,23281.15,23186.55,MODERATE,23284.75,23116.1,0.690,RANGE,STRONG_SELL_PREMIUM,RANGE,NO_TRADE,NO_TRADE:PAST_14:30,13.88,1,54.76,HIGH,4,0,0,0,0,0,,,,
15:04:32,23231.05,23281.15,23186.55,MODERATE,23284.75,23116.1,0.682,RANGE,STRONG_SELL_PREMIUM,RANGE,NO_TRADE,NO_TRADE:PAST_14:30,13.88,1,54.74,HIGH,4,0,0,0,0,0,,,,
15:04:47,23229.4,23281.15,23186.55,MODERATE,23284.75,23116.1,0.672,RANGE,STRONG_SELL_PREMIUM,RANGE,NO_TRADE,NO_TRADE:PAST_14:30,13.88,1,54.72,HIGH,4,0,0,0,0,0,,,,
15:05:02,23232.2,23281.15,23186.55,MODERATE,23284.75,23116.1,0.688,RANGE,STRONG_SELL_PREMIUM,RANGE,NO_TRADE,NO_TRADE:PAST_14:30,13.64,1,54.7,HIGH,4,0,0,0,0,0,,,,
15:05:17,23231.05,23281.15,23186.55,MODERATE,23284.75,23116.1,0.682,RANGE,STRONG_SELL_PREMIUM,RANGE,NO_TRADE,NO_TRADE:PAST_14:30,13.64,1,54.68,HIGH,4,0,0,0,0,0,,,,
15:05:32,23231.1,23281.15,23186.55,MODERATE,23284.75,23116.1,0.682,RANGE,STRONG_SELL_PREMIUM,RANGE,NO_TRADE,NO_TRADE:PAST_14:30,13.64,1,54.66,HIGH,4,0,0,0,0,0,,,,
15:05:47,23229.7,23281.15,23186.55,MODERATE,23284.75,23116.1,0.674,RANGE,STRONG_SELL_PREMIUM,RANGE,NO_TRADE,NO_TRADE:PAST_14:30,13.64,1,54.64,HIGH,4,0,0,0,0,0,,,,
15:06:02,23228.65,23281.15,23186.55,MODERATE,23284.75,23116.1,0.667,RANGE,STRONG_SELL_PREMIUM,RANGE,NO_TRADE,NO_TRADE:PAST_14:30,13.54,1,54.62,HIGH,4,0,0,0,0,0,,,,
15:06:18,23225.3,23281.15,23186.55,MODERATE,23284.75,23116.1,0.647,RANGE,STRONG_SELL_PREMIUM,RANGE,NO_TRADE,NO_TRADE:PAST_14:30,13.54,1,54.6,HIGH,4,0,0,0,0,0,,,,
15:06:33,23223.75,23281.15,23186.55,MODERATE,23284.75,23116.1,0.638,RANGE,STRONG_SELL_PREMIUM,RANGE,NO_TRADE,NO_TRADE:PAST_14:30,13.54,1,54.58,HIGH,4,0,0,0,0,0,,,,
15:06:48,23222.55,23281.15,23186.55,MODERATE,23284.75,23116.1,0.631,RANGE,STRONG_SELL_PREMIUM,RANGE,NO_TRADE,NO_TRADE:PAST_14:30,13.54,1,54.56,HIGH,4,0,0,0,0,0,,,,
15:07:03,23225.55,23281.15,23186.55,MODERATE,23284.75,23116.1,0.649,RANGE,STRONG_SELL_PREMIUM,RANGE,NO_TRADE,NO_TRADE:PAST_14:30,13.54,1,54.54,HIGH,4,0,0,0,0,0,,,,
15:07:18,23228.6,23281.15,23186.55,MODERATE,23284.75,23116.1,0.667,RANGE,STRONG_SELL_PREMIUM,RANGE,NO_TRADE,NO_TRADE:PAST_14:30,13.54,1,54.52,HIGH,4,0,0,0,0,0,,,,
15:07:33,23231.0,23281.15,23186.55,MODERATE,23284.75,23116.1,0.681,RANGE,STRONG_SELL_PREMIUM,RANGE,NO_TRADE,NO_TRADE:PAST_14:30,13.54,1,54.5,HIGH,4,0,0,0,0,0,,,,
15:07:48,23231.4,23281.15,23186.55,MODERATE,23284.75,23116.1,0.684,RANGE,STRONG_SELL_PREMIUM,RANGE,NO_TRADE,NO_TRADE:PAST_14:30,13.54,1,54.48,HIGH,4,0,0,0,0,0,,,,
15:08:03,23229.5,23281.15,23186.55,MODERATE,23284.75,23116.1,0.672,RANGE,STRONG_SELL_PREMIUM,RANGE,NO_TRADE,NO_TRADE:PAST_14:30,13.54,1,54.47,HIGH,4,0,0,0,0,0,,,,
15:08:18,23229.8,23281.15,23186.55,MODERATE,23284.75,23116.1,0.674,RANGE,STRONG_SELL_PREMIUM,RANGE,NO_TRADE,NO_TRADE:PAST_14:30,13.54,1,54.45,HIGH,4,0,0,0,0,0,,,,
15:08:33,23229.8,23281.15,23186.55,MODERATE,23284.75,23116.1,0.674,RANGE,STRONG_SELL_PREMIUM,RANGE,NO_TRADE,NO_TRADE:PAST_14:30,13.54,1,54.43,HIGH,4,0,0,0,0,0,,,,
15:08:48,23228.5,23281.15,23186.55,MODERATE,23284.75,23116.1,0.666,RANGE,STRONG_SELL_PREMIUM,RANGE,NO_TRADE,NO_TRADE:PAST_14:30,13.54,1,54.41,HIGH,4,0,0,0,0,0,,,,
15:09:03,23228.4,23281.15,23186.55,MODERATE,23284.75,23116.1,0.666,RANGE,STRONG_SELL_PREMIUM,RANGE,NO_TRADE,NO_TRADE:PAST_14:30,13.54,1,54.39,HIGH,4,0,0,0,0,0,,,,
15:09:18,23227.05,23281.15,23186.55,MODERATE,23284.75,23116.1,0.658,RANGE,STRONG_SELL_PREMIUM,RANGE,NO_TRADE,NO_TRADE:PAST_14:30,13.54,1,54.37,HIGH,4,0,0,0,0,0,,,,
15:09:33,23227.45,23281.15,23186.55,MODERATE,23284.75,23116.1,0.660,RANGE,STRONG_SELL_PREMIUM,RANGE,NO_TRADE,NO_TRADE:PAST_14:30,13.54,1,54.35,HIGH,4,0,0,0,0,0,,,,
15:09:48,23226.85,23281.15,23186.55,MODERATE,23284.75,23116.1,0.657,RANGE,STRONG_SELL_PREMIUM,RANGE,NO_TRADE,NO_TRADE:PAST_14:30,13.54,1,54.33,HIGH,4,0,0,0,0,0,,,,
15:10:03,23229.65,23281.15,23186.55,MODERATE,23284.75,23116.1,0.673,RANGE,STRONG_SELL_PREMIUM,RANGE,NO_TRADE,NO_TRADE:PAST_14:30,13.96,1,54.31,HIGH,4,0,0,0,0,0,,,,
15:10:18,23232.35,23281.15,23186.55,MODERATE,23284.75,23116.1,0.689,RANGE,STRONG_SELL_PREMIUM,RANGE,NO_TRADE,NO_TRADE:PAST_14:30,13.96,1,54.29,HIGH,4,0,0,0,0,0,,,,
15:10:33,23236.2,23281.15,23186.55,MODERATE,23284.75,23116.1,0.712,RANGE,STRONG_SELL_PREMIUM,RANGE,NO_TRADE,NO_TRADE:PAST_14:30,13.96,1,54.27,HIGH,4,0,0,0,0,0,,,,
15:10:48,23232.45,23281.15,23186.55,MODERATE,23284.75,23116.1,0.690,RANGE,STRONG_SELL_PREMIUM,RANGE,NO_TRADE,NO_TRADE:PAST_14:30,13.96,1,54.25,HIGH,4,0,0,0,0,0,,,,
15:11:03,23233.2,23281.15,23186.55,MODERATE,23284.75,23116.1,0.694,RANGE,STRONG_SELL_PREMIUM,RANGE,NO_TRADE,NO_TRADE:PAST_14:30,13.96,1,54.24,HIGH,4,0,0,0,0,0,,,,
15:11:18,23231.3,23281.15,23186.55,MODERATE,23284.75,23116.1,0.683,RANGE,STRONG_SELL_PREMIUM,RANGE,NO_TRADE,NO_TRADE:PAST_14:30,13.96,1,54.22,HIGH,4,0,0,0,0,0,,,,
15:11:33,23230.15,23281.15,23186.55,MODERATE,23284.75,23116.1,0.676,RANGE,STRONG_SELL_PREMIUM,RANGE,NO_TRADE,NO_TRADE:PAST_14:30,13.96,1,54.2,HIGH,4,0,0,0,0,0,,,,
15:11:48,23230.55,23281.15,23186.55,MODERATE,23284.75,23116.1,0.679,RANGE,STRONG_SELL_PREMIUM,RANGE,NO_TRADE,NO_TRADE:PAST_14:30,13.96,1,54.18,HIGH,4,0,0,0,0,0,,,,
15:12:03,23228.4,23281.15,23186.55,MODERATE,23284.75,23116.1,0.666,RANGE,STRONG_SELL_PREMIUM,RANGE,NO_TRADE,NO_TRADE:PAST_14:30,12.23,1,54.16,HIGH,4,0,0,0,0,0,,,,
15:12:18,23227.4,23281.15,23186.55,MODERATE,23284.75,23116.1,0.660,RANGE,STRONG_SELL_PREMIUM,RANGE,NO_TRADE,NO_TRADE:PAST_14:30,12.23,1,54.14,HIGH,4,0,0,0,0,0,,,,
15:12:33,23229.7,23281.15,23186.55,MODERATE,23284.75,23116.1,0.674,RANGE,STRONG_SELL_PREMIUM,RANGE,NO_TRADE,NO_TRADE:PAST_14:30,12.23,1,54.12,HIGH,4,0,0,0,0,0,,,,
15:12:48,23221.8,23281.15,23186.55,MODERATE,23284.75,23116.1,0.627,RANGE,STRONG_SELL_PREMIUM,RANGE,NO_TRADE,NO_TRADE:PAST_14:30,12.23,1,54.1,HIGH,4,0,0,0,0,0,,,,
15:13:03,23219.75,23281.15,23186.55,MODERATE,23284.75,23116.1,0.615,RANGE,STRONG_SELL_PREMIUM,RANGE,NO_TRADE,NO_TRADE:PAST_14:30,12.23,1,54.08,HIGH,4,0,0,0,0,0,,,,
15:13:18,23221.65,23281.15,23186.55,MODERATE,23284.75,23116.1,0.626,RANGE,STRONG_SELL_PREMIUM,RANGE,NO_TRADE,NO_TRADE:PAST_14:30,12.23,1,54.06,HIGH,4,0,0,0,0,0,,,,
15:13:33,23224.7,23281.15,23186.55,MODERATE,23284.75,23116.1,0.644,RANGE,STRONG_SELL_PREMIUM,RANGE,NO_TRADE,NO_TRADE:PAST_14:30,12.23,1,54.05,HIGH,4,0,0,0,0,0,,,,
15:13:48,23225.3,23281.15,23186.55,MODERATE,23284.75,23116.1,0.647,RANGE,STRONG_SELL_PREMIUM,RANGE,NO_TRADE,NO_TRADE:PAST_14:30,12.23,1,54.03,HIGH,4,0,0,0,0,0,,,,
15:14:03,23226.85,23281.15,23186.55,MODERATE,23284.75,23116.1,0.657,RANGE,STRONG_SELL_PREMIUM,RANGE,NO_TRADE,NO_TRADE:PAST_14:30,12.23,1,54.01,HIGH,4,0,0,0,0,0,,,,
15:14:18,23227.1,23281.15,23186.55,MODERATE,23284.75,23116.1,0.658,RANGE,STRONG_SELL_PREMIUM,RANGE,NO_TRADE,NO_TRADE:PAST_14:30,12.23,1,53.99,HIGH,4,0,0,0,0,0,,,,
15:14:33,23224.95,23281.15,23186.55,MODERATE,23284.75,23116.1,0.645,RANGE,STRONG_SELL_PREMIUM,RANGE,NO_TRADE,NO_TRADE:PAST_14:30,12.23,1,53.97,HIGH,4,0,0,0,0,0,,,,
15:14:48,23229.6,23281.15,23186.55,MODERATE,23284.75,23116.1,0.673,RANGE,STRONG_SELL_PREMIUM,RANGE,NO_TRADE,NO_TRADE:PAST_14:30,12.23,1,53.95,HIGH,4,0,0,0,0,0,,,,
15:15:03,23224.15,23281.15,23186.55,MODERATE,23284.75,23116.1,0.641,RANGE,STRONG_SELL_PREMIUM,RANGE,NO_TRADE,NO_TRADE:PAST_14:30,11.05,1,53.93,HIGH,4,0,0,0,0,0,,,,
15:15:18,23224.15,23281.15,23186.55,MODERATE,23284.75,23116.1,0.641,RANGE,STRONG_SELL_PREMIUM,RANGE,NO_TRADE,NO_TRADE:PAST_14:30,11.05,1,53.91,HIGH,4,0,0,0,0,0,NO_TRADE,,NO_TRADE:PAST_14:30,
15:15:33,23224.15,23281.15,23186.55,MODERATE,23284.75,23116.1,0.641,RANGE,STRONG_SELL_PREMIUM,RANGE,NO_TRADE,NO_TRADE:PAST_14:30,11.05,1,53.9,HIGH,4,0,0,0,0,0,NO_TRADE,,NO_TRADE:PAST_14:30,
15:15:48,23224.15,23281.15,23186.55,MODERATE,23284.75,23116.1,0.641,RANGE,STRONG_SELL_PREMIUM,RANGE,NO_TRADE,NO_TRADE:PAST_14:30,11.05,1,53.88,HIGH,4,0,0,0,0,0,NO_TRADE,,NO_TRADE:PAST_14:30,
15:16:03,23224.15,23281.15,23186.55,MODERATE,23284.75,23116.1,0.641,RANGE,STRONG_SELL_PREMIUM,RANGE,NO_TRADE,NO_TRADE:PAST_14:30,11.05,1,53.86,HIGH,4,0,0,0,0,0,NO_TRADE,,NO_TRADE:PAST_14:30,
15:16:19,23224.15,23281.15,23186.55,MODERATE,23284.75,23116.1,0.641,RANGE,STRONG_SELL_PREMIUM,RANGE,NO_TRADE,NO_TRADE:PAST_14:30,11.05,1,53.84,HIGH,4,0,0,0,0,0,NO_TRADE,,NO_TRADE:PAST_14:30,
15:16:34,23224.15,23281.15,23186.55,MODERATE,23284.75,23116.1,0.641,RANGE,STRONG_SELL_PREMIUM,RANGE,NO_TRADE,NO_TRADE:PAST_14:30,11.05,1,53.82,HIGH,4,0,0,0,0,0,NO_TRADE,,NO_TRADE:PAST_14:30,
15:16:49,23224.15,23281.15,23186.55,MODERATE,23284.75,23116.1,0.641,RANGE,STRONG_SELL_PREMIUM,RANGE,NO_TRADE,NO_TRADE:PAST_14:30,11.05,1,53.8,HIGH,4,0,0,0,0,0,NO_TRADE,,NO_TRADE:PAST_14:30,
15:17:04,23224.15,23281.15,23186.55,MODERATE,23284.75,23116.1,0.641,RANGE,STRONG_SELL_PREMIUM,RANGE,NO_TRADE,NO_TRADE:PAST_14:30,11.05,1,53.78,HIGH,4,0,0,0,0,0,NO_TRADE,,NO_TRADE:PAST_14:30,
15:17:19,23224.15,23281.15,23186.55,MODERATE,23284.75,23116.1,0.641,RANGE,STRONG_SELL_PREMIUM,RANGE,NO_TRADE,NO_TRADE:PAST_14:30,11.05,1,53.76,HIGH,4,0,0,0,0,0,NO_TRADE,,NO_TRADE:PAST_14:30,
15:17:34,23224.15,23281.15,23186.55,MODERATE,23284.75,23116.1,0.641,RANGE,STRONG_SELL_PREMIUM,RANGE,NO_TRADE,NO_TRADE:PAST_14:30,11.05,1,53.75,HIGH,4,0,0,0,0,0,NO_TRADE,,NO_TRADE:PAST_14:30,
15:17:49,23224.15,23281.15,23186.55,MODERATE,23284.75,23116.1,0.641,RANGE,STRONG_SELL_PREMIUM,RANGE,NO_TRADE,NO_TRADE:PAST_14:30,11.05,1,53.73,HIGH,4,0,0,0,0,0,NO_TRADE,,NO_TRADE:PAST_14:30,
15:18:04,23224.15,23281.15,23186.55,MODERATE,23284.75,23116.1,0.641,RANGE,STRONG_SELL_PREMIUM,RANGE,NO_TRADE,NO_TRADE:PAST_14:30,11.05,1,53.71,HIGH,4,0,0,0,0,0,NO_TRADE,,NO_TRADE:PAST_14:30,
15:18:19,23224.15,23281.15,23186.55,MODERATE,23284.75,23116.1,0.641,RANGE,STRONG_SELL_PREMIUM,RANGE,NO_TRADE,NO_TRADE:PAST_14:30,11.05,1,53.69,HIGH,4,0,0,0,0,0,NO_TRADE,,NO_TRADE:PAST_14:30,
15:18:34,23224.15,23281.15,23186.55,MODERATE,23284.75,23116.1,0.641,RANGE,STRONG_SELL_PREMIUM,RANGE,NO_TRADE,NO_TRADE:PAST_14:30,11.05,1,53.67,HIGH,4,0,0,0,0,0,NO_TRADE,,NO_TRADE:PAST_14:30,
15:18:49,23224.15,23281.15,23186.55,MODERATE,23284.75,23116.1,0.641,RANGE,STRONG_SELL_PREMIUM,RANGE,NO_TRADE,NO_TRADE:PAST_14:30,11.05,1,53.65,HIGH,4,0,0,0,0,0,NO_TRADE,,NO_TRADE:PAST_14:30,
15:19:04,23224.15,23281.15,23186.55,MODERATE,23284.75,23116.1,0.641,RANGE,STRONG_SELL_PREMIUM,RANGE,NO_TRADE,NO_TRADE:PAST_14:30,11.05,1,53.63,HIGH,4,0,0,0,0,0,NO_TRADE,,NO_TRADE:PAST_14:30,
15:19:19,23224.15,23281.15,23186.55,MODERATE,23284.75,23116.1,0.641,RANGE,STRONG_SELL_PREMIUM,RANGE,NO_TRADE,NO_TRADE:PAST_14:30,11.05,1,53.62,HIGH,4,0,0,0,0,0,NO_TRADE,,NO_TRADE:PAST_14:30,
15:19:34,23224.15,23281.15,23186.55,MODERATE,23284.75,23116.1,0.641,RANGE,STRONG_SELL_PREMIUM,RANGE,NO_TRADE,NO_TRADE:PAST_14:30,11.05,1,53.6,HIGH,4,0,0,0,0,0,NO_TRADE,,NO_TRADE:PAST_14:30,
15:19:49,23224.15,23281.15,23186.55,MODERATE,23284.75,23116.1,0.641,RANGE,STRONG_SELL_PREMIUM,RANGE,NO_TRADE,NO_TRADE:PAST_14:30,11.05,1,53.58,HIGH,4,0,0,0,0,0,NO_TRADE,,NO_TRADE:PAST_14:30,
15:20:04,23224.15,23281.15,23186.55,MODERATE,23284.75,23116.1,0.641,RANGE,STRONG_SELL_PREMIUM,RANGE,NO_TRADE,NO_TRADE:PAST_14:30,9.99,1,53.56,HIGH,4,0,0,0,0,0,NO_TRADE,,NO_TRADE:PAST_14:30,
15:20:19,23224.15,23281.15,23186.55,MODERATE,23284.75,23116.1,0.641,RANGE,STRONG_SELL_PREMIUM,RANGE,NO_TRADE,NO_TRADE:PAST_14:30,9.99,1,53.54,HIGH,4,0,0,0,0,0,NO_TRADE,,NO_TRADE:PAST_14:30,
15:20:34,23224.15,23281.15,23186.55,MODERATE,23284.75,23116.1,0.641,RANGE,STRONG_SELL_PREMIUM,RANGE,NO_TRADE,NO_TRADE:PAST_14:30,9.99,1,53.52,HIGH,4,0,0,0,0,0,NO_TRADE,,NO_TRADE:PAST_14:30,
15:20:49,23224.15,23281.15,23186.55,MODERATE,23284.75,23116.1,0.641,RANGE,STRONG_SELL_PREMIUM,RANGE,NO_TRADE,NO_TRADE:PAST_14:30,9.99,1,53.51,HIGH,4,0,0,0,0,0,NO_TRADE,,NO_TRADE:PAST_14:30,
15:21:04,23224.15,23281.15,23186.55,MODERATE,23284.75,23116.1,0.641,RANGE,STRONG_SELL_PREMIUM,RANGE,NO_TRADE,NO_TRADE:PAST_14:30,9.99,1,53.49,HIGH,4,0,0,0,0,0,NO_TRADE,,NO_TRADE:PAST_14:30,
15:21:19,23224.15,23281.15,23186.55,MODERATE,23284.75,23116.1,0.641,RANGE,STRONG_SELL_PREMIUM,RANGE,NO_TRADE,NO_TRADE:PAST_14:30,9.99,1,53.47,HIGH,4,0,0,0,0,0,NO_TRADE,,NO_TRADE:PAST_14:30,
15:21:34,23224.15,23281.15,23186.55,MODERATE,23284.75,23116.1,0.641,RANGE,STRONG_SELL_PREMIUM,RANGE,NO_TRADE,NO_TRADE:PAST_14:30,9.99,1,53.45,HIGH,4,0,0,0,0,0,NO_TRADE,,NO_TRADE:PAST_14:30,
15:21:49,23224.15,23281.15,23186.55,MODERATE,23284.75,23116.1,0.641,RANGE,STRONG_SELL_PREMIUM,RANGE,NO_TRADE,NO_TRADE:PAST_14:30,9.99,1,53.43,HIGH,4,0,0,0,0,0,NO_TRADE,,NO_TRADE:PAST_14:30,
15:22:04,23224.15,23281.15,23186.55,MODERATE,23284.75,23116.1,0.641,RANGE,STRONG_SELL_PREMIUM,RANGE,NO_TRADE,NO_TRADE:PAST_14:30,9.99,1,53.41,HIGH,4,0,0,0,0,0,NO_TRADE,,NO_TRADE:PAST_14:30,
15:22:19,23224.15,23281.15,23186.55,MODERATE,23284.75,23116.1,0.641,RANGE,STRONG_SELL_PREMIUM,RANGE,NO_TRADE,NO_TRADE:PAST_14:30,9.99,1,53.4,HIGH,4,0,0,0,0,0,NO_TRADE,,NO_TRADE:PAST_14:30,
15:22:34,23224.15,23281.15,23186.55,MODERATE,23284.75,23116.1,0.641,RANGE,STRONG_SELL_PREMIUM,RANGE,NO_TRADE,NO_TRADE:PAST_14:30,9.99,1,53.38,HIGH,4,0,0,0,0,0,NO_TRADE,,NO_TRADE:PAST_14:30,
15:22:49,23224.15,23281.15,23186.55,MODERATE,23284.75,23116.1,0.641,RANGE,STRONG_SELL_PREMIUM,RANGE,NO_TRADE,NO_TRADE:PAST_14:30,9.99,1,53.36,HIGH,4,0,0,0,0,0,NO_TRADE,,NO_TRADE:PAST_14:30,
15:23:05,23224.15,23281.15,23186.55,MODERATE,23284.75,23116.1,0.641,RANGE,STRONG_SELL_PREMIUM,RANGE,NO_TRADE,NO_TRADE:PAST_14:30,9.99,1,53.34,HIGH,4,0,0,0,0,0,NO_TRADE,,NO_TRADE:PAST_14:30,
15:23:20,23224.15,23281.15,23186.55,MODERATE,23284.75,23116.1,0.641,RANGE,STRONG_SELL_PREMIUM,RANGE,NO_TRADE,NO_TRADE:PAST_14:30,9.99,1,53.32,HIGH,4,0,0,0,0,0,NO_TRADE,,NO_TRADE:PAST_14:30,
15:23:35,23224.15,23281.15,23186.55,MODERATE,23284.75,23116.1,0.641,RANGE,STRONG_SELL_PREMIUM,RANGE,NO_TRADE,NO_TRADE:PAST_14:30,9.99,1,53.31,HIGH,4,0,0,0,0,0,NO_TRADE,,NO_TRADE:PAST_14:30,
15:23:50,23224.15,23281.15,23186.55,MODERATE,23284.75,23116.1,0.641,RANGE,STRONG_SELL_PREMIUM,RANGE,NO_TRADE,NO_TRADE:PAST_14:30,9.99,1,53.29,HIGH,4,0,0,0,0,0,NO_TRADE,,NO_TRADE:PAST_14:30,
15:24:05,23224.15,23281.15,23186.55,MODERATE,23284.75,23116.1,0.641,RANGE,STRONG_SELL_PREMIUM,RANGE,NO_TRADE,NO_TRADE:PAST_14:30,9.99,1,53.27,HIGH,4,0,0,0,0,0,NO_TRADE,,NO_TRADE:PAST_14:30,
15:24:20,23224.15,23281.15,23186.55,MODERATE,23284.75,23116.1,0.641,RANGE,STRONG_SELL_PREMIUM,RANGE,NO_TRADE,NO_TRADE:PAST_14:30,9.99,1,53.25,HIGH,4,0,0,0,0,0,NO_TRADE,,NO_TRADE:PAST_14:30,
15:24:35,23224.15,23281.15,23186.55,MODERATE,23284.75,23116.1,0.641,RANGE,STRONG_SELL_PREMIUM,RANGE,NO_TRADE,NO_TRADE:PAST_14:30,9.99,1,53.23,HIGH,4,0,0,0,0,0,NO_TRADE,,NO_TRADE:PAST_14:30,
15:24:50,23224.15,23281.15,23186.55,MODERATE,23284.75,23116.1,0.641,RANGE,STRONG_SELL_PREMIUM,RANGE,NO_TRADE,NO_TRADE:PAST_14:30,9.99,1,53.21,HIGH,4,0,0,0,0,0,NO_TRADE,,NO_TRADE:PAST_14:30,
15:25:05,23224.15,23281.15,23186.55,MODERATE,23284.75,23116.1,0.641,RANGE,STRONG_SELL_PREMIUM,RANGE,NO_TRADE,NO_TRADE:PAST_14:30,9.03,1,53.2,HIGH,4,0,0,0,0,0,NO_TRADE,,NO_TRADE:PAST_14:30,
15:25:20,23224.15,23281.15,23186.55,MODERATE,23284.75,23116.1,0.641,RANGE,STRONG_SELL_PREMIUM,RANGE,NO_TRADE,NO_TRADE:PAST_14:30,9.03,1,53.18,HIGH,4,0,0,0,0,0,NO_TRADE,,NO_TRADE:PAST_14:30,
15:25:35,23224.15,23281.15,23186.55,MODERATE,23284.75,23116.1,0.641,RANGE,STRONG_SELL_PREMIUM,RANGE,NO_TRADE,NO_TRADE:PAST_14:30,9.03,1,53.16,HIGH,4,0,0,0,0,0,NO_TRADE,,NO_TRADE:PAST_14:30,
15:25:50,23224.15,23281.15,23186.55,MODERATE,23284.75,23116.1,0.641,RANGE,STRONG_SELL_PREMIUM,RANGE,NO_TRADE,NO_TRADE:PAST_14:30,9.03,1,53.14,HIGH,4,0,0,0,0,0,NO_TRADE,,NO_TRADE:PAST_14:30,
15:26:05,23224.15,23281.15,23186.55,MODERATE,23284.75,23116.1,0.641,RANGE,STRONG_SELL_PREMIUM,RANGE,NO_TRADE,NO_TRADE:PAST_14:30,9.03,1,53.12,HIGH,4,0,0,0,0,0,NO_TRADE,,NO_TRADE:PAST_14:30,
15:26:20,23224.15,23281.15,23186.55,MODERATE,23284.75,23116.1,0.641,RANGE,STRONG_SELL_PREMIUM,RANGE,NO_TRADE,NO_TRADE:PAST_14:30,9.03,1,53.11,HIGH,4,0,0,0,0,0,NO_TRADE,,NO_TRADE:PAST_14:30,
15:26:36,23224.15,23281.15,23186.55,MODERATE,23284.75,23116.1,0.641,RANGE,STRONG_SELL_PREMIUM,RANGE,NO_TRADE,NO_TRADE:PAST_14:30,9.03,1,53.09,HIGH,4,0,0,0,0,0,NO_TRADE,,NO_TRADE:PAST_14:30,
15:26:50,23224.15,23281.15,23186.55,MODERATE,23284.75,23116.1,0.641,RANGE,STRONG_SELL_PREMIUM,RANGE,NO_TRADE,NO_TRADE:PAST_14:30,9.03,1,53.07,HIGH,4,0,0,0,0,0,NO_TRADE,,NO_TRADE:PAST_14:30,
15:27:06,23224.15,23281.15,23186.55,MODERATE,23284.75,23116.1,0.641,RANGE,STRONG_SELL_PREMIUM,RANGE,NO_TRADE,NO_TRADE:PAST_14:30,9.03,1,53.05,HIGH,4,0,0,0,0,0,NO_TRADE,,NO_TRADE:PAST_14:30,
15:27:21,23224.15,23281.15,23186.55,MODERATE,23284.75,23116.1,0.641,RANGE,STRONG_SELL_PREMIUM,RANGE,NO_TRADE,NO_TRADE:PAST_14:30,9.03,1,53.04,HIGH,4,0,0,0,0,0,NO_TRADE,,NO_TRADE:PAST_14:30,
15:27:36,23224.15,23281.15,23186.55,MODERATE,23284.75,23116.1,0.641,RANGE,STRONG_SELL_PREMIUM,RANGE,NO_TRADE,NO_TRADE:PAST_14:30,9.03,1,53.02,HIGH,4,0,0,0,0,0,NO_TRADE,,NO_TRADE:PAST_14:30,
15:27:51,23224.15,23281.15,23186.55,MODERATE,23284.75,23116.1,0.641,RANGE,STRONG_SELL_PREMIUM,RANGE,NO_TRADE,NO_TRADE:PAST_14:30,9.03,1,53.0,HIGH,4,0,0,0,0,0,NO_TRADE,,NO_TRADE:PAST_14:30,
15:28:06,23224.15,23281.15,23186.55,MODERATE,23284.75,23116.1,0.641,RANGE,STRONG_SELL_PREMIUM,RANGE,NO_TRADE,NO_TRADE:PAST_14:30,9.03,1,52.98,HIGH,4,0,0,0,0,0,NO_TRADE,,NO_TRADE:PAST_14:30,
15:28:21,23224.15,23281.15,23186.55,MODERATE,23284.75,23116.1,0.641,RANGE,STRONG_SELL_PREMIUM,RANGE,NO_TRADE,NO_TRADE:PAST_14:30,9.03,1,52.96,HIGH,4,0,0,0,0,0,NO_TRADE,,NO_TRADE:PAST_14:30,
15:28:36,23224.15,23281.15,23186.55,MODERATE,23284.75,23116.1,0.641,RANGE,STRONG_SELL_PREMIUM,RANGE,NO_TRADE,NO_TRADE:PAST_14:30,9.03,1,52.95,HIGH,4,0,0,0,0,0,NO_TRADE,,NO_TRADE:PAST_14:30,
15:28:51,23224.15,23281.15,23186.55,MODERATE,23284.75,23116.1,0.641,RANGE,STRONG_SELL_PREMIUM,RANGE,NO_TRADE,NO_TRADE:PAST_14:30,9.03,1,52.93,HIGH,4,0,0,0,0,0,NO_TRADE,,NO_TRADE:PAST_14:30,
15:29:06,23224.15,23281.15,23186.55,MODERATE,23284.75,23116.1,0.641,RANGE,STRONG_SELL_PREMIUM,RANGE,NO_TRADE,NO_TRADE:PAST_14:30,10.44,1,52.91,HIGH,4,0,0,0,0,0,NO_TRADE,,NO_TRADE:PAST_14:30,
15:29:21,23224.15,23281.15,23186.55,MODERATE,23284.75,23116.1,0.641,RANGE,STRONG_SELL_PREMIUM,RANGE,NO_TRADE,NO_TRADE:PAST_14:30,10.44,1,52.89,HIGH,4,0,0,0,0,0,NO_TRADE,,NO_TRADE:PAST_14:30,
15:29:36,23224.15,23281.15,23186.55,MODERATE,23284.75,23116.1,0.641,RANGE,STRONG_SELL_PREMIUM,RANGE,NO_TRADE,NO_TRADE:PAST_14:30,10.44,1,52.88,HIGH,4,0,0,0,0,0,NO_TRADE,,NO_TRADE:PAST_14:30,
15:29:51,23224.15,23281.15,23186.55,MODERATE,23284.75,23116.1,0.641,RANGE,STRONG_SELL_PREMIUM,RANGE,NO_TRADE,NO_TRADE:PAST_14:30,10.44,1,52.86,HIGH,4,0,0,0,0,0,NO_TRADE,,NO_TRADE:PAST_14:30,
15:30:06,23217.6,23281.15,23186.55,MODERATE,23284.75,23116.1,0.602,RANGE,NEUTRAL,RANGE,NO_TRADE,NO_TRADE:PAST_14:30,10.44,1,52.85,HIGH,4,0,0,0,0,0,NO_TRADE,,NO_TRADE:PAST_14:30,
15:30:21,23217.6,23281.15,23186.55,MODERATE,23284.75,23116.1,0.602,RANGE,NEUTRAL,RANGE,NO_TRADE,NO_TRADE:PAST_14:30,10.44,1,52.85,HIGH,4,0,0,0,0,0,NO_TRADE,,NO_TRADE:PAST_14:30,
15:30:36,23217.6,23281.15,23186.55,MODERATE,23284.75,23116.1,0.602,RANGE,NEUTRAL,RANGE,NO_TRADE,NO_TRADE:PAST_14:30,10.44,1,52.85,HIGH,4,0,0,0,0,0,NO_TRADE,,NO_TRADE:PAST_14:30,
15:30:51,23217.6,23281.15,23186.55,MODERATE,23284.75,23116.1,0.602,RANGE,NEUTRAL,RANGE,NO_TRADE,NO_TRADE:PAST_14:30,10.44,1,52.85,HIGH,4,0,0,0,0,0,NO_TRADE,,NO_TRADE:PAST_14:30,
