time,spot,or_h,or_l,or_cond,day_h,day_l,loc,px,vol,pos,final,notes,adx,adx_m,dmu,conf,dte,choppy,fade_hi,fade_lo,fb_lo,fb_hi,action,strat,reason,in_trade
09:15:06,23241.85,,,,23277.3,23231.4,0.228,OBSERVING,SELL_PREMIUM,BEARISH,NO_TRADE,NO_TRADE:OR_NOT_ESTABLISHED,0.0,0,0.0,NONE,1,0,0,0,0,0,NO_TRADE,,NO_TRADE:OR_NOT_ESTABLISHED,
09:15:21,23246.05,,,,23277.3,23231.4,0.319,OBSERVING,NEUTRAL,BEARISH,NO_TRADE,NO_TRADE:OR_NOT_ESTABLISHED,0.0,0,0.0,NONE,1,0,0,0,0,0,NO_TRADE,,NO_TRADE:OR_NOT_ESTABLISHED,
09:15:36,23240.9,,,,23277.3,23231.4,0.207,OBSERVING,NEUTRAL,BEARISH,NO_TRADE,NO_TRADE:OR_NOT_ESTABLISHED,0.0,0,0.0,NONE,1,0,0,0,0,0,NO_TRADE,,NO_TRADE:OR_NOT_ESTABLISHED,
09:15:51,23243.1,,,,23277.3,23231.4,0.255,OBSERVING,NEUTRAL,BEARISH,NO_TRADE,NO_TRADE:OR_NOT_ESTABLISHED,0.0,0,0.0,NONE,1,0,0,0,0,0,NO_TRADE,,NO_TRADE:OR_NOT_ESTABLISHED,
09:16:06,23241.45,,,,23277.3,23231.4,0.219,OBSERVING,NEUTRAL,BEARISH,NO_TRADE,NO_TRADE:OR_NOT_ESTABLISHED,0.0,0,0.0,NONE,1,0,0,0,0,0,NO_TRADE,,NO_TRADE:OR_NOT_ESTABLISHED,
09:16:21,23243.8,,,,23277.3,23231.4,0.270,OBSERVING,NEUTRAL,BEARISH,NO_TRADE,NO_TRADE:OR_NOT_ESTABLISHED,0.0,0,0.0,NONE,1,0,0,0,0,0,NO_TRADE,,NO_TRADE:OR_NOT_ESTABLISHED,
09:16:36,23244.0,,,,23277.3,23231.4,0.275,OBSERVING,NEUTRAL,BEARISH,NO_TRADE,NO_TRADE:OR_NOT_ESTABLISHED,0.0,0,0.0,NONE,1,0,0,0,0,0,NO_TRADE,,NO_TRADE:OR_NOT_ESTABLISHED,
09:16:52,23244.7,,,,23277.3,23231.4,0.290,OBSERVING,NEUTRAL,BEARISH,NO_TRADE,NO_TRADE:OR_NOT_ESTABLISHED,0.0,0,0.0,NONE,1,0,0,0,0,0,NO_TRADE,,NO_TRADE:OR_NOT_ESTABLISHED,
09:17:19,23235.25,,,,23277.3,23231.4,0.084,OBSERVING,NEUTRAL,UNCLEAR,NO_TRADE,NO_TRADE:OR_NOT_ESTABLISHED,0.0,0,0.0,NONE,1,0,0,0,0,0,NO_TRADE,,NO_TRADE:OR_NOT_ESTABLISHED,
09:17:23,23237.0,,,,23277.3,23231.4,0.122,OBSERVING,NEUTRAL,UNCLEAR,NO_TRADE,NO_TRADE:OR_NOT_ESTABLISHED,0.0,0,0.0,NONE,1,0,0,0,0,0,NO_TRADE,,NO_TRADE:OR_NOT_ESTABLISHED,
09:17:38,23236.6,,,,23277.3,23231.4,0.113,OBSERVING,NEUTRAL,UNCLEAR,NO_TRADE,NO_TRADE:OR_NOT_ESTABLISHED,0.0,0,0.0,NONE,1,0,0,0,0,0,NO_TRADE,,NO_TRADE:OR_NOT_ESTABLISHED,
09:17:53,23239.8,,,,23277.3,23231.4,0.183,OBSERVING,NEUTRAL,BEARISH,NO_TRADE,NO_TRADE:OR_NOT_ESTABLISHED,0.0,0,0.0,NONE,1,0,0,0,0,0,NO_TRADE,,NO_TRADE:OR_NOT_ESTABLISHED,
09:18:08,23239.55,,,,23277.3,23231.4,0.178,OBSERVING,NEUTRAL,BEARISH,NO_TRADE,NO_TRADE:OR_NOT_ESTABLISHED,0.0,0,0.0,NONE,1,0,0,0,0,0,NO_TRADE,,NO_TRADE:OR_NOT_ESTABLISHED,
09:18:32,23245.15,,,,23277.3,23231.4,0.300,OBSERVING,NEUTRAL,BEARISH,NO_TRADE,NO_TRADE:OR_NOT_ESTABLISHED,0.0,0,0.0,NONE,1,0,0,0,0,0,NO_TRADE,,NO_TRADE:OR_NOT_ESTABLISHED,
09:18:39,23245.7,,,,23277.3,23231.4,0.312,OBSERVING,NEUTRAL,BEARISH,NO_TRADE,NO_TRADE:OR_NOT_ESTABLISHED,0.0,0,0.0,NONE,1,0,0,0,0,0,NO_TRADE,,NO_TRADE:OR_NOT_ESTABLISHED,
09:18:54,23249.85,,,,23277.3,23231.4,0.402,OBSERVING,NEUTRAL,BEARISH,NO_TRADE,NO_TRADE:OR_NOT_ESTABLISHED,0.0,0,0.0,NONE,1,0,0,0,0,0,NO_TRADE,,NO_TRADE:OR_NOT_ESTABLISHED,
09:19:09,23250.1,,,,23277.3,23231.4,0.407,OBSERVING,NEUTRAL,UNCLEAR,NO_TRADE,NO_TRADE:OR_NOT_ESTABLISHED,0.0,0,0.0,NONE,1,0,0,0,0,0,NO_TRADE,,NO_TRADE:OR_NOT_ESTABLISHED,
09:19:24,23255.6,,,,23277.3,23231.4,0.527,OBSERVING,NEUTRAL,UNCLEAR,NO_TRADE,NO_TRADE:OR_NOT_ESTABLISHED,0.0,0,0.0,NONE,1,0,0,0,0,0,NO_TRADE,,NO_TRADE:OR_NOT_ESTABLISHED,
09:19:39,23255.7,,,,23277.3,23231.4,0.529,OBSERVING,NEUTRAL,UNCLEAR,NO_TRADE,NO_TRADE:OR_NOT_ESTABLISHED,0.0,0,0.0,NONE,1,0,0,0,0,0,NO_TRADE,,NO_TRADE:OR_NOT_ESTABLISHED,
09:19:54,23259.05,,,,23277.3,23231.4,0.602,OBSERVING,NEUTRAL,UNCLEAR,NO_TRADE,NO_TRADE:OR_NOT_ESTABLISHED,0.0,0,0.0,NONE,1,0,0,0,0,0,NO_TRADE,,NO_TRADE:OR_NOT_ESTABLISHED,
09:20:09,23252.95,,,,23277.3,23231.4,0.469,OBSERVING,NEUTRAL,UNCLEAR,NO_TRADE,NO_TRADE:OR_NOT_ESTABLISHED,0.0,0,0.0,NONE,1,0,0,0,0,0,NO_TRADE,,NO_TRADE:OR_NOT_ESTABLISHED,
09:20:24,23249.75,,,,23277.3,23231.4,0.400,OBSERVING,NEUTRAL,BEARISH,NO_TRADE,NO_TRADE:OR_NOT_ESTABLISHED,0.0,0,0.0,NONE,1,0,0,0,0,0,NO_TRADE,,NO_TRADE:OR_NOT_ESTABLISHED,
09:20:39,23256.05,,,,23277.3,23231.4,0.537,OBSERVING,NEUTRAL,UNCLEAR,NO_TRADE,NO_TRADE:OR_NOT_ESTABLISHED,0.0,0,0.0,NONE,1,0,0,0,0,0,NO_TRADE,,NO_TRADE:OR_NOT_ESTABLISHED,
09:20:54,23255.25,,,,23277.3,23231.4,0.520,OBSERVING,NEUTRAL,UNCLEAR,NO_TRADE,NO_TRADE:OR_NOT_ESTABLISHED,0.0,0,0.0,NONE,1,0,0,0,0,0,NO_TRADE,,NO_TRADE:OR_NOT_ESTABLISHED,
09:21:09,23261.8,,,,23277.3,23231.4,0.662,OBSERVING,NEUTRAL,UNCLEAR,NO_TRADE,NO_TRADE:OR_NOT_ESTABLISHED,0.0,0,0.0,NONE,1,0,0,0,0,0,NO_TRADE,,NO_TRADE:OR_NOT_ESTABLISHED,
09:21:24,23260.1,,,,23277.3,23231.4,0.625,OBSERVING,NEUTRAL,UNCLEAR,NO_TRADE,NO_TRADE:OR_NOT_ESTABLISHED,0.0,0,0.0,NONE,1,0,0,0,0,0,NO_TRADE,,NO_TRADE:OR_NOT_ESTABLISHED,
09:21:39,23258.15,,,,23277.3,23231.4,0.583,OBSERVING,NEUTRAL,UNCLEAR,NO_TRADE,NO_TRADE:OR_NOT_ESTABLISHED,0.0,0,0.0,NONE,1,0,0,0,0,0,NO_TRADE,,NO_TRADE:OR_NOT_ESTABLISHED,
09:21:54,23256.35,,,,23277.3,23231.4,0.544,OBSERVING,NEUTRAL,UNCLEAR,NO_TRADE,NO_TRADE:OR_NOT_ESTABLISHED,0.0,0,0.0,NONE,1,0,0,0,0,0,NO_TRADE,,NO_TRADE:OR_NOT_ESTABLISHED,
09:22:09,23257.65,,,,23277.3,23231.4,0.572,OBSERVING,NEUTRAL,UNCLEAR,NO_TRADE,NO_TRADE:OR_NOT_ESTABLISHED,0.0,0,0.0,NONE,1,0,0,0,0,0,NO_TRADE,,NO_TRADE:OR_NOT_ESTABLISHED,
09:22:24,23262.75,,,,23277.3,23231.4,0.683,OBSERVING,NEUTRAL,UNCLEAR,NO_TRADE,NO_TRADE:OR_NOT_ESTABLISHED,0.0,0,0.0,NONE,1,0,0,0,0,0,NO_TRADE,,NO_TRADE:OR_NOT_ESTABLISHED,
09:22:39,23259.9,,,,23277.3,23231.4,0.621,OBSERVING,NEUTRAL,UNCLEAR,NO_TRADE,NO_TRADE:OR_NOT_ESTABLISHED,0.0,0,0.0,NONE,1,0,0,0,0,0,NO_TRADE,,NO_TRADE:OR_NOT_ESTABLISHED,
09:22:54,23257.15,,,,23277.3,23231.4,0.561,OBSERVING,NEUTRAL,UNCLEAR,NO_TRADE,NO_TRADE:OR_NOT_ESTABLISHED,0.0,0,0.0,NONE,1,0,0,0,0,0,NO_TRADE,,NO_TRADE:OR_NOT_ESTABLISHED,
09:23:09,23258.6,,,,23277.3,23231.4,0.593,OBSERVING,NEUTRAL,UNCLEAR,NO_TRADE,NO_TRADE:OR_NOT_ESTABLISHED,0.0,0,0.0,NONE,1,0,0,0,0,0,NO_TRADE,,NO_TRADE:OR_NOT_ESTABLISHED,
09:23:24,23255.2,,,,23277.3,23231.4,0.519,OBSERVING,NEUTRAL,UNCLEAR,NO_TRADE,NO_TRADE:OR_NOT_ESTABLISHED,0.0,0,0.0,NONE,1,0,0,0,0,0,NO_TRADE,,NO_TRADE:OR_NOT_ESTABLISHED,
09:23:39,23255.8,,,,23277.3,23231.4,0.532,OBSERVING,NEUTRAL,UNCLEAR,NO_TRADE,NO_TRADE:OR_NOT_ESTABLISHED,0.0,0,0.0,NONE,1,0,0,0,0,0,NO_TRADE,,NO_TRADE:OR_NOT_ESTABLISHED,
09:23:54,23250.95,,,,23277.3,23231.4,0.426,OBSERVING,NEUTRAL,UNCLEAR,NO_TRADE,NO_TRADE:OR_NOT_ESTABLISHED,0.0,0,0.0,NONE,1,0,0,0,0,0,NO_TRADE,,NO_TRADE:OR_NOT_ESTABLISHED,
09:24:09,23249.9,,,,23277.3,23231.4,0.403,OBSERVING,NEUTRAL,BEARISH,NO_TRADE,NO_TRADE:OR_NOT_ESTABLISHED,0.0,0,0.0,NONE,1,0,0,0,0,0,NO_TRADE,,NO_TRADE:OR_NOT_ESTABLISHED,
09:24:24,23252.15,,,,23277.3,23231.4,0.452,OBSERVING,NEUTRAL,UNCLEAR,NO_TRADE,NO_TRADE:OR_NOT_ESTABLISHED,0.0,0,0.0,NONE,1,0,0,0,0,0,NO_TRADE,,NO_TRADE:OR_NOT_ESTABLISHED,
09:24:39,23255.35,,,,23277.3,23231.4,0.522,OBSERVING,NEUTRAL,UNCLEAR,NO_TRADE,NO_TRADE:OR_NOT_ESTABLISHED,0.0,0,0.0,NONE,1,0,0,0,0,0,NO_TRADE,,NO_TRADE:OR_NOT_ESTABLISHED,
09:24:54,23258.3,,,,23277.3,23231.4,0.586,OBSERVING,NEUTRAL,UNCLEAR,NO_TRADE,NO_TRADE:OR_NOT_ESTABLISHED,0.0,0,0.0,NONE,1,0,0,0,0,0,NO_TRADE,,NO_TRADE:OR_NOT_ESTABLISHED,
09:25:09,23254.75,,,,23277.3,23231.4,0.509,OBSERVING,NEUTRAL,UNCLEAR,NO_TRADE,NO_TRADE:OR_NOT_ESTABLISHED,0.0,0,0.0,NONE,1,0,0,0,0,0,NO_TRADE,,NO_TRADE:OR_NOT_ESTABLISHED,
09:25:24,23260.15,,,,23277.3,23231.4,0.626,OBSERVING,NEUTRAL,UNCLEAR,NO_TRADE,NO_TRADE:OR_NOT_ESTABLISHED,0.0,0,0.0,NONE,1,0,0,0,0,0,NO_TRADE,,NO_TRADE:OR_NOT_ESTABLISHED,
09:25:39,23261.6,,,,23277.3,23231.4,0.658,OBSERVING,NEUTRAL,UNCLEAR,NO_TRADE,NO_TRADE:OR_NOT_ESTABLISHED,0.0,0,0.0,NONE,1,0,0,0,0,0,NO_TRADE,,NO_TRADE:OR_NOT_ESTABLISHED,
09:25:54,23262.8,,,,23277.3,23231.4,0.684,OBSERVING,NEUTRAL,UNCLEAR,NO_TRADE,NO_TRADE:OR_NOT_ESTABLISHED,0.0,0,0.0,NONE,1,0,0,0,0,0,NO_TRADE,,NO_TRADE:OR_NOT_ESTABLISHED,
09:26:09,23259.6,,,,23277.3,23231.4,0.614,OBSERVING,NEUTRAL,UNCLEAR,NO_TRADE,NO_TRADE:OR_NOT_ESTABLISHED,0.0,0,0.0,NONE,1,0,0,0,0,0,NO_TRADE,,NO_TRADE:OR_NOT_ESTABLISHED,
09:26:24,23255.4,,,,23277.3,23231.4,0.523,OBSERVING,NEUTRAL,UNCLEAR,NO_TRADE,NO_TRADE:OR_NOT_ESTABLISHED,0.0,0,0.0,NONE,1,0,0,0,0,0,NO_TRADE,,NO_TRADE:OR_NOT_ESTABLISHED,
09:26:39,23258.7,,,,23277.3,23231.4,0.595,OBSERVING,NEUTRAL,UNCLEAR,NO_TRADE,NO_TRADE:OR_NOT_ESTABLISHED,0.0,0,0.0,NONE,1,0,0,0,0,0,NO_TRADE,,NO_TRADE:OR_NOT_ESTABLISHED,
09:26:54,23261.2,,,,23277.3,23231.4,0.649,OBSERVING,NEUTRAL,UNCLEAR,NO_TRADE,NO_TRADE:OR_NOT_ESTABLISHED,0.0,0,0.0,NONE,1,0,0,0,0,0,NO_TRADE,,NO_TRADE:OR_NOT_ESTABLISHED,
09:27:09,23256.8,,,,23277.3,23231.4,0.553,OBSERVING,NEUTRAL,UNCLEAR,NO_TRADE,NO_TRADE:OR_NOT_ESTABLISHED,0.0,0,0.0,NONE,1,0,0,0,0,0,NO_TRADE,,NO_TRADE:OR_NOT_ESTABLISHED,
09:27:24,23257.4,,,,23277.3,23231.4,0.566,OBSERVING,NEUTRAL,UNCLEAR,NO_TRADE,NO_TRADE:OR_NOT_ESTABLISHED,0.0,0,0.0,NONE,1,0,0,0,0,0,NO_TRADE,,NO_TRADE:OR_NOT_ESTABLISHED,
09:27:39,23259.9,,,,23277.3,23231.4,0.621,OBSERVING,NEUTRAL,UNCLEAR,NO_TRADE,NO_TRADE:OR_NOT_ESTABLISHED,0.0,0,0.0,NONE,1,0,0,0,0,0,NO_TRADE,,NO_TRADE:OR_NOT_ESTABLISHED,
09:27:54,23261.15,,,,23277.3,23231.4,0.648,OBSERVING,NEUTRAL,UNCLEAR,NO_TRADE,NO_TRADE:OR_NOT_ESTABLISHED,0.0,0,0.0,NONE,1,0,0,0,0,0,NO_TRADE,,NO_TRADE:OR_NOT_ESTABLISHED,
09:28:09,23259.9,,,,23277.3,23231.4,0.621,OBSERVING,NEUTRAL,UNCLEAR,NO_TRADE,NO_TRADE:OR_NOT_ESTABLISHED,0.0,0,0.0,NONE,1,0,0,0,0,0,NO_TRADE,,NO_TRADE:OR_NOT_ESTABLISHED,
09:28:24,23256.1,,,,23277.3,23231.4,0.538,OBSERVING,NEUTRAL,UNCLEAR,NO_TRADE,NO_TRADE:OR_NOT_ESTABLISHED,0.0,0,0.0,NONE,1,0,0,0,0,0,NO_TRADE,,NO_TRADE:OR_NOT_ESTABLISHED,
09:28:40,23254.05,,,,23277.3,23231.4,0.493,OBSERVING,NEUTRAL,UNCLEAR,NO_TRADE,NO_TRADE:OR_NOT_ESTABLISHED,0.0,0,0.0,NONE,1,0,0,0,0,0,NO_TRADE,,NO_TRADE:OR_NOT_ESTABLISHED,
09:28:55,23256.2,,,,23277.3,23231.4,0.540,OBSERVING,NEUTRAL,UNCLEAR,NO_TRADE,NO_TRADE:OR_NOT_ESTABLISHED,0.0,0,0.0,NONE,1,0,0,0,0,0,NO_TRADE,,NO_TRADE:OR_NOT_ESTABLISHED,
09:29:10,23257.2,,,,23277.3,23231.4,0.562,OBSERVING,NEUTRAL,UNCLEAR,NO_TRADE,NO_TRADE:OR_NOT_ESTABLISHED,0.0,0,0.0,NONE,1,0,0,0,0,0,NO_TRADE,,NO_TRADE:OR_NOT_ESTABLISHED,
09:29:25,23256.95,,,,23277.3,23231.4,0.557,OBSERVING,NEUTRAL,UNCLEAR,NO_TRADE,NO_TRADE:OR_NOT_ESTABLISHED,0.0,0,0.0,NONE,1,0,0,0,0,0,NO_TRADE,,NO_TRADE:OR_NOT_ESTABLISHED,
09:29:40,23256.35,,,,23277.3,23231.4,0.544,OBSERVING,NEUTRAL,UNCLEAR,NO_TRADE,NO_TRADE:OR_NOT_ESTABLISHED,0.0,0,0.0,NONE,1,0,0,0,0,0,NO_TRADE,,NO_TRADE:OR_NOT_ESTABLISHED,
09:29:55,23256.15,,,,23277.3,23231.4,0.539,OBSERVING,NEUTRAL,UNCLEAR,NO_TRADE,NO_TRADE:OR_NOT_ESTABLISHED,0.0,0,0.0,NONE,1,0,0,0,0,0,NO_TRADE,,NO_TRADE:OR_NOT_ESTABLISHED,
09:30:10,23258.05,,,,23277.3,23231.4,0.581,OBSERVING,NEUTRAL,UNCLEAR,NO_TRADE,NO_TRADE:OR_NOT_ESTABLISHED,0.0,0,46.66,NONE,1,0,0,0,0,0,NO_TRADE,,NO_TRADE:OR_NOT_ESTABLISHED,
09:30:25,23258.7,,,,23277.3,23231.4,0.595,OBSERVING,NEUTRAL,UNCLEAR,NO_TRADE,NO_TRADE:OR_NOT_ESTABLISHED,0.0,0,46.66,NONE,1,0,0,0,0,0,NO_TRADE,,NO_TRADE:OR_NOT_ESTABLISHED,
09:30:40,23258.05,,,,23277.3,23231.4,0.581,OBSERVING,NEUTRAL,UNCLEAR,NO_TRADE,NO_TRADE:OR_NOT_ESTABLISHED,0.0,0,46.66,NONE,1,0,0,0,0,0,NO_TRADE,,NO_TRADE:OR_NOT_ESTABLISHED,
09:30:55,23257.15,,,,23277.3,23231.4,0.561,OBSERVING,NEUTRAL,UNCLEAR,NO_TRADE,NO_TRADE:OR_NOT_ESTABLISHED,0.0,0,46.66,NONE,1,0,0,0,0,0,NO_TRADE,,NO_TRADE:OR_NOT_ESTABLISHED,
09:31:10,23257.85,,,,23277.3,23231.4,0.576,OBSERVING,NEUTRAL,UNCLEAR,NO_TRADE,NO_TRADE:OR_NOT_ESTABLISHED,0.0,0,46.66,NONE,1,0,0,0,0,0,NO_TRADE,,NO_TRADE:OR_NOT_ESTABLISHED,
09:31:25,23262.5,,,,23277.3,23231.4,0.678,OBSERVING,NEUTRAL,UNCLEAR,NO_TRADE,NO_TRADE:OR_NOT_ESTABLISHED,0.0,0,46.66,NONE,1,0,0,0,0,0,NO_TRADE,,NO_TRADE:OR_NOT_ESTABLISHED,
09:31:40,23265.1,,,,23277.3,23231.4,0.734,OBSERVING,NEUTRAL,UNCLEAR,NO_TRADE,NO_TRADE:OR_NOT_ESTABLISHED,0.0,0,46.66,NONE,1,0,0,0,0,0,NO_TRADE,,NO_TRADE:OR_NOT_ESTABLISHED,
09:31:55,23265.8,,,,23277.3,23231.4,0.749,OBSERVING,NEUTRAL,UNCLEAR,NO_TRADE,NO_TRADE:OR_NOT_ESTABLISHED,0.0,0,46.66,NONE,1,0,0,0,0,0,NO_TRADE,,NO_TRADE:OR_NOT_ESTABLISHED,
09:32:10,23255.7,,,,23277.3,23231.4,0.529,OBSERVING,NEUTRAL,UNCLEAR,NO_TRADE,NO_TRADE:OR_NOT_ESTABLISHED,0.0,0,46.66,NONE,1,0,0,0,0,0,NO_TRADE,,NO_TRADE:OR_NOT_ESTABLISHED,
09:32:25,23253.7,,,,23277.3,23231.4,0.486,OBSERVING,NEUTRAL,UNCLEAR,NO_TRADE,NO_TRADE:OR_NOT_ESTABLISHED,0.0,0,46.66,NONE,1,0,0,0,0,0,NO_TRADE,,NO_TRADE:OR_NOT_ESTABLISHED,
09:32:40,23247.05,,,,23277.3,23231.4,0.341,OBSERVING,NEUTRAL,UNCLEAR,NO_TRADE,NO_TRADE:OR_NOT_ESTABLISHED,0.0,0,46.66,NONE,1,0,0,0,0,0,NO_TRADE,,NO_TRADE:OR_NOT_ESTABLISHED,
09:32:55,23243.25,,,,23277.3,23231.4,0.258,OBSERVING,NEUTRAL,UNCLEAR,NO_TRADE,NO_TRADE:OR_NOT_ESTABLISHED,0.0,0,46.66,NONE,1,0,0,0,0,0,NO_TRADE,,NO_TRADE:OR_NOT_ESTABLISHED,
09:33:10,23238.35,,,,23277.3,23231.4,0.151,OBSERVING,NEUTRAL,UNCLEAR,NO_TRADE,NO_TRADE:OR_NOT_ESTABLISHED,0.0,0,46.66,NONE,1,0,0,0,0,0,NO_TRADE,,NO_TRADE:OR_NOT_ESTABLISHED,
09:33:25,23242.75,,,,23277.3,23231.4,0.247,OBSERVING,NEUTRAL,UNCLEAR,NO_TRADE,NO_TRADE:OR_NOT_ESTABLISHED,0.0,0,46.66,NONE,1,0,0,0,0,0,NO_TRADE,,NO_TRADE:OR_NOT_ESTABLISHED,
09:33:40,23244.55,,,,23277.3,23231.4,0.286,OBSERVING,NEUTRAL,UNCLEAR,NO_TRADE,NO_TRADE:OR_NOT_ESTABLISHED,0.0,0,46.66,NONE,1,0,0,0,0,0,NO_TRADE,,NO_TRADE:OR_NOT_ESTABLISHED,
09:33:55,23250.0,,,,23277.3,23231.4,0.405,OBSERVING,NEUTRAL,UNCLEAR,NO_TRADE,NO_TRADE:OR_NOT_ESTABLISHED,0.0,0,46.66,NONE,1,0,0,0,0,0,NO_TRADE,,NO_TRADE:OR_NOT_ESTABLISHED,
09:34:10,23255.15,23277.3,23231.4,VERY_NARROW,23277.3,23231.4,0.517,RANGE,NEUTRAL,UNCLEAR,NO_TRADE,NO_TRADE:BEFORE_09:45,0.0,0,46.66,HIGH,1,0,0,0,0,0,NO_TRADE,,NO_TRADE:BEFORE_09:45,
09:34:25,23258.05,23277.3,23231.4,VERY_NARROW,23277.3,23231.4,0.581,RANGE,NEUTRAL,UNCLEAR,NO_TRADE,NO_TRADE:BEFORE_09:45,0.0,0,46.66,HIGH,1,0,0,0,0,0,NO_TRADE,,NO_TRADE:BEFORE_09:45,
09:34:40,23258.1,23277.3,23231.4,VERY_NARROW,23277.3,23231.4,0.582,RANGE,NEUTRAL,UNCLEAR,NO_TRADE,NO_TRADE:BEFORE_09:45,0.0,0,46.66,HIGH,1,0,0,0,0,0,NO_TRADE,,NO_TRADE:BEFORE_09:45,
09:34:55,23255.8,23277.3,23231.4,VERY_NARROW,23277.3,23231.4,0.532,RANGE,NEUTRAL,UNCLEAR,NO_TRADE,NO_TRADE:BEFORE_09:45,0.0,0,46.66,HIGH,1,0,0,0,0,0,NO_TRADE,,NO_TRADE:BEFORE_09:45,
09:35:10,23255.7,23277.3,23231.4,VERY_NARROW,23277.3,23231.4,0.529,RANGE,NEUTRAL,UNCLEAR,NO_TRADE,NO_TRADE:BEFORE_09:45,0.0,0,46.66,HIGH,1,0,0,0,0,0,NO_TRADE,,NO_TRADE:BEFORE_09:45,
09:35:25,23259.5,23277.3,23231.4,VERY_NARROW,23277.3,23231.4,0.612,RANGE,NEUTRAL,UNCLEAR,NO_TRADE,NO_TRADE:BEFORE_09:45,0.0,0,46.66,HIGH,1,0,0,0,0,0,NO_TRADE,,NO_TRADE:BEFORE_09:45,
09:35:40,23260.95,23277.3,23231.4,VERY_NARROW,23277.3,23231.4,0.644,RANGE,NEUTRAL,UNCLEAR,NO_TRADE,NO_TRADE:BEFORE_09:45,0.0,0,46.66,HIGH,1,0,0,0,0,0,NO_TRADE,,NO_TRADE:BEFORE_09:45,
09:35:55,23261.65,23277.3,23231.4,VERY_NARROW,23277.3,23231.4,0.659,RANGE,NEUTRAL,UNCLEAR,NO_TRADE,NO_TRADE:BEFORE_09:45,0.0,0,46.66,HIGH,1,0,0,0,0,0,NO_TRADE,,NO_TRADE:BEFORE_09:45,
09:36:10,23259.0,23277.3,23231.4,VERY_NARROW,23277.3,23231.4,0.601,RANGE,NEUTRAL,UNCLEAR,NO_TRADE,NO_TRADE:BEFORE_09:45,0.0,0,46.66,HIGH,1,0,0,0,0,0,NO_TRADE,,NO_TRADE:BEFORE_09:45,
09:36:25,23262.15,23277.3,23231.4,VERY_NARROW,23277.3,23231.4,0.670,RANGE,NEUTRAL,UNCLEAR,NO_TRADE,NO_TRADE:BEFORE_09:45,0.0,0,46.66,HIGH,1,0,0,0,0,0,NO_TRADE,,NO_TRADE:BEFORE_09:45,
09:36:40,23261.8,23277.3,23231.4,VERY_NARROW,23277.3,23231.4,0.662,RANGE,NEUTRAL,UNCLEAR,NO_TRADE,NO_TRADE:BEFORE_09:45,0.0,0,46.66,HIGH,1,0,0,0,0,0,NO_TRADE,,NO_TRADE:BEFORE_09:45,
09:36:55,23264.55,23277.3,23231.4,VERY_NARROW,23277.3,23231.4,0.722,RANGE,NEUTRAL,UNCLEAR,NO_TRADE,NO_TRADE:BEFORE_09:45,0.0,0,46.66,HIGH,1,0,0,0,0,0,NO_TRADE,,NO_TRADE:BEFORE_09:45,
09:37:10,23265.65,23277.3,23231.4,VERY_NARROW,23277.3,23231.4,0.746,RANGE,NEUTRAL,UNCLEAR,NO_TRADE,NO_TRADE:BEFORE_09:45,0.0,0,46.66,HIGH,1,0,0,0,0,0,NO_TRADE,,NO_TRADE:BEFORE_09:45,
09:37:25,23263.75,23277.3,23231.4,VERY_NARROW,23277.3,23231.4,0.705,RANGE,NEUTRAL,UNCLEAR,NO_TRADE,NO_TRADE:BEFORE_09:45,0.0,0,46.66,HIGH,1,0,0,0,0,0,NO_TRADE,,NO_TRADE:BEFORE_09:45,
09:37:40,23259.35,23277.3,23231.4,VERY_NARROW,23277.3,23231.4,0.609,RANGE,NEUTRAL,RANGE,NO_TRADE,NO_TRADE:BEFORE_09:45,0.0,0,46.47,HIGH,1,0,0,0,0,0,NO_TRADE,,NO_TRADE:BEFORE_09:45,
09:37:55,23259.25,23277.3,23231.4,VERY_NARROW,23277.3,23231.4,0.607,RANGE,NEUTRAL,RANGE,NO_TRADE,NO_TRADE:BEFORE_09:45,0.0,0,46.21,HIGH,1,0,0,0,0,0,NO_TRADE,,NO_TRADE:BEFORE_09:45,
09:38:10,23256.9,23277.3,23231.4,VERY_NARROW,23277.3,23231.4,0.556,RANGE,NEUTRAL,RANGE,NO_TRADE,NO_TRADE:BEFORE_09:45,0.0,0,45.96,HIGH,1,0,0,0,0,0,NO_TRADE,,NO_TRADE:BEFORE_09:45,
09:38:25,23259.3,23277.3,23231.4,VERY_NARROW,23277.3,23231.4,0.608,RANGE,NEUTRAL,RANGE,NO_TRADE,NO_TRADE:BEFORE_09:45,0.0,0,45.72,HIGH,1,0,0,0,0,0,NO_TRADE,,NO_TRADE:BEFORE_09:45,
09:38:40,23257.6,23277.3,23231.4,VERY_NARROW,23277.3,23231.4,0.571,RANGE,NEUTRAL,RANGE,NO_TRADE,NO_TRADE:BEFORE_09:45,0.0,0,45.48,HIGH,1,0,0,0,0,0,NO_TRADE,,NO_TRADE:BEFORE_09:45,
09:38:55,23261.6,23277.3,23231.4,VERY_NARROW,23277.3,23231.4,0.658,RANGE,NEUTRAL,RANGE,NO_TRADE,NO_TRADE:BEFORE_09:45,0.0,0,45.24,HIGH,1,0,0,0,0,0,NO_TRADE,,NO_TRADE:BEFORE_09:45,
09:39:10,23261.95,23277.3,23231.4,VERY_NARROW,23277.3,23231.4,0.666,RANGE,NEUTRAL,RANGE,NO_TRADE,NO_TRADE:BEFORE_09:45,0.0,0,45.0,HIGH,1,0,0,0,0,0,NO_TRADE,,NO_TRADE:BEFORE_09:45,
09:39:26,23260.4,23277.3,23231.4,VERY_NARROW,23277.3,23231.4,0.632,RANGE,NEUTRAL,RANGE,NO_TRADE,NO_TRADE:BEFORE_09:45,0.0,0,44.77,HIGH,1,0,0,0,0,0,NO_TRADE,,NO_TRADE:BEFORE_09:45,
09:39:41,23259.75,23277.3,23231.4,VERY_NARROW,23277.3,23231.4,0.618,RANGE,NEUTRAL,RANGE,NO_TRADE,NO_TRADE:BEFORE_09:45,0.0,0,44.54,HIGH,1,0,0,0,0,0,NO_TRADE,,NO_TRADE:BEFORE_09:45,
09:39:56,23260.2,23277.3,23231.4,VERY_NARROW,23277.3,23231.4,0.627,RANGE,NEUTRAL,RANGE,NO_TRADE,NO_TRADE:BEFORE_09:45,0.0,0,44.32,HIGH,1,0,0,0,0,0,NO_TRADE,,NO_TRADE:BEFORE_09:45,
09:40:11,23254.4,23277.3,23231.4,VERY_NARROW,23277.3,23231.4,0.501,RANGE,NEUTRAL,RANGE,NO_TRADE,NO_TRADE:BEFORE_09:45,0.0,0,44.1,HIGH,1,0,0,0,0,0,NO_TRADE,,NO_TRADE:BEFORE_09:45,
09:40:26,23253.4,23277.3,23231.4,VERY_NARROW,23277.3,23231.4,0.479,RANGE,NEUTRAL,RANGE,NO_TRADE,NO_TRADE:BEFORE_09:45,0.0,0,43.88,HIGH,1,0,0,0,0,0,NO_TRADE,,NO_TRADE:BEFORE_09:45,
09:40:41,23251.2,23277.3,23231.4,VERY_NARROW,23277.3,23231.4,0.431,RANGE,NEUTRAL,RANGE,NO_TRADE,NO_TRADE:BEFORE_09:45,0.0,0,43.67,HIGH,1,0,0,0,0,0,NO_TRADE,,NO_TRADE:BEFORE_09:45,
09:40:56,23250.25,23277.3,23231.4,VERY_NARROW,23277.3,23231.4,0.411,RANGE,NEUTRAL,RANGE,NO_TRADE,NO_TRADE:BEFORE_09:45,0.0,0,43.46,HIGH,1,0,0,0,0,0,NO_TRADE,,NO_TRADE:BEFORE_09:45,
09:41:11,23244.8,23277.3,23231.4,VERY_NARROW,23277.3,23231.4,0.292,RANGE,NEUTRAL,UNCLEAR,NO_TRADE,NO_TRADE:BEFORE_09:45,0.0,0,43.25,HIGH,1,0,0,0,0,0,NO_TRADE,,NO_TRADE:BEFORE_09:45,
09:41:26,23242.95,23277.3,23231.4,VERY_NARROW,23277.3,23231.4,0.252,RANGE,NEUTRAL,UNCLEAR,NO_TRADE,NO_TRADE:BEFORE_09:45,0.0,0,43.04,HIGH,1,0,0,0,0,0,NO_TRADE,,NO_TRADE:BEFORE_09:45,
09:41:41,23241.8,23277.3,23231.4,VERY_NARROW,23277.3,23231.4,0.227,RANGE,NEUTRAL,UNCLEAR,NO_TRADE,NO_TRADE:BEFORE_09:45,0.0,0,42.84,HIGH,1,0,0,0,0,0,NO_TRADE,,NO_TRADE:BEFORE_09:45,
09:41:56,23241.9,23277.3,23231.4,VERY_NARROW,23277.3,23231.4,0.229,RANGE,NEUTRAL,UNCLEAR,NO_TRADE,NO_TRADE:BEFORE_09:45,0.0,0,42.64,HIGH,1,0,0,0,0,0,NO_TRADE,,NO_TRADE:BEFORE_09:45,
09:42:11,23240.95,23277.3,23231.4,VERY_NARROW,23277.3,23231.4,0.208,RANGE,NEUTRAL,UNCLEAR,NO_TRADE,NO_TRADE:BEFORE_09:45,0.0,0,42.44,HIGH,1,0,0,0,0,0,NO_TRADE,,NO_TRADE:BEFORE_09:45,
09:42:26,23243.1,23277.3,23231.4,VERY_NARROW,23277.3,23231.4,0.255,RANGE,NEUTRAL,BEARISH,NO_TRADE,NO_TRADE:BEFORE_09:45,0.0,0,42.25,HIGH,1,0,0,0,0,0,NO_TRADE,,NO_TRADE:BEFORE_09:45,
09:42:41,23241.0,23277.3,23231.4,VERY_NARROW,23277.3,23231.4,0.209,RANGE,NEUTRAL,BEARISH,NO_TRADE,NO_TRADE:BEFORE_09:45,0.0,0,42.06,HIGH,1,0,0,0,0,0,NO_TRADE,,NO_TRADE:BEFORE_09:45,
09:42:56,23240.75,23277.3,23231.4,VERY_NARROW,23277.3,23231.4,0.204,RANGE,NEUTRAL,BEARISH,NO_TRADE,NO_TRADE:BEFORE_09:45,0.0,0,41.87,HIGH,1,0,0,0,0,0,NO_TRADE,,NO_TRADE:BEFORE_09:45,
09:43:11,23244.95,23277.3,23231.4,VERY_NARROW,23277.3,23231.4,0.295,RANGE,NEUTRAL,BEARISH,NO_TRADE,NO_TRADE:BEFORE_09:45,0.0,0,41.68,HIGH,1,0,0,0,0,0,NO_TRADE,,NO_TRADE:BEFORE_09:45,
09:43:26,23246.8,23277.3,23231.4,VERY_NARROW,23277.3,23231.4,0.336,RANGE,NEUTRAL,BEARISH,NO_TRADE,NO_TRADE:BEFORE_09:45,0.0,0,41.5,HIGH,1,0,0,0,0,0,NO_TRADE,,NO_TRADE:BEFORE_09:45,
09:43:41,23251.2,23277.3,23231.4,VERY_NARROW,23277.3,23231.4,0.431,RANGE,NEUTRAL,UNCLEAR,NO_TRADE,NO_TRADE:BEFORE_09:45,0.0,0,41.32,HIGH,1,0,0,0,0,0,NO_TRADE,,NO_TRADE:BEFORE_09:45,
09:43:56,23253.4,23277.3,23231.4,VERY_NARROW,23277.3,23231.4,0.479,RANGE,NEUTRAL,UNCLEAR,NO_TRADE,NO_TRADE:BEFORE_09:45,0.0,0,41.14,HIGH,1,0,0,0,0,0,NO_TRADE,,NO_TRADE:BEFORE_09:45,
09:44:11,23254.3,23277.3,23231.4,VERY_NARROW,23277.3,23231.4,0.499,RANGE,NEUTRAL,UNCLEAR,NO_TRADE,NO_TRADE:BEFORE_09:45,0.0,0,40.96,HIGH,1,0,0,0,0,0,NO_TRADE,,NO_TRADE:BEFORE_09:45,
09:44:26,23253.3,23277.3,23231.4,VERY_NARROW,23277.3,23231.4,0.477,RANGE,NEUTRAL,UNCLEAR,NO_TRADE,NO_TRADE:BEFORE_09:45,0.0,0,40.79,HIGH,1,0,0,0,0,0,NO_TRADE,,NO_TRADE:BEFORE_09:45,
09:44:41,23248.75,23277.3,23231.4,VERY_NARROW,23277.3,23231.4,0.378,RANGE,NEUTRAL,BEARISH,NO_TRADE,NO_TRADE:BEFORE_09:45,0.0,0,40.62,HIGH,1,0,0,0,0,0,NO_TRADE,,NO_TRADE:BEFORE_09:45,
09:44:56,23248.9,23277.3,23231.4,VERY_NARROW,23277.3,23231.4,0.381,RANGE,NEUTRAL,BEARISH,NO_TRADE,NO_TRADE:BEFORE_09:45,0.0,0,40.45,HIGH,1,0,0,0,0,0,NO_TRADE,,NO_TRADE:BEFORE_09:45,
09:45:11,23250.5,23277.3,23231.4,VERY_NARROW,23277.3,23231.4,0.416,RANGE,NEUTRAL,UNCLEAR,NO_TRADE,EVENT:US CPI Data | EVENT:DEFINED_RISK_ONLY | RANGE_UNCLEAR_POSITIONING_NO_TRADE,0.0,0,40.28,HIGH,1,0,0,0,0,0,NO_TRADE,,EVENT:US CPI Data | EVENT:DEFINED_RISK_ONLY | RANGE_UNCLEAR_POSITIONING_NO_TRADE,
09:45:26,23248.55,23277.3,23231.4,VERY_NARROW,23277.3,23231.4,0.374,RANGE,NEUTRAL,BEARISH,NO_TRADE,EVENT:US CPI Data | EVENT:DEFINED_RISK_ONLY | RANGE_VERTICAL_ADX_IMMATURE,0.0,0,40.11,HIGH,1,0,0,0,0,0,NO_TRADE,,EVENT:US CPI Data | EVENT:DEFINED_RISK_ONLY | RANGE_VERTICAL_ADX_IMMATURE,
09:45:41,23249.35,23277.3,23231.4,VERY_NARROW,23277.3,23231.4,0.391,RANGE,NEUTRAL,BEARISH,NO_TRADE,EVENT:US CPI Data | EVENT:DEFINED_RISK_ONLY | RANGE_VERTICAL_ADX_IMMATURE,0.0,0,39.95,HIGH,1,0,0,0,0,0,NO_TRADE,,EVENT:US CPI Data | EVENT:DEFINED_RISK_ONLY | RANGE_VERTICAL_ADX_IMMATURE,
09:45:56,23251.85,23277.3,23231.4,VERY_NARROW,23277.3,23231.4,0.446,RANGE,NEUTRAL,UNCLEAR,NO_TRADE,EVENT:US CPI Data | EVENT:DEFINED_RISK_ONLY | RANGE_UNCLEAR_POSITIONING_NO_TRADE,0.0,0,39.79,HIGH,1,0,0,0,0,0,NO_TRADE,,EVENT:US CPI Data | EVENT:DEFINED_RISK_ONLY | RANGE_UNCLEAR_POSITIONING_NO_TRADE,
09:46:11,23249.4,23277.3,23231.4,VERY_NARROW,23277.3,23231.4,0.392,RANGE,NEUTRAL,BEARISH,NO_TRADE,EVENT:US CPI Data | EVENT:DEFINED_RISK_ONLY | RANGE_VERTICAL_ADX_IMMATURE,0.0,0,39.63,HIGH,1,0,0,0,0,0,NO_TRADE,,EVENT:US CPI Data | EVENT:DEFINED_RISK_ONLY | RANGE_VERTICAL_ADX_IMMATURE,
09:46:26,23246.5,23277.3,23231.4,VERY_NARROW,23277.3,23231.4,0.329,RANGE,NEUTRAL,BEARISH,NO_TRADE,EVENT:US CPI Data | EVENT:DEFINED_RISK_ONLY | RANGE_VERTICAL_ADX_IMMATURE,0.0,0,39.47,HIGH,1,0,0,0,0,0,NO_TRADE,,EVENT:US CPI Data | EVENT:DEFINED_RISK_ONLY | RANGE_VERTICAL_ADX_IMMATURE,
09:46:41,23247.5,23277.3,23231.4,VERY_NARROW,23277.3,23231.4,0.351,RANGE,NEUTRAL,BEARISH,NO_TRADE,EVENT:US CPI Data | EVENT:DEFINED_RISK_ONLY | RANGE_VERTICAL_ADX_IMMATURE,0.0,0,39.31,HIGH,1,0,0,0,0,0,NO_TRADE,,EVENT:US CPI Data | EVENT:DEFINED_RISK_ONLY | RANGE_VERTICAL_ADX_IMMATURE,
09:46:56,23245.7,23277.3,23231.4,VERY_NARROW,23277.3,23231.4,0.312,RANGE,NEUTRAL,BEARISH,NO_TRADE,EVENT:US CPI Data | EVENT:DEFINED_RISK_ONLY | RANGE_VERTICAL_ADX_IMMATURE,0.0,0,39.16,HIGH,1,0,0,0,0,0,NO_TRADE,,EVENT:US CPI Data | EVENT:DEFINED_RISK_ONLY | RANGE_VERTICAL_ADX_IMMATURE,
09:47:11,23247.25,23277.3,23231.4,VERY_NARROW,23277.3,23231.4,0.345,RANGE,NEUTRAL,BEARISH,NO_TRADE,EVENT:US CPI Data | EVENT:DEFINED_RISK_ONLY | RANGE_VERTICAL_ADX_IMMATURE,0.0,0,39.0,HIGH,1,0,0,0,0,0,NO_TRADE,,EVENT:US CPI Data | EVENT:DEFINED_RISK_ONLY | RANGE_VERTICAL_ADX_IMMATURE,
09:47:26,23244.7,23277.3,23231.4,VERY_NARROW,23277.3,23231.4,0.290,RANGE,NEUTRAL,BEARISH,NO_TRADE,EVENT:US CPI Data | EVENT:DEFINED_RISK_ONLY | RANGE_VERTICAL_ADX_IMMATURE,0.0,0,38.85,HIGH,1,0,0,0,0,0,NO_TRADE,,EVENT:US CPI Data | EVENT:DEFINED_RISK_ONLY | RANGE_VERTICAL_ADX_IMMATURE,
09:47:41,23243.95,23277.3,23231.4,VERY_NARROW,23277.3,23231.4,0.273,RANGE,NEUTRAL,BEARISH,NO_TRADE,EVENT:US CPI Data | EVENT:DEFINED_RISK_ONLY | RANGE_VERTICAL_ADX_IMMATURE,0.0,0,38.71,HIGH,1,0,0,0,0,0,NO_TRADE,,EVENT:US CPI Data | EVENT:DEFINED_RISK_ONLY | RANGE_VERTICAL_ADX_IMMATURE,
09:47:56,23244.0,23277.3,23231.4,VERY_NARROW,23277.3,23231.4,0.275,RANGE,NEUTRAL,BEARISH,NO_TRADE,EVENT:US CPI Data | EVENT:DEFINED_RISK_ONLY | RANGE_VERTICAL_ADX_IMMATURE,0.0,0,38.56,HIGH,1,0,0,0,0,0,NO_TRADE,,EVENT:US CPI Data | EVENT:DEFINED_RISK_ONLY | RANGE_VERTICAL_ADX_IMMATURE,
09:48:11,23243.3,23277.3,23231.4,VERY_NARROW,23277.3,23231.4,0.259,RANGE,NEUTRAL,BEARISH,NO_TRADE,EVENT:US CPI Data | EVENT:DEFINED_RISK_ONLY | RANGE_VERTICAL_ADX_IMMATURE,0.0,0,38.41,HIGH,1,0,0,0,0,0,NO_TRADE,,EVENT:US CPI Data | EVENT:DEFINED_RISK_ONLY | RANGE_VERTICAL_ADX_IMMATURE,
09:48:26,23242.45,23277.3,23231.4,VERY_NARROW,23277.3,23231.4,0.241,RANGE,NEUTRAL,BEARISH,NO_TRADE,EVENT:US CPI Data | EVENT:DEFINED_RISK_ONLY | RANGE_VERTICAL_ADX_IMMATURE,0.0,0,38.27,HIGH,1,0,0,0,0,0,NO_TRADE,,EVENT:US CPI Data | EVENT:DEFINED_RISK_ONLY | RANGE_VERTICAL_ADX_IMMATURE,
09:48:41,23244.65,23277.3,23231.4,VERY_NARROW,23277.3,23231.4,0.289,RANGE,NEUTRAL,BEARISH,NO_TRADE,EVENT:US CPI Data | EVENT:DEFINED_RISK_ONLY | RANGE_VERTICAL_ADX_IMMATURE,0.0,0,38.13,HIGH,1,0,0,0,0,0,NO_TRADE,,EVENT:US CPI Data | EVENT:DEFINED_RISK_ONLY | RANGE_VERTICAL_ADX_IMMATURE,
09:48:56,23243.5,23277.3,23231.4,VERY_NARROW,23277.3,23231.4,0.264,RANGE,NEUTRAL,BEARISH,NO_TRADE,EVENT:US CPI Data | EVENT:DEFINED_RISK_ONLY | RANGE_VERTICAL_ADX_IMMATURE,0.0,0,37.99,HIGH,1,0,0,0,0,0,NO_TRADE,,EVENT:US CPI Data | EVENT:DEFINED_RISK_ONLY | RANGE_VERTICAL_ADX_IMMATURE,
09:49:11,23244.8,23277.3,23231.4,VERY_NARROW,23277.3,23231.4,0.292,RANGE,NEUTRAL,BEARISH,NO_TRADE,EVENT:US CPI Data | EVENT:DEFINED_RISK_ONLY | RANGE_VERTICAL_ADX_IMMATURE,0.0,0,37.85,HIGH,1,0,0,0,0,0,NO_TRADE,,EVENT:US CPI Data | EVENT:DEFINED_RISK_ONLY | RANGE_VERTICAL_ADX_IMMATURE,
09:49:26,23245.4,23277.3,23231.4,VERY_NARROW,23277.3,23231.4,0.305,RANGE,NEUTRAL,BEARISH,NO_TRADE,EVENT:US CPI Data | EVENT:DEFINED_RISK_ONLY | RANGE_VERTICAL_ADX_IMMATURE,0.0,0,37.71,HIGH,1,0,0,0,0,0,NO_TRADE,,EVENT:US CPI Data | EVENT:DEFINED_RISK_ONLY | RANGE_VERTICAL_ADX_IMMATURE,
09:49:41,23247.05,23277.3,23231.4,VERY_NARROW,23277.3,23231.4,0.341,RANGE,NEUTRAL,BEARISH,NO_TRADE,EVENT:US CPI Data | EVENT:DEFINED_RISK_ONLY | RANGE_VERTICAL_ADX_IMMATURE,0.0,0,37.57,HIGH,1,0,0,0,0,0,NO_TRADE,,EVENT:US CPI Data | EVENT:DEFINED_RISK_ONLY | RANGE_VERTICAL_ADX_IMMATURE,
09:49:56,23247.2,23277.3,23231.4,VERY_NARROW,23277.3,23231.4,0.344,RANGE,NEUTRAL,BEARISH,NO_TRADE,EVENT:US CPI Data | EVENT:DEFINED_RISK_ONLY | RANGE_VERTICAL_ADX_IMMATURE,0.0,0,37.44,HIGH,1,0,0,0,0,0,NO_TRADE,,EVENT:US CPI Data | EVENT:DEFINED_RISK_ONLY | RANGE_VERTICAL_ADX_IMMATURE,
09:50:11,23249.4,23277.3,23231.4,VERY_NARROW,23277.3,23231.4,0.392,RANGE,NEUTRAL,BEARISH,NO_TRADE,EVENT:US CPI Data | EVENT:DEFINED_RISK_ONLY | RANGE_VERTICAL_ADX_IMMATURE,0.0,0,37.3,HIGH,1,0,0,0,0,0,NO_TRADE,,EVENT:US CPI Data | EVENT:DEFINED_RISK_ONLY | RANGE_VERTICAL_ADX_IMMATURE,
09:50:26,23250.45,23277.3,23231.4,VERY_NARROW,23277.3,23231.4,0.415,RANGE,NEUTRAL,UNCLEAR,NO_TRADE,EVENT:US CPI Data | EVENT:DEFINED_RISK_ONLY | RANGE_UNCLEAR_POSITIONING_NO_TRADE,0.0,0,37.17,HIGH,1,0,0,0,0,0,NO_TRADE,,EVENT:US CPI Data | EVENT:DEFINED_RISK_ONLY | RANGE_UNCLEAR_POSITIONING_NO_TRADE,
09:50:41,23250.65,23277.3,23231.4,VERY_NARROW,23277.3,23231.4,0.419,RANGE,NEUTRAL,UNCLEAR,NO_TRADE,EVENT:US CPI Data | EVENT:DEFINED_RISK_ONLY | RANGE_UNCLEAR_POSITIONING_NO_TRADE,0.0,0,37.04,HIGH,1,0,0,0,0,0,NO_TRADE,,EVENT:US CPI Data | EVENT:DEFINED_RISK_ONLY | RANGE_UNCLEAR_POSITIONING_NO_TRADE,
09:50:56,23252.05,23277.3,23231.4,VERY_NARROW,23277.3,23231.4,0.450,RANGE,NEUTRAL,UNCLEAR,NO_TRADE,EVENT:US CPI Data | EVENT:DEFINED_RISK_ONLY | RANGE_UNCLEAR_POSITIONING_NO_TRADE,0.0,0,36.91,HIGH,1,0,0,0,0,0,NO_TRADE,,EVENT:US CPI Data | EVENT:DEFINED_RISK_ONLY | RANGE_UNCLEAR_POSITIONING_NO_TRADE,
09:51:11,23249.75,23277.3,23231.4,VERY_NARROW,23277.3,23231.4,0.400,RANGE,NEUTRAL,BEARISH,NO_TRADE,EVENT:US CPI Data | EVENT:DEFINED_RISK_ONLY | RANGE_VERTICAL_ADX_IMMATURE,0.0,0,36.78,HIGH,1,0,0,0,0,0,NO_TRADE,,EVENT:US CPI Data | EVENT:DEFINED_RISK_ONLY | RANGE_VERTICAL_ADX_IMMATURE,
09:51:26,23249.7,23277.3,23231.4,VERY_NARROW,23277.3,23231.4,0.399,RANGE,NEUTRAL,BEARISH,NO_TRADE,EVENT:US CPI Data | EVENT:DEFINED_RISK_ONLY | RANGE_VERTICAL_ADX_IMMATURE,0.0,0,36.66,HIGH,1,0,0,0,0,0,NO_TRADE,,EVENT:US CPI Data | EVENT:DEFINED_RISK_ONLY | RANGE_VERTICAL_ADX_IMMATURE,
09:51:41,23247.9,23277.3,23231.4,VERY_NARROW,23277.3,23231.4,0.359,RANGE,NEUTRAL,BEARISH,NO_TRADE,EVENT:US CPI Data | EVENT:DEFINED_RISK_ONLY | RANGE_VERTICAL_ADX_IMMATURE,0.0,0,36.53,HIGH,1,0,0,0,0,0,NO_TRADE,,EVENT:US CPI Data | EVENT:DEFINED_RISK_ONLY | RANGE_VERTICAL_ADX_IMMATURE,
09:51:56,23247.3,23277.3,23231.4,VERY_NARROW,23277.3,23231.4,0.346,RANGE,NEUTRAL,BEARISH,NO_TRADE,EVENT:US CPI Data | EVENT:DEFINED_RISK_ONLY | RANGE_VERTICAL_ADX_IMMATURE,0.0,0,36.41,HIGH,1,0,0,0,0,0,NO_TRADE,,EVENT:US CPI Data | EVENT:DEFINED_RISK_ONLY | RANGE_VERTICAL_ADX_IMMATURE,
09:52:11,23248.15,23277.3,23231.4,VERY_NARROW,23277.3,23231.4,0.365,RANGE,NEUTRAL,BEARISH,NO_TRADE,EVENT:US CPI Data | EVENT:DEFINED_RISK_ONLY | RANGE_VERTICAL_ADX_IMMATURE,0.0,0,36.29,HIGH,1,0,0,0,0,0,NO_TRADE,,EVENT:US CPI Data | EVENT:DEFINED_RISK_ONLY | RANGE_VERTICAL_ADX_IMMATURE,
09:52:26,23249.35,23277.3,23231.4,VERY_NARROW,23277.3,23231.4,0.391,RANGE,NEUTRAL,BEARISH,NO_TRADE,EVENT:US CPI Data | EVENT:DEFINED_RISK_ONLY | RANGE_VERTICAL_ADX_IMMATURE,0.0,0,36.16,HIGH,1,0,0,0,0,0,NO_TRADE,,EVENT:US CPI Data | EVENT:DEFINED_RISK_ONLY | RANGE_VERTICAL_ADX_IMMATURE,
09:52:41,23245.85,23277.3,23231.4,VERY_NARROW,23277.3,23231.4,0.315,RANGE,NEUTRAL,BEARISH,NO_TRADE,EVENT:US CPI Data | EVENT:DEFINED_RISK_ONLY | RANGE_VERTICAL_ADX_IMMATURE,0.0,0,36.04,HIGH,1,0,0,0,0,0,NO_TRADE,,EVENT:US CPI Data | EVENT:DEFINED_RISK_ONLY | RANGE_VERTICAL_ADX_IMMATURE,
09:52:56,23247.2,23277.3,23231.4,VERY_NARROW,23277.3,23231.4,0.344,RANGE,NEUTRAL,BEARISH,NO_TRADE,EVENT:US CPI Data | EVENT:DEFINED_RISK_ONLY | RANGE_VERTICAL_ADX_IMMATURE,0.0,0,35.93,HIGH,1,0,0,0,0,0,NO_TRADE,,EVENT:US CPI Data | EVENT:DEFINED_RISK_ONLY | RANGE_VERTICAL_ADX_IMMATURE,
09:53:11,23249.35,23277.3,23231.4,VERY_NARROW,23277.3,23231.4,0.391,RANGE,NEUTRAL,BEARISH,NO_TRADE,EVENT:US CPI Data | EVENT:DEFINED_RISK_ONLY | RANGE_VERTICAL_ADX_IMMATURE,0.0,0,35.81,HIGH,1,0,0,0,0,0,NO_TRADE,,EVENT:US CPI Data | EVENT:DEFINED_RISK_ONLY | RANGE_VERTICAL_ADX_IMMATURE,
09:53:26,23249.75,23277.3,23231.4,VERY_NARROW,23277.3,23231.4,0.400,RANGE,NEUTRAL,BEARISH,NO_TRADE,EVENT:US CPI Data | EVENT:DEFINED_RISK_ONLY | RANGE_VERTICAL_ADX_IMMATURE,0.0,0,35.69,HIGH,1,0,0,0,0,0,NO_TRADE,,EVENT:US CPI Data | EVENT:DEFINED_RISK_ONLY | RANGE_VERTICAL_ADX_IMMATURE,
09:53:42,23246.85,23277.3,23231.4,VERY_NARROW,23277.3,23231.4,0.337,RANGE,NEUTRAL,BEARISH,NO_TRADE,EVENT:US CPI Data | EVENT:DEFINED_RISK_ONLY | RANGE_VERTICAL_ADX_IMMATURE,0.0,0,35.57,HIGH,1,0,0,0,0,0,NO_TRADE,,EVENT:US CPI Data | EVENT:DEFINED_RISK_ONLY | RANGE_VERTICAL_ADX_IMMATURE,
09:53:57,23243.65,23277.3,23231.4,VERY_NARROW,23277.3,23231.4,0.267,RANGE,NEUTRAL,BEARISH,NO_TRADE,EVENT:US CPI Data | EVENT:DEFINED_RISK_ONLY | RANGE_VERTICAL_ADX_IMMATURE,0.0,0,35.46,HIGH,1,0,0,0,0,0,NO_TRADE,,EVENT:US CPI Data | EVENT:DEFINED_RISK_ONLY | RANGE_VERTICAL_ADX_IMMATURE,
09:54:12,23244.6,23277.3,23231.4,VERY_NARROW,23277.3,23231.4,0.288,RANGE,NEUTRAL,BEARISH,NO_TRADE,EVENT:US CPI Data | EVENT:DEFINED_RISK_ONLY | RANGE_VERTICAL_ADX_IMMATURE,0.0,0,35.35,HIGH,1,0,0,0,0,0,NO_TRADE,,EVENT:US CPI Data | EVENT:DEFINED_RISK_ONLY | RANGE_VERTICAL_ADX_IMMATURE,
09:54:27,23247.85,23277.3,23231.4,VERY_NARROW,23277.3,23231.4,0.358,RANGE,NEUTRAL,BEARISH,NO_TRADE,EVENT:US CPI Data | EVENT:DEFINED_RISK_ONLY | RANGE_VERTICAL_ADX_IMMATURE,0.0,0,35.23,HIGH,1,0,0,0,0,0,NO_TRADE,,EVENT:US CPI Data | EVENT:DEFINED_RISK_ONLY | RANGE_VERTICAL_ADX_IMMATURE,
09:54:42,23247.6,23277.3,23231.4,VERY_NARROW,23277.3,23231.4,0.353,RANGE,NEUTRAL,BEARISH,NO_TRADE,EVENT:US CPI Data | EVENT:DEFINED_RISK_ONLY | RANGE_VERTICAL_ADX_IMMATURE,0.0,0,35.12,HIGH,1,0,0,0,0,0,NO_TRADE,,EVENT:US CPI Data | EVENT:DEFINED_RISK_ONLY | RANGE_VERTICAL_ADX_IMMATURE,
09:54:57,23247.75,23277.3,23231.4,VERY_NARROW,23277.3,23231.4,0.356,RANGE,NEUTRAL,BEARISH,NO_TRADE,EVENT:US CPI Data | EVENT:DEFINED_RISK_ONLY | RANGE_VERTICAL_ADX_IMMATURE,0.0,0,35.01,HIGH,1,0,0,0,0,0,NO_TRADE,,EVENT:US CPI Data | EVENT:DEFINED_RISK_ONLY | RANGE_VERTICAL_ADX_IMMATURE,
09:55:12,23247.65,23277.3,23231.4,VERY_NARROW,23277.3,23231.4,0.354,RANGE,NEUTRAL,BEARISH,NO_TRADE,EVENT:US CPI Data | EVENT:DEFINED_RISK_ONLY | RANGE_VERTICAL_ADX_IMMATURE,0.0,0,34.9,HIGH,1,0,0,0,0,0,NO_TRADE,,EVENT:US CPI Data | EVENT:DEFINED_RISK_ONLY | RANGE_VERTICAL_ADX_IMMATURE,
09:55:27,23248.05,23277.3,23231.4,VERY_NARROW,23277.3,23231.4,0.363,RANGE,NEUTRAL,BEARISH,NO_TRADE,EVENT:US CPI Data | EVENT:DEFINED_RISK_ONLY | RANGE_VERTICAL_ADX_IMMATURE,0.0,0,34.8,HIGH,1,0,0,0,0,0,NO_TRADE,,EVENT:US CPI Data | EVENT:DEFINED_RISK_ONLY | RANGE_VERTICAL_ADX_IMMATURE,
09:55:42,23249.5,23277.3,23231.4,VERY_NARROW,23277.3,23231.4,0.394,RANGE,NEUTRAL,BEARISH,NO_TRADE,EVENT:US CPI Data | EVENT:DEFINED_RISK_ONLY | RANGE_VERTICAL_ADX_IMMATURE,0.0,0,34.69,HIGH,1,0,0,0,0,0,NO_TRADE,,EVENT:US CPI Data | EVENT:DEFINED_RISK_ONLY | RANGE_VERTICAL_ADX_IMMATURE,
09:55:57,23253.8,23277.3,23231.4,VERY_NARROW,23277.3,23231.4,0.488,RANGE,NEUTRAL,UNCLEAR,NO_TRADE,EVENT:US CPI Data | EVENT:DEFINED_RISK_ONLY | RANGE_UNCLEAR_POSITIONING_NO_TRADE,0.0,0,34.58,HIGH,1,0,0,0,0,0,NO_TRADE,,EVENT:US CPI Data | EVENT:DEFINED_RISK_ONLY | RANGE_UNCLEAR_POSITIONING_NO_TRADE,
09:56:12,23254.95,23277.3,23231.4,VERY_NARROW,23277.3,23231.4,0.513,RANGE,NEUTRAL,UNCLEAR,NO_TRADE,EVENT:US CPI Data | EVENT:DEFINED_RISK_ONLY | RANGE_UNCLEAR_POSITIONING_NO_TRADE,0.0,0,34.48,HIGH,1,0,0,0,0,0,NO_TRADE,,EVENT:US CPI Data | EVENT:DEFINED_RISK_ONLY | RANGE_UNCLEAR_POSITIONING_NO_TRADE,
09:56:27,23258.95,23277.3,23231.4,VERY_NARROW,23277.3,23231.4,0.600,RANGE,NEUTRAL,UNCLEAR,NO_TRADE,EVENT:US CPI Data | EVENT:DEFINED_RISK_ONLY | RANGE_UNCLEAR_POSITIONING_NO_TRADE,0.0,0,34.37,HIGH,1,0,0,0,0,0,NO_TRADE,,EVENT:US CPI Data | EVENT:DEFINED_RISK_ONLY | RANGE_UNCLEAR_POSITIONING_NO_TRADE,
09:56:42,23259.9,23277.3,23231.4,VERY_NARROW,23277.3,23231.4,0.621,RANGE,NEUTRAL,UNCLEAR,NO_TRADE,EVENT:US CPI Data | EVENT:DEFINED_RISK_ONLY | RANGE_UNCLEAR_POSITIONING_NO_TRADE,0.0,0,34.27,HIGH,1,0,0,0,0,0,NO_TRADE,,EVENT:US CPI Data | EVENT:DEFINED_RISK_ONLY | RANGE_UNCLEAR_POSITIONING_NO_TRADE,
09:56:57,23256.85,23277.3,23231.4,VERY_NARROW,23277.3,23231.4,0.554,RANGE,NEUTRAL,UNCLEAR,NO_TRADE,EVENT:US CPI Data | EVENT:DEFINED_RISK_ONLY | RANGE_UNCLEAR_POSITIONING_NO_TRADE,0.0,0,34.17,HIGH,1,0,0,0,0,0,NO_TRADE,,EVENT:US CPI Data | EVENT:DEFINED_RISK_ONLY | RANGE_UNCLEAR_POSITIONING_NO_TRADE,
09:57:12,23259.05,23277.3,23231.4,VERY_NARROW,23277.3,23231.4,0.602,RANGE,NEUTRAL,UNCLEAR,NO_TRADE,EVENT:US CPI Data | EVENT:DEFINED_RISK_ONLY | RANGE_UNCLEAR_POSITIONING_NO_TRADE,0.0,0,34.07,HIGH,1,0,0,0,0,0,NO_TRADE,,EVENT:US CPI Data | EVENT:DEFINED_RISK_ONLY | RANGE_UNCLEAR_POSITIONING_NO_TRADE,
09:57:27,23257.45,23277.3,23231.4,VERY_NARROW,23277.3,23231.4,0.568,RANGE,NEUTRAL,UNCLEAR,NO_TRADE,EVENT:US CPI Data | EVENT:DEFINED_RISK_ONLY | RANGE_UNCLEAR_POSITIONING_NO_TRADE,0.0,0,33.96,HIGH,1,0,0,0,0,0,NO_TRADE,,EVENT:US CPI Data | EVENT:DEFINED_RISK_ONLY | RANGE_UNCLEAR_POSITIONING_NO_TRADE,
09:57:42,23256.9,23277.3,23231.4,VERY_NARROW,23277.3,23231.4,0.556,RANGE,NEUTRAL,UNCLEAR,NO_TRADE,EVENT:US CPI Data | EVENT:DEFINED_RISK_ONLY | RANGE_UNCLEAR_POSITIONING_NO_TRADE,0.0,0,33.86,HIGH,1,0,0,0,0,0,NO_TRADE,,EVENT:US CPI Data | EVENT:DEFINED_RISK_ONLY | RANGE_UNCLEAR_POSITIONING_NO_TRADE,
09:57:57,23259.45,23277.3,23231.4,VERY_NARROW,23277.3,23231.4,0.611,RANGE,NEUTRAL,UNCLEAR,NO_TRADE,EVENT:US CPI Data | EVENT:DEFINED_RISK_ONLY | RANGE_UNCLEAR_POSITIONING_NO_TRADE,0.0,0,33.77,HIGH,1,0,0,0,0,0,NO_TRADE,,EVENT:US CPI Data | EVENT:DEFINED_RISK_ONLY | RANGE_UNCLEAR_POSITIONING_NO_TRADE,
09:58:12,23260.25,23277.3,23231.4,VERY_NARROW,23277.3,23231.4,0.629,RANGE,NEUTRAL,UNCLEAR,NO_TRADE,EVENT:US CPI Data | EVENT:DEFINED_RISK_ONLY | RANGE_UNCLEAR_POSITIONING_NO_TRADE,0.0,0,33.67,HIGH,1,0,0,0,0,0,NO_TRADE,,EVENT:US CPI Data | EVENT:DEFINED_RISK_ONLY | RANGE_UNCLEAR_POSITIONING_NO_TRADE,
09:58:27,23261.1,23277.3,23231.4,VERY_NARROW,23277.3,23231.4,0.647,RANGE,NEUTRAL,UNCLEAR,NO_TRADE,EVENT:US CPI Data | EVENT:DEFINED_RISK_ONLY | RANGE_UNCLEAR_POSITIONING_NO_TRADE,0.0,0,33.57,HIGH,1,0,0,0,0,0,NO_TRADE,,EVENT:US CPI Data | EVENT:DEFINED_RISK_ONLY | RANGE_UNCLEAR_POSITIONING_NO_TRADE,
09:58:42,23260.95,23277.3,23231.4,VERY_NARROW,23277.3,23231.4,0.644,RANGE,NEUTRAL,UNCLEAR,NO_TRADE,EVENT:US CPI Data | EVENT:DEFINED_RISK_ONLY | RANGE_UNCLEAR_POSITIONING_NO_TRADE,0.0,0,33.47,HIGH,1,0,0,0,0,0,NO_TRADE,,EVENT:US CPI Data | EVENT:DEFINED_RISK_ONLY | RANGE_UNCLEAR_POSITIONING_NO_TRADE,
09:58:57,23260.8,23277.3,23231.4,VERY_NARROW,23277.3,23231.4,0.641,RANGE,NEUTRAL,UNCLEAR,NO_TRADE,EVENT:US CPI Data | EVENT:DEFINED_RISK_ONLY | RANGE_UNCLEAR_POSITIONING_NO_TRADE,0.0,0,33.38,HIGH,1,0,0,0,0,0,NO_TRADE,,EVENT:US CPI Data | EVENT:DEFINED_RISK_ONLY | RANGE_UNCLEAR_POSITIONING_NO_TRADE,
09:59:12,23262.15,23277.3,23231.4,VERY_NARROW,23277.3,23231.4,0.670,RANGE,NEUTRAL,UNCLEAR,NO_TRADE,EVENT:US CPI Data | EVENT:DEFINED_RISK_ONLY | RANGE_UNCLEAR_POSITIONING_NO_TRADE,0.0,0,33.28,HIGH,1,0,0,0,0,0,NO_TRADE,,EVENT:US CPI Data | EVENT:DEFINED_RISK_ONLY | RANGE_UNCLEAR_POSITIONING_NO_TRADE,
09:59:27,23260.6,23277.3,23231.4,VERY_NARROW,23277.3,23231.4,0.636,RANGE,SELL_PREMIUM,UNCLEAR,NO_TRADE,EVENT:US CPI Data | EVENT:DEFINED_RISK_ONLY | RANGE_UNCLEAR_POSITIONING_NO_TRADE,0.0,0,33.19,HIGH,1,0,0,0,0,0,NO_TRADE,,EVENT:US CPI Data | EVENT:DEFINED_RISK_ONLY | RANGE_UNCLEAR_POSITIONING_NO_TRADE,
09:59:42,23259.65,23277.3,23231.4,VERY_NARROW,23277.3,23231.4,0.615,RANGE,SELL_PREMIUM,UNCLEAR,NO_TRADE,EVENT:US CPI Data | EVENT:DEFINED_RISK_ONLY | RANGE_UNCLEAR_POSITIONING_NO_TRADE,0.0,0,33.1,HIGH,1,0,0,0,0,0,NO_TRADE,,EVENT:US CPI Data | EVENT:DEFINED_RISK_ONLY | RANGE_UNCLEAR_POSITIONING_NO_TRADE,
09:59:57,23260.25,23277.3,23231.4,VERY_NARROW,23277.3,23231.4,0.629,RANGE,SELL_PREMIUM,UNCLEAR,NO_TRADE,EVENT:US CPI Data | EVENT:DEFINED_RISK_ONLY | RANGE_UNCLEAR_POSITIONING_NO_TRADE,0.0,0,33.01,HIGH,1,0,0,0,0,0,NO_TRADE,,EVENT:US CPI Data | EVENT:DEFINED_RISK_ONLY | RANGE_UNCLEAR_POSITIONING_NO_TRADE,
10:00:12,23260.9,23277.3,23231.4,VERY_NARROW,23277.3,23231.4,0.643,RANGE,SELL_PREMIUM,UNCLEAR,NO_TRADE,EVENT:US CPI Data | EVENT:DEFINED_RISK_ONLY | RANGE_UNCLEAR_POSITIONING_NO_TRADE,0.0,0,32.91,HIGH,1,0,0,0,0,0,NO_TRADE,,EVENT:US CPI Data | EVENT:DEFINED_RISK_ONLY | RANGE_UNCLEAR_POSITIONING_NO_TRADE,
10:00:27,23261.95,23277.3,23231.4,VERY_NARROW,23277.3,23231.4,0.666,RANGE,SELL_PREMIUM,UNCLEAR,NO_TRADE,EVENT:US CPI Data | EVENT:DEFINED_RISK_ONLY | RANGE_UNCLEAR_POSITIONING_NO_TRADE,0.0,0,32.82,HIGH,1,0,0,0,0,0,NO_TRADE,,EVENT:US CPI Data | EVENT:DEFINED_RISK_ONLY | RANGE_UNCLEAR_POSITIONING_NO_TRADE,
10:00:42,23258.5,23277.3,23231.4,VERY_NARROW,23277.3,23231.4,0.590,RANGE,SELL_PREMIUM,UNCLEAR,NO_TRADE,EVENT:US CPI Data | EVENT:DEFINED_RISK_ONLY | RANGE_UNCLEAR_POSITIONING_NO_TRADE,0.0,0,32.73,HIGH,1,0,0,0,0,0,NO_TRADE,,EVENT:US CPI Data | EVENT:DEFINED_RISK_ONLY | RANGE_UNCLEAR_POSITIONING_NO_TRADE,
10:00:57,23259.8,23277.3,23231.4,VERY_NARROW,23277.3,23231.4,0.619,RANGE,SELL_PREMIUM,UNCLEAR,NO_TRADE,EVENT:US CPI Data | EVENT:DEFINED_RISK_ONLY | RANGE_UNCLEAR_POSITIONING_NO_TRADE,0.0,0,32.64,HIGH,1,0,0,0,0,0,NO_TRADE,,EVENT:US CPI Data | EVENT:DEFINED_RISK_ONLY | RANGE_UNCLEAR_POSITIONING_NO_TRADE,
10:01:12,23258.25,23277.3,23231.4,VERY_NARROW,23277.3,23231.4,0.585,RANGE,SELL_PREMIUM,UNCLEAR,NO_TRADE,EVENT:US CPI Data | EVENT:DEFINED_RISK_ONLY | RANGE_UNCLEAR_POSITIONING_NO_TRADE,0.0,0,32.55,HIGH,1,0,0,0,0,0,NO_TRADE,,EVENT:US CPI Data | EVENT:DEFINED_RISK_ONLY | RANGE_UNCLEAR_POSITIONING_NO_TRADE,
10:01:27,23258.8,23277.3,23231.4,VERY_NARROW,23277.3,23231.4,0.597,RANGE,SELL_PREMIUM,UNCLEAR,NO_TRADE,EVENT:US CPI Data | EVENT:DEFINED_RISK_ONLY | RANGE_UNCLEAR_POSITIONING_NO_TRADE,0.0,0,32.47,HIGH,1,0,0,0,0,0,NO_TRADE,,EVENT:US CPI Data | EVENT:DEFINED_RISK_ONLY | RANGE_UNCLEAR_POSITIONING_NO_TRADE,
10:01:42,23260.65,23277.3,23231.4,VERY_NARROW,23277.3,23231.4,0.637,RANGE,SELL_PREMIUM,UNCLEAR,NO_TRADE,EVENT:US CPI Data | EVENT:DEFINED_RISK_ONLY | RANGE_UNCLEAR_POSITIONING_NO_TRADE,0.0,0,32.38,HIGH,1,0,0,0,0,0,NO_TRADE,,EVENT:US CPI Data | EVENT:DEFINED_RISK_ONLY | RANGE_UNCLEAR_POSITIONING_NO_TRADE,
10:01:57,23260.85,23277.3,23231.4,VERY_NARROW,23277.3,23231.4,0.642,RANGE,SELL_PREMIUM,UNCLEAR,NO_TRADE,EVENT:US CPI Data | EVENT:DEFINED_RISK_ONLY | RANGE_UNCLEAR_POSITIONING_NO_TRADE,0.0,0,32.29,HIGH,1,0,0,0,0,0,NO_TRADE,,EVENT:US CPI Data | EVENT:DEFINED_RISK_ONLY | RANGE_UNCLEAR_POSITIONING_NO_TRADE,
10:02:12,23260.1,23277.3,23231.4,VERY_NARROW,23277.3,23231.4,0.625,RANGE,SELL_PREMIUM,UNCLEAR,NO_TRADE,EVENT:US CPI Data | EVENT:DEFINED_RISK_ONLY | RANGE_UNCLEAR_POSITIONING_NO_TRADE,0.0,0,32.21,HIGH,1,0,0,0,0,0,NO_TRADE,,EVENT:US CPI Data | EVENT:DEFINED_RISK_ONLY | RANGE_UNCLEAR_POSITIONING_NO_TRADE,
10:02:28,23259.9,23277.3,23231.4,VERY_NARROW,23277.3,23231.4,0.621,RANGE,SELL_PREMIUM,UNCLEAR,NO_TRADE,EVENT:US CPI Data | EVENT:DEFINED_RISK_ONLY | RANGE_UNCLEAR_POSITIONING_NO_TRADE,0.0,0,32.12,HIGH,1,0,0,0,0,0,NO_TRADE,,EVENT:US CPI Data | EVENT:DEFINED_RISK_ONLY | RANGE_UNCLEAR_POSITIONING_NO_TRADE,
10:02:43,23259.8,23277.3,23231.4,VERY_NARROW,23277.3,23231.4,0.619,RANGE,SELL_PREMIUM,UNCLEAR,NO_TRADE,EVENT:US CPI Data | EVENT:DEFINED_RISK_ONLY | RANGE_UNCLEAR_POSITIONING_NO_TRADE,0.0,0,32.04,HIGH,1,0,0,0,0,0,NO_TRADE,,EVENT:US CPI Data | EVENT:DEFINED_RISK_ONLY | RANGE_UNCLEAR_POSITIONING_NO_TRADE,
10:02:58,23261.8,23277.3,23231.4,VERY_NARROW,23277.3,23231.4,0.662,RANGE,SELL_PREMIUM,UNCLEAR,NO_TRADE,EVENT:US CPI Data | EVENT:DEFINED_RISK_ONLY | RANGE_UNCLEAR_POSITIONING_NO_TRADE,0.0,0,31.95,HIGH,1,0,0,0,0,0,NO_TRADE,,EVENT:US CPI Data | EVENT:DEFINED_RISK_ONLY | RANGE_UNCLEAR_POSITIONING_NO_TRADE,
10:03:13,23262.55,23277.3,23231.4,VERY_NARROW,23277.3,23231.4,0.679,RANGE,SELL_PREMIUM,UNCLEAR,NO_TRADE,EVENT:US CPI Data | EVENT:DEFINED_RISK_ONLY | RANGE_UNCLEAR_POSITIONING_NO_TRADE,0.0,0,31.87,HIGH,1,0,0,0,0,0,NO_TRADE,,EVENT:US CPI Data | EVENT:DEFINED_RISK_ONLY | RANGE_UNCLEAR_POSITIONING_NO_TRADE,
10:03:28,23266.15,23277.3,23231.4,VERY_NARROW,23277.3,23231.4,0.757,RANGE,SELL_PREMIUM,UNCLEAR,NO_TRADE,EVENT:US CPI Data | EVENT:DEFINED_RISK_ONLY | RANGE_UNCLEAR_POSITIONING_NO_TRADE,0.0,0,31.79,HIGH,1,0,0,0,0,0,NO_TRADE,,EVENT:US CPI Data | EVENT:DEFINED_RISK_ONLY | RANGE_UNCLEAR_POSITIONING_NO_TRADE,
10:03:43,23268.75,23277.3,23231.4,VERY_NARROW,23277.3,23231.4,0.814,RANGE,SELL_PREMIUM,UNCLEAR,NO_TRADE,EVENT:US CPI Data | EVENT:DEFINED_RISK_ONLY | RANGE_UNCLEAR_POSITIONING_NO_TRADE,0.0,0,31.71,HIGH,1,0,0,0,0,0,NO_TRADE,,EVENT:US CPI Data | EVENT:DEFINED_RISK_ONLY | RANGE_UNCLEAR_POSITIONING_NO_TRADE,
10:03:58,23272.35,23277.3,23231.4,VERY_NARROW,23277.3,23231.4,0.892,RANGE,SELL_PREMIUM,UNCLEAR,NO_TRADE,EVENT:US CPI Data | EVENT:DEFINED_RISK_ONLY | RANGE_UNCLEAR_POSITIONING_NO_TRADE,0.0,0,31.63,HIGH,1,0,0,0,0,0,NO_TRADE,,EVENT:US CPI Data | EVENT:DEFINED_RISK_ONLY | RANGE_UNCLEAR_POSITIONING_NO_TRADE,
10:04:13,23270.35,23277.3,23231.4,VERY_NARROW,23277.3,23231.4,0.849,RANGE,SELL_PREMIUM,UNCLEAR,NO_TRADE,EVENT:US CPI Data | EVENT:DEFINED_RISK_ONLY | RANGE_UNCLEAR_POSITIONING_NO_TRADE,0.0,0,31.55,HIGH,1,0,0,0,0,0,NO_TRADE,,EVENT:US CPI Data | EVENT:DEFINED_RISK_ONLY | RANGE_UNCLEAR_POSITIONING_NO_TRADE,
10:04:28,23274.75,23277.3,23231.4,VERY_NARROW,23277.3,23231.4,0.944,RANGE,SELL_PREMIUM,UNCLEAR,NO_TRADE,EVENT:US CPI Data | EVENT:DEFINED_RISK_ONLY | RANGE_UNCLEAR_POSITIONING_NO_TRADE,0.0,0,31.46,HIGH,1,0,0,0,0,0,NO_TRADE,,EVENT:US CPI Data | EVENT:DEFINED_RISK_ONLY | RANGE_UNCLEAR_POSITIONING_NO_TRADE,
10:04:43,23272.8,23277.3,23231.4,VERY_NARROW,23277.3,23231.4,0.902,RANGE,SELL_PREMIUM,UNCLEAR,NO_TRADE,EVENT:US CPI Data | EVENT:DEFINED_RISK_ONLY | RANGE_UNCLEAR_POSITIONING_NO_TRADE,0.0,0,31.39,HIGH,1,0,0,0,0,0,NO_TRADE,,EVENT:US CPI Data | EVENT:DEFINED_RISK_ONLY | RANGE_UNCLEAR_POSITIONING_NO_TRADE,
10:04:58,23272.7,23277.3,23231.4,VERY_NARROW,23277.3,23231.4,0.900,RANGE,SELL_PREMIUM,UNCLEAR,NO_TRADE,EVENT:US CPI Data | EVENT:DEFINED_RISK_ONLY | RANGE_UNCLEAR_POSITIONING_NO_TRADE,0.0,0,31.31,HIGH,1,0,0,0,0,0,NO_TRADE,,EVENT:US CPI Data | EVENT:DEFINED_RISK_ONLY | RANGE_UNCLEAR_POSITIONING_NO_TRADE,
10:05:13,23273.55,23277.3,23231.4,VERY_NARROW,23277.3,23231.4,0.918,RANGE,SELL_PREMIUM,UNCLEAR,NO_TRADE,EVENT:US CPI Data | EVENT:DEFINED_RISK_ONLY | RANGE_UNCLEAR_POSITIONING_NO_TRADE,0.0,0,31.23,HIGH,1,0,0,0,0,0,NO_TRADE,,EVENT:US CPI Data | EVENT:DEFINED_RISK_ONLY | RANGE_UNCLEAR_POSITIONING_NO_TRADE,
10:05:28,23275.0,23277.3,23231.4,VERY_NARROW,23277.3,23231.4,0.950,RANGE,SELL_PREMIUM,UNCLEAR,NO_TRADE,EVENT:US CPI Data | EVENT:DEFINED_RISK_ONLY | RANGE_UNCLEAR_POSITIONING_NO_TRADE,0.0,0,31.15,HIGH,1,0,0,0,0,0,NO_TRADE,,EVENT:US CPI Data | EVENT:DEFINED_RISK_ONLY | RANGE_UNCLEAR_POSITIONING_NO_TRADE,
10:05:43,23274.4,23277.3,23231.4,VERY_NARROW,23277.3,23231.4,0.937,RANGE,SELL_PREMIUM,UNCLEAR,NO_TRADE,EVENT:US CPI Data | EVENT:DEFINED_RISK_ONLY | RANGE_UNCLEAR_POSITIONING_NO_TRADE,0.0,0,31.07,HIGH,1,0,0,0,0,0,NO_TRADE,,EVENT:US CPI Data | EVENT:DEFINED_RISK_ONLY | RANGE_UNCLEAR_POSITIONING_NO_TRADE,
10:05:58,23272.5,23277.3,23231.4,VERY_NARROW,23277.3,23231.4,0.895,RANGE,SELL_PREMIUM,UNCLEAR,NO_TRADE,EVENT:US CPI Data | EVENT:DEFINED_RISK_ONLY | RANGE_UNCLEAR_POSITIONING_NO_TRADE,0.0,0,31.0,HIGH,1,0,0,0,0,0,NO_TRADE,,EVENT:US CPI Data | EVENT:DEFINED_RISK_ONLY | RANGE_UNCLEAR_POSITIONING_NO_TRADE,
10:06:13,23273.3,23277.3,23231.4,VERY_NARROW,23277.3,23231.4,0.913,RANGE,SELL_PREMIUM,UNCLEAR,NO_TRADE,EVENT:US CPI Data | EVENT:DEFINED_RISK_ONLY | RANGE_UNCLEAR_POSITIONING_NO_TRADE,0.0,0,30.92,HIGH,1,0,0,0,0,0,NO_TRADE,,EVENT:US CPI Data | EVENT:DEFINED_RISK_ONLY | RANGE_UNCLEAR_POSITIONING_NO_TRADE,
10:06:28,23274.65,23277.3,23231.4,VERY_NARROW,23277.3,23231.4,0.942,RANGE,SELL_PREMIUM,UNCLEAR,NO_TRADE,EVENT:US CPI Data | EVENT:DEFINED_RISK_ONLY | RANGE_UNCLEAR_POSITIONING_NO_TRADE,0.0,0,30.85,HIGH,1,0,0,0,0,0,NO_TRADE,,EVENT:US CPI Data | EVENT:DEFINED_RISK_ONLY | RANGE_UNCLEAR_POSITIONING_NO_TRADE,
10:06:43,23272.95,23277.3,23231.4,VERY_NARROW,23277.3,23231.4,0.905,RANGE,SELL_PREMIUM,UNCLEAR,NO_TRADE,EVENT:US CPI Data | EVENT:DEFINED_RISK_ONLY | RANGE_UNCLEAR_POSITIONING_NO_TRADE,0.0,0,30.77,HIGH,1,0,0,0,0,0,NO_TRADE,,EVENT:US CPI Data | EVENT:DEFINED_RISK_ONLY | RANGE_UNCLEAR_POSITIONING_NO_TRADE,
10:06:58,23271.85,23277.3,23231.4,VERY_NARROW,23277.3,23231.4,0.881,RANGE,SELL_PREMIUM,UNCLEAR,NO_TRADE,EVENT:US CPI Data | EVENT:DEFINED_RISK_ONLY | RANGE_UNCLEAR_POSITIONING_NO_TRADE,0.0,0,30.7,HIGH,1,0,0,0,0,0,NO_TRADE,,EVENT:US CPI Data | EVENT:DEFINED_RISK_ONLY | RANGE_UNCLEAR_POSITIONING_NO_TRADE,
10:07:13,23271.6,23277.3,23231.4,VERY_NARROW,23277.3,23231.4,0.876,RANGE,SELL_PREMIUM,UNCLEAR,NO_TRADE,EVENT:US CPI Data | EVENT:DEFINED_RISK_ONLY | RANGE_UNCLEAR_POSITIONING_NO_TRADE,0.0,0,30.62,HIGH,1,0,0,0,0,0,NO_TRADE,,EVENT:US CPI Data | EVENT:DEFINED_RISK_ONLY | RANGE_UNCLEAR_POSITIONING_NO_TRADE,
10:07:28,23273.75,23277.3,23231.4,VERY_NARROW,23277.3,23231.4,0.923,RANGE,SELL_PREMIUM,UNCLEAR,NO_TRADE,EVENT:US CPI Data | EVENT:DEFINED_RISK_ONLY | RANGE_UNCLEAR_POSITIONING_NO_TRADE,0.0,0,30.55,HIGH,1,0,0,0,0,0,NO_TRADE,,EVENT:US CPI Data | EVENT:DEFINED_RISK_ONLY | RANGE_UNCLEAR_POSITIONING_NO_TRADE,
10:07:43,23274.05,23277.3,23231.4,VERY_NARROW,23277.3,23231.4,0.929,RANGE,SELL_PREMIUM,UNCLEAR,NO_TRADE,EVENT:US CPI Data | EVENT:DEFINED_RISK_ONLY | RANGE_UNCLEAR_POSITIONING_NO_TRADE,0.0,0,30.48,HIGH,1,0,0,0,0,0,NO_TRADE,,EVENT:US CPI Data | EVENT:DEFINED_RISK_ONLY | RANGE_UNCLEAR_POSITIONING_NO_TRADE,
10:07:58,23271.1,23277.3,23231.4,VERY_NARROW,23277.3,23231.4,0.865,RANGE,SELL_PREMIUM,UNCLEAR,NO_TRADE,EVENT:US CPI Data | EVENT:DEFINED_RISK_ONLY | RANGE_UNCLEAR_POSITIONING_NO_TRADE,0.0,0,30.41,HIGH,1,0,0,0,0,0,NO_TRADE,,EVENT:US CPI Data | EVENT:DEFINED_RISK_ONLY | RANGE_UNCLEAR_POSITIONING_NO_TRADE,
10:08:13,23272.25,23277.3,23231.4,VERY_NARROW,23281.85,23231.4,0.810,RANGE,SELL_PREMIUM,UNCLEAR,NO_TRADE,EVENT:US CPI Data | EVENT:DEFINED_RISK_ONLY | RANGE_UNCLEAR_POSITIONING_NO_TRADE,0.0,0,33.34,HIGH,1,0,0,0,0,0,NO_TRADE,,EVENT:US CPI Data | EVENT:DEFINED_RISK_ONLY | RANGE_UNCLEAR_POSITIONING_NO_TRADE,
10:08:28,23274.15,23277.3,23231.4,VERY_NARROW,23281.85,23231.4,0.847,RANGE,SELL_PREMIUM,UNCLEAR,NO_TRADE,EVENT:US CPI Data | EVENT:DEFINED_RISK_ONLY | RANGE_UNCLEAR_POSITIONING_NO_TRADE,0.0,0,33.26,HIGH,1,0,0,0,0,0,NO_TRADE,,EVENT:US CPI Data | EVENT:DEFINED_RISK_ONLY | RANGE_UNCLEAR_POSITIONING_NO_TRADE,
10:08:43,23275.65,23277.3,23231.4,VERY_NARROW,23281.85,23231.4,0.877,RANGE,SELL_PREMIUM,UNCLEAR,NO_TRADE,EVENT:US CPI Data | EVENT:DEFINED_RISK_ONLY | RANGE_UNCLEAR_POSITIONING_NO_TRADE,0.0,0,33.19,HIGH,1,0,0,0,0,0,NO_TRADE,,EVENT:US CPI Data | EVENT:DEFINED_RISK_ONLY | RANGE_UNCLEAR_POSITIONING_NO_TRADE,
10:08:58,23281.05,23277.3,23231.4,VERY_NARROW,23281.85,23231.4,0.984,RANGE,SELL_PREMIUM,UNCLEAR,NO_TRADE,EVENT:US CPI Data | EVENT:DEFINED_RISK_ONLY | RANGE_UNCLEAR_POSITIONING_NO_TRADE,0.0,0,33.11,HIGH,1,0,0,0,0,0,NO_TRADE,,EVENT:US CPI Data | EVENT:DEFINED_RISK_ONLY | RANGE_UNCLEAR_POSITIONING_NO_TRADE,
10:09:13,23284.2,23277.3,23231.4,VERY_NARROW,23286.05,23231.4,0.966,RANGE,SELL_PREMIUM,UNCLEAR,NO_TRADE,EVENT:US CPI Data | EVENT:DEFINED_RISK_ONLY | RANGE_UNCLEAR_POSITIONING_NO_TRADE,0.0,0,35.78,HIGH,1,0,0,0,0,0,NO_TRADE,,EVENT:US CPI Data | EVENT:DEFINED_RISK_ONLY | RANGE_UNCLEAR_POSITIONING_NO_TRADE,
10:09:28,23282.2,23277.3,23231.4,VERY_NARROW,23286.05,23231.4,0.930,RANGE,SELL_PREMIUM,UNCLEAR,NO_TRADE,EVENT:US CPI Data | EVENT:DEFINED_RISK_ONLY | RANGE_UNCLEAR_POSITIONING_NO_TRADE,0.0,0,35.7,HIGH,1,0,0,0,0,0,NO_TRADE,,EVENT:US CPI Data | EVENT:DEFINED_RISK_ONLY | RANGE_UNCLEAR_POSITIONING_NO_TRADE,
10:09:43,23285.2,23277.3,23231.4,VERY_NARROW,23286.05,23231.4,0.984,RANGE,SELL_PREMIUM,UNCLEAR,NO_TRADE,EVENT:US CPI Data | EVENT:DEFINED_RISK_ONLY | RANGE_UNCLEAR_POSITIONING_NO_TRADE,0.0,0,35.62,HIGH,1,0,0,0,0,0,NO_TRADE,,EVENT:US CPI Data | EVENT:DEFINED_RISK_ONLY | RANGE_UNCLEAR_POSITIONING_NO_TRADE,
10:09:58,23284.05,23277.3,23231.4,VERY_NARROW,23286.05,23231.4,0.963,RANGE,SELL_PREMIUM,RANGE,PREMIUM_SELL_RANGE,EVENT:US CPI Data | EVENT:DEFINED_RISK_ONLY | RANGE_RANGE_VERY_NARROW,0.0,0,35.54,HIGH,1,0,0,0,0,0,NO_TRADE,,params_invalid:call_wing_costs_54pct_of_short_premium_above_50pct,
10:10:13,23282.05,23277.3,23231.4,VERY_NARROW,23286.6,23231.4,0.918,RANGE,SELL_PREMIUM,RANGE,PREMIUM_SELL_RANGE,EVENT:US CPI Data | EVENT:DEFINED_RISK_ONLY | RANGE_RANGE_VERY_NARROW,0.0,0,35.81,HIGH,1,0,0,0,0,0,NO_TRADE,,params_invalid:call_wing_costs_54pct_of_short_premium_above_50pct,
10:10:28,23282.5,23277.3,23231.4,VERY_NARROW,23286.6,23231.4,0.926,RANGE,SELL_PREMIUM,RANGE,PREMIUM_SELL_RANGE,EVENT:US CPI Data | EVENT:DEFINED_RISK_ONLY | RANGE_RANGE_VERY_NARROW,0.0,0,35.73,HIGH,1,0,0,0,0,0,NO_TRADE,,params_invalid:call_wing_costs_54pct_of_short_premium_above_50pct,
10:10:43,23282.65,23277.3,23231.4,VERY_NARROW,23286.6,23231.4,0.928,RANGE,SELL_PREMIUM,RANGE,PREMIUM_SELL_RANGE,EVENT:US CPI Data | EVENT:DEFINED_RISK_ONLY | RANGE_RANGE_VERY_NARROW,0.0,0,35.65,HIGH,1,0,0,0,0,0,NO_TRADE,,params_invalid:call_wing_costs_54pct_of_short_premium_above_50pct,
10:10:58,23282.6,23277.3,23231.4,VERY_NARROW,23286.6,23231.4,0.928,RANGE,SELL_PREMIUM,RANGE,PREMIUM_SELL_RANGE,EVENT:US CPI Data | EVENT:DEFINED_RISK_ONLY | RANGE_RANGE_VERY_NARROW,0.0,0,35.57,HIGH,1,0,0,0,0,0,NO_TRADE,,params_invalid:call_wing_costs_54pct_of_short_premium_above_50pct,
10:11:13,23284.7,23277.3,23231.4,VERY_NARROW,23286.6,23231.4,0.966,RANGE,STRONG_SELL_PREMIUM,RANGE,PREMIUM_SELL_RANGE,EVENT:US CPI Data | EVENT:DEFINED_RISK_ONLY | RANGE_RANGE_VERY_NARROW,0.0,0,35.49,HIGH,1,0,0,0,0,0,NO_TRADE,,params_invalid:call_wing_costs_54pct_of_short_premium_above_50pct,
10:11:28,23281.4,23277.3,23231.4,VERY_NARROW,23286.6,23231.4,0.906,RANGE,STRONG_SELL_PREMIUM,RANGE,PREMIUM_SELL_RANGE,EVENT:US CPI Data | EVENT:DEFINED_RISK_ONLY | RANGE_RANGE_VERY_NARROW,0.0,0,35.41,HIGH,1,0,0,0,0,0,NO_TRADE,,params_invalid:call_wing_costs_54pct_of_short_premium_above_50pct,
10:11:43,23284.05,23277.3,23231.4,VERY_NARROW,23286.6,23231.4,0.954,RANGE,STRONG_SELL_PREMIUM,RANGE,PREMIUM_SELL_RANGE,EVENT:US CPI Data | EVENT:DEFINED_RISK_ONLY | RANGE_RANGE_VERY_NARROW,0.0,0,35.34,HIGH,1,0,0,0,0,0,NO_TRADE,,params_invalid:call_wing_costs_54pct_of_short_premium_above_50pct,
10:11:58,23283.65,23277.3,23231.4,VERY_NARROW,23286.6,23231.4,0.947,RANGE,STRONG_SELL_PREMIUM,RANGE,PREMIUM_SELL_RANGE,EVENT:US CPI Data | EVENT:DEFINED_RISK_ONLY | RANGE_RANGE_VERY_NARROW,0.0,0,35.26,HIGH,1,0,0,0,0,0,NO_TRADE,,params_invalid:call_wing_costs_54pct_of_short_premium_above_50pct,
10:12:13,23285.0,23277.3,23231.4,VERY_NARROW,23286.6,23231.4,0.971,RANGE,STRONG_SELL_PREMIUM,RANGE,PREMIUM_SELL_RANGE,EVENT:US CPI Data | EVENT:DEFINED_RISK_ONLY | RANGE_RANGE_VERY_NARROW,0.0,0,35.18,HIGH,1,0,0,0,0,0,NO_TRADE,,params_invalid:call_wing_costs_54pct_of_short_premium_above_50pct,
10:12:28,23283.6,23277.3,23231.4,VERY_NARROW,23286.6,23231.4,0.946,RANGE,STRONG_SELL_PREMIUM,RANGE,PREMIUM_SELL_RANGE,EVENT:US CPI Data | EVENT:DEFINED_RISK_ONLY | RANGE_RANGE_VERY_NARROW,0.0,0,35.1,HIGH,1,0,0,0,0,0,NO_TRADE,,params_invalid:call_wing_costs_54pct_of_short_premium_above_50pct,
10:12:43,23285.0,23277.3,23231.4,VERY_NARROW,23286.6,23231.4,0.971,RANGE,STRONG_SELL_PREMIUM,RANGE,PREMIUM_SELL_RANGE,EVENT:US CPI Data | EVENT:DEFINED_RISK_ONLY | RANGE_RANGE_VERY_NARROW,0.0,0,35.03,HIGH,1,0,0,0,0,0,NO_TRADE,,params_invalid:call_wing_costs_55pct_of_short_premium_above_50pct,
10:12:58,23283.6,23277.3,23231.4,VERY_NARROW,23286.6,23231.4,0.946,RANGE,STRONG_SELL_PREMIUM,RANGE,PREMIUM_SELL_RANGE,EVENT:US CPI Data | EVENT:DEFINED_RISK_ONLY | RANGE_RANGE_VERY_NARROW,0.0,0,34.95,HIGH,1,0,0,0,0,0,NO_TRADE,,params_invalid:call_wing_costs_54pct_of_short_premium_above_50pct,
10:13:13,23284.35,23277.3,23231.4,VERY_NARROW,23296.3,23231.4,0.816,RANGE,STRONG_SELL_PREMIUM,RANGE,PREMIUM_SELL_RANGE,EVENT:US CPI Data | EVENT:DEFINED_RISK_ONLY | RANGE_RANGE_VERY_NARROW,0.0,0,41.01,HIGH,1,0,0,0,0,0,NO_TRADE,,params_invalid:call_wing_costs_55pct_of_short_premium_above_50pct,
10:13:29,23286.3,23277.3,23231.4,VERY_NARROW,23296.3,23231.4,0.846,RANGE,STRONG_SELL_PREMIUM,RANGE,PREMIUM_SELL_RANGE,EVENT:US CPI Data | EVENT:DEFINED_RISK_ONLY | RANGE_RANGE_VERY_NARROW,0.0,0,40.92,HIGH,1,0,0,0,0,0,NO_TRADE,,params_invalid:call_wing_costs_55pct_of_short_premium_above_50pct,
10:13:44,23292.6,23277.3,23231.4,VERY_NARROW,23296.3,23231.4,0.943,RANGE,STRONG_SELL_PREMIUM,RANGE,PREMIUM_SELL_RANGE,EVENT:US CPI Data | EVENT:DEFINED_RISK_ONLY | RANGE_RANGE_VERY_NARROW,0.0,0,40.83,HIGH,1,0,0,0,0,0,NO_TRADE,,params_invalid:call_wing_costs_54pct_of_short_premium_above_50pct,
10:13:59,23294.95,23277.3,23231.4,VERY_NARROW,23296.3,23231.4,0.979,RANGE,STRONG_SELL_PREMIUM,RANGE,PREMIUM_SELL_RANGE,EVENT:US CPI Data | EVENT:DEFINED_RISK_ONLY | RANGE_RANGE_VERY_NARROW,0.0,0,40.74,HIGH,1,0,0,0,0,0,NO_TRADE,,params_invalid:call_wing_costs_54pct_of_short_premium_above_50pct,
10:14:14,23298.7,23277.3,23231.4,VERY_NARROW,23299.4,23231.4,0.990,RANGE,STRONG_SELL_PREMIUM,RANGE,PREMIUM_SELL_RANGE,EVENT:US CPI Data | EVENT:DEFINED_RISK_ONLY | RANGE_RANGE_VERY_NARROW,0.0,0,42.6,HIGH,1,0,0,0,0,0,NO_TRADE,,params_invalid:call_wing_costs_55pct_of_short_premium_above_50pct,
10:14:29,23293.2,23277.3,23231.4,VERY_NARROW,23299.4,23231.4,0.909,RANGE,STRONG_SELL_PREMIUM,RANGE,PREMIUM_SELL_RANGE,EVENT:US CPI Data | EVENT:DEFINED_RISK_ONLY | RANGE_RANGE_VERY_NARROW,0.0,0,42.51,HIGH,1,0,0,0,0,0,NO_TRADE,,params_invalid:call_wing_costs_55pct_of_short_premium_above_50pct,
10:14:44,23298.0,23277.3,23231.4,VERY_NARROW,23299.4,23231.4,0.979,RANGE,STRONG_SELL_PREMIUM,RANGE,PREMIUM_SELL_RANGE,EVENT:US CPI Data | EVENT:DEFINED_RISK_ONLY | RANGE_RANGE_VERY_NARROW,0.0,0,42.42,HIGH,1,0,0,0,0,0,NO_TRADE,,params_invalid:call_wing_costs_54pct_of_short_premium_above_50pct,
10:14:59,23297.35,23277.3,23231.4,VERY_NARROW,23299.4,23231.4,0.970,RANGE,STRONG_SELL_PREMIUM,RANGE,PREMIUM_SELL_RANGE,EVENT:US CPI Data | EVENT:DEFINED_RISK_ONLY | RANGE_RANGE_VERY_NARROW,0.0,0,42.33,HIGH,1,0,0,0,0,0,NO_TRADE,,params_invalid:call_wing_costs_54pct_of_short_premium_above_50pct,
10:15:14,23295.55,23277.3,23231.4,VERY_NARROW,23299.4,23231.4,0.943,RANGE,STRONG_SELL_PREMIUM,RANGE,PREMIUM_SELL_RANGE,EVENT:US CPI Data | EVENT:DEFINED_RISK_ONLY | RANGE_RANGE_VERY_NARROW,0.0,0,42.24,HIGH,1,0,0,0,0,0,NO_TRADE,,params_invalid:call_wing_costs_54pct_of_short_premium_above_50pct,
10:15:29,23290.65,23277.3,23231.4,VERY_NARROW,23299.4,23231.4,0.871,RANGE,STRONG_SELL_PREMIUM,RANGE,PREMIUM_SELL_RANGE,EVENT:US CPI Data | EVENT:DEFINED_RISK_ONLY | RANGE_RANGE_VERY_NARROW,0.0,0,42.16,HIGH,1,0,0,0,0,0,NO_TRADE,,params_invalid:call_wing_costs_54pct_of_short_premium_above_50pct,
10:15:44,23293.35,23277.3,23231.4,VERY_NARROW,23299.4,23231.4,0.911,RANGE,STRONG_SELL_PREMIUM,RANGE,PREMIUM_SELL_RANGE,EVENT:US CPI Data | EVENT:DEFINED_RISK_ONLY | RANGE_RANGE_VERY_NARROW,0.0,0,42.07,HIGH,1,0,0,0,0,0,NO_TRADE,,params_invalid:call_wing_costs_54pct_of_short_premium_above_50pct,
10:15:59,23294.4,23277.3,23231.4,VERY_NARROW,23299.4,23231.4,0.926,RANGE,STRONG_SELL_PREMIUM,RANGE,PREMIUM_SELL_RANGE,EVENT:US CPI Data | EVENT:DEFINED_RISK_ONLY | RANGE_RANGE_VERY_NARROW,0.0,0,41.98,HIGH,1,0,0,0,0,0,NO_TRADE,,params_invalid:call_wing_costs_54pct_of_short_premium_above_50pct,
10:16:14,23295.15,23277.3,23231.4,VERY_NARROW,23299.4,23231.4,0.938,RANGE,STRONG_SELL_PREMIUM,RANGE,PREMIUM_SELL_RANGE,EVENT:US CPI Data | EVENT:DEFINED_RISK_ONLY | RANGE_RANGE_VERY_NARROW,0.0,0,41.9,HIGH,1,0,0,0,0,0,NO_TRADE,,params_invalid:call_wing_costs_54pct_of_short_premium_above_50pct,
10:16:29,23295.15,23277.3,23231.4,VERY_NARROW,23299.4,23231.4,0.938,RANGE,STRONG_SELL_PREMIUM,RANGE,PREMIUM_SELL_RANGE,EVENT:US CPI Data | EVENT:DEFINED_RISK_ONLY | RANGE_RANGE_VERY_NARROW,0.0,0,41.81,HIGH,1,0,0,0,0,0,NO_TRADE,,params_invalid:call_wing_costs_54pct_of_short_premium_above_50pct,
10:16:44,23292.8,23277.3,23231.4,VERY_NARROW,23299.4,23231.4,0.903,RANGE,STRONG_SELL_PREMIUM,RANGE,PREMIUM_SELL_RANGE,EVENT:US CPI Data | EVENT:DEFINED_RISK_ONLY | RANGE_RANGE_VERY_NARROW,0.0,0,41.73,HIGH,1,0,0,0,0,0,NO_TRADE,,params_invalid:call_wing_costs_54pct_of_short_premium_above_50pct,
10:16:59,23290.6,23277.3,23231.4,VERY_NARROW,23299.4,23231.4,0.871,RANGE,STRONG_SELL_PREMIUM,RANGE,PREMIUM_SELL_RANGE,EVENT:US CPI Data | EVENT:DEFINED_RISK_ONLY | RANGE_RANGE_VERY_NARROW,0.0,0,41.64,HIGH,1,0,0,0,0,0,NO_TRADE,,params_invalid:call_wing_costs_54pct_of_short_premium_above_50pct,
10:17:14,23293.2,23277.3,23231.4,VERY_NARROW,23299.4,23231.4,0.909,RANGE,STRONG_SELL_PREMIUM,RANGE,PREMIUM_SELL_RANGE,EVENT:US CPI Data | EVENT:DEFINED_RISK_ONLY | RANGE_RANGE_VERY_NARROW,0.0,0,41.56,HIGH,1,0,0,0,0,0,NO_TRADE,,params_invalid:call_wing_costs_54pct_of_short_premium_above_50pct,
10:17:29,23295.35,23277.3,23231.4,VERY_NARROW,23299.4,23231.4,0.940,RANGE,STRONG_SELL_PREMIUM,RANGE,PREMIUM_SELL_RANGE,EVENT:US CPI Data | EVENT:DEFINED_RISK_ONLY | RANGE_RANGE_VERY_NARROW,0.0,0,41.48,HIGH,1,0,0,0,0,0,NO_TRADE,,params_invalid:call_wing_costs_54pct_of_short_premium_above_50pct,
10:17:44,23293.75,23277.3,23231.4,VERY_NARROW,23299.4,23231.4,0.917,RANGE,STRONG_SELL_PREMIUM,RANGE,PREMIUM_SELL_RANGE,EVENT:US CPI Data | EVENT:DEFINED_RISK_ONLY | RANGE_RANGE_VERY_NARROW,0.0,0,41.39,HIGH,1,0,0,0,0,0,NO_TRADE,,params_invalid:call_wing_costs_54pct_of_short_premium_above_50pct,
10:17:59,23293.55,23277.3,23231.4,VERY_NARROW,23299.4,23231.4,0.914,RANGE,STRONG_SELL_PREMIUM,RANGE,PREMIUM_SELL_RANGE,EVENT:US CPI Data | EVENT:DEFINED_RISK_ONLY | RANGE_RANGE_VERY_NARROW,0.0,0,41.31,HIGH,1,0,0,0,0,0,NO_TRADE,,params_invalid:call_wing_costs_54pct_of_short_premium_above_50pct,
10:18:14,23294.5,23277.3,23231.4,VERY_NARROW,23299.4,23231.4,0.928,RANGE,STRONG_SELL_PREMIUM,RANGE,PREMIUM_SELL_RANGE,EVENT:US CPI Data | EVENT:DEFINED_RISK_ONLY | RANGE_RANGE_VERY_NARROW,0.0,0,41.23,HIGH,1,0,0,0,0,0,NO_TRADE,,params_invalid:call_wing_costs_54pct_of_short_premium_above_50pct,
10:18:29,23293.9,23277.3,23231.4,VERY_NARROW,23299.4,23231.4,0.919,RANGE,STRONG_SELL_PREMIUM,RANGE,PREMIUM_SELL_RANGE,EVENT:US CPI Data | EVENT:DEFINED_RISK_ONLY | RANGE_RANGE_VERY_NARROW,0.0,0,41.15,HIGH,1,0,0,0,0,0,NO_TRADE,,params_invalid:call_wing_costs_54pct_of_short_premium_above_50pct,
10:18:44,23291.05,23277.3,23231.4,VERY_NARROW,23299.4,23231.4,0.877,RANGE,STRONG_SELL_PREMIUM,RANGE,PREMIUM_SELL_RANGE,EVENT:US CPI Data | EVENT:DEFINED_RISK_ONLY | RANGE_RANGE_VERY_NARROW,0.0,0,41.07,HIGH,1,0,0,0,0,0,NO_TRADE,,params_invalid:call_wing_costs_54pct_of_short_premium_above_50pct,
10:18:59,23291.55,23277.3,23231.4,VERY_NARROW,23299.4,23231.4,0.885,RANGE,STRONG_SELL_PREMIUM,RANGE,PREMIUM_SELL_RANGE,EVENT:US CPI Data | EVENT:DEFINED_RISK_ONLY | RANGE_RANGE_VERY_NARROW,0.0,0,40.99,HIGH,1,0,0,0,0,0,NO_TRADE,,params_invalid:call_wing_costs_54pct_of_short_premium_above_50pct,
10:19:14,23293.05,23277.3,23231.4,VERY_NARROW,23299.4,23231.4,0.907,RANGE,STRONG_SELL_PREMIUM,RANGE,PREMIUM_SELL_RANGE,EVENT:US CPI Data | EVENT:DEFINED_RISK_ONLY | RANGE_RANGE_VERY_NARROW,0.0,0,40.91,HIGH,1,0,0,0,0,0,NO_TRADE,,params_invalid:call_wing_costs_54pct_of_short_premium_above_50pct,
10:19:29,23292.7,23277.3,23231.4,VERY_NARROW,23299.4,23231.4,0.901,RANGE,STRONG_SELL_PREMIUM,RANGE,PREMIUM_SELL_RANGE,EVENT:US CPI Data | EVENT:DEFINED_RISK_ONLY | RANGE_RANGE_VERY_NARROW,0.0,0,40.83,HIGH,1,0,0,0,0,0,NO_TRADE,,params_invalid:call_wing_costs_54pct_of_short_premium_above_50pct,
10:19:44,23292.85,23277.3,23231.4,VERY_NARROW,23299.4,23231.4,0.904,RANGE,STRONG_SELL_PREMIUM,RANGE,PREMIUM_SELL_RANGE,EVENT:US CPI Data | EVENT:DEFINED_RISK_ONLY | RANGE_RANGE_VERY_NARROW,0.0,0,40.75,HIGH,1,0,0,0,0,0,NO_TRADE,,params_invalid:call_wing_costs_54pct_of_short_premium_above_50pct,
10:19:59,23292.35,23277.3,23231.4,VERY_NARROW,23299.4,23231.4,0.896,RANGE,STRONG_SELL_PREMIUM,RANGE,PREMIUM_SELL_RANGE,EVENT:US CPI Data | EVENT:DEFINED_RISK_ONLY | RANGE_RANGE_VERY_NARROW,0.0,0,40.67,HIGH,1,0,0,0,0,0,NO_TRADE,,params_invalid:call_wing_costs_54pct_of_short_premium_above_50pct,
10:20:14,23292.75,23277.3,23231.4,VERY_NARROW,23299.4,23231.4,0.902,RANGE,STRONG_SELL_PREMIUM,RANGE,PREMIUM_SELL_RANGE,EVENT:US CPI Data | EVENT:DEFINED_RISK_ONLY | RANGE_RANGE_VERY_NARROW,0.0,0,40.59,HIGH,1,0,0,0,0,0,NO_TRADE,,params_invalid:call_wing_costs_54pct_of_short_premium_above_50pct,
10:20:29,23292.6,23277.3,23231.4,VERY_NARROW,23299.4,23231.4,0.900,RANGE,STRONG_SELL_PREMIUM,RANGE,PREMIUM_SELL_RANGE,EVENT:US CPI Data | EVENT:DEFINED_RISK_ONLY | RANGE_RANGE_VERY_NARROW,0.0,0,40.51,HIGH,1,0,0,0,0,0,NO_TRADE,,params_invalid:call_wing_costs_54pct_of_short_premium_above_50pct,
10:20:44,23294.4,23277.3,23231.4,VERY_NARROW,23299.4,23231.4,0.926,RANGE,STRONG_SELL_PREMIUM,RANGE,PREMIUM_SELL_RANGE,EVENT:US CPI Data | EVENT:DEFINED_RISK_ONLY | RANGE_RANGE_VERY_NARROW,0.0,0,40.44,HIGH,1,0,0,0,0,0,NO_TRADE,,params_invalid:call_wing_costs_55pct_of_short_premium_above_50pct,
10:20:59,23294.45,23277.3,23231.4,VERY_NARROW,23299.4,23231.4,0.927,RANGE,STRONG_SELL_PREMIUM,RANGE,PREMIUM_SELL_RANGE,EVENT:US CPI Data | EVENT:DEFINED_RISK_ONLY | RANGE_RANGE_VERY_NARROW,0.0,0,40.36,HIGH,1,0,0,0,0,0,NO_TRADE,,params_invalid:call_wing_costs_54pct_of_short_premium_above_50pct,
10:21:14,23297.45,23277.3,23231.4,VERY_NARROW,23302.55,23231.4,0.928,UPTREND,STRONG_SELL_PREMIUM,RANGE,NO_TRADE,EVENT:US CPI Data | EVENT:DEFINED_RISK_ONLY | EVENT:ONLY_RANGE_ALLOWED,0.0,0,42.15,HIGH,1,0,0,0,0,0,NO_TRADE,,EVENT:US CPI Data | EVENT:DEFINED_RISK_ONLY | EVENT:ONLY_RANGE_ALLOWED,
10:21:29,23300.35,23277.3,23231.4,VERY_NARROW,23302.55,23231.4,0.969,UPTREND,STRONG_SELL_PREMIUM,STRONG_RANGE,NO_TRADE,EVENT:US CPI Data | EVENT:DEFINED_RISK_ONLY | EVENT:ONLY_RANGE_ALLOWED,0.0,0,42.07,HIGH,1,0,0,0,0,0,NO_TRADE,,EVENT:US CPI Data | EVENT:DEFINED_RISK_ONLY | EVENT:ONLY_RANGE_ALLOWED,
10:21:44,23301.35,23277.3,23231.4,VERY_NARROW,23302.55,23231.4,0.983,UPTREND,STRONG_SELL_PREMIUM,STRONG_RANGE,NO_TRADE,EVENT:US CPI Data | EVENT:DEFINED_RISK_ONLY | EVENT:ONLY_RANGE_ALLOWED,0.0,0,41.99,HIGH,1,0,0,0,0,0,NO_TRADE,,EVENT:US CPI Data | EVENT:DEFINED_RISK_ONLY | EVENT:ONLY_RANGE_ALLOWED,
10:21:59,23299.7,23277.3,23231.4,VERY_NARROW,23302.55,23231.4,0.960,UPTREND,STRONG_SELL_PREMIUM,STRONG_RANGE,NO_TRADE,EVENT:US CPI Data | EVENT:DEFINED_RISK_ONLY | EVENT:ONLY_RANGE_ALLOWED,0.0,0,41.91,HIGH,1,0,0,0,0,0,NO_TRADE,,EVENT:US CPI Data | EVENT:DEFINED_RISK_ONLY | EVENT:ONLY_RANGE_ALLOWED,
10:22:14,23301.25,23277.3,23231.4,VERY_NARROW,23311.15,23231.4,0.876,UPTREND,STRONG_SELL_PREMIUM,STRONG_RANGE,NO_TRADE,EVENT:US CPI Data | EVENT:DEFINED_RISK_ONLY | EVENT:ONLY_RANGE_ALLOWED,0.0,0,46.89,HIGH,1,0,0,0,0,0,NO_TRADE,,EVENT:US CPI Data | EVENT:DEFINED_RISK_ONLY | EVENT:ONLY_RANGE_ALLOWED,
10:22:29,23307.75,23277.3,23231.4,VERY_NARROW,23311.15,23231.4,0.957,UPTREND,STRONG_SELL_PREMIUM,STRONG_RANGE,NO_TRADE,EVENT:US CPI Data | EVENT:DEFINED_RISK_ONLY | EVENT:ONLY_RANGE_ALLOWED,0.0,0,46.8,HIGH,1,0,0,0,0,0,NO_TRADE,,EVENT:US CPI Data | EVENT:DEFINED_RISK_ONLY | EVENT:ONLY_RANGE_ALLOWED,
10:22:44,23308.75,23277.3,23231.4,VERY_NARROW,23311.15,23231.4,0.970,UPTREND,STRONG_SELL_PREMIUM,STRONG_RANGE,NO_TRADE,EVENT:US CPI Data | EVENT:DEFINED_RISK_ONLY | EVENT:ONLY_RANGE_ALLOWED,0.0,0,46.72,HIGH,1,0,0,0,0,0,NO_TRADE,,EVENT:US CPI Data | EVENT:DEFINED_RISK_ONLY | EVENT:ONLY_RANGE_ALLOWED,
10:22:59,23308.4,23277.3,23231.4,VERY_NARROW,23311.15,23231.4,0.966,UPTREND,STRONG_SELL_PREMIUM,STRONG_RANGE,NO_TRADE,EVENT:US CPI Data | EVENT:DEFINED_RISK_ONLY | EVENT:ONLY_RANGE_ALLOWED,0.0,0,46.63,HIGH,1,0,0,0,0,0,NO_TRADE,,EVENT:US CPI Data | EVENT:DEFINED_RISK_ONLY | EVENT:ONLY_RANGE_ALLOWED,
10:23:14,23310.85,23277.3,23231.4,VERY_NARROW,23311.8,23231.4,0.988,UPTREND,STRONG_SELL_PREMIUM,STRONG_RANGE,NO_TRADE,EVENT:US CPI Data | EVENT:DEFINED_RISK_ONLY | EVENT:ONLY_RANGE_ALLOWED,0.0,0,46.93,HIGH,1,0,0,0,0,0,NO_TRADE,,EVENT:US CPI Data | EVENT:DEFINED_RISK_ONLY | EVENT:ONLY_RANGE_ALLOWED,
10:23:29,23309.85,23277.3,23231.4,VERY_NARROW,23311.8,23231.4,0.976,UPTREND,STRONG_SELL_PREMIUM,STRONG_RANGE,NO_TRADE,EVENT:US CPI Data | EVENT:DEFINED_RISK_ONLY | EVENT:ONLY_RANGE_ALLOWED,0.0,0,46.84,HIGH,1,0,0,0,0,0,NO_TRADE,,EVENT:US CPI Data | EVENT:DEFINED_RISK_ONLY | EVENT:ONLY_RANGE_ALLOWED,
10:23:44,23305.75,23277.3,23231.4,VERY_NARROW,23311.8,23231.4,0.925,UPTREND,STRONG_SELL_PREMIUM,STRONG_RANGE,NO_TRADE,EVENT:US CPI Data | EVENT:DEFINED_RISK_ONLY | EVENT:ONLY_RANGE_ALLOWED,0.0,0,46.75,HIGH,1,0,0,0,0,0,NO_TRADE,,EVENT:US CPI Data | EVENT:DEFINED_RISK_ONLY | EVENT:ONLY_RANGE_ALLOWED,
10:23:59,23300.95,23277.3,23231.4,VERY_NARROW,23311.8,23231.4,0.865,UPTREND,STRONG_SELL_PREMIUM,STRONG_RANGE,NO_TRADE,EVENT:US CPI Data | EVENT:DEFINED_RISK_ONLY | EVENT:ONLY_RANGE_ALLOWED,0.0,0,46.67,HIGH,1,0,0,0,0,0,NO_TRADE,,EVENT:US CPI Data | EVENT:DEFINED_RISK_ONLY | EVENT:ONLY_RANGE_ALLOWED,
10:24:14,23300.45,23277.3,23231.4,VERY_NARROW,23311.8,23231.4,0.859,UPTREND,STRONG_SELL_PREMIUM,STRONG_RANGE,NO_TRADE,EVENT:US CPI Data | EVENT:DEFINED_RISK_ONLY | EVENT:ONLY_RANGE_ALLOWED,0.0,0,46.58,HIGH,1,0,0,0,0,0,NO_TRADE,,EVENT:US CPI Data | EVENT:DEFINED_RISK_ONLY | EVENT:ONLY_RANGE_ALLOWED,
10:24:29,23302.25,23277.3,23231.4,VERY_NARROW,23311.8,23231.4,0.881,UPTREND,STRONG_SELL_PREMIUM,STRONG_RANGE,NO_TRADE,EVENT:US CPI Data | EVENT:DEFINED_RISK_ONLY | EVENT:ONLY_RANGE_ALLOWED,0.0,0,46.5,HIGH,1,0,0,0,0,0,NO_TRADE,,EVENT:US CPI Data | EVENT:DEFINED_RISK_ONLY | EVENT:ONLY_RANGE_ALLOWED,
10:24:44,23301.15,23277.3,23231.4,VERY_NARROW,23311.8,23231.4,0.868,UPTREND,STRONG_SELL_PREMIUM,STRONG_RANGE,NO_TRADE,EVENT:US CPI Data | EVENT:DEFINED_RISK_ONLY | EVENT:ONLY_RANGE_ALLOWED,0.0,0,46.42,HIGH,1,0,0,0,0,0,NO_TRADE,,EVENT:US CPI Data | EVENT:DEFINED_RISK_ONLY | EVENT:ONLY_RANGE_ALLOWED,
10:24:59,23300.65,23277.3,23231.4,VERY_NARROW,23311.8,23231.4,0.861,UPTREND,STRONG_SELL_PREMIUM,STRONG_RANGE,NO_TRADE,EVENT:US CPI Data | EVENT:DEFINED_RISK_ONLY | EVENT:ONLY_RANGE_ALLOWED,0.0,0,46.33,HIGH,1,0,0,0,0,0,NO_TRADE,,EVENT:US CPI Data | EVENT:DEFINED_RISK_ONLY | EVENT:ONLY_RANGE_ALLOWED,
10:25:14,23296.35,23277.3,23231.4,VERY_NARROW,23311.8,23231.4,0.808,UPTREND,STRONG_SELL_PREMIUM,STRONG_RANGE,NO_TRADE,EVENT:US CPI Data | EVENT:DEFINED_RISK_ONLY | EVENT:ONLY_RANGE_ALLOWED,0.0,0,46.25,HIGH,1,0,0,0,0,0,NO_TRADE,,EVENT:US CPI Data | EVENT:DEFINED_RISK_ONLY | EVENT:ONLY_RANGE_ALLOWED,
10:25:29,23296.85,23277.3,23231.4,VERY_NARROW,23311.8,23231.4,0.814,UPTREND,STRONG_SELL_PREMIUM,STRONG_RANGE,NO_TRADE,EVENT:US CPI Data | EVENT:DEFINED_RISK_ONLY | EVENT:ONLY_RANGE_ALLOWED,0.0,0,46.17,HIGH,1,0,0,0,0,0,NO_TRADE,,EVENT:US CPI Data | EVENT:DEFINED_RISK_ONLY | EVENT:ONLY_RANGE_ALLOWED,
10:25:45,23297.65,23277.3,23231.4,VERY_NARROW,23311.8,23231.4,0.824,UPTREND,STRONG_SELL_PREMIUM,STRONG_RANGE,NO_TRADE,EVENT:US CPI Data | EVENT:DEFINED_RISK_ONLY | EVENT:ONLY_RANGE_ALLOWED,0.0,0,46.09,HIGH,1,0,0,0,0,0,NO_TRADE,,EVENT:US CPI Data | EVENT:DEFINED_RISK_ONLY | EVENT:ONLY_RANGE_ALLOWED,
10:26:00,23297.5,23277.3,23231.4,VERY_NARROW,23311.8,23231.4,0.822,UPTREND,STRONG_SELL_PREMIUM,STRONG_RANGE,NO_TRADE,EVENT:US CPI Data | EVENT:DEFINED_RISK_ONLY | EVENT:ONLY_RANGE_ALLOWED,0.0,0,46.01,HIGH,1,0,0,0,0,0,NO_TRADE,,EVENT:US CPI Data | EVENT:DEFINED_RISK_ONLY | EVENT:ONLY_RANGE_ALLOWED,
10:26:15,23295.45,23277.3,23231.4,VERY_NARROW,23311.8,23231.4,0.797,UPTREND,STRONG_SELL_PREMIUM,STRONG_RANGE,NO_TRADE,EVENT:US CPI Data | EVENT:DEFINED_RISK_ONLY | EVENT:ONLY_RANGE_ALLOWED,0.0,0,45.92,HIGH,1,0,0,0,0,0,NO_TRADE,,EVENT:US CPI Data | EVENT:DEFINED_RISK_ONLY | EVENT:ONLY_RANGE_ALLOWED,
10:26:30,23296.4,23277.3,23231.4,VERY_NARROW,23311.8,23231.4,0.808,RANGE,STRONG_SELL_PREMIUM,STRONG_RANGE,PREMIUM_SELL_RANGE,EVENT:US CPI Data | EVENT:DEFINED_RISK_ONLY | RANGE_STRONG_RANGE_VERY_NARROW,0.0,0,45.84,HIGH,1,0,0,0,0,0,NO_TRADE,,params_invalid:call_wing_costs_55pct_of_short_premium_above_50pct,
10:26:45,23296.25,23277.3,23231.4,VERY_NARROW,23311.8,23231.4,0.807,RANGE,STRONG_SELL_PREMIUM,STRONG_RANGE,PREMIUM_SELL_RANGE,EVENT:US CPI Data | EVENT:DEFINED_RISK_ONLY | RANGE_STRONG_RANGE_VERY_NARROW,0.0,0,45.76,HIGH,1,0,0,0,0,0,NO_TRADE,,params_invalid:call_wing_costs_54pct_of_short_premium_above_50pct,
10:27:00,23294.4,23277.3,23231.4,VERY_NARROW,23311.8,23231.4,0.784,RANGE,STRONG_SELL_PREMIUM,STRONG_RANGE,PREMIUM_SELL_RANGE,EVENT:US CPI Data | EVENT:DEFINED_RISK_ONLY | RANGE_STRONG_RANGE_VERY_NARROW,0.0,0,45.68,HIGH,1,0,0,0,0,0,NO_TRADE,,params_invalid:call_wing_costs_54pct_of_short_premium_above_50pct,
10:27:15,23290.9,23277.3,23231.4,VERY_NARROW,23311.8,23231.4,0.740,RANGE,STRONG_SELL_PREMIUM,STRONG_RANGE,PREMIUM_SELL_RANGE,EVENT:US CPI Data | EVENT:DEFINED_RISK_ONLY | RANGE_STRONG_RANGE_VERY_NARROW,0.0,0,45.6,HIGH,1,0,0,0,0,0,NO_TRADE,,params_invalid:call_wing_costs_55pct_of_short_premium_above_50pct,
10:27:30,23289.5,23277.3,23231.4,VERY_NARROW,23311.8,23231.4,0.723,RANGE,STRONG_SELL_PREMIUM,STRONG_RANGE,PREMIUM_SELL_RANGE,EVENT:US CPI Data | EVENT:DEFINED_RISK_ONLY | RANGE_STRONG_RANGE_VERY_NARROW,0.0,0,45.53,HIGH,1,0,0,0,0,0,NO_TRADE,,params_invalid:call_wing_costs_55pct_of_short_premium_above_50pct,
10:27:45,23289.45,23277.3,23231.4,VERY_NARROW,23311.8,23231.4,0.722,RANGE,STRONG_SELL_PREMIUM,STRONG_RANGE,PREMIUM_SELL_RANGE,EVENT:US CPI Data | EVENT:DEFINED_RISK_ONLY | RANGE_STRONG_RANGE_VERY_NARROW,0.0,0,45.45,HIGH,1,0,0,0,0,0,NO_TRADE,,params_invalid:call_wing_costs_54pct_of_short_premium_above_50pct,
10:28:00,23287.2,23277.3,23231.4,VERY_NARROW,23311.8,23231.4,0.694,RANGE,STRONG_SELL_PREMIUM,STRONG_RANGE,PREMIUM_SELL_RANGE,EVENT:US CPI Data | EVENT:DEFINED_RISK_ONLY | RANGE_STRONG_RANGE_VERY_NARROW,0.0,0,45.37,HIGH,1,0,0,0,0,0,NO_TRADE,,params_invalid:call_wing_costs_54pct_of_short_premium_above_50pct,
10:28:15,23281.45,23277.3,23231.4,VERY_NARROW,23311.8,23231.4,0.623,RANGE,STRONG_SELL_PREMIUM,STRONG_RANGE,PREMIUM_SELL_RANGE,EVENT:US CPI Data | EVENT:DEFINED_RISK_ONLY | RANGE_STRONG_RANGE_VERY_NARROW,0.0,0,45.29,HIGH,1,0,0,0,0,0,NO_TRADE,,params_invalid:call_wing_costs_54pct_of_short_premium_above_50pct,
10:28:30,23280.3,23277.3,23231.4,VERY_NARROW,23311.8,23231.4,0.608,RANGE,STRONG_SELL_PREMIUM,STRONG_RANGE,PREMIUM_SELL_RANGE,EVENT:US CPI Data | EVENT:DEFINED_RISK_ONLY | RANGE_STRONG_RANGE_VERY_NARROW,0.0,0,45.21,HIGH,1,0,0,0,0,0,NO_TRADE,,params_invalid:call_wing_costs_55pct_of_short_premium_above_50pct,
10:28:45,23281.45,23277.3,23231.4,VERY_NARROW,23311.8,23231.4,0.623,RANGE,STRONG_SELL_PREMIUM,STRONG_RANGE,PREMIUM_SELL_RANGE,EVENT:US CPI Data | EVENT:DEFINED_RISK_ONLY | RANGE_STRONG_RANGE_VERY_NARROW,0.0,0,45.14,HIGH,1,0,0,0,0,0,NO_TRADE,,params_invalid:call_wing_costs_55pct_of_short_premium_above_50pct,
10:29:00,23278.2,23277.3,23231.4,VERY_NARROW,23311.8,23231.4,0.582,RANGE,STRONG_SELL_PREMIUM,STRONG_RANGE,PREMIUM_SELL_RANGE,EVENT:US CPI Data | EVENT:DEFINED_RISK_ONLY | RANGE_STRONG_RANGE_VERY_NARROW,0.0,0,45.06,HIGH,1,0,0,0,0,0,NO_TRADE,,params_invalid:call_wing_costs_55pct_of_short_premium_above_50pct,
10:29:15,23278.3,23277.3,23231.4,VERY_NARROW,23311.8,23231.4,0.583,RANGE,STRONG_SELL_PREMIUM,STRONG_RANGE,PREMIUM_SELL_RANGE,EVENT:US CPI Data | EVENT:DEFINED_RISK_ONLY | RANGE_STRONG_RANGE_VERY_NARROW,0.0,0,44.99,HIGH,1,0,0,0,0,0,NO_TRADE,,params_invalid:call_wing_costs_55pct_of_short_premium_above_50pct,
10:29:30,23278.55,23277.3,23231.4,VERY_NARROW,23311.8,23231.4,0.586,RANGE,STRONG_SELL_PREMIUM,STRONG_RANGE,PREMIUM_SELL_RANGE,EVENT:US CPI Data | EVENT:DEFINED_RISK_ONLY | RANGE_STRONG_RANGE_VERY_NARROW,0.0,0,44.91,HIGH,1,0,0,0,0,0,NO_TRADE,,params_invalid:call_wing_costs_54pct_of_short_premium_above_50pct,
10:29:45,23276.3,23277.3,23231.4,VERY_NARROW,23311.8,23231.4,0.558,RANGE,STRONG_SELL_PREMIUM,STRONG_RANGE,PREMIUM_SELL_RANGE,EVENT:US CPI Data | EVENT:DEFINED_RISK_ONLY | RANGE_STRONG_RANGE_VERY_NARROW,0.0,0,44.83,HIGH,1,0,0,0,0,0,NO_TRADE,,params_invalid:call_wing_costs_55pct_of_short_premium_above_50pct,
10:30:00,23276.8,23277.3,23231.4,VERY_NARROW,23311.8,23231.4,0.565,RANGE,STRONG_SELL_PREMIUM,STRONG_RANGE,PREMIUM_SELL_RANGE,EVENT:US CPI Data | EVENT:DEFINED_RISK_ONLY | RANGE_STRONG_RANGE_VERY_NARROW,0.0,0,44.76,HIGH,1,0,0,0,0,0,NO_TRADE,,params_invalid:call_wing_costs_55pct_of_short_premium_above_50pct,
10:30:15,23277.25,23277.3,23231.4,VERY_NARROW,23311.8,23231.4,0.570,RANGE,STRONG_SELL_PREMIUM,STRONG_RANGE,PREMIUM_SELL_RANGE,EVENT:US CPI Data | EVENT:DEFINED_RISK_ONLY | RANGE_STRONG_RANGE_VERY_NARROW,0.0,0,44.69,HIGH,1,0,0,0,0,0,NO_TRADE,,params_invalid:call_wing_costs_55pct_of_short_premium_above_50pct,
10:30:30,23275.0,23277.3,23231.4,VERY_NARROW,23311.8,23231.4,0.542,RANGE,STRONG_SELL_PREMIUM,STRONG_RANGE,PREMIUM_SELL_RANGE,EVENT:US CPI Data | EVENT:DEFINED_RISK_ONLY | RANGE_STRONG_RANGE_VERY_NARROW,0.0,0,44.61,HIGH,1,0,0,0,0,0,NO_TRADE,,params_invalid:call_wing_costs_56pct_of_short_premium_above_50pct,
10:30:45,23274.25,23277.3,23231.4,VERY_NARROW,23311.8,23231.4,0.533,RANGE,STRONG_SELL_PREMIUM,RANGE,PREMIUM_SELL_RANGE,EVENT:US CPI Data | EVENT:DEFINED_RISK_ONLY | RANGE_RANGE_VERY_NARROW,0.0,0,44.54,HIGH,1,0,0,0,0,0,NO_TRADE,,params_invalid:call_wing_costs_56pct_of_short_premium_above_50pct,
10:31:00,23276.15,23277.3,23231.4,VERY_NARROW,23311.8,23231.4,0.557,RANGE,STRONG_SELL_PREMIUM,STRONG_RANGE,PREMIUM_SELL_RANGE,EVENT:US CPI Data | EVENT:DEFINED_RISK_ONLY | RANGE_STRONG_RANGE_VERY_NARROW,0.0,0,44.46,HIGH,1,0,0,0,0,0,NO_TRADE,,params_invalid:call_wing_costs_55pct_of_short_premium_above_50pct,
10:31:15,23279.65,23277.3,23231.4,VERY_NARROW,23311.8,23231.4,0.600,RANGE,STRONG_SELL_PREMIUM,STRONG_RANGE,PREMIUM_SELL_RANGE,EVENT:US CPI Data | EVENT:DEFINED_RISK_ONLY | RANGE_STRONG_RANGE_VERY_NARROW,0.0,0,44.39,HIGH,1,0,0,0,0,0,NO_TRADE,,params_invalid:call_wing_costs_54pct_of_short_premium_above_50pct,
10:31:30,23279.15,23277.3,23231.4,VERY_NARROW,23311.8,23231.4,0.594,RANGE,STRONG_SELL_PREMIUM,STRONG_RANGE,PREMIUM_SELL_RANGE,EVENT:US CPI Data | EVENT:DEFINED_RISK_ONLY | RANGE_STRONG_RANGE_VERY_NARROW,0.0,0,44.32,HIGH,1,0,0,0,0,0,NO_TRADE,,params_invalid:call_wing_costs_55pct_of_short_premium_above_50pct,
10:31:45,23282.85,23277.3,23231.4,VERY_NARROW,23311.8,23231.4,0.640,RANGE,STRONG_SELL_PREMIUM,STRONG_RANGE,PREMIUM_SELL_RANGE,EVENT:US CPI Data | EVENT:DEFINED_RISK_ONLY | RANGE_STRONG_RANGE_VERY_NARROW,0.0,0,44.25,HIGH,1,0,0,0,0,0,NO_TRADE,,params_invalid:call_wing_costs_55pct_of_short_premium_above_50pct,
10:32:00,23283.7,23277.3,23231.4,VERY_NARROW,23311.8,23231.4,0.650,RANGE,STRONG_SELL_PREMIUM,STRONG_RANGE,PREMIUM_SELL_RANGE,EVENT:US CPI Data | EVENT:DEFINED_RISK_ONLY | RANGE_STRONG_RANGE_VERY_NARROW,0.0,0,44.17,HIGH,1,0,0,0,0,0,NO_TRADE,,params_invalid:call_wing_costs_54pct_of_short_premium_above_50pct,
10:32:15,23283.9,23277.3,23231.4,VERY_NARROW,23311.8,23231.4,0.653,RANGE,STRONG_SELL_PREMIUM,STRONG_RANGE,PREMIUM_SELL_RANGE,EVENT:US CPI Data | EVENT:DEFINED_RISK_ONLY | RANGE_STRONG_RANGE_VERY_NARROW,0.0,0,44.1,HIGH,1,0,0,0,0,0,NO_TRADE,,params_invalid:call_wing_costs_54pct_of_short_premium_above_50pct,
10:32:30,23284.0,23277.3,23231.4,VERY_NARROW,23311.8,23231.4,0.654,RANGE,STRONG_SELL_PREMIUM,STRONG_RANGE,PREMIUM_SELL_RANGE,EVENT:US CPI Data | EVENT:DEFINED_RISK_ONLY | RANGE_STRONG_RANGE_VERY_NARROW,0.0,0,44.03,HIGH,1,0,0,0,0,0,NO_TRADE,,params_invalid:call_wing_costs_55pct_of_short_premium_above_50pct,
10:32:45,23283.8,23277.3,23231.4,VERY_NARROW,23311.8,23231.4,0.652,RANGE,STRONG_SELL_PREMIUM,STRONG_RANGE,PREMIUM_SELL_RANGE,EVENT:US CPI Data | EVENT:DEFINED_RISK_ONLY | RANGE_STRONG_RANGE_VERY_NARROW,0.0,0,43.96,HIGH,1,0,0,0,0,0,NO_TRADE,,params_invalid:call_wing_costs_55pct_of_short_premium_above_50pct,
10:33:00,23282.2,23277.3,23231.4,VERY_NARROW,23311.8,23231.4,0.632,RANGE,STRONG_SELL_PREMIUM,STRONG_RANGE,PREMIUM_SELL_RANGE,EVENT:US CPI Data | EVENT:DEFINED_RISK_ONLY | RANGE_STRONG_RANGE_VERY_NARROW,0.0,0,43.89,HIGH,1,0,0,0,0,0,NO_TRADE,,params_invalid:call_wing_costs_55pct_of_short_premium_above_50pct,
10:33:15,23282.1,23277.3,23231.4,VERY_NARROW,23311.8,23231.4,0.631,RANGE,STRONG_SELL_PREMIUM,STRONG_RANGE,PREMIUM_SELL_RANGE,EVENT:US CPI Data | EVENT:DEFINED_RISK_ONLY | RANGE_STRONG_RANGE_VERY_NARROW,0.0,0,43.82,HIGH,1,0,0,0,0,0,NO_TRADE,,params_invalid:call_wing_costs_55pct_of_short_premium_above_50pct,
10:33:30,23282.6,23277.3,23231.4,VERY_NARROW,23311.8,23231.4,0.637,RANGE,STRONG_SELL_PREMIUM,STRONG_RANGE,PREMIUM_SELL_RANGE,EVENT:US CPI Data | EVENT:DEFINED_RISK_ONLY | RANGE_STRONG_RANGE_VERY_NARROW,0.0,0,43.75,HIGH,1,0,0,0,0,0,NO_TRADE,,params_invalid:call_wing_costs_55pct_of_short_premium_above_50pct,
10:33:45,23281.25,23277.3,23231.4,VERY_NARROW,23311.8,23231.4,0.620,RANGE,STRONG_SELL_PREMIUM,STRONG_RANGE,PREMIUM_SELL_RANGE,EVENT:US CPI Data | EVENT:DEFINED_RISK_ONLY | RANGE_STRONG_RANGE_VERY_NARROW,0.0,0,43.68,HIGH,1,0,0,0,0,0,NO_TRADE,,params_invalid:call_wing_costs_55pct_of_short_premium_above_50pct,
10:34:01,23281.0,23277.3,23231.4,VERY_NARROW,23311.8,23231.4,0.617,RANGE,STRONG_SELL_PREMIUM,STRONG_RANGE,PREMIUM_SELL_RANGE,EVENT:US CPI Data | EVENT:DEFINED_RISK_ONLY | RANGE_STRONG_RANGE_VERY_NARROW,0.0,0,43.61,HIGH,1,0,0,0,0,0,NO_TRADE,,params_invalid:call_wing_costs_55pct_of_short_premium_above_50pct,
10:34:15,23281.35,23277.3,23231.4,VERY_NARROW,23311.8,23231.4,0.621,RANGE,STRONG_SELL_PREMIUM,STRONG_RANGE,PREMIUM_SELL_RANGE,EVENT:US CPI Data | EVENT:DEFINED_RISK_ONLY | RANGE_STRONG_RANGE_VERY_NARROW,0.0,0,43.54,HIGH,1,0,0,0,0,0,NO_TRADE,,params_invalid:call_wing_costs_54pct_of_short_premium_above_50pct,
10:34:30,23285.8,23277.3,23231.4,VERY_NARROW,23311.8,23231.4,0.677,RANGE,STRONG_SELL_PREMIUM,STRONG_RANGE,PREMIUM_SELL_RANGE,EVENT:US CPI Data | EVENT:DEFINED_RISK_ONLY | RANGE_STRONG_RANGE_VERY_NARROW,0.0,0,43.47,HIGH,1,0,0,0,0,0,NO_TRADE,,params_invalid:call_wing_costs_54pct_of_short_premium_above_50pct,
10:34:45,23288.3,23277.3,23231.4,VERY_NARROW,23311.8,23231.4,0.708,RANGE,STRONG_SELL_PREMIUM,STRONG_RANGE,PREMIUM_SELL_RANGE,EVENT:US CPI Data | EVENT:DEFINED_RISK_ONLY | RANGE_STRONG_RANGE_VERY_NARROW,0.0,0,43.4,HIGH,1,0,0,0,0,0,NO_TRADE,,params_invalid:call_wing_costs_54pct_of_short_premium_above_50pct,
10:35:00,23286.95,23277.3,23231.4,VERY_NARROW,23311.8,23231.4,0.691,RANGE,STRONG_SELL_PREMIUM,STRONG_RANGE,PREMIUM_SELL_RANGE,EVENT:US CPI Data | EVENT:DEFINED_RISK_ONLY | RANGE_STRONG_RANGE_VERY_NARROW,0.0,0,43.34,HIGH,1,0,0,0,0,0,NO_TRADE,,params_invalid:call_wing_costs_55pct_of_short_premium_above_50pct,
10:35:15,23286.4,23277.3,23231.4,VERY_NARROW,23311.8,23231.4,0.684,RANGE,STRONG_SELL_PREMIUM,STRONG_RANGE,PREMIUM_SELL_RANGE,EVENT:US CPI Data | EVENT:DEFINED_RISK_ONLY | RANGE_STRONG_RANGE_VERY_NARROW,0.0,0,43.27,HIGH,1,0,0,0,0,0,NO_TRADE,,params_invalid:call_wing_costs_55pct_of_short_premium_above_50pct,
10:35:30,23285.35,23277.3,23231.4,VERY_NARROW,23311.8,23231.4,0.671,RANGE,STRONG_SELL_PREMIUM,STRONG_RANGE,PREMIUM_SELL_RANGE,EVENT:US CPI Data | EVENT:DEFINED_RISK_ONLY | RANGE_STRONG_RANGE_VERY_NARROW,0.0,0,43.2,HIGH,1,0,0,0,0,0,NO_TRADE,,params_invalid:call_wing_costs_55pct_of_short_premium_above_50pct,
10:35:45,23288.65,23277.3,23231.4,VERY_NARROW,23311.8,23231.4,0.712,RANGE,STRONG_SELL_PREMIUM,STRONG_RANGE,PREMIUM_SELL_RANGE,EVENT:US CPI Data | EVENT:DEFINED_RISK_ONLY | RANGE_STRONG_RANGE_VERY_NARROW,0.0,0,43.13,HIGH,1,0,0,0,0,0,NO_TRADE,,params_invalid:call_wing_costs_55pct_of_short_premium_above_50pct,
10:36:01,23290.7,23277.3,23231.4,VERY_NARROW,23311.8,23231.4,0.738,RANGE,STRONG_SELL_PREMIUM,STRONG_RANGE,PREMIUM_SELL_RANGE,EVENT:US CPI Data | EVENT:DEFINED_RISK_ONLY | RANGE_STRONG_RANGE_VERY_NARROW,0.0,0,43.07,HIGH,1,0,0,0,0,0,NO_TRADE,,params_invalid:call_wing_costs_55pct_of_short_premium_above_50pct,
10:36:16,23290.6,23277.3,23231.4,VERY_NARROW,23311.8,23231.4,0.736,RANGE,STRONG_SELL_PREMIUM,STRONG_RANGE,PREMIUM_SELL_RANGE,EVENT:US CPI Data | EVENT:DEFINED_RISK_ONLY | RANGE_STRONG_RANGE_VERY_NARROW,0.0,0,43.0,HIGH,1,0,0,0,0,0,NO_TRADE,,params_invalid:call_wing_costs_55pct_of_short_premium_above_50pct,
10:36:31,23291.35,23277.3,23231.4,VERY_NARROW,23311.8,23231.4,0.746,RANGE,STRONG_SELL_PREMIUM,STRONG_RANGE,PREMIUM_SELL_RANGE,EVENT:US CPI Data | EVENT:DEFINED_RISK_ONLY | RANGE_STRONG_RANGE_VERY_NARROW,0.0,0,42.93,HIGH,1,0,0,0,0,0,NO_TRADE,,params_invalid:call_wing_costs_55pct_of_short_premium_above_50pct,
10:36:46,23292.45,23277.3,23231.4,VERY_NARROW,23311.8,23231.4,0.759,RANGE,STRONG_SELL_PREMIUM,STRONG_RANGE,PREMIUM_SELL_RANGE,EVENT:US CPI Data | EVENT:DEFINED_RISK_ONLY | RANGE_STRONG_RANGE_VERY_NARROW,0.0,0,42.87,HIGH,1,0,0,0,0,0,NO_TRADE,,params_invalid:call_wing_costs_55pct_of_short_premium_above_50pct,
10:37:01,23292.35,23277.3,23231.4,VERY_NARROW,23311.8,23231.4,0.758,RANGE,STRONG_SELL_PREMIUM,STRONG_RANGE,PREMIUM_SELL_RANGE,EVENT:US CPI Data | EVENT:DEFINED_RISK_ONLY | RANGE_STRONG_RANGE_VERY_NARROW,0.0,0,42.8,HIGH,1,0,0,0,0,0,NO_TRADE,,params_invalid:call_wing_costs_55pct_of_short_premium_above_50pct,
10:37:16,23294.55,23277.3,23231.4,VERY_NARROW,23311.8,23231.4,0.785,RANGE,STRONG_SELL_PREMIUM,STRONG_RANGE,PREMIUM_SELL_RANGE,EVENT:US CPI Data | EVENT:DEFINED_RISK_ONLY | RANGE_STRONG_RANGE_VERY_NARROW,0.0,0,42.74,HIGH,1,0,0,0,0,0,NO_TRADE,,params_invalid:call_wing_costs_55pct_of_short_premium_above_50pct,
10:37:31,23295.05,23277.3,23231.4,VERY_NARROW,23311.8,23231.4,0.792,RANGE,STRONG_SELL_PREMIUM,STRONG_RANGE,PREMIUM_SELL_RANGE,EVENT:US CPI Data | EVENT:DEFINED_RISK_ONLY | RANGE_STRONG_RANGE_VERY_NARROW,0.0,0,42.67,HIGH,1,0,0,0,0,0,NO_TRADE,,params_invalid:call_wing_costs_55pct_of_short_premium_above_50pct,
10:37:46,23295.9,23277.3,23231.4,VERY_NARROW,23311.8,23231.4,0.802,RANGE,STRONG_SELL_PREMIUM,STRONG_RANGE,PREMIUM_SELL_RANGE,EVENT:US CPI Data | EVENT:DEFINED_RISK_ONLY | RANGE_STRONG_RANGE_VERY_NARROW,0.0,0,42.61,HIGH,1,0,0,0,0,0,NO_TRADE,,params_invalid:call_wing_costs_55pct_of_short_premium_above_50pct,
10:38:01,23295.05,23277.3,23231.4,VERY_NARROW,23311.8,23231.4,0.792,RANGE,STRONG_SELL_PREMIUM,STRONG_RANGE,PREMIUM_SELL_RANGE,EVENT:US CPI Data | EVENT:DEFINED_RISK_ONLY | RANGE_STRONG_RANGE_VERY_NARROW,0.0,0,42.54,HIGH,1,0,0,0,0,0,NO_TRADE,,params_invalid:call_wing_costs_55pct_of_short_premium_above_50pct,
10:38:16,23294.7,23277.3,23231.4,VERY_NARROW,23311.8,23231.4,0.787,RANGE,STRONG_SELL_PREMIUM,STRONG_RANGE,PREMIUM_SELL_RANGE,EVENT:US CPI Data | EVENT:DEFINED_RISK_ONLY | RANGE_STRONG_RANGE_VERY_NARROW,0.0,0,42.48,HIGH,1,0,0,0,0,0,NO_TRADE,,params_invalid:call_wing_costs_55pct_of_short_premium_above_50pct,
10:38:31,23295.55,23277.3,23231.4,VERY_NARROW,23311.8,23231.4,0.798,RANGE,STRONG_SELL_PREMIUM,STRONG_RANGE,PREMIUM_SELL_RANGE,EVENT:US CPI Data | EVENT:DEFINED_RISK_ONLY | RANGE_STRONG_RANGE_VERY_NARROW,0.0,0,42.42,HIGH,1,0,0,0,0,0,NO_TRADE,,params_invalid:call_wing_costs_55pct_of_short_premium_above_50pct,
10:38:46,23295.55,23277.3,23231.4,VERY_NARROW,23311.8,23231.4,0.798,RANGE,STRONG_SELL_PREMIUM,STRONG_RANGE,PREMIUM_SELL_RANGE,EVENT:US CPI Data | EVENT:DEFINED_RISK_ONLY | RANGE_STRONG_RANGE_VERY_NARROW,0.0,0,42.35,HIGH,1,0,0,0,0,0,NO_TRADE,,params_invalid:call_wing_costs_55pct_of_short_premium_above_50pct,
10:39:01,23295.75,23277.3,23231.4,VERY_NARROW,23311.8,23231.4,0.800,RANGE,STRONG_SELL_PREMIUM,STRONG_RANGE,PREMIUM_SELL_RANGE,EVENT:US CPI Data | EVENT:DEFINED_RISK_ONLY | RANGE_STRONG_RANGE_VERY_NARROW,0.0,0,42.29,HIGH,1,0,0,0,0,0,NO_TRADE,,params_invalid:call_wing_costs_55pct_of_short_premium_above_50pct,
10:39:16,23294.7,23277.3,23231.4,VERY_NARROW,23311.8,23231.4,0.787,RANGE,STRONG_SELL_PREMIUM,STRONG_RANGE,PREMIUM_SELL_RANGE,EVENT:US CPI Data | EVENT:DEFINED_RISK_ONLY | RANGE_STRONG_RANGE_VERY_NARROW,0.0,0,42.23,HIGH,1,0,0,0,0,0,NO_TRADE,,params_invalid:call_wing_costs_55pct_of_short_premium_above_50pct,
10:39:31,23292.85,23277.3,23231.4,VERY_NARROW,23311.8,23231.4,0.764,RANGE,STRONG_SELL_PREMIUM,STRONG_RANGE,PREMIUM_SELL_RANGE,EVENT:US CPI Data | EVENT:DEFINED_RISK_ONLY | RANGE_STRONG_RANGE_VERY_NARROW,0.0,0,42.16,HIGH,1,0,0,0,0,0,NO_TRADE,,params_invalid:call_wing_costs_55pct_of_short_premium_above_50pct,
10:39:46,23292.4,23277.3,23231.4,VERY_NARROW,23311.8,23231.4,0.759,RANGE,STRONG_SELL_PREMIUM,STRONG_RANGE,PREMIUM_SELL_RANGE,EVENT:US CPI Data | EVENT:DEFINED_RISK_ONLY | RANGE_STRONG_RANGE_VERY_NARROW,0.0,0,42.1,HIGH,1,0,0,0,0,0,NO_TRADE,,params_invalid:call_wing_costs_55pct_of_short_premium_above_50pct,
10:40:01,23294.6,23277.3,23231.4,VERY_NARROW,23311.8,23231.4,0.786,RANGE,STRONG_SELL_PREMIUM,STRONG_RANGE,PREMIUM_SELL_RANGE,EVENT:US CPI Data | EVENT:DEFINED_RISK_ONLY | RANGE_STRONG_RANGE_VERY_NARROW,0.0,0,42.04,HIGH,1,0,0,0,0,0,NO_TRADE,,params_invalid:call_wing_costs_55pct_of_short_premium_above_50pct,
10:40:16,23294.0,23277.3,23231.4,VERY_NARROW,23311.8,23231.4,0.779,RANGE,STRONG_SELL_PREMIUM,STRONG_RANGE,PREMIUM_SELL_RANGE,EVENT:US CPI Data | EVENT:DEFINED_RISK_ONLY | RANGE_STRONG_RANGE_VERY_NARROW,0.0,0,41.98,HIGH,1,0,0,0,0,0,NO_TRADE,,params_invalid:call_wing_costs_55pct_of_short_premium_above_50pct,
10:40:31,23293.55,23277.3,23231.4,VERY_NARROW,23311.8,23231.4,0.773,RANGE,STRONG_SELL_PREMIUM,STRONG_RANGE,PREMIUM_SELL_RANGE,EVENT:US CPI Data | EVENT:DEFINED_RISK_ONLY | RANGE_STRONG_RANGE_VERY_NARROW,0.0,0,41.92,HIGH,1,0,0,0,0,0,NO_TRADE,,params_invalid:call_wing_costs_55pct_of_short_premium_above_50pct,
10:40:46,23293.7,23277.3,23231.4,VERY_NARROW,23311.8,23231.4,0.775,RANGE,STRONG_SELL_PREMIUM,STRONG_RANGE,PREMIUM_SELL_RANGE,EVENT:US CPI Data | EVENT:DEFINED_RISK_ONLY | RANGE_STRONG_RANGE_VERY_NARROW,0.0,0,41.86,HIGH,1,0,0,0,0,0,NO_TRADE,,params_invalid:call_wing_costs_55pct_of_short_premium_above_50pct,
10:41:01,23294.55,23277.3,23231.4,VERY_NARROW,23311.8,23231.4,0.785,RANGE,STRONG_SELL_PREMIUM,STRONG_RANGE,PREMIUM_SELL_RANGE,EVENT:US CPI Data | EVENT:DEFINED_RISK_ONLY | RANGE_STRONG_RANGE_VERY_NARROW,0.0,0,41.8,HIGH,1,0,0,0,0,0,NO_TRADE,,params_invalid:call_wing_costs_55pct_of_short_premium_above_50pct,
10:41:16,23294.65,23277.3,23231.4,VERY_NARROW,23311.8,23231.4,0.787,RANGE,STRONG_SELL_PREMIUM,STRONG_RANGE,PREMIUM_SELL_RANGE,EVENT:US CPI Data | EVENT:DEFINED_RISK_ONLY | RANGE_STRONG_RANGE_VERY_NARROW,0.0,0,41.73,HIGH,1,0,0,0,0,0,NO_TRADE,,params_invalid:call_wing_costs_55pct_of_short_premium_above_50pct,
10:41:31,23294.25,23277.3,23231.4,VERY_NARROW,23311.8,23231.4,0.782,RANGE,STRONG_SELL_PREMIUM,STRONG_RANGE,PREMIUM_SELL_RANGE,EVENT:US CPI Data | EVENT:DEFINED_RISK_ONLY | RANGE_STRONG_RANGE_VERY_NARROW,0.0,0,41.67,HIGH,1,0,0,0,0,0,NO_TRADE,,params_invalid:call_wing_costs_55pct_of_short_premium_above_50pct,
10:41:46,23292.55,23277.3,23231.4,VERY_NARROW,23311.8,23231.4,0.761,RANGE,STRONG_SELL_PREMIUM,STRONG_RANGE,PREMIUM_SELL_RANGE,EVENT:US CPI Data | EVENT:DEFINED_RISK_ONLY | RANGE_STRONG_RANGE_VERY_NARROW,0.0,0,41.61,HIGH,1,0,0,0,0,0,NO_TRADE,,params_invalid:call_wing_costs_55pct_of_short_premium_above_50pct,
10:42:01,23293.55,23277.3,23231.4,VERY_NARROW,23311.8,23231.4,0.773,RANGE,STRONG_SELL_PREMIUM,STRONG_RANGE,PREMIUM_SELL_RANGE,EVENT:US CPI Data | EVENT:DEFINED_RISK_ONLY | RANGE_STRONG_RANGE_VERY_NARROW,0.0,0,41.55,HIGH,1,0,0,0,0,0,NO_TRADE,,params_invalid:call_wing_costs_55pct_of_short_premium_above_50pct,
10:42:16,23293.4,23277.3,23231.4,VERY_NARROW,23311.8,23231.4,0.771,RANGE,STRONG_SELL_PREMIUM,STRONG_RANGE,PREMIUM_SELL_RANGE,EVENT:US CPI Data | EVENT:DEFINED_RISK_ONLY | RANGE_STRONG_RANGE_VERY_NARROW,0.0,0,41.49,HIGH,1,0,0,0,0,0,NO_TRADE,,params_invalid:call_wing_costs_55pct_of_short_premium_above_50pct,
10:42:31,23293.55,23277.3,23231.4,VERY_NARROW,23311.8,23231.4,0.773,RANGE,STRONG_SELL_PREMIUM,STRONG_RANGE,PREMIUM_SELL_RANGE,EVENT:US CPI Data | EVENT:DEFINED_RISK_ONLY | RANGE_STRONG_RANGE_VERY_NARROW,0.0,0,41.44,HIGH,1,0,0,0,0,0,NO_TRADE,,params_invalid:call_wing_costs_55pct_of_short_premium_above_50pct,
10:42:46,23293.8,23277.3,23231.4,VERY_NARROW,23311.8,23231.4,0.776,RANGE,STRONG_SELL_PREMIUM,STRONG_RANGE,PREMIUM_SELL_RANGE,EVENT:US CPI Data | EVENT:DEFINED_RISK_ONLY | RANGE_STRONG_RANGE_VERY_NARROW,0.0,0,41.38,HIGH,1,0,0,0,0,0,NO_TRADE,,params_invalid:call_wing_costs_55pct_of_short_premium_above_50pct,
10:43:01,23294.7,23277.3,23231.4,VERY_NARROW,23311.8,23231.4,0.787,UPTREND,STRONG_SELL_PREMIUM,STRONG_RANGE,NO_TRADE,EVENT:US CPI Data | EVENT:DEFINED_RISK_ONLY | EVENT:ONLY_RANGE_ALLOWED,0.0,0,41.32,HIGH,1,0,0,0,0,0,NO_TRADE,,EVENT:US CPI Data | EVENT:DEFINED_RISK_ONLY | EVENT:ONLY_RANGE_ALLOWED,
10:43:16,23296.1,23277.3,23231.4,VERY_NARROW,23311.8,23231.4,0.805,UPTREND,STRONG_SELL_PREMIUM,STRONG_RANGE,NO_TRADE,EVENT:US CPI Data | EVENT:DEFINED_RISK_ONLY | EVENT:ONLY_RANGE_ALLOWED,0.0,0,41.26,HIGH,1,0,0,0,0,0,NO_TRADE,,EVENT:US CPI Data | EVENT:DEFINED_RISK_ONLY | EVENT:ONLY_RANGE_ALLOWED,
10:43:31,23296.3,23277.3,23231.4,VERY_NARROW,23311.8,23231.4,0.807,UPTREND,STRONG_SELL_PREMIUM,STRONG_RANGE,NO_TRADE,EVENT:US CPI Data | EVENT:DEFINED_RISK_ONLY | EVENT:ONLY_RANGE_ALLOWED,0.0,0,41.2,HIGH,1,0,0,0,0,0,NO_TRADE,,EVENT:US CPI Data | EVENT:DEFINED_RISK_ONLY | EVENT:ONLY_RANGE_ALLOWED,
10:43:46,23295.75,23277.3,23231.4,VERY_NARROW,23311.8,23231.4,0.800,UPTREND,STRONG_SELL_PREMIUM,STRONG_RANGE,NO_TRADE,EVENT:US CPI Data | EVENT:DEFINED_RISK_ONLY | EVENT:ONLY_RANGE_ALLOWED,0.0,0,41.14,HIGH,1,0,0,0,0,0,NO_TRADE,,EVENT:US CPI Data | EVENT:DEFINED_RISK_ONLY | EVENT:ONLY_RANGE_ALLOWED,
10:44:01,23298.2,23277.3,23231.4,VERY_NARROW,23311.8,23231.4,0.831,UPTREND,STRONG_SELL_PREMIUM,STRONG_RANGE,NO_TRADE,EVENT:US CPI Data | EVENT:DEFINED_RISK_ONLY | EVENT:ONLY_RANGE_ALLOWED,0.0,0,41.08,HIGH,1,0,0,0,0,0,NO_TRADE,,EVENT:US CPI Data | EVENT:DEFINED_RISK_ONLY | EVENT:ONLY_RANGE_ALLOWED,
10:44:16,23299.75,23277.3,23231.4,VERY_NARROW,23311.8,23231.4,0.850,UPTREND,STRONG_SELL_PREMIUM,STRONG_RANGE,NO_TRADE,EVENT:US CPI Data | EVENT:DEFINED_RISK_ONLY | EVENT:ONLY_RANGE_ALLOWED,0.0,0,41.03,HIGH,1,0,0,0,0,0,NO_TRADE,,EVENT:US CPI Data | EVENT:DEFINED_RISK_ONLY | EVENT:ONLY_RANGE_ALLOWED,
10:44:31,23302.55,23277.3,23231.4,VERY_NARROW,23311.8,23231.4,0.885,UPTREND,STRONG_SELL_PREMIUM,STRONG_RANGE,NO_TRADE,EVENT:US CPI Data | EVENT:DEFINED_RISK_ONLY | EVENT:ONLY_RANGE_ALLOWED,0.0,0,40.97,HIGH,1,0,0,0,0,0,NO_TRADE,,EVENT:US CPI Data | EVENT:DEFINED_RISK_ONLY | EVENT:ONLY_RANGE_ALLOWED,
10:44:46,23303.0,23277.3,23231.4,VERY_NARROW,23311.8,23231.4,0.891,UPTREND,STRONG_SELL_PREMIUM,STRONG_RANGE,NO_TRADE,EVENT:US CPI Data | EVENT:DEFINED_RISK_ONLY | EVENT:ONLY_RANGE_ALLOWED,0.0,0,40.91,HIGH,1,0,0,0,0,0,NO_TRADE,,EVENT:US CPI Data | EVENT:DEFINED_RISK_ONLY | EVENT:ONLY_RANGE_ALLOWED,
10:45:01,23306.8,23277.3,23231.4,VERY_NARROW,23313.4,23231.4,0.920,UPTREND,STRONG_SELL_PREMIUM,STRONG_RANGE,NO_TRADE,EVENT:US CPI Data | EVENT:DEFINED_RISK_ONLY | EVENT:ONLY_RANGE_ALLOWED,0.0,0,41.67,HIGH,1,0,0,0,0,0,NO_TRADE,,EVENT:US CPI Data | EVENT:DEFINED_RISK_ONLY | EVENT:ONLY_RANGE_ALLOWED,
10:45:16,23306.8,23277.3,23231.4,VERY_NARROW,23313.4,23231.4,0.920,UPTREND,STRONG_SELL_PREMIUM,STRONG_RANGE,NO_TRADE,EVENT:US CPI Data | EVENT:DEFINED_RISK_ONLY | EVENT:ONLY_RANGE_ALLOWED,0.0,0,41.61,HIGH,1,0,0,0,0,0,NO_TRADE,,EVENT:US CPI Data | EVENT:DEFINED_RISK_ONLY | EVENT:ONLY_RANGE_ALLOWED,
10:45:31,23308.25,23277.3,23231.4,VERY_NARROW,23313.4,23231.4,0.937,UPTREND,STRONG_SELL_PREMIUM,STRONG_RANGE,NO_TRADE,EVENT:US CPI Data | EVENT:DEFINED_RISK_ONLY | EVENT:ONLY_RANGE_ALLOWED,0.0,0,41.55,HIGH,1,0,0,0,0,0,NO_TRADE,,EVENT:US CPI Data | EVENT:DEFINED_RISK_ONLY | EVENT:ONLY_RANGE_ALLOWED,
10:45:46,23303.75,23277.3,23231.4,VERY_NARROW,23313.4,23231.4,0.882,UPTREND,STRONG_SELL_PREMIUM,STRONG_RANGE,NO_TRADE,EVENT:US CPI Data | EVENT:DEFINED_RISK_ONLY | EVENT:ONLY_RANGE_ALLOWED,0.0,0,41.5,HIGH,1,0,0,0,0,0,NO_TRADE,,EVENT:US CPI Data | EVENT:DEFINED_RISK_ONLY | EVENT:ONLY_RANGE_ALLOWED,
10:46:01,23301.95,23277.3,23231.4,VERY_NARROW,23313.4,23231.4,0.860,UPTREND,STRONG_SELL_PREMIUM,STRONG_RANGE,NO_TRADE,EVENT:US CPI Data | EVENT:DEFINED_RISK_ONLY | EVENT:ONLY_RANGE_ALLOWED,0.0,0,41.44,HIGH,1,0,0,0,0,0,NO_TRADE,,EVENT:US CPI Data | EVENT:DEFINED_RISK_ONLY | EVENT:ONLY_RANGE_ALLOWED,
10:46:16,23300.35,23277.3,23231.4,VERY_NARROW,23313.4,23231.4,0.841,UPTREND,STRONG_SELL_PREMIUM,STRONG_RANGE,NO_TRADE,EVENT:US CPI Data | EVENT:DEFINED_RISK_ONLY | EVENT:ONLY_RANGE_ALLOWED,0.0,0,41.38,HIGH,1,0,0,0,0,0,NO_TRADE,,EVENT:US CPI Data | EVENT:DEFINED_RISK_ONLY | EVENT:ONLY_RANGE_ALLOWED,
10:46:31,23300.25,23277.3,23231.4,VERY_NARROW,23313.4,23231.4,0.840,UPTREND,STRONG_SELL_PREMIUM,STRONG_RANGE,NO_TRADE,EVENT:US CPI Data | EVENT:DEFINED_RISK_ONLY | EVENT:ONLY_RANGE_ALLOWED,0.0,0,41.32,HIGH,1,0,0,0,0,0,NO_TRADE,,EVENT:US CPI Data | EVENT:DEFINED_RISK_ONLY | EVENT:ONLY_RANGE_ALLOWED,
10:46:46,23303.75,23277.3,23231.4,VERY_NARROW,23313.4,23231.4,0.882,UPTREND,STRONG_SELL_PREMIUM,STRONG_RANGE,NO_TRADE,EVENT:US CPI Data | EVENT:DEFINED_RISK_ONLY | EVENT:ONLY_RANGE_ALLOWED,0.0,0,41.27,HIGH,1,0,0,0,0,0,NO_TRADE,,EVENT:US CPI Data | EVENT:DEFINED_RISK_ONLY | EVENT:ONLY_RANGE_ALLOWED,
10:47:01,23303.8,23277.3,23231.4,VERY_NARROW,23313.4,23231.4,0.883,UPTREND,STRONG_SELL_PREMIUM,STRONG_RANGE,NO_TRADE,EVENT:US CPI Data | EVENT:DEFINED_RISK_ONLY | EVENT:ONLY_RANGE_ALLOWED,0.0,0,41.21,HIGH,1,0,0,0,0,0,NO_TRADE,,EVENT:US CPI Data | EVENT:DEFINED_RISK_ONLY | EVENT:ONLY_RANGE_ALLOWED,
10:47:17,23303.7,23277.3,23231.4,VERY_NARROW,23313.4,23231.4,0.882,UPTREND,STRONG_SELL_PREMIUM,STRONG_RANGE,NO_TRADE,EVENT:US CPI Data | EVENT:DEFINED_RISK_ONLY | EVENT:ONLY_RANGE_ALLOWED,0.0,0,41.16,HIGH,1,0,0,0,0,0,NO_TRADE,,EVENT:US CPI Data | EVENT:DEFINED_RISK_ONLY | EVENT:ONLY_RANGE_ALLOWED,
10:47:31,23302.75,23277.3,23231.4,VERY_NARROW,23313.4,23231.4,0.870,UPTREND,STRONG_SELL_PREMIUM,STRONG_RANGE,NO_TRADE,EVENT:US CPI Data | EVENT:DEFINED_RISK_ONLY | EVENT:ONLY_RANGE_ALLOWED,0.0,0,41.1,HIGH,1,0,0,0,0,0,NO_TRADE,,EVENT:US CPI Data | EVENT:DEFINED_RISK_ONLY | EVENT:ONLY_RANGE_ALLOWED,
10:47:47,23301.25,23277.3,23231.4,VERY_NARROW,23313.4,23231.4,0.852,UPTREND,STRONG_SELL_PREMIUM,STRONG_RANGE,NO_TRADE,EVENT:US CPI Data | EVENT:DEFINED_RISK_ONLY | EVENT:ONLY_RANGE_ALLOWED,0.0,0,41.05,HIGH,1,0,0,0,0,0,NO_TRADE,,EVENT:US CPI Data | EVENT:DEFINED_RISK_ONLY | EVENT:ONLY_RANGE_ALLOWED,
10:48:01,23299.95,23277.3,23231.4,VERY_NARROW,23313.4,23231.4,0.836,UPTREND,STRONG_SELL_PREMIUM,STRONG_RANGE,NO_TRADE,EVENT:US CPI Data | EVENT:DEFINED_RISK_ONLY | EVENT:ONLY_RANGE_ALLOWED,0.0,0,40.99,HIGH,1,0,0,0,0,0,NO_TRADE,,EVENT:US CPI Data | EVENT:DEFINED_RISK_ONLY | EVENT:ONLY_RANGE_ALLOWED,
10:48:17,23296.1,23277.3,23231.4,VERY_NARROW,23313.4,23231.4,0.789,UPTREND,STRONG_SELL_PREMIUM,STRONG_RANGE,NO_TRADE,EVENT:US CPI Data | EVENT:DEFINED_RISK_ONLY | EVENT:ONLY_RANGE_ALLOWED,0.0,0,40.94,HIGH,1,0,0,0,0,0,NO_TRADE,,EVENT:US CPI Data | EVENT:DEFINED_RISK_ONLY | EVENT:ONLY_RANGE_ALLOWED,
10:48:32,23294.45,23277.3,23231.4,VERY_NARROW,23313.4,23231.4,0.769,RANGE,STRONG_SELL_PREMIUM,STRONG_RANGE,PREMIUM_SELL_RANGE,EVENT:US CPI Data | EVENT:DEFINED_RISK_ONLY | RANGE_STRONG_RANGE_VERY_NARROW,0.0,0,40.88,HIGH,1,0,0,0,0,0,NO_TRADE,,params_invalid:call_wing_costs_55pct_of_short_premium_above_50pct,
10:48:47,23293.15,23277.3,23231.4,VERY_NARROW,23313.4,23231.4,0.753,RANGE,STRONG_SELL_PREMIUM,STRONG_RANGE,PREMIUM_SELL_RANGE,EVENT:US CPI Data | EVENT:DEFINED_RISK_ONLY | RANGE_STRONG_RANGE_VERY_NARROW,0.0,0,40.83,HIGH,1,0,0,0,0,0,NO_TRADE,,params_invalid:call_wing_costs_55pct_of_short_premium_above_50pct,
10:49:02,23294.35,23277.3,23231.4,VERY_NARROW,23313.4,23231.4,0.768,RANGE,STRONG_SELL_PREMIUM,STRONG_RANGE,PREMIUM_SELL_RANGE,EVENT:US CPI Data | EVENT:DEFINED_RISK_ONLY | RANGE_STRONG_RANGE_VERY_NARROW,0.0,0,40.77,HIGH,1,0,0,0,0,0,NO_TRADE,,params_invalid:call_wing_costs_55pct_of_short_premium_above_50pct,
10:49:17,23295.95,23277.3,23231.4,VERY_NARROW,23313.4,23231.4,0.787,RANGE,STRONG_SELL_PREMIUM,STRONG_RANGE,PREMIUM_SELL_RANGE,EVENT:US CPI Data | EVENT:DEFINED_RISK_ONLY | RANGE_STRONG_RANGE_VERY_NARROW,0.0,0,40.72,HIGH,1,0,0,0,0,0,NO_TRADE,,params_invalid:call_wing_costs_55pct_of_short_premium_above_50pct,
10:49:32,23295.3,23277.3,23231.4,VERY_NARROW,23313.4,23231.4,0.779,RANGE,STRONG_SELL_PREMIUM,STRONG_RANGE,PREMIUM_SELL_RANGE,EVENT:US CPI Data | EVENT:DEFINED_RISK_ONLY | RANGE_STRONG_RANGE_VERY_NARROW,0.0,0,40.66,HIGH,1,0,0,0,0,0,NO_TRADE,,params_invalid:call_wing_costs_55pct_of_short_premium_above_50pct,
10:49:47,23295.85,23277.3,23231.4,VERY_NARROW,23313.4,23231.4,0.786,RANGE,STRONG_SELL_PREMIUM,STRONG_RANGE,PREMIUM_SELL_RANGE,EVENT:US CPI Data | EVENT:DEFINED_RISK_ONLY | RANGE_STRONG_RANGE_VERY_NARROW,0.0,0,40.61,HIGH,1,0,0,0,0,0,NO_TRADE,,params_invalid:call_wing_costs_55pct_of_short_premium_above_50pct,
10:50:02,23296.85,23277.3,23231.4,VERY_NARROW,23313.4,23231.4,0.798,RANGE,STRONG_SELL_PREMIUM,STRONG_RANGE,PREMIUM_SELL_RANGE,EVENT:US CPI Data | EVENT:DEFINED_RISK_ONLY | RANGE_STRONG_RANGE_VERY_NARROW,0.0,0,40.56,HIGH,1,0,0,0,0,0,NO_TRADE,,params_invalid:call_wing_costs_55pct_of_short_premium_above_50pct,
10:50:17,23295.4,23277.3,23231.4,VERY_NARROW,23313.4,23231.4,0.780,RANGE,STRONG_SELL_PREMIUM,STRONG_RANGE,PREMIUM_SELL_RANGE,EVENT:US CPI Data | EVENT:DEFINED_RISK_ONLY | RANGE_STRONG_RANGE_VERY_NARROW,0.0,0,40.5,HIGH,1,0,0,0,0,0,NO_TRADE,,params_invalid:call_wing_costs_55pct_of_short_premium_above_50pct,
10:50:32,23289.65,23277.3,23231.4,VERY_NARROW,23313.4,23231.4,0.710,RANGE,STRONG_SELL_PREMIUM,STRONG_RANGE,PREMIUM_SELL_RANGE,EVENT:US CPI Data | EVENT:DEFINED_RISK_ONLY | RANGE_STRONG_RANGE_VERY_NARROW,0.0,0,40.45,HIGH,1,0,0,0,0,0,NO_TRADE,,params_invalid:call_wing_costs_55pct_of_short_premium_above_50pct,
10:50:47,23288.7,23277.3,23231.4,VERY_NARROW,23313.4,23231.4,0.699,RANGE,STRONG_SELL_PREMIUM,STRONG_RANGE,PREMIUM_SELL_RANGE,EVENT:US CPI Data | EVENT:DEFINED_RISK_ONLY | RANGE_STRONG_RANGE_VERY_NARROW,0.0,0,40.4,HIGH,1,0,0,0,0,0,NO_TRADE,,params_invalid:call_wing_costs_55pct_of_short_premium_above_50pct,
10:51:02,23288.1,23277.3,23231.4,VERY_NARROW,23313.4,23231.4,0.691,RANGE,STRONG_SELL_PREMIUM,STRONG_RANGE,PREMIUM_SELL_RANGE,EVENT:US CPI Data | EVENT:DEFINED_RISK_ONLY | RANGE_STRONG_RANGE_VERY_NARROW,0.0,0,40.34,HIGH,1,0,0,0,0,0,NO_TRADE,,params_invalid:call_wing_costs_55pct_of_short_premium_above_50pct,
10:51:17,23288.55,23277.3,23231.4,VERY_NARROW,23313.4,23231.4,0.697,RANGE,STRONG_SELL_PREMIUM,STRONG_RANGE,PREMIUM_SELL_RANGE,EVENT:US CPI Data | EVENT:DEFINED_RISK_ONLY | RANGE_STRONG_RANGE_VERY_NARROW,0.0,0,40.29,HIGH,1,0,0,0,0,0,NO_TRADE,,params_invalid:call_wing_costs_55pct_of_short_premium_above_50pct,
10:51:32,23288.2,23277.3,23231.4,VERY_NARROW,23313.4,23231.4,0.693,RANGE,STRONG_SELL_PREMIUM,STRONG_RANGE,PREMIUM_SELL_RANGE,EVENT:US CPI Data | EVENT:DEFINED_RISK_ONLY | RANGE_STRONG_RANGE_VERY_NARROW,0.0,0,40.24,HIGH,1,0,0,0,0,0,NO_TRADE,,params_invalid:call_wing_costs_55pct_of_short_premium_above_50pct,
10:51:47,23287.3,23277.3,23231.4,VERY_NARROW,23313.4,23231.4,0.682,RANGE,STRONG_SELL_PREMIUM,STRONG_RANGE,PREMIUM_SELL_RANGE,EVENT:US CPI Data | EVENT:DEFINED_RISK_ONLY | RANGE_STRONG_RANGE_VERY_NARROW,0.0,0,40.19,HIGH,1,0,0,0,0,0,NO_TRADE,,params_invalid:call_wing_costs_55pct_of_short_premium_above_50pct,
10:52:02,23286.55,23277.3,23231.4,VERY_NARROW,23313.4,23231.4,0.673,RANGE,STRONG_SELL_PREMIUM,STRONG_RANGE,PREMIUM_SELL_RANGE,EVENT:US CPI Data | EVENT:DEFINED_RISK_ONLY | RANGE_STRONG_RANGE_VERY_NARROW,0.0,0,40.14,HIGH,1,0,0,0,0,0,NO_TRADE,,params_invalid:call_wing_costs_55pct_of_short_premium_above_50pct,
10:52:17,23283.9,23277.3,23231.4,VERY_NARROW,23313.4,23231.4,0.640,RANGE,STRONG_SELL_PREMIUM,STRONG_RANGE,PREMIUM_SELL_RANGE,EVENT:US CPI Data | EVENT:DEFINED_RISK_ONLY | RANGE_STRONG_RANGE_VERY_NARROW,0.0,0,40.08,HIGH,1,0,0,0,0,0,NO_TRADE,,params_invalid:call_wing_costs_55pct_of_short_premium_above_50pct,
10:52:32,23281.05,23277.3,23231.4,VERY_NARROW,23313.4,23231.4,0.605,RANGE,STRONG_SELL_PREMIUM,STRONG_RANGE,PREMIUM_SELL_RANGE,EVENT:US CPI Data | EVENT:DEFINED_RISK_ONLY | RANGE_STRONG_RANGE_VERY_NARROW,0.0,0,40.03,HIGH,1,0,0,0,0,0,NO_TRADE,,params_invalid:call_wing_costs_55pct_of_short_premium_above_50pct,
10:52:47,23283.8,23277.3,23231.4,VERY_NARROW,23313.4,23231.4,0.639,RANGE,STRONG_SELL_PREMIUM,STRONG_RANGE,PREMIUM_SELL_RANGE,EVENT:US CPI Data | EVENT:DEFINED_RISK_ONLY | RANGE_STRONG_RANGE_VERY_NARROW,0.0,0,39.98,HIGH,1,0,0,0,0,0,NO_TRADE,,params_invalid:call_wing_costs_55pct_of_short_premium_above_50pct,
10:53:02,23284.95,23277.3,23231.4,VERY_NARROW,23313.4,23231.4,0.653,RANGE,STRONG_SELL_PREMIUM,STRONG_RANGE,PREMIUM_SELL_RANGE,EVENT:US CPI Data | EVENT:DEFINED_RISK_ONLY | RANGE_STRONG_RANGE_VERY_NARROW,0.0,0,39.93,HIGH,1,0,0,0,0,0,NO_TRADE,,params_invalid:call_wing_costs_55pct_of_short_premium_above_50pct,
10:53:17,23283.95,23277.3,23231.4,VERY_NARROW,23313.4,23231.4,0.641,RANGE,STRONG_SELL_PREMIUM,STRONG_RANGE,PREMIUM_SELL_RANGE,EVENT:US CPI Data | EVENT:DEFINED_RISK_ONLY | RANGE_STRONG_RANGE_VERY_NARROW,0.0,0,39.88,HIGH,1,0,0,0,0,0,NO_TRADE,,params_invalid:call_wing_costs_55pct_of_short_premium_above_50pct,
10:53:32,23282.65,23277.3,23231.4,VERY_NARROW,23313.4,23231.4,0.625,RANGE,STRONG_SELL_PREMIUM,STRONG_RANGE,PREMIUM_SELL_RANGE,EVENT:US CPI Data | EVENT:DEFINED_RISK_ONLY | RANGE_STRONG_RANGE_VERY_NARROW,0.0,0,39.83,HIGH,1,0,0,0,0,0,NO_TRADE,,params_invalid:call_wing_costs_55pct_of_short_premium_above_50pct,
10:53:47,23283.5,23277.3,23231.4,VERY_NARROW,23313.4,23231.4,0.635,RANGE,STRONG_SELL_PREMIUM,STRONG_RANGE,PREMIUM_SELL_RANGE,EVENT:US CPI Data | EVENT:DEFINED_RISK_ONLY | RANGE_STRONG_RANGE_VERY_NARROW,0.0,0,39.78,HIGH,1,0,0,0,0,0,NO_TRADE,,params_invalid:call_wing_costs_54pct_of_short_premium_above_50pct,
10:54:02,23283.3,23277.3,23231.4,VERY_NARROW,23313.4,23231.4,0.633,RANGE,STRONG_SELL_PREMIUM,STRONG_RANGE,PREMIUM_SELL_RANGE,EVENT:US CPI Data | EVENT:DEFINED_RISK_ONLY | RANGE_STRONG_RANGE_VERY_NARROW,0.0,0,39.73,HIGH,1,0,0,0,0,0,NO_TRADE,,params_invalid:call_wing_costs_54pct_of_short_premium_above_50pct,
10:54:17,23281.65,23277.3,23231.4,VERY_NARROW,23313.4,23231.4,0.613,RANGE,STRONG_SELL_PREMIUM,STRONG_RANGE,PREMIUM_SELL_RANGE,EVENT:US CPI Data | EVENT:DEFINED_RISK_ONLY | RANGE_STRONG_RANGE_VERY_NARROW,0.0,0,39.68,HIGH,1,0,0,0,0,0,NO_TRADE,,params_invalid:call_wing_costs_54pct_of_short_premium_above_50pct,
10:54:32,23283.45,23277.3,23231.4,VERY_NARROW,23313.4,23231.4,0.635,RANGE,STRONG_SELL_PREMIUM,STRONG_RANGE,PREMIUM_SELL_RANGE,EVENT:US CPI Data | EVENT:DEFINED_RISK_ONLY | RANGE_STRONG_RANGE_VERY_NARROW,0.0,0,39.63,HIGH,1,0,0,0,0,0,NO_TRADE,,params_invalid:call_wing_costs_54pct_of_short_premium_above_50pct,
10:54:47,23281.25,23277.3,23231.4,VERY_NARROW,23313.4,23231.4,0.608,RANGE,STRONG_SELL_PREMIUM,STRONG_RANGE,PREMIUM_SELL_RANGE,EVENT:US CPI Data | EVENT:DEFINED_RISK_ONLY | RANGE_STRONG_RANGE_VERY_NARROW,0.0,0,39.58,HIGH,1,0,0,0,0,0,NO_TRADE,,params_invalid:call_wing_costs_54pct_of_short_premium_above_50pct,
10:55:02,23282.7,23277.3,23231.4,VERY_NARROW,23313.4,23231.4,0.626,RANGE,STRONG_SELL_PREMIUM,STRONG_RANGE,PREMIUM_SELL_RANGE,EVENT:US CPI Data | EVENT:DEFINED_RISK_ONLY | RANGE_STRONG_RANGE_VERY_NARROW,23.78,1,39.53,HIGH,1,0,0,0,0,0,NO_TRADE,,params_invalid:call_wing_costs_54pct_of_short_premium_above_50pct,
10:55:17,23280.55,23277.3,23231.4,VERY_NARROW,23313.4,23231.4,0.599,RANGE,STRONG_SELL_PREMIUM,STRONG_RANGE,PREMIUM_SELL_RANGE,EVENT:US CPI Data | EVENT:DEFINED_RISK_ONLY | RANGE_STRONG_RANGE_VERY_NARROW,23.78,1,39.48,HIGH,1,0,0,0,0,0,NO_TRADE,,params_invalid:call_wing_costs_54pct_of_short_premium_above_50pct,
10:55:32,23281.55,23277.3,23231.4,VERY_NARROW,23313.4,23231.4,0.612,RANGE,STRONG_SELL_PREMIUM,STRONG_RANGE,PREMIUM_SELL_RANGE,EVENT:US CPI Data | EVENT:DEFINED_RISK_ONLY | RANGE_STRONG_RANGE_VERY_NARROW,23.78,1,39.43,HIGH,1,0,0,0,0,0,NO_TRADE,,params_invalid:call_wing_costs_54pct_of_short_premium_above_50pct,
10:55:47,23279.95,23277.3,23231.4,VERY_NARROW,23313.4,23231.4,0.592,RANGE,STRONG_SELL_PREMIUM,STRONG_RANGE,PREMIUM_SELL_RANGE,EVENT:US CPI Data | EVENT:DEFINED_RISK_ONLY | RANGE_STRONG_RANGE_VERY_NARROW,23.78,1,39.38,HIGH,1,0,0,0,0,0,NO_TRADE,,params_invalid:call_wing_costs_54pct_of_short_premium_above_50pct,
10:56:02,23279.6,23277.3,23231.4,VERY_NARROW,23313.4,23231.4,0.588,RANGE,STRONG_SELL_PREMIUM,STRONG_RANGE,PREMIUM_SELL_RANGE,EVENT:US CPI Data | EVENT:DEFINED_RISK_ONLY | RANGE_STRONG_RANGE_VERY_NARROW,23.08,1,39.33,HIGH,1,0,0,0,0,0,NO_TRADE,,params_invalid:call_wing_costs_54pct_of_short_premium_above_50pct,
10:56:17,23277.2,23277.3,23231.4,VERY_NARROW,23313.4,23231.4,0.559,RANGE,STRONG_SELL_PREMIUM,STRONG_RANGE,PREMIUM_SELL_RANGE,EVENT:US CPI Data | EVENT:DEFINED_RISK_ONLY | RANGE_STRONG_RANGE_VERY_NARROW,23.08,1,39.28,HIGH,1,0,0,0,0,0,NO_TRADE,,params_invalid:call_wing_costs_54pct_of_short_premium_above_50pct,
10:56:32,23274.15,23277.3,23231.4,VERY_NARROW,23313.4,23231.4,0.521,RANGE,STRONG_SELL_PREMIUM,RANGE,PREMIUM_SELL_RANGE,EVENT:US CPI Data | EVENT:DEFINED_RISK_ONLY | RANGE_RANGE_VERY_NARROW,23.08,1,39.24,HIGH,1,0,0,0,0,0,NO_TRADE,,params_invalid:call_wing_costs_55pct_of_short_premium_above_50pct,
10:56:47,23277.2,23277.3,23231.4,VERY_NARROW,23313.4,23231.4,0.559,RANGE,STRONG_SELL_PREMIUM,STRONG_RANGE,PREMIUM_SELL_RANGE,EVENT:US CPI Data | EVENT:DEFINED_RISK_ONLY | RANGE_STRONG_RANGE_VERY_NARROW,23.08,1,39.19,HIGH,1,0,0,0,0,0,NO_TRADE,,params_invalid:call_wing_costs_54pct_of_short_premium_above_50pct,
10:57:02,23276.15,23277.3,23231.4,VERY_NARROW,23313.4,23231.4,0.546,RANGE,STRONG_SELL_PREMIUM,STRONG_RANGE,PREMIUM_SELL_RANGE,EVENT:US CPI Data | EVENT:DEFINED_RISK_ONLY | RANGE_STRONG_RANGE_VERY_NARROW,23.08,1,39.14,HIGH,1,0,0,0,0,0,NO_TRADE,,params_invalid:call_wing_costs_54pct_of_short_premium_above_50pct,
10:57:17,23277.65,23277.3,23231.4,VERY_NARROW,23313.4,23231.4,0.564,RANGE,STRONG_SELL_PREMIUM,STRONG_RANGE,PREMIUM_SELL_RANGE,EVENT:US CPI Data | EVENT:DEFINED_RISK_ONLY | RANGE_STRONG_RANGE_VERY_NARROW,23.08,1,39.09,HIGH,1,0,0,0,0,0,NO_TRADE,,params_invalid:call_wing_costs_54pct_of_short_premium_above_50pct,
10:57:32,23277.25,23277.3,23231.4,VERY_NARROW,23313.4,23231.4,0.559,RANGE,STRONG_SELL_PREMIUM,STRONG_RANGE,PREMIUM_SELL_RANGE,EVENT:US CPI Data | EVENT:DEFINED_RISK_ONLY | RANGE_STRONG_RANGE_VERY_NARROW,23.08,1,39.04,HIGH,1,0,0,0,0,0,NO_TRADE,,params_invalid:call_wing_costs_54pct_of_short_premium_above_50pct,
10:57:47,23277.2,23277.3,23231.4,VERY_NARROW,23313.4,23231.4,0.559,RANGE,STRONG_SELL_PREMIUM,STRONG_RANGE,PREMIUM_SELL_RANGE,EVENT:US CPI Data | EVENT:DEFINED_RISK_ONLY | RANGE_STRONG_RANGE_VERY_NARROW,23.08,1,39.0,HIGH,1,0,0,0,0,0,NO_TRADE,,params_invalid:call_wing_costs_54pct_of_short_premium_above_50pct,
10:58:02,23278.2,23277.3,23231.4,VERY_NARROW,23313.4,23231.4,0.571,RANGE,STRONG_SELL_PREMIUM,STRONG_RANGE,PREMIUM_SELL_RANGE,EVENT:US CPI Data | EVENT:DEFINED_RISK_ONLY | RANGE_STRONG_RANGE_VERY_NARROW,23.08,1,38.95,HIGH,1,0,0,0,0,0,NO_TRADE,,params_invalid:call_wing_costs_54pct_of_short_premium_above_50pct,
10:58:17,23277.7,23277.3,23231.4,VERY_NARROW,23313.4,23231.4,0.565,RANGE,STRONG_SELL_PREMIUM,STRONG_RANGE,PREMIUM_SELL_RANGE,EVENT:US CPI Data | EVENT:DEFINED_RISK_ONLY | RANGE_STRONG_RANGE_VERY_NARROW,23.08,1,38.9,HIGH,1,0,0,0,0,0,NO_TRADE,,params_invalid:call_wing_costs_54pct_of_short_premium_above_50pct,
10:58:32,23278.3,23277.3,23231.4,VERY_NARROW,23313.4,23231.4,0.572,RANGE,STRONG_SELL_PREMIUM,STRONG_RANGE,PREMIUM_SELL_RANGE,EVENT:US CPI Data | EVENT:DEFINED_RISK_ONLY | RANGE_STRONG_RANGE_VERY_NARROW,23.08,1,38.85,HIGH,1,0,0,0,0,0,NO_TRADE,,params_invalid:call_wing_costs_54pct_of_short_premium_above_50pct,
10:58:47,23279.95,23277.3,23231.4,VERY_NARROW,23313.4,23231.4,0.592,RANGE,STRONG_SELL_PREMIUM,STRONG_RANGE,PREMIUM_SELL_RANGE,EVENT:US CPI Data | EVENT:DEFINED_RISK_ONLY | RANGE_STRONG_RANGE_VERY_NARROW,23.08,1,38.81,HIGH,1,0,0,0,0,0,NO_TRADE,,params_invalid:call_wing_costs_54pct_of_short_premium_above_50pct,
10:59:02,23282.1,23277.3,23231.4,VERY_NARROW,23313.4,23231.4,0.618,RANGE,STRONG_SELL_PREMIUM,STRONG_RANGE,PREMIUM_SELL_RANGE,EVENT:US CPI Data | EVENT:DEFINED_RISK_ONLY | RANGE_STRONG_RANGE_VERY_NARROW,23.08,1,38.76,HIGH,1,0,0,0,0,0,NO_TRADE,,params_invalid:call_wing_costs_54pct_of_short_premium_above_50pct,
10:59:17,23280.05,23277.3,23231.4,VERY_NARROW,23313.4,23231.4,0.593,RANGE,STRONG_SELL_PREMIUM,STRONG_RANGE,PREMIUM_SELL_RANGE,EVENT:US CPI Data | EVENT:DEFINED_RISK_ONLY | RANGE_STRONG_RANGE_VERY_NARROW,23.08,1,38.71,HIGH,1,0,0,0,0,0,NO_TRADE,,params_invalid:call_wing_costs_54pct_of_short_premium_above_50pct,
10:59:32,23280.3,23277.3,23231.4,VERY_NARROW,23313.4,23231.4,0.596,RANGE,STRONG_SELL_PREMIUM,STRONG_RANGE,PREMIUM_SELL_RANGE,EVENT:US CPI Data | EVENT:DEFINED_RISK_ONLY | RANGE_STRONG_RANGE_VERY_NARROW,23.08,1,38.67,HIGH,1,0,0,0,0,0,NO_TRADE,,params_invalid:call_wing_costs_54pct_of_short_premium_above_50pct,
10:59:47,23278.85,23277.3,23231.4,VERY_NARROW,23313.4,23231.4,0.579,RANGE,STRONG_SELL_PREMIUM,STRONG_RANGE,PREMIUM_SELL_RANGE,EVENT:US CPI Data | EVENT:DEFINED_RISK_ONLY | RANGE_STRONG_RANGE_VERY_NARROW,23.08,1,38.62,HIGH,1,0,0,0,0,0,NO_TRADE,,params_invalid:call_wing_costs_54pct_of_short_premium_above_50pct,
11:00:02,23279.5,23277.3,23231.4,VERY_NARROW,23313.4,23231.4,0.587,RANGE,STRONG_SELL_PREMIUM,STRONG_RANGE,PREMIUM_SELL_RANGE,EVENT:US CPI Data | EVENT:DEFINED_RISK_ONLY | RANGE_STRONG_RANGE_VERY_NARROW,21.81,1,38.58,HIGH,1,0,0,0,0,0,NO_TRADE,,params_invalid:call_wing_costs_54pct_of_short_premium_above_50pct,
11:00:17,23282.95,23277.3,23231.4,VERY_NARROW,23313.4,23231.4,0.629,RANGE,STRONG_SELL_PREMIUM,STRONG_RANGE,PREMIUM_SELL_RANGE,EVENT:US CPI Data | EVENT:DEFINED_RISK_ONLY | RANGE_STRONG_RANGE_VERY_NARROW,21.81,1,38.53,HIGH,1,0,0,0,0,0,NO_TRADE,,params_invalid:call_wing_costs_54pct_of_short_premium_above_50pct,
11:00:32,23285.15,23277.3,23231.4,VERY_NARROW,23313.4,23231.4,0.655,RANGE,STRONG_SELL_PREMIUM,STRONG_RANGE,PREMIUM_SELL_RANGE,EVENT:US CPI Data | EVENT:DEFINED_RISK_ONLY | RANGE_STRONG_RANGE_VERY_NARROW,21.81,1,38.48,HIGH,1,0,0,0,0,0,NO_TRADE,,params_invalid:call_wing_costs_54pct_of_short_premium_above_50pct,
11:00:47,23284.3,23277.3,23231.4,VERY_NARROW,23313.4,23231.4,0.645,RANGE,STRONG_SELL_PREMIUM,STRONG_RANGE,PREMIUM_SELL_RANGE,EVENT:US CPI Data | EVENT:DEFINED_RISK_ONLY | RANGE_STRONG_RANGE_VERY_NARROW,21.81,1,38.44,HIGH,1,0,0,0,0,0,NO_TRADE,,params_invalid:call_wing_costs_54pct_of_short_premium_above_50pct,
11:01:02,23287.25,23277.3,23231.4,VERY_NARROW,23313.4,23231.4,0.681,RANGE,STRONG_SELL_PREMIUM,STRONG_RANGE,PREMIUM_SELL_RANGE,EVENT:US CPI Data | EVENT:DEFINED_RISK_ONLY | RANGE_STRONG_RANGE_VERY_NARROW,22.44,1,38.39,HIGH,1,0,0,0,0,0,NO_TRADE,,params_invalid:call_wing_costs_54pct_of_short_premium_above_50pct,
11:01:18,23288.1,23277.3,23231.4,VERY_NARROW,23313.4,23231.4,0.691,RANGE,STRONG_SELL_PREMIUM,STRONG_RANGE,PREMIUM_SELL_RANGE,EVENT:US CPI Data | EVENT:DEFINED_RISK_ONLY | RANGE_STRONG_RANGE_VERY_NARROW,22.44,1,38.35,HIGH,1,0,0,0,0,0,NO_TRADE,,params_invalid:call_wing_costs_55pct_of_short_premium_above_50pct,
11:01:33,23291.25,23277.3,23231.4,VERY_NARROW,23313.4,23231.4,0.730,RANGE,STRONG_SELL_PREMIUM,STRONG_RANGE,PREMIUM_SELL_RANGE,EVENT:US CPI Data | EVENT:DEFINED_RISK_ONLY | RANGE_STRONG_RANGE_VERY_NARROW,22.44,1,38.3,HIGH,1,0,0,0,0,0,NO_TRADE,,params_invalid:call_wing_costs_55pct_of_short_premium_above_50pct,
11:01:48,23291.8,23277.3,23231.4,VERY_NARROW,23313.4,23231.4,0.737,RANGE,STRONG_SELL_PREMIUM,STRONG_RANGE,PREMIUM_SELL_RANGE,EVENT:US CPI Data | EVENT:DEFINED_RISK_ONLY | RANGE_STRONG_RANGE_VERY_NARROW,22.44,1,38.26,HIGH,1,0,0,0,0,0,NO_TRADE,,params_invalid:call_wing_costs_54pct_of_short_premium_above_50pct,
11:02:03,23291.35,23277.3,23231.4,VERY_NARROW,23313.4,23231.4,0.731,RANGE,STRONG_SELL_PREMIUM,STRONG_RANGE,PREMIUM_SELL_RANGE,EVENT:US CPI Data | EVENT:DEFINED_RISK_ONLY | RANGE_STRONG_RANGE_VERY_NARROW,22.56,1,38.21,HIGH,1,0,0,0,0,0,NO_TRADE,,params_invalid:call_wing_costs_54pct_of_short_premium_above_50pct,
11:02:18,23291.15,23277.3,23231.4,VERY_NARROW,23313.4,23231.4,0.729,RANGE,STRONG_SELL_PREMIUM,STRONG_RANGE,PREMIUM_SELL_RANGE,EVENT:US CPI Data | EVENT:DEFINED_RISK_ONLY | RANGE_STRONG_RANGE_VERY_NARROW,22.56,1,38.17,HIGH,1,0,0,0,0,0,NO_TRADE,,params_invalid:call_wing_costs_55pct_of_short_premium_above_50pct,
11:02:33,23288.65,23277.3,23231.4,VERY_NARROW,23313.4,23231.4,0.698,RANGE,STRONG_SELL_PREMIUM,STRONG_RANGE,PREMIUM_SELL_RANGE,EVENT:US CPI Data | EVENT:DEFINED_RISK_ONLY | RANGE_STRONG_RANGE_VERY_NARROW,22.56,1,38.12,HIGH,1,0,0,0,0,0,NO_TRADE,,params_invalid:call_wing_costs_55pct_of_short_premium_above_50pct,
11:02:48,23288.1,23277.3,23231.4,VERY_NARROW,23313.4,23231.4,0.691,RANGE,STRONG_SELL_PREMIUM,STRONG_RANGE,PREMIUM_SELL_RANGE,EVENT:US CPI Data | EVENT:DEFINED_RISK_ONLY | RANGE_STRONG_RANGE_VERY_NARROW,22.56,1,38.08,HIGH,1,0,0,0,0,0,NO_TRADE,,params_invalid:call_wing_costs_54pct_of_short_premium_above_50pct,
11:03:03,23288.4,23277.3,23231.4,VERY_NARROW,23313.4,23231.4,0.695,RANGE,STRONG_SELL_PREMIUM,STRONG_RANGE,PREMIUM_SELL_RANGE,EVENT:US CPI Data | EVENT:DEFINED_RISK_ONLY | RANGE_STRONG_RANGE_VERY_NARROW,22.56,1,38.03,HIGH,1,0,0,0,0,0,NO_TRADE,,params_invalid:call_wing_costs_55pct_of_short_premium_above_50pct,
11:03:18,23288.15,23277.3,23231.4,VERY_NARROW,23313.4,23231.4,0.692,RANGE,STRONG_SELL_PREMIUM,STRONG_RANGE,PREMIUM_SELL_RANGE,EVENT:US CPI Data | EVENT:DEFINED_RISK_ONLY | RANGE_STRONG_RANGE_VERY_NARROW,22.56,1,37.99,HIGH,1,0,0,0,0,0,NO_TRADE,,params_invalid:call_wing_costs_55pct_of_short_premium_above_50pct,
11:03:33,23288.55,23277.3,23231.4,VERY_NARROW,23313.4,23231.4,0.697,RANGE,STRONG_SELL_PREMIUM,STRONG_RANGE,PREMIUM_SELL_RANGE,EVENT:US CPI Data | EVENT:DEFINED_RISK_ONLY | RANGE_STRONG_RANGE_VERY_NARROW,22.56,1,37.95,HIGH,1,0,0,0,0,0,NO_TRADE,,params_invalid:call_wing_costs_54pct_of_short_premium_above_50pct,
11:03:48,23283.55,23277.3,23231.4,VERY_NARROW,23313.4,23231.4,0.636,RANGE,STRONG_SELL_PREMIUM,STRONG_RANGE,PREMIUM_SELL_RANGE,EVENT:US CPI Data | EVENT:DEFINED_RISK_ONLY | RANGE_STRONG_RANGE_VERY_NARROW,22.56,1,37.9,HIGH,1,0,0,0,0,0,NO_TRADE,,params_invalid:call_wing_costs_54pct_of_short_premium_above_50pct,
11:04:03,23283.9,23277.3,23231.4,VERY_NARROW,23313.4,23231.4,0.640,RANGE,STRONG_SELL_PREMIUM,STRONG_RANGE,PREMIUM_SELL_RANGE,EVENT:US CPI Data | EVENT:DEFINED_RISK_ONLY | RANGE_STRONG_RANGE_VERY_NARROW,22.56,1,37.86,HIGH,1,0,0,0,0,0,NO_TRADE,,params_invalid:call_wing_costs_55pct_of_short_premium_above_50pct,
11:04:18,23283.1,23277.3,23231.4,VERY_NARROW,23313.4,23231.4,0.630,RANGE,STRONG_SELL_PREMIUM,STRONG_RANGE,PREMIUM_SELL_RANGE,EVENT:US CPI Data | EVENT:DEFINED_RISK_ONLY | RANGE_STRONG_RANGE_VERY_NARROW,22.56,1,37.82,HIGH,1,0,0,0,0,0,NO_TRADE,,params_invalid:call_wing_costs_54pct_of_short_premium_above_50pct,
11:04:33,23283.5,23277.3,23231.4,VERY_NARROW,23313.4,23231.4,0.635,RANGE,STRONG_SELL_PREMIUM,STRONG_RANGE,PREMIUM_SELL_RANGE,EVENT:US CPI Data | EVENT:DEFINED_RISK_ONLY | RANGE_STRONG_RANGE_VERY_NARROW,22.56,1,37.77,HIGH,1,0,0,0,0,0,NO_TRADE,,params_invalid:call_wing_costs_55pct_of_short_premium_above_50pct,
11:04:48,23283.5,23277.3,23231.4,VERY_NARROW,23313.4,23231.4,0.635,RANGE,STRONG_SELL_PREMIUM,STRONG_RANGE,PREMIUM_SELL_RANGE,EVENT:US CPI Data | EVENT:DEFINED_RISK_ONLY | RANGE_STRONG_RANGE_VERY_NARROW,22.56,1,37.73,HIGH,1,0,0,0,0,0,NO_TRADE,,params_invalid:call_wing_costs_54pct_of_short_premium_above_50pct,
11:05:03,23283.7,23277.3,23231.4,VERY_NARROW,23313.4,23231.4,0.638,RANGE,STRONG_SELL_PREMIUM,STRONG_RANGE,PREMIUM_SELL_RANGE,EVENT:US CPI Data | EVENT:DEFINED_RISK_ONLY | RANGE_STRONG_RANGE_VERY_NARROW,22.08,1,37.69,HIGH,1,0,0,0,0,0,NO_TRADE,,params_invalid:call_wing_costs_55pct_of_short_premium_above_50pct,
11:05:18,23281.4,23277.3,23231.4,VERY_NARROW,23313.4,23231.4,0.610,RANGE,STRONG_SELL_PREMIUM,STRONG_RANGE,PREMIUM_SELL_RANGE,EVENT:US CPI Data | EVENT:DEFINED_RISK_ONLY | RANGE_STRONG_RANGE_VERY_NARROW,22.08,1,37.64,HIGH,1,0,0,0,0,0,NO_TRADE,,params_invalid:call_wing_costs_55pct_of_short_premium_above_50pct,
11:05:33,23282.05,23277.3,23231.4,VERY_NARROW,23313.4,23231.4,0.618,RANGE,STRONG_SELL_PREMIUM,STRONG_RANGE,PREMIUM_SELL_RANGE,EVENT:US CPI Data | EVENT:DEFINED_RISK_ONLY | RANGE_STRONG_RANGE_VERY_NARROW,22.08,1,37.6,HIGH,1,0,0,0,0,0,NO_TRADE,,params_invalid:call_wing_costs_55pct_of_short_premium_above_50pct,
11:05:48,23282.65,23277.3,23231.4,VERY_NARROW,23313.4,23231.4,0.625,RANGE,STRONG_SELL_PREMIUM,STRONG_RANGE,PREMIUM_SELL_RANGE,EVENT:US CPI Data | EVENT:DEFINED_RISK_ONLY | RANGE_STRONG_RANGE_VERY_NARROW,22.08,1,37.56,HIGH,1,0,0,0,0,0,NO_TRADE,,params_invalid:call_wing_costs_55pct_of_short_premium_above_50pct,
11:06:03,23284.15,23277.3,23231.4,VERY_NARROW,23313.4,23231.4,0.643,RANGE,STRONG_SELL_PREMIUM,STRONG_RANGE,PREMIUM_SELL_RANGE,EVENT:US CPI Data | EVENT:DEFINED_RISK_ONLY | RANGE_STRONG_RANGE_VERY_NARROW,22.08,1,37.52,HIGH,1,0,0,0,0,0,NO_TRADE,,params_invalid:call_wing_costs_55pct_of_short_premium_above_50pct,
11:06:18,23284.9,23277.3,23231.4,VERY_NARROW,23313.4,23231.4,0.652,RANGE,STRONG_SELL_PREMIUM,STRONG_RANGE,PREMIUM_SELL_RANGE,EVENT:US CPI Data | EVENT:DEFINED_RISK_ONLY | RANGE_STRONG_RANGE_VERY_NARROW,22.08,1,37.47,HIGH,1,0,0,0,0,0,NO_TRADE,,params_invalid:call_wing_costs_55pct_of_short_premium_above_50pct,
11:06:33,23284.4,23277.3,23231.4,VERY_NARROW,23313.4,23231.4,0.646,RANGE,STRONG_SELL_PREMIUM,STRONG_RANGE,PREMIUM_SELL_RANGE,EVENT:US CPI Data | EVENT:DEFINED_RISK_ONLY | RANGE_STRONG_RANGE_VERY_NARROW,22.08,1,37.43,HIGH,1,0,0,0,0,0,NO_TRADE,,params_invalid:call_wing_costs_55pct_of_short_premium_above_50pct,
11:06:48,23286.3,23277.3,23231.4,VERY_NARROW,23313.4,23231.4,0.670,RANGE,STRONG_SELL_PREMIUM,STRONG_RANGE,PREMIUM_SELL_RANGE,EVENT:US CPI Data | EVENT:DEFINED_RISK_ONLY | RANGE_STRONG_RANGE_VERY_NARROW,22.08,1,37.39,HIGH,1,0,0,0,0,0,NO_TRADE,,params_invalid:call_wing_costs_55pct_of_short_premium_above_50pct,
11:07:03,23286.7,23277.3,23231.4,VERY_NARROW,23313.4,23231.4,0.674,RANGE,STRONG_SELL_PREMIUM,STRONG_RANGE,PREMIUM_SELL_RANGE,EVENT:US CPI Data | EVENT:DEFINED_RISK_ONLY | RANGE_STRONG_RANGE_VERY_NARROW,22.08,1,37.35,HIGH,1,0,0,0,0,0,NO_TRADE,,params_invalid:call_wing_costs_55pct_of_short_premium_above_50pct,
11:07:18,23288.55,23277.3,23231.4,VERY_NARROW,23313.4,23231.4,0.697,RANGE,STRONG_SELL_PREMIUM,STRONG_RANGE,PREMIUM_SELL_RANGE,EVENT:US CPI Data | EVENT:DEFINED_RISK_ONLY | RANGE_STRONG_RANGE_VERY_NARROW,22.08,1,37.31,HIGH,1,0,0,0,0,0,NO_TRADE,,params_invalid:call_wing_costs_55pct_of_short_premium_above_50pct,
11:07:33,23291.55,23277.3,23231.4,VERY_NARROW,23313.4,23231.4,0.734,RANGE,STRONG_SELL_PREMIUM,STRONG_RANGE,PREMIUM_SELL_RANGE,EVENT:US CPI Data | EVENT:DEFINED_RISK_ONLY | RANGE_STRONG_RANGE_VERY_NARROW,22.08,1,37.26,HIGH,1,0,0,0,0,0,NO_TRADE,,params_invalid:call_wing_costs_55pct_of_short_premium_above_50pct,
11:07:48,23292.0,23277.3,23231.4,VERY_NARROW,23313.4,23231.4,0.739,RANGE,STRONG_SELL_PREMIUM,STRONG_RANGE,PREMIUM_SELL_RANGE,EVENT:US CPI Data | EVENT:DEFINED_RISK_ONLY | RANGE_STRONG_RANGE_VERY_NARROW,22.08,1,37.22,HIGH,1,0,0,0,0,0,NO_TRADE,,params_invalid:call_wing_costs_55pct_of_short_premium_above_50pct,
11:08:04,23291.8,23277.3,23231.4,VERY_NARROW,23313.4,23231.4,0.737,RANGE,STRONG_SELL_PREMIUM,STRONG_RANGE,PREMIUM_SELL_RANGE,EVENT:US CPI Data | EVENT:DEFINED_RISK_ONLY | RANGE_STRONG_RANGE_VERY_NARROW,22.09,1,37.18,HIGH,1,0,0,0,0,0,NO_TRADE,,params_invalid:call_wing_costs_55pct_of_short_premium_above_50pct,
11:08:19,23292.45,23277.3,23231.4,VERY_NARROW,23313.4,23231.4,0.745,RANGE,STRONG_SELL_PREMIUM,STRONG_RANGE,PREMIUM_SELL_RANGE,EVENT:US CPI Data | EVENT:DEFINED_RISK_ONLY | RANGE_STRONG_RANGE_VERY_NARROW,22.09,1,37.14,HIGH,1,0,0,0,0,0,NO_TRADE,,params_invalid:call_wing_costs_55pct_of_short_premium_above_50pct,
11:08:34,23291.25,23277.3,23231.4,VERY_NARROW,23313.4,23231.4,0.730,RANGE,STRONG_SELL_PREMIUM,STRONG_RANGE,PREMIUM_SELL_RANGE,EVENT:US CPI Data | EVENT:DEFINED_RISK_ONLY | RANGE_STRONG_RANGE_VERY_NARROW,22.09,1,37.1,HIGH,1,0,0,0,0,0,NO_TRADE,,params_invalid:call_wing_costs_55pct_of_short_premium_above_50pct,
11:08:49,23291.6,23277.3,23231.4,VERY_NARROW,23313.4,23231.4,0.734,RANGE,STRONG_SELL_PREMIUM,STRONG_RANGE,PREMIUM_SELL_RANGE,EVENT:US CPI Data | EVENT:DEFINED_RISK_ONLY | RANGE_STRONG_RANGE_VERY_NARROW,22.09,1,37.06,HIGH,1,0,0,0,0,0,NO_TRADE,,params_invalid:call_wing_costs_55pct_of_short_premium_above_50pct,
11:09:04,23290.65,23277.3,23231.4,VERY_NARROW,23313.4,23231.4,0.723,RANGE,STRONG_SELL_PREMIUM,STRONG_RANGE,PREMIUM_SELL_RANGE,EVENT:US CPI Data | EVENT:DEFINED_RISK_ONLY | RANGE_STRONG_RANGE_VERY_NARROW,22.72,1,37.02,HIGH,1,0,0,0,0,0,NO_TRADE,,params_invalid:call_wing_costs_55pct_of_short_premium_above_50pct,
11:09:19,23291.1,23277.3,23231.4,VERY_NARROW,23313.4,23231.4,0.728,RANGE,STRONG_SELL_PREMIUM,STRONG_RANGE,PREMIUM_SELL_RANGE,EVENT:US CPI Data | EVENT:DEFINED_RISK_ONLY | RANGE_STRONG_RANGE_VERY_NARROW,22.72,1,36.98,HIGH,1,0,0,0,0,0,NO_TRADE,,params_invalid:call_wing_costs_55pct_of_short_premium_above_50pct,
11:09:34,23293.7,23277.3,23231.4,VERY_NARROW,23313.4,23231.4,0.760,RANGE,STRONG_SELL_PREMIUM,STRONG_RANGE,PREMIUM_SELL_RANGE,EVENT:US CPI Data | EVENT:DEFINED_RISK_ONLY | RANGE_STRONG_RANGE_VERY_NARROW,22.72,1,36.94,HIGH,1,0,0,0,0,0,NO_TRADE,,params_invalid:call_wing_costs_55pct_of_short_premium_above_50pct,
11:09:49,23297.05,23277.3,23231.4,VERY_NARROW,23313.4,23231.4,0.801,RANGE,STRONG_SELL_PREMIUM,STRONG_RANGE,PREMIUM_SELL_RANGE,EVENT:US CPI Data | EVENT:DEFINED_RISK_ONLY | RANGE_STRONG_RANGE_VERY_NARROW,22.72,1,36.9,HIGH,1,0,0,0,0,0,NO_TRADE,,params_invalid:call_wing_costs_55pct_of_short_premium_above_50pct,
11:10:04,23297.5,23277.3,23231.4,VERY_NARROW,23313.4,23231.4,0.806,UPTREND,STRONG_SELL_PREMIUM,STRONG_RANGE,NO_TRADE,EVENT:US CPI Data | EVENT:DEFINED_RISK_ONLY | EVENT:ONLY_RANGE_ALLOWED,23.12,1,36.86,HIGH,1,0,0,0,0,0,NO_TRADE,,EVENT:US CPI Data | EVENT:DEFINED_RISK_ONLY | EVENT:ONLY_RANGE_ALLOWED,
11:10:19,23297.6,23277.3,23231.4,VERY_NARROW,23313.4,23231.4,0.807,UPTREND,STRONG_SELL_PREMIUM,STRONG_RANGE,NO_TRADE,EVENT:US CPI Data | EVENT:DEFINED_RISK_ONLY | EVENT:ONLY_RANGE_ALLOWED,23.12,1,36.82,HIGH,1,0,0,0,0,0,NO_TRADE,,EVENT:US CPI Data | EVENT:DEFINED_RISK_ONLY | EVENT:ONLY_RANGE_ALLOWED,
11:10:34,23297.9,23277.3,23231.4,VERY_NARROW,23313.4,23231.4,0.811,UPTREND,STRONG_SELL_PREMIUM,STRONG_RANGE,NO_TRADE,EVENT:US CPI Data | EVENT:DEFINED_RISK_ONLY | EVENT:ONLY_RANGE_ALLOWED,23.12,1,36.78,HIGH,1,0,0,0,0,0,NO_TRADE,,EVENT:US CPI Data | EVENT:DEFINED_RISK_ONLY | EVENT:ONLY_RANGE_ALLOWED,
11:10:49,23298.45,23277.3,23231.4,VERY_NARROW,23313.4,23231.4,0.818,UPTREND,STRONG_SELL_PREMIUM,STRONG_RANGE,NO_TRADE,EVENT:US CPI Data | EVENT:DEFINED_RISK_ONLY | EVENT:ONLY_RANGE_ALLOWED,23.12,1,36.74,HIGH,1,0,0,0,0,0,NO_TRADE,,EVENT:US CPI Data | EVENT:DEFINED_RISK_ONLY | EVENT:ONLY_RANGE_ALLOWED,
11:11:04,23302.7,23277.3,23231.4,VERY_NARROW,23313.4,23231.4,0.870,UPTREND,STRONG_SELL_PREMIUM,STRONG_RANGE,NO_TRADE,EVENT:US CPI Data | EVENT:DEFINED_RISK_ONLY | EVENT:ONLY_RANGE_ALLOWED,23.28,1,36.7,HIGH,1,0,0,0,0,0,NO_TRADE,,EVENT:US CPI Data | EVENT:DEFINED_RISK_ONLY | EVENT:ONLY_RANGE_ALLOWED,
11:11:19,23302.35,23277.3,23231.4,VERY_NARROW,23313.4,23231.4,0.865,UPTREND,STRONG_SELL_PREMIUM,STRONG_RANGE,NO_TRADE,EVENT:US CPI Data | EVENT:DEFINED_RISK_ONLY | EVENT:ONLY_RANGE_ALLOWED,23.28,1,36.66,HIGH,1,0,0,0,0,0,NO_TRADE,,EVENT:US CPI Data | EVENT:DEFINED_RISK_ONLY | EVENT:ONLY_RANGE_ALLOWED,
11:11:34,23302.7,23277.3,23231.4,VERY_NARROW,23313.4,23231.4,0.870,UPTREND,STRONG_SELL_PREMIUM,STRONG_RANGE,NO_TRADE,EVENT:US CPI Data | EVENT:DEFINED_RISK_ONLY | EVENT:ONLY_RANGE_ALLOWED,23.28,1,36.62,HIGH,1,0,0,0,0,0,NO_TRADE,,EVENT:US CPI Data | EVENT:DEFINED_RISK_ONLY | EVENT:ONLY_RANGE_ALLOWED,
11:11:49,23302.3,23277.3,23231.4,VERY_NARROW,23313.4,23231.4,0.865,UPTREND,STRONG_SELL_PREMIUM,STRONG_RANGE,NO_TRADE,EVENT:US CPI Data | EVENT:DEFINED_RISK_ONLY | EVENT:ONLY_RANGE_ALLOWED,23.28,1,36.58,HIGH,1,0,0,0,0,0,NO_TRADE,,EVENT:US CPI Data | EVENT:DEFINED_RISK_ONLY | EVENT:ONLY_RANGE_ALLOWED,
11:12:04,23303.15,23277.3,23231.4,VERY_NARROW,23319.1,23231.4,0.818,UPTREND,STRONG_SELL_PREMIUM,STRONG_RANGE,NO_TRADE,EVENT:US CPI Data | EVENT:DEFINED_RISK_ONLY | EVENT:ONLY_RANGE_ALLOWED,24.48,1,39.08,HIGH,1,0,0,0,0,0,ENTER,LONG_CALL,momentum_trend_expression:LONG_CALL:dte=1:adx=24:conf=HIGH:replacing=EVENT:US CPI Data | EVENT:DEFINED_RISK_ONLY | EVENT:ONLY_RANGE_ALLOWED,
11:12:19,23306.05,23277.3,23231.4,VERY_NARROW,23319.1,23231.4,0.851,UPTREND,STRONG_SELL_PREMIUM,STRONG_RANGE,NO_TRADE,EVENT:US CPI Data | EVENT:DEFINED_RISK_ONLY | EVENT:ONLY_RANGE_ALLOWED,24.48,1,39.04,HIGH,1,0,0,0,0,0,,,,
11:12:34,23309.8,23277.3,23231.4,VERY_NARROW,23319.1,23231.4,0.894,UPTREND,STRONG_SELL_PREMIUM,STRONG_RANGE,NO_TRADE,EVENT:US CPI Data | EVENT:DEFINED_RISK_ONLY | EVENT:ONLY_RANGE_ALLOWED,24.48,1,39.0,HIGH,1,0,0,0,0,0,,,,
11:12:49,23317.95,23277.3,23231.4,VERY_NARROW,23319.1,23231.4,0.987,UPTREND,STRONG_SELL_PREMIUM,STRONG_RANGE,NO_TRADE,EVENT:US CPI Data | EVENT:DEFINED_RISK_ONLY | EVENT:ONLY_RANGE_ALLOWED,24.48,1,38.96,HIGH,1,0,0,0,0,0,,,,
11:13:04,23315.85,23277.3,23231.4,VERY_NARROW,23331.3,23231.4,0.845,UPTREND,STRONG_SELL_PREMIUM,STRONG_RANGE,NO_TRADE,EVENT:US CPI Data | EVENT:DEFINED_RISK_ONLY | EVENT:ONLY_RANGE_ALLOWED,25.19,1,44.33,HIGH,1,0,0,0,0,0,,,,
11:13:19,23317.8,23277.3,23231.4,VERY_NARROW,23331.3,23231.4,0.865,UPTREND,STRONG_SELL_PREMIUM,STRONG_RANGE,NO_TRADE,EVENT:US CPI Data | EVENT:DEFINED_RISK_ONLY | EVENT:ONLY_RANGE_ALLOWED,25.19,1,44.28,HIGH,1,0,0,0,0,0,,,,
11:13:34,23321.75,23277.3,23231.4,VERY_NARROW,23331.3,23231.4,0.904,UPTREND,STRONG_SELL_PREMIUM,STRONG_RANGE,NO_TRADE,EVENT:US CPI Data | EVENT:DEFINED_RISK_ONLY | EVENT:ONLY_RANGE_ALLOWED,25.19,1,44.23,HIGH,1,0,0,0,0,0,,,,
11:13:49,23324.6,23277.3,23231.4,VERY_NARROW,23331.3,23231.4,0.933,UPTREND,STRONG_SELL_PREMIUM,RANGE,NO_TRADE,EVENT:US CPI Data | EVENT:DEFINED_RISK_ONLY | EVENT:ONLY_RANGE_ALLOWED,25.19,1,44.19,HIGH,1,0,0,0,0,0,,,,
11:14:04,23331.4,23277.3,23231.4,VERY_NARROW,23339.05,23231.4,0.929,UPTREND,STRONG_SELL_PREMIUM,RANGE,NO_TRADE,EVENT:US CPI Data | EVENT:DEFINED_RISK_ONLY | EVENT:ONLY_RANGE_ALLOWED,25.55,1,47.56,HIGH,1,0,0,0,0,0,,,,
11:14:19,23338.6,23277.3,23231.4,VERY_NARROW,23339.05,23231.4,0.996,UPTREND,STRONG_SELL_PREMIUM,RANGE,NO_TRADE,EVENT:US CPI Data | EVENT:DEFINED_RISK_ONLY | EVENT:ONLY_RANGE_ALLOWED,25.55,1,47.51,HIGH,1,0,0,0,0,0,,,,
11:14:34,23335.65,23277.3,23231.4,VERY_NARROW,23339.05,23231.4,0.968,UPTREND,STRONG_SELL_PREMIUM,RANGE,NO_TRADE,EVENT:US CPI Data | EVENT:DEFINED_RISK_ONLY | EVENT:ONLY_RANGE_ALLOWED,25.55,1,47.47,HIGH,1,0,0,0,0,0,,,,
11:14:49,23335.85,23277.3,23231.4,VERY_NARROW,23339.05,23231.4,0.970,UPTREND,STRONG_SELL_PREMIUM,RANGE,NO_TRADE,EVENT:US CPI Data | EVENT:DEFINED_RISK_ONLY | EVENT:ONLY_RANGE_ALLOWED,25.55,1,47.42,HIGH,1,0,0,0,0,0,,,,
11:15:04,23337.5,23277.3,23231.4,VERY_NARROW,23339.1,23231.4,0.985,UPTREND,STRONG_SELL_PREMIUM,RANGE,NO_TRADE,EVENT:US CPI Data | EVENT:DEFINED_RISK_ONLY | EVENT:ONLY_RANGE_ALLOWED,28.1,1,47.39,HIGH,1,0,0,0,0,0,,,,
11:15:19,23327.0,23277.3,23231.4,VERY_NARROW,23339.1,23231.4,0.888,UPTREND,STRONG_SELL_PREMIUM,RANGE,NO_TRADE,EVENT:US CPI Data | EVENT:DEFINED_RISK_ONLY | EVENT:ONLY_RANGE_ALLOWED,28.1,1,47.34,HIGH,1,0,0,0,0,0,,,,
11:15:34,23326.6,23277.3,23231.4,VERY_NARROW,23339.1,23231.4,0.884,UPTREND,STRONG_SELL_PREMIUM,RANGE,NO_TRADE,EVENT:US CPI Data | EVENT:DEFINED_RISK_ONLY | EVENT:ONLY_RANGE_ALLOWED,28.1,1,47.29,HIGH,1,0,0,0,0,0,,,,
11:15:49,23328.6,23277.3,23231.4,VERY_NARROW,23339.1,23231.4,0.903,UPTREND,STRONG_SELL_PREMIUM,RANGE,NO_TRADE,EVENT:US CPI Data | EVENT:DEFINED_RISK_ONLY | EVENT:ONLY_RANGE_ALLOWED,28.1,1,47.24,HIGH,1,0,0,0,0,0,,,,
11:16:04,23325.0,23277.3,23231.4,VERY_NARROW,23339.1,23231.4,0.869,UPTREND,STRONG_SELL_PREMIUM,RANGE,NO_TRADE,EVENT:US CPI Data | EVENT:DEFINED_RISK_ONLY | EVENT:ONLY_RANGE_ALLOWED,28.1,1,47.19,HIGH,1,0,0,0,0,0,,,,
11:16:19,23328.65,23277.3,23231.4,VERY_NARROW,23339.1,23231.4,0.903,UPTREND,STRONG_SELL_PREMIUM,RANGE,NO_TRADE,EVENT:US CPI Data | EVENT:DEFINED_RISK_ONLY | EVENT:ONLY_RANGE_ALLOWED,28.1,1,47.14,HIGH,1,0,0,0,0,0,,,,
11:16:34,23331.4,23277.3,23231.4,VERY_NARROW,23339.1,23231.4,0.929,UPTREND,STRONG_SELL_PREMIUM,RANGE,NO_TRADE,EVENT:US CPI Data | EVENT:DEFINED_RISK_ONLY | EVENT:ONLY_RANGE_ALLOWED,28.1,1,47.09,HIGH,1,0,0,0,0,0,,,,
11:16:49,23330.55,23277.3,23231.4,VERY_NARROW,23339.1,23231.4,0.921,UPTREND,STRONG_SELL_PREMIUM,RANGE,NO_TRADE,EVENT:US CPI Data | EVENT:DEFINED_RISK_ONLY | EVENT:ONLY_RANGE_ALLOWED,28.1,1,47.05,HIGH,1,0,0,0,0,0,,,,
11:17:04,23335.45,23277.3,23231.4,VERY_NARROW,23353.15,23231.4,0.855,UPTREND,STRONG_SELL_PREMIUM,RANGE,NO_TRADE,EVENT:US CPI Data | EVENT:DEFINED_RISK_ONLY | EVENT:ONLY_RANGE_ALLOWED,28.71,1,53.13,HIGH,1,0,0,0,0,0,,,,
11:17:19,23344.3,23277.3,23231.4,VERY_NARROW,23353.15,23231.4,0.927,UPTREND,NEUTRAL,RANGE,NO_TRADE,EVENT:US CPI Data | EVENT:DEFINED_RISK_ONLY | EVENT:ONLY_RANGE_ALLOWED,28.71,1,53.07,HIGH,1,0,0,0,0,0,,,,
11:17:34,23351.7,23277.3,23231.4,VERY_NARROW,23353.15,23231.4,0.988,UPTREND,NEUTRAL,RANGE,NO_TRADE,EVENT:US CPI Data | EVENT:DEFINED_RISK_ONLY | EVENT:ONLY_RANGE_ALLOWED,28.71,1,53.02,HIGH,1,0,0,0,0,0,,,,
11:17:49,23348.55,23277.3,23231.4,VERY_NARROW,23353.15,23231.4,0.962,UPTREND,NEUTRAL,RANGE,NO_TRADE,EVENT:US CPI Data | EVENT:DEFINED_RISK_ONLY | EVENT:ONLY_RANGE_ALLOWED,28.71,1,52.97,HIGH,1,0,0,0,0,0,,,,
11:18:04,23349.95,23277.3,23231.4,VERY_NARROW,23353.15,23231.4,0.974,UPTREND,NEUTRAL,RANGE,NO_TRADE,EVENT:US CPI Data | EVENT:DEFINED_RISK_ONLY | EVENT:ONLY_RANGE_ALLOWED,28.71,1,52.91,HIGH,1,0,0,0,0,0,,,,
11:18:19,23344.1,23277.3,23231.4,VERY_NARROW,23353.15,23231.4,0.926,UPTREND,NEUTRAL,RANGE,NO_TRADE,EVENT:US CPI Data | EVENT:DEFINED_RISK_ONLY | EVENT:ONLY_RANGE_ALLOWED,28.71,1,52.86,HIGH,1,0,0,0,0,0,,,,
11:18:34,23346.15,23277.3,23231.4,VERY_NARROW,23353.15,23231.4,0.943,UPTREND,NEUTRAL,RANGE,NO_TRADE,EVENT:US CPI Data | EVENT:DEFINED_RISK_ONLY | EVENT:ONLY_RANGE_ALLOWED,28.71,1,52.81,HIGH,1,0,0,0,0,0,,,,
11:18:49,23342.75,23277.3,23231.4,VERY_NARROW,23353.15,23231.4,0.915,UPTREND,NEUTRAL,RANGE,NO_TRADE,EVENT:US CPI Data | EVENT:DEFINED_RISK_ONLY | EVENT:ONLY_RANGE_ALLOWED,28.71,1,52.75,HIGH,1,0,0,0,0,0,,,,
11:19:04,23341.25,23277.3,23231.4,VERY_NARROW,23353.15,23231.4,0.902,UPTREND,NEUTRAL,RANGE,NO_TRADE,EVENT:US CPI Data | EVENT:DEFINED_RISK_ONLY | EVENT:ONLY_RANGE_ALLOWED,28.71,1,52.7,HIGH,1,0,0,0,0,0,,,,
11:19:20,23338.05,23277.3,23231.4,VERY_NARROW,23353.15,23231.4,0.876,UPTREND,NEUTRAL,RANGE,NO_TRADE,EVENT:US CPI Data | EVENT:DEFINED_RISK_ONLY | EVENT:ONLY_RANGE_ALLOWED,28.71,1,52.65,HIGH,1,0,0,0,0,0,,,,
11:19:34,23337.8,23277.3,23231.4,VERY_NARROW,23353.15,23231.4,0.874,UPTREND,NEUTRAL,RANGE,NO_TRADE,EVENT:US CPI Data | EVENT:DEFINED_RISK_ONLY | EVENT:ONLY_RANGE_ALLOWED,28.71,1,52.59,HIGH,1,0,0,0,0,0,,,,
11:19:49,23338.5,23277.3,23231.4,VERY_NARROW,23353.15,23231.4,0.880,UPTREND,NEUTRAL,RANGE,NO_TRADE,EVENT:US CPI Data | EVENT:DEFINED_RISK_ONLY | EVENT:ONLY_RANGE_ALLOWED,28.71,1,52.54,HIGH,1,0,0,0,0,0,,,,
11:20:05,23342.8,23277.3,23231.4,VERY_NARROW,23353.15,23231.4,0.915,UPTREND,NEUTRAL,RANGE,NO_TRADE,EVENT:US CPI Data | EVENT:DEFINED_RISK_ONLY | EVENT:ONLY_RANGE_ALLOWED,31.55,1,52.49,HIGH,1,0,0,0,0,0,,,,
11:20:19,23345.3,23277.3,23231.4,VERY_NARROW,23353.15,23231.4,0.936,UPTREND,NEUTRAL,RANGE,NO_TRADE,EVENT:US CPI Data | EVENT:DEFINED_RISK_ONLY | EVENT:ONLY_RANGE_ALLOWED,31.55,1,52.44,HIGH,1,0,0,0,0,0,,,,
11:20:35,23341.05,23277.3,23231.4,VERY_NARROW,23353.15,23231.4,0.901,UPTREND,NEUTRAL,RANGE,NO_TRADE,EVENT:US CPI Data | EVENT:DEFINED_RISK_ONLY | EVENT:ONLY_RANGE_ALLOWED,31.55,1,52.38,HIGH,1,0,0,0,0,0,,,,
11:20:51,23337.55,23277.3,23231.4,VERY_NARROW,23353.15,23231.4,0.872,UPTREND,NEUTRAL,RANGE,NO_TRADE,EVENT:US CPI Data | EVENT:DEFINED_RISK_ONLY | EVENT:ONLY_RANGE_ALLOWED,31.55,1,52.33,HIGH,1,0,0,0,0,0,,,,
11:21:06,23334.25,23277.3,23231.4,VERY_NARROW,23353.15,23231.4,0.845,UPTREND,STRONG_SELL_PREMIUM,RANGE,NO_TRADE,EVENT:US CPI Data | EVENT:DEFINED_RISK_ONLY | EVENT:ONLY_RANGE_ALLOWED,31.55,1,52.27,HIGH,1,0,0,0,0,0,,,,
11:21:21,23335.3,23277.3,23231.4,VERY_NARROW,23353.15,23231.4,0.853,UPTREND,NEUTRAL,RANGE,NO_TRADE,EVENT:US CPI Data | EVENT:DEFINED_RISK_ONLY | EVENT:ONLY_RANGE_ALLOWED,31.55,1,52.22,HIGH,1,0,0,0,0,0,,,,
11:21:36,23339.65,23277.3,23231.4,VERY_NARROW,23353.15,23231.4,0.889,UPTREND,NEUTRAL,RANGE,NO_TRADE,EVENT:US CPI Data | EVENT:DEFINED_RISK_ONLY | EVENT:ONLY_RANGE_ALLOWED,31.55,1,52.17,HIGH,1,0,0,0,0,0,,,,
11:21:51,23340.25,23277.3,23231.4,VERY_NARROW,23353.15,23231.4,0.894,UPTREND,NEUTRAL,STRONG_RANGE,NO_TRADE,EVENT:US CPI Data | EVENT:DEFINED_RISK_ONLY | EVENT:ONLY_RANGE_ALLOWED,31.55,1,52.12,HIGH,1,0,0,0,0,0,,,,
11:22:06,23340.2,23277.3,23231.4,VERY_NARROW,23353.15,23231.4,0.894,UPTREND,NEUTRAL,STRONG_RANGE,NO_TRADE,EVENT:US CPI Data | EVENT:DEFINED_RISK_ONLY | EVENT:ONLY_RANGE_ALLOWED,31.55,1,52.07,HIGH,1,0,0,0,0,0,,,,
11:22:21,23342.3,23277.3,23231.4,VERY_NARROW,23353.15,23231.4,0.911,UPTREND,STRONG_SELL_PREMIUM,STRONG_RANGE,NO_TRADE,EVENT:US CPI Data | EVENT:DEFINED_RISK_ONLY | EVENT:ONLY_RANGE_ALLOWED,31.55,1,52.02,HIGH,1,0,0,0,0,0,,,,
11:22:36,23344.15,23277.3,23231.4,VERY_NARROW,23353.15,23231.4,0.926,UPTREND,NEUTRAL,STRONG_RANGE,NO_TRADE,EVENT:US CPI Data | EVENT:DEFINED_RISK_ONLY | EVENT:ONLY_RANGE_ALLOWED,31.55,1,51.97,HIGH,1,0,0,0,0,0,,,,
11:22:51,23346.1,23277.3,23231.4,VERY_NARROW,23353.15,23231.4,0.942,UPTREND,NEUTRAL,STRONG_RANGE,NO_TRADE,EVENT:US CPI Data | EVENT:DEFINED_RISK_ONLY | EVENT:ONLY_RANGE_ALLOWED,31.55,1,51.91,HIGH,1,0,0,0,0,0,,,,
11:23:06,23345.9,23277.3,23231.4,VERY_NARROW,23353.15,23231.4,0.940,UPTREND,NEUTRAL,STRONG_RANGE,NO_TRADE,EVENT:US CPI Data | EVENT:DEFINED_RISK_ONLY | EVENT:ONLY_RANGE_ALLOWED,31.55,1,51.86,HIGH,1,0,0,0,0,0,,,,
11:23:21,23343.35,23277.3,23231.4,VERY_NARROW,23353.15,23231.4,0.920,UPTREND,NEUTRAL,STRONG_RANGE,NO_TRADE,EVENT:US CPI Data | EVENT:DEFINED_RISK_ONLY | EVENT:ONLY_RANGE_ALLOWED,31.55,1,51.81,HIGH,1,0,0,0,0,0,,,,
11:23:36,23344.5,23277.3,23231.4,VERY_NARROW,23353.15,23231.4,0.929,UPTREND,NEUTRAL,STRONG_RANGE,NO_TRADE,EVENT:US CPI Data | EVENT:DEFINED_RISK_ONLY | EVENT:ONLY_RANGE_ALLOWED,31.55,1,51.76,HIGH,1,0,0,0,0,0,,,,
11:23:51,23345.3,23277.3,23231.4,VERY_NARROW,23353.15,23231.4,0.936,UPTREND,NEUTRAL,STRONG_RANGE,NO_TRADE,EVENT:US CPI Data | EVENT:DEFINED_RISK_ONLY | EVENT:ONLY_RANGE_ALLOWED,31.55,1,51.71,HIGH,1,0,0,0,0,0,,,,
11:24:06,23345.75,23277.3,23231.4,VERY_NARROW,23353.15,23231.4,0.939,UPTREND,NEUTRAL,STRONG_RANGE,NO_TRADE,EVENT:US CPI Data | EVENT:DEFINED_RISK_ONLY | EVENT:ONLY_RANGE_ALLOWED,31.55,1,51.66,HIGH,1,0,0,0,0,0,,,,
11:24:21,23350.0,23277.3,23231.4,VERY_NARROW,23353.15,23231.4,0.974,UPTREND,NEUTRAL,STRONG_RANGE,NO_TRADE,EVENT:US CPI Data | EVENT:DEFINED_RISK_ONLY | EVENT:ONLY_RANGE_ALLOWED,31.55,1,51.61,HIGH,1,0,0,0,0,0,,,,
11:24:36,23348.55,23277.3,23231.4,VERY_NARROW,23353.15,23231.4,0.962,UPTREND,NEUTRAL,STRONG_RANGE,NO_TRADE,EVENT:US CPI Data | EVENT:DEFINED_RISK_ONLY | EVENT:ONLY_RANGE_ALLOWED,31.55,1,51.56,HIGH,1,0,0,0,0,0,,,,
11:24:51,23349.55,23277.3,23231.4,VERY_NARROW,23353.15,23231.4,0.970,UPTREND,NEUTRAL,STRONG_RANGE,NO_TRADE,EVENT:US CPI Data | EVENT:DEFINED_RISK_ONLY | EVENT:ONLY_RANGE_ALLOWED,31.55,1,51.51,HIGH,1,0,0,0,0,0,,,,
11:25:06,23349.35,23277.3,23231.4,VERY_NARROW,23353.15,23231.4,0.969,UPTREND,NEUTRAL,STRONG_RANGE,NO_TRADE,EVENT:US CPI Data | EVENT:DEFINED_RISK_ONLY | EVENT:ONLY_RANGE_ALLOWED,34.18,1,51.46,HIGH,1,0,0,0,0,0,,,,
11:25:21,23350.6,23277.3,23231.4,VERY_NARROW,23353.15,23231.4,0.979,UPTREND,NEUTRAL,STRONG_RANGE,NO_TRADE,EVENT:US CPI Data | EVENT:DEFINED_RISK_ONLY | EVENT:ONLY_RANGE_ALLOWED,34.18,1,51.41,HIGH,1,0,0,0,0,0,,,,
11:25:36,23351.65,23277.3,23231.4,VERY_NARROW,23353.15,23231.4,0.988,UPTREND,NEUTRAL,STRONG_RANGE,NO_TRADE,EVENT:US CPI Data | EVENT:DEFINED_RISK_ONLY | EVENT:ONLY_RANGE_ALLOWED,34.18,1,51.36,HIGH,1,0,0,0,0,0,,,,
11:25:51,23351.5,23277.3,23231.4,VERY_NARROW,23353.15,23231.4,0.986,UPTREND,NEUTRAL,STRONG_RANGE,NO_TRADE,EVENT:US CPI Data | EVENT:DEFINED_RISK_ONLY | EVENT:ONLY_RANGE_ALLOWED,34.18,1,51.32,HIGH,1,0,0,0,0,0,,,,
11:26:06,23346.95,23277.3,23231.4,VERY_NARROW,23353.15,23231.4,0.949,UPTREND,NEUTRAL,STRONG_RANGE,NO_TRADE,EVENT:US CPI Data | EVENT:DEFINED_RISK_ONLY | EVENT:ONLY_RANGE_ALLOWED,34.18,1,51.27,HIGH,1,0,0,0,0,0,,,,
11:26:21,23346.2,23277.3,23231.4,VERY_NARROW,23353.15,23231.4,0.943,UPTREND,NEUTRAL,STRONG_RANGE,NO_TRADE,EVENT:US CPI Data | EVENT:DEFINED_RISK_ONLY | EVENT:ONLY_RANGE_ALLOWED,34.18,1,51.22,HIGH,1,0,0,0,0,0,,,,
11:26:36,23343.55,23277.3,23231.4,VERY_NARROW,23353.15,23231.4,0.921,UPTREND,NEUTRAL,STRONG_RANGE,NO_TRADE,EVENT:US CPI Data | EVENT:DEFINED_RISK_ONLY | EVENT:ONLY_RANGE_ALLOWED,34.18,1,51.17,HIGH,1,0,0,0,0,0,,,,
11:26:51,23346.95,23277.3,23231.4,VERY_NARROW,23353.15,23231.4,0.949,UPTREND,NEUTRAL,STRONG_RANGE,NO_TRADE,EVENT:US CPI Data | EVENT:DEFINED_RISK_ONLY | EVENT:ONLY_RANGE_ALLOWED,34.18,1,51.12,HIGH,1,0,0,0,0,0,,,,
11:27:06,23345.2,23277.3,23231.4,VERY_NARROW,23353.15,23231.4,0.935,UPTREND,NEUTRAL,STRONG_RANGE,NO_TRADE,EVENT:US CPI Data | EVENT:DEFINED_RISK_ONLY | EVENT:ONLY_RANGE_ALLOWED,34.18,1,51.07,HIGH,1,0,0,0,0,0,,,,
11:27:21,23344.7,23277.3,23231.4,VERY_NARROW,23353.15,23231.4,0.931,UPTREND,NEUTRAL,STRONG_RANGE,NO_TRADE,EVENT:US CPI Data | EVENT:DEFINED_RISK_ONLY | EVENT:ONLY_RANGE_ALLOWED,34.18,1,51.02,HIGH,1,0,0,0,0,0,,,,
11:27:36,23345.05,23277.3,23231.4,VERY_NARROW,23353.15,23231.4,0.933,UPTREND,NEUTRAL,STRONG_RANGE,NO_TRADE,EVENT:US CPI Data | EVENT:DEFINED_RISK_ONLY | EVENT:ONLY_RANGE_ALLOWED,34.18,1,50.98,HIGH,1,0,0,0,0,0,,,,
11:27:51,23346.55,23277.3,23231.4,VERY_NARROW,23353.15,23231.4,0.946,UPTREND,NEUTRAL,STRONG_RANGE,NO_TRADE,EVENT:US CPI Data | EVENT:DEFINED_RISK_ONLY | EVENT:ONLY_RANGE_ALLOWED,34.18,1,50.93,HIGH,1,0,0,0,0,0,,,,
11:28:06,23346.65,23277.3,23231.4,VERY_NARROW,23353.15,23231.4,0.947,UPTREND,NEUTRAL,STRONG_RANGE,NO_TRADE,EVENT:US CPI Data | EVENT:DEFINED_RISK_ONLY | EVENT:ONLY_RANGE_ALLOWED,34.18,1,50.88,HIGH,1,0,0,0,0,0,,,,
11:28:21,23343.25,23277.3,23231.4,VERY_NARROW,23353.15,23231.4,0.919,UPTREND,NEUTRAL,STRONG_RANGE,NO_TRADE,EVENT:US CPI Data | EVENT:DEFINED_RISK_ONLY | EVENT:ONLY_RANGE_ALLOWED,34.18,1,50.83,HIGH,1,0,0,0,0,0,,,,
11:28:36,23343.5,23277.3,23231.4,VERY_NARROW,23353.15,23231.4,0.921,UPTREND,NEUTRAL,STRONG_RANGE,NO_TRADE,EVENT:US CPI Data | EVENT:DEFINED_RISK_ONLY | EVENT:ONLY_RANGE_ALLOWED,34.18,1,50.78,HIGH,1,0,0,0,0,0,,,,
11:28:51,23342.6,23277.3,23231.4,VERY_NARROW,23353.15,23231.4,0.913,UPTREND,NEUTRAL,STRONG_RANGE,NO_TRADE,EVENT:US CPI Data | EVENT:DEFINED_RISK_ONLY | EVENT:ONLY_RANGE_ALLOWED,34.18,1,50.74,HIGH,1,0,0,0,0,0,,,,
11:29:06,23342.3,23277.3,23231.4,VERY_NARROW,23353.15,23231.4,0.911,UPTREND,NEUTRAL,STRONG_RANGE,NO_TRADE,EVENT:US CPI Data | EVENT:DEFINED_RISK_ONLY | EVENT:ONLY_RANGE_ALLOWED,34.18,1,50.69,HIGH,1,0,0,0,0,0,,,,
11:29:21,23343.05,23277.3,23231.4,VERY_NARROW,23353.15,23231.4,0.917,UPTREND,NEUTRAL,STRONG_RANGE,NO_TRADE,EVENT:US CPI Data | EVENT:DEFINED_RISK_ONLY | EVENT:ONLY_RANGE_ALLOWED,34.18,1,50.64,HIGH,1,0,0,0,0,0,,,,
11:29:36,23339.35,23277.3,23231.4,VERY_NARROW,23353.15,23231.4,0.887,UPTREND,NEUTRAL,STRONG_RANGE,NO_TRADE,EVENT:US CPI Data | EVENT:DEFINED_RISK_ONLY | EVENT:ONLY_RANGE_ALLOWED,34.18,1,50.59,HIGH,1,0,0,0,0,0,,,,
11:29:52,23343.2,23277.3,23231.4,VERY_NARROW,23353.15,23231.4,0.918,UPTREND,STRONG_SELL_PREMIUM,STRONG_RANGE,NO_TRADE,EVENT:US CPI Data | EVENT:DEFINED_RISK_ONLY | EVENT:ONLY_RANGE_ALLOWED,34.18,1,50.55,HIGH,1,0,0,0,0,0,,,,
11:30:06,23340.6,23277.3,23231.4,VERY_NARROW,23353.15,23231.4,0.897,UPTREND,STRONG_SELL_PREMIUM,STRONG_RANGE,NO_TRADE,EVENT:US CPI Data | EVENT:DEFINED_RISK_ONLY | EVENT:ONLY_RANGE_ALLOWED,36.06,1,50.5,HIGH,1,0,0,0,0,0,,,,
11:30:21,23338.35,23277.3,23231.4,VERY_NARROW,23353.15,23231.4,0.878,UPTREND,STRONG_SELL_PREMIUM,STRONG_RANGE,NO_TRADE,EVENT:US CPI Data | EVENT:DEFINED_RISK_ONLY | EVENT:ONLY_RANGE_ALLOWED,36.06,1,50.45,HIGH,1,0,0,0,0,0,,,,
11:30:36,23337.8,23277.3,23231.4,VERY_NARROW,23353.15,23231.4,0.874,UPTREND,STRONG_SELL_PREMIUM,STRONG_RANGE,NO_TRADE,EVENT:US CPI Data | EVENT:DEFINED_RISK_ONLY | EVENT:ONLY_RANGE_ALLOWED,36.06,1,50.41,HIGH,1,0,0,0,0,0,,,,
11:30:52,23338.5,23277.3,23231.4,VERY_NARROW,23353.15,23231.4,0.880,UPTREND,STRONG_SELL_PREMIUM,STRONG_RANGE,NO_TRADE,EVENT:US CPI Data | EVENT:DEFINED_RISK_ONLY | EVENT:ONLY_RANGE_ALLOWED,36.06,1,50.36,HIGH,1,0,0,0,0,0,,,,
11:31:07,23337.25,23277.3,23231.4,VERY_NARROW,23353.15,23231.4,0.869,UPTREND,STRONG_SELL_PREMIUM,STRONG_RANGE,NO_TRADE,EVENT:US CPI Data | EVENT:DEFINED_RISK_ONLY | EVENT:ONLY_RANGE_ALLOWED,35.76,1,50.32,HIGH,1,0,0,0,0,0,,,,
11:31:22,23339.2,23277.3,23231.4,VERY_NARROW,23353.15,23231.4,0.885,UPTREND,STRONG_SELL_PREMIUM,STRONG_RANGE,NO_TRADE,EVENT:US CPI Data | EVENT:DEFINED_RISK_ONLY | EVENT:ONLY_RANGE_ALLOWED,35.76,1,50.27,HIGH,1,0,0,0,0,0,,,,
11:31:37,23339.0,23277.3,23231.4,VERY_NARROW,23353.15,23231.4,0.884,UPTREND,STRONG_SELL_PREMIUM,STRONG_RANGE,NO_TRADE,EVENT:US CPI Data | EVENT:DEFINED_RISK_ONLY | EVENT:ONLY_RANGE_ALLOWED,35.76,1,50.22,HIGH,1,0,0,0,0,0,,,,
11:31:52,23337.2,23277.3,23231.4,VERY_NARROW,23353.15,23231.4,0.869,UPTREND,STRONG_SELL_PREMIUM,STRONG_RANGE,NO_TRADE,EVENT:US CPI Data | EVENT:DEFINED_RISK_ONLY | EVENT:ONLY_RANGE_ALLOWED,35.76,1,50.18,HIGH,1,0,0,0,0,0,,,,
11:32:07,23334.8,23277.3,23231.4,VERY_NARROW,23353.15,23231.4,0.849,UPTREND,STRONG_SELL_PREMIUM,STRONG_RANGE,NO_TRADE,EVENT:US CPI Data | EVENT:DEFINED_RISK_ONLY | EVENT:ONLY_RANGE_ALLOWED,35.55,1,50.13,HIGH,1,0,0,0,0,0,,,,
11:32:22,23337.7,23277.3,23231.4,VERY_NARROW,23353.15,23231.4,0.873,UPTREND,STRONG_SELL_PREMIUM,STRONG_RANGE,NO_TRADE,EVENT:US CPI Data | EVENT:DEFINED_RISK_ONLY | EVENT:ONLY_RANGE_ALLOWED,35.55,1,50.09,HIGH,1,0,0,0,0,0,,,,
11:32:37,23340.75,23277.3,23231.4,VERY_NARROW,23353.15,23231.4,0.898,UPTREND,STRONG_SELL_PREMIUM,STRONG_RANGE,NO_TRADE,EVENT:US CPI Data | EVENT:DEFINED_RISK_ONLY | EVENT:ONLY_RANGE_ALLOWED,35.55,1,50.04,HIGH,1,0,0,0,0,0,,,,
11:32:52,23343.05,23277.3,23231.4,VERY_NARROW,23353.15,23231.4,0.917,UPTREND,STRONG_SELL_PREMIUM,STRONG_RANGE,NO_TRADE,EVENT:US CPI Data | EVENT:DEFINED_RISK_ONLY | EVENT:ONLY_RANGE_ALLOWED,35.55,1,49.99,HIGH,1,0,0,0,0,0,,,,
11:33:07,23344.7,23277.3,23231.4,VERY_NARROW,23353.15,23231.4,0.931,UPTREND,STRONG_SELL_PREMIUM,STRONG_RANGE,NO_TRADE,EVENT:US CPI Data | EVENT:DEFINED_RISK_ONLY | EVENT:ONLY_RANGE_ALLOWED,35.55,1,49.95,HIGH,1,0,0,0,0,0,,,,
11:33:22,23346.25,23277.3,23231.4,VERY_NARROW,23353.15,23231.4,0.943,UPTREND,STRONG_SELL_PREMIUM,STRONG_RANGE,NO_TRADE,EVENT:US CPI Data | EVENT:DEFINED_RISK_ONLY | EVENT:ONLY_RANGE_ALLOWED,35.55,1,49.9,HIGH,1,0,0,0,0,0,,,,
11:33:37,23349.6,23277.3,23231.4,VERY_NARROW,23353.15,23231.4,0.971,UPTREND,NEUTRAL,STRONG_RANGE,NO_TRADE,EVENT:US CPI Data | EVENT:DEFINED_RISK_ONLY | EVENT:ONLY_RANGE_ALLOWED,35.55,1,49.86,HIGH,1,0,0,0,0,0,,,,
11:33:52,23348.45,23277.3,23231.4,VERY_NARROW,23353.15,23231.4,0.961,UPTREND,NEUTRAL,STRONG_RANGE,NO_TRADE,EVENT:US CPI Data | EVENT:DEFINED_RISK_ONLY | EVENT:ONLY_RANGE_ALLOWED,35.55,1,49.81,HIGH,1,0,0,0,0,0,,,,
11:34:07,23348.95,23277.3,23231.4,VERY_NARROW,23353.15,23231.4,0.966,UPTREND,NEUTRAL,STRONG_RANGE,NO_TRADE,EVENT:US CPI Data | EVENT:DEFINED_RISK_ONLY | EVENT:ONLY_RANGE_ALLOWED,35.55,1,49.77,HIGH,1,0,0,0,0,0,,,,
11:34:22,23346.15,23277.3,23231.4,VERY_NARROW,23353.15,23231.4,0.943,UPTREND,NEUTRAL,STRONG_RANGE,NO_TRADE,EVENT:US CPI Data | EVENT:DEFINED_RISK_ONLY | EVENT:ONLY_RANGE_ALLOWED,35.55,1,49.72,HIGH,1,0,0,0,0,0,,,,
11:34:37,23346.65,23277.3,23231.4,VERY_NARROW,23353.15,23231.4,0.947,UPTREND,STRONG_SELL_PREMIUM,STRONG_RANGE,NO_TRADE,EVENT:US CPI Data | EVENT:DEFINED_RISK_ONLY | EVENT:ONLY_RANGE_ALLOWED,35.55,1,49.68,HIGH,1,0,0,0,0,0,,,,
11:34:52,23344.45,23277.3,23231.4,VERY_NARROW,23353.15,23231.4,0.929,UPTREND,STRONG_SELL_PREMIUM,STRONG_RANGE,NO_TRADE,EVENT:US CPI Data | EVENT:DEFINED_RISK_ONLY | EVENT:ONLY_RANGE_ALLOWED,35.55,1,49.63,HIGH,1,0,0,0,0,0,,,,
11:35:07,23345.6,23277.3,23231.4,VERY_NARROW,23353.15,23231.4,0.938,UPTREND,STRONG_SELL_PREMIUM,STRONG_RANGE,NO_TRADE,EVENT:US CPI Data | EVENT:DEFINED_RISK_ONLY | EVENT:ONLY_RANGE_ALLOWED,36.78,1,49.59,HIGH,1,0,0,0,0,0,,,,
11:35:22,23345.3,23277.3,23231.4,VERY_NARROW,23353.15,23231.4,0.936,UPTREND,STRONG_SELL_PREMIUM,STRONG_RANGE,NO_TRADE,EVENT:US CPI Data | EVENT:DEFINED_RISK_ONLY | EVENT:ONLY_RANGE_ALLOWED,36.78,1,49.55,HIGH,1,0,0,0,0,0,,,,
11:35:37,23341.15,23277.3,23231.4,VERY_NARROW,23353.15,23231.4,0.901,UPTREND,STRONG_SELL_PREMIUM,STRONG_RANGE,NO_TRADE,EVENT:US CPI Data | EVENT:DEFINED_RISK_ONLY | EVENT:ONLY_RANGE_ALLOWED,36.78,1,49.5,HIGH,1,0,0,0,0,0,,,,
11:35:52,23340.95,23277.3,23231.4,VERY_NARROW,23353.15,23231.4,0.900,UPTREND,STRONG_SELL_PREMIUM,STRONG_RANGE,NO_TRADE,EVENT:US CPI Data | EVENT:DEFINED_RISK_ONLY | EVENT:ONLY_RANGE_ALLOWED,36.78,1,49.46,HIGH,1,0,0,0,0,0,,,,
11:36:07,23341.55,23277.3,23231.4,VERY_NARROW,23353.15,23231.4,0.905,UPTREND,STRONG_SELL_PREMIUM,STRONG_RANGE,NO_TRADE,EVENT:US CPI Data | EVENT:DEFINED_RISK_ONLY | EVENT:ONLY_RANGE_ALLOWED,36.78,1,49.41,HIGH,1,0,0,0,0,0,,,,
11:36:22,23344.7,23277.3,23231.4,VERY_NARROW,23353.15,23231.4,0.931,UPTREND,STRONG_SELL_PREMIUM,STRONG_RANGE,NO_TRADE,EVENT:US CPI Data | EVENT:DEFINED_RISK_ONLY | EVENT:ONLY_RANGE_ALLOWED,36.78,1,49.37,HIGH,1,0,0,0,0,0,,,,
11:36:37,23343.85,23277.3,23231.4,VERY_NARROW,23353.15,23231.4,0.924,UPTREND,STRONG_SELL_PREMIUM,STRONG_RANGE,NO_TRADE,EVENT:US CPI Data | EVENT:DEFINED_RISK_ONLY | EVENT:ONLY_RANGE_ALLOWED,36.78,1,49.33,HIGH,1,0,0,0,0,0,,,,
11:36:52,23346.9,23277.3,23231.4,VERY_NARROW,23353.15,23231.4,0.949,UPTREND,STRONG_SELL_PREMIUM,STRONG_RANGE,NO_TRADE,EVENT:US CPI Data | EVENT:DEFINED_RISK_ONLY | EVENT:ONLY_RANGE_ALLOWED,36.78,1,49.28,HIGH,1,0,0,0,0,0,,,,
11:37:07,23347.95,23277.3,23231.4,VERY_NARROW,23353.15,23231.4,0.957,UPTREND,STRONG_SELL_PREMIUM,STRONG_RANGE,NO_TRADE,EVENT:US CPI Data | EVENT:DEFINED_RISK_ONLY | EVENT:ONLY_RANGE_ALLOWED,36.78,1,49.24,HIGH,1,0,0,0,0,0,,,,
11:37:22,23348.6,23277.3,23231.4,VERY_NARROW,23353.15,23231.4,0.963,UPTREND,STRONG_SELL_PREMIUM,STRONG_RANGE,NO_TRADE,EVENT:US CPI Data | EVENT:DEFINED_RISK_ONLY | EVENT:ONLY_RANGE_ALLOWED,36.78,1,49.2,HIGH,1,0,0,0,0,0,,,,
11:37:37,23347.8,23277.3,23231.4,VERY_NARROW,23353.15,23231.4,0.956,UPTREND,NEUTRAL,STRONG_RANGE,NO_TRADE,EVENT:US CPI Data | EVENT:DEFINED_RISK_ONLY | EVENT:ONLY_RANGE_ALLOWED,36.78,1,49.15,HIGH,1,0,0,0,0,0,,,,
11:37:52,23348.45,23277.3,23231.4,VERY_NARROW,23353.15,23231.4,0.961,UPTREND,NEUTRAL,STRONG_RANGE,NO_TRADE,EVENT:US CPI Data | EVENT:DEFINED_RISK_ONLY | EVENT:ONLY_RANGE_ALLOWED,36.78,1,49.11,HIGH,1,0,0,0,0,0,,,,
11:38:07,23349.95,23277.3,23231.4,VERY_NARROW,23353.85,23231.4,0.968,UPTREND,NEUTRAL,STRONG_RANGE,NO_TRADE,EVENT:US CPI Data | EVENT:DEFINED_RISK_ONLY | EVENT:ONLY_RANGE_ALLOWED,37.01,1,49.35,HIGH,1,0,0,0,0,0,,,,
11:38:22,23350.35,23277.3,23231.4,VERY_NARROW,23353.85,23231.4,0.971,UPTREND,NEUTRAL,STRONG_RANGE,NO_TRADE,EVENT:US CPI Data | EVENT:DEFINED_RISK_ONLY | EVENT:ONLY_RANGE_ALLOWED,37.01,1,49.31,HIGH,1,0,0,0,0,0,,,,
11:38:37,23350.55,23277.3,23231.4,VERY_NARROW,23353.85,23231.4,0.973,UPTREND,NEUTRAL,STRONG_RANGE,NO_TRADE,EVENT:US CPI Data | EVENT:DEFINED_RISK_ONLY | EVENT:ONLY_RANGE_ALLOWED,37.01,1,49.26,HIGH,1,0,0,0,0,0,,,,
11:38:52,23347.45,23277.3,23231.4,VERY_NARROW,23353.85,23231.4,0.948,UPTREND,NEUTRAL,STRONG_RANGE,NO_TRADE,EVENT:US CPI Data | EVENT:DEFINED_RISK_ONLY | EVENT:ONLY_RANGE_ALLOWED,37.01,1,49.22,HIGH,1,0,0,0,0,0,,,,
11:39:07,23346.7,23277.3,23231.4,VERY_NARROW,23353.85,23231.4,0.942,UPTREND,STRONG_SELL_PREMIUM,STRONG_RANGE,NO_TRADE,EVENT:US CPI Data | EVENT:DEFINED_RISK_ONLY | EVENT:ONLY_RANGE_ALLOWED,37.01,1,49.18,HIGH,1,0,0,0,0,0,,,,
11:39:22,23344.0,23277.3,23231.4,VERY_NARROW,23353.85,23231.4,0.920,UPTREND,STRONG_SELL_PREMIUM,STRONG_RANGE,NO_TRADE,EVENT:US CPI Data | EVENT:DEFINED_RISK_ONLY | EVENT:ONLY_RANGE_ALLOWED,37.01,1,49.14,HIGH,1,0,0,0,0,0,,,,
11:39:37,23343.55,23277.3,23231.4,VERY_NARROW,23353.85,23231.4,0.916,UPTREND,STRONG_SELL_PREMIUM,STRONG_RANGE,NO_TRADE,EVENT:US CPI Data | EVENT:DEFINED_RISK_ONLY | EVENT:ONLY_RANGE_ALLOWED,37.01,1,49.09,HIGH,1,0,0,0,0,0,,,,
11:39:52,23342.75,23277.3,23231.4,VERY_NARROW,23353.85,23231.4,0.909,UPTREND,STRONG_SELL_PREMIUM,STRONG_RANGE,NO_TRADE,EVENT:US CPI Data | EVENT:DEFINED_RISK_ONLY | EVENT:ONLY_RANGE_ALLOWED,37.01,1,49.05,HIGH,1,0,0,0,0,0,,,,
11:40:07,23344.35,23277.3,23231.4,VERY_NARROW,23353.85,23231.4,0.922,UPTREND,STRONG_SELL_PREMIUM,STRONG_RANGE,NO_TRADE,EVENT:US CPI Data | EVENT:DEFINED_RISK_ONLY | EVENT:ONLY_RANGE_ALLOWED,38.32,1,49.01,HIGH,1,0,0,0,0,0,,,,
11:40:22,23348.25,23277.3,23231.4,VERY_NARROW,23353.85,23231.4,0.954,UPTREND,STRONG_SELL_PREMIUM,STRONG_RANGE,NO_TRADE,EVENT:US CPI Data | EVENT:DEFINED_RISK_ONLY | EVENT:ONLY_RANGE_ALLOWED,38.32,1,48.97,HIGH,1,0,0,0,0,0,,,,
11:40:37,23349.25,23277.3,23231.4,VERY_NARROW,23353.85,23231.4,0.962,UPTREND,STRONG_SELL_PREMIUM,STRONG_RANGE,NO_TRADE,EVENT:US CPI Data | EVENT:DEFINED_RISK_ONLY | EVENT:ONLY_RANGE_ALLOWED,38.32,1,48.92,HIGH,1,0,0,0,0,0,,,,
11:40:52,23348.95,23277.3,23231.4,VERY_NARROW,23353.85,23231.4,0.960,UPTREND,STRONG_SELL_PREMIUM,STRONG_RANGE,NO_TRADE,EVENT:US CPI Data | EVENT:DEFINED_RISK_ONLY | EVENT:ONLY_RANGE_ALLOWED,38.32,1,48.88,HIGH,1,0,0,0,0,0,,,,
11:41:07,23349.85,23277.3,23231.4,VERY_NARROW,23356.4,23231.4,0.948,UPTREND,STRONG_SELL_PREMIUM,STRONG_RANGE,NO_TRADE,EVENT:US CPI Data | EVENT:DEFINED_RISK_ONLY | EVENT:ONLY_RANGE_ALLOWED,38.48,1,49.86,HIGH,1,0,0,0,0,0,,,,
11:41:22,23352.35,23277.3,23231.4,VERY_NARROW,23356.4,23231.4,0.968,UPTREND,NEUTRAL,STRONG_RANGE,NO_TRADE,EVENT:US CPI Data | EVENT:DEFINED_RISK_ONLY | EVENT:ONLY_RANGE_ALLOWED,38.48,1,49.81,HIGH,1,0,0,0,0,0,,,,
11:41:37,23353.75,23277.3,23231.4,VERY_NARROW,23356.4,23231.4,0.979,UPTREND,NEUTRAL,STRONG_RANGE,NO_TRADE,EVENT:US CPI Data | EVENT:DEFINED_RISK_ONLY | EVENT:ONLY_RANGE_ALLOWED,38.48,1,49.77,HIGH,1,0,0,0,0,0,,,,
11:41:52,23354.05,23277.3,23231.4,VERY_NARROW,23356.4,23231.4,0.981,UPTREND,NEUTRAL,STRONG_RANGE,NO_TRADE,EVENT:US CPI Data | EVENT:DEFINED_RISK_ONLY | EVENT:ONLY_RANGE_ALLOWED,38.48,1,49.73,HIGH,1,0,0,0,0,0,,,,
11:42:07,23349.1,23277.3,23231.4,VERY_NARROW,23356.4,23231.4,0.942,UPTREND,NEUTRAL,STRONG_RANGE,NO_TRADE,EVENT:US CPI Data | EVENT:DEFINED_RISK_ONLY | EVENT:ONLY_RANGE_ALLOWED,38.48,1,49.69,HIGH,1,0,0,0,0,0,,,,
11:42:22,23349.35,23277.3,23231.4,VERY_NARROW,23356.4,23231.4,0.944,UPTREND,STRONG_SELL_PREMIUM,STRONG_RANGE,NO_TRADE,EVENT:US CPI Data | EVENT:DEFINED_RISK_ONLY | EVENT:ONLY_RANGE_ALLOWED,38.48,1,49.65,HIGH,1,0,0,0,0,0,,,,
11:42:37,23350.1,23277.3,23231.4,VERY_NARROW,23356.4,23231.4,0.950,UPTREND,NEUTRAL,STRONG_RANGE,NO_TRADE,EVENT:US CPI Data | EVENT:DEFINED_RISK_ONLY | EVENT:ONLY_RANGE_ALLOWED,38.48,1,49.6,HIGH,1,0,0,0,0,0,,,,
11:42:52,23348.35,23277.3,23231.4,VERY_NARROW,23356.4,23231.4,0.936,UPTREND,STRONG_SELL_PREMIUM,STRONG_RANGE,NO_TRADE,EVENT:US CPI Data | EVENT:DEFINED_RISK_ONLY | EVENT:ONLY_RANGE_ALLOWED,38.48,1,49.56,HIGH,1,0,0,0,0,0,,,,
11:43:07,23347.7,23277.3,23231.4,VERY_NARROW,23356.4,23231.4,0.930,UPTREND,NEUTRAL,STRONG_RANGE,NO_TRADE,EVENT:US CPI Data | EVENT:DEFINED_RISK_ONLY | EVENT:ONLY_RANGE_ALLOWED,38.48,1,49.52,HIGH,1,0,0,0,0,0,,,,
11:43:22,23347.9,23277.3,23231.4,VERY_NARROW,23356.4,23231.4,0.932,UPTREND,NEUTRAL,STRONG_RANGE,NO_TRADE,EVENT:US CPI Data | EVENT:DEFINED_RISK_ONLY | EVENT:ONLY_RANGE_ALLOWED,38.48,1,49.48,HIGH,1,0,0,0,0,0,,,,
11:43:37,23349.2,23277.3,23231.4,VERY_NARROW,23356.4,23231.4,0.942,UPTREND,NEUTRAL,STRONG_RANGE,NO_TRADE,EVENT:US CPI Data | EVENT:DEFINED_RISK_ONLY | EVENT:ONLY_RANGE_ALLOWED,38.48,1,49.44,HIGH,1,0,0,0,0,0,,,,
11:43:53,23350.9,23277.3,23231.4,VERY_NARROW,23356.4,23231.4,0.956,UPTREND,NEUTRAL,STRONG_RANGE,NO_TRADE,EVENT:US CPI Data | EVENT:DEFINED_RISK_ONLY | EVENT:ONLY_RANGE_ALLOWED,38.48,1,49.39,HIGH,1,0,0,0,0,0,,,,
11:44:07,23351.65,23277.3,23231.4,VERY_NARROW,23358.1,23231.4,0.949,UPTREND,NEUTRAL,STRONG_RANGE,NO_TRADE,EVENT:US CPI Data | EVENT:DEFINED_RISK_ONLY | EVENT:ONLY_RANGE_ALLOWED,38.58,1,50.02,HIGH,1,0,0,0,0,0,,,,
11:44:23,23356.65,23277.3,23231.4,VERY_NARROW,23358.1,23231.4,0.989,UPTREND,NEUTRAL,STRONG_RANGE,NO_TRADE,EVENT:US CPI Data | EVENT:DEFINED_RISK_ONLY | EVENT:ONLY_RANGE_ALLOWED,38.58,1,49.98,HIGH,1,0,0,0,0,0,,,,
11:44:37,23353.25,23277.3,23231.4,VERY_NARROW,23358.1,23231.4,0.962,UPTREND,NEUTRAL,STRONG_RANGE,NO_TRADE,EVENT:US CPI Data | EVENT:DEFINED_RISK_ONLY | EVENT:ONLY_RANGE_ALLOWED,38.58,1,49.94,HIGH,1,0,0,0,0,0,,,,
11:44:53,23355.65,23277.3,23231.4,VERY_NARROW,23358.1,23231.4,0.981,UPTREND,NEUTRAL,STRONG_RANGE,NO_TRADE,EVENT:US CPI Data | EVENT:DEFINED_RISK_ONLY | EVENT:ONLY_RANGE_ALLOWED,38.58,1,49.9,HIGH,1,0,0,0,0,0,,,,
11:45:08,23356.85,23277.3,23231.4,VERY_NARROW,23360.85,23231.4,0.969,UPTREND,NEUTRAL,STRONG_RANGE,NO_TRADE,EVENT:US CPI Data | EVENT:DEFINED_RISK_ONLY | EVENT:ONLY_RANGE_ALLOWED,40.17,1,50.94,HIGH,1,0,0,0,0,0,,,,
11:45:23,23359.2,23277.3,23231.4,VERY_NARROW,23360.85,23231.4,0.987,UPTREND,NEUTRAL,STRONG_RANGE,NO_TRADE,EVENT:US CPI Data | EVENT:DEFINED_RISK_ONLY | EVENT:ONLY_RANGE_ALLOWED,40.17,1,50.9,HIGH,1,0,0,0,0,0,,,,
11:45:38,23351.15,23277.3,23231.4,VERY_NARROW,23360.85,23231.4,0.925,UPTREND,STRONG_SELL_PREMIUM,STRONG_RANGE,NO_TRADE,EVENT:US CPI Data | EVENT:DEFINED_RISK_ONLY | EVENT:ONLY_RANGE_ALLOWED,40.17,1,50.85,HIGH,1,0,0,0,0,0,,,,
11:45:53,23349.85,23277.3,23231.4,VERY_NARROW,23360.85,23231.4,0.915,UPTREND,STRONG_SELL_PREMIUM,STRONG_RANGE,NO_TRADE,EVENT:US CPI Data | EVENT:DEFINED_RISK_ONLY | EVENT:ONLY_RANGE_ALLOWED,40.17,1,50.81,HIGH,1,0,0,0,0,0,,,,
11:46:08,23355.05,23277.3,23231.4,VERY_NARROW,23360.85,23231.4,0.955,UPTREND,STRONG_SELL_PREMIUM,STRONG_RANGE,NO_TRADE,EVENT:US CPI Data | EVENT:DEFINED_RISK_ONLY | EVENT:ONLY_RANGE_ALLOWED,40.17,1,50.77,HIGH,1,0,0,0,0,0,,,,
11:46:23,23357.8,23277.3,23231.4,VERY_NARROW,23360.85,23231.4,0.976,UPTREND,STRONG_SELL_PREMIUM,STRONG_RANGE,NO_TRADE,EVENT:US CPI Data | EVENT:DEFINED_RISK_ONLY | EVENT:ONLY_RANGE_ALLOWED,40.17,1,50.73,HIGH,1,0,0,0,0,0,,,,
11:46:38,23357.1,23277.3,23231.4,VERY_NARROW,23360.85,23231.4,0.971,UPTREND,STRONG_SELL_PREMIUM,STRONG_RANGE,NO_TRADE,EVENT:US CPI Data | EVENT:DEFINED_RISK_ONLY | EVENT:ONLY_RANGE_ALLOWED,40.17,1,50.69,HIGH,1,0,0,0,0,0,,,,
11:46:53,23357.0,23277.3,23231.4,VERY_NARROW,23360.85,23231.4,0.970,UPTREND,NEUTRAL,STRONG_RANGE,NO_TRADE,EVENT:US CPI Data | EVENT:DEFINED_RISK_ONLY | EVENT:ONLY_RANGE_ALLOWED,40.17,1,50.64,HIGH,1,0,0,0,0,0,,,,
11:47:08,23356.5,23277.3,23231.4,VERY_NARROW,23360.85,23231.4,0.966,UPTREND,STRONG_SELL_PREMIUM,STRONG_RANGE,NO_TRADE,EVENT:US CPI Data | EVENT:DEFINED_RISK_ONLY | EVENT:ONLY_RANGE_ALLOWED,40.17,1,50.6,HIGH,1,0,0,0,0,0,,,,
11:47:23,23357.2,23277.3,23231.4,VERY_NARROW,23360.85,23231.4,0.972,UPTREND,STRONG_SELL_PREMIUM,STRONG_RANGE,NO_TRADE,EVENT:US CPI Data | EVENT:DEFINED_RISK_ONLY | EVENT:ONLY_RANGE_ALLOWED,40.17,1,50.56,HIGH,1,0,0,0,0,0,,,,
11:47:38,23356.7,23277.3,23231.4,VERY_NARROW,23360.85,23231.4,0.968,UPTREND,STRONG_SELL_PREMIUM,STRONG_RANGE,NO_TRADE,EVENT:US CPI Data | EVENT:DEFINED_RISK_ONLY | EVENT:ONLY_RANGE_ALLOWED,40.17,1,50.52,HIGH,1,0,0,0,0,0,,,,
11:47:53,23356.0,23277.3,23231.4,VERY_NARROW,23360.85,23231.4,0.963,UPTREND,STRONG_SELL_PREMIUM,STRONG_RANGE,NO_TRADE,EVENT:US CPI Data | EVENT:DEFINED_RISK_ONLY | EVENT:ONLY_RANGE_ALLOWED,40.17,1,50.48,HIGH,1,0,0,0,0,0,,,,
11:48:08,23353.45,23277.3,23231.4,VERY_NARROW,23360.85,23231.4,0.943,UPTREND,STRONG_SELL_PREMIUM,STRONG_RANGE,NO_TRADE,EVENT:US CPI Data | EVENT:DEFINED_RISK_ONLY | EVENT:ONLY_RANGE_ALLOWED,40.17,1,50.44,HIGH,1,0,0,0,0,0,,,,
11:48:23,23350.7,23277.3,23231.4,VERY_NARROW,23360.85,23231.4,0.922,UPTREND,STRONG_SELL_PREMIUM,STRONG_RANGE,NO_TRADE,EVENT:US CPI Data | EVENT:DEFINED_RISK_ONLY | EVENT:ONLY_RANGE_ALLOWED,40.17,1,50.4,HIGH,1,0,0,0,0,0,,,,
11:48:38,23349.7,23277.3,23231.4,VERY_NARROW,23360.85,23231.4,0.914,UPTREND,STRONG_SELL_PREMIUM,STRONG_RANGE,NO_TRADE,EVENT:US CPI Data | EVENT:DEFINED_RISK_ONLY | EVENT:ONLY_RANGE_ALLOWED,40.17,1,50.35,HIGH,1,0,0,0,0,0,,,,
11:48:53,23344.6,23277.3,23231.4,VERY_NARROW,23360.85,23231.4,0.874,UPTREND,STRONG_SELL_PREMIUM,STRONG_RANGE,NO_TRADE,EVENT:US CPI Data | EVENT:DEFINED_RISK_ONLY | EVENT:ONLY_RANGE_ALLOWED,40.17,1,50.31,HIGH,1,0,0,0,0,0,,,,
11:49:08,23342.9,23277.3,23231.4,VERY_NARROW,23360.85,23231.4,0.861,UPTREND,STRONG_SELL_PREMIUM,STRONG_RANGE,NO_TRADE,EVENT:US CPI Data | EVENT:DEFINED_RISK_ONLY | EVENT:ONLY_RANGE_ALLOWED,39.24,1,50.27,HIGH,1,0,0,0,0,0,,,,
11:49:23,23341.65,23277.3,23231.4,VERY_NARROW,23360.85,23231.4,0.852,UPTREND,STRONG_SELL_PREMIUM,STRONG_RANGE,NO_TRADE,EVENT:US CPI Data | EVENT:DEFINED_RISK_ONLY | EVENT:ONLY_RANGE_ALLOWED,39.24,1,50.23,HIGH,1,0,0,0,0,0,,,,
11:49:38,23341.0,23277.3,23231.4,VERY_NARROW,23360.85,23231.4,0.847,UPTREND,STRONG_SELL_PREMIUM,STRONG_RANGE,NO_TRADE,EVENT:US CPI Data | EVENT:DEFINED_RISK_ONLY | EVENT:ONLY_RANGE_ALLOWED,39.24,1,50.19,HIGH,1,0,0,0,0,0,,,,
11:49:53,23341.35,23277.3,23231.4,VERY_NARROW,23360.85,23231.4,0.849,UPTREND,STRONG_SELL_PREMIUM,STRONG_RANGE,NO_TRADE,EVENT:US CPI Data | EVENT:DEFINED_RISK_ONLY | EVENT:ONLY_RANGE_ALLOWED,39.24,1,50.15,HIGH,1,0,0,0,0,0,,,,
11:50:08,23342.25,23277.3,23231.4,VERY_NARROW,23360.85,23231.4,0.856,UPTREND,STRONG_SELL_PREMIUM,STRONG_RANGE,NO_TRADE,EVENT:US CPI Data | EVENT:DEFINED_RISK_ONLY | EVENT:ONLY_RANGE_ALLOWED,39.83,1,50.11,HIGH,1,0,0,0,0,0,,,,
11:50:23,23341.3,23277.3,23231.4,VERY_NARROW,23360.85,23231.4,0.849,UPTREND,STRONG_SELL_PREMIUM,STRONG_RANGE,NO_TRADE,EVENT:US CPI Data | EVENT:DEFINED_RISK_ONLY | EVENT:ONLY_RANGE_ALLOWED,39.83,1,50.07,HIGH,1,0,0,0,0,0,,,,
11:50:38,23341.8,23277.3,23231.4,VERY_NARROW,23360.85,23231.4,0.853,UPTREND,STRONG_SELL_PREMIUM,STRONG_RANGE,NO_TRADE,EVENT:US CPI Data | EVENT:DEFINED_RISK_ONLY | EVENT:ONLY_RANGE_ALLOWED,39.83,1,50.03,HIGH,1,0,0,0,0,0,,,,
11:50:54,23343.6,23277.3,23231.4,VERY_NARROW,23360.85,23231.4,0.867,UPTREND,STRONG_SELL_PREMIUM,STRONG_RANGE,NO_TRADE,EVENT:US CPI Data | EVENT:DEFINED_RISK_ONLY | EVENT:ONLY_RANGE_ALLOWED,39.83,1,49.99,HIGH,1,0,0,0,0,0,,,,
11:51:08,23342.55,23277.3,23231.4,VERY_NARROW,23360.85,23231.4,0.859,UPTREND,STRONG_SELL_PREMIUM,STRONG_RANGE,NO_TRADE,EVENT:US CPI Data | EVENT:DEFINED_RISK_ONLY | EVENT:ONLY_RANGE_ALLOWED,39.83,1,49.95,HIGH,1,0,0,0,0,0,,,,
11:51:24,23343.6,23277.3,23231.4,VERY_NARROW,23360.85,23231.4,0.867,UPTREND,STRONG_SELL_PREMIUM,STRONG_RANGE,NO_TRADE,EVENT:US CPI Data | EVENT:DEFINED_RISK_ONLY | EVENT:ONLY_RANGE_ALLOWED,39.83,1,49.91,HIGH,1,0,0,0,0,0,,,,
11:51:38,23344.4,23277.3,23231.4,VERY_NARROW,23360.85,23231.4,0.873,UPTREND,STRONG_SELL_PREMIUM,STRONG_RANGE,NO_TRADE,EVENT:US CPI Data | EVENT:DEFINED_RISK_ONLY | EVENT:ONLY_RANGE_ALLOWED,39.83,1,49.87,HIGH,1,0,0,0,0,0,,,,
11:51:53,23345.1,23277.3,23231.4,VERY_NARROW,23360.85,23231.4,0.878,UPTREND,STRONG_SELL_PREMIUM,STRONG_RANGE,NO_TRADE,EVENT:US CPI Data | EVENT:DEFINED_RISK_ONLY | EVENT:ONLY_RANGE_ALLOWED,39.83,1,49.83,HIGH,1,0,0,0,0,0,,,,
11:52:08,23342.3,23277.3,23231.4,VERY_NARROW,23360.85,23231.4,0.857,UPTREND,STRONG_SELL_PREMIUM,STRONG_RANGE,NO_TRADE,EVENT:US CPI Data | EVENT:DEFINED_RISK_ONLY | EVENT:ONLY_RANGE_ALLOWED,38.94,1,49.79,HIGH,1,0,0,0,0,0,,,,
11:52:24,23339.9,23277.3,23231.4,VERY_NARROW,23360.85,23231.4,0.838,UPTREND,STRONG_SELL_PREMIUM,STRONG_RANGE,NO_TRADE,EVENT:US CPI Data | EVENT:DEFINED_RISK_ONLY | EVENT:ONLY_RANGE_ALLOWED,38.94,1,49.75,HIGH,1,0,0,0,0,0,,,,
11:52:39,23338.95,23277.3,23231.4,VERY_NARROW,23360.85,23231.4,0.831,UPTREND,STRONG_SELL_PREMIUM,STRONG_RANGE,NO_TRADE,EVENT:US CPI Data | EVENT:DEFINED_RISK_ONLY | EVENT:ONLY_RANGE_ALLOWED,38.94,1,49.71,HIGH,1,0,0,0,0,0,,,,
11:52:54,23337.25,23277.3,23231.4,VERY_NARROW,23360.85,23231.4,0.818,UPTREND,STRONG_SELL_PREMIUM,STRONG_RANGE,NO_TRADE,EVENT:US CPI Data | EVENT:DEFINED_RISK_ONLY | EVENT:ONLY_RANGE_ALLOWED,38.94,1,49.67,HIGH,1,0,0,0,0,0,,,,
11:53:09,23337.55,23277.3,23231.4,VERY_NARROW,23360.85,23231.4,0.820,UPTREND,STRONG_SELL_PREMIUM,STRONG_RANGE,NO_TRADE,EVENT:US CPI Data | EVENT:DEFINED_RISK_ONLY | EVENT:ONLY_RANGE_ALLOWED,38.86,1,49.63,HIGH,1,0,0,0,0,0,,,,
11:53:24,23338.0,23277.3,23231.4,VERY_NARROW,23360.85,23231.4,0.823,UPTREND,STRONG_SELL_PREMIUM,STRONG_RANGE,NO_TRADE,EVENT:US CPI Data | EVENT:DEFINED_RISK_ONLY | EVENT:ONLY_RANGE_ALLOWED,38.86,1,49.59,HIGH,1,0,0,0,0,0,,,,
11:53:39,23335.75,23277.3,23231.4,VERY_NARROW,23360.85,23231.4,0.806,UPTREND,STRONG_SELL_PREMIUM,STRONG_RANGE,NO_TRADE,EVENT:US CPI Data | EVENT:DEFINED_RISK_ONLY | EVENT:ONLY_RANGE_ALLOWED,38.86,1,49.55,HIGH,1,0,0,0,0,0,,,,
11:53:54,23336.15,23277.3,23231.4,VERY_NARROW,23360.85,23231.4,0.809,UPTREND,STRONG_SELL_PREMIUM,STRONG_RANGE,NO_TRADE,EVENT:US CPI Data | EVENT:DEFINED_RISK_ONLY | EVENT:ONLY_RANGE_ALLOWED,38.86,1,49.51,HIGH,1,0,0,0,0,0,,,,
11:54:09,23341.4,23277.3,23231.4,VERY_NARROW,23360.85,23231.4,0.850,UPTREND,STRONG_SELL_PREMIUM,STRONG_RANGE,NO_TRADE,EVENT:US CPI Data | EVENT:DEFINED_RISK_ONLY | EVENT:ONLY_RANGE_ALLOWED,38.86,1,49.47,HIGH,1,0,0,0,0,0,,,,
11:54:24,23340.35,23277.3,23231.4,VERY_NARROW,23360.85,23231.4,0.842,UPTREND,STRONG_SELL_PREMIUM,STRONG_RANGE,NO_TRADE,EVENT:US CPI Data | EVENT:DEFINED_RISK_ONLY | EVENT:ONLY_RANGE_ALLOWED,38.86,1,49.44,HIGH,1,0,0,0,0,0,,,,
11:54:39,23342.15,23277.3,23231.4,VERY_NARROW,23360.85,23231.4,0.856,UPTREND,STRONG_SELL_PREMIUM,STRONG_RANGE,NO_TRADE,EVENT:US CPI Data | EVENT:DEFINED_RISK_ONLY | EVENT:ONLY_RANGE_ALLOWED,38.86,1,49.4,HIGH,1,0,0,0,0,0,,,,
11:54:54,23344.3,23277.3,23231.4,VERY_NARROW,23360.85,23231.4,0.872,UPTREND,STRONG_SELL_PREMIUM,STRONG_RANGE,NO_TRADE,EVENT:US CPI Data | EVENT:DEFINED_RISK_ONLY | EVENT:ONLY_RANGE_ALLOWED,38.86,1,49.36,HIGH,1,0,0,0,0,0,,,,
11:55:09,23344.6,23277.3,23231.4,VERY_NARROW,23360.85,23231.4,0.874,UPTREND,STRONG_SELL_PREMIUM,STRONG_RANGE,NO_TRADE,EVENT:US CPI Data | EVENT:DEFINED_RISK_ONLY | EVENT:ONLY_RANGE_ALLOWED,38.53,1,49.32,HIGH,1,0,0,0,0,0,,,,
11:55:24,23344.5,23277.3,23231.4,VERY_NARROW,23360.85,23231.4,0.874,UPTREND,STRONG_SELL_PREMIUM,STRONG_RANGE,NO_TRADE,EVENT:US CPI Data | EVENT:DEFINED_RISK_ONLY | EVENT:ONLY_RANGE_ALLOWED,38.53,1,49.28,HIGH,1,0,0,0,0,0,,,,
11:55:39,23344.4,23277.3,23231.4,VERY_NARROW,23360.85,23231.4,0.873,UPTREND,STRONG_SELL_PREMIUM,STRONG_RANGE,NO_TRADE,EVENT:US CPI Data | EVENT:DEFINED_RISK_ONLY | EVENT:ONLY_RANGE_ALLOWED,38.53,1,49.24,HIGH,1,0,0,0,0,0,,,,
11:55:54,23346.2,23277.3,23231.4,VERY_NARROW,23360.85,23231.4,0.887,UPTREND,STRONG_SELL_PREMIUM,STRONG_RANGE,NO_TRADE,EVENT:US CPI Data | EVENT:DEFINED_RISK_ONLY | EVENT:ONLY_RANGE_ALLOWED,38.53,1,49.2,HIGH,1,0,0,0,0,0,,,,
11:56:09,23346.3,23277.3,23231.4,VERY_NARROW,23360.85,23231.4,0.888,UPTREND,STRONG_SELL_PREMIUM,STRONG_RANGE,NO_TRADE,EVENT:US CPI Data | EVENT:DEFINED_RISK_ONLY | EVENT:ONLY_RANGE_ALLOWED,38.75,1,49.17,HIGH,1,0,0,0,0,0,,,,
11:56:24,23349.1,23277.3,23231.4,VERY_NARROW,23360.85,23231.4,0.909,UPTREND,STRONG_SELL_PREMIUM,STRONG_RANGE,NO_TRADE,EVENT:US CPI Data | EVENT:DEFINED_RISK_ONLY | EVENT:ONLY_RANGE_ALLOWED,38.75,1,49.13,HIGH,1,0,0,0,0,0,,,,
11:56:39,23347.75,23277.3,23231.4,VERY_NARROW,23360.85,23231.4,0.899,UPTREND,STRONG_SELL_PREMIUM,STRONG_RANGE,NO_TRADE,EVENT:US CPI Data | EVENT:DEFINED_RISK_ONLY | EVENT:ONLY_RANGE_ALLOWED,38.75,1,49.09,HIGH,1,0,0,0,0,0,,,,
11:56:54,23348.95,23277.3,23231.4,VERY_NARROW,23360.85,23231.4,0.908,UPTREND,STRONG_SELL_PREMIUM,STRONG_RANGE,NO_TRADE,EVENT:US CPI Data | EVENT:DEFINED_RISK_ONLY | EVENT:ONLY_RANGE_ALLOWED,38.75,1,49.05,HIGH,1,0,0,0,0,0,,,,
11:57:09,23349.2,23277.3,23231.4,VERY_NARROW,23360.85,23231.4,0.910,UPTREND,STRONG_SELL_PREMIUM,STRONG_RANGE,NO_TRADE,EVENT:US CPI Data | EVENT:DEFINED_RISK_ONLY | EVENT:ONLY_RANGE_ALLOWED,38.8,1,49.01,HIGH,1,0,0,0,0,0,,,,
11:57:24,23344.6,23277.3,23231.4,VERY_NARROW,23360.85,23231.4,0.874,UPTREND,STRONG_SELL_PREMIUM,STRONG_RANGE,NO_TRADE,EVENT:US CPI Data | EVENT:DEFINED_RISK_ONLY | EVENT:ONLY_RANGE_ALLOWED,38.8,1,48.98,HIGH,1,0,0,0,0,0,,,,
11:57:39,23344.0,23277.3,23231.4,VERY_NARROW,23360.85,23231.4,0.870,UPTREND,STRONG_SELL_PREMIUM,STRONG_RANGE,NO_TRADE,EVENT:US CPI Data | EVENT:DEFINED_RISK_ONLY | EVENT:ONLY_RANGE_ALLOWED,38.8,1,48.94,HIGH,1,0,0,0,0,0,,,,
11:57:54,23342.95,23277.3,23231.4,VERY_NARROW,23360.85,23231.4,0.862,UPTREND,STRONG_SELL_PREMIUM,STRONG_RANGE,NO_TRADE,EVENT:US CPI Data | EVENT:DEFINED_RISK_ONLY | EVENT:ONLY_RANGE_ALLOWED,38.8,1,48.9,HIGH,1,0,0,0,0,0,,,,
11:58:09,23342.75,23277.3,23231.4,VERY_NARROW,23360.85,23231.4,0.860,UPTREND,STRONG_SELL_PREMIUM,STRONG_RANGE,NO_TRADE,EVENT:US CPI Data | EVENT:DEFINED_RISK_ONLY | EVENT:ONLY_RANGE_ALLOWED,38.8,1,48.86,HIGH,1,0,0,0,0,0,,,,
11:58:24,23345.45,23277.3,23231.4,VERY_NARROW,23360.85,23231.4,0.881,UPTREND,STRONG_SELL_PREMIUM,STRONG_RANGE,NO_TRADE,EVENT:US CPI Data | EVENT:DEFINED_RISK_ONLY | EVENT:ONLY_RANGE_ALLOWED,38.8,1,48.83,HIGH,1,0,0,0,0,0,,,,
11:58:39,23344.7,23277.3,23231.4,VERY_NARROW,23360.85,23231.4,0.875,UPTREND,STRONG_SELL_PREMIUM,STRONG_RANGE,NO_TRADE,EVENT:US CPI Data | EVENT:DEFINED_RISK_ONLY | EVENT:ONLY_RANGE_ALLOWED,38.8,1,48.79,HIGH,1,0,0,0,0,0,,,,
11:58:54,23345.2,23277.3,23231.4,VERY_NARROW,23360.85,23231.4,0.879,UPTREND,STRONG_SELL_PREMIUM,STRONG_RANGE,NO_TRADE,EVENT:US CPI Data | EVENT:DEFINED_RISK_ONLY | EVENT:ONLY_RANGE_ALLOWED,38.8,1,48.75,HIGH,1,0,0,0,0,0,,,,
11:59:09,23347.75,23277.3,23231.4,VERY_NARROW,23360.85,23231.4,0.899,UPTREND,STRONG_SELL_PREMIUM,STRONG_RANGE,NO_TRADE,EVENT:US CPI Data | EVENT:DEFINED_RISK_ONLY | EVENT:ONLY_RANGE_ALLOWED,39.06,1,48.71,HIGH,1,0,0,0,0,0,,,,
11:59:24,23348.05,23277.3,23231.4,VERY_NARROW,23360.85,23231.4,0.901,UPTREND,STRONG_SELL_PREMIUM,STRONG_RANGE,NO_TRADE,EVENT:US CPI Data | EVENT:DEFINED_RISK_ONLY | EVENT:ONLY_RANGE_ALLOWED,39.06,1,48.68,HIGH,1,0,0,0,0,0,,,,
11:59:39,23352.3,23277.3,23231.4,VERY_NARROW,23360.85,23231.4,0.934,UPTREND,STRONG_SELL_PREMIUM,STRONG_RANGE,NO_TRADE,EVENT:US CPI Data | EVENT:DEFINED_RISK_ONLY | EVENT:ONLY_RANGE_ALLOWED,39.06,1,48.64,HIGH,1,0,0,0,0,0,,,,
11:59:54,23353.0,23277.3,23231.4,VERY_NARROW,23360.85,23231.4,0.939,UPTREND,STRONG_SELL_PREMIUM,STRONG_RANGE,NO_TRADE,EVENT:US CPI Data | EVENT:DEFINED_RISK_ONLY | EVENT:ONLY_RANGE_ALLOWED,39.06,1,48.6,HIGH,1,0,0,0,0,0,,,,
12:00:09,23352.15,23277.3,23231.4,VERY_NARROW,23360.85,23231.4,0.933,UPTREND,STRONG_SELL_PREMIUM,STRONG_RANGE,NO_TRADE,EVENT:US CPI Data | EVENT:DEFINED_RISK_ONLY | EVENT:ONLY_RANGE_ALLOWED,39.35,1,48.57,HIGH,1,0,0,0,0,0,,,,
12:00:24,23352.7,23277.3,23231.4,VERY_NARROW,23360.85,23231.4,0.937,UPTREND,STRONG_SELL_PREMIUM,STRONG_RANGE,NO_TRADE,EVENT:US CPI Data | EVENT:DEFINED_RISK_ONLY | EVENT:ONLY_RANGE_ALLOWED,39.35,1,48.53,HIGH,1,0,0,0,0,0,,,,
12:00:39,23351.6,23277.3,23231.4,VERY_NARROW,23360.85,23231.4,0.929,UPTREND,STRONG_SELL_PREMIUM,STRONG_RANGE,NO_TRADE,EVENT:US CPI Data | EVENT:DEFINED_RISK_ONLY | EVENT:ONLY_RANGE_ALLOWED,39.35,1,48.49,HIGH,1,0,0,0,0,0,,,,
12:00:54,23352.85,23277.3,23231.4,VERY_NARROW,23360.85,23231.4,0.938,UPTREND,STRONG_SELL_PREMIUM,STRONG_RANGE,NO_TRADE,EVENT:US CPI Data | EVENT:DEFINED_RISK_ONLY | EVENT:ONLY_RANGE_ALLOWED,39.35,1,48.46,HIGH,1,0,0,0,0,0,,,,
12:01:09,23351.2,23277.3,23231.4,VERY_NARROW,23360.85,23231.4,0.925,UPTREND,STRONG_SELL_PREMIUM,STRONG_RANGE,NO_TRADE,EVENT:US CPI Data | EVENT:DEFINED_RISK_ONLY | EVENT:ONLY_RANGE_ALLOWED,39.35,1,48.42,HIGH,1,0,0,0,0,0,,,,
12:01:24,23349.6,23277.3,23231.4,VERY_NARROW,23360.85,23231.4,0.913,UPTREND,STRONG_SELL_PREMIUM,STRONG_RANGE,NO_TRADE,EVENT:US CPI Data | EVENT:DEFINED_RISK_ONLY | EVENT:ONLY_RANGE_ALLOWED,39.35,1,48.38,HIGH,1,0,0,0,0,0,,,,
12:01:39,23347.5,23277.3,23231.4,VERY_NARROW,23360.85,23231.4,0.897,UPTREND,STRONG_SELL_PREMIUM,STRONG_RANGE,NO_TRADE,EVENT:US CPI Data | EVENT:DEFINED_RISK_ONLY | EVENT:ONLY_RANGE_ALLOWED,39.35,1,48.35,HIGH,1,0,0,0,0,0,,,,
12:01:54,23347.2,23277.3,23231.4,VERY_NARROW,23360.85,23231.4,0.895,UPTREND,STRONG_SELL_PREMIUM,STRONG_RANGE,NO_TRADE,EVENT:US CPI Data | EVENT:DEFINED_RISK_ONLY | EVENT:ONLY_RANGE_ALLOWED,39.35,1,48.31,HIGH,1,0,0,0,0,0,,,,
12:02:09,23350.4,23277.3,23231.4,VERY_NARROW,23360.85,23231.4,0.919,UPTREND,STRONG_SELL_PREMIUM,STRONG_RANGE,NO_TRADE,EVENT:US CPI Data | EVENT:DEFINED_RISK_ONLY | EVENT:ONLY_RANGE_ALLOWED,39.35,1,48.27,HIGH,1,0,0,0,0,0,,,,
12:02:25,23347.3,23277.3,23231.4,VERY_NARROW,23360.85,23231.4,0.895,UPTREND,STRONG_SELL_PREMIUM,STRONG_RANGE,NO_TRADE,EVENT:US CPI Data | EVENT:DEFINED_RISK_ONLY | EVENT:ONLY_RANGE_ALLOWED,39.35,1,48.24,HIGH,1,0,0,0,0,0,,,,
12:02:39,23347.15,23277.3,23231.4,VERY_NARROW,23360.85,23231.4,0.894,UPTREND,STRONG_SELL_PREMIUM,STRONG_RANGE,NO_TRADE,EVENT:US CPI Data | EVENT:DEFINED_RISK_ONLY | EVENT:ONLY_RANGE_ALLOWED,39.35,1,48.2,HIGH,1,0,0,0,0,0,,,,
12:02:54,23347.5,23277.3,23231.4,VERY_NARROW,23360.85,23231.4,0.897,UPTREND,STRONG_SELL_PREMIUM,STRONG_RANGE,NO_TRADE,EVENT:US CPI Data | EVENT:DEFINED_RISK_ONLY | EVENT:ONLY_RANGE_ALLOWED,39.35,1,48.17,HIGH,1,0,0,0,0,0,,,,
12:03:09,23346.95,23277.3,23231.4,VERY_NARROW,23360.85,23231.4,0.893,UPTREND,STRONG_SELL_PREMIUM,STRONG_RANGE,NO_TRADE,EVENT:US CPI Data | EVENT:DEFINED_RISK_ONLY | EVENT:ONLY_RANGE_ALLOWED,39.35,1,48.13,HIGH,1,0,0,0,0,0,,,,
12:03:25,23345.7,23277.3,23231.4,VERY_NARROW,23360.85,23231.4,0.883,UPTREND,STRONG_SELL_PREMIUM,STRONG_RANGE,NO_TRADE,EVENT:US CPI Data | EVENT:DEFINED_RISK_ONLY | EVENT:ONLY_RANGE_ALLOWED,39.35,1,48.09,HIGH,1,0,0,0,0,0,,,,
12:03:40,23348.05,23277.3,23231.4,VERY_NARROW,23360.85,23231.4,0.901,UPTREND,STRONG_SELL_PREMIUM,STRONG_RANGE,NO_TRADE,EVENT:US CPI Data | EVENT:DEFINED_RISK_ONLY | EVENT:ONLY_RANGE_ALLOWED,39.35,1,48.06,HIGH,1,0,0,0,0,0,,,,
12:03:55,23349.25,23277.3,23231.4,VERY_NARROW,23360.85,23231.4,0.910,UPTREND,STRONG_SELL_PREMIUM,STRONG_RANGE,NO_TRADE,EVENT:US CPI Data | EVENT:DEFINED_RISK_ONLY | EVENT:ONLY_RANGE_ALLOWED,39.35,1,48.02,HIGH,1,0,0,0,0,0,,,,
12:04:10,23350.85,23277.3,23231.4,VERY_NARROW,23360.85,23231.4,0.923,UPTREND,STRONG_SELL_PREMIUM,STRONG_RANGE,NO_TRADE,EVENT:US CPI Data | EVENT:DEFINED_RISK_ONLY | EVENT:ONLY_RANGE_ALLOWED,39.35,1,47.99,HIGH,1,0,0,0,0,0,,,,
12:04:25,23349.75,23277.3,23231.4,VERY_NARROW,23360.85,23231.4,0.914,UPTREND,STRONG_SELL_PREMIUM,STRONG_RANGE,NO_TRADE,EVENT:US CPI Data | EVENT:DEFINED_RISK_ONLY | EVENT:ONLY_RANGE_ALLOWED,39.35,1,47.95,HIGH,1,0,0,0,0,0,,,,
12:04:40,23351.75,23277.3,23231.4,VERY_NARROW,23360.85,23231.4,0.930,UPTREND,STRONG_SELL_PREMIUM,STRONG_RANGE,NO_TRADE,EVENT:US CPI Data | EVENT:DEFINED_RISK_ONLY | EVENT:ONLY_RANGE_ALLOWED,39.35,1,47.92,HIGH,1,0,0,0,0,0,,,,
12:04:55,23351.15,23277.3,23231.4,VERY_NARROW,23360.85,23231.4,0.925,UPTREND,STRONG_SELL_PREMIUM,STRONG_RANGE,NO_TRADE,EVENT:US CPI Data | EVENT:DEFINED_RISK_ONLY | EVENT:ONLY_RANGE_ALLOWED,39.35,1,47.88,HIGH,1,0,0,0,0,0,,,,
12:05:10,23350.4,23277.3,23231.4,VERY_NARROW,23360.85,23231.4,0.919,UPTREND,STRONG_SELL_PREMIUM,STRONG_RANGE,NO_TRADE,EVENT:US CPI Data | EVENT:DEFINED_RISK_ONLY | EVENT:ONLY_RANGE_ALLOWED,39.62,1,47.85,HIGH,1,0,0,0,0,0,,,,
12:05:25,23349.85,23277.3,23231.4,VERY_NARROW,23360.85,23231.4,0.915,UPTREND,STRONG_SELL_PREMIUM,STRONG_RANGE,NO_TRADE,EVENT:US CPI Data | EVENT:DEFINED_RISK_ONLY | EVENT:ONLY_RANGE_ALLOWED,39.62,1,47.81,HIGH,1,0,0,0,0,0,,,,
12:05:40,23351.8,23277.3,23231.4,VERY_NARROW,23360.85,23231.4,0.930,UPTREND,STRONG_SELL_PREMIUM,STRONG_RANGE,NO_TRADE,EVENT:US CPI Data | EVENT:DEFINED_RISK_ONLY | EVENT:ONLY_RANGE_ALLOWED,39.62,1,47.78,HIGH,1,0,0,0,0,0,,,,
12:05:55,23350.4,23277.3,23231.4,VERY_NARROW,23360.85,23231.4,0.919,UPTREND,STRONG_SELL_PREMIUM,STRONG_RANGE,NO_TRADE,EVENT:US CPI Data | EVENT:DEFINED_RISK_ONLY | EVENT:ONLY_RANGE_ALLOWED,39.62,1,47.74,HIGH,1,0,0,0,0,0,,,,
12:06:10,23350.2,23277.3,23231.4,VERY_NARROW,23360.85,23231.4,0.918,UPTREND,STRONG_SELL_PREMIUM,STRONG_RANGE,NO_TRADE,EVENT:US CPI Data | EVENT:DEFINED_RISK_ONLY | EVENT:ONLY_RANGE_ALLOWED,39.62,1,47.71,HIGH,1,0,0,0,0,0,,,,
12:06:25,23348.65,23277.3,23231.4,VERY_NARROW,23360.85,23231.4,0.906,UPTREND,STRONG_SELL_PREMIUM,STRONG_RANGE,NO_TRADE,EVENT:US CPI Data | EVENT:DEFINED_RISK_ONLY | EVENT:ONLY_RANGE_ALLOWED,39.62,1,47.67,HIGH,1,0,0,0,0,0,,,,
12:06:40,23348.65,23277.3,23231.4,VERY_NARROW,23360.85,23231.4,0.906,UPTREND,STRONG_SELL_PREMIUM,STRONG_RANGE,NO_TRADE,EVENT:US CPI Data | EVENT:DEFINED_RISK_ONLY | EVENT:ONLY_RANGE_ALLOWED,39.62,1,47.64,HIGH,1,0,0,0,0,0,,,,
12:06:55,23346.3,23277.3,23231.4,VERY_NARROW,23360.85,23231.4,0.888,UPTREND,STRONG_SELL_PREMIUM,STRONG_RANGE,NO_TRADE,EVENT:US CPI Data | EVENT:DEFINED_RISK_ONLY | EVENT:ONLY_RANGE_ALLOWED,39.62,1,47.6,HIGH,1,0,0,0,0,0,,,,
12:07:10,23348.15,23277.3,23231.4,VERY_NARROW,23360.85,23231.4,0.902,UPTREND,STRONG_SELL_PREMIUM,STRONG_RANGE,NO_TRADE,EVENT:US CPI Data | EVENT:DEFINED_RISK_ONLY | EVENT:ONLY_RANGE_ALLOWED,39.62,1,47.57,HIGH,1,0,0,0,0,0,,,,
12:07:25,23345.9,23277.3,23231.4,VERY_NARROW,23360.85,23231.4,0.885,UPTREND,STRONG_SELL_PREMIUM,STRONG_RANGE,NO_TRADE,EVENT:US CPI Data | EVENT:DEFINED_RISK_ONLY | EVENT:ONLY_RANGE_ALLOWED,39.62,1,47.53,HIGH,1,0,0,0,0,0,,,,
12:07:40,23347.3,23277.3,23231.4,VERY_NARROW,23360.85,23231.4,0.895,UPTREND,STRONG_SELL_PREMIUM,STRONG_RANGE,NO_TRADE,EVENT:US CPI Data | EVENT:DEFINED_RISK_ONLY | EVENT:ONLY_RANGE_ALLOWED,39.62,1,47.5,HIGH,1,0,0,0,0,0,,,,
12:07:55,23347.4,23277.3,23231.4,VERY_NARROW,23360.85,23231.4,0.896,UPTREND,STRONG_SELL_PREMIUM,STRONG_RANGE,NO_TRADE,EVENT:US CPI Data | EVENT:DEFINED_RISK_ONLY | EVENT:ONLY_RANGE_ALLOWED,39.62,1,47.46,HIGH,1,0,0,0,0,0,,,,
12:08:10,23347.15,23277.3,23231.4,VERY_NARROW,23360.85,23231.4,0.894,UPTREND,STRONG_SELL_PREMIUM,STRONG_RANGE,NO_TRADE,EVENT:US CPI Data | EVENT:DEFINED_RISK_ONLY | EVENT:ONLY_RANGE_ALLOWED,39.62,1,47.43,HIGH,1,0,0,0,0,0,,,,
12:08:25,23348.65,23277.3,23231.4,VERY_NARROW,23360.85,23231.4,0.906,UPTREND,STRONG_SELL_PREMIUM,STRONG_RANGE,NO_TRADE,EVENT:US CPI Data | EVENT:DEFINED_RISK_ONLY | EVENT:ONLY_RANGE_ALLOWED,39.62,1,47.39,HIGH,1,0,0,0,0,0,,,,
12:08:40,23349.1,23277.3,23231.4,VERY_NARROW,23360.85,23231.4,0.909,UPTREND,STRONG_SELL_PREMIUM,STRONG_RANGE,NO_TRADE,EVENT:US CPI Data | EVENT:DEFINED_RISK_ONLY | EVENT:ONLY_RANGE_ALLOWED,39.62,1,47.36,HIGH,1,0,0,0,0,0,,,,
12:08:55,23348.45,23277.3,23231.4,VERY_NARROW,23360.85,23231.4,0.904,UPTREND,STRONG_SELL_PREMIUM,STRONG_RANGE,NO_TRADE,EVENT:US CPI Data | EVENT:DEFINED_RISK_ONLY | EVENT:ONLY_RANGE_ALLOWED,39.62,1,47.33,HIGH,1,0,0,0,0,0,,,,
12:09:10,23347.65,23277.3,23231.4,VERY_NARROW,23360.85,23231.4,0.898,UPTREND,STRONG_SELL_PREMIUM,STRONG_RANGE,NO_TRADE,EVENT:US CPI Data | EVENT:DEFINED_RISK_ONLY | EVENT:ONLY_RANGE_ALLOWED,39.62,1,47.29,HIGH,1,0,0,0,0,0,,,,
12:09:25,23348.05,23277.3,23231.4,VERY_NARROW,23360.85,23231.4,0.901,UPTREND,STRONG_SELL_PREMIUM,STRONG_RANGE,NO_TRADE,EVENT:US CPI Data | EVENT:DEFINED_RISK_ONLY | EVENT:ONLY_RANGE_ALLOWED,39.62,1,47.26,HIGH,1,0,0,0,0,0,,,,
12:09:40,23348.4,23277.3,23231.4,VERY_NARROW,23360.85,23231.4,0.904,UPTREND,STRONG_SELL_PREMIUM,STRONG_RANGE,NO_TRADE,EVENT:US CPI Data | EVENT:DEFINED_RISK_ONLY | EVENT:ONLY_RANGE_ALLOWED,39.62,1,47.22,HIGH,1,0,0,0,0,0,,,,
12:09:55,23347.25,23277.3,23231.4,VERY_NARROW,23360.85,23231.4,0.895,UPTREND,STRONG_SELL_PREMIUM,STRONG_RANGE,NO_TRADE,EVENT:US CPI Data | EVENT:DEFINED_RISK_ONLY | EVENT:ONLY_RANGE_ALLOWED,39.62,1,47.19,HIGH,1,0,0,0,0,0,,,,
12:10:11,23345.95,23277.3,23231.4,VERY_NARROW,23360.85,23231.4,0.885,UPTREND,STRONG_SELL_PREMIUM,STRONG_RANGE,NO_TRADE,EVENT:US CPI Data | EVENT:DEFINED_RISK_ONLY | EVENT:ONLY_RANGE_ALLOWED,38.21,1,47.16,HIGH,1,0,0,0,0,0,,,,
12:10:26,23345.0,23277.3,23231.4,VERY_NARROW,23360.85,23231.4,0.878,UPTREND,STRONG_SELL_PREMIUM,STRONG_RANGE,NO_TRADE,EVENT:US CPI Data | EVENT:DEFINED_RISK_ONLY | EVENT:ONLY_RANGE_ALLOWED,38.21,1,47.12,HIGH,1,0,0,0,0,0,,,,
12:10:41,23345.2,23277.3,23231.4,VERY_NARROW,23360.85,23231.4,0.879,UPTREND,STRONG_SELL_PREMIUM,STRONG_RANGE,NO_TRADE,EVENT:US CPI Data | EVENT:DEFINED_RISK_ONLY | EVENT:ONLY_RANGE_ALLOWED,38.21,1,47.09,HIGH,1,0,0,0,0,0,,,,
12:10:56,23339.7,23277.3,23231.4,VERY_NARROW,23360.85,23231.4,0.837,UPTREND,STRONG_SELL_PREMIUM,STRONG_RANGE,NO_TRADE,EVENT:US CPI Data | EVENT:DEFINED_RISK_ONLY | EVENT:ONLY_RANGE_ALLOWED,38.21,1,47.06,HIGH,1,0,0,0,0,0,,,,
12:11:11,23339.6,23277.3,23231.4,VERY_NARROW,23360.85,23231.4,0.836,UPTREND,STRONG_SELL_PREMIUM,STRONG_RANGE,NO_TRADE,EVENT:US CPI Data | EVENT:DEFINED_RISK_ONLY | EVENT:ONLY_RANGE_ALLOWED,37.95,1,47.02,HIGH,1,0,0,0,0,0,,,,
12:11:26,23338.05,23277.3,23231.4,VERY_NARROW,23360.85,23231.4,0.824,UPTREND,STRONG_SELL_PREMIUM,STRONG_RANGE,NO_TRADE,EVENT:US CPI Data | EVENT:DEFINED_RISK_ONLY | EVENT:ONLY_RANGE_ALLOWED,37.95,1,46.99,HIGH,1,0,0,0,0,0,,,,
12:11:41,23338.6,23277.3,23231.4,VERY_NARROW,23360.85,23231.4,0.828,UPTREND,STRONG_SELL_PREMIUM,STRONG_RANGE,NO_TRADE,EVENT:US CPI Data | EVENT:DEFINED_RISK_ONLY | EVENT:ONLY_RANGE_ALLOWED,37.95,1,46.96,HIGH,1,0,0,0,0,0,,,,
12:11:56,23339.8,23277.3,23231.4,VERY_NARROW,23360.85,23231.4,0.837,UPTREND,STRONG_SELL_PREMIUM,STRONG_RANGE,NO_TRADE,EVENT:US CPI Data | EVENT:DEFINED_RISK_ONLY | EVENT:ONLY_RANGE_ALLOWED,37.95,1,46.92,HIGH,1,0,0,0,0,0,,,,
12:12:11,23337.05,23277.3,23231.4,VERY_NARROW,23360.85,23231.4,0.816,UPTREND,STRONG_SELL_PREMIUM,STRONG_RANGE,NO_TRADE,EVENT:US CPI Data | EVENT:DEFINED_RISK_ONLY | EVENT:ONLY_RANGE_ALLOWED,36.59,1,46.89,HIGH,1,0,0,0,0,0,,,,
12:12:26,23333.35,23277.3,23231.4,VERY_NARROW,23360.85,23231.4,0.788,UPTREND,STRONG_SELL_PREMIUM,STRONG_RANGE,NO_TRADE,EVENT:US CPI Data | EVENT:DEFINED_RISK_ONLY | EVENT:ONLY_RANGE_ALLOWED,36.59,1,46.86,HIGH,1,0,0,0,0,0,,,,
12:12:41,23336.25,23277.3,23231.4,VERY_NARROW,23360.85,23231.4,0.810,UPTREND,STRONG_SELL_PREMIUM,STRONG_RANGE,NO_TRADE,EVENT:US CPI Data | EVENT:DEFINED_RISK_ONLY | EVENT:ONLY_RANGE_ALLOWED,36.59,1,46.82,HIGH,1,0,0,0,0,0,,,,
12:12:56,23331.8,23277.3,23231.4,VERY_NARROW,23360.85,23231.4,0.776,UPTREND,STRONG_SELL_PREMIUM,STRONG_RANGE,NO_TRADE,EVENT:US CPI Data | EVENT:DEFINED_RISK_ONLY | EVENT:ONLY_RANGE_ALLOWED,36.59,1,46.79,HIGH,1,0,0,0,0,0,,,,
12:13:11,23332.25,23277.3,23231.4,VERY_NARROW,23360.85,23231.4,0.779,UPTREND,STRONG_SELL_PREMIUM,STRONG_RANGE,NO_TRADE,EVENT:US CPI Data | EVENT:DEFINED_RISK_ONLY | EVENT:ONLY_RANGE_ALLOWED,35.84,1,46.76,HIGH,1,0,0,0,0,0,,,,
12:13:26,23327.85,23277.3,23231.4,VERY_NARROW,23360.85,23231.4,0.745,UPTREND,STRONG_SELL_PREMIUM,STRONG_RANGE,NO_TRADE,EVENT:US CPI Data | EVENT:DEFINED_RISK_ONLY | EVENT:ONLY_RANGE_ALLOWED,35.84,1,46.72,HIGH,1,0,0,0,0,0,,,,
12:13:41,23327.4,23277.3,23231.4,VERY_NARROW,23360.85,23231.4,0.742,UPTREND,STRONG_SELL_PREMIUM,STRONG_RANGE,NO_TRADE,EVENT:US CPI Data | EVENT:DEFINED_RISK_ONLY | EVENT:ONLY_RANGE_ALLOWED,35.84,1,46.69,HIGH,1,0,0,0,0,0,,,,
12:13:56,23325.3,23277.3,23231.4,VERY_NARROW,23360.85,23231.4,0.725,UPTREND,STRONG_SELL_PREMIUM,STRONG_RANGE,NO_TRADE,EVENT:US CPI Data | EVENT:DEFINED_RISK_ONLY | EVENT:ONLY_RANGE_ALLOWED,35.84,1,46.66,HIGH,1,0,0,0,0,0,,,,
12:14:11,23329.75,23277.3,23231.4,VERY_NARROW,23360.85,23231.4,0.760,UPTREND,STRONG_SELL_PREMIUM,STRONG_RANGE,NO_TRADE,EVENT:US CPI Data | EVENT:DEFINED_RISK_ONLY | EVENT:ONLY_RANGE_ALLOWED,35.84,1,46.63,HIGH,1,0,0,0,0,0,,,,
12:14:26,23328.9,23277.3,23231.4,VERY_NARROW,23360.85,23231.4,0.753,UPTREND,STRONG_SELL_PREMIUM,STRONG_RANGE,NO_TRADE,EVENT:US CPI Data | EVENT:DEFINED_RISK_ONLY | EVENT:ONLY_RANGE_ALLOWED,35.84,1,46.59,HIGH,1,0,0,0,0,0,,,,
12:14:41,23331.0,23277.3,23231.4,VERY_NARROW,23360.85,23231.4,0.769,UPTREND,STRONG_SELL_PREMIUM,STRONG_RANGE,NO_TRADE,EVENT:US CPI Data | EVENT:DEFINED_RISK_ONLY | EVENT:ONLY_RANGE_ALLOWED,35.84,1,46.56,HIGH,1,0,0,0,0,0,,,,
12:14:56,23332.3,23277.3,23231.4,VERY_NARROW,23360.85,23231.4,0.779,UPTREND,STRONG_SELL_PREMIUM,STRONG_RANGE,NO_TRADE,EVENT:US CPI Data | EVENT:DEFINED_RISK_ONLY | EVENT:ONLY_RANGE_ALLOWED,35.84,1,46.53,HIGH,1,0,0,0,0,0,,,,
12:15:11,23335.9,23277.3,23231.4,VERY_NARROW,23360.85,23231.4,0.807,UPTREND,STRONG_SELL_PREMIUM,STRONG_RANGE,NO_TRADE,EVENT:US CPI Data | EVENT:DEFINED_RISK_ONLY | EVENT:ONLY_RANGE_ALLOWED,32.45,1,46.5,HIGH,1,0,0,0,0,0,,,,
12:15:26,23334.8,23277.3,23231.4,VERY_NARROW,23360.85,23231.4,0.799,UPTREND,STRONG_SELL_PREMIUM,STRONG_RANGE,NO_TRADE,EVENT:US CPI Data | EVENT:DEFINED_RISK_ONLY | EVENT:ONLY_RANGE_ALLOWED,32.45,1,46.46,HIGH,1,0,0,0,0,0,,,,
12:15:41,23333.05,23277.3,23231.4,VERY_NARROW,23360.85,23231.4,0.785,UPTREND,STRONG_SELL_PREMIUM,STRONG_RANGE,NO_TRADE,EVENT:US CPI Data | EVENT:DEFINED_RISK_ONLY | EVENT:ONLY_RANGE_ALLOWED,32.45,1,46.43,HIGH,1,0,0,0,0,0,,,,
12:15:56,23328.05,23277.3,23231.4,VERY_NARROW,23360.85,23231.4,0.747,UPTREND,STRONG_SELL_PREMIUM,STRONG_RANGE,NO_TRADE,EVENT:US CPI Data | EVENT:DEFINED_RISK_ONLY | EVENT:ONLY_RANGE_ALLOWED,32.45,1,46.4,HIGH,1,0,0,0,0,0,,,,
12:16:11,23329.8,23277.3,23231.4,VERY_NARROW,23360.85,23231.4,0.760,UPTREND,STRONG_SELL_PREMIUM,STRONG_RANGE,NO_TRADE,EVENT:US CPI Data | EVENT:DEFINED_RISK_ONLY | EVENT:ONLY_RANGE_ALLOWED,32.45,1,46.37,HIGH,1,0,0,0,0,0,,,,
12:16:26,23330.45,23277.3,23231.4,VERY_NARROW,23360.85,23231.4,0.765,UPTREND,STRONG_SELL_PREMIUM,STRONG_RANGE,NO_TRADE,EVENT:US CPI Data | EVENT:DEFINED_RISK_ONLY | EVENT:ONLY_RANGE_ALLOWED,32.45,1,46.34,HIGH,1,0,0,0,0,0,,,,
12:16:41,23331.2,23277.3,23231.4,VERY_NARROW,23360.85,23231.4,0.771,UPTREND,STRONG_SELL_PREMIUM,STRONG_RANGE,NO_TRADE,EVENT:US CPI Data | EVENT:DEFINED_RISK_ONLY | EVENT:ONLY_RANGE_ALLOWED,32.45,1,46.3,HIGH,1,0,0,0,0,0,,,,
12:16:56,23332.35,23277.3,23231.4,VERY_NARROW,23360.85,23231.4,0.780,UPTREND,STRONG_SELL_PREMIUM,STRONG_RANGE,NO_TRADE,EVENT:US CPI Data | EVENT:DEFINED_RISK_ONLY | EVENT:ONLY_RANGE_ALLOWED,32.45,1,46.27,HIGH,1,0,0,0,0,0,,,,
12:17:11,23336.7,23277.3,23231.4,VERY_NARROW,23360.85,23231.4,0.813,UPTREND,STRONG_SELL_PREMIUM,STRONG_RANGE,NO_TRADE,EVENT:US CPI Data | EVENT:DEFINED_RISK_ONLY | EVENT:ONLY_RANGE_ALLOWED,32.45,1,46.24,HIGH,1,0,0,0,0,0,,,,
12:17:26,23336.6,23277.3,23231.4,VERY_NARROW,23360.85,23231.4,0.813,UPTREND,STRONG_SELL_PREMIUM,STRONG_RANGE,NO_TRADE,EVENT:US CPI Data | EVENT:DEFINED_RISK_ONLY | EVENT:ONLY_RANGE_ALLOWED,32.45,1,46.21,HIGH,1,0,0,0,0,0,,,,
12:17:41,23335.65,23277.3,23231.4,VERY_NARROW,23360.85,23231.4,0.805,UPTREND,STRONG_SELL_PREMIUM,STRONG_RANGE,NO_TRADE,EVENT:US CPI Data | EVENT:DEFINED_RISK_ONLY | EVENT:ONLY_RANGE_ALLOWED,32.45,1,46.18,HIGH,1,0,0,0,0,0,,,,
12:17:56,23336.35,23277.3,23231.4,VERY_NARROW,23360.85,23231.4,0.811,UPTREND,STRONG_SELL_PREMIUM,STRONG_RANGE,NO_TRADE,EVENT:US CPI Data | EVENT:DEFINED_RISK_ONLY | EVENT:ONLY_RANGE_ALLOWED,32.45,1,46.14,HIGH,1,0,0,0,0,0,,,,
12:18:12,23339.05,23277.3,23231.4,VERY_NARROW,23360.85,23231.4,0.832,UPTREND,STRONG_SELL_PREMIUM,STRONG_RANGE,NO_TRADE,EVENT:US CPI Data | EVENT:DEFINED_RISK_ONLY | EVENT:ONLY_RANGE_ALLOWED,32.45,1,46.11,HIGH,1,0,0,0,0,0,,,,
12:18:27,23340.05,23277.3,23231.4,VERY_NARROW,23360.85,23231.4,0.839,UPTREND,STRONG_SELL_PREMIUM,STRONG_RANGE,NO_TRADE,EVENT:US CPI Data | EVENT:DEFINED_RISK_ONLY | EVENT:ONLY_RANGE_ALLOWED,32.45,1,46.08,HIGH,1,0,0,0,0,0,,,,
12:18:42,23341.05,23277.3,23231.4,VERY_NARROW,23360.85,23231.4,0.847,UPTREND,STRONG_SELL_PREMIUM,STRONG_RANGE,NO_TRADE,EVENT:US CPI Data | EVENT:DEFINED_RISK_ONLY | EVENT:ONLY_RANGE_ALLOWED,32.45,1,46.05,HIGH,1,0,0,0,0,0,,,,
12:18:57,23340.75,23277.3,23231.4,VERY_NARROW,23360.85,23231.4,0.845,UPTREND,STRONG_SELL_PREMIUM,STRONG_RANGE,NO_TRADE,EVENT:US CPI Data | EVENT:DEFINED_RISK_ONLY | EVENT:ONLY_RANGE_ALLOWED,32.45,1,46.02,HIGH,1,0,0,0,0,0,,,,
12:19:12,23341.2,23277.3,23231.4,VERY_NARROW,23360.85,23231.4,0.848,UPTREND,STRONG_SELL_PREMIUM,STRONG_RANGE,NO_TRADE,EVENT:US CPI Data | EVENT:DEFINED_RISK_ONLY | EVENT:ONLY_RANGE_ALLOWED,32.45,1,45.99,HIGH,1,0,0,0,0,0,,,,
12:19:27,23338.85,23277.3,23231.4,VERY_NARROW,23360.85,23231.4,0.830,UPTREND,STRONG_SELL_PREMIUM,STRONG_RANGE,NO_TRADE,EVENT:US CPI Data | EVENT:DEFINED_RISK_ONLY | EVENT:ONLY_RANGE_ALLOWED,32.45,1,45.96,HIGH,1,0,0,0,0,0,,,,
12:19:42,23339.65,23277.3,23231.4,VERY_NARROW,23360.85,23231.4,0.836,UPTREND,STRONG_SELL_PREMIUM,STRONG_RANGE,NO_TRADE,EVENT:US CPI Data | EVENT:DEFINED_RISK_ONLY | EVENT:ONLY_RANGE_ALLOWED,32.45,1,45.93,HIGH,1,0,0,0,0,0,,,,
12:19:57,23340.0,23277.3,23231.4,VERY_NARROW,23360.85,23231.4,0.839,UPTREND,STRONG_SELL_PREMIUM,STRONG_RANGE,NO_TRADE,EVENT:US CPI Data | EVENT:DEFINED_RISK_ONLY | EVENT:ONLY_RANGE_ALLOWED,32.45,1,45.89,HIGH,1,0,0,0,0,0,,,,
12:20:12,23339.4,23277.3,23231.4,VERY_NARROW,23360.85,23231.4,0.834,UPTREND,STRONG_SELL_PREMIUM,STRONG_RANGE,NO_TRADE,EVENT:US CPI Data | EVENT:DEFINED_RISK_ONLY | EVENT:ONLY_RANGE_ALLOWED,29.39,1,45.86,HIGH,1,0,0,0,0,0,,,,
12:20:27,23335.6,23277.3,23231.4,VERY_NARROW,23360.85,23231.4,0.805,UPTREND,STRONG_SELL_PREMIUM,STRONG_RANGE,NO_TRADE,EVENT:US CPI Data | EVENT:DEFINED_RISK_ONLY | EVENT:ONLY_RANGE_ALLOWED,29.39,1,45.83,HIGH,1,0,0,0,0,0,,,,
12:20:42,23334.35,23277.3,23231.4,VERY_NARROW,23360.85,23231.4,0.795,UPTREND,STRONG_SELL_PREMIUM,STRONG_RANGE,NO_TRADE,EVENT:US CPI Data | EVENT:DEFINED_RISK_ONLY | EVENT:ONLY_RANGE_ALLOWED,29.39,1,45.8,HIGH,1,0,0,0,0,0,,,,
12:20:57,23332.15,23277.3,23231.4,VERY_NARROW,23360.85,23231.4,0.778,UPTREND,STRONG_SELL_PREMIUM,STRONG_RANGE,NO_TRADE,EVENT:US CPI Data | EVENT:DEFINED_RISK_ONLY | EVENT:ONLY_RANGE_ALLOWED,29.39,1,45.77,HIGH,1,0,0,0,0,0,,,,
12:21:12,23334.55,23277.3,23231.4,VERY_NARROW,23360.85,23231.4,0.797,UPTREND,STRONG_SELL_PREMIUM,STRONG_RANGE,NO_TRADE,EVENT:US CPI Data | EVENT:DEFINED_RISK_ONLY | EVENT:ONLY_RANGE_ALLOWED,29.39,1,45.74,HIGH,1,0,0,0,0,0,,,,
12:21:27,23332.1,23277.3,23231.4,VERY_NARROW,23360.85,23231.4,0.778,UPTREND,STRONG_SELL_PREMIUM,STRONG_RANGE,NO_TRADE,EVENT:US CPI Data | EVENT:DEFINED_RISK_ONLY | EVENT:ONLY_RANGE_ALLOWED,29.39,1,45.71,HIGH,1,0,0,0,0,0,,,,
12:21:42,23331.3,23277.3,23231.4,VERY_NARROW,23360.85,23231.4,0.772,UPTREND,STRONG_SELL_PREMIUM,STRONG_RANGE,NO_TRADE,EVENT:US CPI Data | EVENT:DEFINED_RISK_ONLY | EVENT:ONLY_RANGE_ALLOWED,29.39,1,45.68,HIGH,1,0,0,0,0,0,,,,
12:21:57,23331.65,23277.3,23231.4,VERY_NARROW,23360.85,23231.4,0.774,UPTREND,STRONG_SELL_PREMIUM,STRONG_RANGE,NO_TRADE,EVENT:US CPI Data | EVENT:DEFINED_RISK_ONLY | EVENT:ONLY_RANGE_ALLOWED,29.39,1,45.65,HIGH,1,0,0,0,0,0,,,,
12:22:12,23332.6,23277.3,23231.4,VERY_NARROW,23360.85,23231.4,0.782,UPTREND,STRONG_SELL_PREMIUM,STRONG_RANGE,NO_TRADE,EVENT:US CPI Data | EVENT:DEFINED_RISK_ONLY | EVENT:ONLY_RANGE_ALLOWED,29.39,1,45.62,HIGH,1,0,0,0,0,0,,,,
12:22:27,23331.2,23277.3,23231.4,VERY_NARROW,23360.85,23231.4,0.771,UPTREND,STRONG_SELL_PREMIUM,STRONG_RANGE,NO_TRADE,EVENT:US CPI Data | EVENT:DEFINED_RISK_ONLY | EVENT:ONLY_RANGE_ALLOWED,29.39,1,45.59,HIGH,1,0,0,0,0,0,,,,
12:22:42,23332.4,23277.3,23231.4,VERY_NARROW,23360.85,23231.4,0.780,UPTREND,STRONG_SELL_PREMIUM,STRONG_RANGE,NO_TRADE,EVENT:US CPI Data | EVENT:DEFINED_RISK_ONLY | EVENT:ONLY_RANGE_ALLOWED,29.39,1,45.56,HIGH,1,0,0,0,0,0,,,,
12:22:57,23331.85,23277.3,23231.4,VERY_NARROW,23360.85,23231.4,0.776,UPTREND,STRONG_SELL_PREMIUM,STRONG_RANGE,NO_TRADE,EVENT:US CPI Data | EVENT:DEFINED_RISK_ONLY | EVENT:ONLY_RANGE_ALLOWED,29.39,1,45.53,HIGH,1,0,0,0,0,0,,,,
12:23:12,23336.5,23277.3,23231.4,VERY_NARROW,23360.85,23231.4,0.812,UPTREND,STRONG_SELL_PREMIUM,STRONG_RANGE,NO_TRADE,EVENT:US CPI Data | EVENT:DEFINED_RISK_ONLY | EVENT:ONLY_RANGE_ALLOWED,29.39,1,45.5,HIGH,1,0,0,0,0,0,,,,
12:23:27,23335.9,23277.3,23231.4,VERY_NARROW,23360.85,23231.4,0.807,UPTREND,STRONG_SELL_PREMIUM,STRONG_RANGE,NO_TRADE,EVENT:US CPI Data | EVENT:DEFINED_RISK_ONLY | EVENT:ONLY_RANGE_ALLOWED,29.39,1,45.47,HIGH,1,0,0,0,0,0,,,,
12:23:42,23337.25,23277.3,23231.4,VERY_NARROW,23360.85,23231.4,0.818,UPTREND,STRONG_SELL_PREMIUM,STRONG_RANGE,NO_TRADE,EVENT:US CPI Data | EVENT:DEFINED_RISK_ONLY | EVENT:ONLY_RANGE_ALLOWED,29.39,1,45.44,HIGH,1,0,0,0,0,0,,,,
12:23:57,23338.6,23277.3,23231.4,VERY_NARROW,23360.85,23231.4,0.828,UPTREND,STRONG_SELL_PREMIUM,STRONG_RANGE,NO_TRADE,EVENT:US CPI Data | EVENT:DEFINED_RISK_ONLY | EVENT:ONLY_RANGE_ALLOWED,29.39,1,45.4,HIGH,1,0,0,0,0,0,,,,
12:24:12,23340.7,23277.3,23231.4,VERY_NARROW,23360.85,23231.4,0.844,UPTREND,STRONG_SELL_PREMIUM,STRONG_RANGE,NO_TRADE,EVENT:US CPI Data | EVENT:DEFINED_RISK_ONLY | EVENT:ONLY_RANGE_ALLOWED,29.63,1,45.37,HIGH,1,0,0,0,0,0,,,,
12:24:27,23342.0,23277.3,23231.4,VERY_NARROW,23360.85,23231.4,0.854,UPTREND,STRONG_SELL_PREMIUM,STRONG_RANGE,NO_TRADE,EVENT:US CPI Data | EVENT:DEFINED_RISK_ONLY | EVENT:ONLY_RANGE_ALLOWED,29.63,1,45.34,HIGH,1,0,0,0,0,0,,,,
12:24:42,23342.8,23277.3,23231.4,VERY_NARROW,23360.85,23231.4,0.861,UPTREND,STRONG_SELL_PREMIUM,STRONG_RANGE,NO_TRADE,EVENT:US CPI Data | EVENT:DEFINED_RISK_ONLY | EVENT:ONLY_RANGE_ALLOWED,29.63,1,45.31,HIGH,1,0,0,0,0,0,,,,
12:24:57,23342.05,23277.3,23231.4,VERY_NARROW,23360.85,23231.4,0.855,UPTREND,STRONG_SELL_PREMIUM,RANGE,NO_TRADE,EVENT:US CPI Data | EVENT:DEFINED_RISK_ONLY | EVENT:ONLY_RANGE_ALLOWED,29.63,1,45.28,HIGH,1,0,0,0,0,0,,,,
12:25:12,23342.6,23277.3,23231.4,VERY_NARROW,23360.85,23231.4,0.859,UPTREND,STRONG_SELL_PREMIUM,STRONG_RANGE,NO_TRADE,EVENT:US CPI Data | EVENT:DEFINED_RISK_ONLY | EVENT:ONLY_RANGE_ALLOWED,27.23,1,45.25,HIGH,1,0,0,0,0,0,,,,
12:25:28,23341.4,23277.3,23231.4,VERY_NARROW,23360.85,23231.4,0.850,UPTREND,STRONG_SELL_PREMIUM,STRONG_RANGE,NO_TRADE,EVENT:US CPI Data | EVENT:DEFINED_RISK_ONLY | EVENT:ONLY_RANGE_ALLOWED,27.23,1,45.23,HIGH,1,0,0,0,0,0,,,,
12:25:42,23339.55,23277.3,23231.4,VERY_NARROW,23360.85,23231.4,0.835,UPTREND,STRONG_SELL_PREMIUM,STRONG_RANGE,NO_TRADE,EVENT:US CPI Data | EVENT:DEFINED_RISK_ONLY | EVENT:ONLY_RANGE_ALLOWED,27.23,1,45.2,HIGH,1,0,0,0,0,0,,,,
12:25:58,23337.9,23277.3,23231.4,VERY_NARROW,23360.85,23231.4,0.823,UPTREND,STRONG_SELL_PREMIUM,RANGE,NO_TRADE,EVENT:US CPI Data | EVENT:DEFINED_RISK_ONLY | EVENT:ONLY_RANGE_ALLOWED,27.23,1,45.17,HIGH,1,0,0,0,0,0,,,,
12:26:13,23339.75,23277.3,23231.4,VERY_NARROW,23360.85,23231.4,0.837,UPTREND,STRONG_SELL_PREMIUM,STRONG_RANGE,NO_TRADE,EVENT:US CPI Data | EVENT:DEFINED_RISK_ONLY | EVENT:ONLY_RANGE_ALLOWED,27.23,1,45.14,HIGH,1,0,0,0,0,0,,,,
12:26:28,23339.05,23277.3,23231.4,VERY_NARROW,23360.85,23231.4,0.832,UPTREND,STRONG_SELL_PREMIUM,STRONG_RANGE,NO_TRADE,EVENT:US CPI Data | EVENT:DEFINED_RISK_ONLY | EVENT:ONLY_RANGE_ALLOWED,27.23,1,45.11,HIGH,1,0,0,0,0,0,,,,
12:26:43,23340.05,23277.3,23231.4,VERY_NARROW,23360.85,23231.4,0.839,UPTREND,STRONG_SELL_PREMIUM,STRONG_RANGE,NO_TRADE,EVENT:US CPI Data | EVENT:DEFINED_RISK_ONLY | EVENT:ONLY_RANGE_ALLOWED,27.23,1,45.08,HIGH,1,0,0,0,0,0,,,,
12:26:58,23339.9,23277.3,23231.4,VERY_NARROW,23360.85,23231.4,0.838,UPTREND,STRONG_SELL_PREMIUM,STRONG_RANGE,NO_TRADE,EVENT:US CPI Data | EVENT:DEFINED_RISK_ONLY | EVENT:ONLY_RANGE_ALLOWED,27.23,1,45.05,HIGH,1,0,0,0,0,0,,,,
12:27:13,23339.85,23277.3,23231.4,VERY_NARROW,23360.85,23231.4,0.838,UPTREND,STRONG_SELL_PREMIUM,STRONG_RANGE,NO_TRADE,EVENT:US CPI Data | EVENT:DEFINED_RISK_ONLY | EVENT:ONLY_RANGE_ALLOWED,27.23,1,45.02,HIGH,1,0,0,0,0,0,,,,
12:27:28,23339.05,23277.3,23231.4,VERY_NARROW,23360.85,23231.4,0.832,UPTREND,STRONG_SELL_PREMIUM,STRONG_RANGE,NO_TRADE,EVENT:US CPI Data | EVENT:DEFINED_RISK_ONLY | EVENT:ONLY_RANGE_ALLOWED,27.23,1,44.99,HIGH,1,0,0,0,0,0,,,,
12:27:43,23339.15,23277.3,23231.4,VERY_NARROW,23360.85,23231.4,0.832,UPTREND,STRONG_SELL_PREMIUM,STRONG_RANGE,NO_TRADE,EVENT:US CPI Data | EVENT:DEFINED_RISK_ONLY | EVENT:ONLY_RANGE_ALLOWED,27.23,1,44.96,HIGH,1,0,0,0,0,0,,,,
12:27:58,23338.75,23277.3,23231.4,VERY_NARROW,23360.85,23231.4,0.829,UPTREND,STRONG_SELL_PREMIUM,RANGE,NO_TRADE,EVENT:US CPI Data | EVENT:DEFINED_RISK_ONLY | EVENT:ONLY_RANGE_ALLOWED,27.23,1,44.93,HIGH,1,0,0,0,0,0,,,,
12:28:13,23337.95,23277.3,23231.4,VERY_NARROW,23360.85,23231.4,0.823,UPTREND,STRONG_SELL_PREMIUM,RANGE,NO_TRADE,EVENT:US CPI Data | EVENT:DEFINED_RISK_ONLY | EVENT:ONLY_RANGE_ALLOWED,27.23,1,44.9,HIGH,1,0,0,0,0,0,,,,
12:28:28,23338.0,23277.3,23231.4,VERY_NARROW,23360.85,23231.4,0.823,UPTREND,STRONG_SELL_PREMIUM,RANGE,NO_TRADE,EVENT:US CPI Data | EVENT:DEFINED_RISK_ONLY | EVENT:ONLY_RANGE_ALLOWED,27.23,1,44.87,HIGH,1,0,0,0,0,0,,,,
12:28:43,23336.75,23277.3,23231.4,VERY_NARROW,23360.85,23231.4,0.814,UPTREND,STRONG_SELL_PREMIUM,RANGE,NO_TRADE,EVENT:US CPI Data | EVENT:DEFINED_RISK_ONLY | EVENT:ONLY_RANGE_ALLOWED,27.23,1,44.84,HIGH,1,0,0,0,0,0,,,,
12:28:58,23336.1,23277.3,23231.4,VERY_NARROW,23360.85,23231.4,0.809,UPTREND,STRONG_SELL_PREMIUM,RANGE,NO_TRADE,EVENT:US CPI Data | EVENT:DEFINED_RISK_ONLY | EVENT:ONLY_RANGE_ALLOWED,27.23,1,44.81,HIGH,1,0,0,0,0,0,,,,
12:29:13,23337.65,23277.3,23231.4,VERY_NARROW,23360.85,23231.4,0.821,UPTREND,STRONG_SELL_PREMIUM,RANGE,NO_TRADE,EVENT:US CPI Data | EVENT:DEFINED_RISK_ONLY | EVENT:ONLY_RANGE_ALLOWED,27.23,1,44.79,HIGH,1,0,0,0,0,0,,,,
12:29:28,23337.45,23277.3,23231.4,VERY_NARROW,23360.85,23231.4,0.819,UPTREND,STRONG_SELL_PREMIUM,RANGE,NO_TRADE,EVENT:US CPI Data | EVENT:DEFINED_RISK_ONLY | EVENT:ONLY_RANGE_ALLOWED,27.23,1,44.76,HIGH,1,0,0,0,0,0,,,,
12:29:43,23337.5,23277.3,23231.4,VERY_NARROW,23360.85,23231.4,0.820,UPTREND,STRONG_SELL_PREMIUM,RANGE,NO_TRADE,EVENT:US CPI Data | EVENT:DEFINED_RISK_ONLY | EVENT:ONLY_RANGE_ALLOWED,27.23,1,44.73,HIGH,1,0,0,0,0,0,,,,
12:29:58,23337.3,23277.3,23231.4,VERY_NARROW,23360.85,23231.4,0.818,UPTREND,STRONG_SELL_PREMIUM,RANGE,NO_TRADE,EVENT:US CPI Data | EVENT:DEFINED_RISK_ONLY | EVENT:ONLY_RANGE_ALLOWED,27.23,1,44.7,HIGH,1,0,0,0,0,0,,,,
12:30:13,23338.45,23277.3,23231.4,VERY_NARROW,23360.85,23231.4,0.827,UPTREND,STRONG_SELL_PREMIUM,RANGE,NO_TRADE,EVENT:US CPI Data | EVENT:DEFINED_RISK_ONLY | EVENT:ONLY_RANGE_ALLOWED,25.07,1,44.67,HIGH,1,0,0,0,0,0,,,,
12:30:28,23336.8,23277.3,23231.4,VERY_NARROW,23360.85,23231.4,0.814,UPTREND,STRONG_SELL_PREMIUM,RANGE,NO_TRADE,EVENT:US CPI Data | EVENT:DEFINED_RISK_ONLY | EVENT:ONLY_RANGE_ALLOWED,25.07,1,44.64,HIGH,1,0,0,0,0,0,,,,
12:30:43,23339.95,23277.3,23231.4,VERY_NARROW,23360.85,23231.4,0.839,UPTREND,STRONG_SELL_PREMIUM,RANGE,NO_TRADE,EVENT:US CPI Data | EVENT:DEFINED_RISK_ONLY | EVENT:ONLY_RANGE_ALLOWED,25.07,1,44.61,HIGH,1,0,0,0,0,0,,,,
12:30:58,23339.4,23277.3,23231.4,VERY_NARROW,23360.85,23231.4,0.834,UPTREND,STRONG_SELL_PREMIUM,RANGE,NO_TRADE,EVENT:US CPI Data | EVENT:DEFINED_RISK_ONLY | EVENT:ONLY_RANGE_ALLOWED,25.07,1,44.58,HIGH,1,0,0,0,0,0,,,,
12:31:13,23340.55,23277.3,23231.4,VERY_NARROW,23360.85,23231.4,0.843,UPTREND,STRONG_SELL_PREMIUM,RANGE,NO_TRADE,EVENT:US CPI Data | EVENT:DEFINED_RISK_ONLY | EVENT:ONLY_RANGE_ALLOWED,25.07,1,44.56,HIGH,1,0,0,0,0,0,,,,
12:31:28,23338.7,23277.3,23231.4,VERY_NARROW,23360.85,23231.4,0.829,UPTREND,STRONG_SELL_PREMIUM,RANGE,NO_TRADE,EVENT:US CPI Data | EVENT:DEFINED_RISK_ONLY | EVENT:ONLY_RANGE_ALLOWED,25.07,1,44.53,HIGH,1,0,0,0,0,0,,,,
12:31:44,23339.35,23277.3,23231.4,VERY_NARROW,23360.85,23231.4,0.834,UPTREND,STRONG_SELL_PREMIUM,RANGE,NO_TRADE,EVENT:US CPI Data | EVENT:DEFINED_RISK_ONLY | EVENT:ONLY_RANGE_ALLOWED,25.07,1,44.5,HIGH,1,0,0,0,0,0,,,,
12:31:59,23341.1,23277.3,23231.4,VERY_NARROW,23360.85,23231.4,0.847,UPTREND,STRONG_SELL_PREMIUM,RANGE,NO_TRADE,EVENT:US CPI Data | EVENT:DEFINED_RISK_ONLY | EVENT:ONLY_RANGE_ALLOWED,25.07,1,44.47,HIGH,1,0,0,0,0,0,,,,
12:32:14,23343.05,23277.3,23231.4,VERY_NARROW,23360.85,23231.4,0.862,UPTREND,STRONG_SELL_PREMIUM,RANGE,NO_TRADE,EVENT:US CPI Data | EVENT:DEFINED_RISK_ONLY | EVENT:ONLY_RANGE_ALLOWED,25.42,1,44.44,HIGH,1,0,0,0,0,0,,,,
12:32:29,23342.65,23277.3,23231.4,VERY_NARROW,23360.85,23231.4,0.859,UPTREND,STRONG_SELL_PREMIUM,RANGE,NO_TRADE,EVENT:US CPI Data | EVENT:DEFINED_RISK_ONLY | EVENT:ONLY_RANGE_ALLOWED,25.42,1,44.41,HIGH,1,0,0,0,0,0,,,,
12:32:44,23344.6,23277.3,23231.4,VERY_NARROW,23360.85,23231.4,0.874,UPTREND,STRONG_SELL_PREMIUM,RANGE,NO_TRADE,EVENT:US CPI Data | EVENT:DEFINED_RISK_ONLY | EVENT:ONLY_RANGE_ALLOWED,25.42,1,44.39,HIGH,1,0,0,0,0,0,,,,
12:32:59,23343.9,23277.3,23231.4,VERY_NARROW,23360.85,23231.4,0.869,UPTREND,STRONG_SELL_PREMIUM,RANGE,NO_TRADE,EVENT:US CPI Data | EVENT:DEFINED_RISK_ONLY | EVENT:ONLY_RANGE_ALLOWED,25.42,1,44.36,HIGH,1,0,0,0,0,0,,,,
12:33:14,23341.3,23277.3,23231.4,VERY_NARROW,23360.85,23231.4,0.849,UPTREND,STRONG_SELL_PREMIUM,RANGE,NO_TRADE,EVENT:US CPI Data | EVENT:DEFINED_RISK_ONLY | EVENT:ONLY_RANGE_ALLOWED,25.42,1,44.33,HIGH,1,0,0,0,0,0,,,,
12:33:29,23338.65,23277.3,23231.4,VERY_NARROW,23360.85,23231.4,0.829,UPTREND,STRONG_SELL_PREMIUM,RANGE,NO_TRADE,EVENT:US CPI Data | EVENT:DEFINED_RISK_ONLY | EVENT:ONLY_RANGE_ALLOWED,25.42,1,44.3,HIGH,1,0,0,0,0,0,,,,
12:33:44,23341.1,23277.3,23231.4,VERY_NARROW,23360.85,23231.4,0.847,UPTREND,STRONG_SELL_PREMIUM,RANGE,NO_TRADE,EVENT:US CPI Data | EVENT:DEFINED_RISK_ONLY | EVENT:ONLY_RANGE_ALLOWED,25.42,1,44.27,HIGH,1,0,0,0,0,0,,,,
12:33:59,23339.6,23277.3,23231.4,VERY_NARROW,23360.85,23231.4,0.836,UPTREND,STRONG_SELL_PREMIUM,RANGE,NO_TRADE,EVENT:US CPI Data | EVENT:DEFINED_RISK_ONLY | EVENT:ONLY_RANGE_ALLOWED,25.42,1,44.25,HIGH,1,0,0,0,0,0,,,,
12:34:14,23340.6,23277.3,23231.4,VERY_NARROW,23360.85,23231.4,0.844,UPTREND,STRONG_SELL_PREMIUM,RANGE,NO_TRADE,EVENT:US CPI Data | EVENT:DEFINED_RISK_ONLY | EVENT:ONLY_RANGE_ALLOWED,25.57,1,44.22,HIGH,1,0,0,0,0,0,,,,
12:34:29,23341.65,23277.3,23231.4,VERY_NARROW,23360.85,23231.4,0.852,UPTREND,STRONG_SELL_PREMIUM,RANGE,NO_TRADE,EVENT:US CPI Data | EVENT:DEFINED_RISK_ONLY | EVENT:ONLY_RANGE_ALLOWED,25.57,1,44.19,HIGH,1,0,0,0,0,0,,,,
12:34:44,23341.55,23277.3,23231.4,VERY_NARROW,23360.85,23231.4,0.851,UPTREND,STRONG_SELL_PREMIUM,RANGE,NO_TRADE,EVENT:US CPI Data | EVENT:DEFINED_RISK_ONLY | EVENT:ONLY_RANGE_ALLOWED,25.57,1,44.16,HIGH,1,0,0,0,0,0,,,,
12:34:59,23346.1,23277.3,23231.4,VERY_NARROW,23360.85,23231.4,0.886,UPTREND,STRONG_SELL_PREMIUM,RANGE,NO_TRADE,EVENT:US CPI Data | EVENT:DEFINED_RISK_ONLY | EVENT:ONLY_RANGE_ALLOWED,25.57,1,44.14,HIGH,1,0,0,0,0,0,,,,
12:35:14,23345.9,23277.3,23231.4,VERY_NARROW,23360.85,23231.4,0.885,UPTREND,STRONG_SELL_PREMIUM,RANGE,NO_TRADE,EVENT:US CPI Data | EVENT:DEFINED_RISK_ONLY | EVENT:ONLY_RANGE_ALLOWED,24.56,1,44.11,HIGH,1,0,0,0,0,0,,,,
12:35:29,23345.0,23277.3,23231.4,VERY_NARROW,23360.85,23231.4,0.878,UPTREND,STRONG_SELL_PREMIUM,RANGE,NO_TRADE,EVENT:US CPI Data | EVENT:DEFINED_RISK_ONLY | EVENT:ONLY_RANGE_ALLOWED,24.56,1,44.08,HIGH,1,0,0,0,0,0,,,,
12:35:44,23347.7,23277.3,23231.4,VERY_NARROW,23360.85,23231.4,0.898,UPTREND,STRONG_SELL_PREMIUM,RANGE,NO_TRADE,EVENT:US CPI Data | EVENT:DEFINED_RISK_ONLY | EVENT:ONLY_RANGE_ALLOWED,24.56,1,44.05,HIGH,1,0,0,0,0,0,,,,
12:35:59,23349.15,23277.3,23231.4,VERY_NARROW,23360.85,23231.4,0.910,UPTREND,STRONG_SELL_PREMIUM,RANGE,NO_TRADE,EVENT:US CPI Data | EVENT:DEFINED_RISK_ONLY | EVENT:ONLY_RANGE_ALLOWED,24.56,1,44.02,HIGH,1,0,0,0,0,0,,,,
12:36:14,23350.75,23277.3,23231.4,VERY_NARROW,23360.85,23231.4,0.922,UPTREND,STRONG_SELL_PREMIUM,RANGE,NO_TRADE,EVENT:US CPI Data | EVENT:DEFINED_RISK_ONLY | EVENT:ONLY_RANGE_ALLOWED,25.15,1,44.0,HIGH,1,0,0,0,0,0,,,,
12:36:29,23350.35,23277.3,23231.4,VERY_NARROW,23360.85,23231.4,0.919,UPTREND,STRONG_SELL_PREMIUM,RANGE,NO_TRADE,EVENT:US CPI Data | EVENT:DEFINED_RISK_ONLY | EVENT:ONLY_RANGE_ALLOWED,25.15,1,43.97,HIGH,1,0,0,0,0,0,,,,
12:36:44,23344.85,23277.3,23231.4,VERY_NARROW,23360.85,23231.4,0.876,UPTREND,STRONG_SELL_PREMIUM,RANGE,NO_TRADE,EVENT:US CPI Data | EVENT:DEFINED_RISK_ONLY | EVENT:ONLY_RANGE_ALLOWED,25.15,1,43.94,HIGH,1,0,0,0,0,0,,,,
12:36:59,23343.15,23277.3,23231.4,VERY_NARROW,23360.85,23231.4,0.863,UPTREND,STRONG_SELL_PREMIUM,RANGE,NO_TRADE,EVENT:US CPI Data | EVENT:DEFINED_RISK_ONLY | EVENT:ONLY_RANGE_ALLOWED,25.15,1,43.92,HIGH,1,0,0,0,0,0,,,,
12:37:14,23345.35,23277.3,23231.4,VERY_NARROW,23360.85,23231.4,0.880,UPTREND,STRONG_SELL_PREMIUM,RANGE,NO_TRADE,EVENT:US CPI Data | EVENT:DEFINED_RISK_ONLY | EVENT:ONLY_RANGE_ALLOWED,25.15,1,43.89,HIGH,1,0,0,0,0,0,,,,
12:37:29,23346.85,23277.3,23231.4,VERY_NARROW,23360.85,23231.4,0.892,UPTREND,STRONG_SELL_PREMIUM,RANGE,NO_TRADE,EVENT:US CPI Data | EVENT:DEFINED_RISK_ONLY | EVENT:ONLY_RANGE_ALLOWED,25.15,1,43.86,HIGH,1,0,0,0,0,0,,,,
12:37:44,23349.1,23277.3,23231.4,VERY_NARROW,23360.85,23231.4,0.909,UPTREND,STRONG_SELL_PREMIUM,RANGE,NO_TRADE,EVENT:US CPI Data | EVENT:DEFINED_RISK_ONLY | EVENT:ONLY_RANGE_ALLOWED,25.15,1,43.83,HIGH,1,0,0,0,0,0,,,,
12:37:59,23349.5,23277.3,23231.4,VERY_NARROW,23360.85,23231.4,0.912,UPTREND,STRONG_SELL_PREMIUM,RANGE,NO_TRADE,EVENT:US CPI Data | EVENT:DEFINED_RISK_ONLY | EVENT:ONLY_RANGE_ALLOWED,25.15,1,43.81,HIGH,1,0,0,0,0,0,,,,
12:38:14,23353.15,23277.3,23231.4,VERY_NARROW,23360.85,23231.4,0.941,UPTREND,STRONG_SELL_PREMIUM,RANGE,NO_TRADE,EVENT:US CPI Data | EVENT:DEFINED_RISK_ONLY | EVENT:ONLY_RANGE_ALLOWED,25.4,1,43.78,HIGH,1,0,0,0,0,0,,,,
12:38:29,23350.1,23277.3,23231.4,VERY_NARROW,23360.85,23231.4,0.917,UPTREND,STRONG_SELL_PREMIUM,RANGE,NO_TRADE,EVENT:US CPI Data | EVENT:DEFINED_RISK_ONLY | EVENT:ONLY_RANGE_ALLOWED,25.4,1,43.75,HIGH,1,0,0,0,0,0,,,,
12:38:44,23346.65,23277.3,23231.4,VERY_NARROW,23360.85,23231.4,0.890,UPTREND,STRONG_SELL_PREMIUM,RANGE,NO_TRADE,EVENT:US CPI Data | EVENT:DEFINED_RISK_ONLY | EVENT:ONLY_RANGE_ALLOWED,25.4,1,43.73,HIGH,1,0,0,0,0,0,,,,
12:38:59,23347.4,23277.3,23231.4,VERY_NARROW,23360.85,23231.4,0.896,UPTREND,STRONG_SELL_PREMIUM,RANGE,NO_TRADE,EVENT:US CPI Data | EVENT:DEFINED_RISK_ONLY | EVENT:ONLY_RANGE_ALLOWED,25.4,1,43.7,HIGH,1,0,0,0,0,0,,,,
12:39:14,23345.1,23277.3,23231.4,VERY_NARROW,23360.85,23231.4,0.878,UPTREND,STRONG_SELL_PREMIUM,RANGE,NO_TRADE,EVENT:US CPI Data | EVENT:DEFINED_RISK_ONLY | EVENT:ONLY_RANGE_ALLOWED,25.4,1,43.67,HIGH,1,0,0,0,0,0,,,,
12:39:29,23343.45,23277.3,23231.4,VERY_NARROW,23360.85,23231.4,0.866,UPTREND,STRONG_SELL_PREMIUM,RANGE,NO_TRADE,EVENT:US CPI Data | EVENT:DEFINED_RISK_ONLY | EVENT:ONLY_RANGE_ALLOWED,25.4,1,43.65,HIGH,1,0,0,0,0,0,,,,
12:39:44,23345.4,23277.3,23231.4,VERY_NARROW,23360.85,23231.4,0.881,UPTREND,STRONG_SELL_PREMIUM,RANGE,NO_TRADE,EVENT:US CPI Data | EVENT:DEFINED_RISK_ONLY | EVENT:ONLY_RANGE_ALLOWED,25.4,1,43.62,HIGH,1,0,0,0,0,0,,,,
12:39:59,23346.25,23277.3,23231.4,VERY_NARROW,23360.85,23231.4,0.887,UPTREND,STRONG_SELL_PREMIUM,RANGE,NO_TRADE,EVENT:US CPI Data | EVENT:DEFINED_RISK_ONLY | EVENT:ONLY_RANGE_ALLOWED,25.4,1,43.59,HIGH,1,0,0,0,0,0,,,,
12:40:14,23347.95,23277.3,23231.4,VERY_NARROW,23360.85,23231.4,0.900,UPTREND,STRONG_SELL_PREMIUM,RANGE,NO_TRADE,EVENT:US CPI Data | EVENT:DEFINED_RISK_ONLY | EVENT:ONLY_RANGE_ALLOWED,25.25,1,43.57,HIGH,1,0,0,0,0,0,,,,
12:40:29,23344.8,23277.3,23231.4,VERY_NARROW,23360.85,23231.4,0.876,UPTREND,STRONG_SELL_PREMIUM,RANGE,NO_TRADE,EVENT:US CPI Data | EVENT:DEFINED_RISK_ONLY | EVENT:ONLY_RANGE_ALLOWED,25.25,1,43.54,HIGH,1,0,0,0,0,0,,,,
12:40:45,23345.35,23277.3,23231.4,VERY_NARROW,23360.85,23231.4,0.880,UPTREND,STRONG_SELL_PREMIUM,RANGE,NO_TRADE,EVENT:US CPI Data | EVENT:DEFINED_RISK_ONLY | EVENT:ONLY_RANGE_ALLOWED,25.25,1,43.51,HIGH,1,0,0,0,0,0,,,,
12:41:00,23344.9,23277.3,23231.4,VERY_NARROW,23360.85,23231.4,0.877,UPTREND,STRONG_SELL_PREMIUM,RANGE,NO_TRADE,EVENT:US CPI Data | EVENT:DEFINED_RISK_ONLY | EVENT:ONLY_RANGE_ALLOWED,25.25,1,43.49,HIGH,1,0,0,0,0,0,,,,
12:41:15,23347.0,23277.3,23231.4,VERY_NARROW,23360.85,23231.4,0.893,UPTREND,STRONG_SELL_PREMIUM,RANGE,NO_TRADE,EVENT:US CPI Data | EVENT:DEFINED_RISK_ONLY | EVENT:ONLY_RANGE_ALLOWED,25.25,1,43.46,HIGH,1,0,0,0,0,0,,,,
12:41:30,23343.9,23277.3,23231.4,VERY_NARROW,23360.85,23231.4,0.869,UPTREND,STRONG_SELL_PREMIUM,RANGE,NO_TRADE,EVENT:US CPI Data | EVENT:DEFINED_RISK_ONLY | EVENT:ONLY_RANGE_ALLOWED,25.25,1,43.43,HIGH,1,0,0,0,0,0,,,,
12:41:45,23348.0,23277.3,23231.4,VERY_NARROW,23360.85,23231.4,0.901,UPTREND,STRONG_SELL_PREMIUM,RANGE,NO_TRADE,EVENT:US CPI Data | EVENT:DEFINED_RISK_ONLY | EVENT:ONLY_RANGE_ALLOWED,25.25,1,43.41,HIGH,1,0,0,0,0,0,,,,
12:42:00,23350.3,23277.3,23231.4,VERY_NARROW,23360.85,23231.4,0.919,UPTREND,STRONG_SELL_PREMIUM,RANGE,NO_TRADE,EVENT:US CPI Data | EVENT:DEFINED_RISK_ONLY | EVENT:ONLY_RANGE_ALLOWED,25.51,1,43.38,HIGH,1,0,0,0,0,0,,,,
12:42:15,23352.95,23277.3,23231.4,VERY_NARROW,23360.85,23231.4,0.939,UPTREND,STRONG_SELL_PREMIUM,RANGE,NO_TRADE,EVENT:US CPI Data | EVENT:DEFINED_RISK_ONLY | EVENT:ONLY_RANGE_ALLOWED,25.51,1,43.35,HIGH,1,0,0,0,0,0,,,,
12:42:30,23353.8,23277.3,23231.4,VERY_NARROW,23360.85,23231.4,0.946,UPTREND,STRONG_SELL_PREMIUM,RANGE,NO_TRADE,EVENT:US CPI Data | EVENT:DEFINED_RISK_ONLY | EVENT:ONLY_RANGE_ALLOWED,25.51,1,43.33,HIGH,1,0,0,0,0,0,,,,
12:42:45,23355.7,23277.3,23231.4,VERY_NARROW,23360.85,23231.4,0.960,UPTREND,STRONG_SELL_PREMIUM,RANGE,NO_TRADE,EVENT:US CPI Data | EVENT:DEFINED_RISK_ONLY | EVENT:ONLY_RANGE_ALLOWED,25.51,1,43.3,HIGH,1,0,0,0,0,0,,,,
12:43:00,23356.0,23277.3,23231.4,VERY_NARROW,23361.1,23231.4,0.961,UPTREND,STRONG_SELL_PREMIUM,RANGE,NO_TRADE,EVENT:US CPI Data | EVENT:DEFINED_RISK_ONLY | EVENT:ONLY_RANGE_ALLOWED,26.0,1,43.36,HIGH,1,0,0,0,0,0,,,,
12:43:15,23358.65,23277.3,23231.4,VERY_NARROW,23361.1,23231.4,0.981,UPTREND,STRONG_SELL_PREMIUM,RANGE,NO_TRADE,EVENT:US CPI Data | EVENT:DEFINED_RISK_ONLY | EVENT:ONLY_RANGE_ALLOWED,26.0,1,43.33,HIGH,1,0,0,0,0,0,,,,
12:43:30,23358.05,23277.3,23231.4,VERY_NARROW,23361.1,23231.4,0.976,UPTREND,STRONG_SELL_PREMIUM,RANGE,NO_TRADE,EVENT:US CPI Data | EVENT:DEFINED_RISK_ONLY | EVENT:ONLY_RANGE_ALLOWED,26.0,1,43.31,HIGH,1,0,0,0,0,0,,,,
12:43:45,23357.5,23277.3,23231.4,VERY_NARROW,23361.1,23231.4,0.972,UPTREND,STRONG_SELL_PREMIUM,RANGE,NO_TRADE,EVENT:US CPI Data | EVENT:DEFINED_RISK_ONLY | EVENT:ONLY_RANGE_ALLOWED,26.0,1,43.28,HIGH,1,0,0,0,0,0,,,,
12:44:00,23355.45,23277.3,23231.4,VERY_NARROW,23361.1,23231.4,0.956,UPTREND,STRONG_SELL_PREMIUM,RANGE,NO_TRADE,EVENT:US CPI Data | EVENT:DEFINED_RISK_ONLY | EVENT:ONLY_RANGE_ALLOWED,26.0,1,43.26,HIGH,1,0,0,0,0,0,,,,
12:44:15,23352.65,23277.3,23231.4,VERY_NARROW,23361.1,23231.4,0.935,UPTREND,STRONG_SELL_PREMIUM,RANGE,NO_TRADE,EVENT:US CPI Data | EVENT:DEFINED_RISK_ONLY | EVENT:ONLY_RANGE_ALLOWED,26.0,1,43.23,HIGH,1,0,0,0,0,0,,,,
12:44:30,23351.85,23277.3,23231.4,VERY_NARROW,23361.1,23231.4,0.929,UPTREND,STRONG_SELL_PREMIUM,RANGE,NO_TRADE,EVENT:US CPI Data | EVENT:DEFINED_RISK_ONLY | EVENT:ONLY_RANGE_ALLOWED,26.0,1,43.2,HIGH,1,0,0,0,0,0,,,,
12:44:45,23351.85,23277.3,23231.4,VERY_NARROW,23361.1,23231.4,0.929,UPTREND,STRONG_SELL_PREMIUM,RANGE,NO_TRADE,EVENT:US CPI Data | EVENT:DEFINED_RISK_ONLY | EVENT:ONLY_RANGE_ALLOWED,26.0,1,43.18,HIGH,1,0,0,0,0,0,,,,
12:45:00,23350.45,23277.3,23231.4,VERY_NARROW,23361.1,23231.4,0.918,UPTREND,STRONG_SELL_PREMIUM,RANGE,NO_TRADE,EVENT:US CPI Data | EVENT:DEFINED_RISK_ONLY | EVENT:ONLY_RANGE_ALLOWED,26.35,1,43.15,HIGH,1,0,0,0,0,0,,,,
12:45:15,23348.8,23277.3,23231.4,VERY_NARROW,23361.1,23231.4,0.905,UPTREND,STRONG_SELL_PREMIUM,RANGE,NO_TRADE,EVENT:US CPI Data | EVENT:DEFINED_RISK_ONLY | EVENT:ONLY_RANGE_ALLOWED,26.35,1,43.13,HIGH,1,0,0,0,0,0,,,,
12:45:31,23349.0,23277.3,23231.4,VERY_NARROW,23361.1,23231.4,0.907,UPTREND,STRONG_SELL_PREMIUM,RANGE,NO_TRADE,EVENT:US CPI Data | EVENT:DEFINED_RISK_ONLY | EVENT:ONLY_RANGE_ALLOWED,26.35,1,43.1,HIGH,1,0,0,0,0,0,,,,
12:45:45,23349.15,23277.3,23231.4,VERY_NARROW,23361.1,23231.4,0.908,UPTREND,STRONG_SELL_PREMIUM,RANGE,NO_TRADE,EVENT:US CPI Data | EVENT:DEFINED_RISK_ONLY | EVENT:ONLY_RANGE_ALLOWED,26.35,1,43.08,HIGH,1,0,0,0,0,0,,,,
12:46:01,23345.0,23277.3,23231.4,VERY_NARROW,23361.1,23231.4,0.876,UPTREND,STRONG_SELL_PREMIUM,RANGE,NO_TRADE,EVENT:US CPI Data | EVENT:DEFINED_RISK_ONLY | EVENT:ONLY_RANGE_ALLOWED,25.12,1,43.05,HIGH,1,0,0,0,0,0,,,,
12:46:16,23342.85,23277.3,23231.4,VERY_NARROW,23361.1,23231.4,0.859,UPTREND,STRONG_SELL_PREMIUM,RANGE,NO_TRADE,EVENT:US CPI Data | EVENT:DEFINED_RISK_ONLY | EVENT:ONLY_RANGE_ALLOWED,25.12,1,43.02,HIGH,1,0,0,0,0,0,,,,
12:46:31,23340.3,23277.3,23231.4,VERY_NARROW,23361.1,23231.4,0.840,UPTREND,STRONG_SELL_PREMIUM,RANGE,NO_TRADE,EVENT:US CPI Data | EVENT:DEFINED_RISK_ONLY | EVENT:ONLY_RANGE_ALLOWED,25.12,1,43.0,HIGH,1,0,0,0,0,0,,,,
12:46:46,23341.85,23277.3,23231.4,VERY_NARROW,23361.1,23231.4,0.852,UPTREND,STRONG_SELL_PREMIUM,RANGE,NO_TRADE,EVENT:US CPI Data | EVENT:DEFINED_RISK_ONLY | EVENT:ONLY_RANGE_ALLOWED,25.12,1,42.97,HIGH,1,0,0,0,0,0,,,,
12:47:01,23342.55,23277.3,23231.4,VERY_NARROW,23361.1,23231.4,0.857,UPTREND,STRONG_SELL_PREMIUM,RANGE,NO_TRADE,EVENT:US CPI Data | EVENT:DEFINED_RISK_ONLY | EVENT:ONLY_RANGE_ALLOWED,25.12,1,42.95,HIGH,1,0,0,0,0,0,,,,
12:47:16,23343.7,23277.3,23231.4,VERY_NARROW,23361.1,23231.4,0.866,UPTREND,STRONG_SELL_PREMIUM,RANGE,NO_TRADE,EVENT:US CPI Data | EVENT:DEFINED_RISK_ONLY | EVENT:ONLY_RANGE_ALLOWED,25.12,1,42.92,HIGH,1,0,0,0,0,0,,,,
12:47:31,23340.25,23277.3,23231.4,VERY_NARROW,23361.1,23231.4,0.839,UPTREND,STRONG_SELL_PREMIUM,RANGE,NO_TRADE,EVENT:US CPI Data | EVENT:DEFINED_RISK_ONLY | EVENT:ONLY_RANGE_ALLOWED,25.12,1,42.9,HIGH,1,0,0,0,0,0,,,,
12:47:46,23342.3,23277.3,23231.4,VERY_NARROW,23361.1,23231.4,0.855,UPTREND,STRONG_SELL_PREMIUM,RANGE,NO_TRADE,EVENT:US CPI Data | EVENT:DEFINED_RISK_ONLY | EVENT:ONLY_RANGE_ALLOWED,25.12,1,42.87,HIGH,1,0,0,0,0,0,,,,
12:48:01,23342.0,23277.3,23231.4,VERY_NARROW,23361.1,23231.4,0.853,UPTREND,STRONG_SELL_PREMIUM,RANGE,NO_TRADE,EVENT:US CPI Data | EVENT:DEFINED_RISK_ONLY | EVENT:ONLY_RANGE_ALLOWED,25.12,1,42.85,HIGH,1,0,0,0,0,0,,,,
12:48:16,23341.7,23277.3,23231.4,VERY_NARROW,23361.1,23231.4,0.850,UPTREND,STRONG_SELL_PREMIUM,RANGE,NO_TRADE,EVENT:US CPI Data | EVENT:DEFINED_RISK_ONLY | EVENT:ONLY_RANGE_ALLOWED,25.12,1,42.82,HIGH,1,0,0,0,0,0,,,,
12:48:31,23339.95,23277.3,23231.4,VERY_NARROW,23361.1,23231.4,0.837,UPTREND,STRONG_SELL_PREMIUM,RANGE,NO_TRADE,EVENT:US CPI Data | EVENT:DEFINED_RISK_ONLY | EVENT:ONLY_RANGE_ALLOWED,25.12,1,42.8,HIGH,1,0,0,0,0,0,,,,
12:48:46,23341.5,23277.3,23231.4,VERY_NARROW,23361.1,23231.4,0.849,UPTREND,STRONG_SELL_PREMIUM,RANGE,NO_TRADE,EVENT:US CPI Data | EVENT:DEFINED_RISK_ONLY | EVENT:ONLY_RANGE_ALLOWED,25.12,1,42.77,HIGH,1,0,0,0,0,0,,,,
12:49:01,23343.5,23277.3,23231.4,VERY_NARROW,23361.1,23231.4,0.864,UPTREND,STRONG_SELL_PREMIUM,RANGE,NO_TRADE,EVENT:US CPI Data | EVENT:DEFINED_RISK_ONLY | EVENT:ONLY_RANGE_ALLOWED,25.12,1,42.75,HIGH,1,0,0,0,0,0,,,,
12:49:16,23344.4,23277.3,23231.4,VERY_NARROW,23361.1,23231.4,0.871,UPTREND,STRONG_SELL_PREMIUM,RANGE,NO_TRADE,EVENT:US CPI Data | EVENT:DEFINED_RISK_ONLY | EVENT:ONLY_RANGE_ALLOWED,25.12,1,42.72,HIGH,1,0,0,0,0,0,,,,
12:49:31,23343.6,23277.3,23231.4,VERY_NARROW,23361.1,23231.4,0.865,UPTREND,STRONG_SELL_PREMIUM,RANGE,NO_TRADE,EVENT:US CPI Data | EVENT:DEFINED_RISK_ONLY | EVENT:ONLY_RANGE_ALLOWED,25.12,1,42.7,HIGH,1,0,0,0,0,0,,,,
12:49:46,23341.45,23277.3,23231.4,VERY_NARROW,23361.1,23231.4,0.848,UPTREND,STRONG_SELL_PREMIUM,RANGE,NO_TRADE,EVENT:US CPI Data | EVENT:DEFINED_RISK_ONLY | EVENT:ONLY_RANGE_ALLOWED,25.12,1,42.67,HIGH,1,0,0,0,0,0,,,,
12:50:01,23343.2,23277.3,23231.4,VERY_NARROW,23361.1,23231.4,0.862,UPTREND,STRONG_SELL_PREMIUM,RANGE,NO_TRADE,EVENT:US CPI Data | EVENT:DEFINED_RISK_ONLY | EVENT:ONLY_RANGE_ALLOWED,24.34,1,42.65,HIGH,1,0,0,0,0,0,,,,
12:50:16,23342.2,23277.3,23231.4,VERY_NARROW,23361.1,23231.4,0.854,UPTREND,STRONG_SELL_PREMIUM,RANGE,NO_TRADE,EVENT:US CPI Data | EVENT:DEFINED_RISK_ONLY | EVENT:ONLY_RANGE_ALLOWED,24.34,1,42.62,HIGH,1,0,0,0,0,0,,,,
12:50:31,23340.7,23277.3,23231.4,VERY_NARROW,23361.1,23231.4,0.843,UPTREND,STRONG_SELL_PREMIUM,RANGE,NO_TRADE,EVENT:US CPI Data | EVENT:DEFINED_RISK_ONLY | EVENT:ONLY_RANGE_ALLOWED,24.34,1,42.6,HIGH,1,0,0,0,0,0,,,,
12:50:46,23339.65,23277.3,23231.4,VERY_NARROW,23361.1,23231.4,0.835,UPTREND,STRONG_SELL_PREMIUM,RANGE,NO_TRADE,EVENT:US CPI Data | EVENT:DEFINED_RISK_ONLY | EVENT:ONLY_RANGE_ALLOWED,24.34,1,42.57,HIGH,1,0,0,0,0,0,,,,
12:51:01,23341.75,23277.3,23231.4,VERY_NARROW,23361.1,23231.4,0.851,UPTREND,STRONG_SELL_PREMIUM,RANGE,NO_TRADE,EVENT:US CPI Data | EVENT:DEFINED_RISK_ONLY | EVENT:ONLY_RANGE_ALLOWED,24.27,1,42.55,HIGH,1,0,0,0,0,0,,,,
12:51:16,23340.65,23277.3,23231.4,VERY_NARROW,23361.1,23231.4,0.842,UPTREND,STRONG_SELL_PREMIUM,RANGE,NO_TRADE,EVENT:US CPI Data | EVENT:DEFINED_RISK_ONLY | EVENT:ONLY_RANGE_ALLOWED,24.27,1,42.52,HIGH,1,0,0,0,0,0,,,,
12:51:31,23339.5,23277.3,23231.4,VERY_NARROW,23361.1,23231.4,0.833,UPTREND,STRONG_SELL_PREMIUM,RANGE,NO_TRADE,EVENT:US CPI Data | EVENT:DEFINED_RISK_ONLY | EVENT:ONLY_RANGE_ALLOWED,24.27,1,42.5,HIGH,1,0,0,0,0,0,,,,
12:51:46,23339.1,23277.3,23231.4,VERY_NARROW,23361.1,23231.4,0.830,UPTREND,STRONG_SELL_PREMIUM,RANGE,NO_TRADE,EVENT:US CPI Data | EVENT:DEFINED_RISK_ONLY | EVENT:ONLY_RANGE_ALLOWED,24.27,1,42.47,HIGH,1,0,0,0,0,0,,,,
12:52:01,23338.15,23277.3,23231.4,VERY_NARROW,23361.1,23231.4,0.823,UPTREND,STRONG_SELL_PREMIUM,RANGE,NO_TRADE,EVENT:US CPI Data | EVENT:DEFINED_RISK_ONLY | EVENT:ONLY_RANGE_ALLOWED,24.27,1,42.45,HIGH,1,0,0,0,0,0,,,,
12:52:16,23339.55,23277.3,23231.4,VERY_NARROW,23361.1,23231.4,0.834,UPTREND,STRONG_SELL_PREMIUM,RANGE,NO_TRADE,EVENT:US CPI Data | EVENT:DEFINED_RISK_ONLY | EVENT:ONLY_RANGE_ALLOWED,24.27,1,42.42,HIGH,1,0,0,0,0,0,,,,
12:52:31,23342.15,23277.3,23231.4,VERY_NARROW,23361.1,23231.4,0.854,UPTREND,STRONG_SELL_PREMIUM,RANGE,NO_TRADE,EVENT:US CPI Data | EVENT:DEFINED_RISK_ONLY | EVENT:ONLY_RANGE_ALLOWED,24.27,1,42.4,HIGH,1,0,0,0,0,0,,,,
12:52:46,23343.75,23277.3,23231.4,VERY_NARROW,23361.1,23231.4,0.866,UPTREND,STRONG_SELL_PREMIUM,RANGE,NO_TRADE,EVENT:US CPI Data | EVENT:DEFINED_RISK_ONLY | EVENT:ONLY_RANGE_ALLOWED,24.27,1,42.38,HIGH,1,0,0,0,0,0,,,,
12:53:01,23344.9,23277.3,23231.4,VERY_NARROW,23361.1,23231.4,0.875,UPTREND,STRONG_SELL_PREMIUM,RANGE,NO_TRADE,EVENT:US CPI Data | EVENT:DEFINED_RISK_ONLY | EVENT:ONLY_RANGE_ALLOWED,24.27,1,42.35,HIGH,1,0,0,0,0,0,,,,
12:53:16,23345.45,23277.3,23231.4,VERY_NARROW,23361.1,23231.4,0.879,UPTREND,STRONG_SELL_PREMIUM,RANGE,NO_TRADE,EVENT:US CPI Data | EVENT:DEFINED_RISK_ONLY | EVENT:ONLY_RANGE_ALLOWED,24.27,1,42.33,HIGH,1,0,0,0,0,0,,,,
12:53:31,23346.15,23277.3,23231.4,VERY_NARROW,23361.1,23231.4,0.885,UPTREND,STRONG_SELL_PREMIUM,RANGE,NO_TRADE,EVENT:US CPI Data | EVENT:DEFINED_RISK_ONLY | EVENT:ONLY_RANGE_ALLOWED,24.27,1,42.3,HIGH,1,0,0,0,0,0,,,,
12:53:46,23346.65,23277.3,23231.4,VERY_NARROW,23361.1,23231.4,0.889,UPTREND,STRONG_SELL_PREMIUM,RANGE,NO_TRADE,EVENT:US CPI Data | EVENT:DEFINED_RISK_ONLY | EVENT:ONLY_RANGE_ALLOWED,24.27,1,42.28,HIGH,1,0,0,0,0,0,,,,
12:54:01,23347.95,23277.3,23231.4,VERY_NARROW,23361.1,23231.4,0.899,UPTREND,STRONG_SELL_PREMIUM,RANGE,NO_TRADE,EVENT:US CPI Data | EVENT:DEFINED_RISK_ONLY | EVENT:ONLY_RANGE_ALLOWED,24.27,1,42.25,HIGH,1,0,0,0,0,0,,,,
12:54:16,23347.8,23277.3,23231.4,VERY_NARROW,23361.1,23231.4,0.897,UPTREND,STRONG_SELL_PREMIUM,RANGE,NO_TRADE,EVENT:US CPI Data | EVENT:DEFINED_RISK_ONLY | EVENT:ONLY_RANGE_ALLOWED,24.27,1,42.23,HIGH,1,0,0,0,0,0,,,,
12:54:32,23347.4,23277.3,23231.4,VERY_NARROW,23361.1,23231.4,0.894,UPTREND,STRONG_SELL_PREMIUM,RANGE,NO_TRADE,EVENT:US CPI Data | EVENT:DEFINED_RISK_ONLY | EVENT:ONLY_RANGE_ALLOWED,24.27,1,42.21,HIGH,1,0,0,0,0,0,,,,
12:54:47,23349.7,23277.3,23231.4,VERY_NARROW,23361.1,23231.4,0.912,UPTREND,STRONG_SELL_PREMIUM,RANGE,NO_TRADE,EVENT:US CPI Data | EVENT:DEFINED_RISK_ONLY | EVENT:ONLY_RANGE_ALLOWED,24.27,1,42.18,HIGH,1,0,0,0,0,0,,,,
12:55:02,23349.3,23277.3,23231.4,VERY_NARROW,23361.1,23231.4,0.909,UPTREND,STRONG_SELL_PREMIUM,RANGE,NO_TRADE,EVENT:US CPI Data | EVENT:DEFINED_RISK_ONLY | EVENT:ONLY_RANGE_ALLOWED,24.14,1,42.16,HIGH,1,0,0,0,0,0,,,,
12:55:17,23351.75,23277.3,23231.4,VERY_NARROW,23361.1,23231.4,0.928,UPTREND,STRONG_SELL_PREMIUM,RANGE,NO_TRADE,EVENT:US CPI Data | EVENT:DEFINED_RISK_ONLY | EVENT:ONLY_RANGE_ALLOWED,24.14,1,42.13,HIGH,1,0,0,0,0,0,,,,
12:55:32,23352.35,23277.3,23231.4,VERY_NARROW,23361.1,23231.4,0.933,UPTREND,STRONG_SELL_PREMIUM,RANGE,NO_TRADE,EVENT:US CPI Data | EVENT:DEFINED_RISK_ONLY | EVENT:ONLY_RANGE_ALLOWED,24.14,1,42.11,HIGH,1,0,0,0,0,0,,,,
12:55:47,23353.45,23277.3,23231.4,VERY_NARROW,23361.1,23231.4,0.941,UPTREND,STRONG_SELL_PREMIUM,RANGE,NO_TRADE,EVENT:US CPI Data | EVENT:DEFINED_RISK_ONLY | EVENT:ONLY_RANGE_ALLOWED,24.14,1,42.09,HIGH,1,0,0,0,0,0,,,,
12:56:02,23352.55,23277.3,23231.4,VERY_NARROW,23361.1,23231.4,0.934,UPTREND,STRONG_SELL_PREMIUM,RANGE,NO_TRADE,EVENT:US CPI Data | EVENT:DEFINED_RISK_ONLY | EVENT:ONLY_RANGE_ALLOWED,24.36,1,42.06,HIGH,1,0,0,0,0,0,,,,
12:56:17,23354.1,23277.3,23231.4,VERY_NARROW,23361.1,23231.4,0.946,UPTREND,STRONG_SELL_PREMIUM,RANGE,NO_TRADE,EVENT:US CPI Data | EVENT:DEFINED_RISK_ONLY | EVENT:ONLY_RANGE_ALLOWED,24.36,1,42.04,HIGH,1,0,0,0,0,0,,,,
12:56:32,23351.45,23277.3,23231.4,VERY_NARROW,23361.1,23231.4,0.926,UPTREND,STRONG_SELL_PREMIUM,RANGE,NO_TRADE,EVENT:US CPI Data | EVENT:DEFINED_RISK_ONLY | EVENT:ONLY_RANGE_ALLOWED,24.36,1,42.01,HIGH,1,0,0,0,0,0,,,,
12:56:47,23352.75,23277.3,23231.4,VERY_NARROW,23361.1,23231.4,0.936,UPTREND,STRONG_SELL_PREMIUM,RANGE,NO_TRADE,EVENT:US CPI Data | EVENT:DEFINED_RISK_ONLY | EVENT:ONLY_RANGE_ALLOWED,24.36,1,41.99,HIGH,1,0,0,0,0,0,,,,
12:57:02,23351.6,23277.3,23231.4,VERY_NARROW,23361.1,23231.4,0.927,UPTREND,STRONG_SELL_PREMIUM,RANGE,NO_TRADE,EVENT:US CPI Data | EVENT:DEFINED_RISK_ONLY | EVENT:ONLY_RANGE_ALLOWED,24.36,1,41.97,HIGH,1,0,0,0,0,0,,,,
12:57:17,23351.85,23277.3,23231.4,VERY_NARROW,23361.1,23231.4,0.929,UPTREND,STRONG_SELL_PREMIUM,RANGE,NO_TRADE,EVENT:US CPI Data | EVENT:DEFINED_RISK_ONLY | EVENT:ONLY_RANGE_ALLOWED,24.36,1,41.94,HIGH,1,0,0,0,0,0,,,,
12:57:32,23351.1,23277.3,23231.4,VERY_NARROW,23361.1,23231.4,0.923,UPTREND,STRONG_SELL_PREMIUM,RANGE,NO_TRADE,EVENT:US CPI Data | EVENT:DEFINED_RISK_ONLY | EVENT:ONLY_RANGE_ALLOWED,24.36,1,41.92,HIGH,1,0,0,0,0,0,,,,
12:57:47,23349.75,23277.3,23231.4,VERY_NARROW,23361.1,23231.4,0.912,UPTREND,STRONG_SELL_PREMIUM,RANGE,NO_TRADE,EVENT:US CPI Data | EVENT:DEFINED_RISK_ONLY | EVENT:ONLY_RANGE_ALLOWED,24.36,1,41.9,HIGH,1,0,0,0,0,0,,,,
12:58:02,23349.1,23277.3,23231.4,VERY_NARROW,23361.1,23231.4,0.907,UPTREND,STRONG_SELL_PREMIUM,RANGE,NO_TRADE,EVENT:US CPI Data | EVENT:DEFINED_RISK_ONLY | EVENT:ONLY_RANGE_ALLOWED,24.55,1,41.87,HIGH,1,0,0,0,0,0,,,,
12:58:17,23354.7,23277.3,23231.4,VERY_NARROW,23361.1,23231.4,0.951,UPTREND,STRONG_SELL_PREMIUM,RANGE,NO_TRADE,EVENT:US CPI Data | EVENT:DEFINED_RISK_ONLY | EVENT:ONLY_RANGE_ALLOWED,24.55,1,41.85,HIGH,1,0,0,0,0,0,,,,
12:58:32,23354.0,23277.3,23231.4,VERY_NARROW,23361.1,23231.4,0.945,UPTREND,STRONG_SELL_PREMIUM,RANGE,NO_TRADE,EVENT:US CPI Data | EVENT:DEFINED_RISK_ONLY | EVENT:ONLY_RANGE_ALLOWED,24.55,1,41.83,HIGH,1,0,0,0,0,0,,,,
12:58:47,23356.9,23277.3,23231.4,VERY_NARROW,23361.1,23231.4,0.968,UPTREND,STRONG_SELL_PREMIUM,RANGE,NO_TRADE,EVENT:US CPI Data | EVENT:DEFINED_RISK_ONLY | EVENT:ONLY_RANGE_ALLOWED,24.55,1,41.8,HIGH,1,0,0,0,0,0,,,,
12:59:02,23356.1,23277.3,23231.4,VERY_NARROW,23361.1,23231.4,0.961,UPTREND,STRONG_SELL_PREMIUM,RANGE,NO_TRADE,EVENT:US CPI Data | EVENT:DEFINED_RISK_ONLY | EVENT:ONLY_RANGE_ALLOWED,24.71,1,41.78,HIGH,1,0,0,0,0,0,,,,
12:59:17,23354.95,23277.3,23231.4,VERY_NARROW,23361.1,23231.4,0.953,UPTREND,STRONG_SELL_PREMIUM,RANGE,NO_TRADE,EVENT:US CPI Data | EVENT:DEFINED_RISK_ONLY | EVENT:ONLY_RANGE_ALLOWED,24.71,1,41.76,HIGH,1,0,0,0,0,0,,,,
12:59:32,23354.6,23277.3,23231.4,VERY_NARROW,23361.1,23231.4,0.950,UPTREND,STRONG_SELL_PREMIUM,RANGE,NO_TRADE,EVENT:US CPI Data | EVENT:DEFINED_RISK_ONLY | EVENT:ONLY_RANGE_ALLOWED,24.71,1,41.73,HIGH,1,0,0,0,0,0,,,,
12:59:47,23356.15,23277.3,23231.4,VERY_NARROW,23361.1,23231.4,0.962,UPTREND,STRONG_SELL_PREMIUM,RANGE,NO_TRADE,EVENT:US CPI Data | EVENT:DEFINED_RISK_ONLY | EVENT:ONLY_RANGE_ALLOWED,24.71,1,41.71,HIGH,1,0,0,0,0,0,,,,
13:00:02,23353.25,23277.3,23231.4,VERY_NARROW,23361.1,23231.4,0.939,UPTREND,STRONG_SELL_PREMIUM,RANGE,NO_TRADE,EVENT:US CPI Data | EVENT:DEFINED_RISK_ONLY | EVENT:ONLY_RANGE_ALLOWED,24.48,1,41.69,HIGH,1,0,0,0,0,0,,,,
13:00:18,23351.45,23277.3,23231.4,VERY_NARROW,23361.1,23231.4,0.926,UPTREND,STRONG_SELL_PREMIUM,RANGE,NO_TRADE,EVENT:US CPI Data | EVENT:DEFINED_RISK_ONLY | EVENT:ONLY_RANGE_ALLOWED,24.48,1,41.66,HIGH,1,0,0,0,0,0,,,,
13:00:32,23350.6,23277.3,23231.4,VERY_NARROW,23361.1,23231.4,0.919,UPTREND,STRONG_SELL_PREMIUM,RANGE,NO_TRADE,EVENT:US CPI Data | EVENT:DEFINED_RISK_ONLY | EVENT:ONLY_RANGE_ALLOWED,24.48,1,41.64,HIGH,1,0,0,0,0,0,,,,
13:00:47,23347.2,23277.3,23231.4,VERY_NARROW,23361.1,23231.4,0.893,UPTREND,STRONG_SELL_PREMIUM,RANGE,NO_TRADE,EVENT:US CPI Data | EVENT:DEFINED_RISK_ONLY | EVENT:ONLY_RANGE_ALLOWED,24.48,1,41.62,HIGH,1,0,0,0,0,0,,,,
13:01:03,23345.7,23277.3,23231.4,VERY_NARROW,23361.1,23231.4,0.881,UPTREND,STRONG_SELL_PREMIUM,RANGE,NO_TRADE,EVENT:US CPI Data | EVENT:DEFINED_RISK_ONLY | EVENT:ONLY_RANGE_ALLOWED,23.51,1,41.59,HIGH,1,0,0,0,0,0,,,,
13:01:18,23341.35,23277.3,23231.4,VERY_NARROW,23361.1,23231.4,0.848,UPTREND,STRONG_SELL_PREMIUM,RANGE,NO_TRADE,EVENT:US CPI Data | EVENT:DEFINED_RISK_ONLY | EVENT:ONLY_RANGE_ALLOWED,23.51,1,41.57,HIGH,1,0,0,0,0,0,,,,
13:01:33,23342.6,23277.3,23231.4,VERY_NARROW,23361.1,23231.4,0.857,UPTREND,STRONG_SELL_PREMIUM,RANGE,NO_TRADE,EVENT:US CPI Data | EVENT:DEFINED_RISK_ONLY | EVENT:ONLY_RANGE_ALLOWED,23.51,1,41.55,HIGH,1,0,0,0,0,0,,,,
13:01:48,23343.6,23277.3,23231.4,VERY_NARROW,23361.1,23231.4,0.865,UPTREND,STRONG_SELL_PREMIUM,RANGE,NO_TRADE,EVENT:US CPI Data | EVENT:DEFINED_RISK_ONLY | EVENT:ONLY_RANGE_ALLOWED,23.51,1,41.52,HIGH,1,0,0,0,0,0,,,,
13:02:03,23343.35,23277.3,23231.4,VERY_NARROW,23361.1,23231.4,0.863,UPTREND,STRONG_SELL_PREMIUM,RANGE,NO_TRADE,EVENT:US CPI Data | EVENT:DEFINED_RISK_ONLY | EVENT:ONLY_RANGE_ALLOWED,23.31,1,41.5,HIGH,1,0,0,0,0,0,,,,
13:02:18,23341.15,23277.3,23231.4,VERY_NARROW,23361.1,23231.4,0.846,UPTREND,STRONG_SELL_PREMIUM,RANGE,NO_TRADE,EVENT:US CPI Data | EVENT:DEFINED_RISK_ONLY | EVENT:ONLY_RANGE_ALLOWED,23.31,1,41.48,HIGH,1,0,0,0,0,0,,,,
13:02:33,23340.55,23277.3,23231.4,VERY_NARROW,23361.1,23231.4,0.842,UPTREND,STRONG_SELL_PREMIUM,RANGE,NO_TRADE,EVENT:US CPI Data | EVENT:DEFINED_RISK_ONLY | EVENT:ONLY_RANGE_ALLOWED,23.31,1,41.46,HIGH,1,0,0,0,0,0,,,,
13:02:48,23343.75,23277.3,23231.4,VERY_NARROW,23361.1,23231.4,0.866,UPTREND,STRONG_SELL_PREMIUM,RANGE,NO_TRADE,EVENT:US CPI Data | EVENT:DEFINED_RISK_ONLY | EVENT:ONLY_RANGE_ALLOWED,23.31,1,41.43,HIGH,1,0,0,0,0,0,,,,
13:03:03,23342.8,23277.3,23231.4,VERY_NARROW,23361.1,23231.4,0.859,UPTREND,STRONG_SELL_PREMIUM,RANGE,NO_TRADE,EVENT:US CPI Data | EVENT:DEFINED_RISK_ONLY | EVENT:ONLY_RANGE_ALLOWED,22.36,1,41.41,HIGH,1,0,0,0,0,0,,,,
13:03:18,23335.0,23277.3,23231.4,VERY_NARROW,23361.1,23231.4,0.799,UPTREND,STRONG_SELL_PREMIUM,RANGE,NO_TRADE,EVENT:US CPI Data | EVENT:DEFINED_RISK_ONLY | EVENT:ONLY_RANGE_ALLOWED,22.36,1,41.39,HIGH,1,0,0,0,0,0,,,,
13:03:33,23336.65,23277.3,23231.4,VERY_NARROW,23361.1,23231.4,0.811,UPTREND,STRONG_SELL_PREMIUM,RANGE,NO_TRADE,EVENT:US CPI Data | EVENT:DEFINED_RISK_ONLY | EVENT:ONLY_RANGE_ALLOWED,22.36,1,41.36,HIGH,1,0,0,0,0,0,,,,
13:03:48,23336.5,23277.3,23231.4,VERY_NARROW,23361.1,23231.4,0.810,UPTREND,STRONG_SELL_PREMIUM,RANGE,NO_TRADE,EVENT:US CPI Data | EVENT:DEFINED_RISK_ONLY | EVENT:ONLY_RANGE_ALLOWED,22.36,1,41.34,HIGH,1,0,0,0,0,0,,,,
13:04:03,23335.95,23277.3,23231.4,VERY_NARROW,23361.1,23231.4,0.806,UPTREND,STRONG_SELL_PREMIUM,RANGE,NO_TRADE,EVENT:US CPI Data | EVENT:DEFINED_RISK_ONLY | EVENT:ONLY_RANGE_ALLOWED,22.65,1,41.32,HIGH,1,0,0,0,0,0,,,,
13:04:18,23335.9,23277.3,23231.4,VERY_NARROW,23361.1,23231.4,0.806,UPTREND,STRONG_SELL_PREMIUM,RANGE,NO_TRADE,EVENT:US CPI Data | EVENT:DEFINED_RISK_ONLY | EVENT:ONLY_RANGE_ALLOWED,22.65,1,41.3,HIGH,1,0,0,0,0,0,,,,
13:04:33,23336.55,23277.3,23231.4,VERY_NARROW,23361.1,23231.4,0.811,UPTREND,STRONG_SELL_PREMIUM,RANGE,NO_TRADE,EVENT:US CPI Data | EVENT:DEFINED_RISK_ONLY | EVENT:ONLY_RANGE_ALLOWED,22.65,1,41.27,HIGH,1,0,0,0,0,0,,,,
13:04:48,23332.6,23277.3,23231.4,VERY_NARROW,23361.1,23231.4,0.780,UPTREND,STRONG_SELL_PREMIUM,RANGE,NO_TRADE,EVENT:US CPI Data | EVENT:DEFINED_RISK_ONLY | EVENT:ONLY_RANGE_ALLOWED,22.65,1,41.25,HIGH,1,0,0,0,0,0,,,,
13:05:03,23330.15,23277.3,23231.4,VERY_NARROW,23361.1,23231.4,0.761,UPTREND,STRONG_SELL_PREMIUM,RANGE,NO_TRADE,EVENT:US CPI Data | EVENT:DEFINED_RISK_ONLY | EVENT:ONLY_RANGE_ALLOWED,21.41,1,41.23,HIGH,1,0,0,0,0,0,,,,
13:05:18,23329.8,23277.3,23231.4,VERY_NARROW,23361.1,23231.4,0.759,UPTREND,STRONG_SELL_PREMIUM,RANGE,NO_TRADE,EVENT:US CPI Data | EVENT:DEFINED_RISK_ONLY | EVENT:ONLY_RANGE_ALLOWED,21.41,1,41.21,HIGH,1,0,0,0,0,0,,,,
13:05:33,23328.25,23277.3,23231.4,VERY_NARROW,23361.1,23231.4,0.747,UPTREND,STRONG_SELL_PREMIUM,RANGE,NO_TRADE,EVENT:US CPI Data | EVENT:DEFINED_RISK_ONLY | EVENT:ONLY_RANGE_ALLOWED,21.41,1,41.18,HIGH,1,0,0,0,0,0,,,,
13:05:48,23331.25,23277.3,23231.4,VERY_NARROW,23361.1,23231.4,0.770,UPTREND,STRONG_SELL_PREMIUM,RANGE,NO_TRADE,EVENT:US CPI Data | EVENT:DEFINED_RISK_ONLY | EVENT:ONLY_RANGE_ALLOWED,21.41,1,41.16,HIGH,1,0,0,0,0,0,,,,
13:06:03,23328.2,23277.3,23231.4,VERY_NARROW,23361.1,23231.4,0.746,UPTREND,STRONG_SELL_PREMIUM,RANGE,NO_TRADE,EVENT:US CPI Data | EVENT:DEFINED_RISK_ONLY | EVENT:ONLY_RANGE_ALLOWED,21.67,1,41.14,HIGH,1,0,0,0,0,0,,,,
13:06:18,23328.2,23277.3,23231.4,VERY_NARROW,23361.1,23231.4,0.746,UPTREND,STRONG_SELL_PREMIUM,RANGE,NO_TRADE,EVENT:US CPI Data | EVENT:DEFINED_RISK_ONLY | EVENT:ONLY_RANGE_ALLOWED,21.67,1,41.12,HIGH,1,0,0,0,0,0,,,,
13:06:34,23327.95,23277.3,23231.4,VERY_NARROW,23361.1,23231.4,0.744,UPTREND,STRONG_SELL_PREMIUM,RANGE,NO_TRADE,EVENT:US CPI Data | EVENT:DEFINED_RISK_ONLY | EVENT:ONLY_RANGE_ALLOWED,21.67,1,41.09,HIGH,1,0,0,0,0,0,,,,
13:06:49,23327.6,23277.3,23231.4,VERY_NARROW,23361.1,23231.4,0.742,UPTREND,STRONG_SELL_PREMIUM,RANGE,NO_TRADE,EVENT:US CPI Data | EVENT:DEFINED_RISK_ONLY | EVENT:ONLY_RANGE_ALLOWED,21.67,1,41.07,HIGH,1,0,0,0,0,0,,,,
13:07:04,23329.3,23277.3,23231.4,VERY_NARROW,23361.1,23231.4,0.755,UPTREND,STRONG_SELL_PREMIUM,RANGE,NO_TRADE,EVENT:US CPI Data | EVENT:DEFINED_RISK_ONLY | EVENT:ONLY_RANGE_ALLOWED,21.67,1,41.05,HIGH,1,0,0,0,0,0,,,,
13:07:19,23330.65,23277.3,23231.4,VERY_NARROW,23361.1,23231.4,0.765,UPTREND,STRONG_SELL_PREMIUM,RANGE,NO_TRADE,EVENT:US CPI Data | EVENT:DEFINED_RISK_ONLY | EVENT:ONLY_RANGE_ALLOWED,21.67,1,41.03,HIGH,1,0,0,0,0,0,,,,
13:07:34,23332.05,23277.3,23231.4,VERY_NARROW,23361.1,23231.4,0.776,UPTREND,STRONG_SELL_PREMIUM,RANGE,NO_TRADE,EVENT:US CPI Data | EVENT:DEFINED_RISK_ONLY | EVENT:ONLY_RANGE_ALLOWED,21.67,1,41.01,HIGH,1,0,0,0,0,0,,,,
13:07:49,23333.25,23277.3,23231.4,VERY_NARROW,23361.1,23231.4,0.785,UPTREND,STRONG_SELL_PREMIUM,RANGE,NO_TRADE,EVENT:US CPI Data | EVENT:DEFINED_RISK_ONLY | EVENT:ONLY_RANGE_ALLOWED,21.67,1,40.98,HIGH,1,0,0,0,0,0,,,,
13:08:04,23335.85,23277.3,23231.4,VERY_NARROW,23361.1,23231.4,0.805,UPTREND,STRONG_SELL_PREMIUM,RANGE,NO_TRADE,EVENT:US CPI Data | EVENT:DEFINED_RISK_ONLY | EVENT:ONLY_RANGE_ALLOWED,21.67,1,40.96,HIGH,1,0,0,0,0,0,,,,
13:08:19,23335.0,23277.3,23231.4,VERY_NARROW,23361.1,23231.4,0.799,UPTREND,STRONG_SELL_PREMIUM,RANGE,NO_TRADE,EVENT:US CPI Data | EVENT:DEFINED_RISK_ONLY | EVENT:ONLY_RANGE_ALLOWED,21.67,1,40.94,HIGH,1,0,0,0,0,0,,,,
13:08:34,23334.45,23277.3,23231.4,VERY_NARROW,23361.1,23231.4,0.795,UPTREND,STRONG_SELL_PREMIUM,RANGE,NO_TRADE,EVENT:US CPI Data | EVENT:DEFINED_RISK_ONLY | EVENT:ONLY_RANGE_ALLOWED,21.67,1,40.92,HIGH,1,0,0,0,0,0,,,,
13:08:49,23335.2,23277.3,23231.4,VERY_NARROW,23361.1,23231.4,0.800,UPTREND,STRONG_SELL_PREMIUM,RANGE,NO_TRADE,EVENT:US CPI Data | EVENT:DEFINED_RISK_ONLY | EVENT:ONLY_RANGE_ALLOWED,21.67,1,40.9,HIGH,1,0,0,0,0,0,,,,
13:09:04,23333.75,23277.3,23231.4,VERY_NARROW,23361.1,23231.4,0.789,UPTREND,STRONG_SELL_PREMIUM,RANGE,NO_TRADE,EVENT:US CPI Data | EVENT:DEFINED_RISK_ONLY | EVENT:ONLY_RANGE_ALLOWED,21.67,1,40.87,HIGH,1,0,0,0,0,0,,,,
13:09:19,23330.7,23277.3,23231.4,VERY_NARROW,23361.1,23231.4,0.766,UPTREND,STRONG_SELL_PREMIUM,RANGE,NO_TRADE,EVENT:US CPI Data | EVENT:DEFINED_RISK_ONLY | EVENT:ONLY_RANGE_ALLOWED,21.67,1,40.85,HIGH,1,0,0,0,0,0,,,,
13:09:34,23327.95,23277.3,23231.4,VERY_NARROW,23361.1,23231.4,0.744,UPTREND,STRONG_SELL_PREMIUM,RANGE,NO_TRADE,EVENT:US CPI Data | EVENT:DEFINED_RISK_ONLY | EVENT:ONLY_RANGE_ALLOWED,21.67,1,40.83,HIGH,1,0,0,0,0,0,,,,
13:09:49,23327.0,23277.3,23231.4,VERY_NARROW,23361.1,23231.4,0.737,UPTREND,STRONG_SELL_PREMIUM,RANGE,NO_TRADE,EVENT:US CPI Data | EVENT:DEFINED_RISK_ONLY | EVENT:ONLY_RANGE_ALLOWED,21.67,1,40.81,HIGH,1,0,0,0,0,0,,,,
13:10:04,23329.1,23277.3,23231.4,VERY_NARROW,23361.1,23231.4,0.753,UPTREND,STRONG_SELL_PREMIUM,RANGE,NO_TRADE,EVENT:US CPI Data | EVENT:DEFINED_RISK_ONLY | EVENT:ONLY_RANGE_ALLOWED,20.88,1,40.79,HIGH,1,0,0,0,0,0,,,,
13:10:19,23328.4,23277.3,23231.4,VERY_NARROW,23361.1,23231.4,0.748,UPTREND,STRONG_SELL_PREMIUM,RANGE,NO_TRADE,EVENT:US CPI Data | EVENT:DEFINED_RISK_ONLY | EVENT:ONLY_RANGE_ALLOWED,20.88,1,40.77,HIGH,1,0,0,0,0,0,,,,
13:10:34,23327.95,23277.3,23231.4,VERY_NARROW,23361.1,23231.4,0.744,UPTREND,STRONG_SELL_PREMIUM,RANGE,NO_TRADE,EVENT:US CPI Data | EVENT:DEFINED_RISK_ONLY | EVENT:ONLY_RANGE_ALLOWED,20.88,1,40.74,HIGH,1,0,0,0,0,0,,,,
13:10:48,23328.35,23277.3,23231.4,VERY_NARROW,23361.1,23231.4,0.747,UPTREND,STRONG_SELL_PREMIUM,RANGE,NO_TRADE,EVENT:US CPI Data | EVENT:DEFINED_RISK_ONLY | EVENT:ONLY_RANGE_ALLOWED,20.88,1,40.72,HIGH,1,0,0,0,0,0,,,,
13:11:03,23326.2,23277.3,23231.4,VERY_NARROW,23361.1,23231.4,0.731,UPTREND,STRONG_SELL_PREMIUM,RANGE,NO_TRADE,EVENT:US CPI Data | EVENT:DEFINED_RISK_ONLY | EVENT:ONLY_RANGE_ALLOWED,21.4,1,40.7,HIGH,1,0,0,0,0,0,,,,
13:11:18,23321.6,23277.3,23231.4,VERY_NARROW,23361.1,23231.4,0.695,UPTREND,STRONG_SELL_PREMIUM,RANGE,NO_TRADE,EVENT:US CPI Data | EVENT:DEFINED_RISK_ONLY | EVENT:ONLY_RANGE_ALLOWED,21.4,1,40.68,HIGH,1,0,0,0,0,0,,,,
13:11:33,23322.25,23277.3,23231.4,VERY_NARROW,23361.1,23231.4,0.700,UPTREND,STRONG_SELL_PREMIUM,RANGE,NO_TRADE,EVENT:US CPI Data | EVENT:DEFINED_RISK_ONLY | EVENT:ONLY_RANGE_ALLOWED,21.4,1,40.66,HIGH,1,0,0,0,0,0,,,,
13:11:48,23327.85,23277.3,23231.4,VERY_NARROW,23361.1,23231.4,0.744,UPTREND,STRONG_SELL_PREMIUM,RANGE,NO_TRADE,EVENT:US CPI Data | EVENT:DEFINED_RISK_ONLY | EVENT:ONLY_RANGE_ALLOWED,21.4,1,40.64,HIGH,1,0,0,0,0,0,,,,
13:12:03,23328.8,23277.3,23231.4,VERY_NARROW,23361.1,23231.4,0.751,UPTREND,STRONG_SELL_PREMIUM,RANGE,NO_TRADE,EVENT:US CPI Data | EVENT:DEFINED_RISK_ONLY | EVENT:ONLY_RANGE_ALLOWED,21.4,1,40.62,HIGH,1,0,0,0,0,0,,,,
13:12:18,23330.4,23277.3,23231.4,VERY_NARROW,23361.1,23231.4,0.763,UPTREND,STRONG_SELL_PREMIUM,RANGE,NO_TRADE,EVENT:US CPI Data | EVENT:DEFINED_RISK_ONLY | EVENT:ONLY_RANGE_ALLOWED,21.4,1,40.6,HIGH,1,0,0,0,0,0,,,,
13:12:33,23330.85,23277.3,23231.4,VERY_NARROW,23361.1,23231.4,0.767,UPTREND,STRONG_SELL_PREMIUM,RANGE,NO_TRADE,EVENT:US CPI Data | EVENT:DEFINED_RISK_ONLY | EVENT:ONLY_RANGE_ALLOWED,21.4,1,40.57,HIGH,1,0,0,0,0,0,,,,
13:12:48,23330.45,23277.3,23231.4,VERY_NARROW,23361.1,23231.4,0.764,UPTREND,STRONG_SELL_PREMIUM,RANGE,NO_TRADE,EVENT:US CPI Data | EVENT:DEFINED_RISK_ONLY | EVENT:ONLY_RANGE_ALLOWED,21.4,1,40.55,HIGH,1,0,0,0,0,0,,,,
13:13:03,23331.6,23277.3,23231.4,VERY_NARROW,23361.1,23231.4,0.773,UPTREND,STRONG_SELL_PREMIUM,RANGE,NO_TRADE,EVENT:US CPI Data | EVENT:DEFINED_RISK_ONLY | EVENT:ONLY_RANGE_ALLOWED,21.4,1,40.53,HIGH,1,0,0,0,0,0,,,,
13:13:18,23334.3,23277.3,23231.4,VERY_NARROW,23361.1,23231.4,0.793,UPTREND,STRONG_SELL_PREMIUM,RANGE,NO_TRADE,EVENT:US CPI Data | EVENT:DEFINED_RISK_ONLY | EVENT:ONLY_RANGE_ALLOWED,21.4,1,40.51,HIGH,1,0,0,0,0,0,,,,
13:13:33,23334.2,23277.3,23231.4,VERY_NARROW,23361.1,23231.4,0.793,UPTREND,STRONG_SELL_PREMIUM,RANGE,NO_TRADE,EVENT:US CPI Data | EVENT:DEFINED_RISK_ONLY | EVENT:ONLY_RANGE_ALLOWED,21.4,1,40.49,HIGH,1,0,0,0,0,0,,,,
13:13:48,23334.95,23277.3,23231.4,VERY_NARROW,23361.1,23231.4,0.798,UPTREND,STRONG_SELL_PREMIUM,RANGE,NO_TRADE,EVENT:US CPI Data | EVENT:DEFINED_RISK_ONLY | EVENT:ONLY_RANGE_ALLOWED,21.4,1,40.47,HIGH,1,0,0,0,0,0,,,,
13:14:03,23335.95,23277.3,23231.4,VERY_NARROW,23361.1,23231.4,0.806,UPTREND,STRONG_SELL_PREMIUM,RANGE,NO_TRADE,EVENT:US CPI Data | EVENT:DEFINED_RISK_ONLY | EVENT:ONLY_RANGE_ALLOWED,21.4,1,40.45,HIGH,1,0,0,0,0,0,,,,
13:14:18,23336.15,23277.3,23231.4,VERY_NARROW,23361.1,23231.4,0.808,UPTREND,STRONG_SELL_PREMIUM,RANGE,NO_TRADE,EVENT:US CPI Data | EVENT:DEFINED_RISK_ONLY | EVENT:ONLY_RANGE_ALLOWED,21.4,1,40.42,HIGH,1,0,0,0,0,0,,,,
13:14:33,23337.9,23277.3,23231.4,VERY_NARROW,23361.1,23231.4,0.821,UPTREND,STRONG_SELL_PREMIUM,RANGE,NO_TRADE,EVENT:US CPI Data | EVENT:DEFINED_RISK_ONLY | EVENT:ONLY_RANGE_ALLOWED,21.4,1,40.4,HIGH,1,0,0,0,0,0,,,,
13:14:48,23337.75,23277.3,23231.4,VERY_NARROW,23361.1,23231.4,0.820,UPTREND,STRONG_SELL_PREMIUM,RANGE,NO_TRADE,EVENT:US CPI Data | EVENT:DEFINED_RISK_ONLY | EVENT:ONLY_RANGE_ALLOWED,21.4,1,40.38,HIGH,1,0,0,0,0,0,,,,
13:15:03,23338.7,23277.3,23231.4,VERY_NARROW,23361.1,23231.4,0.827,UPTREND,STRONG_SELL_PREMIUM,RANGE,NO_TRADE,EVENT:US CPI Data | EVENT:DEFINED_RISK_ONLY | EVENT:ONLY_RANGE_ALLOWED,21.05,1,40.36,HIGH,1,0,0,0,0,0,,,,
13:15:18,23338.45,23277.3,23231.4,VERY_NARROW,23361.1,23231.4,0.825,UPTREND,STRONG_SELL_PREMIUM,RANGE,NO_TRADE,EVENT:US CPI Data | EVENT:DEFINED_RISK_ONLY | EVENT:ONLY_RANGE_ALLOWED,21.05,1,40.34,HIGH,1,0,0,0,0,0,,,,
13:15:33,23335.45,23277.3,23231.4,VERY_NARROW,23361.1,23231.4,0.802,UPTREND,STRONG_SELL_PREMIUM,RANGE,NO_TRADE,EVENT:US CPI Data | EVENT:DEFINED_RISK_ONLY | EVENT:ONLY_RANGE_ALLOWED,21.05,1,40.32,HIGH,1,0,0,0,0,0,,,,
13:15:48,23335.1,23277.3,23231.4,VERY_NARROW,23361.1,23231.4,0.800,UPTREND,STRONG_SELL_PREMIUM,RANGE,NO_TRADE,EVENT:US CPI Data | EVENT:DEFINED_RISK_ONLY | EVENT:ONLY_RANGE_ALLOWED,21.05,1,40.3,HIGH,1,0,0,0,0,0,,,,
13:16:03,23335.35,23277.3,23231.4,VERY_NARROW,23361.1,23231.4,0.801,UPTREND,STRONG_SELL_PREMIUM,RANGE,NO_TRADE,EVENT:US CPI Data | EVENT:DEFINED_RISK_ONLY | EVENT:ONLY_RANGE_ALLOWED,21.05,1,40.28,HIGH,1,0,0,0,0,0,,,,
13:16:18,23337.75,23277.3,23231.4,VERY_NARROW,23361.1,23231.4,0.820,UPTREND,STRONG_SELL_PREMIUM,RANGE,NO_TRADE,EVENT:US CPI Data | EVENT:DEFINED_RISK_ONLY | EVENT:ONLY_RANGE_ALLOWED,21.05,1,40.26,HIGH,1,0,0,0,0,0,,,,
13:16:34,23337.65,23277.3,23231.4,VERY_NARROW,23361.1,23231.4,0.819,UPTREND,STRONG_SELL_PREMIUM,RANGE,NO_TRADE,EVENT:US CPI Data | EVENT:DEFINED_RISK_ONLY | EVENT:ONLY_RANGE_ALLOWED,21.05,1,40.24,HIGH,1,0,0,0,0,0,,,,
13:16:48,23338.55,23277.3,23231.4,VERY_NARROW,23361.1,23231.4,0.826,UPTREND,STRONG_SELL_PREMIUM,RANGE,NO_TRADE,EVENT:US CPI Data | EVENT:DEFINED_RISK_ONLY | EVENT:ONLY_RANGE_ALLOWED,21.05,1,40.21,HIGH,1,0,0,0,0,0,,,,
13:17:03,23338.05,23277.3,23231.4,VERY_NARROW,23361.1,23231.4,0.822,UPTREND,STRONG_SELL_PREMIUM,RANGE,NO_TRADE,EVENT:US CPI Data | EVENT:DEFINED_RISK_ONLY | EVENT:ONLY_RANGE_ALLOWED,21.01,1,40.19,HIGH,1,0,0,0,0,0,,,,
13:17:19,23337.65,23277.3,23231.4,VERY_NARROW,23361.1,23231.4,0.819,UPTREND,STRONG_SELL_PREMIUM,RANGE,NO_TRADE,EVENT:US CPI Data | EVENT:DEFINED_RISK_ONLY | EVENT:ONLY_RANGE_ALLOWED,21.01,1,40.17,HIGH,1,0,0,0,0,0,,,,
13:17:34,23337.75,23277.3,23231.4,VERY_NARROW,23361.1,23231.4,0.820,UPTREND,STRONG_SELL_PREMIUM,RANGE,NO_TRADE,EVENT:US CPI Data | EVENT:DEFINED_RISK_ONLY | EVENT:ONLY_RANGE_ALLOWED,21.01,1,40.15,HIGH,1,0,0,0,0,0,,,,
13:17:49,23338.3,23277.3,23231.4,VERY_NARROW,23361.1,23231.4,0.824,UPTREND,STRONG_SELL_PREMIUM,RANGE,NO_TRADE,EVENT:US CPI Data | EVENT:DEFINED_RISK_ONLY | EVENT:ONLY_RANGE_ALLOWED,21.01,1,40.13,HIGH,1,0,0,0,0,0,,,,
13:18:04,23337.75,23277.3,23231.4,VERY_NARROW,23361.1,23231.4,0.820,UPTREND,STRONG_SELL_PREMIUM,RANGE,NO_TRADE,EVENT:US CPI Data | EVENT:DEFINED_RISK_ONLY | EVENT:ONLY_RANGE_ALLOWED,21.01,1,40.11,HIGH,1,0,0,0,0,0,,,,
13:18:19,23335.95,23277.3,23231.4,VERY_NARROW,23361.1,23231.4,0.806,UPTREND,STRONG_SELL_PREMIUM,RANGE,NO_TRADE,EVENT:US CPI Data | EVENT:DEFINED_RISK_ONLY | EVENT:ONLY_RANGE_ALLOWED,21.01,1,40.09,HIGH,1,0,0,0,0,0,,,,
13:18:34,23335.05,23277.3,23231.4,VERY_NARROW,23361.1,23231.4,0.799,UPTREND,STRONG_SELL_PREMIUM,RANGE,NO_TRADE,EVENT:US CPI Data | EVENT:DEFINED_RISK_ONLY | EVENT:ONLY_RANGE_ALLOWED,21.01,1,40.07,HIGH,1,0,0,0,0,0,,,,
13:18:49,23332.6,23277.3,23231.4,VERY_NARROW,23361.1,23231.4,0.780,UPTREND,STRONG_SELL_PREMIUM,RANGE,NO_TRADE,EVENT:US CPI Data | EVENT:DEFINED_RISK_ONLY | EVENT:ONLY_RANGE_ALLOWED,21.01,1,40.05,HIGH,1,0,0,0,0,0,,,,
13:19:04,23329.95,23277.3,23231.4,VERY_NARROW,23361.1,23231.4,0.760,UPTREND,STRONG_SELL_PREMIUM,RANGE,NO_TRADE,EVENT:US CPI Data | EVENT:DEFINED_RISK_ONLY | EVENT:ONLY_RANGE_ALLOWED,21.01,1,40.03,HIGH,1,0,0,0,0,0,,,,
13:19:19,23329.75,23277.3,23231.4,VERY_NARROW,23361.1,23231.4,0.758,UPTREND,STRONG_SELL_PREMIUM,RANGE,NO_TRADE,EVENT:US CPI Data | EVENT:DEFINED_RISK_ONLY | EVENT:ONLY_RANGE_ALLOWED,21.01,1,40.01,HIGH,1,0,0,0,0,0,,,,
13:19:34,23329.25,23277.3,23231.4,VERY_NARROW,23361.1,23231.4,0.754,UPTREND,STRONG_SELL_PREMIUM,RANGE,NO_TRADE,EVENT:US CPI Data | EVENT:DEFINED_RISK_ONLY | EVENT:ONLY_RANGE_ALLOWED,21.01,1,39.99,HIGH,1,0,0,0,0,0,,,,
13:19:49,23329.3,23277.3,23231.4,VERY_NARROW,23361.1,23231.4,0.755,UPTREND,STRONG_SELL_PREMIUM,RANGE,NO_TRADE,EVENT:US CPI Data | EVENT:DEFINED_RISK_ONLY | EVENT:ONLY_RANGE_ALLOWED,21.01,1,39.97,HIGH,1,0,0,0,0,0,,,,
13:20:04,23330.2,23277.3,23231.4,VERY_NARROW,23361.1,23231.4,0.762,UPTREND,STRONG_SELL_PREMIUM,RANGE,NO_TRADE,EVENT:US CPI Data | EVENT:DEFINED_RISK_ONLY | EVENT:ONLY_RANGE_ALLOWED,20.95,1,39.95,HIGH,1,0,0,0,0,0,,,,
13:20:19,23331.75,23277.3,23231.4,VERY_NARROW,23361.1,23231.4,0.774,UPTREND,STRONG_SELL_PREMIUM,RANGE,NO_TRADE,EVENT:US CPI Data | EVENT:DEFINED_RISK_ONLY | EVENT:ONLY_RANGE_ALLOWED,20.95,1,39.93,HIGH,1,0,0,0,0,0,,,,
13:20:34,23330.6,23277.3,23231.4,VERY_NARROW,23361.1,23231.4,0.765,UPTREND,STRONG_SELL_PREMIUM,RANGE,NO_TRADE,EVENT:US CPI Data | EVENT:DEFINED_RISK_ONLY | EVENT:ONLY_RANGE_ALLOWED,20.95,1,39.91,HIGH,1,0,0,0,0,0,,,,
13:20:49,23328.7,23277.3,23231.4,VERY_NARROW,23361.1,23231.4,0.750,UPTREND,STRONG_SELL_PREMIUM,RANGE,NO_TRADE,EVENT:US CPI Data | EVENT:DEFINED_RISK_ONLY | EVENT:ONLY_RANGE_ALLOWED,20.95,1,39.89,HIGH,1,0,0,0,0,0,,,,
13:21:04,23327.75,23277.3,23231.4,VERY_NARROW,23361.1,23231.4,0.743,UPTREND,STRONG_SELL_PREMIUM,RANGE,NO_TRADE,EVENT:US CPI Data | EVENT:DEFINED_RISK_ONLY | EVENT:ONLY_RANGE_ALLOWED,20.95,1,39.87,HIGH,1,0,0,0,0,0,,,,
13:21:19,23328.3,23277.3,23231.4,VERY_NARROW,23361.1,23231.4,0.747,UPTREND,STRONG_SELL_PREMIUM,RANGE,NO_TRADE,EVENT:US CPI Data | EVENT:DEFINED_RISK_ONLY | EVENT:ONLY_RANGE_ALLOWED,20.95,1,39.84,HIGH,1,0,0,0,0,0,,,,
13:21:34,23330.4,23277.3,23231.4,VERY_NARROW,23361.1,23231.4,0.763,UPTREND,STRONG_SELL_PREMIUM,RANGE,NO_TRADE,EVENT:US CPI Data | EVENT:DEFINED_RISK_ONLY | EVENT:ONLY_RANGE_ALLOWED,20.95,1,39.82,HIGH,1,0,0,0,0,0,,,,
13:21:49,23332.45,23277.3,23231.4,VERY_NARROW,23361.1,23231.4,0.779,UPTREND,STRONG_SELL_PREMIUM,RANGE,NO_TRADE,EVENT:US CPI Data | EVENT:DEFINED_RISK_ONLY | EVENT:ONLY_RANGE_ALLOWED,20.95,1,39.8,HIGH,1,0,0,0,0,0,,,,
13:22:04,23331.55,23277.3,23231.4,VERY_NARROW,23361.1,23231.4,0.772,UPTREND,STRONG_SELL_PREMIUM,RANGE,NO_TRADE,EVENT:US CPI Data | EVENT:DEFINED_RISK_ONLY | EVENT:ONLY_RANGE_ALLOWED,20.95,1,39.78,HIGH,1,0,0,0,0,0,,,,
13:22:19,23331.65,23277.3,23231.4,VERY_NARROW,23361.1,23231.4,0.773,UPTREND,STRONG_SELL_PREMIUM,RANGE,NO_TRADE,EVENT:US CPI Data | EVENT:DEFINED_RISK_ONLY | EVENT:ONLY_RANGE_ALLOWED,20.95,1,39.76,HIGH,1,0,0,0,0,0,,,,
13:22:34,23334.5,23277.3,23231.4,VERY_NARROW,23361.1,23231.4,0.795,UPTREND,STRONG_SELL_PREMIUM,RANGE,NO_TRADE,EVENT:US CPI Data | EVENT:DEFINED_RISK_ONLY | EVENT:ONLY_RANGE_ALLOWED,20.95,1,39.74,HIGH,1,0,0,0,0,0,,,,
13:22:49,23335.2,23277.3,23231.4,VERY_NARROW,23361.1,23231.4,0.800,UPTREND,STRONG_SELL_PREMIUM,RANGE,NO_TRADE,EVENT:US CPI Data | EVENT:DEFINED_RISK_ONLY | EVENT:ONLY_RANGE_ALLOWED,20.95,1,39.72,HIGH,1,0,0,0,0,0,,,,
13:23:04,23335.15,23277.3,23231.4,VERY_NARROW,23361.1,23231.4,0.800,UPTREND,STRONG_SELL_PREMIUM,RANGE,NO_TRADE,EVENT:US CPI Data | EVENT:DEFINED_RISK_ONLY | EVENT:ONLY_RANGE_ALLOWED,20.95,1,39.7,HIGH,1,0,0,0,0,0,,,,
13:23:19,23335.65,23277.3,23231.4,VERY_NARROW,23361.1,23231.4,0.804,UPTREND,STRONG_SELL_PREMIUM,RANGE,NO_TRADE,EVENT:US CPI Data | EVENT:DEFINED_RISK_ONLY | EVENT:ONLY_RANGE_ALLOWED,20.95,1,39.68,HIGH,1,0,0,0,0,0,,,,
13:23:34,23338.5,23277.3,23231.4,VERY_NARROW,23361.1,23231.4,0.826,UPTREND,STRONG_SELL_PREMIUM,RANGE,NO_TRADE,EVENT:US CPI Data | EVENT:DEFINED_RISK_ONLY | EVENT:ONLY_RANGE_ALLOWED,20.95,1,39.66,HIGH,1,0,0,0,0,0,,,,
13:23:49,23338.05,23277.3,23231.4,VERY_NARROW,23361.1,23231.4,0.822,UPTREND,STRONG_SELL_PREMIUM,RANGE,NO_TRADE,EVENT:US CPI Data | EVENT:DEFINED_RISK_ONLY | EVENT:ONLY_RANGE_ALLOWED,20.95,1,39.64,HIGH,1,0,0,0,0,0,,,,
13:24:04,23339.4,23277.3,23231.4,VERY_NARROW,23361.1,23231.4,0.833,UPTREND,STRONG_SELL_PREMIUM,RANGE,NO_TRADE,EVENT:US CPI Data | EVENT:DEFINED_RISK_ONLY | EVENT:ONLY_RANGE_ALLOWED,20.95,1,39.62,HIGH,1,0,0,0,0,0,,,,
13:24:20,23338.0,23277.3,23231.4,VERY_NARROW,23361.1,23231.4,0.822,UPTREND,STRONG_SELL_PREMIUM,RANGE,NO_TRADE,EVENT:US CPI Data | EVENT:DEFINED_RISK_ONLY | EVENT:ONLY_RANGE_ALLOWED,20.95,1,39.6,HIGH,1,0,0,0,0,0,,,,
13:24:35,23336.35,23277.3,23231.4,VERY_NARROW,23361.1,23231.4,0.809,UPTREND,STRONG_SELL_PREMIUM,RANGE,NO_TRADE,EVENT:US CPI Data | EVENT:DEFINED_RISK_ONLY | EVENT:ONLY_RANGE_ALLOWED,20.95,1,39.58,HIGH,1,0,0,0,0,0,,,,
13:24:50,23338.75,23277.3,23231.4,VERY_NARROW,23361.1,23231.4,0.828,UPTREND,STRONG_SELL_PREMIUM,RANGE,NO_TRADE,EVENT:US CPI Data | EVENT:DEFINED_RISK_ONLY | EVENT:ONLY_RANGE_ALLOWED,20.95,1,39.56,HIGH,1,0,0,0,0,0,,,,
13:25:05,23337.1,23277.3,23231.4,VERY_NARROW,23361.1,23231.4,0.815,UPTREND,STRONG_SELL_PREMIUM,RANGE,NO_TRADE,EVENT:US CPI Data | EVENT:DEFINED_RISK_ONLY | EVENT:ONLY_RANGE_ALLOWED,20.89,1,39.54,HIGH,1,0,0,0,0,0,,,,
13:25:20,23336.15,23277.3,23231.4,VERY_NARROW,23361.1,23231.4,0.808,UPTREND,STRONG_SELL_PREMIUM,RANGE,NO_TRADE,EVENT:US CPI Data | EVENT:DEFINED_RISK_ONLY | EVENT:ONLY_RANGE_ALLOWED,20.89,1,39.52,HIGH,1,0,0,0,0,0,,,,
13:25:35,23336.55,23277.3,23231.4,VERY_NARROW,23361.1,23231.4,0.811,UPTREND,STRONG_SELL_PREMIUM,RANGE,NO_TRADE,EVENT:US CPI Data | EVENT:DEFINED_RISK_ONLY | EVENT:ONLY_RANGE_ALLOWED,20.89,1,39.5,HIGH,1,0,0,0,0,0,,,,
13:25:50,23337.05,23277.3,23231.4,VERY_NARROW,23361.1,23231.4,0.815,UPTREND,STRONG_SELL_PREMIUM,RANGE,NO_TRADE,EVENT:US CPI Data | EVENT:DEFINED_RISK_ONLY | EVENT:ONLY_RANGE_ALLOWED,20.89,1,39.49,HIGH,1,0,0,0,0,0,,,,
13:26:05,23338.65,23277.3,23231.4,VERY_NARROW,23361.1,23231.4,0.827,UPTREND,STRONG_SELL_PREMIUM,RANGE,NO_TRADE,EVENT:US CPI Data | EVENT:DEFINED_RISK_ONLY | EVENT:ONLY_RANGE_ALLOWED,20.53,1,39.47,HIGH,1,0,0,0,0,0,,,,
13:26:20,23339.5,23277.3,23231.4,VERY_NARROW,23361.1,23231.4,0.833,UPTREND,STRONG_SELL_PREMIUM,RANGE,NO_TRADE,EVENT:US CPI Data | EVENT:DEFINED_RISK_ONLY | EVENT:ONLY_RANGE_ALLOWED,20.53,1,39.45,HIGH,1,0,0,0,0,0,,,,
13:26:35,23340.55,23277.3,23231.4,VERY_NARROW,23361.1,23231.4,0.842,UPTREND,STRONG_SELL_PREMIUM,RANGE,NO_TRADE,EVENT:US CPI Data | EVENT:DEFINED_RISK_ONLY | EVENT:ONLY_RANGE_ALLOWED,20.53,1,39.43,HIGH,1,0,0,0,0,0,,,,
13:26:50,23341.1,23277.3,23231.4,VERY_NARROW,23361.1,23231.4,0.846,UPTREND,STRONG_SELL_PREMIUM,RANGE,NO_TRADE,EVENT:US CPI Data | EVENT:DEFINED_RISK_ONLY | EVENT:ONLY_RANGE_ALLOWED,20.53,1,39.41,HIGH,1,0,0,0,0,0,,,,
13:27:05,23340.9,23277.3,23231.4,VERY_NARROW,23361.1,23231.4,0.844,UPTREND,STRONG_SELL_PREMIUM,RANGE,NO_TRADE,EVENT:US CPI Data | EVENT:DEFINED_RISK_ONLY | EVENT:ONLY_RANGE_ALLOWED,18.87,1,39.39,HIGH,1,0,0,0,0,0,,,,
13:27:20,23340.75,23277.3,23231.4,VERY_NARROW,23361.1,23231.4,0.843,UPTREND,STRONG_SELL_PREMIUM,RANGE,NO_TRADE,EVENT:US CPI Data | EVENT:DEFINED_RISK_ONLY | EVENT:ONLY_RANGE_ALLOWED,18.87,1,39.37,HIGH,1,0,0,0,0,0,,,,
13:27:35,23341.95,23277.3,23231.4,VERY_NARROW,23361.1,23231.4,0.852,RANGE,STRONG_SELL_PREMIUM,RANGE,PREMIUM_SELL_RANGE,EVENT:US CPI Data | EVENT:DEFINED_RISK_ONLY | RANGE_RANGE_VERY_NARROW,18.87,1,39.35,HIGH,1,0,0,0,0,0,,,,
13:27:50,23347.95,23277.3,23231.4,VERY_NARROW,23361.1,23231.4,0.899,RANGE,STRONG_SELL_PREMIUM,RANGE,PREMIUM_SELL_RANGE,EVENT:US CPI Data | EVENT:DEFINED_RISK_ONLY | RANGE_RANGE_VERY_NARROW,18.87,1,39.33,HIGH,1,0,0,0,0,0,,,,
13:28:05,23348.3,23277.3,23231.4,VERY_NARROW,23361.1,23231.4,0.901,RANGE,STRONG_SELL_PREMIUM,RANGE,PREMIUM_SELL_RANGE,EVENT:US CPI Data | EVENT:DEFINED_RISK_ONLY | RANGE_RANGE_VERY_NARROW,18.87,1,39.31,HIGH,1,0,0,0,0,0,,,,
13:28:20,23344.0,23277.3,23231.4,VERY_NARROW,23361.1,23231.4,0.868,RANGE,STRONG_SELL_PREMIUM,RANGE,PREMIUM_SELL_RANGE,EVENT:US CPI Data | EVENT:DEFINED_RISK_ONLY | RANGE_RANGE_VERY_NARROW,18.87,1,39.29,HIGH,1,0,0,0,0,0,,,,
13:28:35,23344.35,23277.3,23231.4,VERY_NARROW,23361.1,23231.4,0.871,RANGE,STRONG_SELL_PREMIUM,RANGE,PREMIUM_SELL_RANGE,EVENT:US CPI Data | EVENT:DEFINED_RISK_ONLY | RANGE_RANGE_VERY_NARROW,18.87,1,39.27,HIGH,1,0,0,0,0,0,,,,
13:28:50,23347.1,23277.3,23231.4,VERY_NARROW,23361.1,23231.4,0.892,RANGE,STRONG_SELL_PREMIUM,RANGE,PREMIUM_SELL_RANGE,EVENT:US CPI Data | EVENT:DEFINED_RISK_ONLY | RANGE_RANGE_VERY_NARROW,18.87,1,39.25,HIGH,1,0,0,0,0,0,,,,
13:29:05,23349.3,23277.3,23231.4,VERY_NARROW,23361.1,23231.4,0.909,RANGE,STRONG_SELL_PREMIUM,RANGE,PREMIUM_SELL_RANGE,EVENT:US CPI Data | EVENT:DEFINED_RISK_ONLY | RANGE_RANGE_VERY_NARROW,19.82,1,39.23,HIGH,1,0,0,0,0,0,,,,
13:29:20,23353.05,23277.3,23231.4,VERY_NARROW,23361.1,23231.4,0.938,RANGE,STRONG_SELL_PREMIUM,RANGE,PREMIUM_SELL_RANGE,EVENT:US CPI Data | EVENT:DEFINED_RISK_ONLY | RANGE_RANGE_VERY_NARROW,19.82,1,39.21,HIGH,1,0,0,0,0,0,,,,
13:29:35,23349.7,23277.3,23231.4,VERY_NARROW,23361.1,23231.4,0.912,RANGE,STRONG_SELL_PREMIUM,RANGE,PREMIUM_SELL_RANGE,EVENT:US CPI Data | EVENT:DEFINED_RISK_ONLY | RANGE_RANGE_VERY_NARROW,19.82,1,39.19,HIGH,1,0,0,0,0,0,,,,
13:29:50,23351.85,23277.3,23231.4,VERY_NARROW,23361.1,23231.4,0.929,RANGE,STRONG_SELL_PREMIUM,RANGE,PREMIUM_SELL_RANGE,EVENT:US CPI Data | EVENT:DEFINED_RISK_ONLY | RANGE_RANGE_VERY_NARROW,19.82,1,39.17,HIGH,1,0,0,0,0,0,,,,
13:30:05,23351.75,23277.3,23231.4,VERY_NARROW,23361.1,23231.4,0.928,RANGE,STRONG_SELL_PREMIUM,RANGE,PREMIUM_SELL_RANGE,EVENT:US CPI Data | EVENT:DEFINED_RISK_ONLY | RANGE_RANGE_VERY_NARROW,18.81,1,39.15,HIGH,1,0,0,0,0,0,,,,
13:30:20,23350.85,23277.3,23231.4,VERY_NARROW,23361.1,23231.4,0.921,RANGE,STRONG_SELL_PREMIUM,RANGE,PREMIUM_SELL_RANGE,EVENT:US CPI Data | EVENT:DEFINED_RISK_ONLY | RANGE_RANGE_VERY_NARROW,18.81,1,39.13,HIGH,1,0,0,0,0,0,,,,
13:30:35,23349.05,23277.3,23231.4,VERY_NARROW,23361.1,23231.4,0.907,RANGE,STRONG_SELL_PREMIUM,RANGE,PREMIUM_SELL_RANGE,EVENT:US CPI Data | EVENT:DEFINED_RISK_ONLY | RANGE_RANGE_VERY_NARROW,18.81,1,39.12,HIGH,1,0,0,0,0,0,,,,
13:30:50,23352.05,23277.3,23231.4,VERY_NARROW,23361.1,23231.4,0.930,RANGE,STRONG_SELL_PREMIUM,RANGE,PREMIUM_SELL_RANGE,EVENT:US CPI Data | EVENT:DEFINED_RISK_ONLY | RANGE_RANGE_VERY_NARROW,18.81,1,39.1,HIGH,1,0,0,0,0,0,,,,
13:31:05,23353.2,23277.3,23231.4,VERY_NARROW,23361.1,23231.4,0.939,RANGE,STRONG_SELL_PREMIUM,RANGE,PREMIUM_SELL_RANGE,EVENT:US CPI Data | EVENT:DEFINED_RISK_ONLY | RANGE_RANGE_VERY_NARROW,18.81,1,39.08,HIGH,1,0,0,0,0,0,,,,
13:31:20,23350.85,23277.3,23231.4,VERY_NARROW,23361.1,23231.4,0.921,RANGE,STRONG_SELL_PREMIUM,RANGE,PREMIUM_SELL_RANGE,EVENT:US CPI Data | EVENT:DEFINED_RISK_ONLY | RANGE_RANGE_VERY_NARROW,18.81,1,39.06,HIGH,1,0,0,0,0,0,,,,
13:31:35,23351.4,23277.3,23231.4,VERY_NARROW,23361.1,23231.4,0.925,RANGE,STRONG_SELL_PREMIUM,RANGE,PREMIUM_SELL_RANGE,EVENT:US CPI Data | EVENT:DEFINED_RISK_ONLY | RANGE_RANGE_VERY_NARROW,18.81,1,39.04,HIGH,1,0,0,0,0,0,,,,
13:31:50,23352.1,23277.3,23231.4,VERY_NARROW,23361.1,23231.4,0.931,RANGE,STRONG_SELL_PREMIUM,RANGE,PREMIUM_SELL_RANGE,EVENT:US CPI Data | EVENT:DEFINED_RISK_ONLY | RANGE_RANGE_VERY_NARROW,18.81,1,39.02,HIGH,1,0,0,0,0,0,,,,
13:32:05,23353.25,23277.3,23231.4,VERY_NARROW,23361.1,23231.4,0.939,RANGE,STRONG_SELL_PREMIUM,RANGE,PREMIUM_SELL_RANGE,EVENT:US CPI Data | EVENT:DEFINED_RISK_ONLY | RANGE_RANGE_VERY_NARROW,19.21,1,39.0,HIGH,1,0,0,0,0,0,,,,
13:32:20,23355.8,23277.3,23231.4,VERY_NARROW,23361.1,23231.4,0.959,RANGE,STRONG_SELL_PREMIUM,RANGE,PREMIUM_SELL_RANGE,EVENT:US CPI Data | EVENT:DEFINED_RISK_ONLY | RANGE_RANGE_VERY_NARROW,19.21,1,38.98,HIGH,1,0,0,0,0,0,,,,
13:32:35,23355.9,23277.3,23231.4,VERY_NARROW,23361.1,23231.4,0.960,RANGE,STRONG_SELL_PREMIUM,RANGE,PREMIUM_SELL_RANGE,EVENT:US CPI Data | EVENT:DEFINED_RISK_ONLY | RANGE_RANGE_VERY_NARROW,19.21,1,38.96,HIGH,1,0,0,0,0,0,,,,
13:32:50,23357.8,23277.3,23231.4,VERY_NARROW,23361.1,23231.4,0.975,RANGE,STRONG_SELL_PREMIUM,RANGE,PREMIUM_SELL_RANGE,EVENT:US CPI Data | EVENT:DEFINED_RISK_ONLY | RANGE_RANGE_VERY_NARROW,19.21,1,38.94,HIGH,1,0,0,0,0,0,,,,
13:33:05,23357.75,23277.3,23231.4,VERY_NARROW,23361.1,23231.4,0.974,RANGE,STRONG_SELL_PREMIUM,RANGE,PREMIUM_SELL_RANGE,EVENT:US CPI Data | EVENT:DEFINED_RISK_ONLY | RANGE_RANGE_VERY_NARROW,19.31,1,38.93,HIGH,1,0,0,0,0,0,,,,
13:33:20,23357.75,23277.3,23231.4,VERY_NARROW,23361.1,23231.4,0.974,RANGE,STRONG_SELL_PREMIUM,RANGE,PREMIUM_SELL_RANGE,EVENT:US CPI Data | EVENT:DEFINED_RISK_ONLY | RANGE_RANGE_VERY_NARROW,19.31,1,38.91,HIGH,1,0,0,0,0,0,,,,
13:33:35,23354.0,23277.3,23231.4,VERY_NARROW,23361.1,23231.4,0.945,RANGE,STRONG_SELL_PREMIUM,RANGE,PREMIUM_SELL_RANGE,EVENT:US CPI Data | EVENT:DEFINED_RISK_ONLY | RANGE_RANGE_VERY_NARROW,19.31,1,38.89,HIGH,1,0,0,0,0,0,,,,
13:33:50,23351.65,23277.3,23231.4,VERY_NARROW,23361.1,23231.4,0.927,RANGE,STRONG_SELL_PREMIUM,RANGE,PREMIUM_SELL_RANGE,EVENT:US CPI Data | EVENT:DEFINED_RISK_ONLY | RANGE_RANGE_VERY_NARROW,19.31,1,38.87,HIGH,1,0,0,0,0,0,,,,
13:34:05,23353.8,23277.3,23231.4,VERY_NARROW,23361.1,23231.4,0.944,RANGE,STRONG_SELL_PREMIUM,RANGE,PREMIUM_SELL_RANGE,EVENT:US CPI Data | EVENT:DEFINED_RISK_ONLY | RANGE_RANGE_VERY_NARROW,19.31,1,38.85,HIGH,1,0,0,0,0,0,,,,
13:34:21,23350.65,23277.3,23231.4,VERY_NARROW,23361.1,23231.4,0.919,RANGE,STRONG_SELL_PREMIUM,RANGE,PREMIUM_SELL_RANGE,EVENT:US CPI Data | EVENT:DEFINED_RISK_ONLY | RANGE_RANGE_VERY_NARROW,19.31,1,38.83,HIGH,1,0,0,0,0,0,,,,
13:34:36,23348.85,23277.3,23231.4,VERY_NARROW,23361.1,23231.4,0.906,RANGE,STRONG_SELL_PREMIUM,RANGE,PREMIUM_SELL_RANGE,EVENT:US CPI Data | EVENT:DEFINED_RISK_ONLY | RANGE_RANGE_VERY_NARROW,19.31,1,38.81,HIGH,1,0,0,0,0,0,,,,
13:34:51,23348.1,23277.3,23231.4,VERY_NARROW,23361.1,23231.4,0.900,RANGE,STRONG_SELL_PREMIUM,RANGE,PREMIUM_SELL_RANGE,EVENT:US CPI Data | EVENT:DEFINED_RISK_ONLY | RANGE_RANGE_VERY_NARROW,19.31,1,38.79,HIGH,1,0,0,0,0,0,,,,
13:35:06,23344.85,23277.3,23231.4,VERY_NARROW,23361.1,23231.4,0.875,RANGE,STRONG_SELL_PREMIUM,RANGE,PREMIUM_SELL_RANGE,EVENT:US CPI Data | EVENT:DEFINED_RISK_ONLY | RANGE_RANGE_VERY_NARROW,17.46,1,38.78,HIGH,1,0,0,0,0,0,,,,
13:35:21,23339.25,23277.3,23231.4,VERY_NARROW,23361.1,23231.4,0.832,RANGE,STRONG_SELL_PREMIUM,RANGE,PREMIUM_SELL_RANGE,EVENT:US CPI Data | EVENT:DEFINED_RISK_ONLY | RANGE_RANGE_VERY_NARROW,17.46,1,38.76,HIGH,1,0,0,0,0,0,,,,
13:35:36,23341.75,23277.3,23231.4,VERY_NARROW,23361.1,23231.4,0.851,RANGE,STRONG_SELL_PREMIUM,RANGE,PREMIUM_SELL_RANGE,EVENT:US CPI Data | EVENT:DEFINED_RISK_ONLY | RANGE_RANGE_VERY_NARROW,17.46,1,38.74,HIGH,1,0,0,0,0,0,,,,
13:35:51,23343.7,23277.3,23231.4,VERY_NARROW,23361.1,23231.4,0.866,RANGE,STRONG_SELL_PREMIUM,RANGE,PREMIUM_SELL_RANGE,EVENT:US CPI Data | EVENT:DEFINED_RISK_ONLY | RANGE_RANGE_VERY_NARROW,17.46,1,38.72,HIGH,1,0,0,0,0,0,,,,
13:36:06,23340.7,23277.3,23231.4,VERY_NARROW,23361.1,23231.4,0.843,RANGE,STRONG_SELL_PREMIUM,RANGE,PREMIUM_SELL_RANGE,EVENT:US CPI Data | EVENT:DEFINED_RISK_ONLY | RANGE_RANGE_VERY_NARROW,17.46,1,38.7,HIGH,1,0,0,0,0,0,,,,
13:36:21,23340.7,23277.3,23231.4,VERY_NARROW,23361.1,23231.4,0.843,RANGE,STRONG_SELL_PREMIUM,RANGE,PREMIUM_SELL_RANGE,EVENT:US CPI Data | EVENT:DEFINED_RISK_ONLY | RANGE_RANGE_VERY_NARROW,17.46,1,38.68,HIGH,1,0,0,0,0,0,,,,
13:36:36,23340.75,23277.3,23231.4,VERY_NARROW,23361.1,23231.4,0.843,RANGE,STRONG_SELL_PREMIUM,RANGE,PREMIUM_SELL_RANGE,EVENT:US CPI Data | EVENT:DEFINED_RISK_ONLY | RANGE_RANGE_VERY_NARROW,17.46,1,38.66,HIGH,1,0,0,0,0,0,,,,
13:36:51,23340.05,23277.3,23231.4,VERY_NARROW,23361.1,23231.4,0.838,RANGE,STRONG_SELL_PREMIUM,RANGE,PREMIUM_SELL_RANGE,EVENT:US CPI Data | EVENT:DEFINED_RISK_ONLY | RANGE_RANGE_VERY_NARROW,17.46,1,38.65,HIGH,1,0,0,0,0,0,,,,
13:37:06,23342.1,23277.3,23231.4,VERY_NARROW,23361.1,23231.4,0.854,RANGE,STRONG_SELL_PREMIUM,RANGE,PREMIUM_SELL_RANGE,EVENT:US CPI Data | EVENT:DEFINED_RISK_ONLY | RANGE_RANGE_VERY_NARROW,17.91,1,38.63,HIGH,1,0,0,0,0,0,,,,
13:37:21,23336.7,23277.3,23231.4,VERY_NARROW,23361.1,23231.4,0.812,RANGE,STRONG_SELL_PREMIUM,RANGE,PREMIUM_SELL_RANGE,EVENT:US CPI Data | EVENT:DEFINED_RISK_ONLY | RANGE_RANGE_VERY_NARROW,17.91,1,38.61,HIGH,1,0,0,0,0,0,,,,
13:37:36,23338.05,23277.3,23231.4,VERY_NARROW,23361.1,23231.4,0.822,RANGE,STRONG_SELL_PREMIUM,RANGE,PREMIUM_SELL_RANGE,EVENT:US CPI Data | EVENT:DEFINED_RISK_ONLY | RANGE_RANGE_VERY_NARROW,17.91,1,38.59,HIGH,1,0,0,0,0,0,,,,
13:37:51,23340.05,23277.3,23231.4,VERY_NARROW,23361.1,23231.4,0.838,RANGE,STRONG_SELL_PREMIUM,RANGE,PREMIUM_SELL_RANGE,EVENT:US CPI Data | EVENT:DEFINED_RISK_ONLY | RANGE_RANGE_VERY_NARROW,17.91,1,38.57,HIGH,1,0,0,0,0,0,,,,
13:38:06,23339.65,23277.3,23231.4,VERY_NARROW,23361.1,23231.4,0.835,RANGE,STRONG_SELL_PREMIUM,RANGE,PREMIUM_SELL_RANGE,EVENT:US CPI Data | EVENT:DEFINED_RISK_ONLY | RANGE_RANGE_VERY_NARROW,17.91,1,38.55,HIGH,1,0,0,0,0,0,,,,
13:38:21,23339.5,23277.3,23231.4,VERY_NARROW,23361.1,23231.4,0.833,RANGE,STRONG_SELL_PREMIUM,RANGE,PREMIUM_SELL_RANGE,EVENT:US CPI Data | EVENT:DEFINED_RISK_ONLY | RANGE_RANGE_VERY_NARROW,17.91,1,38.53,HIGH,1,0,0,0,0,0,,,,
13:38:36,23342.85,23277.3,23231.4,VERY_NARROW,23361.1,23231.4,0.859,RANGE,STRONG_SELL_PREMIUM,RANGE,PREMIUM_SELL_RANGE,EVENT:US CPI Data | EVENT:DEFINED_RISK_ONLY | RANGE_RANGE_VERY_NARROW,17.91,1,38.52,HIGH,1,0,0,0,0,0,,,,
13:38:51,23342.95,23277.3,23231.4,VERY_NARROW,23361.1,23231.4,0.860,RANGE,STRONG_SELL_PREMIUM,RANGE,PREMIUM_SELL_RANGE,EVENT:US CPI Data | EVENT:DEFINED_RISK_ONLY | RANGE_RANGE_VERY_NARROW,17.91,1,38.5,HIGH,1,0,0,0,0,0,,,,
13:39:06,23342.35,23277.3,23231.4,VERY_NARROW,23361.1,23231.4,0.855,RANGE,STRONG_SELL_PREMIUM,RANGE,PREMIUM_SELL_RANGE,EVENT:US CPI Data | EVENT:DEFINED_RISK_ONLY | RANGE_RANGE_VERY_NARROW,17.91,1,38.48,HIGH,1,0,0,0,0,0,,,,
13:39:21,23340.75,23277.3,23231.4,VERY_NARROW,23361.1,23231.4,0.843,RANGE,STRONG_SELL_PREMIUM,RANGE,PREMIUM_SELL_RANGE,EVENT:US CPI Data | EVENT:DEFINED_RISK_ONLY | RANGE_RANGE_VERY_NARROW,17.91,1,38.46,HIGH,1,0,0,0,0,0,,,,
13:39:36,23342.9,23277.3,23231.4,VERY_NARROW,23361.1,23231.4,0.860,RANGE,STRONG_SELL_PREMIUM,RANGE,PREMIUM_SELL_RANGE,EVENT:US CPI Data | EVENT:DEFINED_RISK_ONLY | RANGE_RANGE_VERY_NARROW,17.91,1,38.44,HIGH,1,0,0,0,0,0,,,,
13:39:51,23343.1,23277.3,23231.4,VERY_NARROW,23361.1,23231.4,0.861,RANGE,STRONG_SELL_PREMIUM,RANGE,PREMIUM_SELL_RANGE,EVENT:US CPI Data | EVENT:DEFINED_RISK_ONLY | RANGE_RANGE_VERY_NARROW,17.91,1,38.43,HIGH,1,0,0,0,0,0,,,,
13:40:06,23338.35,23277.3,23231.4,VERY_NARROW,23361.1,23231.4,0.825,RANGE,STRONG_SELL_PREMIUM,RANGE,PREMIUM_SELL_RANGE,EVENT:US CPI Data | EVENT:DEFINED_RISK_ONLY | RANGE_RANGE_VERY_NARROW,16.65,1,38.41,HIGH,1,0,0,0,0,0,,,,
13:40:21,23339.7,23277.3,23231.4,VERY_NARROW,23361.1,23231.4,0.835,RANGE,STRONG_SELL_PREMIUM,RANGE,PREMIUM_SELL_RANGE,EVENT:US CPI Data | EVENT:DEFINED_RISK_ONLY | RANGE_RANGE_VERY_NARROW,16.65,1,38.39,HIGH,1,0,0,0,0,0,,,,
13:40:36,23344.15,23277.3,23231.4,VERY_NARROW,23361.1,23231.4,0.869,RANGE,STRONG_SELL_PREMIUM,RANGE,PREMIUM_SELL_RANGE,EVENT:US CPI Data | EVENT:DEFINED_RISK_ONLY | RANGE_RANGE_VERY_NARROW,16.65,1,38.37,HIGH,1,0,0,0,0,0,,,,
13:40:51,23344.5,23277.3,23231.4,VERY_NARROW,23361.1,23231.4,0.872,RANGE,STRONG_SELL_PREMIUM,RANGE,PREMIUM_SELL_RANGE,EVENT:US CPI Data | EVENT:DEFINED_RISK_ONLY | RANGE_RANGE_VERY_NARROW,16.65,1,38.35,HIGH,1,0,0,0,0,0,,,,
13:41:06,23342.6,23277.3,23231.4,VERY_NARROW,23361.1,23231.4,0.857,RANGE,STRONG_SELL_PREMIUM,RANGE,PREMIUM_SELL_RANGE,EVENT:US CPI Data | EVENT:DEFINED_RISK_ONLY | RANGE_RANGE_VERY_NARROW,19.11,1,38.33,HIGH,1,0,0,0,0,0,,,,
13:41:21,23333.1,23277.3,23231.4,VERY_NARROW,23361.1,23231.4,0.784,RANGE,STRONG_SELL_PREMIUM,RANGE,PREMIUM_SELL_RANGE,EVENT:US CPI Data | EVENT:DEFINED_RISK_ONLY | RANGE_RANGE_VERY_NARROW,19.11,1,38.32,HIGH,1,0,0,0,0,0,,,,
13:41:36,23316.05,23277.3,23231.4,VERY_NARROW,23361.1,23231.4,0.653,RANGE,STRONG_SELL_PREMIUM,RANGE,PREMIUM_SELL_RANGE,EVENT:US CPI Data | EVENT:DEFINED_RISK_ONLY | RANGE_RANGE_VERY_NARROW,19.11,1,38.3,HIGH,1,0,0,0,0,0,,,,
13:41:51,23316.9,23277.3,23231.4,VERY_NARROW,23361.1,23231.4,0.659,RANGE,STRONG_SELL_PREMIUM,RANGE,PREMIUM_SELL_RANGE,EVENT:US CPI Data | EVENT:DEFINED_RISK_ONLY | RANGE_RANGE_VERY_NARROW,19.11,1,38.28,HIGH,1,0,0,0,0,0,,,,
13:42:06,23317.1,23277.3,23231.4,VERY_NARROW,23361.1,23231.4,0.661,RANGE,STRONG_SELL_PREMIUM,RANGE,PREMIUM_SELL_RANGE,EVENT:US CPI Data | EVENT:DEFINED_RISK_ONLY | RANGE_RANGE_VERY_NARROW,19.11,1,38.26,HIGH,1,0,0,0,0,0,,,,
13:42:21,23321.4,23277.3,23231.4,VERY_NARROW,23361.1,23231.4,0.694,RANGE,STRONG_SELL_PREMIUM,RANGE,PREMIUM_SELL_RANGE,EVENT:US CPI Data | EVENT:DEFINED_RISK_ONLY | RANGE_RANGE_VERY_NARROW,19.11,1,38.25,HIGH,1,0,0,0,0,0,,,,
13:42:36,23324.45,23277.3,23231.4,VERY_NARROW,23361.1,23231.4,0.717,RANGE,STRONG_SELL_PREMIUM,RANGE,PREMIUM_SELL_RANGE,EVENT:US CPI Data | EVENT:DEFINED_RISK_ONLY | RANGE_RANGE_VERY_NARROW,19.11,1,38.23,HIGH,1,0,0,0,0,0,,,,
13:42:51,23331.15,23277.3,23231.4,VERY_NARROW,23361.1,23231.4,0.769,RANGE,STRONG_SELL_PREMIUM,RANGE,PREMIUM_SELL_RANGE,EVENT:US CPI Data | EVENT:DEFINED_RISK_ONLY | RANGE_RANGE_VERY_NARROW,19.11,1,38.21,HIGH,1,0,0,0,0,0,,,,
13:43:06,23335.8,23277.3,23231.4,VERY_NARROW,23361.1,23231.4,0.805,RANGE,STRONG_SELL_PREMIUM,RANGE,PREMIUM_SELL_RANGE,EVENT:US CPI Data | EVENT:DEFINED_RISK_ONLY | RANGE_RANGE_VERY_NARROW,19.11,1,38.19,HIGH,1,0,0,0,0,0,,,,
13:43:21,23332.7,23277.3,23231.4,VERY_NARROW,23361.1,23231.4,0.781,RANGE,STRONG_SELL_PREMIUM,RANGE,PREMIUM_SELL_RANGE,EVENT:US CPI Data | EVENT:DEFINED_RISK_ONLY | RANGE_RANGE_VERY_NARROW,19.11,1,38.17,HIGH,1,0,0,0,0,0,,,,
13:43:36,23334.45,23277.3,23231.4,VERY_NARROW,23361.1,23231.4,0.795,RANGE,STRONG_SELL_PREMIUM,RANGE,PREMIUM_SELL_RANGE,EVENT:US CPI Data | EVENT:DEFINED_RISK_ONLY | RANGE_RANGE_VERY_NARROW,19.11,1,38.16,HIGH,1,0,0,0,0,0,,,,
13:43:51,23332.85,23277.3,23231.4,VERY_NARROW,23361.1,23231.4,0.782,RANGE,STRONG_SELL_PREMIUM,RANGE,PREMIUM_SELL_RANGE,EVENT:US CPI Data | EVENT:DEFINED_RISK_ONLY | RANGE_RANGE_VERY_NARROW,19.11,1,38.14,HIGH,1,0,0,0,0,0,,,,
13:44:06,23336.4,23277.3,23231.4,VERY_NARROW,23361.1,23231.4,0.810,RANGE,STRONG_SELL_PREMIUM,RANGE,PREMIUM_SELL_RANGE,EVENT:US CPI Data | EVENT:DEFINED_RISK_ONLY | RANGE_RANGE_VERY_NARROW,19.11,1,38.12,HIGH,1,0,0,0,0,0,,,,
13:44:21,23335.3,23277.3,23231.4,VERY_NARROW,23361.1,23231.4,0.801,RANGE,STRONG_SELL_PREMIUM,RANGE,PREMIUM_SELL_RANGE,EVENT:US CPI Data | EVENT:DEFINED_RISK_ONLY | RANGE_RANGE_VERY_NARROW,19.11,1,38.1,HIGH,1,0,0,0,0,0,,,,
13:44:36,23337.1,23277.3,23231.4,VERY_NARROW,23361.1,23231.4,0.815,RANGE,STRONG_SELL_PREMIUM,RANGE,PREMIUM_SELL_RANGE,EVENT:US CPI Data | EVENT:DEFINED_RISK_ONLY | RANGE_RANGE_VERY_NARROW,19.11,1,38.08,HIGH,1,0,0,0,0,0,,,,
13:44:52,23336.75,23277.3,23231.4,VERY_NARROW,23361.1,23231.4,0.812,RANGE,STRONG_SELL_PREMIUM,RANGE,PREMIUM_SELL_RANGE,EVENT:US CPI Data | EVENT:DEFINED_RISK_ONLY | RANGE_RANGE_VERY_NARROW,19.11,1,38.07,HIGH,1,0,0,0,0,0,,,,
13:45:06,23336.95,23277.3,23231.4,VERY_NARROW,23361.1,23231.4,0.814,UPTREND,STRONG_SELL_PREMIUM,RANGE,NO_TRADE,EVENT:US CPI Data | EVENT:DEFINED_RISK_ONLY | EVENT:ONLY_RANGE_ALLOWED,20.2,1,38.05,HIGH,1,0,0,0,0,0,,,,
13:45:21,23332.3,23277.3,23231.4,VERY_NARROW,23361.1,23231.4,0.778,UPTREND,STRONG_SELL_PREMIUM,RANGE,NO_TRADE,EVENT:US CPI Data | EVENT:DEFINED_RISK_ONLY | EVENT:ONLY_RANGE_ALLOWED,20.2,1,38.03,HIGH,1,0,0,0,0,0,,,,
13:45:37,23330.5,23277.3,23231.4,VERY_NARROW,23361.1,23231.4,0.764,UPTREND,STRONG_SELL_PREMIUM,RANGE,NO_TRADE,EVENT:US CPI Data | EVENT:DEFINED_RISK_ONLY | EVENT:ONLY_RANGE_ALLOWED,20.2,1,38.01,HIGH,1,0,0,0,0,0,,,,
13:45:51,23324.5,23277.3,23231.4,VERY_NARROW,23361.1,23231.4,0.718,UPTREND,STRONG_SELL_PREMIUM,RANGE,NO_TRADE,EVENT:US CPI Data | EVENT:DEFINED_RISK_ONLY | EVENT:ONLY_RANGE_ALLOWED,20.2,1,38.0,HIGH,1,0,0,0,0,0,,,,
13:46:07,23325.6,23277.3,23231.4,VERY_NARROW,23361.1,23231.4,0.726,UPTREND,STRONG_SELL_PREMIUM,RANGE,NO_TRADE,EVENT:US CPI Data | EVENT:DEFINED_RISK_ONLY | EVENT:ONLY_RANGE_ALLOWED,20.2,1,37.98,HIGH,1,0,0,0,0,0,,,,
13:46:22,23322.7,23277.3,23231.4,VERY_NARROW,23361.1,23231.4,0.704,UPTREND,STRONG_SELL_PREMIUM,RANGE,NO_TRADE,EVENT:US CPI Data | EVENT:DEFINED_RISK_ONLY | EVENT:ONLY_RANGE_ALLOWED,20.2,1,37.96,HIGH,1,0,0,0,0,0,,,,
13:46:37,23323.85,23277.3,23231.4,VERY_NARROW,23361.1,23231.4,0.713,UPTREND,STRONG_SELL_PREMIUM,RANGE,NO_TRADE,EVENT:US CPI Data | EVENT:DEFINED_RISK_ONLY | EVENT:ONLY_RANGE_ALLOWED,20.2,1,37.94,HIGH,1,0,0,0,0,0,,,,
13:46:52,23327.1,23277.3,23231.4,VERY_NARROW,23361.1,23231.4,0.738,UPTREND,STRONG_SELL_PREMIUM,RANGE,NO_TRADE,EVENT:US CPI Data | EVENT:DEFINED_RISK_ONLY | EVENT:ONLY_RANGE_ALLOWED,20.2,1,37.93,HIGH,1,0,0,0,0,0,,,,
13:47:07,23328.0,23277.3,23231.4,VERY_NARROW,23361.1,23231.4,0.745,UPTREND,STRONG_SELL_PREMIUM,RANGE,NO_TRADE,EVENT:US CPI Data | EVENT:DEFINED_RISK_ONLY | EVENT:ONLY_RANGE_ALLOWED,20.2,1,37.91,HIGH,1,0,0,0,0,0,,,,
13:47:22,23332.15,23277.3,23231.4,VERY_NARROW,23361.1,23231.4,0.777,UPTREND,STRONG_SELL_PREMIUM,RANGE,NO_TRADE,EVENT:US CPI Data | EVENT:DEFINED_RISK_ONLY | EVENT:ONLY_RANGE_ALLOWED,20.2,1,37.89,HIGH,1,0,0,0,0,0,,,,
13:47:37,23333.9,23277.3,23231.4,VERY_NARROW,23361.1,23231.4,0.790,UPTREND,STRONG_SELL_PREMIUM,RANGE,NO_TRADE,EVENT:US CPI Data | EVENT:DEFINED_RISK_ONLY | EVENT:ONLY_RANGE_ALLOWED,20.2,1,37.87,HIGH,1,0,0,0,0,0,,,,
13:47:52,23336.35,23277.3,23231.4,VERY_NARROW,23361.1,23231.4,0.809,UPTREND,STRONG_SELL_PREMIUM,RANGE,NO_TRADE,EVENT:US CPI Data | EVENT:DEFINED_RISK_ONLY | EVENT:ONLY_RANGE_ALLOWED,20.2,1,37.86,HIGH,1,0,0,0,0,0,,,,
13:48:07,23338.3,23277.3,23231.4,VERY_NARROW,23361.1,23231.4,0.824,UPTREND,STRONG_SELL_PREMIUM,RANGE,NO_TRADE,EVENT:US CPI Data | EVENT:DEFINED_RISK_ONLY | EVENT:ONLY_RANGE_ALLOWED,20.2,1,37.84,HIGH,1,0,0,0,0,0,,,,
13:48:22,23338.25,23277.3,23231.4,VERY_NARROW,23361.1,23231.4,0.824,UPTREND,STRONG_SELL_PREMIUM,RANGE,NO_TRADE,EVENT:US CPI Data | EVENT:DEFINED_RISK_ONLY | EVENT:ONLY_RANGE_ALLOWED,20.2,1,37.82,HIGH,1,0,0,0,0,0,,,,
13:48:37,23338.1,23277.3,23231.4,VERY_NARROW,23361.1,23231.4,0.823,UPTREND,STRONG_SELL_PREMIUM,RANGE,NO_TRADE,EVENT:US CPI Data | EVENT:DEFINED_RISK_ONLY | EVENT:ONLY_RANGE_ALLOWED,20.2,1,37.81,HIGH,1,0,0,0,0,0,,,,
13:48:52,23334.55,23277.3,23231.4,VERY_NARROW,23361.1,23231.4,0.795,UPTREND,STRONG_SELL_PREMIUM,RANGE,NO_TRADE,EVENT:US CPI Data | EVENT:DEFINED_RISK_ONLY | EVENT:ONLY_RANGE_ALLOWED,20.2,1,37.79,HIGH,1,0,0,0,0,0,,,,
13:49:07,23335.15,23277.3,23231.4,VERY_NARROW,23361.1,23231.4,0.800,UPTREND,STRONG_SELL_PREMIUM,RANGE,NO_TRADE,EVENT:US CPI Data | EVENT:DEFINED_RISK_ONLY | EVENT:ONLY_RANGE_ALLOWED,20.2,1,37.77,HIGH,1,0,0,0,0,0,,,,
13:49:22,23333.35,23277.3,23231.4,VERY_NARROW,23361.1,23231.4,0.786,UPTREND,STRONG_SELL_PREMIUM,RANGE,NO_TRADE,EVENT:US CPI Data | EVENT:DEFINED_RISK_ONLY | EVENT:ONLY_RANGE_ALLOWED,20.2,1,37.75,HIGH,1,0,0,0,0,0,,,,
13:49:37,23336.6,23277.3,23231.4,VERY_NARROW,23361.1,23231.4,0.811,UPTREND,STRONG_SELL_PREMIUM,RANGE,NO_TRADE,EVENT:US CPI Data | EVENT:DEFINED_RISK_ONLY | EVENT:ONLY_RANGE_ALLOWED,20.2,1,37.74,HIGH,1,0,0,0,0,0,,,,
13:49:52,23337.85,23277.3,23231.4,VERY_NARROW,23361.1,23231.4,0.821,UPTREND,STRONG_SELL_PREMIUM,RANGE,NO_TRADE,EVENT:US CPI Data | EVENT:DEFINED_RISK_ONLY | EVENT:ONLY_RANGE_ALLOWED,20.2,1,37.72,HIGH,1,0,0,0,0,0,,,,
13:50:07,23339.8,23277.3,23231.4,VERY_NARROW,23361.1,23231.4,0.836,UPTREND,STRONG_SELL_PREMIUM,RANGE,NO_TRADE,EVENT:US CPI Data | EVENT:DEFINED_RISK_ONLY | EVENT:ONLY_RANGE_ALLOWED,20.32,1,37.7,HIGH,1,0,0,0,0,0,,,,
13:50:22,23340.5,23277.3,23231.4,VERY_NARROW,23361.1,23231.4,0.841,UPTREND,STRONG_SELL_PREMIUM,RANGE,NO_TRADE,EVENT:US CPI Data | EVENT:DEFINED_RISK_ONLY | EVENT:ONLY_RANGE_ALLOWED,20.32,1,37.68,HIGH,1,0,0,0,0,0,,,,
13:50:37,23340.7,23277.3,23231.4,VERY_NARROW,23361.1,23231.4,0.843,UPTREND,STRONG_SELL_PREMIUM,RANGE,NO_TRADE,EVENT:US CPI Data | EVENT:DEFINED_RISK_ONLY | EVENT:ONLY_RANGE_ALLOWED,20.32,1,37.67,HIGH,1,0,0,0,0,0,,,,
13:50:52,23342.6,23277.3,23231.4,VERY_NARROW,23361.1,23231.4,0.857,UPTREND,STRONG_SELL_PREMIUM,RANGE,NO_TRADE,EVENT:US CPI Data | EVENT:DEFINED_RISK_ONLY | EVENT:ONLY_RANGE_ALLOWED,20.32,1,37.65,HIGH,1,0,0,0,0,0,,,,
13:51:07,23345.1,23277.3,23231.4,VERY_NARROW,23361.1,23231.4,0.877,UPTREND,STRONG_SELL_PREMIUM,RANGE,NO_TRADE,EVENT:US CPI Data | EVENT:DEFINED_RISK_ONLY | EVENT:ONLY_RANGE_ALLOWED,18.64,1,37.63,HIGH,1,0,0,0,0,0,,,,
13:51:22,23348.75,23277.3,23231.4,VERY_NARROW,23361.1,23231.4,0.905,UPTREND,STRONG_SELL_PREMIUM,RANGE,NO_TRADE,EVENT:US CPI Data | EVENT:DEFINED_RISK_ONLY | EVENT:ONLY_RANGE_ALLOWED,18.64,1,37.62,HIGH,1,0,0,0,0,0,,,,
13:51:37,23348.45,23277.3,23231.4,VERY_NARROW,23361.1,23231.4,0.902,RANGE,STRONG_SELL_PREMIUM,RANGE,PREMIUM_SELL_RANGE,EVENT:US CPI Data | EVENT:DEFINED_RISK_ONLY | RANGE_RANGE_VERY_NARROW,18.64,1,37.6,HIGH,1,0,0,0,0,0,,,,
13:51:52,23353.85,23277.3,23231.4,VERY_NARROW,23361.1,23231.4,0.944,RANGE,STRONG_SELL_PREMIUM,RANGE,PREMIUM_SELL_RANGE,EVENT:US CPI Data | EVENT:DEFINED_RISK_ONLY | RANGE_RANGE_VERY_NARROW,18.64,1,37.58,HIGH,1,0,0,0,0,0,,,,
13:52:07,23349.1,23277.3,23231.4,VERY_NARROW,23361.1,23231.4,0.907,RANGE,STRONG_SELL_PREMIUM,RANGE,PREMIUM_SELL_RANGE,EVENT:US CPI Data | EVENT:DEFINED_RISK_ONLY | RANGE_RANGE_VERY_NARROW,18.64,1,37.57,HIGH,1,0,0,0,0,0,,,,
13:52:22,23346.8,23277.3,23231.4,VERY_NARROW,23361.1,23231.4,0.890,RANGE,STRONG_SELL_PREMIUM,RANGE,PREMIUM_SELL_RANGE,EVENT:US CPI Data | EVENT:DEFINED_RISK_ONLY | RANGE_RANGE_VERY_NARROW,18.64,1,37.55,HIGH,1,0,0,0,0,0,,,,
13:52:37,23349.2,23277.3,23231.4,VERY_NARROW,23361.1,23231.4,0.908,RANGE,STRONG_SELL_PREMIUM,RANGE,PREMIUM_SELL_RANGE,EVENT:US CPI Data | EVENT:DEFINED_RISK_ONLY | RANGE_RANGE_VERY_NARROW,18.64,1,37.53,HIGH,1,0,0,0,0,0,,,,
13:52:52,23345.55,23277.3,23231.4,VERY_NARROW,23361.1,23231.4,0.880,RANGE,STRONG_SELL_PREMIUM,RANGE,PREMIUM_SELL_RANGE,EVENT:US CPI Data | EVENT:DEFINED_RISK_ONLY | RANGE_RANGE_VERY_NARROW,18.64,1,37.51,HIGH,1,0,0,0,0,0,,,,
13:53:07,23348.4,23277.3,23231.4,VERY_NARROW,23361.1,23231.4,0.902,RANGE,STRONG_SELL_PREMIUM,RANGE,PREMIUM_SELL_RANGE,EVENT:US CPI Data | EVENT:DEFINED_RISK_ONLY | RANGE_RANGE_VERY_NARROW,18.64,1,37.5,HIGH,1,0,0,0,0,0,,,,
13:53:22,23347.2,23277.3,23231.4,VERY_NARROW,23361.1,23231.4,0.893,RANGE,STRONG_SELL_PREMIUM,RANGE,PREMIUM_SELL_RANGE,EVENT:US CPI Data | EVENT:DEFINED_RISK_ONLY | RANGE_RANGE_VERY_NARROW,18.64,1,37.48,HIGH,1,0,0,0,0,0,,,,
13:53:37,23346.5,23277.3,23231.4,VERY_NARROW,23361.1,23231.4,0.887,RANGE,STRONG_SELL_PREMIUM,RANGE,PREMIUM_SELL_RANGE,EVENT:US CPI Data | EVENT:DEFINED_RISK_ONLY | RANGE_RANGE_VERY_NARROW,18.64,1,37.46,HIGH,1,0,0,0,0,0,,,,
13:53:52,23348.35,23277.3,23231.4,VERY_NARROW,23361.1,23231.4,0.902,RANGE,STRONG_SELL_PREMIUM,RANGE,PREMIUM_SELL_RANGE,EVENT:US CPI Data | EVENT:DEFINED_RISK_ONLY | RANGE_RANGE_VERY_NARROW,18.64,1,37.45,HIGH,1,0,0,0,0,0,,,,
13:54:07,23349.4,23277.3,23231.4,VERY_NARROW,23380.6,23231.4,0.791,UPTREND,STRONG_SELL_PREMIUM,RANGE,NO_TRADE,EVENT:US CPI Data | EVENT:DEFINED_RISK_ONLY | EVENT:ONLY_RANGE_ALLOWED,20.12,1,43.06,HIGH,1,0,0,0,0,0,,,,
13:54:22,23367.5,23277.3,23231.4,VERY_NARROW,23380.6,23231.4,0.912,UPTREND,SELL_PREMIUM,RANGE,NO_TRADE,EVENT:US CPI Data | EVENT:DEFINED_RISK_ONLY | EVENT:ONLY_RANGE_ALLOWED,20.12,1,43.04,HIGH,1,0,0,0,0,0,,,,
13:54:37,23356.85,23277.3,23231.4,VERY_NARROW,23380.6,23231.4,0.841,UPTREND,SELL_PREMIUM,RANGE,NO_TRADE,EVENT:US CPI Data | EVENT:DEFINED_RISK_ONLY | EVENT:ONLY_RANGE_ALLOWED,20.12,1,43.02,HIGH,1,0,0,0,0,0,,,,
13:54:52,23352.0,23277.3,23231.4,VERY_NARROW,23380.6,23231.4,0.808,UPTREND,SELL_PREMIUM,RANGE,NO_TRADE,EVENT:US CPI Data | EVENT:DEFINED_RISK_ONLY | EVENT:ONLY_RANGE_ALLOWED,20.12,1,43.0,HIGH,1,0,0,0,0,0,,,,
13:55:07,23350.6,23277.3,23231.4,VERY_NARROW,23381.25,23231.4,0.795,UPTREND,NEUTRAL,RANGE,NO_TRADE,EVENT:US CPI Data | EVENT:DEFINED_RISK_ONLY | EVENT:ONLY_RANGE_ALLOWED,20.1,1,43.17,HIGH,1,0,0,0,0,0,,,,
13:55:22,23361.3,23277.3,23231.4,VERY_NARROW,23381.25,23231.4,0.867,UPTREND,NEUTRAL,RANGE,NO_TRADE,EVENT:US CPI Data | EVENT:DEFINED_RISK_ONLY | EVENT:ONLY_RANGE_ALLOWED,20.1,1,43.15,HIGH,1,0,0,0,0,0,,,,
13:55:37,23368.45,23277.3,23231.4,VERY_NARROW,23381.25,23231.4,0.915,UPTREND,NEUTRAL,RANGE,NO_TRADE,EVENT:US CPI Data | EVENT:DEFINED_RISK_ONLY | EVENT:ONLY_RANGE_ALLOWED,20.1,1,43.13,HIGH,1,0,0,0,0,0,,,,
13:55:52,23380.55,23277.3,23231.4,VERY_NARROW,23381.25,23231.4,0.995,UPTREND,NEUTRAL,RANGE,NO_TRADE,EVENT:US CPI Data | EVENT:DEFINED_RISK_ONLY | EVENT:ONLY_RANGE_ALLOWED,20.1,1,43.11,HIGH,1,0,0,0,0,0,,,,
13:56:07,23373.05,23277.3,23231.4,VERY_NARROW,23381.25,23231.4,0.945,UPTREND,NEUTRAL,RANGE,NO_TRADE,EVENT:US CPI Data | EVENT:DEFINED_RISK_ONLY | EVENT:ONLY_RANGE_ALLOWED,20.1,1,43.09,HIGH,1,0,0,0,0,0,,,,
13:56:22,23370.15,23277.3,23231.4,VERY_NARROW,23381.25,23231.4,0.926,UPTREND,NEUTRAL,RANGE,NO_TRADE,EVENT:US CPI Data | EVENT:DEFINED_RISK_ONLY | EVENT:ONLY_RANGE_ALLOWED,20.1,1,43.07,HIGH,1,0,0,0,0,0,,,,
13:56:37,23375.3,23277.3,23231.4,VERY_NARROW,23381.25,23231.4,0.960,UPTREND,NEUTRAL,RANGE,NO_TRADE,EVENT:US CPI Data | EVENT:DEFINED_RISK_ONLY | EVENT:ONLY_RANGE_ALLOWED,20.1,1,43.05,HIGH,1,0,0,0,0,0,,,,
13:56:52,23379.1,23277.3,23231.4,VERY_NARROW,23381.25,23231.4,0.986,UPTREND,NEUTRAL,RANGE,NO_TRADE,EVENT:US CPI Data | EVENT:DEFINED_RISK_ONLY | EVENT:ONLY_RANGE_ALLOWED,20.1,1,43.03,HIGH,1,0,0,0,0,0,,,,
13:57:07,23379.25,23277.3,23231.4,VERY_NARROW,23389.85,23231.4,0.933,UPTREND,NEUTRAL,RANGE,NO_TRADE,EVENT:US CPI Data | EVENT:DEFINED_RISK_ONLY | EVENT:ONLY_RANGE_ALLOWED,20.75,1,45.48,HIGH,1,0,0,0,0,0,,,,
13:57:22,23383.5,23277.3,23231.4,VERY_NARROW,23389.85,23231.4,0.960,UPTREND,NEUTRAL,RANGE,NO_TRADE,EVENT:US CPI Data | EVENT:DEFINED_RISK_ONLY | EVENT:ONLY_RANGE_ALLOWED,20.75,1,45.46,HIGH,1,0,0,0,0,0,,,,
13:57:37,23387.35,23277.3,23231.4,VERY_NARROW,23389.85,23231.4,0.984,UPTREND,NEUTRAL,RANGE,NO_TRADE,EVENT:US CPI Data | EVENT:DEFINED_RISK_ONLY | EVENT:ONLY_RANGE_ALLOWED,20.75,1,45.44,HIGH,1,0,0,0,0,0,,,,
13:57:52,23384.3,23277.3,23231.4,VERY_NARROW,23389.85,23231.4,0.965,UPTREND,NEUTRAL,RANGE,NO_TRADE,EVENT:US CPI Data | EVENT:DEFINED_RISK_ONLY | EVENT:ONLY_RANGE_ALLOWED,20.75,1,45.42,HIGH,1,0,0,0,0,0,,,,
13:58:07,23387.45,23277.3,23231.4,VERY_NARROW,23390.4,23231.4,0.981,UPTREND,NEUTRAL,RANGE,NO_TRADE,EVENT:US CPI Data | EVENT:DEFINED_RISK_ONLY | EVENT:ONLY_RANGE_ALLOWED,20.79,1,45.56,HIGH,1,0,0,0,0,0,,,,
13:58:22,23385.95,23277.3,23231.4,VERY_NARROW,23390.4,23231.4,0.972,UPTREND,NEUTRAL,RANGE,NO_TRADE,EVENT:US CPI Data | EVENT:DEFINED_RISK_ONLY | EVENT:ONLY_RANGE_ALLOWED,20.79,1,45.54,HIGH,1,0,0,0,0,0,,,,
13:58:38,23385.45,23277.3,23231.4,VERY_NARROW,23390.4,23231.4,0.969,UPTREND,NEUTRAL,RANGE,NO_TRADE,EVENT:US CPI Data | EVENT:DEFINED_RISK_ONLY | EVENT:ONLY_RANGE_ALLOWED,20.79,1,45.52,HIGH,1,0,0,0,0,0,,,,
13:58:53,23381.2,23277.3,23231.4,VERY_NARROW,23390.4,23231.4,0.942,UPTREND,NEUTRAL,RANGE,NO_TRADE,EVENT:US CPI Data | EVENT:DEFINED_RISK_ONLY | EVENT:ONLY_RANGE_ALLOWED,20.79,1,45.5,HIGH,1,0,0,0,0,0,,,,
13:59:08,23382.85,23277.3,23231.4,VERY_NARROW,23390.4,23231.4,0.953,UPTREND,NEUTRAL,RANGE,NO_TRADE,EVENT:US CPI Data | EVENT:DEFINED_RISK_ONLY | EVENT:ONLY_RANGE_ALLOWED,20.79,1,45.48,HIGH,1,0,0,0,0,0,,,,
13:59:23,23386.25,23277.3,23231.4,VERY_NARROW,23390.4,23231.4,0.974,UPTREND,NEUTRAL,RANGE,NO_TRADE,EVENT:US CPI Data | EVENT:DEFINED_RISK_ONLY | EVENT:ONLY_RANGE_ALLOWED,20.79,1,45.46,HIGH,1,0,0,0,0,0,,,,
13:59:38,23386.9,23277.3,23231.4,VERY_NARROW,23390.4,23231.4,0.978,UPTREND,NEUTRAL,RANGE,NO_TRADE,EVENT:US CPI Data | EVENT:DEFINED_RISK_ONLY | EVENT:ONLY_RANGE_ALLOWED,20.79,1,45.44,HIGH,1,0,0,0,0,0,,,,
13:59:53,23387.2,23277.3,23231.4,VERY_NARROW,23390.4,23231.4,0.980,UPTREND,NEUTRAL,RANGE,NO_TRADE,EVENT:US CPI Data | EVENT:DEFINED_RISK_ONLY | EVENT:ONLY_RANGE_ALLOWED,20.79,1,45.42,HIGH,1,0,0,0,0,0,,,,
14:00:08,23384.95,23277.3,23231.4,VERY_NARROW,23400.8,23231.4,0.906,UPTREND,NEUTRAL,RANGE,NO_TRADE,EVENT:US CPI Data | EVENT:DEFINED_RISK_ONLY | EVENT:ONLY_RANGE_ALLOWED,22.12,1,48.37,HIGH,1,0,0,0,0,0,,,,
14:00:23,23385.75,23277.3,23231.4,VERY_NARROW,23400.8,23231.4,0.911,UPTREND,NEUTRAL,RANGE,NO_TRADE,EVENT:US CPI Data | EVENT:DEFINED_RISK_ONLY | EVENT:ONLY_RANGE_ALLOWED,22.12,1,48.35,HIGH,1,0,0,0,0,0,,,,
14:00:38,23389.65,23277.3,23231.4,VERY_NARROW,23400.8,23231.4,0.934,UPTREND,NEUTRAL,RANGE,NO_TRADE,EVENT:US CPI Data | EVENT:DEFINED_RISK_ONLY | EVENT:ONLY_RANGE_ALLOWED,22.12,1,48.33,HIGH,1,0,0,0,0,0,,,,
14:00:53,23399.05,23277.3,23231.4,VERY_NARROW,23400.8,23231.4,0.990,UPTREND,NEUTRAL,RANGE,NO_TRADE,EVENT:US CPI Data | EVENT:DEFINED_RISK_ONLY | EVENT:ONLY_RANGE_ALLOWED,22.12,1,48.31,HIGH,1,0,0,0,0,0,,,,
14:01:08,23392.7,23277.3,23231.4,VERY_NARROW,23400.8,23231.4,0.952,UPTREND,NEUTRAL,RANGE,NO_TRADE,EVENT:US CPI Data | EVENT:DEFINED_RISK_ONLY | EVENT:ONLY_RANGE_ALLOWED,22.12,1,48.29,HIGH,1,0,0,0,0,0,,,,
14:01:23,23395.4,23277.3,23231.4,VERY_NARROW,23400.8,23231.4,0.968,UPTREND,NEUTRAL,RANGE,NO_TRADE,EVENT:US CPI Data | EVENT:DEFINED_RISK_ONLY | EVENT:ONLY_RANGE_ALLOWED,22.12,1,48.26,HIGH,1,0,0,0,0,0,,,,
14:01:38,23392.55,23277.3,23231.4,VERY_NARROW,23400.8,23231.4,0.951,UPTREND,NEUTRAL,RANGE,NO_TRADE,EVENT:US CPI Data | EVENT:DEFINED_RISK_ONLY | EVENT:ONLY_RANGE_ALLOWED,22.12,1,48.24,HIGH,1,0,0,0,0,0,,,,
14:01:53,23393.3,23277.3,23231.4,VERY_NARROW,23400.8,23231.4,0.956,UPTREND,NEUTRAL,RANGE,NO_TRADE,EVENT:US CPI Data | EVENT:DEFINED_RISK_ONLY | EVENT:ONLY_RANGE_ALLOWED,22.12,1,48.22,HIGH,1,0,0,0,0,0,,,,
14:02:08,23402.45,23277.3,23231.4,VERY_NARROW,23434.95,23231.4,0.840,UPTREND,NEUTRAL,RANGE,NO_TRADE,EVENT:US CPI Data | EVENT:DEFINED_RISK_ONLY | EVENT:ONLY_RANGE_ALLOWED,23.73,1,57.92,HIGH,1,0,0,0,0,0,,,,
14:02:23,23416.05,23277.3,23231.4,VERY_NARROW,23434.95,23231.4,0.907,UPTREND,NEUTRAL,RANGE,NO_TRADE,EVENT:US CPI Data | EVENT:DEFINED_RISK_ONLY | EVENT:ONLY_RANGE_ALLOWED,23.73,1,57.89,HIGH,1,0,0,0,0,0,,,,
14:02:38,23430.95,23277.3,23231.4,VERY_NARROW,23434.95,23231.4,0.980,UPTREND,NEUTRAL,RANGE,NO_TRADE,EVENT:US CPI Data | EVENT:DEFINED_RISK_ONLY | EVENT:ONLY_RANGE_ALLOWED,23.73,1,57.87,HIGH,1,0,0,0,0,0,,,,
14:02:53,23433.45,23277.3,23231.4,VERY_NARROW,23434.95,23231.4,0.993,UPTREND,NEUTRAL,RANGE,NO_TRADE,EVENT:US CPI Data | EVENT:DEFINED_RISK_ONLY | EVENT:ONLY_RANGE_ALLOWED,23.73,1,57.84,HIGH,1,0,0,0,0,0,,,,
14:03:08,23429.0,23277.3,23231.4,VERY_NARROW,23448.1,23231.4,0.912,UPTREND,NEUTRAL,RANGE,NO_TRADE,EVENT:US CPI Data | EVENT:DEFINED_RISK_ONLY | EVENT:ONLY_RANGE_ALLOWED,24.16,1,61.55,HIGH,1,0,0,0,0,0,,,,
14:03:23,23438.6,23277.3,23231.4,VERY_NARROW,23448.1,23231.4,0.956,UPTREND,NEUTRAL,RANGE,NO_TRADE,EVENT:US CPI Data | EVENT:DEFINED_RISK_ONLY | EVENT:ONLY_RANGE_ALLOWED,24.16,1,61.53,HIGH,1,0,0,0,0,0,,,,
14:03:38,23446.4,23277.3,23231.4,VERY_NARROW,23448.1,23231.4,0.992,UPTREND,NEUTRAL,RANGE,NO_TRADE,EVENT:US CPI Data | EVENT:DEFINED_RISK_ONLY | EVENT:ONLY_RANGE_ALLOWED,24.16,1,61.5,HIGH,1,0,0,0,0,0,,,,
14:03:53,23439.3,23277.3,23231.4,VERY_NARROW,23448.1,23231.4,0.959,UPTREND,NEUTRAL,RANGE,NO_TRADE,EVENT:US CPI Data | EVENT:DEFINED_RISK_ONLY | EVENT:ONLY_RANGE_ALLOWED,24.16,1,61.47,HIGH,1,0,0,0,0,0,,,,
14:04:09,23435.8,23277.3,23231.4,VERY_NARROW,23448.1,23231.4,0.943,UPTREND,NEUTRAL,RANGE,NO_TRADE,EVENT:US CPI Data | EVENT:DEFINED_RISK_ONLY | EVENT:ONLY_RANGE_ALLOWED,24.16,1,61.44,HIGH,1,0,0,0,0,0,,,,
14:04:24,23435.85,23277.3,23231.4,VERY_NARROW,23448.1,23231.4,0.943,UPTREND,NEUTRAL,RANGE,NO_TRADE,EVENT:US CPI Data | EVENT:DEFINED_RISK_ONLY | EVENT:ONLY_RANGE_ALLOWED,24.16,1,61.42,HIGH,1,0,0,0,0,0,,,,
14:04:39,23436.7,23277.3,23231.4,VERY_NARROW,23448.1,23231.4,0.947,UPTREND,NEUTRAL,RANGE,NO_TRADE,EVENT:US CPI Data | EVENT:DEFINED_RISK_ONLY | EVENT:ONLY_RANGE_ALLOWED,24.16,1,61.39,HIGH,1,0,0,0,0,0,,,,
14:04:54,23439.1,23277.3,23231.4,VERY_NARROW,23448.1,23231.4,0.958,UPTREND,NEUTRAL,RANGE,NO_TRADE,EVENT:US CPI Data | EVENT:DEFINED_RISK_ONLY | EVENT:ONLY_RANGE_ALLOWED,24.16,1,61.36,HIGH,1,0,0,0,0,0,,,,
14:05:09,23437.35,23277.3,23231.4,VERY_NARROW,23448.1,23231.4,0.950,UPTREND,NEUTRAL,RANGE,NO_TRADE,EVENT:US CPI Data | EVENT:DEFINED_RISK_ONLY | EVENT:ONLY_RANGE_ALLOWED,27.19,1,61.34,HIGH,1,0,0,0,0,0,,,,
14:05:24,23431.3,23277.3,23231.4,VERY_NARROW,23448.1,23231.4,0.922,UPTREND,NEUTRAL,RANGE,NO_TRADE,EVENT:US CPI Data | EVENT:DEFINED_RISK_ONLY | EVENT:ONLY_RANGE_ALLOWED,27.19,1,61.31,HIGH,1,0,0,0,0,0,,,,
14:05:39,23428.05,23277.3,23231.4,VERY_NARROW,23448.1,23231.4,0.907,UPTREND,NEUTRAL,RANGE,NO_TRADE,EVENT:US CPI Data | EVENT:DEFINED_RISK_ONLY | EVENT:ONLY_RANGE_ALLOWED,27.19,1,61.29,HIGH,1,0,0,0,0,0,,,,
14:05:54,23426.3,23277.3,23231.4,VERY_NARROW,23448.1,23231.4,0.899,UPTREND,NEUTRAL,RANGE,NO_TRADE,EVENT:US CPI Data | EVENT:DEFINED_RISK_ONLY | EVENT:ONLY_RANGE_ALLOWED,27.19,1,61.26,HIGH,1,0,0,0,0,0,,,,
14:06:09,23418.25,23277.3,23231.4,VERY_NARROW,23448.1,23231.4,0.862,UPTREND,NEUTRAL,RANGE,NO_TRADE,EVENT:US CPI Data | EVENT:DEFINED_RISK_ONLY | EVENT:ONLY_RANGE_ALLOWED,27.19,1,61.23,HIGH,1,0,0,0,0,0,,,,
14:06:24,23416.55,23277.3,23231.4,VERY_NARROW,23448.1,23231.4,0.854,UPTREND,NEUTRAL,RANGE,NO_TRADE,EVENT:US CPI Data | EVENT:DEFINED_RISK_ONLY | EVENT:ONLY_RANGE_ALLOWED,27.19,1,61.21,HIGH,1,0,0,0,0,0,,,,
14:06:39,23415.15,23277.3,23231.4,VERY_NARROW,23448.1,23231.4,0.848,UPTREND,NEUTRAL,RANGE,NO_TRADE,EVENT:US CPI Data | EVENT:DEFINED_RISK_ONLY | EVENT:ONLY_RANGE_ALLOWED,27.19,1,61.18,HIGH,1,0,0,0,0,0,,,,
14:06:54,23424.15,23277.3,23231.4,VERY_NARROW,23448.1,23231.4,0.889,UPTREND,NEUTRAL,RANGE,NO_TRADE,EVENT:US CPI Data | EVENT:DEFINED_RISK_ONLY | EVENT:ONLY_RANGE_ALLOWED,27.19,1,61.15,HIGH,1,0,0,0,0,0,,,,
14:07:09,23416.9,23277.3,23231.4,VERY_NARROW,23448.1,23231.4,0.856,UPTREND,NEUTRAL,RANGE,NO_TRADE,EVENT:US CPI Data | EVENT:DEFINED_RISK_ONLY | EVENT:ONLY_RANGE_ALLOWED,27.19,1,61.13,HIGH,1,0,0,0,0,0,,,,
14:07:24,23416.55,23277.3,23231.4,VERY_NARROW,23448.1,23231.4,0.854,UPTREND,NEUTRAL,RANGE,NO_TRADE,EVENT:US CPI Data | EVENT:DEFINED_RISK_ONLY | EVENT:ONLY_RANGE_ALLOWED,27.19,1,61.1,HIGH,1,0,0,0,0,0,,,,
14:07:39,23417.2,23277.3,23231.4,VERY_NARROW,23448.1,23231.4,0.857,UPTREND,NEUTRAL,RANGE,NO_TRADE,EVENT:US CPI Data | EVENT:DEFINED_RISK_ONLY | EVENT:ONLY_RANGE_ALLOWED,27.19,1,61.08,HIGH,1,0,0,0,0,0,,,,
14:07:54,23416.85,23277.3,23231.4,VERY_NARROW,23448.1,23231.4,0.856,UPTREND,NEUTRAL,RANGE,NO_TRADE,EVENT:US CPI Data | EVENT:DEFINED_RISK_ONLY | EVENT:ONLY_RANGE_ALLOWED,27.19,1,61.05,HIGH,1,0,0,0,0,0,,,,
14:08:09,23416.4,23277.3,23231.4,VERY_NARROW,23448.1,23231.4,0.854,UPTREND,NEUTRAL,RANGE,NO_TRADE,EVENT:US CPI Data | EVENT:DEFINED_RISK_ONLY | EVENT:ONLY_RANGE_ALLOWED,27.19,1,61.02,HIGH,1,0,0,0,0,0,,,,
14:08:24,23418.25,23277.3,23231.4,VERY_NARROW,23448.1,23231.4,0.862,UPTREND,NEUTRAL,RANGE,NO_TRADE,EVENT:US CPI Data | EVENT:DEFINED_RISK_ONLY | EVENT:ONLY_RANGE_ALLOWED,27.19,1,61.0,HIGH,1,0,0,0,0,0,,,,
14:08:39,23414.45,23277.3,23231.4,VERY_NARROW,23448.1,23231.4,0.845,UPTREND,NEUTRAL,RANGE,NO_TRADE,EVENT:US CPI Data | EVENT:DEFINED_RISK_ONLY | EVENT:ONLY_RANGE_ALLOWED,27.19,1,60.97,HIGH,1,0,0,0,0,0,,,,
14:08:54,23410.2,23277.3,23231.4,VERY_NARROW,23448.1,23231.4,0.825,UPTREND,NEUTRAL,RANGE,NO_TRADE,EVENT:US CPI Data | EVENT:DEFINED_RISK_ONLY | EVENT:ONLY_RANGE_ALLOWED,27.19,1,60.95,HIGH,1,0,0,0,0,0,,,,
14:09:09,23413.9,23277.3,23231.4,VERY_NARROW,23448.1,23231.4,0.842,UPTREND,NEUTRAL,RANGE,NO_TRADE,EVENT:US CPI Data | EVENT:DEFINED_RISK_ONLY | EVENT:ONLY_RANGE_ALLOWED,27.19,1,60.92,HIGH,1,0,0,0,0,0,,,,
14:09:24,23412.05,23277.3,23231.4,VERY_NARROW,23448.1,23231.4,0.834,UPTREND,NEUTRAL,RANGE,NO_TRADE,EVENT:US CPI Data | EVENT:DEFINED_RISK_ONLY | EVENT:ONLY_RANGE_ALLOWED,27.19,1,60.89,HIGH,1,0,0,0,0,0,,,,
14:09:39,23418.2,23277.3,23231.4,VERY_NARROW,23448.1,23231.4,0.862,UPTREND,NEUTRAL,RANGE,NO_TRADE,EVENT:US CPI Data | EVENT:DEFINED_RISK_ONLY | EVENT:ONLY_RANGE_ALLOWED,27.19,1,60.87,HIGH,1,0,0,0,0,0,,,,
14:09:54,23414.65,23277.3,23231.4,VERY_NARROW,23448.1,23231.4,0.846,UPTREND,NEUTRAL,RANGE,NO_TRADE,EVENT:US CPI Data | EVENT:DEFINED_RISK_ONLY | EVENT:ONLY_RANGE_ALLOWED,27.19,1,60.84,HIGH,1,0,0,0,0,0,,,,
14:10:09,23414.15,23277.3,23231.4,VERY_NARROW,23448.1,23231.4,0.843,STRONG_UPTREND,NEUTRAL,RANGE,NO_TRADE,EVENT:US CPI Data | EVENT:DEFINED_RISK_ONLY | EVENT:ONLY_RANGE_ALLOWED,29.92,1,60.82,MEDIUM,1,0,0,0,0,0,,,,
14:10:24,23410.55,23277.3,23231.4,VERY_NARROW,23448.1,23231.4,0.827,STRONG_UPTREND,NEUTRAL,RANGE,NO_TRADE,EVENT:US CPI Data | EVENT:DEFINED_RISK_ONLY | EVENT:ONLY_RANGE_ALLOWED,29.92,1,60.79,MEDIUM,1,0,0,0,0,0,,,,
14:10:39,23412.1,23277.3,23231.4,VERY_NARROW,23448.1,23231.4,0.834,STRONG_UPTREND,NEUTRAL,RANGE,NO_TRADE,EVENT:US CPI Data | EVENT:DEFINED_RISK_ONLY | EVENT:ONLY_RANGE_ALLOWED,29.92,1,60.76,MEDIUM,1,0,0,0,0,0,,,,
14:10:54,23412.15,23277.3,23231.4,VERY_NARROW,23448.1,23231.4,0.834,STRONG_UPTREND,NEUTRAL,RANGE,NO_TRADE,EVENT:US CPI Data | EVENT:DEFINED_RISK_ONLY | EVENT:ONLY_RANGE_ALLOWED,29.92,1,60.74,MEDIUM,1,0,0,0,0,0,,,,
14:11:09,23414.85,23277.3,23231.4,VERY_NARROW,23448.1,23231.4,0.847,STRONG_UPTREND,NEUTRAL,RANGE,NO_TRADE,EVENT:US CPI Data | EVENT:DEFINED_RISK_ONLY | EVENT:ONLY_RANGE_ALLOWED,29.92,1,60.71,MEDIUM,1,0,0,0,0,0,,,,
14:11:24,23411.15,23277.3,23231.4,VERY_NARROW,23448.1,23231.4,0.829,STRONG_UPTREND,NEUTRAL,RANGE,NO_TRADE,EVENT:US CPI Data | EVENT:DEFINED_RISK_ONLY | EVENT:ONLY_RANGE_ALLOWED,29.92,1,60.69,MEDIUM,1,0,0,0,0,0,,,,
14:11:39,23416.35,23277.3,23231.4,VERY_NARROW,23448.1,23231.4,0.853,STRONG_UPTREND,NEUTRAL,RANGE,NO_TRADE,EVENT:US CPI Data | EVENT:DEFINED_RISK_ONLY | EVENT:ONLY_RANGE_ALLOWED,29.92,1,60.66,MEDIUM,1,0,0,0,0,0,,,,
14:11:54,23417.1,23277.3,23231.4,VERY_NARROW,23448.1,23231.4,0.857,STRONG_UPTREND,NEUTRAL,RANGE,NO_TRADE,EVENT:US CPI Data | EVENT:DEFINED_RISK_ONLY | EVENT:ONLY_RANGE_ALLOWED,29.92,1,60.64,MEDIUM,1,0,0,0,0,0,,,,
14:12:09,23417.0,23277.3,23231.4,VERY_NARROW,23448.1,23231.4,0.856,STRONG_UPTREND,NEUTRAL,RANGE,NO_TRADE,EVENT:US CPI Data | EVENT:DEFINED_RISK_ONLY | EVENT:ONLY_RANGE_ALLOWED,29.92,1,60.61,MEDIUM,1,0,0,0,0,0,,,,
14:12:24,23415.35,23277.3,23231.4,VERY_NARROW,23448.1,23231.4,0.849,STRONG_UPTREND,NEUTRAL,RANGE,NO_TRADE,EVENT:US CPI Data | EVENT:DEFINED_RISK_ONLY | EVENT:ONLY_RANGE_ALLOWED,29.92,1,60.58,MEDIUM,1,0,0,0,0,0,,,,
14:12:40,23414.1,23277.3,23231.4,VERY_NARROW,23448.1,23231.4,0.843,STRONG_UPTREND,NEUTRAL,RANGE,NO_TRADE,EVENT:US CPI Data | EVENT:DEFINED_RISK_ONLY | EVENT:ONLY_RANGE_ALLOWED,29.92,1,60.56,MEDIUM,1,0,0,0,0,0,,,,
14:12:55,23416.1,23277.3,23231.4,VERY_NARROW,23448.1,23231.4,0.852,STRONG_UPTREND,NEUTRAL,RANGE,NO_TRADE,EVENT:US CPI Data | EVENT:DEFINED_RISK_ONLY | EVENT:ONLY_RANGE_ALLOWED,29.92,1,60.53,MEDIUM,1,0,0,0,0,0,,,,
14:13:10,23415.65,23277.3,23231.4,VERY_NARROW,23448.1,23231.4,0.850,STRONG_UPTREND,NEUTRAL,RANGE,NO_TRADE,EVENT:US CPI Data | EVENT:DEFINED_RISK_ONLY | EVENT:ONLY_RANGE_ALLOWED,29.92,1,60.51,MEDIUM,1,0,0,0,0,0,,,,
14:13:25,23414.65,23277.3,23231.4,VERY_NARROW,23448.1,23231.4,0.846,STRONG_UPTREND,NEUTRAL,RANGE,NO_TRADE,EVENT:US CPI Data | EVENT:DEFINED_RISK_ONLY | EVENT:ONLY_RANGE_ALLOWED,29.92,1,60.48,MEDIUM,1,0,0,0,0,0,,,,
14:13:40,23414.2,23277.3,23231.4,VERY_NARROW,23448.1,23231.4,0.844,STRONG_UPTREND,NEUTRAL,RANGE,NO_TRADE,EVENT:US CPI Data | EVENT:DEFINED_RISK_ONLY | EVENT:ONLY_RANGE_ALLOWED,29.92,1,60.46,MEDIUM,1,0,0,0,0,0,,,,
14:13:55,23414.45,23277.3,23231.4,VERY_NARROW,23448.1,23231.4,0.845,STRONG_UPTREND,NEUTRAL,RANGE,NO_TRADE,EVENT:US CPI Data | EVENT:DEFINED_RISK_ONLY | EVENT:ONLY_RANGE_ALLOWED,29.92,1,60.43,MEDIUM,1,0,0,0,0,0,,,,
14:14:10,23408.8,23277.3,23231.4,VERY_NARROW,23448.1,23231.4,0.819,STRONG_UPTREND,NEUTRAL,RANGE,NO_TRADE,EVENT:US CPI Data | EVENT:DEFINED_RISK_ONLY | EVENT:ONLY_RANGE_ALLOWED,29.66,1,60.41,MEDIUM,1,0,0,0,0,0,,,,
14:14:25,23410.5,23277.3,23231.4,VERY_NARROW,23448.1,23231.4,0.826,STRONG_UPTREND,NEUTRAL,RANGE,NO_TRADE,EVENT:US CPI Data | EVENT:DEFINED_RISK_ONLY | EVENT:ONLY_RANGE_ALLOWED,29.66,1,60.38,MEDIUM,1,0,0,0,0,0,,,,
14:14:40,23416.6,23277.3,23231.4,VERY_NARROW,23448.1,23231.4,0.855,STRONG_UPTREND,NEUTRAL,RANGE,NO_TRADE,EVENT:US CPI Data | EVENT:DEFINED_RISK_ONLY | EVENT:ONLY_RANGE_ALLOWED,29.66,1,60.36,MEDIUM,1,0,0,0,0,0,,,,
14:14:55,23415.1,23277.3,23231.4,VERY_NARROW,23448.1,23231.4,0.848,STRONG_UPTREND,NEUTRAL,RANGE,NO_TRADE,EVENT:US CPI Data | EVENT:DEFINED_RISK_ONLY | EVENT:ONLY_RANGE_ALLOWED,29.66,1,60.33,MEDIUM,1,0,0,0,0,0,,,,
14:15:10,23417.85,23277.3,23231.4,VERY_NARROW,23448.1,23231.4,0.860,STRONG_UPTREND,NEUTRAL,RANGE,NO_TRADE,EVENT:US CPI Data | EVENT:DEFINED_RISK_ONLY | EVENT:ONLY_RANGE_ALLOWED,31.87,1,60.31,MEDIUM,1,0,0,0,0,0,,,,
14:15:25,23412.95,23277.3,23231.4,VERY_NARROW,23448.1,23231.4,0.838,STRONG_UPTREND,NEUTRAL,RANGE,NO_TRADE,EVENT:US CPI Data | EVENT:DEFINED_RISK_ONLY | EVENT:ONLY_RANGE_ALLOWED,31.87,1,60.28,MEDIUM,1,0,0,0,0,0,,,,
14:15:40,23413.5,23277.3,23231.4,VERY_NARROW,23448.1,23231.4,0.840,STRONG_UPTREND,NEUTRAL,STRONG_RANGE,NO_TRADE,EVENT:US CPI Data | EVENT:DEFINED_RISK_ONLY | EVENT:ONLY_RANGE_ALLOWED,31.87,1,60.26,MEDIUM,1,0,0,0,0,0,,,,
14:15:55,23416.0,23277.3,23231.4,VERY_NARROW,23448.1,23231.4,0.852,STRONG_UPTREND,NEUTRAL,STRONG_RANGE,NO_TRADE,EVENT:US CPI Data | EVENT:DEFINED_RISK_ONLY | EVENT:ONLY_RANGE_ALLOWED,31.87,1,60.23,MEDIUM,1,0,0,0,0,0,,,,
14:16:10,23405.85,23277.3,23231.4,VERY_NARROW,23448.1,23231.4,0.805,STRONG_UPTREND,NEUTRAL,STRONG_RANGE,NO_TRADE,EVENT:US CPI Data | EVENT:DEFINED_RISK_ONLY | EVENT:ONLY_RANGE_ALLOWED,31.62,1,60.21,MEDIUM,1,0,0,0,0,0,,,,
14:16:25,23406.7,23277.3,23231.4,VERY_NARROW,23448.1,23231.4,0.809,STRONG_UPTREND,NEUTRAL,STRONG_RANGE,NO_TRADE,EVENT:US CPI Data | EVENT:DEFINED_RISK_ONLY | EVENT:ONLY_RANGE_ALLOWED,31.62,1,60.18,MEDIUM,1,0,0,0,0,0,,,,
14:16:40,23409.3,23277.3,23231.4,VERY_NARROW,23448.1,23231.4,0.821,STRONG_UPTREND,NEUTRAL,STRONG_RANGE,NO_TRADE,EVENT:US CPI Data | EVENT:DEFINED_RISK_ONLY | EVENT:ONLY_RANGE_ALLOWED,31.62,1,60.16,MEDIUM,1,0,0,0,0,0,,,,
14:16:55,23411.6,23277.3,23231.4,VERY_NARROW,23448.1,23231.4,0.832,STRONG_UPTREND,NEUTRAL,STRONG_RANGE,NO_TRADE,EVENT:US CPI Data | EVENT:DEFINED_RISK_ONLY | EVENT:ONLY_RANGE_ALLOWED,31.62,1,60.13,MEDIUM,1,0,0,0,0,0,,,,
14:17:10,23410.25,23277.3,23231.4,VERY_NARROW,23448.1,23231.4,0.825,STRONG_UPTREND,NEUTRAL,STRONG_RANGE,NO_TRADE,EVENT:US CPI Data | EVENT:DEFINED_RISK_ONLY | EVENT:ONLY_RANGE_ALLOWED,31.62,1,60.11,MEDIUM,1,0,0,0,0,0,,,,
14:17:25,23411.05,23277.3,23231.4,VERY_NARROW,23448.1,23231.4,0.829,STRONG_UPTREND,NEUTRAL,STRONG_RANGE,NO_TRADE,EVENT:US CPI Data | EVENT:DEFINED_RISK_ONLY | EVENT:ONLY_RANGE_ALLOWED,31.62,1,60.08,MEDIUM,1,0,0,0,0,0,,,,
14:17:40,23413.25,23277.3,23231.4,VERY_NARROW,23448.1,23231.4,0.839,STRONG_UPTREND,NEUTRAL,STRONG_RANGE,NO_TRADE,EVENT:US CPI Data | EVENT:DEFINED_RISK_ONLY | EVENT:ONLY_RANGE_ALLOWED,31.62,1,60.06,MEDIUM,1,0,0,0,0,0,,,,
14:17:55,23409.75,23277.3,23231.4,VERY_NARROW,23448.1,23231.4,0.823,STRONG_UPTREND,NEUTRAL,STRONG_RANGE,NO_TRADE,EVENT:US CPI Data | EVENT:DEFINED_RISK_ONLY | EVENT:ONLY_RANGE_ALLOWED,31.62,1,60.03,MEDIUM,1,0,0,0,0,0,,,,
14:18:10,23406.1,23277.3,23231.4,VERY_NARROW,23448.1,23231.4,0.806,STRONG_UPTREND,NEUTRAL,STRONG_RANGE,NO_TRADE,EVENT:US CPI Data | EVENT:DEFINED_RISK_ONLY | EVENT:ONLY_RANGE_ALLOWED,31.58,1,60.01,MEDIUM,1,0,0,0,0,0,,,,
14:18:25,23409.5,23277.3,23231.4,VERY_NARROW,23448.1,23231.4,0.822,STRONG_UPTREND,NEUTRAL,STRONG_RANGE,NO_TRADE,EVENT:US CPI Data | EVENT:DEFINED_RISK_ONLY | EVENT:ONLY_RANGE_ALLOWED,31.58,1,59.98,MEDIUM,1,0,0,0,0,0,,,,
14:18:40,23409.15,23277.3,23231.4,VERY_NARROW,23448.1,23231.4,0.820,STRONG_UPTREND,NEUTRAL,STRONG_RANGE,NO_TRADE,EVENT:US CPI Data | EVENT:DEFINED_RISK_ONLY | EVENT:ONLY_RANGE_ALLOWED,31.58,1,59.96,MEDIUM,1,0,0,0,0,0,,,,
14:18:55,23408.5,23277.3,23231.4,VERY_NARROW,23448.1,23231.4,0.817,STRONG_UPTREND,NEUTRAL,STRONG_RANGE,NO_TRADE,EVENT:US CPI Data | EVENT:DEFINED_RISK_ONLY | EVENT:ONLY_RANGE_ALLOWED,31.58,1,59.93,MEDIUM,1,0,0,0,0,0,,,,
14:19:10,23408.65,23277.3,23231.4,VERY_NARROW,23448.1,23231.4,0.818,STRONG_UPTREND,NEUTRAL,STRONG_RANGE,NO_TRADE,EVENT:US CPI Data | EVENT:DEFINED_RISK_ONLY | EVENT:ONLY_RANGE_ALLOWED,31.58,1,59.91,MEDIUM,1,0,0,0,0,0,,,,
14:19:25,23410.5,23277.3,23231.4,VERY_NARROW,23448.1,23231.4,0.826,STRONG_UPTREND,NEUTRAL,STRONG_RANGE,NO_TRADE,EVENT:US CPI Data | EVENT:DEFINED_RISK_ONLY | EVENT:ONLY_RANGE_ALLOWED,31.58,1,59.88,MEDIUM,1,0,0,0,0,0,,,,
14:19:40,23408.1,23277.3,23231.4,VERY_NARROW,23448.1,23231.4,0.815,STRONG_UPTREND,NEUTRAL,STRONG_RANGE,NO_TRADE,EVENT:US CPI Data | EVENT:DEFINED_RISK_ONLY | EVENT:ONLY_RANGE_ALLOWED,31.58,1,59.86,MEDIUM,1,0,0,0,0,0,,,,
14:19:55,23407.45,23277.3,23231.4,VERY_NARROW,23448.1,23231.4,0.812,STRONG_UPTREND,NEUTRAL,STRONG_RANGE,NO_TRADE,EVENT:US CPI Data | EVENT:DEFINED_RISK_ONLY | EVENT:ONLY_RANGE_ALLOWED,31.58,1,59.83,MEDIUM,1,0,0,0,0,0,,,,
14:20:10,23407.4,23277.3,23231.4,VERY_NARROW,23448.1,23231.4,0.812,STRONG_UPTREND,NEUTRAL,STRONG_RANGE,NO_TRADE,EVENT:US CPI Data | EVENT:DEFINED_RISK_ONLY | EVENT:ONLY_RANGE_ALLOWED,33.07,1,59.81,MEDIUM,1,0,0,0,0,0,,,,
14:20:25,23403.7,23277.3,23231.4,VERY_NARROW,23448.1,23231.4,0.795,STRONG_UPTREND,NEUTRAL,STRONG_RANGE,NO_TRADE,EVENT:US CPI Data | EVENT:DEFINED_RISK_ONLY | EVENT:ONLY_RANGE_ALLOWED,33.07,1,59.78,MEDIUM,1,0,0,0,0,0,,,,
14:20:40,23404.95,23277.3,23231.4,VERY_NARROW,23448.1,23231.4,0.801,STRONG_UPTREND,NEUTRAL,STRONG_RANGE,NO_TRADE,EVENT:US CPI Data | EVENT:DEFINED_RISK_ONLY | EVENT:ONLY_RANGE_ALLOWED,33.07,1,59.76,MEDIUM,1,0,0,0,0,0,,,,
14:20:55,23404.85,23277.3,23231.4,VERY_NARROW,23448.1,23231.4,0.800,STRONG_UPTREND,NEUTRAL,STRONG_RANGE,NO_TRADE,EVENT:US CPI Data | EVENT:DEFINED_RISK_ONLY | EVENT:ONLY_RANGE_ALLOWED,33.07,1,59.74,MEDIUM,1,0,0,0,0,0,,,,
14:21:10,23404.75,23277.3,23231.4,VERY_NARROW,23448.1,23231.4,0.800,STRONG_UPTREND,NEUTRAL,STRONG_RANGE,NO_TRADE,EVENT:US CPI Data | EVENT:DEFINED_RISK_ONLY | EVENT:ONLY_RANGE_ALLOWED,33.07,1,59.71,MEDIUM,1,0,0,0,0,0,,,,
14:21:25,23407.8,23277.3,23231.4,VERY_NARROW,23448.1,23231.4,0.814,STRONG_UPTREND,NEUTRAL,STRONG_RANGE,NO_TRADE,EVENT:US CPI Data | EVENT:DEFINED_RISK_ONLY | EVENT:ONLY_RANGE_ALLOWED,33.07,1,59.69,MEDIUM,1,0,0,0,0,0,,,,
14:21:40,23409.5,23277.3,23231.4,VERY_NARROW,23448.1,23231.4,0.822,STRONG_UPTREND,NEUTRAL,STRONG_RANGE,NO_TRADE,EVENT:US CPI Data | EVENT:DEFINED_RISK_ONLY | EVENT:ONLY_RANGE_ALLOWED,33.07,1,59.66,MEDIUM,1,0,0,0,0,0,,,,
14:21:55,23409.3,23277.3,23231.4,VERY_NARROW,23448.1,23231.4,0.821,STRONG_UPTREND,NEUTRAL,STRONG_RANGE,NO_TRADE,EVENT:US CPI Data | EVENT:DEFINED_RISK_ONLY | EVENT:ONLY_RANGE_ALLOWED,33.07,1,59.64,MEDIUM,1,0,0,0,0,0,,,,
14:22:10,23410.05,23277.3,23231.4,VERY_NARROW,23448.1,23231.4,0.824,STRONG_UPTREND,NEUTRAL,STRONG_RANGE,NO_TRADE,EVENT:US CPI Data | EVENT:DEFINED_RISK_ONLY | EVENT:ONLY_RANGE_ALLOWED,33.07,1,59.61,MEDIUM,1,0,0,0,0,0,,,,
14:22:25,23411.15,23277.3,23231.4,VERY_NARROW,23448.1,23231.4,0.829,STRONG_UPTREND,NEUTRAL,STRONG_RANGE,NO_TRADE,EVENT:US CPI Data | EVENT:DEFINED_RISK_ONLY | EVENT:ONLY_RANGE_ALLOWED,33.07,1,59.59,MEDIUM,1,0,0,0,0,0,,,,
14:22:40,23411.15,23277.3,23231.4,VERY_NARROW,23448.1,23231.4,0.829,STRONG_UPTREND,NEUTRAL,STRONG_RANGE,NO_TRADE,EVENT:US CPI Data | EVENT:DEFINED_RISK_ONLY | EVENT:ONLY_RANGE_ALLOWED,33.07,1,59.57,MEDIUM,1,0,0,0,0,0,,,,
14:22:55,23411.55,23277.3,23231.4,VERY_NARROW,23448.1,23231.4,0.831,STRONG_UPTREND,NEUTRAL,STRONG_RANGE,NO_TRADE,EVENT:US CPI Data | EVENT:DEFINED_RISK_ONLY | EVENT:ONLY_RANGE_ALLOWED,33.07,1,59.54,MEDIUM,1,0,0,0,0,0,,,,
14:23:10,23414.8,23277.3,23231.4,VERY_NARROW,23448.1,23231.4,0.846,STRONG_UPTREND,NEUTRAL,STRONG_RANGE,NO_TRADE,EVENT:US CPI Data | EVENT:DEFINED_RISK_ONLY | EVENT:ONLY_RANGE_ALLOWED,33.07,1,59.52,MEDIUM,1,0,0,0,0,0,,,,
14:23:25,23411.1,23277.3,23231.4,VERY_NARROW,23448.1,23231.4,0.829,STRONG_UPTREND,NEUTRAL,STRONG_RANGE,NO_TRADE,EVENT:US CPI Data | EVENT:DEFINED_RISK_ONLY | EVENT:ONLY_RANGE_ALLOWED,33.07,1,59.49,MEDIUM,1,0,0,0,0,0,,,,
14:23:40,23411.0,23277.3,23231.4,VERY_NARROW,23448.1,23231.4,0.829,STRONG_UPTREND,NEUTRAL,STRONG_RANGE,NO_TRADE,EVENT:US CPI Data | EVENT:DEFINED_RISK_ONLY | EVENT:ONLY_RANGE_ALLOWED,33.07,1,59.47,MEDIUM,1,0,0,0,0,0,,,,
14:23:55,23409.25,23277.3,23231.4,VERY_NARROW,23448.1,23231.4,0.821,STRONG_UPTREND,NEUTRAL,STRONG_RANGE,NO_TRADE,EVENT:US CPI Data | EVENT:DEFINED_RISK_ONLY | EVENT:ONLY_RANGE_ALLOWED,33.07,1,59.44,MEDIUM,1,0,0,0,0,0,,,,
14:24:10,23413.05,23277.3,23231.4,VERY_NARROW,23448.1,23231.4,0.838,STRONG_UPTREND,NEUTRAL,STRONG_RANGE,NO_TRADE,EVENT:US CPI Data | EVENT:DEFINED_RISK_ONLY | EVENT:ONLY_RANGE_ALLOWED,33.07,1,59.42,MEDIUM,1,0,0,0,0,0,,,,
14:24:25,23412.9,23277.3,23231.4,VERY_NARROW,23448.1,23231.4,0.838,STRONG_UPTREND,NEUTRAL,STRONG_RANGE,NO_TRADE,EVENT:US CPI Data | EVENT:DEFINED_RISK_ONLY | EVENT:ONLY_RANGE_ALLOWED,33.07,1,59.4,MEDIUM,1,0,0,0,0,0,,,,
14:24:40,23415.5,23277.3,23231.4,VERY_NARROW,23448.1,23231.4,0.850,STRONG_UPTREND,NEUTRAL,STRONG_RANGE,NO_TRADE,EVENT:US CPI Data | EVENT:DEFINED_RISK_ONLY | EVENT:ONLY_RANGE_ALLOWED,33.07,1,59.37,MEDIUM,1,0,0,0,0,0,,,,
14:24:55,23415.0,23277.3,23231.4,VERY_NARROW,23448.1,23231.4,0.847,STRONG_UPTREND,NEUTRAL,STRONG_RANGE,NO_TRADE,EVENT:US CPI Data | EVENT:DEFINED_RISK_ONLY | EVENT:ONLY_RANGE_ALLOWED,33.07,1,59.35,MEDIUM,1,0,0,0,0,0,,,,
14:25:10,23415.95,23277.3,23231.4,VERY_NARROW,23448.1,23231.4,0.852,STRONG_UPTREND,NEUTRAL,STRONG_RANGE,NO_TRADE,EVENT:US CPI Data | EVENT:DEFINED_RISK_ONLY | EVENT:ONLY_RANGE_ALLOWED,34.41,1,59.32,MEDIUM,1,0,0,0,0,0,,,,
14:25:26,23417.0,23277.3,23231.4,VERY_NARROW,23448.1,23231.4,0.856,STRONG_UPTREND,NEUTRAL,STRONG_RANGE,NO_TRADE,EVENT:US CPI Data | EVENT:DEFINED_RISK_ONLY | EVENT:ONLY_RANGE_ALLOWED,34.41,1,59.3,MEDIUM,1,0,0,0,0,0,,,,
14:25:40,23415.45,23277.3,23231.4,VERY_NARROW,23448.1,23231.4,0.849,STRONG_UPTREND,NEUTRAL,STRONG_RANGE,NO_TRADE,EVENT:US CPI Data | EVENT:DEFINED_RISK_ONLY | EVENT:ONLY_RANGE_ALLOWED,34.41,1,59.28,MEDIUM,1,0,0,0,0,0,,,,
14:25:55,23413.85,23277.3,23231.4,VERY_NARROW,23448.1,23231.4,0.842,STRONG_UPTREND,NEUTRAL,STRONG_RANGE,NO_TRADE,EVENT:US CPI Data | EVENT:DEFINED_RISK_ONLY | EVENT:ONLY_RANGE_ALLOWED,34.41,1,59.25,MEDIUM,1,0,0,0,0,0,,,,
14:26:10,23416.9,23277.3,23231.4,VERY_NARROW,23448.1,23231.4,0.856,STRONG_UPTREND,NEUTRAL,STRONG_RANGE,NO_TRADE,EVENT:US CPI Data | EVENT:DEFINED_RISK_ONLY | EVENT:ONLY_RANGE_ALLOWED,34.54,1,59.23,MEDIUM,1,0,0,0,0,0,,,,
14:26:25,23415.2,23277.3,23231.4,VERY_NARROW,23448.1,23231.4,0.848,STRONG_UPTREND,NEUTRAL,STRONG_RANGE,NO_TRADE,EVENT:US CPI Data | EVENT:DEFINED_RISK_ONLY | EVENT:ONLY_RANGE_ALLOWED,34.54,1,59.21,MEDIUM,1,0,0,0,0,0,,,,
14:26:40,23417.85,23277.3,23231.4,VERY_NARROW,23448.1,23231.4,0.860,STRONG_UPTREND,NEUTRAL,STRONG_RANGE,NO_TRADE,EVENT:US CPI Data | EVENT:DEFINED_RISK_ONLY | EVENT:ONLY_RANGE_ALLOWED,34.54,1,59.18,MEDIUM,1,0,0,0,0,0,,,,
14:26:56,23419.95,23277.3,23231.4,VERY_NARROW,23448.1,23231.4,0.870,STRONG_UPTREND,NEUTRAL,STRONG_RANGE,NO_TRADE,EVENT:US CPI Data | EVENT:DEFINED_RISK_ONLY | EVENT:ONLY_RANGE_ALLOWED,34.54,1,59.16,MEDIUM,1,0,0,0,0,0,,,,
14:27:10,23418.7,23277.3,23231.4,VERY_NARROW,23448.1,23231.4,0.864,STRONG_UPTREND,NEUTRAL,STRONG_RANGE,NO_TRADE,EVENT:US CPI Data | EVENT:DEFINED_RISK_ONLY | EVENT:ONLY_RANGE_ALLOWED,34.62,1,59.13,MEDIUM,1,0,0,0,0,0,,,,
14:27:26,23419.65,23277.3,23231.4,VERY_NARROW,23448.1,23231.4,0.869,STRONG_UPTREND,NEUTRAL,STRONG_RANGE,NO_TRADE,EVENT:US CPI Data | EVENT:DEFINED_RISK_ONLY | EVENT:ONLY_RANGE_ALLOWED,34.62,1,59.11,MEDIUM,1,0,0,0,0,0,,,,
14:27:41,23421.9,23277.3,23231.4,VERY_NARROW,23448.1,23231.4,0.879,STRONG_UPTREND,NEUTRAL,STRONG_RANGE,NO_TRADE,EVENT:US CPI Data | EVENT:DEFINED_RISK_ONLY | EVENT:ONLY_RANGE_ALLOWED,34.62,1,59.09,MEDIUM,1,0,0,0,0,0,,,,
14:27:56,23418.3,23277.3,23231.4,VERY_NARROW,23448.1,23231.4,0.862,STRONG_UPTREND,NEUTRAL,STRONG_RANGE,NO_TRADE,EVENT:US CPI Data | EVENT:DEFINED_RISK_ONLY | EVENT:ONLY_RANGE_ALLOWED,34.62,1,59.06,MEDIUM,1,0,0,0,0,0,,,,
14:28:11,23419.55,23277.3,23231.4,VERY_NARROW,23448.1,23231.4,0.868,STRONG_UPTREND,NEUTRAL,STRONG_RANGE,NO_TRADE,EVENT:US CPI Data | EVENT:DEFINED_RISK_ONLY | EVENT:ONLY_RANGE_ALLOWED,34.84,1,59.04,MEDIUM,1,0,0,0,0,0,,,,
14:28:26,23419.4,23277.3,23231.4,VERY_NARROW,23448.1,23231.4,0.868,STRONG_UPTREND,NEUTRAL,STRONG_RANGE,NO_TRADE,EVENT:US CPI Data | EVENT:DEFINED_RISK_ONLY | EVENT:ONLY_RANGE_ALLOWED,34.84,1,59.02,MEDIUM,1,0,0,0,0,0,,,,
14:28:41,23424.35,23277.3,23231.4,VERY_NARROW,23448.1,23231.4,0.890,STRONG_UPTREND,NEUTRAL,STRONG_RANGE,NO_TRADE,EVENT:US CPI Data | EVENT:DEFINED_RISK_ONLY | EVENT:ONLY_RANGE_ALLOWED,34.84,1,58.99,MEDIUM,1,0,0,0,0,0,,,,
14:28:56,23423.65,23277.3,23231.4,VERY_NARROW,23448.1,23231.4,0.887,STRONG_UPTREND,NEUTRAL,STRONG_RANGE,NO_TRADE,EVENT:US CPI Data | EVENT:DEFINED_RISK_ONLY | EVENT:ONLY_RANGE_ALLOWED,34.84,1,58.97,MEDIUM,1,0,0,0,0,0,,,,
14:29:11,23425.9,23277.3,23231.4,VERY_NARROW,23448.1,23231.4,0.898,STRONG_UPTREND,NEUTRAL,STRONG_RANGE,NO_TRADE,EVENT:US CPI Data | EVENT:DEFINED_RISK_ONLY | EVENT:ONLY_RANGE_ALLOWED,34.84,1,58.95,MEDIUM,1,0,0,0,0,0,,,,
14:29:26,23424.15,23277.3,23231.4,VERY_NARROW,23448.1,23231.4,0.889,STRONG_UPTREND,NEUTRAL,STRONG_RANGE,NO_TRADE,EVENT:US CPI Data | EVENT:DEFINED_RISK_ONLY | EVENT:ONLY_RANGE_ALLOWED,34.84,1,58.92,MEDIUM,1,0,0,0,0,0,,,,
14:29:41,23423.7,23277.3,23231.4,VERY_NARROW,23448.1,23231.4,0.887,STRONG_UPTREND,NEUTRAL,STRONG_RANGE,NO_TRADE,EVENT:US CPI Data | EVENT:DEFINED_RISK_ONLY | EVENT:ONLY_RANGE_ALLOWED,34.84,1,58.9,MEDIUM,1,0,0,0,0,0,,,,
14:29:56,23423.4,23277.3,23231.4,VERY_NARROW,23448.1,23231.4,0.886,STRONG_UPTREND,NEUTRAL,STRONG_RANGE,NO_TRADE,EVENT:US CPI Data | EVENT:DEFINED_RISK_ONLY | EVENT:ONLY_RANGE_ALLOWED,34.84,1,58.88,MEDIUM,1,0,0,0,0,0,,,,
14:30:11,23427.9,23277.3,23231.4,VERY_NARROW,23448.1,23231.4,0.907,STRONG_UPTREND,NEUTRAL,STRONG_RANGE,NO_TRADE,NO_TRADE:PAST_14:30,36.5,1,58.85,MEDIUM,1,0,0,0,0,0,,,,
14:30:26,23424.2,23277.3,23231.4,VERY_NARROW,23448.1,23231.4,0.890,STRONG_UPTREND,NEUTRAL,STRONG_RANGE,NO_TRADE,NO_TRADE:PAST_14:30,36.5,1,58.83,MEDIUM,1,0,0,0,0,0,NO_TRADE,,NO_TRADE:PAST_14:30,
14:30:41,23423.55,23277.3,23231.4,VERY_NARROW,23448.1,23231.4,0.887,STRONG_UPTREND,NEUTRAL,STRONG_RANGE,NO_TRADE,NO_TRADE:PAST_14:30,36.5,1,58.8,MEDIUM,1,0,0,0,0,0,NO_TRADE,,NO_TRADE:PAST_14:30,
14:30:56,23426.1,23277.3,23231.4,VERY_NARROW,23448.1,23231.4,0.898,STRONG_UPTREND,NEUTRAL,STRONG_RANGE,NO_TRADE,NO_TRADE:PAST_14:30,36.5,1,58.78,MEDIUM,1,0,0,0,0,0,NO_TRADE,,NO_TRADE:PAST_14:30,
14:31:11,23429.95,23277.3,23231.4,VERY_NARROW,23448.1,23231.4,0.916,STRONG_UPTREND,NEUTRAL,STRONG_RANGE,NO_TRADE,NO_TRADE:PAST_14:30,36.8,1,58.76,MEDIUM,1,0,0,0,0,0,NO_TRADE,,NO_TRADE:PAST_14:30,
14:31:26,23429.4,23277.3,23231.4,VERY_NARROW,23448.1,23231.4,0.914,STRONG_UPTREND,NEUTRAL,STRONG_RANGE,NO_TRADE,NO_TRADE:PAST_14:30,36.8,1,58.73,MEDIUM,1,0,0,0,0,0,NO_TRADE,,NO_TRADE:PAST_14:30,
14:31:41,23431.95,23277.3,23231.4,VERY_NARROW,23448.1,23231.4,0.925,STRONG_UPTREND,NEUTRAL,STRONG_RANGE,NO_TRADE,NO_TRADE:PAST_14:30,36.8,1,58.71,MEDIUM,1,0,0,0,0,0,NO_TRADE,,NO_TRADE:PAST_14:30,
14:31:56,23433.3,23277.3,23231.4,VERY_NARROW,23448.1,23231.4,0.932,STRONG_UPTREND,NEUTRAL,STRONG_RANGE,NO_TRADE,NO_TRADE:PAST_14:30,36.8,1,58.69,MEDIUM,1,0,0,0,0,0,NO_TRADE,,NO_TRADE:PAST_14:30,
14:32:11,23436.4,23277.3,23231.4,VERY_NARROW,23448.1,23231.4,0.946,STRONG_UPTREND,NEUTRAL,STRONG_RANGE,NO_TRADE,NO_TRADE:PAST_14:30,36.88,1,58.67,MEDIUM,1,0,0,0,0,0,NO_TRADE,,NO_TRADE:PAST_14:30,
14:32:26,23430.65,23277.3,23231.4,VERY_NARROW,23448.1,23231.4,0.919,STRONG_UPTREND,NEUTRAL,STRONG_RANGE,NO_TRADE,NO_TRADE:PAST_14:30,36.88,1,58.64,MEDIUM,1,0,0,0,0,0,NO_TRADE,,NO_TRADE:PAST_14:30,
14:32:41,23426.65,23277.3,23231.4,VERY_NARROW,23448.1,23231.4,0.901,STRONG_UPTREND,NEUTRAL,STRONG_RANGE,NO_TRADE,NO_TRADE:PAST_14:30,36.88,1,58.62,MEDIUM,1,0,0,0,0,0,NO_TRADE,,NO_TRADE:PAST_14:30,
14:32:56,23425.35,23277.3,23231.4,VERY_NARROW,23448.1,23231.4,0.895,STRONG_UPTREND,NEUTRAL,STRONG_RANGE,NO_TRADE,NO_TRADE:PAST_14:30,36.88,1,58.6,MEDIUM,1,0,0,0,0,0,NO_TRADE,,NO_TRADE:PAST_14:30,
14:33:11,23424.75,23277.3,23231.4,VERY_NARROW,23448.1,23231.4,0.892,STRONG_UPTREND,NEUTRAL,RANGE,NO_TRADE,NO_TRADE:PAST_14:30,36.88,1,58.57,MEDIUM,1,0,0,0,0,0,NO_TRADE,,NO_TRADE:PAST_14:30,
14:33:26,23423.35,23277.3,23231.4,VERY_NARROW,23448.1,23231.4,0.886,STRONG_UPTREND,NEUTRAL,RANGE,NO_TRADE,NO_TRADE:PAST_14:30,36.88,1,58.55,MEDIUM,1,0,0,0,0,0,NO_TRADE,,NO_TRADE:PAST_14:30,
14:33:41,23425.25,23277.3,23231.4,VERY_NARROW,23448.1,23231.4,0.895,STRONG_UPTREND,NEUTRAL,STRONG_RANGE,NO_TRADE,NO_TRADE:PAST_14:30,36.88,1,58.53,MEDIUM,1,0,0,0,0,0,NO_TRADE,,NO_TRADE:PAST_14:30,
14:33:56,23423.6,23277.3,23231.4,VERY_NARROW,23448.1,23231.4,0.887,STRONG_UPTREND,NEUTRAL,STRONG_RANGE,NO_TRADE,NO_TRADE:PAST_14:30,36.88,1,58.5,MEDIUM,1,0,0,0,0,0,NO_TRADE,,NO_TRADE:PAST_14:30,
14:34:11,23424.0,23277.3,23231.4,VERY_NARROW,23448.1,23231.4,0.889,STRONG_UPTREND,NEUTRAL,STRONG_RANGE,NO_TRADE,NO_TRADE:PAST_14:30,36.88,1,58.48,MEDIUM,1,0,0,0,0,0,NO_TRADE,,NO_TRADE:PAST_14:30,
14:34:26,23421.8,23277.3,23231.4,VERY_NARROW,23448.1,23231.4,0.879,STRONG_UPTREND,NEUTRAL,STRONG_RANGE,NO_TRADE,NO_TRADE:PAST_14:30,36.88,1,58.46,MEDIUM,1,0,0,0,0,0,NO_TRADE,,NO_TRADE:PAST_14:30,
14:34:41,23423.1,23277.3,23231.4,VERY_NARROW,23448.1,23231.4,0.885,STRONG_UPTREND,NEUTRAL,STRONG_RANGE,NO_TRADE,NO_TRADE:PAST_14:30,36.88,1,58.44,MEDIUM,1,0,0,0,0,0,NO_TRADE,,NO_TRADE:PAST_14:30,
14:34:56,23423.45,23277.3,23231.4,VERY_NARROW,23448.1,23231.4,0.886,STRONG_UPTREND,NEUTRAL,STRONG_RANGE,NO_TRADE,NO_TRADE:PAST_14:30,36.88,1,58.41,MEDIUM,1,0,0,0,0,0,NO_TRADE,,NO_TRADE:PAST_14:30,
14:35:11,23428.6,23277.3,23231.4,VERY_NARROW,23448.1,23231.4,0.910,STRONG_UPTREND,NEUTRAL,STRONG_RANGE,NO_TRADE,NO_TRADE:PAST_14:30,38.91,1,58.39,MEDIUM,1,0,0,0,0,0,NO_TRADE,,NO_TRADE:PAST_14:30,
14:35:26,23427.0,23277.3,23231.4,VERY_NARROW,23448.1,23231.4,0.903,STRONG_UPTREND,NEUTRAL,STRONG_RANGE,NO_TRADE,NO_TRADE:PAST_14:30,38.91,1,58.37,MEDIUM,1,0,0,0,0,0,NO_TRADE,,NO_TRADE:PAST_14:30,
14:35:41,23436.6,23277.3,23231.4,VERY_NARROW,23448.1,23231.4,0.947,STRONG_UPTREND,NEUTRAL,STRONG_RANGE,NO_TRADE,NO_TRADE:PAST_14:30,38.91,1,58.34,MEDIUM,1,0,0,0,0,0,NO_TRADE,,NO_TRADE:PAST_14:30,
14:35:56,23439.7,23277.3,23231.4,VERY_NARROW,23448.1,23231.4,0.961,STRONG_UPTREND,NEUTRAL,STRONG_RANGE,NO_TRADE,NO_TRADE:PAST_14:30,38.91,1,58.32,MEDIUM,1,0,0,0,0,0,NO_TRADE,,NO_TRADE:PAST_14:30,
14:36:11,23437.1,23277.3,23231.4,VERY_NARROW,23448.1,23231.4,0.949,STRONG_UPTREND,NEUTRAL,STRONG_RANGE,NO_TRADE,NO_TRADE:PAST_14:30,38.91,1,58.3,MEDIUM,1,0,0,0,0,0,NO_TRADE,,NO_TRADE:PAST_14:30,
14:36:26,23432.75,23277.3,23231.4,VERY_NARROW,23448.1,23231.4,0.929,STRONG_UPTREND,NEUTRAL,STRONG_RANGE,NO_TRADE,NO_TRADE:PAST_14:30,38.91,1,58.28,MEDIUM,1,0,0,0,0,0,NO_TRADE,,NO_TRADE:PAST_14:30,
14:36:41,23429.15,23277.3,23231.4,VERY_NARROW,23448.1,23231.4,0.913,STRONG_UPTREND,NEUTRAL,STRONG_RANGE,NO_TRADE,NO_TRADE:PAST_14:30,38.91,1,58.25,MEDIUM,1,0,0,0,0,0,NO_TRADE,,NO_TRADE:PAST_14:30,
14:36:57,23435.2,23277.3,23231.4,VERY_NARROW,23448.1,23231.4,0.940,STRONG_UPTREND,NEUTRAL,STRONG_RANGE,NO_TRADE,NO_TRADE:PAST_14:30,38.91,1,58.23,MEDIUM,1,0,0,0,0,0,NO_TRADE,,NO_TRADE:PAST_14:30,
14:37:12,23433.4,23277.3,23231.4,VERY_NARROW,23448.1,23231.4,0.932,STRONG_UPTREND,NEUTRAL,STRONG_RANGE,NO_TRADE,NO_TRADE:PAST_14:30,38.91,1,58.21,MEDIUM,1,0,0,0,0,0,NO_TRADE,,NO_TRADE:PAST_14:30,
14:37:27,23432.05,23277.3,23231.4,VERY_NARROW,23448.1,23231.4,0.926,STRONG_UPTREND,NEUTRAL,STRONG_RANGE,NO_TRADE,NO_TRADE:PAST_14:30,38.91,1,58.19,MEDIUM,1,0,0,0,0,0,NO_TRADE,,NO_TRADE:PAST_14:30,
14:37:42,23428.6,23277.3,23231.4,VERY_NARROW,23448.1,23231.4,0.910,STRONG_UPTREND,NEUTRAL,STRONG_RANGE,NO_TRADE,NO_TRADE:PAST_14:30,38.91,1,58.16,MEDIUM,1,0,0,0,0,0,NO_TRADE,,NO_TRADE:PAST_14:30,
14:37:56,23424.65,23277.3,23231.4,VERY_NARROW,23448.1,23231.4,0.892,STRONG_UPTREND,NEUTRAL,STRONG_RANGE,NO_TRADE,NO_TRADE:PAST_14:30,38.91,1,58.14,MEDIUM,1,0,0,0,0,0,NO_TRADE,,NO_TRADE:PAST_14:30,
14:38:11,23423.25,23277.3,23231.4,VERY_NARROW,23448.1,23231.4,0.885,STRONG_UPTREND,NEUTRAL,STRONG_RANGE,NO_TRADE,NO_TRADE:PAST_14:30,38.91,1,58.12,MEDIUM,1,0,0,0,0,0,NO_TRADE,,NO_TRADE:PAST_14:30,
14:38:27,23424.75,23277.3,23231.4,VERY_NARROW,23448.1,23231.4,0.892,STRONG_UPTREND,NEUTRAL,STRONG_RANGE,NO_TRADE,NO_TRADE:PAST_14:30,38.91,1,58.1,MEDIUM,1,0,0,0,0,0,NO_TRADE,,NO_TRADE:PAST_14:30,
14:38:42,23422.25,23277.3,23231.4,VERY_NARROW,23448.1,23231.4,0.881,STRONG_UPTREND,NEUTRAL,RANGE,NO_TRADE,NO_TRADE:PAST_14:30,38.91,1,58.07,MEDIUM,1,0,0,0,0,0,NO_TRADE,,NO_TRADE:PAST_14:30,
14:38:57,23420.6,23277.3,23231.4,VERY_NARROW,23448.1,23231.4,0.873,STRONG_UPTREND,NEUTRAL,RANGE,NO_TRADE,NO_TRADE:PAST_14:30,38.91,1,58.05,MEDIUM,1,0,0,0,0,0,NO_TRADE,,NO_TRADE:PAST_14:30,
14:39:12,23420.15,23277.3,23231.4,VERY_NARROW,23448.1,23231.4,0.871,STRONG_UPTREND,NEUTRAL,RANGE,NO_TRADE,NO_TRADE:PAST_14:30,37.96,1,58.03,MEDIUM,1,0,0,0,0,0,NO_TRADE,,NO_TRADE:PAST_14:30,
14:39:27,23423.65,23277.3,23231.4,VERY_NARROW,23448.1,23231.4,0.887,STRONG_UPTREND,NEUTRAL,RANGE,NO_TRADE,NO_TRADE:PAST_14:30,37.96,1,58.01,MEDIUM,1,0,0,0,0,0,NO_TRADE,,NO_TRADE:PAST_14:30,
14:39:42,23426.0,23277.3,23231.4,VERY_NARROW,23448.1,23231.4,0.898,STRONG_UPTREND,NEUTRAL,STRONG_RANGE,NO_TRADE,NO_TRADE:PAST_14:30,37.96,1,57.98,MEDIUM,1,0,0,0,0,0,NO_TRADE,,NO_TRADE:PAST_14:30,
14:39:57,23427.4,23277.3,23231.4,VERY_NARROW,23448.1,23231.4,0.904,STRONG_UPTREND,NEUTRAL,STRONG_RANGE,NO_TRADE,NO_TRADE:PAST_14:30,37.96,1,57.96,MEDIUM,1,0,0,0,0,0,NO_TRADE,,NO_TRADE:PAST_14:30,
14:40:12,23430.6,23277.3,23231.4,VERY_NARROW,23448.1,23231.4,0.919,STRONG_UPTREND,NEUTRAL,STRONG_RANGE,NO_TRADE,NO_TRADE:PAST_14:30,38.93,1,57.94,MEDIUM,1,0,0,0,0,0,NO_TRADE,,NO_TRADE:PAST_14:30,
14:40:27,23426.05,23277.3,23231.4,VERY_NARROW,23448.1,23231.4,0.898,STRONG_UPTREND,NEUTRAL,STRONG_RANGE,NO_TRADE,NO_TRADE:PAST_14:30,38.93,1,57.92,MEDIUM,1,0,0,0,0,0,NO_TRADE,,NO_TRADE:PAST_14:30,
14:40:42,23424.85,23277.3,23231.4,VERY_NARROW,23448.1,23231.4,0.893,STRONG_UPTREND,NEUTRAL,RANGE,NO_TRADE,NO_TRADE:PAST_14:30,38.93,1,57.89,MEDIUM,1,0,0,0,0,0,NO_TRADE,,NO_TRADE:PAST_14:30,
14:40:57,23424.15,23277.3,23231.4,VERY_NARROW,23448.1,23231.4,0.889,STRONG_UPTREND,NEUTRAL,RANGE,NO_TRADE,NO_TRADE:PAST_14:30,38.93,1,57.87,MEDIUM,1,0,0,0,0,0,NO_TRADE,,NO_TRADE:PAST_14:30,
14:41:12,23426.35,23277.3,23231.4,VERY_NARROW,23448.1,23231.4,0.900,STRONG_UPTREND,NEUTRAL,STRONG_RANGE,NO_TRADE,NO_TRADE:PAST_14:30,38.93,1,57.85,MEDIUM,1,0,0,0,0,0,NO_TRADE,,NO_TRADE:PAST_14:30,
14:41:27,23426.35,23277.3,23231.4,VERY_NARROW,23448.1,23231.4,0.900,STRONG_UPTREND,NEUTRAL,STRONG_RANGE,NO_TRADE,NO_TRADE:PAST_14:30,38.93,1,57.83,MEDIUM,1,0,0,0,0,0,NO_TRADE,,NO_TRADE:PAST_14:30,
14:41:42,23429.25,23277.3,23231.4,VERY_NARROW,23448.1,23231.4,0.913,STRONG_UPTREND,NEUTRAL,STRONG_RANGE,NO_TRADE,NO_TRADE:PAST_14:30,38.93,1,57.81,MEDIUM,1,0,0,0,0,0,NO_TRADE,,NO_TRADE:PAST_14:30,
14:41:57,23429.05,23277.3,23231.4,VERY_NARROW,23448.1,23231.4,0.912,STRONG_UPTREND,NEUTRAL,STRONG_RANGE,NO_TRADE,NO_TRADE:PAST_14:30,38.93,1,57.78,MEDIUM,1,0,0,0,0,0,NO_TRADE,,NO_TRADE:PAST_14:30,
14:42:12,23428.05,23277.3,23231.4,VERY_NARROW,23448.1,23231.4,0.907,STRONG_UPTREND,NEUTRAL,STRONG_RANGE,NO_TRADE,NO_TRADE:PAST_14:30,38.93,1,57.76,MEDIUM,1,0,0,0,0,0,NO_TRADE,,NO_TRADE:PAST_14:30,
14:42:27,23428.75,23277.3,23231.4,VERY_NARROW,23448.1,23231.4,0.911,STRONG_UPTREND,NEUTRAL,STRONG_RANGE,NO_TRADE,NO_TRADE:PAST_14:30,38.93,1,57.74,MEDIUM,1,0,0,0,0,0,NO_TRADE,,NO_TRADE:PAST_14:30,
14:42:42,23430.15,23277.3,23231.4,VERY_NARROW,23448.1,23231.4,0.917,STRONG_UPTREND,NEUTRAL,STRONG_RANGE,NO_TRADE,NO_TRADE:PAST_14:30,38.93,1,57.72,MEDIUM,1,0,0,0,0,0,NO_TRADE,,NO_TRADE:PAST_14:30,
14:42:57,23435.1,23277.3,23231.4,VERY_NARROW,23448.1,23231.4,0.940,STRONG_UPTREND,NEUTRAL,STRONG_RANGE,NO_TRADE,NO_TRADE:PAST_14:30,38.93,1,57.69,MEDIUM,1,0,0,0,0,0,NO_TRADE,,NO_TRADE:PAST_14:30,
14:43:12,23436.05,23277.3,23231.4,VERY_NARROW,23448.1,23231.4,0.944,STRONG_UPTREND,NEUTRAL,STRONG_RANGE,NO_TRADE,NO_TRADE:PAST_14:30,38.93,1,57.67,MEDIUM,1,0,0,0,0,0,NO_TRADE,,NO_TRADE:PAST_14:30,
14:43:27,23434.0,23277.3,23231.4,VERY_NARROW,23448.1,23231.4,0.935,STRONG_UPTREND,NEUTRAL,STRONG_RANGE,NO_TRADE,NO_TRADE:PAST_14:30,38.93,1,57.65,MEDIUM,1,0,0,0,0,0,NO_TRADE,,NO_TRADE:PAST_14:30,
14:43:42,23435.45,23277.3,23231.4,VERY_NARROW,23448.1,23231.4,0.942,STRONG_UPTREND,NEUTRAL,STRONG_RANGE,NO_TRADE,NO_TRADE:PAST_14:30,38.93,1,57.63,MEDIUM,1,0,0,0,0,0,NO_TRADE,,NO_TRADE:PAST_14:30,
14:43:57,23435.5,23277.3,23231.4,VERY_NARROW,23448.1,23231.4,0.942,STRONG_UPTREND,NEUTRAL,STRONG_RANGE,NO_TRADE,NO_TRADE:PAST_14:30,38.93,1,57.61,MEDIUM,1,0,0,0,0,0,NO_TRADE,,NO_TRADE:PAST_14:30,
14:44:12,23433.95,23277.3,23231.4,VERY_NARROW,23448.1,23231.4,0.935,STRONG_UPTREND,NEUTRAL,STRONG_RANGE,NO_TRADE,NO_TRADE:PAST_14:30,38.93,1,57.58,MEDIUM,1,0,0,0,0,0,NO_TRADE,,NO_TRADE:PAST_14:30,
14:44:27,23435.85,23277.3,23231.4,VERY_NARROW,23448.1,23231.4,0.943,STRONG_UPTREND,NEUTRAL,STRONG_RANGE,NO_TRADE,NO_TRADE:PAST_14:30,38.93,1,57.56,MEDIUM,1,0,0,0,0,0,NO_TRADE,,NO_TRADE:PAST_14:30,
14:44:42,23434.9,23277.3,23231.4,VERY_NARROW,23448.1,23231.4,0.939,STRONG_UPTREND,NEUTRAL,STRONG_RANGE,NO_TRADE,NO_TRADE:PAST_14:30,38.93,1,57.54,MEDIUM,1,0,0,0,0,0,NO_TRADE,,NO_TRADE:PAST_14:30,
14:44:57,23434.5,23277.3,23231.4,VERY_NARROW,23448.1,23231.4,0.937,STRONG_UPTREND,NEUTRAL,STRONG_RANGE,NO_TRADE,NO_TRADE:PAST_14:30,38.93,1,57.52,MEDIUM,1,0,0,0,0,0,NO_TRADE,,NO_TRADE:PAST_14:30,
14:45:12,23430.45,23277.3,23231.4,VERY_NARROW,23448.1,23231.4,0.919,STRONG_UPTREND,NEUTRAL,STRONG_RANGE,NO_TRADE,NO_TRADE:PAST_14:30,39.8,1,57.5,MEDIUM,1,0,0,0,0,0,NO_TRADE,,NO_TRADE:PAST_14:30,
14:45:27,23429.05,23277.3,23231.4,VERY_NARROW,23448.1,23231.4,0.912,STRONG_UPTREND,NEUTRAL,STRONG_RANGE,NO_TRADE,NO_TRADE:PAST_14:30,39.8,1,57.48,MEDIUM,1,0,0,0,0,0,NO_TRADE,,NO_TRADE:PAST_14:30,
14:45:43,23428.5,23277.3,23231.4,VERY_NARROW,23448.1,23231.4,0.910,STRONG_UPTREND,NEUTRAL,STRONG_RANGE,NO_TRADE,NO_TRADE:PAST_14:30,39.8,1,57.45,MEDIUM,1,0,0,0,0,0,NO_TRADE,,NO_TRADE:PAST_14:30,
14:45:58,23425.4,23277.3,23231.4,VERY_NARROW,23448.1,23231.4,0.895,STRONG_UPTREND,NEUTRAL,STRONG_RANGE,NO_TRADE,NO_TRADE:PAST_14:30,39.8,1,57.43,MEDIUM,1,0,0,0,0,0,NO_TRADE,,NO_TRADE:PAST_14:30,
14:46:13,23426.8,23277.3,23231.4,VERY_NARROW,23448.1,23231.4,0.902,STRONG_UPTREND,NEUTRAL,STRONG_RANGE,NO_TRADE,NO_TRADE:PAST_14:30,39.54,1,57.41,MEDIUM,1,0,0,0,0,0,NO_TRADE,,NO_TRADE:PAST_14:30,
14:46:28,23422.95,23277.3,23231.4,VERY_NARROW,23448.1,23231.4,0.884,STRONG_UPTREND,NEUTRAL,RANGE,NO_TRADE,NO_TRADE:PAST_14:30,39.54,1,57.39,MEDIUM,1,0,0,0,0,0,NO_TRADE,,NO_TRADE:PAST_14:30,
14:46:43,23424.75,23277.3,23231.4,VERY_NARROW,23448.1,23231.4,0.892,STRONG_UPTREND,NEUTRAL,RANGE,NO_TRADE,NO_TRADE:PAST_14:30,39.54,1,57.37,MEDIUM,1,0,0,0,0,0,NO_TRADE,,NO_TRADE:PAST_14:30,
14:46:58,23422.75,23277.3,23231.4,VERY_NARROW,23448.1,23231.4,0.883,STRONG_UPTREND,NEUTRAL,RANGE,NO_TRADE,NO_TRADE:PAST_14:30,39.54,1,57.35,MEDIUM,1,0,0,0,0,0,NO_TRADE,,NO_TRADE:PAST_14:30,
14:47:13,23422.5,23277.3,23231.4,VERY_NARROW,23448.1,23231.4,0.882,STRONG_UPTREND,NEUTRAL,RANGE,NO_TRADE,NO_TRADE:PAST_14:30,39.41,1,57.32,MEDIUM,1,0,0,0,0,0,NO_TRADE,,NO_TRADE:PAST_14:30,
14:47:28,23422.4,23277.3,23231.4,VERY_NARROW,23448.1,23231.4,0.881,STRONG_UPTREND,NEUTRAL,RANGE,NO_TRADE,NO_TRADE:PAST_14:30,39.41,1,57.3,MEDIUM,1,0,0,0,0,0,NO_TRADE,,NO_TRADE:PAST_14:30,
14:47:43,23423.0,23277.3,23231.4,VERY_NARROW,23448.1,23231.4,0.884,STRONG_UPTREND,NEUTRAL,RANGE,NO_TRADE,NO_TRADE:PAST_14:30,39.41,1,57.28,MEDIUM,1,0,0,0,0,0,NO_TRADE,,NO_TRADE:PAST_14:30,
14:47:58,23424.3,23277.3,23231.4,VERY_NARROW,23448.1,23231.4,0.890,STRONG_UPTREND,NEUTRAL,RANGE,NO_TRADE,NO_TRADE:PAST_14:30,39.41,1,57.26,MEDIUM,1,0,0,0,0,0,NO_TRADE,,NO_TRADE:PAST_14:30,
14:48:13,23422.45,23277.3,23231.4,VERY_NARROW,23448.1,23231.4,0.882,STRONG_UPTREND,NEUTRAL,RANGE,NO_TRADE,NO_TRADE:PAST_14:30,39.41,1,57.24,MEDIUM,1,0,0,0,0,0,NO_TRADE,,NO_TRADE:PAST_14:30,
14:48:28,23422.6,23277.3,23231.4,VERY_NARROW,23448.1,23231.4,0.882,STRONG_UPTREND,NEUTRAL,RANGE,NO_TRADE,NO_TRADE:PAST_14:30,39.41,1,57.22,MEDIUM,1,0,0,0,0,0,NO_TRADE,,NO_TRADE:PAST_14:30,
14:48:43,23425.1,23277.3,23231.4,VERY_NARROW,23448.1,23231.4,0.894,STRONG_UPTREND,NEUTRAL,RANGE,NO_TRADE,NO_TRADE:PAST_14:30,39.41,1,57.19,MEDIUM,1,0,0,0,0,0,NO_TRADE,,NO_TRADE:PAST_14:30,
14:48:58,23424.45,23277.3,23231.4,VERY_NARROW,23448.1,23231.4,0.891,STRONG_UPTREND,NEUTRAL,RANGE,NO_TRADE,NO_TRADE:PAST_14:30,39.41,1,57.17,MEDIUM,1,0,0,0,0,0,NO_TRADE,,NO_TRADE:PAST_14:30,
14:49:13,23423.8,23277.3,23231.4,VERY_NARROW,23448.1,23231.4,0.888,STRONG_UPTREND,NEUTRAL,RANGE,NO_TRADE,NO_TRADE:PAST_14:30,39.21,1,57.15,MEDIUM,1,0,0,0,0,0,NO_TRADE,,NO_TRADE:PAST_14:30,
14:49:28,23421.7,23277.3,23231.4,VERY_NARROW,23448.1,23231.4,0.878,STRONG_UPTREND,SELL_PREMIUM,RANGE,NO_TRADE,NO_TRADE:PAST_14:30,39.21,1,57.13,HIGH,1,0,0,0,0,0,NO_TRADE,,NO_TRADE:PAST_14:30,
14:49:43,23420.35,23277.3,23231.4,VERY_NARROW,23448.1,23231.4,0.872,STRONG_UPTREND,SELL_PREMIUM,RANGE,NO_TRADE,NO_TRADE:PAST_14:30,39.21,1,57.11,HIGH,1,0,0,0,0,0,NO_TRADE,,NO_TRADE:PAST_14:30,
14:49:58,23425.0,23277.3,23231.4,VERY_NARROW,23448.1,23231.4,0.893,STRONG_UPTREND,SELL_PREMIUM,RANGE,NO_TRADE,NO_TRADE:PAST_14:30,39.21,1,57.09,HIGH,1,0,0,0,0,0,NO_TRADE,,NO_TRADE:PAST_14:30,
14:50:13,23428.0,23277.3,23231.4,VERY_NARROW,23448.1,23231.4,0.907,STRONG_UPTREND,NEUTRAL,RANGE,NO_TRADE,NO_TRADE:PAST_14:30,39.47,1,57.07,MEDIUM,1,0,0,0,0,0,NO_TRADE,,NO_TRADE:PAST_14:30,
14:50:28,23428.1,23277.3,23231.4,VERY_NARROW,23448.1,23231.4,0.908,STRONG_UPTREND,NEUTRAL,RANGE,NO_TRADE,NO_TRADE:PAST_14:30,39.47,1,57.05,MEDIUM,1,0,0,0,0,0,NO_TRADE,,NO_TRADE:PAST_14:30,
14:50:43,23429.4,23277.3,23231.4,VERY_NARROW,23448.1,23231.4,0.914,STRONG_UPTREND,NEUTRAL,RANGE,NO_TRADE,NO_TRADE:PAST_14:30,39.47,1,57.02,MEDIUM,1,0,0,0,0,0,NO_TRADE,,NO_TRADE:PAST_14:30,
14:50:58,23428.9,23277.3,23231.4,VERY_NARROW,23448.1,23231.4,0.911,STRONG_UPTREND,NEUTRAL,RANGE,NO_TRADE,NO_TRADE:PAST_14:30,39.47,1,57.0,MEDIUM,1,0,0,0,0,0,NO_TRADE,,NO_TRADE:PAST_14:30,
14:51:13,23426.65,23277.3,23231.4,VERY_NARROW,23448.1,23231.4,0.901,STRONG_UPTREND,NEUTRAL,RANGE,NO_TRADE,NO_TRADE:PAST_14:30,39.47,1,56.98,MEDIUM,1,0,0,0,0,0,NO_TRADE,,NO_TRADE:PAST_14:30,
14:51:28,23424.0,23277.3,23231.4,VERY_NARROW,23448.1,23231.4,0.889,STRONG_UPTREND,SELL_PREMIUM,RANGE,NO_TRADE,NO_TRADE:PAST_14:30,39.47,1,56.96,HIGH,1,0,0,0,0,0,NO_TRADE,,NO_TRADE:PAST_14:30,
14:51:43,23422.3,23277.3,23231.4,VERY_NARROW,23448.1,23231.4,0.881,STRONG_UPTREND,SELL_PREMIUM,RANGE,NO_TRADE,NO_TRADE:PAST_14:30,39.47,1,56.94,HIGH,1,0,0,0,0,0,NO_TRADE,,NO_TRADE:PAST_14:30,
14:51:58,23423.15,23277.3,23231.4,VERY_NARROW,23448.1,23231.4,0.885,STRONG_UPTREND,SELL_PREMIUM,RANGE,NO_TRADE,NO_TRADE:PAST_14:30,39.47,1,56.92,HIGH,1,0,0,0,0,0,NO_TRADE,,NO_TRADE:PAST_14:30,
14:52:13,23422.4,23277.3,23231.4,VERY_NARROW,23448.1,23231.4,0.881,STRONG_UPTREND,SELL_PREMIUM,RANGE,NO_TRADE,NO_TRADE:PAST_14:30,39.25,1,56.9,HIGH,1,0,0,0,0,0,NO_TRADE,,NO_TRADE:PAST_14:30,
14:52:28,23423.5,23277.3,23231.4,VERY_NARROW,23448.1,23231.4,0.886,STRONG_UPTREND,NEUTRAL,RANGE,NO_TRADE,NO_TRADE:PAST_14:30,39.25,1,56.88,MEDIUM,1,0,0,0,0,0,NO_TRADE,,NO_TRADE:PAST_14:30,
14:52:43,23419.2,23277.3,23231.4,VERY_NARROW,23448.1,23231.4,0.867,STRONG_UPTREND,SELL_PREMIUM,RANGE,NO_TRADE,NO_TRADE:PAST_14:30,39.25,1,56.85,HIGH,1,0,0,0,0,0,NO_TRADE,,NO_TRADE:PAST_14:30,
14:52:58,23420.95,23277.3,23231.4,VERY_NARROW,23448.1,23231.4,0.875,STRONG_UPTREND,SELL_PREMIUM,RANGE,NO_TRADE,NO_TRADE:PAST_14:30,39.25,1,56.83,HIGH,1,0,0,0,0,0,NO_TRADE,,NO_TRADE:PAST_14:30,
14:53:13,23428.0,23277.3,23231.4,VERY_NARROW,23448.1,23231.4,0.907,STRONG_UPTREND,SELL_PREMIUM,RANGE,NO_TRADE,NO_TRADE:PAST_14:30,39.25,1,56.81,HIGH,1,0,0,0,0,0,NO_TRADE,,NO_TRADE:PAST_14:30,
14:53:28,23426.5,23277.3,23231.4,VERY_NARROW,23448.1,23231.4,0.900,STRONG_UPTREND,SELL_PREMIUM,RANGE,NO_TRADE,NO_TRADE:PAST_14:30,39.25,1,56.79,HIGH,1,0,0,0,0,0,NO_TRADE,,NO_TRADE:PAST_14:30,
14:53:43,23422.85,23277.3,23231.4,VERY_NARROW,23448.1,23231.4,0.883,STRONG_UPTREND,SELL_PREMIUM,RANGE,NO_TRADE,NO_TRADE:PAST_14:30,39.25,1,56.77,HIGH,1,0,0,0,0,0,NO_TRADE,,NO_TRADE:PAST_14:30,
14:53:58,23423.7,23277.3,23231.4,VERY_NARROW,23448.1,23231.4,0.887,STRONG_UPTREND,SELL_PREMIUM,RANGE,NO_TRADE,NO_TRADE:PAST_14:30,39.25,1,56.75,HIGH,1,0,0,0,0,0,NO_TRADE,,NO_TRADE:PAST_14:30,
14:54:13,23424.15,23277.3,23231.4,VERY_NARROW,23448.1,23231.4,0.889,STRONG_UPTREND,NEUTRAL,RANGE,NO_TRADE,NO_TRADE:PAST_14:30,39.25,1,56.73,MEDIUM,1,0,0,0,0,0,NO_TRADE,,NO_TRADE:PAST_14:30,
14:54:28,23421.75,23277.3,23231.4,VERY_NARROW,23448.1,23231.4,0.878,STRONG_UPTREND,NEUTRAL,RANGE,NO_TRADE,NO_TRADE:PAST_14:30,39.25,1,56.71,MEDIUM,1,0,0,0,0,0,NO_TRADE,,NO_TRADE:PAST_14:30,
14:54:43,23422.85,23277.3,23231.4,VERY_NARROW,23448.1,23231.4,0.883,STRONG_UPTREND,NEUTRAL,RANGE,NO_TRADE,NO_TRADE:PAST_14:30,39.25,1,56.69,MEDIUM,1,0,0,0,0,0,NO_TRADE,,NO_TRADE:PAST_14:30,
14:54:58,23424.05,23277.3,23231.4,VERY_NARROW,23448.1,23231.4,0.889,STRONG_UPTREND,NEUTRAL,RANGE,NO_TRADE,NO_TRADE:PAST_14:30,39.25,1,56.67,MEDIUM,1,0,0,0,0,0,NO_TRADE,,NO_TRADE:PAST_14:30,
14:55:13,23424.0,23277.3,23231.4,VERY_NARROW,23448.1,23231.4,0.889,STRONG_UPTREND,NEUTRAL,RANGE,NO_TRADE,NO_TRADE:PAST_14:30,39.29,1,56.64,MEDIUM,1,0,0,0,0,0,NO_TRADE,,NO_TRADE:PAST_14:30,
14:55:28,23424.05,23277.3,23231.4,VERY_NARROW,23448.1,23231.4,0.889,STRONG_UPTREND,NEUTRAL,RANGE,NO_TRADE,NO_TRADE:PAST_14:30,39.29,1,56.62,MEDIUM,1,0,0,0,0,0,NO_TRADE,,NO_TRADE:PAST_14:30,
14:55:43,23426.8,23277.3,23231.4,VERY_NARROW,23448.1,23231.4,0.902,STRONG_UPTREND,SELL_PREMIUM,RANGE,NO_TRADE,NO_TRADE:PAST_14:30,39.29,1,56.6,HIGH,1,0,0,0,0,0,NO_TRADE,,NO_TRADE:PAST_14:30,
14:55:58,23425.05,23277.3,23231.4,VERY_NARROW,23448.1,23231.4,0.894,STRONG_UPTREND,SELL_PREMIUM,RANGE,NO_TRADE,NO_TRADE:PAST_14:30,39.29,1,56.58,HIGH,1,0,0,0,0,0,NO_TRADE,,NO_TRADE:PAST_14:30,
14:56:14,23425.55,23277.3,23231.4,VERY_NARROW,23448.1,23231.4,0.896,STRONG_UPTREND,SELL_PREMIUM,RANGE,NO_TRADE,NO_TRADE:PAST_14:30,39.29,1,56.56,HIGH,1,0,0,0,0,0,NO_TRADE,,NO_TRADE:PAST_14:30,
14:56:28,23426.8,23277.3,23231.4,VERY_NARROW,23448.1,23231.4,0.902,STRONG_UPTREND,SELL_PREMIUM,RANGE,NO_TRADE,NO_TRADE:PAST_14:30,39.29,1,56.54,HIGH,1,0,0,0,0,0,NO_TRADE,,NO_TRADE:PAST_14:30,
14:56:44,23426.4,23277.3,23231.4,VERY_NARROW,23448.1,23231.4,0.900,STRONG_UPTREND,SELL_PREMIUM,RANGE,NO_TRADE,NO_TRADE:PAST_14:30,39.29,1,56.52,HIGH,1,0,0,0,0,0,NO_TRADE,,NO_TRADE:PAST_14:30,
14:56:59,23426.1,23277.3,23231.4,VERY_NARROW,23448.1,23231.4,0.898,STRONG_UPTREND,SELL_PREMIUM,RANGE,NO_TRADE,NO_TRADE:PAST_14:30,39.29,1,56.5,HIGH,1,0,0,0,0,0,NO_TRADE,,NO_TRADE:PAST_14:30,
14:57:14,23424.7,23277.3,23231.4,VERY_NARROW,23448.1,23231.4,0.892,STRONG_UPTREND,NEUTRAL,RANGE,NO_TRADE,NO_TRADE:PAST_14:30,39.29,1,56.48,MEDIUM,1,0,0,0,0,0,NO_TRADE,,NO_TRADE:PAST_14:30,
14:57:29,23426.45,23277.3,23231.4,VERY_NARROW,23448.1,23231.4,0.900,STRONG_UPTREND,SELL_PREMIUM,RANGE,NO_TRADE,NO_TRADE:PAST_14:30,39.29,1,56.46,HIGH,1,0,0,0,0,0,NO_TRADE,,NO_TRADE:PAST_14:30,
14:57:44,23427.45,23277.3,23231.4,VERY_NARROW,23448.1,23231.4,0.905,STRONG_UPTREND,SELL_PREMIUM,RANGE,NO_TRADE,NO_TRADE:PAST_14:30,39.29,1,56.44,HIGH,1,0,0,0,0,0,NO_TRADE,,NO_TRADE:PAST_14:30,
14:57:59,23426.45,23277.3,23231.4,VERY_NARROW,23448.1,23231.4,0.900,STRONG_UPTREND,SELL_PREMIUM,RANGE,NO_TRADE,NO_TRADE:PAST_14:30,39.29,1,56.42,HIGH,1,0,0,0,0,0,NO_TRADE,,NO_TRADE:PAST_14:30,
14:58:14,23429.35,23277.3,23231.4,VERY_NARROW,23448.1,23231.4,0.913,STRONG_UPTREND,SELL_PREMIUM,RANGE,NO_TRADE,NO_TRADE:PAST_14:30,39.29,1,56.4,HIGH,1,0,0,0,0,0,NO_TRADE,,NO_TRADE:PAST_14:30,
14:58:29,23428.0,23277.3,23231.4,VERY_NARROW,23448.1,23231.4,0.907,STRONG_UPTREND,SELL_PREMIUM,RANGE,NO_TRADE,NO_TRADE:PAST_14:30,39.29,1,56.38,HIGH,1,0,0,0,0,0,NO_TRADE,,NO_TRADE:PAST_14:30,
14:58:44,23425.8,23277.3,23231.4,VERY_NARROW,23448.1,23231.4,0.897,STRONG_UPTREND,SELL_PREMIUM,RANGE,NO_TRADE,NO_TRADE:PAST_14:30,39.29,1,56.35,HIGH,1,0,0,0,0,0,NO_TRADE,,NO_TRADE:PAST_14:30,
14:58:59,23426.9,23277.3,23231.4,VERY_NARROW,23448.1,23231.4,0.902,STRONG_UPTREND,SELL_PREMIUM,RANGE,NO_TRADE,NO_TRADE:PAST_14:30,39.29,1,56.33,HIGH,1,0,0,0,0,0,NO_TRADE,,NO_TRADE:PAST_14:30,
14:59:14,23425.45,23277.3,23231.4,VERY_NARROW,23448.1,23231.4,0.895,STRONG_UPTREND,SELL_PREMIUM,RANGE,NO_TRADE,NO_TRADE:PAST_14:30,39.29,1,56.31,HIGH,1,0,0,0,0,0,NO_TRADE,,NO_TRADE:PAST_14:30,
14:59:29,23424.5,23277.3,23231.4,VERY_NARROW,23448.1,23231.4,0.891,STRONG_UPTREND,SELL_PREMIUM,RANGE,NO_TRADE,NO_TRADE:PAST_14:30,39.29,1,56.29,HIGH,1,0,0,0,0,0,NO_TRADE,,NO_TRADE:PAST_14:30,
14:59:44,23422.85,23277.3,23231.4,VERY_NARROW,23448.1,23231.4,0.883,STRONG_UPTREND,SELL_PREMIUM,RANGE,NO_TRADE,NO_TRADE:PAST_14:30,39.29,1,56.27,HIGH,1,0,0,0,0,0,NO_TRADE,,NO_TRADE:PAST_14:30,
14:59:59,23420.8,23277.3,23231.4,VERY_NARROW,23448.1,23231.4,0.874,STRONG_UPTREND,SELL_PREMIUM,RANGE,NO_TRADE,NO_TRADE:PAST_14:30,39.29,1,56.25,HIGH,1,0,0,0,0,0,NO_TRADE,,NO_TRADE:PAST_14:30,
15:00:14,23417.95,23277.3,23231.4,VERY_NARROW,23448.1,23231.4,0.861,UPTREND,SELL_PREMIUM,RANGE,NO_TRADE,NO_TRADE:PAST_14:30,38.07,1,56.23,HIGH,1,0,0,0,0,0,NO_TRADE,,NO_TRADE:PAST_14:30,
15:00:29,23413.95,23277.3,23231.4,VERY_NARROW,23448.1,23231.4,0.842,UPTREND,SELL_PREMIUM,RANGE,NO_TRADE,NO_TRADE:PAST_14:30,38.07,1,56.21,HIGH,1,0,0,0,0,0,NO_TRADE,,NO_TRADE:PAST_14:30,
15:00:44,23414.0,23277.3,23231.4,VERY_NARROW,23448.1,23231.4,0.843,UPTREND,SELL_PREMIUM,RANGE,NO_TRADE,NO_TRADE:PAST_14:30,38.07,1,56.19,HIGH,1,0,0,0,0,0,NO_TRADE,,NO_TRADE:PAST_14:30,
15:00:59,23415.8,23277.3,23231.4,VERY_NARROW,23448.1,23231.4,0.851,UPTREND,SELL_PREMIUM,RANGE,NO_TRADE,NO_TRADE:PAST_14:30,38.07,1,56.17,HIGH,1,0,0,0,0,0,NO_TRADE,,NO_TRADE:PAST_14:30,
15:01:14,23416.15,23277.3,23231.4,VERY_NARROW,23448.1,23231.4,0.853,UPTREND,SELL_PREMIUM,RANGE,NO_TRADE,NO_TRADE:PAST_14:30,36.46,1,56.15,HIGH,1,0,0,0,0,0,NO_TRADE,,NO_TRADE:PAST_14:30,
15:01:29,23417.2,23277.3,23231.4,VERY_NARROW,23448.1,23231.4,0.857,UPTREND,SELL_PREMIUM,RANGE,NO_TRADE,NO_TRADE:PAST_14:30,36.46,1,56.13,HIGH,1,0,0,0,0,0,NO_TRADE,,NO_TRADE:PAST_14:30,
15:01:44,23413.85,23277.3,23231.4,VERY_NARROW,23448.1,23231.4,0.842,UPTREND,SELL_PREMIUM,RANGE,NO_TRADE,NO_TRADE:PAST_14:30,36.46,1,56.11,HIGH,1,0,0,0,0,0,NO_TRADE,,NO_TRADE:PAST_14:30,
15:01:59,23405.5,23277.3,23231.4,VERY_NARROW,23448.1,23231.4,0.803,UPTREND,SELL_PREMIUM,RANGE,NO_TRADE,NO_TRADE:PAST_14:30,36.46,1,56.09,HIGH,1,0,0,0,0,0,NO_TRADE,,NO_TRADE:PAST_14:30,
15:02:14,23405.85,23277.3,23231.4,VERY_NARROW,23448.1,23231.4,0.805,UPTREND,SELL_PREMIUM,RANGE,NO_TRADE,NO_TRADE:PAST_14:30,36.46,1,56.07,HIGH,1,0,0,0,0,0,NO_TRADE,,NO_TRADE:PAST_14:30,
15:02:29,23406.7,23277.3,23231.4,VERY_NARROW,23448.1,23231.4,0.809,UPTREND,SELL_PREMIUM,RANGE,NO_TRADE,NO_TRADE:PAST_14:30,36.46,1,56.05,HIGH,1,0,0,0,0,0,NO_TRADE,,NO_TRADE:PAST_14:30,
15:02:44,23406.5,23277.3,23231.4,VERY_NARROW,23448.1,23231.4,0.808,UPTREND,SELL_PREMIUM,RANGE,NO_TRADE,NO_TRADE:PAST_14:30,36.46,1,56.03,HIGH,1,0,0,0,0,0,NO_TRADE,,NO_TRADE:PAST_14:30,
15:02:59,23407.35,23277.3,23231.4,VERY_NARROW,23448.1,23231.4,0.812,UPTREND,SELL_PREMIUM,RANGE,NO_TRADE,NO_TRADE:PAST_14:30,36.46,1,56.01,HIGH,1,0,0,0,0,0,NO_TRADE,,NO_TRADE:PAST_14:30,
15:03:14,23406.7,23277.3,23231.4,VERY_NARROW,23448.1,23231.4,0.809,UPTREND,SELL_PREMIUM,RANGE,NO_TRADE,NO_TRADE:PAST_14:30,36.25,1,55.99,HIGH,1,0,0,0,0,0,NO_TRADE,,NO_TRADE:PAST_14:30,
15:03:29,23406.95,23277.3,23231.4,VERY_NARROW,23448.1,23231.4,0.810,UPTREND,SELL_PREMIUM,RANGE,NO_TRADE,NO_TRADE:PAST_14:30,36.25,1,55.97,HIGH,1,0,0,0,0,0,NO_TRADE,,NO_TRADE:PAST_14:30,
15:03:44,23406.3,23277.3,23231.4,VERY_NARROW,23448.1,23231.4,0.807,UPTREND,SELL_PREMIUM,RANGE,NO_TRADE,NO_TRADE:PAST_14:30,36.25,1,55.95,HIGH,1,0,0,0,0,0,NO_TRADE,,NO_TRADE:PAST_14:30,
15:03:59,23402.55,23277.3,23231.4,VERY_NARROW,23448.1,23231.4,0.790,UPTREND,SELL_PREMIUM,RANGE,NO_TRADE,NO_TRADE:PAST_14:30,36.25,1,55.93,HIGH,1,0,0,0,0,0,NO_TRADE,,NO_TRADE:PAST_14:30,
15:04:14,23398.45,23277.3,23231.4,VERY_NARROW,23448.1,23231.4,0.771,UPTREND,SELL_PREMIUM,RANGE,NO_TRADE,NO_TRADE:PAST_14:30,35.52,1,55.91,HIGH,1,0,0,0,0,0,NO_TRADE,,NO_TRADE:PAST_14:30,
15:04:29,23400.55,23277.3,23231.4,VERY_NARROW,23448.1,23231.4,0.781,UPTREND,SELL_PREMIUM,RANGE,NO_TRADE,NO_TRADE:PAST_14:30,35.52,1,55.89,HIGH,1,0,0,0,0,0,NO_TRADE,,NO_TRADE:PAST_14:30,
15:04:44,23395.7,23277.3,23231.4,VERY_NARROW,23448.1,23231.4,0.758,UPTREND,SELL_PREMIUM,RANGE,NO_TRADE,NO_TRADE:PAST_14:30,35.52,1,55.87,HIGH,1,0,0,0,0,0,NO_TRADE,,NO_TRADE:PAST_14:30,
15:04:59,23396.8,23277.3,23231.4,VERY_NARROW,23448.1,23231.4,0.763,UPTREND,SELL_PREMIUM,RANGE,NO_TRADE,NO_TRADE:PAST_14:30,35.52,1,55.85,HIGH,1,0,0,0,0,0,NO_TRADE,,NO_TRADE:PAST_14:30,
15:05:14,23395.3,23277.3,23231.4,VERY_NARROW,23448.1,23231.4,0.756,UPTREND,SELL_PREMIUM,RANGE,NO_TRADE,NO_TRADE:PAST_14:30,32.91,1,55.83,HIGH,1,0,0,0,0,0,NO_TRADE,,NO_TRADE:PAST_14:30,
15:05:29,23389.9,23277.3,23231.4,VERY_NARROW,23448.1,23231.4,0.731,UPTREND,SELL_PREMIUM,RANGE,NO_TRADE,NO_TRADE:PAST_14:30,32.91,1,55.81,HIGH,1,0,0,0,0,0,NO_TRADE,,NO_TRADE:PAST_14:30,
15:05:44,23390.95,23277.3,23231.4,VERY_NARROW,23448.1,23231.4,0.736,UPTREND,SELL_PREMIUM,RANGE,NO_TRADE,NO_TRADE:PAST_14:30,32.91,1,55.79,HIGH,1,0,0,0,0,0,NO_TRADE,,NO_TRADE:PAST_14:30,
15:05:59,23390.85,23277.3,23231.4,VERY_NARROW,23448.1,23231.4,0.736,UPTREND,SELL_PREMIUM,RANGE,NO_TRADE,NO_TRADE:PAST_14:30,32.91,1,55.77,HIGH,1,0,0,0,0,0,NO_TRADE,,NO_TRADE:PAST_14:30,
15:06:14,23388.55,23277.3,23231.4,VERY_NARROW,23448.1,23231.4,0.725,UPTREND,SELL_PREMIUM,RANGE,NO_TRADE,NO_TRADE:PAST_14:30,32.95,1,55.75,HIGH,1,0,0,0,0,0,NO_TRADE,,NO_TRADE:PAST_14:30,
15:06:29,23394.7,23277.3,23231.4,VERY_NARROW,23448.1,23231.4,0.754,UPTREND,SELL_PREMIUM,RANGE,NO_TRADE,NO_TRADE:PAST_14:30,32.95,1,55.73,HIGH,1,0,0,0,0,0,NO_TRADE,,NO_TRADE:PAST_14:30,
15:06:45,23396.05,23277.3,23231.4,VERY_NARROW,23448.1,23231.4,0.760,UPTREND,SELL_PREMIUM,RANGE,NO_TRADE,NO_TRADE:PAST_14:30,32.95,1,55.71,HIGH,1,0,0,0,0,0,NO_TRADE,,NO_TRADE:PAST_14:30,
15:07:00,23398.65,23277.3,23231.4,VERY_NARROW,23448.1,23231.4,0.772,UPTREND,SELL_PREMIUM,RANGE,NO_TRADE,NO_TRADE:PAST_14:30,32.95,1,55.69,HIGH,1,0,0,0,0,0,NO_TRADE,,NO_TRADE:PAST_14:30,
15:07:15,23399.35,23277.3,23231.4,VERY_NARROW,23448.1,23231.4,0.775,UPTREND,SELL_PREMIUM,RANGE,NO_TRADE,NO_TRADE:PAST_14:30,32.95,1,55.67,HIGH,1,0,0,0,0,0,NO_TRADE,,NO_TRADE:PAST_14:30,
15:07:30,23401.4,23277.3,23231.4,VERY_NARROW,23448.1,23231.4,0.784,UPTREND,SELL_PREMIUM,RANGE,NO_TRADE,NO_TRADE:PAST_14:30,32.95,1,55.65,HIGH,1,0,0,0,0,0,NO_TRADE,,NO_TRADE:PAST_14:30,
15:07:45,23402.75,23277.3,23231.4,VERY_NARROW,23448.1,23231.4,0.791,UPTREND,SELL_PREMIUM,RANGE,NO_TRADE,NO_TRADE:PAST_14:30,32.95,1,55.63,HIGH,1,0,0,0,0,0,NO_TRADE,,NO_TRADE:PAST_14:30,
15:08:00,23404.45,23277.3,23231.4,VERY_NARROW,23448.1,23231.4,0.799,UPTREND,SELL_PREMIUM,RANGE,NO_TRADE,NO_TRADE:PAST_14:30,32.95,1,55.61,HIGH,1,0,0,0,0,0,NO_TRADE,,NO_TRADE:PAST_14:30,
15:08:15,23406.35,23277.3,23231.4,VERY_NARROW,23448.1,23231.4,0.807,UPTREND,SELL_PREMIUM,RANGE,NO_TRADE,NO_TRADE:PAST_14:30,32.95,1,55.59,HIGH,1,0,0,0,0,0,NO_TRADE,,NO_TRADE:PAST_14:30,
15:08:30,23408.95,23277.3,23231.4,VERY_NARROW,23448.1,23231.4,0.819,UPTREND,SELL_PREMIUM,RANGE,NO_TRADE,NO_TRADE:PAST_14:30,32.95,1,55.57,HIGH,1,0,0,0,0,0,NO_TRADE,,NO_TRADE:PAST_14:30,
15:08:45,23407.3,23277.3,23231.4,VERY_NARROW,23448.1,23231.4,0.812,UPTREND,SELL_PREMIUM,RANGE,NO_TRADE,NO_TRADE:PAST_14:30,32.95,1,55.55,HIGH,1,0,0,0,0,0,NO_TRADE,,NO_TRADE:PAST_14:30,
15:09:00,23406.55,23277.3,23231.4,VERY_NARROW,23448.1,23231.4,0.808,UPTREND,SELL_PREMIUM,RANGE,NO_TRADE,NO_TRADE:PAST_14:30,32.95,1,55.53,HIGH,1,0,0,0,0,0,NO_TRADE,,NO_TRADE:PAST_14:30,
15:09:15,23407.3,23277.3,23231.4,VERY_NARROW,23448.1,23231.4,0.812,UPTREND,SELL_PREMIUM,RANGE,NO_TRADE,NO_TRADE:PAST_14:30,32.95,1,55.51,HIGH,1,0,0,0,0,0,NO_TRADE,,NO_TRADE:PAST_14:30,
15:09:30,23413.65,23277.3,23231.4,VERY_NARROW,23448.1,23231.4,0.841,UPTREND,SELL_PREMIUM,RANGE,NO_TRADE,NO_TRADE:PAST_14:30,32.95,1,55.49,HIGH,1,0,0,0,0,0,NO_TRADE,,NO_TRADE:PAST_14:30,
15:09:45,23414.25,23277.3,23231.4,VERY_NARROW,23448.1,23231.4,0.844,UPTREND,SELL_PREMIUM,RANGE,NO_TRADE,NO_TRADE:PAST_14:30,32.95,1,55.47,HIGH,1,0,0,0,0,0,NO_TRADE,,NO_TRADE:PAST_14:30,
15:10:00,23413.95,23277.3,23231.4,VERY_NARROW,23448.1,23231.4,0.842,STRONG_UPTREND,SELL_PREMIUM,RANGE,NO_TRADE,NO_TRADE:PAST_14:30,30.1,1,55.45,HIGH,1,0,0,0,0,0,NO_TRADE,,NO_TRADE:PAST_14:30,
15:10:15,23415.05,23277.3,23231.4,VERY_NARROW,23448.1,23231.4,0.847,STRONG_UPTREND,SELL_PREMIUM,RANGE,NO_TRADE,NO_TRADE:PAST_14:30,30.1,1,55.43,HIGH,1,0,0,0,0,0,NO_TRADE,,NO_TRADE:PAST_14:30,
15:10:30,23416.75,23277.3,23231.4,VERY_NARROW,23448.1,23231.4,0.855,STRONG_UPTREND,SELL_PREMIUM,RANGE,NO_TRADE,NO_TRADE:PAST_14:30,30.1,1,55.41,HIGH,1,0,0,0,0,0,NO_TRADE,,NO_TRADE:PAST_14:30,
15:10:45,23416.05,23277.3,23231.4,VERY_NARROW,23448.1,23231.4,0.852,STRONG_UPTREND,SELL_PREMIUM,RANGE,NO_TRADE,NO_TRADE:PAST_14:30,30.1,1,55.39,HIGH,1,0,0,0,0,0,NO_TRADE,,NO_TRADE:PAST_14:30,
15:11:00,23419.25,23277.3,23231.4,VERY_NARROW,23448.1,23231.4,0.867,STRONG_UPTREND,STRONG_SELL_PREMIUM,RANGE,NO_TRADE,NO_TRADE:PAST_14:30,29.99,1,55.38,HIGH,1,0,0,0,0,0,NO_TRADE,,NO_TRADE:PAST_14:30,
15:11:15,23419.45,23277.3,23231.4,VERY_NARROW,23448.1,23231.4,0.868,STRONG_UPTREND,STRONG_SELL_PREMIUM,RANGE,NO_TRADE,NO_TRADE:PAST_14:30,29.99,1,55.36,HIGH,1,0,0,0,0,0,NO_TRADE,,NO_TRADE:PAST_14:30,
15:11:30,23421.15,23277.3,23231.4,VERY_NARROW,23448.1,23231.4,0.876,STRONG_UPTREND,NEUTRAL,RANGE,NO_TRADE,NO_TRADE:PAST_14:30,29.99,1,55.34,MEDIUM,1,0,0,0,0,0,NO_TRADE,,NO_TRADE:PAST_14:30,
15:11:45,23423.3,23277.3,23231.4,VERY_NARROW,23448.1,23231.4,0.886,STRONG_UPTREND,NEUTRAL,RANGE,NO_TRADE,NO_TRADE:PAST_14:30,29.99,1,55.32,MEDIUM,1,0,0,0,0,0,NO_TRADE,,NO_TRADE:PAST_14:30,
15:12:00,23424.5,23277.3,23231.4,VERY_NARROW,23448.1,23231.4,0.891,STRONG_UPTREND,STRONG_SELL_PREMIUM,RANGE,NO_TRADE,NO_TRADE:PAST_14:30,30.7,1,55.3,HIGH,1,0,0,0,0,0,NO_TRADE,,NO_TRADE:PAST_14:30,
15:12:15,23425.4,23277.3,23231.4,VERY_NARROW,23448.1,23231.4,0.895,STRONG_UPTREND,SELL_PREMIUM,RANGE,NO_TRADE,NO_TRADE:PAST_14:30,30.7,1,55.28,HIGH,1,0,0,0,0,0,NO_TRADE,,NO_TRADE:PAST_14:30,
15:12:30,23429.15,23277.3,23231.4,VERY_NARROW,23448.1,23231.4,0.913,STRONG_UPTREND,SELL_PREMIUM,RANGE,NO_TRADE,NO_TRADE:PAST_14:30,30.7,1,55.26,HIGH,1,0,0,0,0,0,NO_TRADE,,NO_TRADE:PAST_14:30,
15:12:45,23424.5,23277.3,23231.4,VERY_NARROW,23448.1,23231.4,0.891,STRONG_UPTREND,SELL_PREMIUM,RANGE,NO_TRADE,NO_TRADE:PAST_14:30,30.7,1,55.24,HIGH,1,0,0,0,0,0,NO_TRADE,,NO_TRADE:PAST_14:30,
15:13:00,23424.7,23277.3,23231.4,VERY_NARROW,23448.1,23231.4,0.892,STRONG_UPTREND,SELL_PREMIUM,RANGE,NO_TRADE,NO_TRADE:PAST_14:30,30.7,1,55.22,HIGH,1,0,0,0,0,0,NO_TRADE,,NO_TRADE:PAST_14:30,
15:13:15,23422.0,23277.3,23231.4,VERY_NARROW,23448.1,23231.4,0.880,STRONG_UPTREND,SELL_PREMIUM,RANGE,NO_TRADE,NO_TRADE:PAST_14:30,30.7,1,55.2,HIGH,1,0,0,0,0,0,NO_TRADE,,NO_TRADE:PAST_14:30,
15:13:30,23424.8,23277.3,23231.4,VERY_NARROW,23448.1,23231.4,0.892,STRONG_UPTREND,SELL_PREMIUM,RANGE,NO_TRADE,NO_TRADE:PAST_14:30,30.7,1,55.18,HIGH,1,0,0,0,0,0,NO_TRADE,,NO_TRADE:PAST_14:30,
15:13:46,23424.2,23277.3,23231.4,VERY_NARROW,23448.1,23231.4,0.890,STRONG_UPTREND,SELL_PREMIUM,RANGE,NO_TRADE,NO_TRADE:PAST_14:30,30.7,1,55.16,HIGH,1,0,0,0,0,0,NO_TRADE,,NO_TRADE:PAST_14:30,
15:14:01,23425.0,23277.3,23231.4,VERY_NARROW,23448.1,23231.4,0.893,STRONG_UPTREND,SELL_PREMIUM,RANGE,NO_TRADE,NO_TRADE:PAST_14:30,31.02,1,55.14,HIGH,1,0,0,0,0,0,NO_TRADE,,NO_TRADE:PAST_14:30,
15:14:16,23426.0,23277.3,23231.4,VERY_NARROW,23448.1,23231.4,0.898,STRONG_UPTREND,SELL_PREMIUM,RANGE,NO_TRADE,NO_TRADE:PAST_14:30,31.02,1,55.12,HIGH,1,0,0,0,0,0,NO_TRADE,,NO_TRADE:PAST_14:30,
15:14:31,23430.1,23277.3,23231.4,VERY_NARROW,23448.1,23231.4,0.917,STRONG_UPTREND,SELL_PREMIUM,RANGE,NO_TRADE,NO_TRADE:PAST_14:30,31.02,1,55.1,HIGH,1,0,0,0,0,0,NO_TRADE,,NO_TRADE:PAST_14:30,
15:14:46,23429.7,23277.3,23231.4,VERY_NARROW,23448.1,23231.4,0.915,STRONG_UPTREND,NEUTRAL,RANGE,NO_TRADE,NO_TRADE:PAST_14:30,31.02,1,55.08,MEDIUM,1,0,0,0,0,0,NO_TRADE,,NO_TRADE:PAST_14:30,
15:15:01,23435.1,23277.3,23231.4,VERY_NARROW,23448.1,23231.4,0.940,STRONG_UPTREND,NEUTRAL,RANGE,NO_TRADE,NO_TRADE:PAST_14:30,29.29,1,55.07,MEDIUM,1,0,0,0,0,0,NO_TRADE,,NO_TRADE:PAST_14:30,
15:15:16,23435.1,23277.3,23231.4,VERY_NARROW,23448.1,23231.4,0.940,STRONG_UPTREND,NEUTRAL,RANGE,NO_TRADE,NO_TRADE:PAST_14:30,29.29,1,55.05,MEDIUM,1,0,0,0,0,0,NO_TRADE,,NO_TRADE:PAST_14:30,
15:15:31,23435.1,23277.3,23231.4,VERY_NARROW,23448.1,23231.4,0.940,STRONG_UPTREND,NEUTRAL,RANGE,NO_TRADE,NO_TRADE:PAST_14:30,29.29,1,55.03,MEDIUM,1,0,0,0,0,0,NO_TRADE,,NO_TRADE:PAST_14:30,
15:15:46,23435.1,23277.3,23231.4,VERY_NARROW,23448.1,23231.4,0.940,STRONG_UPTREND,NEUTRAL,RANGE,NO_TRADE,NO_TRADE:PAST_14:30,29.29,1,55.01,MEDIUM,1,0,0,0,0,0,NO_TRADE,,NO_TRADE:PAST_14:30,
15:16:01,23435.1,23277.3,23231.4,VERY_NARROW,23448.1,23231.4,0.940,STRONG_UPTREND,NEUTRAL,RANGE,NO_TRADE,NO_TRADE:PAST_14:30,29.29,1,54.99,MEDIUM,1,0,0,0,0,0,NO_TRADE,,NO_TRADE:PAST_14:30,
15:16:16,23435.1,23277.3,23231.4,VERY_NARROW,23448.1,23231.4,0.940,STRONG_UPTREND,NEUTRAL,RANGE,NO_TRADE,NO_TRADE:PAST_14:30,29.29,1,54.97,MEDIUM,1,0,0,0,0,0,NO_TRADE,,NO_TRADE:PAST_14:30,
15:16:31,23435.1,23277.3,23231.4,VERY_NARROW,23448.1,23231.4,0.940,STRONG_UPTREND,NEUTRAL,RANGE,NO_TRADE,NO_TRADE:PAST_14:30,29.29,1,54.95,MEDIUM,1,0,0,0,0,0,NO_TRADE,,NO_TRADE:PAST_14:30,
15:16:46,23435.1,23277.3,23231.4,VERY_NARROW,23448.1,23231.4,0.940,STRONG_UPTREND,NEUTRAL,RANGE,NO_TRADE,NO_TRADE:PAST_14:30,29.29,1,54.93,MEDIUM,1,0,0,0,0,0,NO_TRADE,,NO_TRADE:PAST_14:30,
15:17:01,23435.1,23277.3,23231.4,VERY_NARROW,23448.1,23231.4,0.940,STRONG_UPTREND,NEUTRAL,RANGE,NO_TRADE,NO_TRADE:PAST_14:30,29.29,1,54.91,MEDIUM,1,0,0,0,0,0,NO_TRADE,,NO_TRADE:PAST_14:30,
15:17:16,23435.1,23277.3,23231.4,VERY_NARROW,23448.1,23231.4,0.940,STRONG_UPTREND,NEUTRAL,RANGE,NO_TRADE,NO_TRADE:PAST_14:30,29.29,1,54.89,MEDIUM,1,0,0,0,0,0,NO_TRADE,,NO_TRADE:PAST_14:30,
15:17:31,23435.1,23277.3,23231.4,VERY_NARROW,23448.1,23231.4,0.940,STRONG_UPTREND,NEUTRAL,RANGE,NO_TRADE,NO_TRADE:PAST_14:30,29.29,1,54.88,MEDIUM,1,0,0,0,0,0,NO_TRADE,,NO_TRADE:PAST_14:30,
15:17:46,23435.1,23277.3,23231.4,VERY_NARROW,23448.1,23231.4,0.940,STRONG_UPTREND,NEUTRAL,RANGE,NO_TRADE,NO_TRADE:PAST_14:30,29.29,1,54.86,MEDIUM,1,0,0,0,0,0,NO_TRADE,,NO_TRADE:PAST_14:30,
15:18:01,23435.1,23277.3,23231.4,VERY_NARROW,23448.1,23231.4,0.940,STRONG_UPTREND,NEUTRAL,RANGE,NO_TRADE,NO_TRADE:PAST_14:30,29.29,1,54.84,MEDIUM,1,0,0,0,0,0,NO_TRADE,,NO_TRADE:PAST_14:30,
15:18:16,23435.1,23277.3,23231.4,VERY_NARROW,23448.1,23231.4,0.940,STRONG_UPTREND,NEUTRAL,RANGE,NO_TRADE,NO_TRADE:PAST_14:30,29.29,1,54.82,MEDIUM,1,0,0,0,0,0,NO_TRADE,,NO_TRADE:PAST_14:30,
15:18:31,23435.1,23277.3,23231.4,VERY_NARROW,23448.1,23231.4,0.940,STRONG_UPTREND,NEUTRAL,RANGE,NO_TRADE,NO_TRADE:PAST_14:30,29.29,1,54.8,MEDIUM,1,0,0,0,0,0,NO_TRADE,,NO_TRADE:PAST_14:30,
15:18:46,23435.1,23277.3,23231.4,VERY_NARROW,23448.1,23231.4,0.940,STRONG_UPTREND,NEUTRAL,RANGE,NO_TRADE,NO_TRADE:PAST_14:30,29.29,1,54.78,MEDIUM,1,0,0,0,0,0,NO_TRADE,,NO_TRADE:PAST_14:30,
15:19:01,23435.1,23277.3,23231.4,VERY_NARROW,23448.1,23231.4,0.940,STRONG_UPTREND,NEUTRAL,RANGE,NO_TRADE,NO_TRADE:PAST_14:30,29.29,1,54.76,MEDIUM,1,0,0,0,0,0,NO_TRADE,,NO_TRADE:PAST_14:30,
15:19:16,23435.1,23277.3,23231.4,VERY_NARROW,23448.1,23231.4,0.940,STRONG_UPTREND,NEUTRAL,RANGE,NO_TRADE,NO_TRADE:PAST_14:30,29.29,1,54.74,MEDIUM,1,0,0,0,0,0,NO_TRADE,,NO_TRADE:PAST_14:30,
15:19:31,23435.1,23277.3,23231.4,VERY_NARROW,23448.1,23231.4,0.940,STRONG_UPTREND,NEUTRAL,RANGE,NO_TRADE,NO_TRADE:PAST_14:30,29.29,1,54.72,MEDIUM,1,0,0,0,0,0,NO_TRADE,,NO_TRADE:PAST_14:30,
15:19:47,23435.1,23277.3,23231.4,VERY_NARROW,23448.1,23231.4,0.940,STRONG_UPTREND,NEUTRAL,RANGE,NO_TRADE,NO_TRADE:PAST_14:30,29.29,1,54.71,MEDIUM,1,0,0,0,0,0,NO_TRADE,,NO_TRADE:PAST_14:30,
15:20:01,23435.1,23277.3,23231.4,VERY_NARROW,23448.1,23231.4,0.940,UPTREND,NEUTRAL,RANGE,NO_TRADE,NO_TRADE:PAST_14:30,27.73,1,54.69,HIGH,1,0,0,0,0,0,NO_TRADE,,NO_TRADE:PAST_14:30,
15:20:17,23435.1,23277.3,23231.4,VERY_NARROW,23448.1,23231.4,0.940,UPTREND,NEUTRAL,RANGE,NO_TRADE,NO_TRADE:PAST_14:30,27.73,1,54.67,HIGH,1,0,0,0,0,0,NO_TRADE,,NO_TRADE:PAST_14:30,
15:20:32,23435.1,23277.3,23231.4,VERY_NARROW,23448.1,23231.4,0.940,UPTREND,NEUTRAL,RANGE,NO_TRADE,NO_TRADE:PAST_14:30,27.73,1,54.65,HIGH,1,0,0,0,0,0,NO_TRADE,,NO_TRADE:PAST_14:30,
15:20:46,23435.1,23277.3,23231.4,VERY_NARROW,23448.1,23231.4,0.940,UPTREND,NEUTRAL,RANGE,NO_TRADE,NO_TRADE:PAST_14:30,27.73,1,54.63,HIGH,1,0,0,0,0,0,NO_TRADE,,NO_TRADE:PAST_14:30,
15:21:02,23435.1,23277.3,23231.4,VERY_NARROW,23448.1,23231.4,0.940,UPTREND,NEUTRAL,RANGE,NO_TRADE,NO_TRADE:PAST_14:30,27.73,1,54.61,HIGH,1,0,0,0,0,0,NO_TRADE,,NO_TRADE:PAST_14:30,
15:21:17,23435.1,23277.3,23231.4,VERY_NARROW,23448.1,23231.4,0.940,UPTREND,NEUTRAL,RANGE,NO_TRADE,NO_TRADE:PAST_14:30,27.73,1,54.59,HIGH,1,0,0,0,0,0,NO_TRADE,,NO_TRADE:PAST_14:30,
15:21:32,23435.1,23277.3,23231.4,VERY_NARROW,23448.1,23231.4,0.940,UPTREND,NEUTRAL,RANGE,NO_TRADE,NO_TRADE:PAST_14:30,27.73,1,54.57,HIGH,1,0,0,0,0,0,NO_TRADE,,NO_TRADE:PAST_14:30,
15:21:47,23435.1,23277.3,23231.4,VERY_NARROW,23448.1,23231.4,0.940,UPTREND,NEUTRAL,RANGE,NO_TRADE,NO_TRADE:PAST_14:30,27.73,1,54.56,HIGH,1,0,0,0,0,0,NO_TRADE,,NO_TRADE:PAST_14:30,
15:22:02,23435.1,23277.3,23231.4,VERY_NARROW,23448.1,23231.4,0.940,UPTREND,NEUTRAL,RANGE,NO_TRADE,NO_TRADE:PAST_14:30,27.73,1,54.54,HIGH,1,0,0,0,0,0,NO_TRADE,,NO_TRADE:PAST_14:30,
15:22:17,23435.1,23277.3,23231.4,VERY_NARROW,23448.1,23231.4,0.940,UPTREND,NEUTRAL,RANGE,NO_TRADE,NO_TRADE:PAST_14:30,27.73,1,54.52,HIGH,1,0,0,0,0,0,NO_TRADE,,NO_TRADE:PAST_14:30,
15:22:32,23435.1,23277.3,23231.4,VERY_NARROW,23448.1,23231.4,0.940,UPTREND,NEUTRAL,RANGE,NO_TRADE,NO_TRADE:PAST_14:30,27.73,1,54.5,HIGH,1,0,0,0,0,0,NO_TRADE,,NO_TRADE:PAST_14:30,
15:22:47,23435.1,23277.3,23231.4,VERY_NARROW,23448.1,23231.4,0.940,UPTREND,NEUTRAL,RANGE,NO_TRADE,NO_TRADE:PAST_14:30,27.73,1,54.48,HIGH,1,0,0,0,0,0,NO_TRADE,,NO_TRADE:PAST_14:30,
15:23:02,23435.1,23277.3,23231.4,VERY_NARROW,23448.1,23231.4,0.940,UPTREND,NEUTRAL,RANGE,NO_TRADE,NO_TRADE:PAST_14:30,27.73,1,54.46,HIGH,1,0,0,0,0,0,NO_TRADE,,NO_TRADE:PAST_14:30,
15:23:17,23435.1,23277.3,23231.4,VERY_NARROW,23448.1,23231.4,0.940,UPTREND,NEUTRAL,RANGE,NO_TRADE,NO_TRADE:PAST_14:30,27.73,1,54.44,HIGH,1,0,0,0,0,0,NO_TRADE,,NO_TRADE:PAST_14:30,
15:23:32,23435.1,23277.3,23231.4,VERY_NARROW,23448.1,23231.4,0.940,UPTREND,NEUTRAL,RANGE,NO_TRADE,NO_TRADE:PAST_14:30,27.73,1,54.43,HIGH,1,0,0,0,0,0,NO_TRADE,,NO_TRADE:PAST_14:30,
15:23:47,23435.1,23277.3,23231.4,VERY_NARROW,23448.1,23231.4,0.940,UPTREND,NEUTRAL,RANGE,NO_TRADE,NO_TRADE:PAST_14:30,27.73,1,54.41,HIGH,1,0,0,0,0,0,NO_TRADE,,NO_TRADE:PAST_14:30,
15:24:02,23435.1,23277.3,23231.4,VERY_NARROW,23448.1,23231.4,0.940,UPTREND,NEUTRAL,RANGE,NO_TRADE,NO_TRADE:PAST_14:30,27.73,1,54.39,HIGH,1,0,0,0,0,0,NO_TRADE,,NO_TRADE:PAST_14:30,
15:24:17,23435.1,23277.3,23231.4,VERY_NARROW,23448.1,23231.4,0.940,UPTREND,NEUTRAL,RANGE,NO_TRADE,NO_TRADE:PAST_14:30,27.73,1,54.37,HIGH,1,0,0,0,0,0,NO_TRADE,,NO_TRADE:PAST_14:30,
15:24:32,23435.1,23277.3,23231.4,VERY_NARROW,23448.1,23231.4,0.940,UPTREND,NEUTRAL,RANGE,NO_TRADE,NO_TRADE:PAST_14:30,27.73,1,54.35,HIGH,1,0,0,0,0,0,NO_TRADE,,NO_TRADE:PAST_14:30,
15:24:47,23435.1,23277.3,23231.4,VERY_NARROW,23448.1,23231.4,0.940,UPTREND,NEUTRAL,RANGE,NO_TRADE,NO_TRADE:PAST_14:30,27.73,1,54.33,HIGH,1,0,0,0,0,0,NO_TRADE,,NO_TRADE:PAST_14:30,
15:25:02,23435.1,23277.3,23231.4,VERY_NARROW,23448.1,23231.4,0.940,UPTREND,NEUTRAL,RANGE,NO_TRADE,NO_TRADE:PAST_14:30,26.33,1,54.31,HIGH,1,0,0,0,0,0,NO_TRADE,,NO_TRADE:PAST_14:30,
15:25:17,23435.1,23277.3,23231.4,VERY_NARROW,23448.1,23231.4,0.940,UPTREND,NEUTRAL,RANGE,NO_TRADE,NO_TRADE:PAST_14:30,26.33,1,54.3,HIGH,1,0,0,0,0,0,NO_TRADE,,NO_TRADE:PAST_14:30,
15:25:32,23435.1,23277.3,23231.4,VERY_NARROW,23448.1,23231.4,0.940,UPTREND,NEUTRAL,RANGE,NO_TRADE,NO_TRADE:PAST_14:30,26.33,1,54.28,HIGH,1,0,0,0,0,0,NO_TRADE,,NO_TRADE:PAST_14:30,
15:25:47,23435.1,23277.3,23231.4,VERY_NARROW,23448.1,23231.4,0.940,UPTREND,NEUTRAL,RANGE,NO_TRADE,NO_TRADE:PAST_14:30,26.33,1,54.26,HIGH,1,0,0,0,0,0,NO_TRADE,,NO_TRADE:PAST_14:30,
15:26:02,23435.1,23277.3,23231.4,VERY_NARROW,23448.1,23231.4,0.940,UPTREND,NEUTRAL,RANGE,NO_TRADE,NO_TRADE:PAST_14:30,26.33,1,54.24,HIGH,1,0,0,0,0,0,NO_TRADE,,NO_TRADE:PAST_14:30,
15:26:17,23435.1,23277.3,23231.4,VERY_NARROW,23448.1,23231.4,0.940,UPTREND,NEUTRAL,RANGE,NO_TRADE,NO_TRADE:PAST_14:30,26.33,1,54.22,HIGH,1,0,0,0,0,0,NO_TRADE,,NO_TRADE:PAST_14:30,
15:26:32,23435.1,23277.3,23231.4,VERY_NARROW,23448.1,23231.4,0.940,UPTREND,NEUTRAL,RANGE,NO_TRADE,NO_TRADE:PAST_14:30,26.33,1,54.2,HIGH,1,0,0,0,0,0,NO_TRADE,,NO_TRADE:PAST_14:30,
15:26:47,23435.1,23277.3,23231.4,VERY_NARROW,23448.1,23231.4,0.940,UPTREND,NEUTRAL,RANGE,NO_TRADE,NO_TRADE:PAST_14:30,26.33,1,54.19,HIGH,1,0,0,0,0,0,NO_TRADE,,NO_TRADE:PAST_14:30,
15:27:03,23435.1,23277.3,23231.4,VERY_NARROW,23448.1,23231.4,0.940,UPTREND,NEUTRAL,RANGE,NO_TRADE,NO_TRADE:PAST_14:30,26.33,1,54.17,HIGH,1,0,0,0,0,0,NO_TRADE,,NO_TRADE:PAST_14:30,
15:27:17,23435.1,23277.3,23231.4,VERY_NARROW,23448.1,23231.4,0.940,UPTREND,NEUTRAL,RANGE,NO_TRADE,NO_TRADE:PAST_14:30,26.33,1,54.15,HIGH,1,0,0,0,0,0,NO_TRADE,,NO_TRADE:PAST_14:30,
15:27:32,23435.1,23277.3,23231.4,VERY_NARROW,23448.1,23231.4,0.940,UPTREND,NEUTRAL,RANGE,NO_TRADE,NO_TRADE:PAST_14:30,26.33,1,54.13,HIGH,1,0,0,0,0,0,NO_TRADE,,NO_TRADE:PAST_14:30,
15:27:48,23435.1,23277.3,23231.4,VERY_NARROW,23448.1,23231.4,0.940,UPTREND,NEUTRAL,RANGE,NO_TRADE,NO_TRADE:PAST_14:30,26.33,1,54.11,HIGH,1,0,0,0,0,0,NO_TRADE,,NO_TRADE:PAST_14:30,
15:28:02,23435.1,23277.3,23231.4,VERY_NARROW,23448.1,23231.4,0.940,UPTREND,NEUTRAL,RANGE,NO_TRADE,NO_TRADE:PAST_14:30,26.33,1,54.1,HIGH,1,0,0,0,0,0,NO_TRADE,,NO_TRADE:PAST_14:30,
15:28:17,23435.1,23277.3,23231.4,VERY_NARROW,23448.1,23231.4,0.940,UPTREND,NEUTRAL,RANGE,NO_TRADE,NO_TRADE:PAST_14:30,26.33,1,54.08,HIGH,1,0,0,0,0,0,NO_TRADE,,NO_TRADE:PAST_14:30,
15:28:32,23435.1,23277.3,23231.4,VERY_NARROW,23448.1,23231.4,0.940,UPTREND,NEUTRAL,RANGE,NO_TRADE,NO_TRADE:PAST_14:30,26.33,1,54.06,HIGH,1,0,0,0,0,0,NO_TRADE,,NO_TRADE:PAST_14:30,
15:28:48,23435.1,23277.3,23231.4,VERY_NARROW,23448.1,23231.4,0.940,UPTREND,NEUTRAL,RANGE,NO_TRADE,NO_TRADE:PAST_14:30,26.33,1,54.04,HIGH,1,0,0,0,0,0,NO_TRADE,,NO_TRADE:PAST_14:30,
15:29:02,23435.1,23277.3,23231.4,VERY_NARROW,23448.1,23231.4,0.940,UPTREND,NEUTRAL,BEARISH,NO_TRADE,NO_TRADE:PAST_14:30,27.51,1,54.02,HIGH,1,0,0,0,0,0,NO_TRADE,,NO_TRADE:PAST_14:30,
15:29:17,23435.1,23277.3,23231.4,VERY_NARROW,23448.1,23231.4,0.940,UPTREND,NEUTRAL,BEARISH,NO_TRADE,NO_TRADE:PAST_14:30,27.51,1,54.01,HIGH,1,0,0,0,0,0,NO_TRADE,,NO_TRADE:PAST_14:30,
15:29:32,23435.1,23277.3,23231.4,VERY_NARROW,23448.1,23231.4,0.940,UPTREND,NEUTRAL,BEARISH,NO_TRADE,NO_TRADE:PAST_14:30,27.51,1,53.99,HIGH,1,0,0,0,0,0,NO_TRADE,,NO_TRADE:PAST_14:30,
15:29:48,23435.1,23277.3,23231.4,VERY_NARROW,23448.1,23231.4,0.940,UPTREND,NEUTRAL,BEARISH,NO_TRADE,NO_TRADE:PAST_14:30,27.51,1,53.97,HIGH,1,0,0,0,0,0,NO_TRADE,,NO_TRADE:PAST_14:30,
15:30:03,23398.1,23277.3,23231.4,VERY_NARROW,23448.1,23231.4,0.769,UPTREND,NEUTRAL,RANGE,NO_TRADE,NO_TRADE:PAST_14:30,27.51,1,53.95,HIGH,1,0,0,0,0,0,NO_TRADE,,NO_TRADE:PAST_14:30,
15:30:18,23398.1,23277.3,23231.4,VERY_NARROW,23448.1,23231.4,0.769,UPTREND,NEUTRAL,RANGE,NO_TRADE,NO_TRADE:PAST_14:30,27.51,1,53.95,HIGH,1,0,0,0,0,0,NO_TRADE,,NO_TRADE:PAST_14:30,
15:30:33,23398.1,23277.3,23231.4,VERY_NARROW,23448.1,23231.4,0.769,UPTREND,NEUTRAL,RANGE,NO_TRADE,NO_TRADE:PAST_14:30,27.51,1,53.95,HIGH,1,0,0,0,0,0,NO_TRADE,,NO_TRADE:PAST_14:30,
15:30:48,23398.1,23277.3,23231.4,VERY_NARROW,23448.1,23231.4,0.769,UPTREND,NEUTRAL,RANGE,NO_TRADE,NO_TRADE:PAST_14:30,27.51,1,53.95,HIGH,1,0,0,0,0,0,NO_TRADE,,NO_TRADE:PAST_14:30,
