schema_version,snapshot_id,capture_timestamp,source_timestamp,timezone,source,underlying,expiry,lot_size,chain_hash,source_age_seconds,source_is_stale,spot,nifty_index_last,nifty_day_open,nifty_day_high,nifty_day_low,nifty_previous_close,india_vix,current_atm,session_anchor_atm,strike,strike_distance_from_spot,moneyness,interval_seconds,ce_interval_seconds,pe_interval_seconds,ce_identifier,ce_oi,ce_exchange_change_oi,ce_exchange_pchange_oi,ce_interval_oi_change,ce_volume_cumulative,ce_interval_volume,ce_volume_counter_reset,ce_ltp,ce_price_change,ce_price_pchange,ce_iv,ce_iv_valid,ce_bid,ce_bid_qty,ce_ask,ce_ask_qty,ce_total_buy_qty,ce_total_sell_qty,ce_mid,ce_spread,ce_spread_pct,ce_intrinsic,ce_extrinsic_ltp,pe_identifier,pe_oi,pe_exchange_change_oi,pe_exchange_pchange_oi,pe_interval_oi_change,pe_volume_cumulative,pe_interval_volume,pe_volume_counter_reset,pe_ltp,pe_price_change,pe_price_pchange,pe_iv,pe_iv_valid,pe_bid,pe_bid_qty,pe_ask,pe_ask_qty,pe_total_buy_qty,pe_total_sell_qty,pe_mid,pe_spread,pe_spread_pct,pe_intrinsic,pe_extrinsic_ltp,strike_oi_pcr,exchange_change_oi_ce_minus_pe
2.1.0,20260828_105503_000,2026-08-28T10:55:03+05:30,2026-08-28T10:55:03+05:30,Asia/Kolkata,UPSTOX,NIFTY,2026-09-01,65,4b8b838ef5a501b4,0.0,False,24155.7,24155.7,24122.6,24188.3,24106.55,24090.85,10.74,24150,24150,23900,-255.7,BELOW_SPOT,,60.0,60.0,NSE_FO|46981,4947,1347,,11,23657,48,False,351.8,38.05,12.1275,17.04,True,351.7,325,352.55,65,,,352.125,0.85,0.0024,255.7,96.1,NSE_FO|46982,113398,45415,,-183,524631,1295,False,12.75,-6.5,-33.7662,9.06,True,12.75,7280,12.8,15730,,,12.775,0.05,0.0039,0.0,12.75,22.9226,-44068
2.1.0,20260828_105503_000,2026-08-28T10:55:03+05:30,2026-08-28T10:55:03+05:30,Asia/Kolkata,UPSTOX,NIFTY,2026-09-01,65,4b8b838ef5a501b4,0.0,False,24155.7,24155.7,24122.6,24188.3,24106.55,24090.85,10.74,24150,24150,23950,-205.7,BELOW_SPOT,,60.0,60.0,NSE_FO|46983,3795,1620,,5,23253,47,False,306.9,37.65,13.9833,16.04,True,306.15,65,306.9,130,,,306.525,0.75,0.0024,205.7,101.2,NSE_FO|46984,62508,30690,,-134,382468,1653,False,17.1,-8.45,-33.0724,8.67,True,17.1,10400,17.2,15535,,,17.15,0.1,0.0058,0.0,17.1,16.4711,-29070
2.1.0,20260828_105503_000,2026-08-28T10:55:03+05:30,2026-08-28T10:55:03+05:30,Asia/Kolkata,UPSTOX,NIFTY,2026-09-01,65,4b8b838ef5a501b4,0.0,False,24155.7,24155.7,24122.6,24188.3,24106.55,24090.85,10.74,24150,24150,24000,-155.7,BELOW_SPOT,,60.0,60.0,NSE_FO|46985,32490,6433,,-73,217515,927,False,262.5,34.75,15.258,15.04,True,262.55,1300,263.2,520,,,262.875,0.65,0.0025,155.7,106.8,NSE_FO|46986,206288,96970,,28,1115798,5942,False,23.4,-11.7,-33.3333,8.29,True,23.3,6240,23.4,7930,,,23.35,0.1,0.0043,0.0,23.4,6.3493,-90537
2.1.0,20260828_105503_000,2026-08-28T10:55:03+05:30,2026-08-28T10:55:03+05:30,Asia/Kolkata,UPSTOX,NIFTY,2026-09-01,65,4b8b838ef5a501b4,0.0,False,24155.7,24155.7,24122.6,24188.3,24106.55,24090.85,10.74,24150,24150,24050,-105.7,BELOW_SPOT,,60.0,60.0,NSE_FO|46987,15768,5345,,-92,182465,472,False,221.0,29.7,15.5254,14.04,True,220.8,585,221.25,390,,,221.025,0.45,0.002,105.7,115.3,NSE_FO|46988,108240,71294,,-383,720205,4818,False,31.35,-15.3,-32.7974,7.86,True,31.35,6695,31.45,3705,,,31.4,0.1,0.0032,0.0,31.35,6.8645,-65949
2.1.0,20260828_105503_000,2026-08-28T10:55:03+05:30,2026-08-28T10:55:03+05:30,Asia/Kolkata,UPSTOX,NIFTY,2026-09-01,65,4b8b838ef5a501b4,0.0,False,24155.7,24155.7,24122.6,24188.3,24106.55,24090.85,10.74,24150,24150,24100,-55.7,BELOW_SPOT,,60.0,60.0,NSE_FO|46989,71471,24986,,-472,1021045,3404,False,182.1,26.85,17.2947,13.21,True,181.6,715,182.05,1365,,,181.825,0.45,0.0025,55.7,126.4,NSE_FO|46990,278339,194156,,-688,1967533,9650,False,42.7,-19.45,-31.2953,7.48,True,42.55,2600,42.6,65,,,42.575,0.05,0.0012,0.0,42.7,3.8944,-169170
2.1.0,20260828_105503_000,2026-08-28T10:55:03+05:30,2026-08-28T10:55:03+05:30,Asia/Kolkata,UPSTOX,NIFTY,2026-09-01,65,4b8b838ef5a501b4,0.0,False,24155.7,24155.7,24122.6,24188.3,24106.55,24090.85,10.74,24150,24150,24150,-5.7,ATM,,60.0,60.0,NSE_FO|46991,113811,53574,,-194,1372042,6986,False,146.3,19.45,15.3331,12.44,True,145.95,780,146.3,1950,,,146.125,0.35,0.0024,5.7,140.6,NSE_FO|46992,250908,196658,,1259,1899198,16294,False,56.8,-22.15,-28.0557,6.97,True,56.7,6240,56.9,7085,,,56.8,0.2,0.0035,0.0,56.8,2.2046,-143084
2.1.0,20260828_105503_000,2026-08-28T10:55:03+05:30,2026-08-28T10:55:03+05:30,Asia/Kolkata,UPSTOX,NIFTY,2026-09-01,65,4b8b838ef5a501b4,0.0,False,24155.7,24155.7,24122.6,24188.3,24106.55,24090.85,10.74,24150,24150,24200,44.3,ABOVE_SPOT,,60.0,60.0,NSE_FO|46993,239700,86012,,-619,1888882,11019,False,114.45,15.7,15.8987,11.89,True,114.45,2990,114.75,585,,,114.6,0.3,0.0026,0.0,114.45,NSE_FO|46994,293904,192726,,1177,1671274,15802,False,75.35,-27.45,-26.7023,6.41,True,75.2,5525,75.45,5720,,,75.325,0.25,0.0033,44.3,31.05,1.2261,-106714
2.1.0,20260828_105503_000,2026-08-28T10:55:03+05:30,2026-08-28T10:55:03+05:30,Asia/Kolkata,UPSTOX,NIFTY,2026-09-01,65,4b8b838ef5a501b4,0.0,False,24155.7,24155.7,24122.6,24188.3,24106.55,24090.85,10.74,24150,24150,24250,94.3,ABOVE_SPOT,,60.0,60.0,NSE_FO|46995,149672,60660,,-129,1064925,8566,False,87.25,10.35,13.459,11.38,True,87.25,3510,87.5,780,,,87.375,0.25,0.0029,0.0,87.25,NSE_FO|46996,95103,54573,,109,538644,5054,False,97.75,-31.1,-24.1366,5.62,True,97.7,195,97.75,260,,,97.725,0.05,0.0005,94.3,3.45,0.6354,6087
2.1.0,20260828_105503_000,2026-08-28T10:55:03+05:30,2026-08-28T10:55:03+05:30,Asia/Kolkata,UPSTOX,NIFTY,2026-09-01,65,4b8b838ef5a501b4,0.0,False,24155.7,24155.7,24122.6,24188.3,24106.55,24090.85,10.74,24150,24150,24300,144.3,ABOVE_SPOT,,60.0,60.0,NSE_FO|46997,255219,51889,,-181,1366553,11946,False,64.7,6.75,11.648,11.0,True,64.7,10855,64.85,260,,,64.775,0.15,0.0023,0.0,64.7,NSE_FO|46998,116658,40618,,-896,621053,4856,False,125.25,-37.1,-22.8519,4.21,True,125.2,650,125.55,1300,,,125.375,0.35,0.0028,144.3,-19.05,0.4571,11271
2.1.0,20260828_105503_000,2026-08-28T10:55:03+05:30,2026-08-28T10:55:03+05:30,Asia/Kolkata,UPSTOX,NIFTY,2026-09-01,65,4b8b838ef5a501b4,0.0,False,24155.7,24155.7,24122.6,24188.3,24106.55,24090.85,10.74,24150,24150,24350,194.3,ABOVE_SPOT,,60.0,60.0,NSE_FO|46999,164825,41510,,303,733133,4282,False,46.4,2.85,6.5442,10.64,True,46.4,5460,46.55,3705,,,46.475,0.15,0.0032,0.0,46.4,NSE_FO|47000,35508,9968,,-17,134205,1104,False,157.4,-37.6,-19.2821,0.0,False,157.0,715,157.45,1300,,,157.225,0.45,0.0029,194.3,-36.9,0.2154,31542
2.1.0,20260828_105503_000,2026-08-28T10:55:03+05:30,2026-08-28T10:55:03+05:30,Asia/Kolkata,UPSTOX,NIFTY,2026-09-01,65,4b8b838ef5a501b4,0.0,False,24155.7,24155.7,24122.6,24188.3,24106.55,24090.85,10.74,24150,24150,24400,244.3,ABOVE_SPOT,,60.0,60.0,NSE_FO|47001,224363,36150,,111,917078,4903,False,32.75,0.95,2.9874,10.44,True,32.8,1950,32.85,65,,,32.825,0.05,0.0015,0.0,32.75,NSE_FO|47002,41561,6758,,-233,147190,1374,False,193.65,-41.0,-17.4728,0.0,False,192.9,195,193.35,130,,,193.125,0.45,0.0023,244.3,-50.65,0.1852,29392
2.1.0,20260828_105603_001,2026-08-28T10:56:03+05:30,2026-08-28T10:56:03+05:30,Asia/Kolkata,UPSTOX,NIFTY,2026-09-01,65,e261569c5e2b1e46,0.0,False,24151.2,24151.0,24122.6,24188.3,24106.55,24090.85,10.74,24150,24150,23900,-251.2,BELOW_SPOT,,60.0,60.0,NSE_FO|46981,4976,1376,,29,23763,106,False,350.4,36.65,11.6813,17.26,True,349.6,130,350.45,130,,,350.025,0.85,0.0024,251.2,99.2,NSE_FO|46982,113331,45348,,-67,528230,3599,False,13.2,-6.05,-31.4286,9.02,True,13.1,17550,13.2,30225,,,13.15,0.1,0.0076,0.0,13.2,22.7755,-43972
2.1.0,20260828_105603_001,2026-08-28T10:56:03+05:30,2026-08-28T10:56:03+05:30,Asia/Kolkata,UPSTOX,NIFTY,2026-09-01,65,e261569c5e2b1e46,0.0,False,24151.2,24151.0,24122.6,24188.3,24106.55,24090.85,10.74,24150,24150,23950,-201.2,BELOW_SPOT,,60.0,60.0,NSE_FO|46983,3781,1606,,-14,23358,105,False,304.3,35.05,13.0176,16.17,True,303.85,65,304.7,325,,,304.275,0.85,0.0028,201.2,103.1,NSE_FO|46984,62156,30338,,-352,385398,2930,False,17.7,-7.85,-30.7241,8.61,True,17.65,10205,17.75,16510,,,17.7,0.1,0.0056,0.0,17.7,16.439,-28732
2.1.0,20260828_105603_001,2026-08-28T10:56:03+05:30,2026-08-28T10:56:03+05:30,Asia/Kolkata,UPSTOX,NIFTY,2026-09-01,65,e261569c5e2b1e46,0.0,False,24151.2,24151.0,24122.6,24188.3,24106.55,24090.85,10.74,24150,24150,24000,-151.2,BELOW_SPOT,,60.0,60.0,NSE_FO|46985,32436,6379,,-54,219603,2088,False,260.75,33.0,14.4896,15.12,True,260.4,65,261.0,1235,,,260.7,0.6,0.0023,151.2,109.55,NSE_FO|46986,206682,97364,,394,1127380,11582,False,24.05,-11.05,-31.4815,8.22,True,23.95,11050,24.05,6760,,,24.0,0.1,0.0042,0.0,24.05,6.372,-90985
2.1.0,20260828_105603_001,2026-08-28T10:56:03+05:30,2026-08-28T10:56:03+05:30,Asia/Kolkata,UPSTOX,NIFTY,2026-09-01,65,e261569c5e2b1e46,0.0,False,24151.2,24151.0,24122.6,24188.3,24106.55,24090.85,10.74,24150,24150,24050,-101.2,BELOW_SPOT,,60.0,60.0,NSE_FO|46987,15741,5318,,-27,183342,877,False,219.4,28.1,14.689,14.24,True,218.65,130,219.25,715,,,218.95,0.6,0.0027,101.2,118.2,NSE_FO|46988,108002,71056,,-238,727240,7035,False,32.25,-14.4,-30.8682,7.81,True,32.25,3510,32.35,5070,,,32.3,0.1,0.0031,0.0,32.25,6.8612,-65738
2.1.0,20260828_105603_001,2026-08-28T10:56:03+05:30,2026-08-28T10:56:03+05:30,Asia/Kolkata,UPSTOX,NIFTY,2026-09-01,65,e261569c5e2b1e46,0.0,False,24151.2,24151.0,24122.6,24188.3,24106.55,24090.85,10.74,24150,24150,24100,-51.2,BELOW_SPOT,,60.0,60.0,NSE_FO|46989,70758,24273,,-713,1025283,4238,False,180.55,25.3,16.2963,13.4,True,180.05,715,180.5,390,,,180.275,0.45,0.0025,51.2,129.35,NSE_FO|46990,278214,194031,,-125,1983417,15884,False,43.7,-18.45,-29.6862,7.39,True,43.65,6110,43.8,2275,,,43.725,0.15,0.0034,0.0,43.7,3.9319,-169758
2.1.0,20260828_105603_001,2026-08-28T10:56:03+05:30,2026-08-28T10:56:03+05:30,Asia/Kolkata,UPSTOX,NIFTY,2026-09-01,65,e261569c5e2b1e46,0.0,False,24151.2,24151.0,24122.6,24188.3,24106.55,24090.85,10.74,24150,24150,24150,-1.2,ATM,,60.0,60.0,NSE_FO|46991,112890,52653,,-921,1381565,9523,False,145.1,18.25,14.3871,12.68,True,144.8,260,145.15,1820,,,144.975,0.35,0.0024,1.2,143.9,NSE_FO|46992,251913,197663,,1005,1926430,27232,False,58.2,-20.75,-26.2825,6.87,True,58.05,9230,58.25,5265,,,58.15,0.2,0.0034,0.0,58.2,2.2315,-145010
2.1.0,20260828_105603_001,2026-08-28T10:56:03+05:30,2026-08-28T10:56:03+05:30,Asia/Kolkata,UPSTOX,NIFTY,2026-09-01,65,e261569c5e2b1e46,0.0,False,24151.2,24151.0,24122.6,24188.3,24106.55,24090.85,10.74,24150,24150,24200,48.8,ABOVE_SPOT,,60.0,60.0,NSE_FO|46993,238608,84920,,-1092,1902283,13401,False,113.85,15.1,15.2911,12.05,True,113.35,1235,113.65,1690,,,113.5,0.3,0.0026,0.0,113.85,NSE_FO|46994,294227,193049,,323,1695140,23866,False,76.85,-25.95,-25.2432,6.29,True,76.85,2730,77.0,325,,,76.925,0.15,0.0019,48.8,28.05,1.2331,-108129
2.1.0,20260828_105603_001,2026-08-28T10:56:03+05:30,2026-08-28T10:56:03+05:30,Asia/Kolkata,UPSTOX,NIFTY,2026-09-01,65,e261569c5e2b1e46,0.0,False,24151.2,24151.0,24122.6,24188.3,24106.55,24090.85,10.74,24150,24150,24250,98.8,ABOVE_SPOT,,60.0,60.0,NSE_FO|46995,150113,61101,,441,1075338,10413,False,86.65,9.75,12.6788,11.52,True,86.45,3250,86.7,2080,,,86.575,0.25,0.0029,0.0,86.65,NSE_FO|46996,94326,53796,,-777,548269,9625,False,99.5,-29.35,-22.7784,5.42,True,99.4,2470,99.65,520,,,99.525,0.25,0.0025,98.8,0.7,0.6284,7305
2.1.0,20260828_105603_001,2026-08-28T10:56:03+05:30,2026-08-28T10:56:03+05:30,Asia/Kolkata,UPSTOX,NIFTY,2026-09-01,65,e261569c5e2b1e46,0.0,False,24151.2,24151.0,24122.6,24188.3,24106.55,24090.85,10.74,24150,24150,24300,148.8,ABOVE_SPOT,,60.0,60.0,NSE_FO|46997,257656,54326,,2437,1375917,9364,False,64.1,6.15,10.6126,11.09,True,64.0,65,64.1,455,,,64.05,0.1,0.0016,0.0,64.1,NSE_FO|46998,116513,40473,,-145,629112,8059,False,127.6,-34.75,-21.4044,3.78,True,127.25,715,127.6,1495,,,127.425,0.35,0.0027,148.8,-21.2,0.4522,13853
2.1.0,20260828_105603_001,2026-08-28T10:56:03+05:30,2026-08-28T10:56:03+05:30,Asia/Kolkata,UPSTOX,NIFTY,2026-09-01,65,e261569c5e2b1e46,0.0,False,24151.2,24151.0,24122.6,24188.3,24106.55,24090.85,10.74,24150,24150,24350,198.8,ABOVE_SPOT,,60.0,60.0,NSE_FO|46999,165074,41759,,249,738613,5480,False,46.15,2.6,5.9701,10.76,True,45.85,260,45.95,585,,,45.9,0.1,0.0022,0.0,46.15,NSE_FO|47000,35460,9920,,-48,135962,1757,False,159.0,-36.0,-18.4615,0.0,False,159.1,455,159.5,585,,,159.3,0.4,0.0025,198.8,-39.8,0.2148,31839
2.1.0,20260828_105603_001,2026-08-28T10:56:03+05:30,2026-08-28T10:56:03+05:30,Asia/Kolkata,UPSTOX,NIFTY,2026-09-01,65,e261569c5e2b1e46,0.0,False,24151.2,24151.0,24122.6,24188.3,24106.55,24090.85,10.74,24150,24150,24400,248.8,ABOVE_SPOT,,60.0,60.0,NSE_FO|47001,224269,36056,,-94,922898,5820,False,32.35,0.55,1.7296,10.56,True,32.3,520,32.4,4810,,,32.35,0.1,0.0031,0.0,32.35,NSE_FO|47002,41564,6761,,3,149140,1950,False,195.3,-39.35,-16.7697,0.0,False,195.5,195,195.95,260,,,195.725,0.45,0.0023,248.8,-53.5,0.1853,29295
2.1.0,20260828_105703_000,2026-08-28T10:57:03+05:30,2026-08-28T10:57:03+05:30,Asia/Kolkata,UPSTOX,NIFTY,2026-09-01,65,e385b72eb8d44131,0.0,False,24156.55,24157.0,24122.6,24188.3,24106.55,24090.85,10.74,24150,24150,23900,-256.55,BELOW_SPOT,,60.0,60.0,NSE_FO|46981,5022,1422,,46,23835,72,False,354.0,40.25,12.8287,17.38,True,354.0,260,354.4,585,,,354.2,0.4,0.0011,256.55,97.45,NSE_FO|46982,113228,45245,,-103,530704,2474,False,12.85,-6.4,-33.2468,9.08,True,12.8,7540,12.85,18460,,,12.825,0.05,0.0039,0.0,12.85,22.5464,-43823
2.1.0,20260828_105703_000,2026-08-28T10:57:03+05:30,2026-08-28T10:57:03+05:30,Asia/Kolkata,UPSTOX,NIFTY,2026-09-01,65,e385b72eb8d44131,0.0,False,24156.55,24157.0,24122.6,24188.3,24106.55,24090.85,10.74,24150,24150,23950,-206.55,BELOW_SPOT,,60.0,60.0,NSE_FO|46983,3797,1622,,16,23439,81,False,309.0,39.75,14.7632,16.19,True,307.75,130,308.55,260,,,308.15,0.8,0.0026,206.55,102.45,NSE_FO|46984,62342,30524,,186,387375,1977,False,17.2,-8.35,-32.681,8.68,True,17.1,9815,17.15,65,,,17.125,0.05,0.0029,0.0,17.2,16.4188,-28902
2.1.0,20260828_105703_000,2026-08-28T10:57:03+05:30,2026-08-28T10:57:03+05:30,Asia/Kolkata,UPSTOX,NIFTY,2026-09-01,65,e385b72eb8d44131,0.0,False,24156.55,24157.0,24122.6,24188.3,24106.55,24090.85,10.74,24150,24150,24000,-156.55,BELOW_SPOT,,60.0,60.0,NSE_FO|46985,32034,5977,,-402,220702,1099,False,264.1,36.35,15.9605,15.21,True,264.15,260,264.7,325,,,264.425,0.55,0.0021,156.55,107.55,NSE_FO|46986,206136,96818,,-546,1136121,8741,False,23.15,-11.95,-34.0456,8.29,True,23.15,2470,23.2,1625,,,23.175,0.05,0.0022,0.0,23.15,6.4349,-90841
2.1.0,20260828_105703_000,2026-08-28T10:57:03+05:30,2026-08-28T10:57:03+05:30,Asia/Kolkata,UPSTOX,NIFTY,2026-09-01,65,e385b72eb8d44131,0.0,False,24156.55,24157.0,24122.6,24188.3,24106.55,24090.85,10.74,24150,24150,24050,-106.55,BELOW_SPOT,,60.0,60.0,NSE_FO|46987,15798,5375,,57,183905,563,False,222.15,30.85,16.1265,14.2,True,222.1,455,222.65,585,,,222.375,0.55,0.0025,106.55,115.6,NSE_FO|46988,106977,70031,,-1025,731465,4225,False,31.15,-15.5,-33.2262,7.86,True,31.15,1430,31.25,4225,,,31.2,0.1,0.0032,0.0,31.15,6.7716,-64656
2.1.0,20260828_105703_000,2026-08-28T10:57:03+05:30,2026-08-28T10:57:03+05:30,Asia/Kolkata,UPSTOX,NIFTY,2026-09-01,65,e385b72eb8d44131,0.0,False,24156.55,24157.0,24122.6,24188.3,24106.55,24090.85,10.74,24150,24150,24100,-56.55,BELOW_SPOT,,60.0,60.0,NSE_FO|46989,71478,24993,,720,1028312,3029,False,183.25,28.0,18.0354,13.37,True,183.25,585,183.5,390,,,183.375,0.25,0.0014,56.55,126.7,NSE_FO|46990,278101,193918,,-113,1995848,12431,False,42.2,-19.95,-32.0998,7.43,True,42.25,195,42.35,2080,,,42.3,0.1,0.0024,0.0,42.2,3.8907,-168925
2.1.0,20260828_105703_000,2026-08-28T10:57:03+05:30,2026-08-28T10:57:03+05:30,Asia/Kolkata,UPSTOX,NIFTY,2026-09-01,65,e385b72eb8d44131,0.0,False,24156.55,24157.0,24122.6,24188.3,24106.55,24090.85,10.74,24150,24150,24150,-6.55,ATM,,60.0,60.0,NSE_FO|46991,113372,53135,,482,1387973,6408,False,147.15,20.3,16.0032,12.6,True,147.35,390,147.7,1235,,,147.525,0.35,0.0024,6.55,140.6,NSE_FO|46992,253249,198999,,1336,1941090,14660,False,56.5,-22.45,-28.4357,6.96,True,56.25,585,56.35,130,,,56.3,0.1,0.0018,0.0,56.5,2.2338,-145864
2.1.0,20260828_105703_000,2026-08-28T10:57:03+05:30,2026-08-28T10:57:03+05:30,Asia/Kolkata,UPSTOX,NIFTY,2026-09-01,65,e385b72eb8d44131,0.0,False,24156.55,24157.0,24122.6,24188.3,24106.55,24090.85,10.74,24150,24150,24200,43.45,ABOVE_SPOT,,60.0,60.0,NSE_FO|46993,240593,86905,,1985,1913548,11265,False,115.75,17.0,17.2152,12.0,True,115.65,325,115.75,650,,,115.7,0.1,0.0009,0.0,115.75,NSE_FO|46994,296927,195749,,2700,1711108,15968,False,74.9,-27.9,-27.1401,6.38,True,74.7,455,74.8,65,,,74.75,0.1,0.0013,43.45,31.45,1.2341,-108844
2.1.0,20260828_105703_000,2026-08-28T10:57:03+05:30,2026-08-28T10:57:03+05:30,Asia/Kolkata,UPSTOX,NIFTY,2026-09-01,65,e385b72eb8d44131,0.0,False,24156.55,24157.0,24122.6,24188.3,24106.55,24090.85,10.74,24150,24150,24250,93.45,ABOVE_SPOT,,60.0,60.0,NSE_FO|46995,151048,62036,,935,1081958,6620,False,88.35,11.45,14.8895,11.47,True,88.15,390,88.25,65,,,88.2,0.1,0.0011,0.0,88.35,NSE_FO|46996,94438,53908,,112,553862,5593,False,97.15,-31.7,-24.6023,5.58,True,97.0,1625,97.25,260,,,97.125,0.25,0.0026,93.45,3.7,0.6252,8128
2.1.0,20260828_105703_000,2026-08-28T10:57:03+05:30,2026-08-28T10:57:03+05:30,Asia/Kolkata,UPSTOX,NIFTY,2026-09-01,65,e385b72eb8d44131,0.0,False,24156.55,24157.0,24122.6,24188.3,24106.55,24090.85,10.74,24150,24150,24300,143.45,ABOVE_SPOT,,60.0,60.0,NSE_FO|46997,258153,54823,,497,1382742,6825,False,65.25,7.3,12.5971,11.05,True,65.45,65,65.5,65,,,65.475,0.05,0.0008,0.0,65.25,NSE_FO|46998,116613,40573,,100,633497,4385,False,124.9,-37.45,-23.0674,4.15,True,124.25,390,124.5,780,,,124.375,0.25,0.002,143.45,-18.55,0.4517,14250
2.1.0,20260828_105703_000,2026-08-28T10:57:03+05:30,2026-08-28T10:57:03+05:30,Asia/Kolkata,UPSTOX,NIFTY,2026-09-01,65,e385b72eb8d44131,0.0,False,24156.55,24157.0,24122.6,24188.3,24106.55,24090.85,10.74,24150,24150,24350,193.45,ABOVE_SPOT,,60.0,60.0,NSE_FO|46999,165241,41926,,167,743053,4440,False,46.95,3.4,7.8071,10.71,True,47.0,5915,47.15,6045,,,47.075,0.15,0.0032,0.0,46.95,NSE_FO|47000,35477,9937,,17,136930,968,False,156.25,-38.75,-19.8718,0.0,False,155.8,325,156.15,1235,,,155.975,0.35,0.0022,193.45,-37.2,0.2147,31989
2.1.0,20260828_105703_000,2026-08-28T10:57:03+05:30,2026-08-28T10:57:03+05:30,Asia/Kolkata,UPSTOX,NIFTY,2026-09-01,65,e385b72eb8d44131,0.0,False,24156.55,24157.0,24122.6,24188.3,24106.55,24090.85,10.74,24150,24150,24400,243.45,ABOVE_SPOT,,60.0,60.0,NSE_FO|47001,225061,36848,,792,928049,5151,False,33.25,1.45,4.5597,10.48,True,33.2,2860,33.25,65,,,33.225,0.05,0.0015,0.0,33.25,NSE_FO|47002,41587,6784,,23,150329,1189,False,192.25,-42.4,-18.0695,0.0,False,191.8,1040,192.3,130,,,192.05,0.5,0.0026,243.45,-51.2,0.1848,30064
2.1.0,20260828_105803_000,2026-08-28T10:58:03+05:30,2026-08-28T10:58:03+05:30,Asia/Kolkata,UPSTOX,NIFTY,2026-09-01,65,69086f89eda3b93c,0.0,False,24157.05,24157.45,24122.6,24188.3,24106.55,24090.85,10.76,24150,24150,23900,-257.05,BELOW_SPOT,,60.0,60.0,NSE_FO|46981,5021,1421,,-1,23888,53,False,353.4,39.65,12.6375,17.31,True,352.8,585,353.7,325,,,353.25,0.9,0.0025,257.05,96.35,NSE_FO|46982,113385,45402,,157,532435,1731,False,12.85,-6.4,-33.2468,9.06,True,12.8,9165,12.85,9685,,,12.825,0.05,0.0039,0.0,12.85,22.5822,-43981
2.1.0,20260828_105803_000,2026-08-28T10:58:03+05:30,2026-08-28T10:58:03+05:30,Asia/Kolkata,UPSTOX,NIFTY,2026-09-01,65,69086f89eda3b93c,0.0,False,24157.05,24157.45,24122.6,24188.3,24106.55,24090.85,10.76,24150,24150,23950,-207.05,BELOW_SPOT,,60.0,60.0,NSE_FO|46983,3795,1620,,-2,23506,67,False,309.55,40.3,14.9675,16.22,True,306.75,585,307.7,325,,,307.225,0.95,0.0031,207.05,102.5,NSE_FO|46984,62312,30494,,-30,388988,1613,False,17.2,-8.35,-32.681,8.73,True,17.15,14820,17.25,14690,,,17.2,0.1,0.0058,0.0,17.2,16.4195,-28874
2.1.0,20260828_105803_000,2026-08-28T10:58:03+05:30,2026-08-28T10:58:03+05:30,Asia/Kolkata,UPSTOX,NIFTY,2026-09-01,65,69086f89eda3b93c,0.0,False,24157.05,24157.45,24122.6,24188.3,24106.55,24090.85,10.76,24150,24150,24000,-157.05,BELOW_SPOT,,60.0,60.0,NSE_FO|46985,32052,5995,,18,221179,477,False,263.3,35.55,15.6092,14.85,True,263.2,780,263.9,715,,,263.55,0.7,0.0027,157.05,106.25,NSE_FO|46986,206181,96863,,45,1141095,4974,False,23.3,-11.8,-33.6182,8.36,True,23.2,5525,23.3,13260,,,23.25,0.1,0.0043,0.0,23.3,6.4327,-90868
2.1.0,20260828_105803_000,2026-08-28T10:58:03+05:30,2026-08-28T10:58:03+05:30,Asia/Kolkata,UPSTOX,NIFTY,2026-09-01,65,69086f89eda3b93c,0.0,False,24157.05,24157.45,24122.6,24188.3,24106.55,24090.85,10.76,24150,24150,24050,-107.05,BELOW_SPOT,,60.0,60.0,NSE_FO|46987,15806,5383,,8,184268,363,False,221.5,30.2,15.7867,13.99,True,221.35,260,221.9,650,,,221.625,0.55,0.0025,107.05,114.45,NSE_FO|46988,107101,70155,,124,735007,3542,False,31.2,-15.45,-33.119,7.93,True,31.25,3705,31.35,195,,,31.3,0.1,0.0032,0.0,31.2,6.776,-64772
2.1.0,20260828_105803_000,2026-08-28T10:58:03+05:30,2026-08-28T10:58:03+05:30,Asia/Kolkata,UPSTOX,NIFTY,2026-09-01,65,69086f89eda3b93c,0.0,False,24157.05,24157.45,24122.6,24188.3,24106.55,24090.85,10.76,24150,24150,24100,-57.05,BELOW_SPOT,,60.0,60.0,NSE_FO|46989,72176,25691,,698,1030828,2516,False,182.95,27.7,17.8422,13.17,True,183.0,1105,183.15,585,,,183.075,0.15,0.0008,57.05,125.9,NSE_FO|46990,278514,194331,,413,2002006,6158,False,42.4,-19.75,-31.778,7.54,True,42.35,130,42.45,2925,,,42.4,0.1,0.0024,0.0,42.4,3.8588,-168640
2.1.0,20260828_105803_000,2026-08-28T10:58:03+05:30,2026-08-28T10:58:03+05:30,Asia/Kolkata,UPSTOX,NIFTY,2026-09-01,65,69086f89eda3b93c,0.0,False,24157.05,24157.45,24122.6,24188.3,24106.55,24090.85,10.76,24150,24150,24150,-7.05,ATM,,60.0,60.0,NSE_FO|46991,114003,53766,,631,1392404,4431,False,146.75,19.9,15.6878,12.41,True,146.75,195,147.05,390,,,146.9,0.3,0.002,7.05,139.7,NSE_FO|46992,253179,198929,,-70,1952149,11059,False,56.55,-22.4,-28.3724,7.05,True,56.4,1885,56.55,5005,,,56.475,0.15,0.0027,0.0,56.55,2.2208,-145163
2.1.0,20260828_105803_000,2026-08-28T10:58:03+05:30,2026-08-28T10:58:03+05:30,Asia/Kolkata,UPSTOX,NIFTY,2026-09-01,65,69086f89eda3b93c,0.0,False,24157.05,24157.45,24122.6,24188.3,24106.55,24090.85,10.76,24150,24150,24200,42.95,ABOVE_SPOT,,60.0,60.0,NSE_FO|46993,243052,89364,,2459,1921672,8124,False,115.3,16.55,16.7595,11.84,True,115.2,1560,115.55,2340,,,115.375,0.35,0.003,0.0,115.3,NSE_FO|46994,296862,195684,,-65,1719453,8345,False,75.0,-27.8,-27.0428,6.54,True,74.8,5070,75.0,6110,,,74.9,0.2,0.0027,42.95,32.05,1.2214,-106320
2.1.0,20260828_105803_000,2026-08-28T10:58:03+05:30,2026-08-28T10:58:03+05:30,Asia/Kolkata,UPSTOX,NIFTY,2026-09-01,65,69086f89eda3b93c,0.0,False,24157.05,24157.45,24122.6,24188.3,24106.55,24090.85,10.76,24150,24150,24250,92.95,ABOVE_SPOT,,60.0,60.0,NSE_FO|46995,152685,63673,,1637,1086845,4887,False,87.7,10.8,14.0442,11.44,True,87.7,1170,87.9,3445,,,87.8,0.2,0.0023,0.0,87.7,NSE_FO|46996,94349,53819,,-89,557461,3599,False,97.55,-31.3,-24.2918,5.58,True,97.3,325,97.5,650,,,97.4,0.2,0.0021,92.95,4.6,0.6179,9854
2.1.0,20260828_105803_000,2026-08-28T10:58:03+05:30,2026-08-28T10:58:03+05:30,Asia/Kolkata,UPSTOX,NIFTY,2026-09-01,65,69086f89eda3b93c,0.0,False,24157.05,24157.45,24122.6,24188.3,24106.55,24090.85,10.76,24150,24150,24300,142.95,ABOVE_SPOT,,60.0,60.0,NSE_FO|46997,259851,56521,,1698,1388556,5814,False,65.1,7.15,12.3382,10.93,True,65.0,16445,65.1,3120,,,65.05,0.1,0.0015,0.0,65.1,NSE_FO|46998,116469,40429,,-144,636614,3117,False,124.9,-37.45,-23.0674,4.55,True,124.75,1625,125.0,2080,,,124.875,0.25,0.002,142.95,-18.05,0.4482,16092
2.1.0,20260828_105803_000,2026-08-28T10:58:03+05:30,2026-08-28T10:58:03+05:30,Asia/Kolkata,UPSTOX,NIFTY,2026-09-01,65,69086f89eda3b93c,0.0,False,24157.05,24157.45,24122.6,24188.3,24106.55,24090.85,10.76,24150,24150,24350,192.95,ABOVE_SPOT,,60.0,60.0,NSE_FO|46999,166022,42707,,781,747875,4822,False,46.75,3.2,7.3479,10.6,True,46.6,4355,46.75,6890,,,46.675,0.15,0.0032,0.0,46.75,NSE_FO|47000,35357,9817,,-120,137667,737,False,156.0,-39.0,-20.0,0.0,False,156.2,1170,156.6,260,,,156.4,0.4,0.0026,192.95,-36.95,0.213,32890
2.1.0,20260828_105803_000,2026-08-28T10:58:03+05:30,2026-08-28T10:58:03+05:30,Asia/Kolkata,UPSTOX,NIFTY,2026-09-01,65,69086f89eda3b93c,0.0,False,24157.05,24157.45,24122.6,24188.3,24106.55,24090.85,10.76,24150,24150,24400,242.95,ABOVE_SPOT,,60.0,60.0,NSE_FO|47001,225875,37662,,814,931811,3762,False,32.85,1.05,3.3019,10.39,True,32.9,585,33.0,9880,,,32.95,0.1,0.003,0.0,32.85,NSE_FO|47002,41612,6809,,25,151405,1076,False,192.25,-42.4,-18.0695,0.0,False,192.4,130,192.8,1820,,,192.6,0.4,0.0021,242.95,-50.7,0.1842,30853
2.1.0,20260828_105903_001,2026-08-28T10:59:03+05:30,2026-08-28T10:59:03+05:30,Asia/Kolkata,UPSTOX,NIFTY,2026-09-01,65,5b0a63a299d7c125,0.0,False,24158.85,24158.4,24122.6,24188.3,24106.55,24090.85,10.77,24150,24150,23900,-258.85,BELOW_SPOT,,60.0,60.0,NSE_FO|46981,5004,1404,,-17,23943,55,False,354.55,40.8,13.004,16.96,True,351.8,130,352.7,195,,,352.25,0.9,0.0026,258.85,95.7,NSE_FO|46982,113512,45529,,127,534438,2003,False,12.8,-6.45,-33.5065,9.17,True,12.75,15730,12.8,390,,,12.775,0.05,0.0039,0.0,12.8,22.6843,-44125
2.1.0,20260828_105903_001,2026-08-28T10:59:03+05:30,2026-08-28T10:59:03+05:30,Asia/Kolkata,UPSTOX,NIFTY,2026-09-01,65,5b0a63a299d7c125,0.0,False,24158.85,24158.4,24122.6,24188.3,24106.55,24090.85,10.77,24150,24150,23950,-208.85,BELOW_SPOT,,60.0,60.0,NSE_FO|46983,3803,1628,,8,23541,35,False,307.0,37.75,14.0204,15.66,True,306.0,780,306.9,455,,,306.45,0.9,0.0029,208.85,98.15,NSE_FO|46984,62325,30507,,13,390725,1737,False,17.1,-8.45,-33.0724,8.77,True,17.15,9815,17.2,1170,,,17.175,0.05,0.0029,0.0,17.1,16.3884,-28879
2.1.0,20260828_105903_001,2026-08-28T10:59:03+05:30,2026-08-28T10:59:03+05:30,Asia/Kolkata,UPSTOX,NIFTY,2026-09-01,65,5b0a63a299d7c125,0.0,False,24158.85,24158.4,24122.6,24188.3,24106.55,24090.85,10.77,24150,24150,24000,-158.85,BELOW_SPOT,,60.0,60.0,NSE_FO|46985,32047,5990,,-5,221681,502,False,263.05,35.3,15.4995,14.92,True,263.0,1300,263.45,390,,,263.225,0.45,0.0017,158.85,104.2,NSE_FO|46986,206520,97202,,339,1145989,4894,False,23.2,-11.9,-33.9031,8.35,True,23.1,5135,23.15,260,,,23.125,0.05,0.0022,0.0,23.2,6.4443,-91212
2.1.0,20260828_105903_001,2026-08-28T10:59:03+05:30,2026-08-28T10:59:03+05:30,Asia/Kolkata,UPSTOX,NIFTY,2026-09-01,65,5b0a63a299d7c125,0.0,False,24158.85,24158.4,24122.6,24188.3,24106.55,24090.85,10.77,24150,24150,24050,-108.85,BELOW_SPOT,,60.0,60.0,NSE_FO|46987,15823,5400,,17,184624,356,False,221.25,29.95,15.656,13.94,True,221.2,650,221.65,520,,,221.425,0.45,0.002,108.85,112.4,NSE_FO|46988,107231,70285,,130,737864,2857,False,31.4,-15.25,-32.6902,8.0,True,31.35,7410,31.45,585,,,31.4,0.1,0.0032,0.0,31.4,6.7769,-64885
2.1.0,20260828_105903_001,2026-08-28T10:59:03+05:30,2026-08-28T10:59:03+05:30,Asia/Kolkata,UPSTOX,NIFTY,2026-09-01,65,5b0a63a299d7c125,0.0,False,24158.85,24158.4,24122.6,24188.3,24106.55,24090.85,10.77,24150,24150,24100,-58.85,BELOW_SPOT,,60.0,60.0,NSE_FO|46989,72406,25921,,230,1033379,2551,False,182.0,26.75,17.2303,13.18,True,182.05,650,182.4,585,,,182.225,0.35,0.0019,58.85,123.15,NSE_FO|46990,277795,193612,,-719,2010251,8245,False,42.45,-19.7,-31.6975,7.54,True,42.25,7800,42.4,5070,,,42.325,0.15,0.0035,0.0,42.45,3.8366,-167691
2.1.0,20260828_105903_001,2026-08-28T10:59:03+05:30,2026-08-28T10:59:03+05:30,Asia/Kolkata,UPSTOX,NIFTY,2026-09-01,65,5b0a63a299d7c125,0.0,False,24158.85,24158.4,24122.6,24188.3,24106.55,24090.85,10.77,24150,24150,24150,-8.85,ATM,,60.0,60.0,NSE_FO|46991,114956,54719,,953,1397191,4787,False,146.4,19.55,15.4119,12.28,True,146.05,390,146.4,455,,,146.225,0.35,0.0024,8.85,137.55,NSE_FO|46992,250531,196281,,-2648,1960940,8791,False,56.8,-22.15,-28.0557,7.16,True,56.75,2080,56.8,260,,,56.775,0.05,0.0009,0.0,56.8,2.1794,-141562
2.1.0,20260828_105903_001,2026-08-28T10:59:03+05:30,2026-08-28T10:59:03+05:30,Asia/Kolkata,UPSTOX,NIFTY,2026-09-01,65,5b0a63a299d7c125,0.0,False,24158.85,24158.4,24122.6,24188.3,24106.55,24090.85,10.77,24150,24150,24200,41.15,ABOVE_SPOT,,60.0,60.0,NSE_FO|46993,243567,89879,,515,1929410,7738,False,114.75,16.0,16.2025,11.72,True,114.7,975,114.85,65,,,114.775,0.15,0.0013,0.0,114.75,NSE_FO|46994,295043,193865,,-1819,1728910,9457,False,75.25,-27.55,-26.7996,6.65,True,74.9,455,75.05,1690,,,74.975,0.15,0.002,41.15,34.1,1.2113,-103986
2.1.0,20260828_105903_001,2026-08-28T10:59:03+05:30,2026-08-28T10:59:03+05:30,Asia/Kolkata,UPSTOX,NIFTY,2026-09-01,65,5b0a63a299d7c125,0.0,False,24158.85,24158.4,24122.6,24188.3,24106.55,24090.85,10.77,24150,24150,24250,91.15,ABOVE_SPOT,,60.0,60.0,NSE_FO|46995,154176,65164,,1491,1092289,5444,False,87.45,10.55,13.7191,11.22,True,87.3,1690,87.4,65,,,87.35,0.1,0.0011,0.0,87.45,NSE_FO|46996,93344,52814,,-1005,561131,3670,False,98.0,-30.85,-23.9426,5.94,True,97.65,4095,97.85,130,,,97.75,0.2,0.002,91.15,6.85,0.6054,12350
2.1.0,20260828_105903_001,2026-08-28T10:59:03+05:30,2026-08-28T10:59:03+05:30,Asia/Kolkata,UPSTOX,NIFTY,2026-09-01,65,5b0a63a299d7c125,0.0,False,24158.85,24158.4,24122.6,24188.3,24106.55,24090.85,10.77,24150,24150,24300,141.15,ABOVE_SPOT,,60.0,60.0,NSE_FO|46997,260090,56760,,239,1394881,6325,False,64.6,6.65,11.4754,10.82,True,64.6,3250,64.7,650,,,64.65,0.1,0.0015,0.0,64.6,NSE_FO|46998,116551,40511,,82,639452,2838,False,125.5,-36.85,-22.6979,4.84,True,125.25,1170,125.5,585,,,125.375,0.25,0.002,141.15,-15.65,0.4481,16249
2.1.0,20260828_105903_001,2026-08-28T10:59:03+05:30,2026-08-28T10:59:03+05:30,Asia/Kolkata,UPSTOX,NIFTY,2026-09-01,65,5b0a63a299d7c125,0.0,False,24158.85,24158.4,24122.6,24188.3,24106.55,24090.85,10.77,24150,24150,24350,191.15,ABOVE_SPOT,,60.0,60.0,NSE_FO|46999,166368,43053,,346,750662,2787,False,46.55,3.0,6.8886,10.6,True,46.5,3315,46.65,8190,,,46.575,0.15,0.0032,0.0,46.55,NSE_FO|47000,35155,9615,,-202,138331,664,False,157.25,-37.75,-19.359,0.0,False,156.45,715,156.75,65,,,156.6,0.3,0.0019,191.15,-33.9,0.2113,33438
2.1.0,20260828_105903_001,2026-08-28T10:59:03+05:30,2026-08-28T10:59:03+05:30,Asia/Kolkata,UPSTOX,NIFTY,2026-09-01,65,5b0a63a299d7c125,0.0,False,24158.85,24158.4,24122.6,24188.3,24106.55,24090.85,10.77,24150,24150,24400,241.15,ABOVE_SPOT,,60.0,60.0,NSE_FO|47001,226717,38504,,842,934865,3054,False,32.85,1.05,3.3019,10.39,True,32.85,910,32.95,6500,,,32.9,0.1,0.003,0.0,32.85,NSE_FO|47002,41446,6643,,-166,152212,807,False,192.95,-41.7,-17.7711,0.0,False,193.05,585,193.4,325,,,193.225,0.35,0.0018,241.15,-48.2,0.1828,31861
2.1.0,20260828_110003_000,2026-08-28T11:00:03+05:30,2026-08-28T11:00:03+05:30,Asia/Kolkata,UPSTOX,NIFTY,2026-09-01,65,4dc2e4ede915b9ef,0.0,False,24156.85,24156.85,24122.6,24188.3,24106.55,24090.85,10.79,24150,24150,23900,-256.85,BELOW_SPOT,,60.0,60.0,NSE_FO|46981,5004,1404,,0,23959,16,False,352.35,38.6,12.3028,17.21,True,351.6,65,352.15,520,,,351.875,0.55,0.0016,256.85,95.5,NSE_FO|46982,113389,45406,,-123,535331,893,False,12.85,-6.4,-33.2468,9.03,True,12.8,13910,12.9,34060,,,12.85,0.1,0.0078,0.0,12.85,22.6597,-44002
2.1.0,20260828_110003_000,2026-08-28T11:00:03+05:30,2026-08-28T11:00:03+05:30,Asia/Kolkata,UPSTOX,NIFTY,2026-09-01,65,4dc2e4ede915b9ef,0.0,False,24156.85,24156.85,24122.6,24188.3,24106.55,24090.85,10.79,24150,24150,23950,-206.85,BELOW_SPOT,,60.0,60.0,NSE_FO|46983,3807,1632,,4,23554,13,False,306.25,37.0,13.7419,16.05,True,306.25,130,306.4,325,,,306.325,0.15,0.0005,206.85,99.4,NSE_FO|46984,62357,30539,,32,391874,1149,False,17.25,-8.3,-32.4853,8.65,True,17.2,9360,17.25,260,,,17.225,0.05,0.0029,0.0,17.25,16.3796,-28907
2.1.0,20260828_110003_000,2026-08-28T11:00:03+05:30,2026-08-28T11:00:03+05:30,Asia/Kolkata,UPSTOX,NIFTY,2026-09-01,65,4dc2e4ede915b9ef,0.0,False,24156.85,24156.85,24122.6,24188.3,24106.55,24090.85,10.79,24150,24150,24000,-156.85,BELOW_SPOT,,60.0,60.0,NSE_FO|46985,32150,6093,,103,221900,219,False,262.25,34.5,15.1482,15.15,True,262.5,65,262.55,260,,,262.525,0.05,0.0002,156.85,105.4,NSE_FO|46986,206591,97273,,71,1148672,2683,False,23.4,-11.7,-33.3333,8.22,True,23.3,7215,23.35,325,,,23.325,0.05,0.0021,0.0,23.4,6.4258,-91180
2.1.0,20260828_110003_000,2026-08-28T11:00:03+05:30,2026-08-28T11:00:03+05:30,Asia/Kolkata,UPSTOX,NIFTY,2026-09-01,65,4dc2e4ede915b9ef,0.0,False,24156.85,24156.85,24122.6,24188.3,24106.55,24090.85,10.79,24150,24150,24050,-106.85,BELOW_SPOT,,60.0,60.0,NSE_FO|46987,15884,5461,,61,184908,284,False,220.65,29.35,15.3424,14.14,True,220.3,65,220.5,650,,,220.4,0.2,0.0009,106.85,113.8,NSE_FO|46988,107452,70506,,221,739461,1597,False,31.6,-15.05,-32.2615,7.83,True,31.55,1820,31.6,1365,,,31.575,0.05,0.0016,0.0,31.6,6.7648,-65045
2.1.0,20260828_110003_000,2026-08-28T11:00:03+05:30,2026-08-28T11:00:03+05:30,Asia/Kolkata,UPSTOX,NIFTY,2026-09-01,65,4dc2e4ede915b9ef,0.0,False,24156.85,24156.85,24122.6,24188.3,24106.55,24090.85,10.79,24150,24150,24100,-56.85,BELOW_SPOT,,60.0,60.0,NSE_FO|46989,72700,26215,,294,1034871,1492,False,181.3,26.05,16.7794,13.34,True,181.3,325,181.65,390,,,181.475,0.35,0.0019,56.85,124.45,NSE_FO|46990,278221,194038,,426,2014903,4652,False,42.9,-19.25,-30.9735,7.42,True,42.65,4680,42.8,5850,,,42.725,0.15,0.0035,0.0,42.9,3.827,-167823
2.1.0,20260828_110003_000,2026-08-28T11:00:03+05:30,2026-08-28T11:00:03+05:30,Asia/Kolkata,UPSTOX,NIFTY,2026-09-01,65,4dc2e4ede915b9ef,0.0,False,24156.85,24156.85,24122.6,24188.3,24106.55,24090.85,10.79,24150,24150,24150,-6.85,ATM,,60.0,60.0,NSE_FO|46991,115677,55440,,721,1400833,3642,False,145.45,18.6,14.663,12.47,True,145.45,1690,145.8,650,,,145.625,0.35,0.0024,6.85,138.6,NSE_FO|46992,249904,195654,,-627,1968243,7303,False,57.05,-21.9,-27.7391,6.97,True,57.05,3445,57.2,3315,,,57.125,0.15,0.0026,0.0,57.05,2.1604,-140214
2.1.0,20260828_110003_000,2026-08-28T11:00:03+05:30,2026-08-28T11:00:03+05:30,Asia/Kolkata,UPSTOX,NIFTY,2026-09-01,65,4dc2e4ede915b9ef,0.0,False,24156.85,24156.85,24122.6,24188.3,24106.55,24090.85,10.79,24150,24150,24200,43.15,ABOVE_SPOT,,60.0,60.0,NSE_FO|46993,245764,92076,,2197,1934394,4984,False,114.1,15.35,15.5443,11.91,True,114.1,1040,114.35,1170,,,114.225,0.25,0.0022,0.0,114.1,NSE_FO|46994,296263,195085,,1220,1737385,8475,False,75.85,-26.95,-26.216,6.42,True,75.65,4290,75.85,4095,,,75.75,0.2,0.0026,43.15,32.7,1.2055,-103009
2.1.0,20260828_110003_000,2026-08-28T11:00:03+05:30,2026-08-28T11:00:03+05:30,Asia/Kolkata,UPSTOX,NIFTY,2026-09-01,65,4dc2e4ede915b9ef,0.0,False,24156.85,24156.85,24122.6,24188.3,24106.55,24090.85,10.79,24150,24150,24250,93.15,ABOVE_SPOT,,60.0,60.0,NSE_FO|46995,155269,66257,,1093,1095491,3202,False,87.0,10.1,13.1339,11.45,True,87.05,2470,87.25,130,,,87.15,0.2,0.0023,0.0,87.0,NSE_FO|46996,93386,52856,,42,563410,2279,False,98.1,-30.75,-23.865,5.55,True,98.05,390,98.25,650,,,98.15,0.2,0.002,93.15,4.95,0.6014,13401
2.1.0,20260828_110003_000,2026-08-28T11:00:03+05:30,2026-08-28T11:00:03+05:30,Asia/Kolkata,UPSTOX,NIFTY,2026-09-01,65,4dc2e4ede915b9ef,0.0,False,24156.85,24156.85,24122.6,24188.3,24106.55,24090.85,10.79,24150,24150,24300,143.15,ABOVE_SPOT,,60.0,60.0,NSE_FO|46997,260707,57377,,617,1398196,3315,False,64.4,6.45,11.1303,11.03,True,64.5,1170,64.65,3510,,,64.575,0.15,0.0023,0.0,64.4,NSE_FO|46998,115896,39856,,-655,641616,2164,False,125.6,-36.75,-22.6363,4.14,True,125.6,910,125.9,390,,,125.75,0.3,0.0024,143.15,-17.55,0.4445,17521
2.1.0,20260828_110003_000,2026-08-28T11:00:03+05:30,2026-08-28T11:00:03+05:30,Asia/Kolkata,UPSTOX,NIFTY,2026-09-01,65,4dc2e4ede915b9ef,0.0,False,24156.85,24156.85,24122.6,24188.3,24106.55,24090.85,10.79,24150,24150,24350,193.15,ABOVE_SPOT,,60.0,60.0,NSE_FO|46999,166377,43062,,9,753050,2388,False,46.4,2.85,6.5442,10.71,True,46.4,1170,46.5,975,,,46.45,0.1,0.0022,0.0,46.4,NSE_FO|47000,35202,9662,,47,138781,450,False,157.7,-37.3,-19.1282,0.0,False,157.4,1040,157.8,390,,,157.6,0.4,0.0025,193.15,-35.45,0.2116,33400
2.1.0,20260828_110003_000,2026-08-28T11:00:03+05:30,2026-08-28T11:00:03+05:30,Asia/Kolkata,UPSTOX,NIFTY,2026-09-01,65,4dc2e4ede915b9ef,0.0,False,24156.85,24156.85,24122.6,24188.3,24106.55,24090.85,10.79,24150,24150,24400,243.15,ABOVE_SPOT,,60.0,60.0,NSE_FO|47001,227323,39110,,606,937237,2372,False,32.7,0.9,2.8302,10.5,True,32.7,4095,32.8,6370,,,32.75,0.1,0.0031,0.0,32.7,NSE_FO|47002,41591,6788,,145,153151,939,False,194.15,-40.5,-17.2597,0.0,False,194.0,65,194.15,65,,,194.075,0.15,0.0008,243.15,-49.0,0.183,32322
2.1.0,20260828_110103_001,2026-08-28T11:01:03+05:30,2026-08-28T11:01:03+05:30,Asia/Kolkata,UPSTOX,NIFTY,2026-09-01,65,ec11f4a10cc37f1d,0.0,False,24154.95,24155.35,24122.6,24188.3,24106.55,24090.85,10.8,24150,24150,23900,-254.95,BELOW_SPOT,,60.0,60.0,NSE_FO|46981,4999,1399,,-5,24016,57,False,350.05,36.3,11.5697,17.01,True,350.75,715,351.75,650,,,351.25,1.0,0.0028,254.95,95.1,NSE_FO|46982,114222,46239,,833,539679,4348,False,13.05,-6.2,-32.2078,9.09,True,13.0,20605,13.05,7800,,,13.025,0.05,0.0038,0.0,13.05,22.849,-44840
2.1.0,20260828_110103_001,2026-08-28T11:01:03+05:30,2026-08-28T11:01:03+05:30,Asia/Kolkata,UPSTOX,NIFTY,2026-09-01,65,ec11f4a10cc37f1d,0.0,False,24154.95,24155.35,24122.6,24188.3,24106.55,24090.85,10.8,24150,24150,23950,-204.95,BELOW_SPOT,,60.0,60.0,NSE_FO|46983,3814,1639,,7,23632,78,False,304.65,35.4,13.1476,15.93,True,305.25,130,305.95,195,,,305.6,0.7,0.0023,204.95,99.7,NSE_FO|46984,62383,30565,,26,394102,2228,False,17.45,-8.1,-31.7025,8.7,True,17.4,8385,17.45,3250,,,17.425,0.05,0.0029,0.0,17.45,16.3563,-28926
2.1.0,20260828_110103_001,2026-08-28T11:01:03+05:30,2026-08-28T11:01:03+05:30,Asia/Kolkata,UPSTOX,NIFTY,2026-09-01,65,ec11f4a10cc37f1d,0.0,False,24154.95,24155.35,24122.6,24188.3,24106.55,24090.85,10.8,24150,24150,24000,-154.95,BELOW_SPOT,,60.0,60.0,NSE_FO|46985,32252,6195,,102,222586,686,False,261.95,34.2,15.0165,14.94,True,260.6,975,261.3,910,,,260.95,0.7,0.0027,154.95,107.0,NSE_FO|46986,206205,96887,,-386,1155336,6664,False,23.7,-11.4,-32.4786,8.32,True,23.75,10725,23.85,1365,,,23.8,0.1,0.0042,0.0,23.7,6.3936,-90692
2.1.0,20260828_110103_001,2026-08-28T11:01:03+05:30,2026-08-28T11:01:03+05:30,Asia/Kolkata,UPSTOX,NIFTY,2026-09-01,65,ec11f4a10cc37f1d,0.0,False,24154.95,24155.35,24122.6,24188.3,24106.55,24090.85,10.8,24150,24150,24050,-104.95,BELOW_SPOT,,60.0,60.0,NSE_FO|46987,15990,5567,,106,185336,428,False,219.85,28.55,14.9242,13.94,True,218.9,260,219.45,325,,,219.175,0.55,0.0025,104.95,114.9,NSE_FO|46988,107369,70423,,-83,745126,5665,False,31.85,-14.8,-31.7256,7.91,True,32.05,3900,32.15,715,,,32.1,0.1,0.0031,0.0,31.85,6.7148,-64856
2.1.0,20260828_110103_001,2026-08-28T11:01:03+05:30,2026-08-28T11:01:03+05:30,Asia/Kolkata,UPSTOX,NIFTY,2026-09-01,65,ec11f4a10cc37f1d,0.0,False,24154.95,24155.35,24122.6,24188.3,24106.55,24090.85,10.8,24150,24150,24100,-54.95,BELOW_SPOT,,60.0,60.0,NSE_FO|46989,73324,26839,,624,1038069,3198,False,181.15,25.9,16.6828,13.2,True,180.15,1625,180.6,520,,,180.375,0.45,0.0025,54.95,126.2,NSE_FO|46990,279272,195089,,1051,2025172,10269,False,43.25,-18.9,-30.4103,7.51,True,43.45,7670,43.6,5720,,,43.525,0.15,0.0034,0.0,43.25,3.8087,-168250
2.1.0,20260828_110103_001,2026-08-28T11:01:03+05:30,2026-08-28T11:01:03+05:30,Asia/Kolkata,UPSTOX,NIFTY,2026-09-01,65,ec11f4a10cc37f1d,0.0,False,24154.95,24155.35,24122.6,24188.3,24106.55,24090.85,10.8,24150,24150,24150,-4.95,ATM,,60.0,60.0,NSE_FO|46991,116364,56127,,687,1405949,5116,False,145.0,18.15,14.3082,12.47,True,144.75,65,145.0,3380,,,144.875,0.25,0.0017,4.95,140.05,NSE_FO|46992,250772,196522,,868,1981804,13561,False,58.0,-20.95,-26.5358,7.02,True,57.8,8320,58.0,6110,,,57.9,0.2,0.0035,0.0,58.0,2.1551,-140395
2.1.0,20260828_110103_001,2026-08-28T11:01:03+05:30,2026-08-28T11:01:03+05:30,Asia/Kolkata,UPSTOX,NIFTY,2026-09-01,65,ec11f4a10cc37f1d,0.0,False,24154.95,24155.35,24122.6,24188.3,24106.55,24090.85,10.8,24150,24150,24200,45.05,ABOVE_SPOT,,60.0,60.0,NSE_FO|46993,246966,93278,,1202,1941421,7027,False,114.0,15.25,15.443,11.89,True,114.1,325,114.35,1495,,,114.225,0.25,0.0022,0.0,114.0,NSE_FO|46994,297055,195877,,792,1750273,12888,False,76.5,-26.3,-25.5837,6.48,True,76.35,3185,76.6,4550,,,76.475,0.25,0.0033,45.05,31.45,1.2028,-102599
2.1.0,20260828_110103_001,2026-08-28T11:01:03+05:30,2026-08-28T11:01:03+05:30,Asia/Kolkata,UPSTOX,NIFTY,2026-09-01,65,ec11f4a10cc37f1d,0.0,False,24154.95,24155.35,24122.6,24188.3,24106.55,24090.85,10.8,24150,24150,24250,95.05,ABOVE_SPOT,,60.0,60.0,NSE_FO|46995,155515,66503,,246,1100284,4793,False,86.95,10.05,13.0689,11.35,True,86.95,65,87.0,780,,,86.975,0.05,0.0006,0.0,86.95,NSE_FO|46996,93656,53126,,270,568253,4843,False,98.9,-29.95,-23.2441,5.65,True,98.65,130,98.8,1495,,,98.725,0.15,0.0015,95.05,3.85,0.6022,13377
2.1.0,20260828_110103_001,2026-08-28T11:01:03+05:30,2026-08-28T11:01:03+05:30,Asia/Kolkata,UPSTOX,NIFTY,2026-09-01,65,ec11f4a10cc37f1d,0.0,False,24154.95,24155.35,24122.6,24188.3,24106.55,24090.85,10.8,24150,24150,24300,145.05,ABOVE_SPOT,,60.0,60.0,NSE_FO|46997,261584,58254,,877,1405257,7061,False,64.55,6.6,11.3891,10.98,True,64.4,65,64.5,390,,,64.45,0.1,0.0016,0.0,64.55,NSE_FO|46998,115943,39903,,47,645997,4381,False,126.45,-35.9,-22.1127,4.29,True,126.15,650,126.45,520,,,126.3,0.3,0.0024,145.05,-18.6,0.4432,18351
2.1.0,20260828_110103_001,2026-08-28T11:01:03+05:30,2026-08-28T11:01:03+05:30,Asia/Kolkata,UPSTOX,NIFTY,2026-09-01,65,ec11f4a10cc37f1d,0.0,False,24154.95,24155.35,24122.6,24188.3,24106.55,24090.85,10.8,24150,24150,24350,195.05,ABOVE_SPOT,,60.0,60.0,NSE_FO|46999,166608,43293,,231,756282,3232,False,46.2,2.65,6.085,10.64,True,45.9,5135,46.0,910,,,45.95,0.1,0.0022,0.0,46.2,NSE_FO|47000,35185,9645,,-17,139621,840,False,158.35,-36.65,-18.7949,0.0,False,158.8,585,159.2,1105,,,159.0,0.4,0.0025,195.05,-36.7,0.2112,33648
2.1.0,20260828_110103_001,2026-08-28T11:01:03+05:30,2026-08-28T11:01:03+05:30,Asia/Kolkata,UPSTOX,NIFTY,2026-09-01,65,ec11f4a10cc37f1d,0.0,False,24154.95,24155.35,24122.6,24188.3,24106.55,24090.85,10.8,24150,24150,24400,245.05,ABOVE_SPOT,,60.0,60.0,NSE_FO|47001,227617,39404,,294,940630,3393,False,32.65,0.85,2.673,10.46,True,32.35,6695,32.45,2730,,,32.4,0.1,0.0031,0.0,32.65,NSE_FO|47002,41612,6809,,21,154168,1017,False,194.65,-40.0,-17.0467,0.0,False,195.2,260,195.65,325,,,195.425,0.45,0.0023,245.05,-50.4,0.1828,32595
2.1.0,20260828_110203_000,2026-08-28T11:02:03+05:30,2026-08-28T11:02:03+05:30,Asia/Kolkata,UPSTOX,NIFTY,2026-09-01,65,4f20d232632b33ef,0.0,False,24159.7,24160.0,24122.6,24188.3,24106.55,24090.85,10.79,24150,24150,23900,-259.7,BELOW_SPOT,,60.0,60.0,NSE_FO|46981,4997,1397,,-2,24062,46,False,356.1,42.35,13.498,17.26,True,355.15,130,356.05,390,,,355.6,0.9,0.0025,259.7,96.4,NSE_FO|46982,114507,46524,,285,541979,2300,False,12.65,-6.6,-34.2857,9.09,True,12.6,9165,12.65,10920,,,12.625,0.05,0.004,0.0,12.65,22.9151,-45127
2.1.0,20260828_110203_000,2026-08-28T11:02:03+05:30,2026-08-28T11:02:03+05:30,Asia/Kolkata,UPSTOX,NIFTY,2026-09-01,65,4f20d232632b33ef,0.0,False,24159.7,24160.0,24122.6,24188.3,24106.55,24090.85,10.79,24150,24150,23950,-209.7,BELOW_SPOT,,60.0,60.0,NSE_FO|46983,3790,1615,,-24,23741,109,False,310.95,41.7,15.4875,16.04,True,309.4,910,310.25,130,,,309.825,0.85,0.0027,209.7,101.25,NSE_FO|46984,62298,30480,,-85,395521,1419,False,16.85,-8.7,-34.0509,8.71,True,16.85,9620,16.9,1105,,,16.875,0.05,0.003,0.0,16.85,16.4375,-28865
2.1.0,20260828_110203_000,2026-08-28T11:02:03+05:30,2026-08-28T11:02:03+05:30,Asia/Kolkata,UPSTOX,NIFTY,2026-09-01,65,4f20d232632b33ef,0.0,False,24159.7,24160.0,24122.6,24188.3,24106.55,24090.85,10.79,24150,24150,24000,-159.7,BELOW_SPOT,,60.0,60.0,NSE_FO|46985,32317,6260,,65,223265,679,False,266.0,38.25,16.7947,15.08,True,265.85,910,266.25,65,,,266.05,0.4,0.0015,159.7,106.3,NSE_FO|46986,206634,97316,,429,1159961,4625,False,22.75,-12.35,-35.1852,8.33,True,22.75,5395,22.85,7670,,,22.8,0.1,0.0044,0.0,22.75,6.394,-91056
2.1.0,20260828_110203_000,2026-08-28T11:02:03+05:30,2026-08-28T11:02:03+05:30,Asia/Kolkata,UPSTOX,NIFTY,2026-09-01,65,4f20d232632b33ef,0.0,False,24159.7,24160.0,24122.6,24188.3,24106.55,24090.85,10.79,24150,24150,24050,-109.7,BELOW_SPOT,,60.0,60.0,NSE_FO|46987,16009,5586,,19,185690,354,False,223.7,32.4,16.9367,14.15,True,223.55,195,224.0,1690,,,223.775,0.45,0.002,109.7,114.0,NSE_FO|46988,107877,70931,,508,749241,4115,False,30.8,-15.85,-33.9764,7.89,True,30.7,8320,30.8,260,,,30.75,0.1,0.0033,0.0,30.8,6.7385,-65345
2.1.0,20260828_110203_000,2026-08-28T11:02:03+05:30,2026-08-28T11:02:03+05:30,Asia/Kolkata,UPSTOX,NIFTY,2026-09-01,65,4f20d232632b33ef,0.0,False,24159.7,24160.0,24122.6,24188.3,24106.55,24090.85,10.79,24150,24150,24100,-59.7,BELOW_SPOT,,60.0,60.0,NSE_FO|46989,73222,26737,,-102,1040750,2681,False,185.0,29.75,19.1626,13.31,True,184.3,325,184.5,195,,,184.4,0.2,0.0011,59.7,125.3,NSE_FO|46990,279726,195543,,454,2035113,9941,False,41.55,-20.6,-33.1456,7.48,True,41.6,6890,41.75,4810,,,41.675,0.15,0.0036,0.0,41.55,3.8202,-168806
2.1.0,20260828_110203_000,2026-08-28T11:02:03+05:30,2026-08-28T11:02:03+05:30,Asia/Kolkata,UPSTOX,NIFTY,2026-09-01,65,4f20d232632b33ef,0.0,False,24159.7,24160.0,24122.6,24188.3,24106.55,24090.85,10.79,24150,24150,24150,-9.7,ATM,,60.0,60.0,NSE_FO|46991,116823,56586,,459,1410100,4151,False,149.0,22.15,17.4616,12.54,True,148.8,1560,149.0,3770,,,148.9,0.2,0.0013,9.7,139.3,NSE_FO|46992,251463,197213,,691,1993230,11426,False,55.4,-23.55,-29.829,7.01,True,55.4,3250,55.55,3835,,,55.475,0.15,0.0027,0.0,55.4,2.1525,-140627
2.1.0,20260828_110203_000,2026-08-28T11:02:03+05:30,2026-08-28T11:02:03+05:30,Asia/Kolkata,UPSTOX,NIFTY,2026-09-01,65,4f20d232632b33ef,0.0,False,24159.7,24160.0,24122.6,24188.3,24106.55,24090.85,10.79,24150,24150,24200,40.3,ABOVE_SPOT,,60.0,60.0,NSE_FO|46993,247971,94283,,1005,1949338,7917,False,117.05,18.3,18.5316,11.93,True,116.7,650,116.9,715,,,116.8,0.2,0.0017,0.0,117.05,NSE_FO|46994,296641,195463,,-414,1760174,9901,False,73.7,-29.1,-28.3074,6.45,True,73.75,455,73.9,1950,,,73.825,0.15,0.002,40.3,33.4,1.1963,-101180
2.1.0,20260828_110203_000,2026-08-28T11:02:03+05:30,2026-08-28T11:02:03+05:30,Asia/Kolkata,UPSTOX,NIFTY,2026-09-01,65,4f20d232632b33ef,0.0,False,24159.7,24160.0,24122.6,24188.3,24106.55,24090.85,10.79,24150,24150,24250,90.3,ABOVE_SPOT,,60.0,60.0,NSE_FO|46995,155775,66763,,260,1104504,4220,False,89.05,12.15,15.7997,11.41,True,89.1,585,89.3,2535,,,89.2,0.2,0.0022,0.0,89.05,NSE_FO|46996,94053,53523,,397,572866,4613,False,95.95,-32.9,-25.5336,5.71,True,95.95,325,96.15,130,,,96.05,0.2,0.0021,90.3,5.65,0.6038,13240
2.1.0,20260828_110203_000,2026-08-28T11:02:03+05:30,2026-08-28T11:02:03+05:30,Asia/Kolkata,UPSTOX,NIFTY,2026-09-01,65,4f20d232632b33ef,0.0,False,24159.7,24160.0,24122.6,24188.3,24106.55,24090.85,10.79,24150,24150,24300,140.3,ABOVE_SPOT,,60.0,60.0,NSE_FO|46997,261689,58359,,105,1410035,4778,False,66.3,8.35,14.409,11.02,True,66.1,2925,66.15,65,,,66.125,0.05,0.0008,0.0,66.3,NSE_FO|46998,115954,39914,,11,649499,3502,False,122.65,-39.7,-24.4533,4.38,True,123.0,9750,123.15,130,,,123.075,0.15,0.0012,140.3,-17.65,0.4431,18445
2.1.0,20260828_110203_000,2026-08-28T11:02:03+05:30,2026-08-28T11:02:03+05:30,Asia/Kolkata,UPSTOX,NIFTY,2026-09-01,65,4f20d232632b33ef,0.0,False,24159.7,24160.0,24122.6,24188.3,24106.55,24090.85,10.79,24150,24150,24350,190.3,ABOVE_SPOT,,60.0,60.0,NSE_FO|46999,166628,43313,,20,758614,2332,False,47.65,4.1,9.4145,10.68,True,47.65,4940,47.8,6305,,,47.725,0.15,0.0031,0.0,47.65,NSE_FO|47000,35154,9614,,-31,140400,779,False,154.8,-40.2,-20.6154,0.0,False,154.1,780,154.5,1040,,,154.3,0.4,0.0026,190.3,-35.5,0.211,33699
2.1.0,20260828_110203_000,2026-08-28T11:02:03+05:30,2026-08-28T11:02:03+05:30,Asia/Kolkata,UPSTOX,NIFTY,2026-09-01,65,4f20d232632b33ef,0.0,False,24159.7,24160.0,24122.6,24188.3,24106.55,24090.85,10.79,24150,24150,24400,240.3,ABOVE_SPOT,,60.0,60.0,NSE_FO|47001,227333,39120,,-284,944047,3417,False,33.55,1.75,5.5031,10.45,True,33.55,5655,33.65,2860,,,33.6,0.1,0.003,0.0,33.55,NSE_FO|47002,41496,6693,,-116,155092,924,False,190.3,-44.35,-18.9005,0.0,False,190.35,325,190.8,130,,,190.575,0.45,0.0024,240.3,-50.0,0.1825,32427
2.1.0,20260828_110303_000,2026-08-28T11:03:03+05:30,2026-08-28T11:03:03+05:30,Asia/Kolkata,UPSTOX,NIFTY,2026-09-01,65,6a859c1d530ea22a,0.0,False,24160.45,24160.45,24122.6,24188.3,24106.55,24090.85,10.77,24150,24150,23900,-260.45,BELOW_SPOT,,60.0,60.0,NSE_FO|46981,5007,1407,,10,24081,19,False,356.0,42.25,13.4661,17.11,True,355.15,390,356.05,65,,,355.6,0.9,0.0025,260.45,95.55,NSE_FO|46982,114481,46498,,-26,543245,1266,False,12.6,-6.65,-34.5455,9.12,True,12.55,11180,12.6,10530,,,12.575,0.05,0.004,0.0,12.6,22.8642,-45091
2.1.0,20260828_110303_000,2026-08-28T11:03:03+05:30,2026-08-28T11:03:03+05:30,Asia/Kolkata,UPSTOX,NIFTY,2026-09-01,65,6a859c1d530ea22a,0.0,False,24160.45,24160.45,24122.6,24188.3,24106.55,24090.85,10.77,24150,24150,23950,-210.45,BELOW_SPOT,,60.0,60.0,NSE_FO|46983,3783,1608,,-7,23771,30,False,309.8,40.55,15.0604,16.02,True,309.4,390,310.25,325,,,309.825,0.85,0.0027,210.45,99.35,NSE_FO|46984,62233,30415,,-65,396457,936,False,16.8,-8.75,-34.2466,8.71,True,16.75,18265,16.85,12155,,,16.8,0.1,0.006,0.0,16.8,16.4507,-28807
2.1.0,20260828_110303_000,2026-08-28T11:03:03+05:30,2026-08-28T11:03:03+05:30,Asia/Kolkata,UPSTOX,NIFTY,2026-09-01,65,6a859c1d530ea22a,0.0,False,24160.45,24160.45,24122.6,24188.3,24106.55,24090.85,10.77,24150,24150,24000,-160.45,BELOW_SPOT,,60.0,60.0,NSE_FO|46985,32076,6019,,-241,224021,756,False,266.0,38.25,16.7947,14.96,True,265.45,455,266.05,325,,,265.75,0.6,0.0023,160.45,105.55,NSE_FO|46986,206902,97584,,268,1164649,4688,False,22.85,-12.25,-34.9003,8.33,True,22.75,4160,22.85,17225,,,22.8,0.1,0.0044,0.0,22.85,6.4504,-91565
2.1.0,20260828_110303_000,2026-08-28T11:03:03+05:30,2026-08-28T11:03:03+05:30,Asia/Kolkata,UPSTOX,NIFTY,2026-09-01,65,6a859c1d530ea22a,0.0,False,24160.45,24160.45,24122.6,24188.3,24106.55,24090.85,10.77,24150,24150,24050,-110.45,BELOW_SPOT,,60.0,60.0,NSE_FO|46987,15996,5573,,-13,186340,650,False,223.7,32.4,16.9367,14.11,True,223.6,325,224.15,130,,,223.875,0.55,0.0025,110.45,113.25,NSE_FO|46988,108072,71126,,195,751894,2653,False,30.6,-16.05,-34.4051,7.92,True,30.6,1950,30.7,5590,,,30.65,0.1,0.0033,0.0,30.6,6.7562,-65553
2.1.0,20260828_110303_000,2026-08-28T11:03:03+05:30,2026-08-28T11:03:03+05:30,Asia/Kolkata,UPSTOX,NIFTY,2026-09-01,65,6a859c1d530ea22a,0.0,False,24160.45,24160.45,24122.6,24188.3,24106.55,24090.85,10.77,24150,24150,24100,-60.45,BELOW_SPOT,,60.0,60.0,NSE_FO|46989,73326,26841,,104,1044450,3700,False,184.5,29.25,18.8406,13.26,True,184.5,390,184.9,390,,,184.7,0.4,0.0022,60.45,124.05,NSE_FO|46990,278791,194608,,-935,2041725,6612,False,41.6,-20.55,-33.0652,7.52,True,41.55,8125,41.7,10075,,,41.625,0.15,0.0036,0.0,41.6,3.8021,-167767
2.1.0,20260828_110303_000,2026-08-28T11:03:03+05:30,2026-08-28T11:03:03+05:30,Asia/Kolkata,UPSTOX,NIFTY,2026-09-01,65,6a859c1d530ea22a,0.0,False,24160.45,24160.45,24122.6,24188.3,24106.55,24090.85,10.77,24150,24150,24150,-10.45,ATM,,60.0,60.0,NSE_FO|46991,116852,56615,,29,1416046,5946,False,148.9,22.05,17.3827,12.54,True,148.85,130,148.9,195,,,148.875,0.05,0.0003,10.45,138.45,NSE_FO|46992,249850,195600,,-1613,2003110,9880,False,55.45,-23.5,-29.7657,7.03,True,55.4,6175,55.55,1105,,,55.475,0.15,0.0027,0.0,55.45,2.1382,-138985
2.1.0,20260828_110303_000,2026-08-28T11:03:03+05:30,2026-08-28T11:03:03+05:30,Asia/Kolkata,UPSTOX,NIFTY,2026-09-01,65,6a859c1d530ea22a,0.0,False,24160.45,24160.45,24122.6,24188.3,24106.55,24090.85,10.77,24150,24150,24200,39.55,ABOVE_SPOT,,60.0,60.0,NSE_FO|46993,246831,93143,,-1140,1958259,8921,False,117.05,18.3,18.5316,11.9,True,116.65,390,116.9,1560,,,116.775,0.25,0.0021,0.0,117.05,NSE_FO|46994,294208,193030,,-2433,1769282,9108,False,73.7,-29.1,-28.3074,6.51,True,73.75,585,73.9,455,,,73.825,0.15,0.002,39.55,34.15,1.1919,-99887
2.1.0,20260828_110303_000,2026-08-28T11:03:03+05:30,2026-08-28T11:03:03+05:30,Asia/Kolkata,UPSTOX,NIFTY,2026-09-01,65,6a859c1d530ea22a,0.0,False,24160.45,24160.45,24122.6,24188.3,24106.55,24090.85,10.77,24150,24150,24250,89.55,ABOVE_SPOT,,60.0,60.0,NSE_FO|46995,156210,67198,,435,1110844,6340,False,89.2,12.3,15.9948,11.41,True,89.2,130,89.35,585,,,89.275,0.15,0.0017,0.0,89.2,NSE_FO|46996,94020,53490,,-33,576376,3510,False,95.9,-32.95,-25.5724,5.74,True,95.8,260,95.9,195,,,95.85,0.1,0.001,89.55,6.35,0.6019,13708
2.1.0,20260828_110303_000,2026-08-28T11:03:03+05:30,2026-08-28T11:03:03+05:30,Asia/Kolkata,UPSTOX,NIFTY,2026-09-01,65,6a859c1d530ea22a,0.0,False,24160.45,24160.45,24122.6,24188.3,24106.55,24090.85,10.77,24150,24150,24300,139.55,ABOVE_SPOT,,60.0,60.0,NSE_FO|46997,260222,56892,,-1467,1416363,6328,False,66.2,8.25,14.2364,11.0,True,66.2,4225,66.4,4355,,,66.3,0.2,0.003,0.0,66.2,NSE_FO|46998,115020,38980,,-934,652134,2635,False,123.35,-39.0,-24.0222,4.5,True,122.8,195,123.1,1690,,,122.95,0.3,0.0024,139.55,-16.2,0.442,17912
2.1.0,20260828_110303_000,2026-08-28T11:03:03+05:30,2026-08-28T11:03:03+05:30,Asia/Kolkata,UPSTOX,NIFTY,2026-09-01,65,6a859c1d530ea22a,0.0,False,24160.45,24160.45,24122.6,24188.3,24106.55,24090.85,10.77,24150,24150,24350,189.55,ABOVE_SPOT,,60.0,60.0,NSE_FO|46999,166532,43217,,-96,762145,3531,False,47.6,4.05,9.2997,10.65,True,47.6,1950,47.75,4940,,,47.675,0.15,0.0031,0.0,47.6,NSE_FO|47000,34973,9433,,-181,141122,722,False,154.7,-40.3,-20.6667,0.0,False,154.35,585,154.75,455,,,154.55,0.4,0.0026,189.55,-34.85,0.21,33784
2.1.0,20260828_110303_000,2026-08-28T11:03:03+05:30,2026-08-28T11:03:03+05:30,Asia/Kolkata,UPSTOX,NIFTY,2026-09-01,65,6a859c1d530ea22a,0.0,False,24160.45,24160.45,24122.6,24188.3,24106.55,24090.85,10.77,24150,24150,24400,239.55,ABOVE_SPOT,,60.0,60.0,NSE_FO|47001,227348,39135,,15,948759,4712,False,33.6,1.8,5.6604,10.45,True,33.6,4615,33.7,7540,,,33.65,0.1,0.003,0.0,33.6,NSE_FO|47002,41486,6683,,-10,155787,695,False,190.7,-43.95,-18.73,0.0,False,190.15,1105,190.65,195,,,190.4,0.5,0.0026,239.55,-48.85,0.1825,32452
2.1.0,20260828_110310_607,2026-08-28T11:03:10+05:30,2026-08-28T11:03:10+05:30,Asia/Kolkata,UPSTOX,NIFTY,2026-09-01,65,498e2964046f12d2,0.0,False,24160.45,24160.35,24122.6,24188.3,24106.55,24090.85,10.76,24150,24150,23900,-260.45,BELOW_SPOT,,,,NSE_FO|46981,5007,1407,,0,24085,4,False,354.55,40.8,13.004,17.01,True,354.45,260,355.55,520,,,355.0,1.1,0.0031,260.45,94.1,NSE_FO|46982,114481,46498,,0,543329,84,False,12.65,-6.6,-34.2857,9.12,True,12.65,3770,12.7,23400,,,12.675,0.05,0.0039,0.0,12.65,22.8642,-45091
2.1.0,20260828_110310_607,2026-08-28T11:03:10+05:30,2026-08-28T11:03:10+05:30,Asia/Kolkata,UPSTOX,NIFTY,2026-09-01,65,498e2964046f12d2,0.0,False,24160.45,24160.35,24122.6,24188.3,24106.55,24090.85,10.76,24150,24150,23950,-210.45,BELOW_SPOT,,,,NSE_FO|46983,3783,1608,,0,23777,6,False,309.55,40.3,14.9675,15.91,True,308.25,325,309.1,260,,,308.675,0.85,0.0028,210.45,99.1,NSE_FO|46984,62233,30415,,0,396532,75,False,16.9,-8.65,-33.8552,8.73,True,16.95,4615,17.0,7605,,,16.975,0.05,0.0029,0.0,16.9,16.4507,-28807
2.1.0,20260828_110310_607,2026-08-28T11:03:10+05:30,2026-08-28T11:03:10+05:30,Asia/Kolkata,UPSTOX,NIFTY,2026-09-01,65,498e2964046f12d2,0.0,False,24160.45,24160.35,24122.6,24188.3,24106.55,24090.85,10.76,24150,24150,24000,-160.45,BELOW_SPOT,,,,NSE_FO|46985,32076,6019,,0,224050,29,False,266.3,38.55,16.9265,14.97,True,265.45,715,266.15,780,,,265.8,0.7,0.0026,160.45,105.85,NSE_FO|46986,206902,97584,,0,1164836,187,False,22.85,-12.25,-34.9003,8.33,True,22.75,13780,22.85,5850,,,22.8,0.1,0.0044,0.0,22.85,6.4504,-91565
2.1.0,20260828_110310_607,2026-08-28T11:03:10+05:30,2026-08-28T11:03:10+05:30,Asia/Kolkata,UPSTOX,NIFTY,2026-09-01,65,498e2964046f12d2,0.0,False,24160.45,24160.35,24122.6,24188.3,24106.55,24090.85,10.76,24150,24150,24050,-110.45,BELOW_SPOT,,,,NSE_FO|46987,15996,5573,,0,186359,19,False,222.9,31.6,16.5186,14.02,True,223.1,130,223.65,455,,,223.375,0.55,0.0025,110.45,112.45,NSE_FO|46988,108072,71126,,0,752022,128,False,30.8,-15.85,-33.9764,7.94,True,30.8,2665,30.9,4485,,,30.85,0.1,0.0032,0.0,30.8,6.7562,-65553
2.1.0,20260828_110310_607,2026-08-28T11:03:10+05:30,2026-08-28T11:03:10+05:30,Asia/Kolkata,UPSTOX,NIFTY,2026-09-01,65,498e2964046f12d2,0.0,False,24160.45,24160.35,24122.6,24188.3,24106.55,24090.85,10.76,24150,24150,24100,-60.45,BELOW_SPOT,,,,NSE_FO|46989,73326,26841,,0,1044648,198,False,183.95,28.7,18.4863,13.21,True,183.75,2665,184.0,1690,,,183.875,0.25,0.0014,60.45,123.5,NSE_FO|46990,278791,194608,,0,2042001,276,False,41.95,-20.2,-32.502,7.54,True,41.95,130,42.05,3900,,,42.0,0.1,0.0024,0.0,41.95,3.8021,-167767
2.1.0,20260828_110310_607,2026-08-28T11:03:10+05:30,2026-08-28T11:03:10+05:30,Asia/Kolkata,UPSTOX,NIFTY,2026-09-01,65,498e2964046f12d2,0.0,False,24160.45,24160.35,24122.6,24188.3,24106.55,24090.85,10.76,24150,24150,24150,-10.45,ATM,,,,NSE_FO|46991,116852,56615,,0,1416338,292,False,148.5,21.65,17.0674,12.5,True,148.5,325,148.8,260,,,148.65,0.3,0.002,10.45,138.05,NSE_FO|46992,249850,195600,,0,2003614,504,False,55.75,-23.2,-29.3857,7.05,True,55.6,2925,55.75,2470,,,55.675,0.15,0.0027,0.0,55.75,2.1382,-138985
2.1.0,20260828_110310_607,2026-08-28T11:03:10+05:30,2026-08-28T11:03:10+05:30,Asia/Kolkata,UPSTOX,NIFTY,2026-09-01,65,498e2964046f12d2,0.0,False,24160.45,24160.35,24122.6,24188.3,24106.55,24090.85,10.76,24150,24150,24200,39.55,ABOVE_SPOT,,,,NSE_FO|46993,246831,93143,,0,1958794,535,False,116.95,18.2,18.4304,11.89,True,116.25,1235,116.55,780,,,116.4,0.3,0.0026,0.0,116.95,NSE_FO|46994,294208,193030,,0,1769921,639,False,73.85,-28.95,-28.1615,6.53,True,74.0,1495,74.2,3185,,,74.1,0.2,0.0027,39.55,34.3,1.1919,-99887
2.1.0,20260828_110310_607,2026-08-28T11:03:10+05:30,2026-08-28T11:03:10+05:30,Asia/Kolkata,UPSTOX,NIFTY,2026-09-01,65,498e2964046f12d2,0.0,False,24160.45,24160.35,24122.6,24188.3,24106.55,24090.85,10.76,24150,24150,24250,89.55,ABOVE_SPOT,,,,NSE_FO|46995,156210,67198,,0,1111186,342,False,89.0,12.1,15.7347,11.38,True,88.75,2795,89.0,3380,,,88.875,0.25,0.0028,0.0,89.0,NSE_FO|46996,94020,53490,,0,576508,132,False,96.0,-32.85,-25.4948,5.78,True,96.25,260,96.5,2210,,,96.375,0.25,0.0026,89.55,6.45,0.6019,13708
2.1.0,20260828_110310_607,2026-08-28T11:03:10+05:30,2026-08-28T11:03:10+05:30,Asia/Kolkata,UPSTOX,NIFTY,2026-09-01,65,498e2964046f12d2,0.0,False,24160.45,24160.35,24122.6,24188.3,24106.55,24090.85,10.76,24150,24150,24300,139.55,ABOVE_SPOT,,,,NSE_FO|46997,260222,56892,,0,1416724,361,False,66.1,8.15,14.0638,10.97,True,65.7,65,65.8,2015,,,65.75,0.1,0.0015,0.0,66.1,NSE_FO|46998,115020,38980,,0,652422,288,False,123.4,-38.95,-23.9914,4.55,True,123.75,1755,124.0,13000,,,123.875,0.25,0.002,139.55,-16.15,0.442,17912
2.1.0,20260828_110310_607,2026-08-28T11:03:10+05:30,2026-08-28T11:03:10+05:30,Asia/Kolkata,UPSTOX,NIFTY,2026-09-01,65,498e2964046f12d2,0.0,False,24160.45,24160.35,24122.6,24188.3,24106.55,24090.85,10.76,24150,24150,24350,189.55,ABOVE_SPOT,,,,NSE_FO|46999,166532,43217,,0,762456,311,False,47.6,4.05,9.2997,10.65,True,47.6,3965,47.75,7410,,,47.675,0.15,0.0031,0.0,47.6,NSE_FO|47000,34973,9433,,0,141145,23,False,154.85,-40.15,-20.5897,0.0,False,154.5,715,154.85,1170,,,154.675,0.35,0.0023,189.55,-34.7,0.21,33784
2.1.0,20260828_110310_607,2026-08-28T11:03:10+05:30,2026-08-28T11:03:10+05:30,Asia/Kolkata,UPSTOX,NIFTY,2026-09-01,65,498e2964046f12d2,0.0,False,24160.45,24160.35,24122.6,24188.3,24106.55,24090.85,10.76,24150,24150,24400,239.55,ABOVE_SPOT,,,,NSE_FO|47001,227348,39135,,0,949011,252,False,33.7,1.9,5.9748,10.42,True,33.6,2730,33.7,6760,,,33.65,0.1,0.003,0.0,33.7,NSE_FO|47002,41486,6683,,0,155813,26,False,190.7,-43.95,-18.73,0.0,False,190.75,130,191.25,325,,,191.0,0.5,0.0026,239.55,-48.85,0.1825,32452
2.1.0,20260828_110403_001,2026-08-28T11:04:03+05:30,2026-08-28T11:04:03+05:30,Asia/Kolkata,UPSTOX,NIFTY,2026-09-01,65,b241feecf811c161,0.0,False,24158.55,24158.45,24122.6,24188.3,24106.55,24090.85,10.76,24150,24150,23900,-258.55,BELOW_SPOT,,53.0,53.0,NSE_FO|46981,5011,1411,,4,24121,36,False,353.0,39.25,12.51,17.26,True,353.0,65,353.5,195,,,353.25,0.5,0.0014,258.55,94.45,NSE_FO|46982,114653,46670,,172,544134,805,False,12.8,-6.45,-33.5065,9.12,True,12.8,19370,12.9,32110,,,12.85,0.1,0.0078,0.0,12.8,22.8803,-45259
2.1.0,20260828_110403_001,2026-08-28T11:04:03+05:30,2026-08-28T11:04:03+05:30,Asia/Kolkata,UPSTOX,NIFTY,2026-09-01,65,b241feecf811c161,0.0,False,24158.55,24158.45,24122.6,24188.3,24106.55,24090.85,10.76,24150,24150,23950,-208.55,BELOW_SPOT,,53.0,53.0,NSE_FO|46983,3780,1605,,-3,23800,23,False,308.0,38.75,14.3918,15.98,True,306.6,325,307.5,585,,,307.05,0.9,0.0029,208.55,99.45,NSE_FO|46984,62245,30427,,12,397300,768,False,17.2,-8.35,-32.681,8.73,True,17.15,16055,17.25,15860,,,17.2,0.1,0.0058,0.0,17.2,16.4669,-28822
2.1.0,20260828_110403_001,2026-08-28T11:04:03+05:30,2026-08-28T11:04:03+05:30,Asia/Kolkata,UPSTOX,NIFTY,2026-09-01,65,b241feecf811c161,0.0,False,24158.55,24158.45,24122.6,24188.3,24106.55,24090.85,10.76,24150,24150,24000,-158.55,BELOW_SPOT,,53.0,53.0,NSE_FO|46985,32084,6027,,8,224493,443,False,262.75,35.0,15.3677,14.89,True,263.0,65,263.45,195,,,263.225,0.45,0.0017,158.55,104.2,NSE_FO|46986,207165,97847,,263,1167270,2434,False,23.3,-11.8,-33.6182,8.34,True,23.25,6890,23.35,11115,,,23.3,0.1,0.0043,0.0,23.3,6.457,-91820
2.1.0,20260828_110403_001,2026-08-28T11:04:03+05:30,2026-08-28T11:04:03+05:30,Asia/Kolkata,UPSTOX,NIFTY,2026-09-01,65,b241feecf811c161,0.0,False,24158.55,24158.45,24122.6,24188.3,24106.55,24090.85,10.76,24150,24150,24050,-108.55,BELOW_SPOT,,53.0,53.0,NSE_FO|46987,16092,5669,,96,186642,283,False,221.75,30.45,15.9174,13.96,True,221.25,260,221.75,325,,,221.5,0.5,0.0023,108.55,113.2,NSE_FO|46988,107824,70878,,-248,753275,1253,False,31.3,-15.35,-32.9046,7.92,True,31.25,3055,31.3,65,,,31.275,0.05,0.0016,0.0,31.3,6.7005,-65209
2.1.0,20260828_110403_001,2026-08-28T11:04:03+05:30,2026-08-28T11:04:03+05:30,Asia/Kolkata,UPSTOX,NIFTY,2026-09-01,65,b241feecf811c161,0.0,False,24158.55,24158.45,24122.6,24188.3,24106.55,24090.85,10.76,24150,24150,24100,-58.55,BELOW_SPOT,,53.0,53.0,NSE_FO|46989,73883,27398,,557,1046873,2225,False,182.2,26.95,17.3591,13.21,True,182.25,195,182.7,520,,,182.475,0.45,0.0025,58.55,123.65,NSE_FO|46990,279878,195695,,1087,2047691,5690,False,42.5,-19.65,-31.6171,7.54,True,42.4,6565,42.5,3250,,,42.45,0.1,0.0024,0.0,42.5,3.7881,-168297
2.1.0,20260828_110403_001,2026-08-28T11:04:03+05:30,2026-08-28T11:04:03+05:30,Asia/Kolkata,UPSTOX,NIFTY,2026-09-01,65,b241feecf811c161,0.0,False,24158.55,24158.45,24122.6,24188.3,24106.55,24090.85,10.76,24150,24150,24150,-8.55,ATM,,53.0,53.0,NSE_FO|46991,117408,57171,,556,1418960,2622,False,146.3,19.45,15.3331,12.42,True,146.45,390,146.75,195,,,146.6,0.3,0.002,8.55,137.75,NSE_FO|46992,251646,197396,,1796,2010482,6868,False,56.7,-22.25,-28.1824,7.05,True,56.45,6305,56.65,4290,,,56.55,0.2,0.0035,0.0,56.7,2.1433,-140225
2.1.0,20260828_110403_001,2026-08-28T11:04:03+05:30,2026-08-28T11:04:03+05:30,Asia/Kolkata,UPSTOX,NIFTY,2026-09-01,65,b241feecf811c161,0.0,False,24158.55,24158.45,24122.6,24188.3,24106.55,24090.85,10.76,24150,24150,24200,41.45,ABOVE_SPOT,,53.0,53.0,NSE_FO|46993,247824,94136,,993,1964949,6155,False,115.05,16.3,16.5063,11.85,True,115.0,33865,115.1,130,,,115.05,0.1,0.0009,0.0,115.05,NSE_FO|46994,295212,194034,,1004,1775702,5781,False,75.15,-27.65,-26.8969,6.49,True,74.9,3770,75.15,4420,,,75.025,0.25,0.0033,41.45,33.7,1.1912,-99898
2.1.0,20260828_110403_001,2026-08-28T11:04:03+05:30,2026-08-28T11:04:03+05:30,Asia/Kolkata,UPSTOX,NIFTY,2026-09-01,65,b241feecf811c161,0.0,False,24158.55,24158.45,24122.6,24188.3,24106.55,24090.85,10.76,24150,24150,24250,91.45,ABOVE_SPOT,,53.0,53.0,NSE_FO|46995,156895,67883,,685,1113960,2774,False,87.4,10.5,13.6541,11.33,True,87.45,2535,87.7,2405,,,87.575,0.25,0.0029,0.0,87.4,NSE_FO|46996,94478,53948,,458,578398,1890,False,97.7,-31.15,-24.1754,5.72,True,97.3,2080,97.55,195,,,97.425,0.25,0.0026,91.45,6.25,0.6022,13935
2.1.0,20260828_110403_001,2026-08-28T11:04:03+05:30,2026-08-28T11:04:03+05:30,Asia/Kolkata,UPSTOX,NIFTY,2026-09-01,65,b241feecf811c161,0.0,False,24158.55,24158.45,24122.6,24188.3,24106.55,24090.85,10.76,24150,24150,24300,141.45,ABOVE_SPOT,,53.0,53.0,NSE_FO|46997,260675,57345,,453,1419826,3102,False,64.85,6.9,11.9068,10.94,True,64.7,4420,64.9,3705,,,64.8,0.2,0.0031,0.0,64.85,NSE_FO|46998,115475,39435,,455,653985,1563,False,124.95,-37.4,-23.0366,4.47,True,124.8,130,124.95,195,,,124.875,0.15,0.0012,141.45,-16.5,0.443,17910
2.1.0,20260828_110403_001,2026-08-28T11:04:03+05:30,2026-08-28T11:04:03+05:30,Asia/Kolkata,UPSTOX,NIFTY,2026-09-01,65,b241feecf811c161,0.0,False,24158.55,24158.45,24122.6,24188.3,24106.55,24090.85,10.76,24150,24150,24350,191.45,ABOVE_SPOT,,53.0,53.0,NSE_FO|46999,166691,43376,,159,764403,1947,False,46.5,2.95,6.7738,10.6,True,46.5,1040,46.55,1950,,,46.525,0.05,0.0011,0.0,46.5,NSE_FO|47000,35140,9600,,167,141732,587,False,156.65,-38.35,-19.6667,0.0,False,156.3,1235,156.65,130,,,156.475,0.35,0.0022,191.45,-34.8,0.2108,33776
2.1.0,20260828_110403_001,2026-08-28T11:04:03+05:30,2026-08-28T11:04:03+05:30,Asia/Kolkata,UPSTOX,NIFTY,2026-09-01,65,b241feecf811c161,0.0,False,24158.55,24158.45,24122.6,24188.3,24106.55,24090.85,10.76,24150,24150,24400,241.45,ABOVE_SPOT,,53.0,53.0,NSE_FO|47001,227422,39209,,74,951131,2120,False,32.85,1.05,3.3019,10.41,True,32.7,6695,32.8,2470,,,32.75,0.1,0.0031,0.0,32.85,NSE_FO|47002,41554,6751,,68,156180,367,False,193.0,-41.65,-17.7498,0.0,False,192.35,585,192.6,845,,,192.475,0.25,0.0013,241.45,-48.45,0.1827,32458
2.1.0,20260828_110502_999,2026-08-28T11:05:02+05:30,2026-08-28T11:05:02+05:30,Asia/Kolkata,UPSTOX,NIFTY,2026-09-01,65,efb240d7a075a738,0.0,False,24160.5,24159.9,24122.6,24188.3,24106.55,24090.85,10.74,24150,24150,23900,-260.5,BELOW_SPOT,,59.0,59.0,NSE_FO|46981,5018,1418,,7,24156,35,False,358.1,44.35,14.1355,17.33,True,356.75,130,357.75,195,,,357.25,1.0,0.0028,260.5,97.6,NSE_FO|46982,114800,46817,,147,545323,1189,False,12.25,-7.0,-36.3636,9.08,True,12.25,25805,12.35,17875,,,12.3,0.1,0.0081,0.0,12.25,22.8776,-45399
2.1.0,20260828_110502_999,2026-08-28T11:05:02+05:30,2026-08-28T11:05:02+05:30,Asia/Kolkata,UPSTOX,NIFTY,2026-09-01,65,efb240d7a075a738,0.0,False,24160.5,24159.9,24122.6,24188.3,24106.55,24090.85,10.74,24150,24150,23950,-210.5,BELOW_SPOT,,59.0,59.0,NSE_FO|46983,3776,1601,,-4,23805,5,False,312.3,43.05,15.9889,16.07,True,311.6,260,312.45,260,,,312.025,0.85,0.0027,210.5,101.8,NSE_FO|46984,62163,30345,,-82,398676,1376,False,16.35,-9.2,-36.0078,8.65,True,16.4,7150,16.45,2470,,,16.425,0.05,0.003,0.0,16.35,16.4627,-28744
2.1.0,20260828_110502_999,2026-08-28T11:05:02+05:30,2026-08-28T11:05:02+05:30,Asia/Kolkata,UPSTOX,NIFTY,2026-09-01,65,efb240d7a075a738,0.0,False,24160.5,24159.9,24122.6,24188.3,24106.55,24090.85,10.74,24150,24150,24000,-160.5,BELOW_SPOT,,59.0,59.0,NSE_FO|46985,31969,5912,,-115,224854,361,False,266.95,39.2,17.2119,15.21,True,267.55,650,268.2,455,,,267.875,0.65,0.0024,160.5,106.45,NSE_FO|46986,207351,98033,,186,1170300,3030,False,22.25,-12.85,-36.6097,8.29,True,22.25,2275,22.3,1430,,,22.275,0.05,0.0022,0.0,22.25,6.486,-92121
2.1.0,20260828_110502_999,2026-08-28T11:05:02+05:30,2026-08-28T11:05:02+05:30,Asia/Kolkata,UPSTOX,NIFTY,2026-09-01,65,efb240d7a075a738,0.0,False,24160.5,24159.9,24122.6,24188.3,24106.55,24090.85,10.74,24150,24150,24050,-110.5,BELOW_SPOT,,59.0,59.0,NSE_FO|46987,16115,5692,,23,186939,297,False,225.1,33.8,17.6686,14.21,True,225.4,130,225.95,195,,,225.675,0.55,0.0024,110.5,114.6,NSE_FO|46988,108100,71154,,276,756780,3505,False,29.9,-16.75,-35.9057,7.85,True,29.9,10270,30.0,1365,,,29.95,0.1,0.0033,0.0,29.9,6.708,-65462
2.1.0,20260828_110502_999,2026-08-28T11:05:02+05:30,2026-08-28T11:05:02+05:30,Asia/Kolkata,UPSTOX,NIFTY,2026-09-01,65,efb240d7a075a738,0.0,False,24160.5,24159.9,24122.6,24188.3,24106.55,24090.85,10.74,24150,24150,24100,-60.5,BELOW_SPOT,,59.0,59.0,NSE_FO|46989,74113,27628,,230,1048731,1858,False,186.15,30.9,19.9034,13.42,True,185.5,390,186.0,1885,,,185.75,0.5,0.0027,60.5,125.65,NSE_FO|46990,280746,196563,,868,2053454,5763,False,40.85,-21.3,-34.2719,7.45,True,40.8,2665,40.9,780,,,40.85,0.1,0.0024,0.0,40.85,3.7881,-168935
2.1.0,20260828_110502_999,2026-08-28T11:05:02+05:30,2026-08-28T11:05:02+05:30,Asia/Kolkata,UPSTOX,NIFTY,2026-09-01,65,efb240d7a075a738,0.0,False,24160.5,24159.9,24122.6,24188.3,24106.55,24090.85,10.74,24150,24150,24150,-10.5,ATM,,59.0,59.0,NSE_FO|46991,117619,57382,,211,1422407,3447,False,150.0,23.15,18.2499,12.63,True,149.3,65,149.6,325,,,149.45,0.3,0.002,10.5,139.5,NSE_FO|46992,252729,198479,,1083,2019358,8876,False,54.3,-24.65,-31.2223,6.95,True,54.45,5590,54.6,845,,,54.525,0.15,0.0028,0.0,54.3,2.1487,-141097
2.1.0,20260828_110502_999,2026-08-28T11:05:02+05:30,2026-08-28T11:05:02+05:30,Asia/Kolkata,UPSTOX,NIFTY,2026-09-01,65,efb240d7a075a738,0.0,False,24160.5,24159.9,24122.6,24188.3,24106.55,24090.85,10.74,24150,24150,24200,39.5,ABOVE_SPOT,,59.0,59.0,NSE_FO|46993,247979,94291,,155,1969549,4600,False,117.8,19.05,19.2911,11.96,True,117.5,1170,117.8,2145,,,117.65,0.3,0.0025,0.0,117.8,NSE_FO|46994,295501,194323,,289,1782770,7068,False,72.25,-30.55,-29.7179,6.39,True,72.3,1365,72.5,4745,,,72.4,0.2,0.0028,39.5,32.75,1.1916,-100032
2.1.0,20260828_110502_999,2026-08-28T11:05:02+05:30,2026-08-28T11:05:02+05:30,Asia/Kolkata,UPSTOX,NIFTY,2026-09-01,65,efb240d7a075a738,0.0,False,24160.5,24159.9,24122.6,24188.3,24106.55,24090.85,10.74,24150,24150,24250,89.5,ABOVE_SPOT,,59.0,59.0,NSE_FO|46995,157103,68091,,208,1117843,3883,False,89.95,13.05,16.9701,11.47,True,89.6,260,89.8,3315,,,89.7,0.2,0.0022,0.0,89.95,NSE_FO|46996,94427,53897,,-51,581093,2695,False,94.25,-34.6,-26.8529,5.61,True,94.35,650,94.55,260,,,94.45,0.2,0.0021,89.5,4.75,0.6011,14194
2.1.0,20260828_110502_999,2026-08-28T11:05:02+05:30,2026-08-28T11:05:02+05:30,Asia/Kolkata,UPSTOX,NIFTY,2026-09-01,65,efb240d7a075a738,0.0,False,24160.5,24159.9,24122.6,24188.3,24106.55,24090.85,10.74,24150,24150,24300,139.5,ABOVE_SPOT,,59.0,59.0,NSE_FO|46997,260894,57564,,219,1423644,3818,False,66.5,8.55,14.7541,11.03,True,66.6,650,66.75,1560,,,66.675,0.15,0.0022,0.0,66.5,NSE_FO|46998,115374,39334,,-101,656147,2162,False,121.2,-41.15,-25.3465,4.24,True,120.9,1235,121.2,845,,,121.05,0.3,0.0025,139.5,-18.3,0.4422,18230
2.1.0,20260828_110502_999,2026-08-28T11:05:02+05:30,2026-08-28T11:05:02+05:30,Asia/Kolkata,UPSTOX,NIFTY,2026-09-01,65,efb240d7a075a738,0.0,False,24160.5,24159.9,24122.6,24188.3,24106.55,24090.85,10.74,24150,24150,24350,189.5,ABOVE_SPOT,,59.0,59.0,NSE_FO|46999,166550,43235,,-141,766071,1668,False,47.8,4.25,9.7589,10.7,True,47.9,3965,48.05,4810,,,47.975,0.15,0.0031,0.0,47.8,NSE_FO|47000,35187,9647,,47,142150,418,False,152.8,-42.2,-21.641,0.0,False,152.1,1300,152.5,520,,,152.3,0.4,0.0026,189.5,-36.7,0.2113,33588
2.1.0,20260828_110502_999,2026-08-28T11:05:02+05:30,2026-08-28T11:05:02+05:30,Asia/Kolkata,UPSTOX,NIFTY,2026-09-01,65,efb240d7a075a738,0.0,False,24160.5,24159.9,24122.6,24188.3,24106.55,24090.85,10.74,24150,24150,24400,239.5,ABOVE_SPOT,,59.0,59.0,NSE_FO|47001,227356,39143,,-66,952852,1721,False,33.65,1.85,5.8176,10.45,True,33.7,390,33.8,8905,,,33.75,0.1,0.003,0.0,33.65,NSE_FO|47002,41612,6809,,58,156675,495,False,188.55,-46.1,-19.6463,0.0,False,187.85,715,188.3,390,,,188.075,0.45,0.0024,239.5,-50.95,0.183,32334
2.1.0,20260828_110603_000,2026-08-28T11:06:03+05:30,2026-08-28T11:06:03+05:30,Asia/Kolkata,UPSTOX,NIFTY,2026-09-01,65,8430cf33823f345e,0.0,False,24157.45,24157.2,24122.6,24188.3,24106.55,24090.85,10.74,24150,24150,23900,-257.45,BELOW_SPOT,,61.0,61.0,NSE_FO|46981,5011,1411,,-7,24173,17,False,356.75,43.0,13.7052,17.33,True,354.85,195,355.75,130,,,355.3,0.9,0.0025,257.45,99.3,NSE_FO|46982,114949,46966,,149,546485,1162,False,12.55,-6.7,-34.8052,9.11,True,12.55,11115,12.6,6240,,,12.575,0.05,0.004,0.0,12.55,22.9393,-45555
2.1.0,20260828_110603_000,2026-08-28T11:06:03+05:30,2026-08-28T11:06:03+05:30,Asia/Kolkata,UPSTOX,NIFTY,2026-09-01,65,8430cf33823f345e,0.0,False,24157.45,24157.2,24122.6,24188.3,24106.55,24090.85,10.74,24150,24150,23950,-207.45,BELOW_SPOT,,61.0,61.0,NSE_FO|46983,3776,1601,,0,23831,26,False,310.7,41.45,15.3946,16.16,True,308.85,260,309.65,260,,,309.25,0.8,0.0026,207.45,103.25,NSE_FO|46984,62421,30603,,258,399611,935,False,16.8,-8.75,-34.2466,8.7,True,16.8,2665,16.85,21710,,,16.825,0.05,0.003,0.0,16.8,16.531,-29002
2.1.0,20260828_110603_000,2026-08-28T11:06:03+05:30,2026-08-28T11:06:03+05:30,Asia/Kolkata,UPSTOX,NIFTY,2026-09-01,65,8430cf33823f345e,0.0,False,24157.45,24157.2,24122.6,24188.3,24106.55,24090.85,10.74,24150,24150,24000,-157.45,BELOW_SPOT,,61.0,61.0,NSE_FO|46985,32032,5975,,63,225214,360,False,265.7,37.95,16.663,15.08,True,266.15,585,266.45,65,,,266.3,0.3,0.0011,157.45,108.25,NSE_FO|46986,207916,98598,,565,1173383,3083,False,22.8,-12.3,-35.0427,8.29,True,22.55,4940,22.65,13130,,,22.6,0.1,0.0044,0.0,22.8,6.4909,-92623
2.1.0,20260828_110603_000,2026-08-28T11:06:03+05:30,2026-08-28T11:06:03+05:30,Asia/Kolkata,UPSTOX,NIFTY,2026-09-01,65,8430cf33823f345e,0.0,False,24157.45,24157.2,24122.6,24188.3,24106.55,24090.85,10.74,24150,24150,24050,-107.45,BELOW_SPOT,,61.0,61.0,NSE_FO|46987,16029,5606,,-86,187174,235,False,224.05,32.75,17.1197,14.13,True,223.85,130,224.4,780,,,224.125,0.55,0.0025,107.45,116.6,NSE_FO|46988,109265,72319,,1165,758531,1751,False,30.6,-16.05,-34.4051,7.89,True,30.4,325,30.45,1170,,,30.425,0.05,0.0016,0.0,30.6,6.8167,-66713
2.1.0,20260828_110603_000,2026-08-28T11:06:03+05:30,2026-08-28T11:06:03+05:30,Asia/Kolkata,UPSTOX,NIFTY,2026-09-01,65,8430cf33823f345e,0.0,False,24157.45,24157.2,24122.6,24188.3,24106.55,24090.85,10.74,24150,24150,24100,-57.45,BELOW_SPOT,,61.0,61.0,NSE_FO|46989,74053,27568,,-60,1050697,1966,False,184.3,29.05,18.7118,13.24,True,184.0,1560,184.45,845,,,184.225,0.45,0.0024,57.45,126.85,NSE_FO|46990,282390,198207,,1644,2058580,5126,False,41.7,-20.45,-32.9043,7.48,True,41.5,6695,41.6,2015,,,41.55,0.1,0.0024,0.0,41.7,3.8133,-170639
2.1.0,20260828_110603_000,2026-08-28T11:06:03+05:30,2026-08-28T11:06:03+05:30,Asia/Kolkata,UPSTOX,NIFTY,2026-09-01,65,8430cf33823f345e,0.0,False,24157.45,24157.2,24122.6,24188.3,24106.55,24090.85,10.74,24150,24150,24150,-7.45,ATM,,61.0,61.0,NSE_FO|46991,117416,57179,,-203,1425383,2976,False,148.0,21.15,16.6732,12.57,True,148.6,845,149.0,1560,,,148.8,0.4,0.0027,7.45,140.55,NSE_FO|46992,253263,199013,,534,2025605,6247,False,55.35,-23.6,-29.8923,6.98,True,55.05,455,55.2,9360,,,55.125,0.15,0.0027,0.0,55.35,2.157,-141834
2.1.0,20260828_110603_000,2026-08-28T11:06:03+05:30,2026-08-28T11:06:03+05:30,Asia/Kolkata,UPSTOX,NIFTY,2026-09-01,65,8430cf33823f345e,0.0,False,24157.45,24157.2,24122.6,24188.3,24106.55,24090.85,10.74,24150,24150,24200,42.55,ABOVE_SPOT,,61.0,61.0,NSE_FO|46993,247940,94252,,-39,1973851,4302,False,116.35,17.6,17.8228,11.92,True,116.5,390,116.75,455,,,116.625,0.25,0.0021,0.0,116.35,NSE_FO|46994,295222,194044,,-279,1787140,4370,False,73.5,-29.3,-28.5019,6.43,True,73.25,1495,73.45,3575,,,73.35,0.2,0.0027,42.55,30.95,1.1907,-99792
2.1.0,20260828_110603_000,2026-08-28T11:06:03+05:30,2026-08-28T11:06:03+05:30,Asia/Kolkata,UPSTOX,NIFTY,2026-09-01,65,8430cf33823f345e,0.0,False,24157.45,24157.2,24122.6,24188.3,24106.55,24090.85,10.74,24150,24150,24250,92.55,ABOVE_SPOT,,61.0,61.0,NSE_FO|46995,156701,67689,,-402,1120690,2847,False,88.4,11.5,14.9545,11.4,True,88.8,1170,88.9,65,,,88.85,0.1,0.0011,0.0,88.4,NSE_FO|46996,94410,53880,,-17,582698,1605,False,95.35,-33.5,-25.9992,5.63,True,95.65,1820,95.95,1560,,,95.8,0.3,0.0031,92.55,2.8,0.6025,13809
2.1.0,20260828_110603_000,2026-08-28T11:06:03+05:30,2026-08-28T11:06:03+05:30,Asia/Kolkata,UPSTOX,NIFTY,2026-09-01,65,8430cf33823f345e,0.0,False,24157.45,24157.2,24122.6,24188.3,24106.55,24090.85,10.74,24150,24150,24300,142.55,ABOVE_SPOT,,61.0,61.0,NSE_FO|46997,260581,57251,,-313,1426496,2852,False,65.6,7.65,13.201,10.96,True,65.55,195,65.65,2405,,,65.6,0.1,0.0015,0.0,65.6,NSE_FO|46998,115303,39263,,-71,658042,1895,False,123.0,-39.35,-24.2378,4.33,True,122.9,195,123.15,520,,,123.025,0.25,0.002,142.55,-19.55,0.4425,17988
2.1.0,20260828_110603_000,2026-08-28T11:06:03+05:30,2026-08-28T11:06:03+05:30,Asia/Kolkata,UPSTOX,NIFTY,2026-09-01,65,8430cf33823f345e,0.0,False,24157.45,24157.2,24122.6,24188.3,24106.55,24090.85,10.74,24150,24150,24350,192.55,ABOVE_SPOT,,61.0,61.0,NSE_FO|46999,166898,43583,,348,767798,1727,False,47.05,3.5,8.0367,10.64,True,47.3,3575,47.45,4550,,,47.375,0.15,0.0032,0.0,47.05,NSE_FO|47000,35167,9627,,-20,142716,566,False,154.6,-40.4,-20.7179,0.0,False,153.65,520,154.0,325,,,153.825,0.35,0.0023,192.55,-37.95,0.2107,33956
2.1.0,20260828_110603_000,2026-08-28T11:06:03+05:30,2026-08-28T11:06:03+05:30,Asia/Kolkata,UPSTOX,NIFTY,2026-09-01,65,8430cf33823f345e,0.0,False,24157.45,24157.2,24122.6,24188.3,24106.55,24090.85,10.74,24150,24150,24400,242.55,ABOVE_SPOT,,61.0,61.0,NSE_FO|47001,227556,39343,,200,955021,2169,False,33.15,1.35,4.2453,10.42,True,33.35,6695,33.45,845,,,33.4,0.1,0.003,0.0,33.15,NSE_FO|47002,41664,6861,,52,156944,269,False,189.95,-44.7,-19.0496,0.0,False,189.5,130,189.85,65,,,189.675,0.35,0.0018,242.55,-52.6,0.1831,32482
2.1.0,20260828_110703_000,2026-08-28T11:07:03+05:30,2026-08-28T11:07:03+05:30,Asia/Kolkata,UPSTOX,NIFTY,2026-09-01,65,56c87f59f6f25677,0.0,False,24154.95,24154.95,24122.6,24188.3,24106.55,24090.85,10.77,24150,24150,23900,-254.95,BELOW_SPOT,,60.0,60.0,NSE_FO|46981,5012,1412,,1,24204,31,False,351.1,37.35,11.9044,17.06,True,350.1,65,350.9,325,,,350.5,0.8,0.0023,254.95,96.15,NSE_FO|46982,114704,46721,,-245,548311,1826,False,13.0,-6.25,-32.4675,9.08,True,13.0,65,13.05,21125,,,13.025,0.05,0.0038,0.0,13.0,22.8859,-45309
2.1.0,20260828_110703_000,2026-08-28T11:07:03+05:30,2026-08-28T11:07:03+05:30,Asia/Kolkata,UPSTOX,NIFTY,2026-09-01,65,56c87f59f6f25677,0.0,False,24154.95,24154.95,24122.6,24188.3,24106.55,24090.85,10.77,24150,24150,23950,-204.95,BELOW_SPOT,,60.0,60.0,NSE_FO|46983,3772,1597,,-4,23860,29,False,304.4,35.15,13.0548,15.95,True,304.35,195,305.15,260,,,304.75,0.8,0.0026,204.95,99.45,NSE_FO|46984,62372,30554,,-49,400764,1153,False,17.35,-8.2,-32.0939,8.68,True,17.4,8840,17.5,25870,,,17.45,0.1,0.0057,0.0,17.35,16.5355,-28957
2.1.0,20260828_110703_000,2026-08-28T11:07:03+05:30,2026-08-28T11:07:03+05:30,Asia/Kolkata,UPSTOX,NIFTY,2026-09-01,65,56c87f59f6f25677,0.0,False,24154.95,24154.95,24122.6,24188.3,24106.55,24090.85,10.77,24150,24150,24000,-154.95,BELOW_SPOT,,60.0,60.0,NSE_FO|46985,32073,6016,,41,225644,430,False,261.0,33.25,14.5993,14.91,True,261.0,325,261.4,780,,,261.2,0.4,0.0015,154.95,106.05,NSE_FO|46986,208153,98835,,237,1177680,4297,False,23.65,-11.45,-32.6211,8.32,True,23.6,4160,23.65,195,,,23.625,0.05,0.0021,0.0,23.65,6.49,-92819
2.1.0,20260828_110703_000,2026-08-28T11:07:03+05:30,2026-08-28T11:07:03+05:30,Asia/Kolkata,UPSTOX,NIFTY,2026-09-01,65,56c87f59f6f25677,0.0,False,24154.95,24154.95,24122.6,24188.3,24106.55,24090.85,10.77,24150,24150,24050,-104.95,BELOW_SPOT,,60.0,60.0,NSE_FO|46987,16013,5590,,-16,187626,452,False,219.55,28.25,14.7674,13.95,True,219.25,65,219.75,130,,,219.5,0.5,0.0023,104.95,114.6,NSE_FO|46988,109882,72936,,617,762467,3936,False,31.75,-14.9,-31.94,7.89,True,31.65,5590,31.75,2015,,,31.7,0.1,0.0032,0.0,31.75,6.862,-67346
2.1.0,20260828_110703_000,2026-08-28T11:07:03+05:30,2026-08-28T11:07:03+05:30,Asia/Kolkata,UPSTOX,NIFTY,2026-09-01,65,56c87f59f6f25677,0.0,False,24154.95,24154.95,24122.6,24188.3,24106.55,24090.85,10.77,24150,24150,24100,-54.95,BELOW_SPOT,,60.0,60.0,NSE_FO|46989,74377,27892,,324,1053461,2764,False,180.25,25.0,16.1031,13.17,True,180.2,650,180.65,585,,,180.425,0.45,0.0025,54.95,125.3,NSE_FO|46990,283003,198820,,613,2064839,6259,False,43.05,-19.1,-30.7321,7.49,True,43.05,4095,43.2,4745,,,43.125,0.15,0.0035,0.0,43.05,3.805,-170928
2.1.0,20260828_110703_000,2026-08-28T11:07:03+05:30,2026-08-28T11:07:03+05:30,Asia/Kolkata,UPSTOX,NIFTY,2026-09-01,65,56c87f59f6f25677,0.0,False,24154.95,24154.95,24122.6,24188.3,24106.55,24090.85,10.77,24150,24150,24150,-4.95,ATM,,60.0,60.0,NSE_FO|46991,117650,57413,,234,1430156,4773,False,145.0,18.15,14.3082,12.45,True,144.65,1105,144.85,325,,,144.75,0.2,0.0014,4.95,140.05,NSE_FO|46992,253772,199522,,509,2034074,8469,False,57.5,-21.45,-27.1691,7.0,True,57.4,1040,57.5,975,,,57.45,0.1,0.0017,0.0,57.5,2.157,-142109
2.1.0,20260828_110703_000,2026-08-28T11:07:03+05:30,2026-08-28T11:07:03+05:30,Asia/Kolkata,UPSTOX,NIFTY,2026-09-01,65,56c87f59f6f25677,0.0,False,24154.95,24154.95,24122.6,24188.3,24106.55,24090.85,10.77,24150,24150,24200,45.05,ABOVE_SPOT,,60.0,60.0,NSE_FO|46993,248662,94974,,722,1981088,7237,False,113.8,15.05,15.2405,11.89,True,113.55,2340,113.8,260,,,113.675,0.25,0.0022,0.0,113.8,NSE_FO|46994,296143,194965,,921,1795306,8166,False,76.0,-26.8,-26.07,6.44,True,75.75,4680,76.0,4940,,,75.875,0.25,0.0033,45.05,30.95,1.1909,-99991
2.1.0,20260828_110703_000,2026-08-28T11:07:03+05:30,2026-08-28T11:07:03+05:30,Asia/Kolkata,UPSTOX,NIFTY,2026-09-01,65,56c87f59f6f25677,0.0,False,24154.95,24154.95,24122.6,24188.3,24106.55,24090.85,10.77,24150,24150,24250,95.05,ABOVE_SPOT,,60.0,60.0,NSE_FO|46995,157712,68700,,1011,1127377,6687,False,86.35,9.45,12.2887,11.37,True,86.15,195,86.35,4030,,,86.25,0.2,0.0023,0.0,86.35,NSE_FO|46996,94751,54221,,341,585451,2753,False,98.45,-30.4,-23.5933,5.62,True,98.65,1430,98.9,1690,,,98.775,0.25,0.0025,95.05,3.4,0.6008,14479
2.1.0,20260828_110703_000,2026-08-28T11:07:03+05:30,2026-08-28T11:07:03+05:30,Asia/Kolkata,UPSTOX,NIFTY,2026-09-01,65,56c87f59f6f25677,0.0,False,24154.95,24154.95,24122.6,24188.3,24106.55,24090.85,10.77,24150,24150,24300,145.05,ABOVE_SPOT,,60.0,60.0,NSE_FO|46997,261308,57978,,727,1431841,5345,False,63.8,5.85,10.0949,10.96,True,63.75,2665,63.85,3575,,,63.8,0.1,0.0016,0.0,63.8,NSE_FO|46998,115521,39481,,218,660538,2496,False,125.95,-36.4,-22.4207,4.24,True,126.45,130,126.6,1495,,,126.525,0.15,0.0012,145.05,-19.1,0.4421,18497
2.1.0,20260828_110703_000,2026-08-28T11:07:03+05:30,2026-08-28T11:07:03+05:30,Asia/Kolkata,UPSTOX,NIFTY,2026-09-01,65,56c87f59f6f25677,0.0,False,24154.95,24154.95,24122.6,24188.3,24106.55,24090.85,10.77,24150,24150,24350,195.05,ABOVE_SPOT,,60.0,60.0,NSE_FO|46999,166986,43671,,88,770941,3143,False,45.7,2.15,4.9369,10.59,True,45.7,130,45.75,4680,,,45.725,0.05,0.0011,0.0,45.7,NSE_FO|47000,35334,9794,,167,143571,855,False,158.0,-37.0,-18.9744,0.0,False,157.85,715,158.25,325,,,158.05,0.4,0.0025,195.05,-37.05,0.2116,33877
2.1.0,20260828_110703_000,2026-08-28T11:07:03+05:30,2026-08-28T11:07:03+05:30,Asia/Kolkata,UPSTOX,NIFTY,2026-09-01,65,56c87f59f6f25677,0.0,False,24154.95,24154.95,24122.6,24188.3,24106.55,24090.85,10.77,24150,24150,24400,245.05,ABOVE_SPOT,,60.0,60.0,NSE_FO|47001,227887,39674,,331,959108,4087,False,32.1,0.3,0.9434,10.39,True,32.1,7150,32.2,715,,,32.15,0.1,0.0031,0.0,32.1,NSE_FO|47002,41742,6939,,78,157657,713,False,194.75,-39.9,-17.004,0.0,False,194.2,325,194.65,195,,,194.425,0.45,0.0023,245.05,-50.3,0.1832,32735
2.1.0,20260828_110803_000,2026-08-28T11:08:03+05:30,2026-08-28T11:08:03+05:30,Asia/Kolkata,UPSTOX,NIFTY,2026-09-01,65,0e46395dd88eb6d2,0.0,False,24151.0,24151.0,24122.6,24188.3,24106.55,24090.85,10.69,24150,24150,23900,-251.0,BELOW_SPOT,,60.0,60.0,NSE_FO|46981,4991,1391,,-21,24344,140,False,348.4,34.65,11.0438,17.18,True,347.45,130,348.35,260,,,347.9,0.9,0.0026,251.0,97.4,NSE_FO|46982,114773,46790,,69,550823,2512,False,13.1,-6.15,-31.9481,9.0,True,13.05,15665,13.1,390,,,13.075,0.05,0.0038,0.0,13.1,22.996,-45399
2.1.0,20260828_110803_000,2026-08-28T11:08:03+05:30,2026-08-28T11:08:03+05:30,Asia/Kolkata,UPSTOX,NIFTY,2026-09-01,65,0e46395dd88eb6d2,0.0,False,24151.0,24151.0,24122.6,24188.3,24106.55,24090.85,10.69,24150,24150,23950,-201.0,BELOW_SPOT,,60.0,60.0,NSE_FO|46983,3728,1553,,-44,24014,154,False,302.3,33.05,12.2748,15.98,True,301.9,390,302.75,455,,,302.325,0.85,0.0028,201.0,101.3,NSE_FO|46984,62318,30500,,-54,402493,1729,False,17.6,-7.95,-31.1155,8.61,True,17.5,8840,17.55,1105,,,17.525,0.05,0.0029,0.0,17.6,16.7162,-28947
2.1.0,20260828_110803_000,2026-08-28T11:08:03+05:30,2026-08-28T11:08:03+05:30,Asia/Kolkata,UPSTOX,NIFTY,2026-09-01,65,0e46395dd88eb6d2,0.0,False,24151.0,24151.0,24122.6,24188.3,24106.55,24090.85,10.69,24150,24150,24000,-151.0,BELOW_SPOT,,60.0,60.0,NSE_FO|46985,32077,6020,,4,226979,1335,False,258.3,30.55,13.4138,15.06,True,258.4,260,258.95,585,,,258.675,0.55,0.0021,151.0,107.3,NSE_FO|46986,206134,96816,,-2019,1186975,9295,False,23.9,-11.2,-31.9088,8.22,True,23.8,7995,23.9,13585,,,23.85,0.1,0.0042,0.0,23.9,6.4262,-90796
2.1.0,20260828_110803_000,2026-08-28T11:08:03+05:30,2026-08-28T11:08:03+05:30,Asia/Kolkata,UPSTOX,NIFTY,2026-09-01,65,0e46395dd88eb6d2,0.0,False,24151.0,24151.0,24122.6,24188.3,24106.55,24090.85,10.69,24150,24150,24050,-101.0,BELOW_SPOT,,60.0,60.0,NSE_FO|46987,15752,5329,,-261,188870,1244,False,216.7,25.4,13.2776,14.08,True,216.75,390,217.3,520,,,217.025,0.55,0.0025,101.0,115.7,NSE_FO|46988,110503,73557,,621,767157,4690,False,32.2,-14.45,-30.9753,7.78,True,32.1,520,32.2,6825,,,32.15,0.1,0.0031,0.0,32.2,7.0152,-68228
2.1.0,20260828_110803_000,2026-08-28T11:08:03+05:30,2026-08-28T11:08:03+05:30,Asia/Kolkata,UPSTOX,NIFTY,2026-09-01,65,0e46395dd88eb6d2,0.0,False,24151.0,24151.0,24122.6,24188.3,24106.55,24090.85,10.69,24150,24150,24100,-51.0,BELOW_SPOT,,60.0,60.0,NSE_FO|46989,74043,27558,,-334,1059641,6180,False,178.65,23.4,15.0725,13.2,True,178.2,195,178.6,1105,,,178.4,0.4,0.0022,51.0,127.65,NSE_FO|46990,279711,195528,,-3292,2077824,12985,False,43.55,-18.6,-29.9276,7.39,True,43.6,4290,43.75,9555,,,43.675,0.15,0.0034,0.0,43.55,3.7777,-167970
2.1.0,20260828_110803_000,2026-08-28T11:08:03+05:30,2026-08-28T11:08:03+05:30,Asia/Kolkata,UPSTOX,NIFTY,2026-09-01,65,0e46395dd88eb6d2,0.0,False,24151.0,24151.0,24122.6,24188.3,24106.55,24090.85,10.69,24150,24150,24150,-1.0,ATM,,60.0,60.0,NSE_FO|46991,117516,57279,,-134,1438725,8569,False,143.25,16.4,12.9287,12.54,True,142.95,195,143.25,455,,,143.1,0.3,0.0021,1.0,142.25,NSE_FO|46992,249158,194908,,-4614,2053838,19764,False,58.1,-20.85,-26.4091,6.88,True,58.05,4550,58.25,4875,,,58.15,0.2,0.0034,0.0,58.1,2.1202,-137629
2.1.0,20260828_110803_000,2026-08-28T11:08:03+05:30,2026-08-28T11:08:03+05:30,Asia/Kolkata,UPSTOX,NIFTY,2026-09-01,65,0e46395dd88eb6d2,0.0,False,24151.0,24151.0,24122.6,24188.3,24106.55,24090.85,10.69,24150,24150,24200,49.0,ABOVE_SPOT,,60.0,60.0,NSE_FO|46993,249046,95358,,384,1996339,15251,False,111.8,13.05,13.2152,11.92,True,111.8,390,111.95,260,,,111.875,0.15,0.0013,0.0,111.8,NSE_FO|46994,295334,194156,,-809,1813637,18331,False,77.25,-25.55,-24.8541,6.31,True,77.1,520,77.15,65,,,77.125,0.05,0.0006,49.0,28.25,1.1859,-98798
2.1.0,20260828_110803_000,2026-08-28T11:08:03+05:30,2026-08-28T11:08:03+05:30,Asia/Kolkata,UPSTOX,NIFTY,2026-09-01,65,0e46395dd88eb6d2,0.0,False,24151.0,24151.0,24122.6,24188.3,24106.55,24090.85,10.69,24150,24150,24250,99.0,ABOVE_SPOT,,60.0,60.0,NSE_FO|46995,157769,68757,,57,1138426,11049,False,85.1,8.2,10.6632,11.4,True,84.9,130,85.05,1690,,,84.975,0.15,0.0018,0.0,85.1,NSE_FO|46996,94755,54225,,4,592587,7136,False,100.0,-28.85,-22.3904,5.46,True,99.95,1560,100.2,260,,,100.075,0.25,0.0025,99.0,1.0,0.6006,14532
2.1.0,20260828_110803_000,2026-08-28T11:08:03+05:30,2026-08-28T11:08:03+05:30,Asia/Kolkata,UPSTOX,NIFTY,2026-09-01,65,0e46395dd88eb6d2,0.0,False,24151.0,24151.0,24122.6,24188.3,24106.55,24090.85,10.69,24150,24150,24300,149.0,ABOVE_SPOT,,60.0,60.0,NSE_FO|46997,263161,59831,,1853,1444595,12754,False,62.85,4.9,8.4556,11.0,True,62.8,65,62.9,520,,,62.85,0.1,0.0016,0.0,62.85,NSE_FO|46998,114184,38144,,-1337,666335,5797,False,128.15,-34.2,-21.0656,3.78,True,127.65,1755,128.0,1170,,,127.825,0.35,0.0027,149.0,-20.85,0.4339,21687
2.1.0,20260828_110803_000,2026-08-28T11:08:03+05:30,2026-08-28T11:08:03+05:30,Asia/Kolkata,UPSTOX,NIFTY,2026-09-01,65,0e46395dd88eb6d2,0.0,False,24151.0,24151.0,24122.6,24188.3,24106.55,24090.85,10.69,24150,24150,24350,199.0,ABOVE_SPOT,,60.0,60.0,NSE_FO|46999,166972,43657,,-14,776284,5343,False,44.85,1.3,2.9851,10.67,True,44.85,5980,45.0,8320,,,44.925,0.15,0.0033,0.0,44.85,NSE_FO|47000,34881,9341,,-453,145368,1797,False,159.95,-35.05,-17.9744,0.0,False,159.95,390,160.35,975,,,160.15,0.4,0.0025,199.0,-39.05,0.2089,34316
2.1.0,20260828_110803_000,2026-08-28T11:08:03+05:30,2026-08-28T11:08:03+05:30,Asia/Kolkata,UPSTOX,NIFTY,2026-09-01,65,0e46395dd88eb6d2,0.0,False,24151.0,24151.0,24122.6,24188.3,24106.55,24090.85,10.69,24150,24150,24400,249.0,ABOVE_SPOT,,60.0,60.0,NSE_FO|47001,227591,39378,,-296,966233,7125,False,31.55,-0.25,-0.7862,10.47,True,31.55,6500,31.65,6175,,,31.6,0.1,0.0032,0.0,31.55,NSE_FO|47002,41564,6761,,-178,159150,1493,False,196.85,-37.8,-16.1091,0.0,False,196.55,65,196.95,390,,,196.75,0.4,0.002,249.0,-52.15,0.1826,32617
2.1.0,20260828_110902_999,2026-08-28T11:09:02+05:30,2026-08-28T11:09:02+05:30,Asia/Kolkata,UPSTOX,NIFTY,2026-09-01,65,1887247172cd230c,0.0,False,24149.9,24149.9,24122.6,24188.3,24106.55,24090.85,10.69,24150,24150,23900,-249.9,BELOW_SPOT,,59.0,59.0,NSE_FO|46981,4977,1377,,-14,24441,97,False,346.0,32.25,10.2789,16.88,True,346.0,195,346.55,455,,,346.275,0.55,0.0016,249.9,96.1,NSE_FO|46982,114874,46891,,101,553014,2191,False,13.25,-6.0,-31.1688,9.06,True,13.2,23010,13.3,30875,,,13.25,0.1,0.0075,0.0,13.25,23.081,-45514
2.1.0,20260828_110902_999,2026-08-28T11:09:02+05:30,2026-08-28T11:09:02+05:30,Asia/Kolkata,UPSTOX,NIFTY,2026-09-01,65,1887247172cd230c,0.0,False,24149.9,24149.9,24122.6,24188.3,24106.55,24090.85,10.69,24150,24150,23950,-199.9,BELOW_SPOT,,59.0,59.0,NSE_FO|46983,3722,1547,,-6,24039,25,False,301.1,31.85,11.8292,15.79,True,300.4,195,301.25,325,,,300.825,0.85,0.0028,199.9,101.2,NSE_FO|46984,62297,30479,,-21,403922,1429,False,17.8,-7.75,-30.3327,8.65,True,17.75,5135,17.8,4420,,,17.775,0.05,0.0028,0.0,17.8,16.7375,-28932
2.1.0,20260828_110902_999,2026-08-28T11:09:02+05:30,2026-08-28T11:09:02+05:30,Asia/Kolkata,UPSTOX,NIFTY,2026-09-01,65,1887247172cd230c,0.0,False,24149.9,24149.9,24122.6,24188.3,24106.55,24090.85,10.69,24150,24150,24000,-149.9,BELOW_SPOT,,59.0,59.0,NSE_FO|46985,32052,5995,,-25,227468,489,False,257.05,29.3,12.865,14.72,True,257.05,585,257.6,195,,,257.325,0.55,0.0021,149.9,107.15,NSE_FO|46986,206400,97082,,266,1190903,3928,False,24.1,-11.0,-31.339,8.27,True,24.05,4875,24.15,10790,,,24.1,0.1,0.0041,0.0,24.1,6.4395,-91087
2.1.0,20260828_110902_999,2026-08-28T11:09:02+05:30,2026-08-28T11:09:02+05:30,Asia/Kolkata,UPSTOX,NIFTY,2026-09-01,65,1887247172cd230c,0.0,False,24149.9,24149.9,24122.6,24188.3,24106.55,24090.85,10.69,24150,24150,24050,-99.9,BELOW_SPOT,,59.0,59.0,NSE_FO|46987,15870,5447,,118,189261,391,False,216.0,24.7,12.9117,13.81,True,215.55,130,216.05,520,,,215.8,0.5,0.0023,99.9,116.1,NSE_FO|46988,110897,73951,,394,771234,4077,False,32.4,-14.25,-30.5466,7.86,True,32.5,1365,32.6,8710,,,32.55,0.1,0.0031,0.0,32.4,6.9878,-68504
2.1.0,20260828_110902_999,2026-08-28T11:09:02+05:30,2026-08-28T11:09:02+05:30,Asia/Kolkata,UPSTOX,NIFTY,2026-09-01,65,1887247172cd230c,0.0,False,24149.9,24149.9,24122.6,24188.3,24106.55,24090.85,10.69,24150,24150,24100,-49.9,BELOW_SPOT,,59.0,59.0,NSE_FO|46989,74656,28171,,613,1061817,2176,False,177.05,21.8,14.0419,13.03,True,177.05,390,177.45,195,,,177.25,0.4,0.0023,49.9,127.15,NSE_FO|46990,280857,196674,,1146,2086890,9066,False,44.2,-17.95,-28.8817,7.48,True,44.05,5525,44.2,7930,,,44.125,0.15,0.0034,0.0,44.2,3.762,-168503
2.1.0,20260828_110902_999,2026-08-28T11:09:02+05:30,2026-08-28T11:09:02+05:30,Asia/Kolkata,UPSTOX,NIFTY,2026-09-01,65,1887247172cd230c,0.0,False,24149.9,24149.9,24122.6,24188.3,24106.55,24090.85,10.69,24150,24150,24150,0.1,ATM,,59.0,59.0,NSE_FO|46991,117982,57745,,466,1444039,5314,False,142.0,15.15,11.9432,12.32,True,142.0,65,142.1,585,,,142.05,0.1,0.0007,0.0,142.0,NSE_FO|46992,249925,195675,,767,2063674,9836,False,58.9,-20.05,-25.3958,6.99,True,58.75,1950,58.9,1820,,,58.825,0.15,0.0025,0.1,58.8,2.1183,-137930
2.1.0,20260828_110902_999,2026-08-28T11:09:02+05:30,2026-08-28T11:09:02+05:30,Asia/Kolkata,UPSTOX,NIFTY,2026-09-01,65,1887247172cd230c,0.0,False,24149.9,24149.9,24122.6,24188.3,24106.55,24090.85,10.69,24150,24150,24200,50.1,ABOVE_SPOT,,59.0,59.0,NSE_FO|46993,250593,96905,,1547,2005075,8736,False,111.05,12.3,12.4557,11.76,True,110.75,2860,111.05,520,,,110.9,0.3,0.0027,0.0,111.05,NSE_FO|46994,295899,194721,,565,1824759,11122,False,78.0,-24.8,-24.1245,6.45,True,77.8,845,77.95,195,,,77.875,0.15,0.0019,50.1,27.9,1.1808,-97816
2.1.0,20260828_110902_999,2026-08-28T11:09:02+05:30,2026-08-28T11:09:02+05:30,Asia/Kolkata,UPSTOX,NIFTY,2026-09-01,65,1887247172cd230c,0.0,False,24149.9,24149.9,24122.6,24188.3,24106.55,24090.85,10.69,24150,24150,24250,100.1,ABOVE_SPOT,,59.0,59.0,NSE_FO|46995,157905,68893,,136,1142940,4514,False,83.9,7.0,9.1027,11.25,True,83.9,1365,84.1,585,,,84.0,0.2,0.0024,0.0,83.9,NSE_FO|46996,94679,54149,,-76,595341,2754,False,100.95,-27.9,-21.6531,5.64,True,100.85,715,101.0,325,,,100.925,0.15,0.0015,100.1,0.85,0.5996,14744
2.1.0,20260828_110902_999,2026-08-28T11:09:02+05:30,2026-08-28T11:09:02+05:30,Asia/Kolkata,UPSTOX,NIFTY,2026-09-01,65,1887247172cd230c,0.0,False,24149.9,24149.9,24122.6,24188.3,24106.55,24090.85,10.69,24150,24150,24300,150.1,ABOVE_SPOT,,59.0,59.0,NSE_FO|46997,264078,60748,,917,1450337,5742,False,62.2,4.25,7.3339,10.86,True,62.0,6825,62.15,65,,,62.075,0.15,0.0024,0.0,62.2,NSE_FO|46998,113983,37943,,-201,670079,3744,False,129.15,-33.2,-20.4496,4.24,True,128.95,260,129.15,520,,,129.05,0.2,0.0015,150.1,-20.95,0.4316,22805
2.1.0,20260828_110902_999,2026-08-28T11:09:02+05:30,2026-08-28T11:09:02+05:30,Asia/Kolkata,UPSTOX,NIFTY,2026-09-01,65,1887247172cd230c,0.0,False,24149.9,24149.9,24122.6,24188.3,24106.55,24090.85,10.69,24150,24150,24350,200.1,ABOVE_SPOT,,59.0,59.0,NSE_FO|46999,167181,43866,,209,779538,3254,False,44.4,0.85,1.9518,10.56,True,44.4,9880,44.55,3835,,,44.475,0.15,0.0034,0.0,44.4,NSE_FO|47000,34878,9338,,-3,146118,750,False,161.65,-33.35,-17.1026,0.0,False,161.2,390,161.6,325,,,161.4,0.4,0.0025,200.1,-38.45,0.2086,34528
2.1.0,20260828_110902_999,2026-08-28T11:09:02+05:30,2026-08-28T11:09:02+05:30,Asia/Kolkata,UPSTOX,NIFTY,2026-09-01,65,1887247172cd230c,0.0,False,24149.9,24149.9,24122.6,24188.3,24106.55,24090.85,10.69,24150,24150,24400,250.1,ABOVE_SPOT,,59.0,59.0,NSE_FO|47001,228448,40235,,857,969715,3482,False,31.35,-0.45,-1.4151,10.39,True,31.2,5330,31.3,845,,,31.25,0.1,0.0032,0.0,31.35,NSE_FO|47002,41626,6823,,62,159893,743,False,197.9,-36.75,-15.6616,0.0,False,198.05,130,198.5,260,,,198.275,0.45,0.0023,250.1,-52.2,0.1822,33412
2.1.0,20260828_111003_000,2026-08-28T11:10:03+05:30,2026-08-28T11:10:03+05:30,Asia/Kolkata,UPSTOX,NIFTY,2026-09-01,65,d34b51c981cb2f6a,0.0,False,24142.65,24142.9,24122.6,24188.3,24106.55,24090.85,10.72,24150,24150,23900,-242.65,BELOW_SPOT,,61.0,61.0,NSE_FO|46981,4998,1398,,21,24710,269,False,339.0,25.25,8.0478,16.69,True,338.25,585,339.0,65,,,338.625,0.75,0.0022,242.65,96.35,NSE_FO|46982,114483,46500,,-391,557511,4497,False,13.85,-5.4,-28.0519,8.97,True,13.85,9815,13.9,7085,,,13.875,0.05,0.0036,0.0,13.85,22.9058,-45102
2.1.0,20260828_111003_000,2026-08-28T11:10:03+05:30,2026-08-28T11:10:03+05:30,Asia/Kolkata,UPSTOX,NIFTY,2026-09-01,65,d34b51c981cb2f6a,0.0,False,24142.65,24142.9,24122.6,24188.3,24106.55,24090.85,10.72,24150,24150,23950,-192.65,BELOW_SPOT,,61.0,61.0,NSE_FO|46983,3728,1553,,6,24269,230,False,294.05,24.8,9.2108,15.56,True,293.5,130,294.25,130,,,293.875,0.75,0.0026,192.65,101.4,NSE_FO|46984,62470,30652,,173,408777,4855,False,18.65,-6.9,-27.0059,8.58,True,18.65,8970,18.7,1040,,,18.675,0.05,0.0027,0.0,18.65,16.757,-29099
2.1.0,20260828_111003_000,2026-08-28T11:10:03+05:30,2026-08-28T11:10:03+05:30,Asia/Kolkata,UPSTOX,NIFTY,2026-09-01,65,d34b51c981cb2f6a,0.0,False,24142.65,24142.9,24122.6,24188.3,24106.55,24090.85,10.72,24150,24150,24000,-142.65,BELOW_SPOT,,61.0,61.0,NSE_FO|46985,31890,5833,,-162,230427,2959,False,251.0,23.25,10.2086,14.76,True,249.65,585,250.25,195,,,249.95,0.6,0.0024,142.65,108.35,NSE_FO|46986,205472,96154,,-928,1206862,15959,False,25.45,-9.65,-27.4929,8.21,True,25.55,6695,25.65,5135,,,25.6,0.1,0.0039,0.0,25.45,6.4431,-90321
2.1.0,20260828_111003_000,2026-08-28T11:10:03+05:30,2026-08-28T11:10:03+05:30,Asia/Kolkata,UPSTOX,NIFTY,2026-09-01,65,d34b51c981cb2f6a,0.0,False,24142.65,24142.9,24122.6,24188.3,24106.55,24090.85,10.72,24150,24150,24050,-92.65,BELOW_SPOT,,61.0,61.0,NSE_FO|46987,15867,5444,,-3,191259,1998,False,209.35,18.05,9.4354,13.82,True,209.4,260,209.75,130,,,209.575,0.35,0.0017,92.65,116.7,NSE_FO|46988,110448,73502,,-449,782045,10811,False,34.3,-12.35,-26.4737,7.8,True,34.2,3185,34.3,1105,,,34.25,0.1,0.0029,0.0,34.3,6.9609,-68058
2.1.0,20260828_111003_000,2026-08-28T11:10:03+05:30,2026-08-28T11:10:03+05:30,Asia/Kolkata,UPSTOX,NIFTY,2026-09-01,65,d34b51c981cb2f6a,0.0,False,24142.65,24142.9,24122.6,24188.3,24106.55,24090.85,10.72,24150,24150,24100,-42.65,BELOW_SPOT,,61.0,61.0,NSE_FO|46989,73873,27388,,-783,1072971,11154,False,171.5,16.25,10.467,13.03,True,171.0,455,171.45,1105,,,171.225,0.45,0.0026,42.65,128.85,NSE_FO|46990,275170,190987,,-5687,2122127,35237,False,46.4,-15.75,-25.3419,7.4,True,46.7,65,46.75,585,,,46.725,0.05,0.0011,0.0,46.4,3.7249,-163599
2.1.0,20260828_111003_000,2026-08-28T11:10:03+05:30,2026-08-28T11:10:03+05:30,Asia/Kolkata,UPSTOX,NIFTY,2026-09-01,65,d34b51c981cb2f6a,0.0,False,24142.65,24142.9,24122.6,24188.3,24106.55,24090.85,10.72,24150,24150,24150,7.35,ATM,,61.0,61.0,NSE_FO|46991,117433,57196,,-549,1461501,17462,False,137.15,10.3,8.1198,12.34,True,136.6,585,136.95,390,,,136.775,0.35,0.0026,0.0,137.15,NSE_FO|46992,247841,193591,,-2084,2108683,45009,False,61.8,-17.15,-21.7226,6.89,True,62.0,260,62.1,6955,,,62.05,0.1,0.0016,7.35,54.45,2.1105,-136395
2.1.0,20260828_111003_000,2026-08-28T11:10:03+05:30,2026-08-28T11:10:03+05:30,Asia/Kolkata,UPSTOX,NIFTY,2026-09-01,65,d34b51c981cb2f6a,0.0,False,24142.65,24142.9,24122.6,24188.3,24106.55,24090.85,10.72,24150,24150,24200,57.35,ABOVE_SPOT,,61.0,61.0,NSE_FO|46993,250313,96625,,-280,2033112,28037,False,107.15,8.4,8.5063,11.79,True,106.95,650,107.15,260,,,107.05,0.2,0.0019,0.0,107.15,NSE_FO|46994,292823,191645,,-3076,1866589,41830,False,81.75,-21.05,-20.4767,6.3,True,81.5,455,81.7,3445,,,81.6,0.2,0.0025,57.35,24.4,1.1698,-95020
2.1.0,20260828_111003_000,2026-08-28T11:10:03+05:30,2026-08-28T11:10:03+05:30,Asia/Kolkata,UPSTOX,NIFTY,2026-09-01,65,d34b51c981cb2f6a,0.0,False,24142.65,24142.9,24122.6,24188.3,24106.55,24090.85,10.72,24150,24150,24250,107.35,ABOVE_SPOT,,61.0,61.0,NSE_FO|46995,156639,67627,,-1266,1161214,18274,False,80.75,3.85,5.0065,11.29,True,80.65,65,80.75,390,,,80.7,0.1,0.0012,0.0,80.75,NSE_FO|46996,93199,52669,,-1480,610037,14696,False,105.45,-23.4,-18.1607,5.4,True,105.7,130,105.85,715,,,105.775,0.15,0.0014,107.35,-1.9,0.595,14958
2.1.0,20260828_111003_000,2026-08-28T11:10:03+05:30,2026-08-28T11:10:03+05:30,Asia/Kolkata,UPSTOX,NIFTY,2026-09-01,65,d34b51c981cb2f6a,0.0,False,24142.65,24142.9,24122.6,24188.3,24106.55,24090.85,10.72,24150,24150,24300,157.35,ABOVE_SPOT,,61.0,61.0,NSE_FO|46997,263874,60544,,-204,1469901,19564,False,59.7,1.75,3.0198,10.93,True,59.5,4290,59.7,8710,,,59.6,0.2,0.0034,0.0,59.7,NSE_FO|46998,112250,36210,,-1733,686459,16380,False,134.0,-28.35,-17.4623,3.57,True,134.0,975,134.3,520,,,134.15,0.3,0.0022,157.35,-23.35,0.4254,24334
2.1.0,20260828_111003_000,2026-08-28T11:10:03+05:30,2026-08-28T11:10:03+05:30,Asia/Kolkata,UPSTOX,NIFTY,2026-09-01,65,d34b51c981cb2f6a,0.0,False,24142.65,24142.9,24122.6,24188.3,24106.55,24090.85,10.72,24150,24150,24350,207.35,ABOVE_SPOT,,61.0,61.0,NSE_FO|46999,166863,43548,,-318,790343,10805,False,42.6,-0.95,-2.1814,10.65,True,42.3,5330,42.45,650,,,42.375,0.15,0.0035,0.0,42.6,NSE_FO|47000,34600,9060,,-278,149400,3282,False,167.6,-27.4,-14.0513,0.0,False,167.95,390,168.35,325,,,168.15,0.4,0.0024,207.35,-39.75,0.2074,34488
2.1.0,20260828_111003_000,2026-08-28T11:10:03+05:30,2026-08-28T11:10:03+05:30,Asia/Kolkata,UPSTOX,NIFTY,2026-09-01,65,d34b51c981cb2f6a,0.0,False,24142.65,24142.9,24122.6,24188.3,24106.55,24090.85,10.72,24150,24150,24400,257.35,ABOVE_SPOT,,61.0,61.0,NSE_FO|47001,228601,40388,,153,984246,14531,False,29.9,-1.9,-5.9748,10.45,True,29.9,6500,30.0,7410,,,29.95,0.1,0.0033,0.0,29.9,NSE_FO|47002,41307,6504,,-319,163230,3337,False,204.75,-29.9,-12.7424,0.0,False,204.6,650,205.0,585,,,204.8,0.4,0.002,257.35,-52.6,0.1807,33884
2.1.0,20260828_111103_000,2026-08-28T11:11:03+05:30,2026-08-28T11:11:03+05:30,Asia/Kolkata,UPSTOX,NIFTY,2026-09-01,65,4832de26243e5215,0.0,False,24146.2,24146.25,24122.6,24188.3,24106.55,24090.85,10.71,24150,24150,23900,-246.2,BELOW_SPOT,,60.0,60.0,NSE_FO|46981,5024,1424,,26,24867,157,False,341.1,27.35,8.7171,16.91,True,341.0,130,341.95,195,,,341.475,0.95,0.0028,246.2,94.9,NSE_FO|46982,114306,46323,,-177,561109,3598,False,13.65,-5.6,-29.0909,9.0,True,13.6,1300,13.65,16445,,,13.625,0.05,0.0037,0.0,13.65,22.752,-44899
2.1.0,20260828_111103_000,2026-08-28T11:11:03+05:30,2026-08-28T11:11:03+05:30,Asia/Kolkata,UPSTOX,NIFTY,2026-09-01,65,4832de26243e5215,0.0,False,24146.2,24146.25,24122.6,24188.3,24106.55,24090.85,10.71,24150,24150,23950,-196.2,BELOW_SPOT,,60.0,60.0,NSE_FO|46983,3723,1548,,-5,24377,108,False,297.45,28.2,10.4735,15.87,True,296.0,195,296.6,195,,,296.3,0.6,0.002,196.2,101.25,NSE_FO|46984,62600,30782,,130,411851,3074,False,18.4,-7.15,-27.9843,8.61,True,18.4,715,18.45,5135,,,18.425,0.05,0.0027,0.0,18.4,16.8144,-29234
2.1.0,20260828_111103_000,2026-08-28T11:11:03+05:30,2026-08-28T11:11:03+05:30,Asia/Kolkata,UPSTOX,NIFTY,2026-09-01,65,4832de26243e5215,0.0,False,24146.2,24146.25,24122.6,24188.3,24106.55,24090.85,10.71,24150,24150,24000,-146.2,BELOW_SPOT,,60.0,60.0,NSE_FO|46985,32210,6153,,320,232014,1587,False,253.4,25.65,11.2623,14.72,True,252.8,650,253.4,390,,,253.1,0.6,0.0024,146.2,107.2,NSE_FO|46986,204897,95579,,-575,1217463,10601,False,24.95,-10.15,-28.9174,8.22,True,24.85,11440,24.95,6955,,,24.9,0.1,0.004,0.0,24.95,6.3613,-89426
2.1.0,20260828_111103_000,2026-08-28T11:11:03+05:30,2026-08-28T11:11:03+05:30,Asia/Kolkata,UPSTOX,NIFTY,2026-09-01,65,4832de26243e5215,0.0,False,24146.2,24146.25,24122.6,24188.3,24106.55,24090.85,10.71,24150,24150,24050,-96.2,BELOW_SPOT,,60.0,60.0,NSE_FO|46987,16057,5634,,190,192304,1045,False,211.85,20.55,10.7423,13.87,True,211.25,325,211.8,260,,,211.525,0.55,0.0026,96.2,115.65,NSE_FO|46988,110469,73523,,21,787923,5878,False,33.75,-12.9,-27.6527,7.81,True,33.75,2990,33.85,1755,,,33.8,0.1,0.003,0.0,33.75,6.8798,-67889
2.1.0,20260828_111103_000,2026-08-28T11:11:03+05:30,2026-08-28T11:11:03+05:30,Asia/Kolkata,UPSTOX,NIFTY,2026-09-01,65,4832de26243e5215,0.0,False,24146.2,24146.25,24122.6,24188.3,24106.55,24090.85,10.71,24150,24150,24100,-46.2,BELOW_SPOT,,60.0,60.0,NSE_FO|46989,75178,28693,,1305,1079307,6336,False,173.8,18.55,11.9485,13.06,True,173.4,1560,173.8,390,,,173.6,0.4,0.0023,46.2,127.6,NSE_FO|46990,276056,191873,,886,2138417,16290,False,45.7,-16.45,-26.4682,7.43,True,45.6,325,45.7,650,,,45.65,0.1,0.0022,0.0,45.7,3.672,-163180
2.1.0,20260828_111103_000,2026-08-28T11:11:03+05:30,2026-08-28T11:11:03+05:30,Asia/Kolkata,UPSTOX,NIFTY,2026-09-01,65,4832de26243e5215,0.0,False,24146.2,24146.25,24122.6,24188.3,24106.55,24090.85,10.71,24150,24150,24150,3.8,ATM,,60.0,60.0,NSE_FO|46991,118824,58587,,1391,1469602,8101,False,138.4,11.55,9.1052,12.36,True,138.35,1170,138.7,390,,,138.525,0.35,0.0025,0.0,138.4,NSE_FO|46992,246061,191811,,-1780,2131098,22415,False,60.7,-18.25,-23.1159,6.91,True,60.7,4550,60.9,5655,,,60.8,0.2,0.0033,3.8,56.9,2.0708,-133224
2.1.0,20260828_111103_000,2026-08-28T11:11:03+05:30,2026-08-28T11:11:03+05:30,Asia/Kolkata,UPSTOX,NIFTY,2026-09-01,65,4832de26243e5215,0.0,False,24146.2,24146.25,24122.6,24188.3,24106.55,24090.85,10.71,24150,24150,24200,53.8,ABOVE_SPOT,,60.0,60.0,NSE_FO|46993,253347,99659,,3034,2045116,12004,False,108.3,9.55,9.6709,11.8,True,108.0,8255,108.3,3185,,,108.15,0.3,0.0028,0.0,108.3,NSE_FO|46994,286923,185745,,-5900,1886620,20031,False,80.25,-22.55,-21.9358,6.36,True,80.25,1170,80.45,1105,,,80.35,0.2,0.0025,53.8,26.45,1.1325,-86086
2.1.0,20260828_111103_000,2026-08-28T11:11:03+05:30,2026-08-28T11:11:03+05:30,Asia/Kolkata,UPSTOX,NIFTY,2026-09-01,65,4832de26243e5215,0.0,False,24146.2,24146.25,24122.6,24188.3,24106.55,24090.85,10.71,24150,24150,24250,103.8,ABOVE_SPOT,,60.0,60.0,NSE_FO|46995,156768,67756,,129,1167534,6320,False,81.85,4.95,6.4369,11.28,True,81.65,130,81.85,2600,,,81.75,0.2,0.0024,0.0,81.85,NSE_FO|46996,90665,50135,,-2534,617047,7010,False,103.85,-25.0,-19.4024,5.49,True,103.85,1170,104.0,65,,,103.925,0.15,0.0014,103.8,0.05,0.5783,17621
2.1.0,20260828_111103_000,2026-08-28T11:11:03+05:30,2026-08-28T11:11:03+05:30,Asia/Kolkata,UPSTOX,NIFTY,2026-09-01,65,4832de26243e5215,0.0,False,24146.2,24146.25,24122.6,24188.3,24106.55,24090.85,10.71,24150,24150,24300,153.8,ABOVE_SPOT,,60.0,60.0,NSE_FO|46997,262952,59622,,-922,1478630,8729,False,60.4,2.45,4.2278,10.93,True,60.4,5070,60.55,260,,,60.475,0.15,0.0025,0.0,60.4,NSE_FO|46998,109175,33135,,-3075,693352,6893,False,132.65,-29.7,-18.2938,3.88,True,132.7,65,132.85,325,,,132.775,0.15,0.0011,153.8,-21.15,0.4152,26487
2.1.0,20260828_111103_000,2026-08-28T11:11:03+05:30,2026-08-28T11:11:03+05:30,Asia/Kolkata,UPSTOX,NIFTY,2026-09-01,65,4832de26243e5215,0.0,False,24146.2,24146.25,24122.6,24188.3,24106.55,24090.85,10.71,24150,24150,24350,203.8,ABOVE_SPOT,,60.0,60.0,NSE_FO|46999,166715,43400,,-148,794875,4532,False,43.45,-0.1,-0.2296,10.65,True,43.3,2860,43.4,715,,,43.35,0.1,0.0023,0.0,43.45,NSE_FO|47000,34551,9011,,-49,151647,2247,False,165.65,-29.35,-15.0513,0.0,False,165.3,65,165.55,455,,,165.425,0.25,0.0015,203.8,-38.15,0.2072,34389
2.1.0,20260828_111103_000,2026-08-28T11:11:03+05:30,2026-08-28T11:11:03+05:30,Asia/Kolkata,UPSTOX,NIFTY,2026-09-01,65,4832de26243e5215,0.0,False,24146.2,24146.25,24122.6,24188.3,24106.55,24090.85,10.71,24150,24150,24400,253.8,ABOVE_SPOT,,60.0,60.0,NSE_FO|47001,227514,39301,,-1087,988036,3790,False,30.45,-1.35,-4.2453,10.46,True,30.45,1430,30.55,6240,,,30.5,0.1,0.0033,0.0,30.45,NSE_FO|47002,41090,6287,,-217,164477,1247,False,203.0,-31.65,-13.4882,0.0,False,202.55,260,203.0,260,,,202.775,0.45,0.0022,253.8,-50.8,0.1806,33014
2.1.0,20260828_111203_000,2026-08-28T11:12:03+05:30,2026-08-28T11:12:03+05:30,Asia/Kolkata,UPSTOX,NIFTY,2026-09-01,65,da0e26bcc50b7d5d,0.0,False,24147.15,24146.85,24122.6,24188.3,24106.55,24090.85,10.73,24150,24150,23900,-247.15,BELOW_SPOT,,60.0,60.0,NSE_FO|46981,5063,1463,,39,24964,97,False,340.85,27.1,8.6375,16.45,True,339.9,130,340.75,325,,,340.325,0.85,0.0025,247.15,93.7,NSE_FO|46982,114894,46911,,588,563011,1902,False,13.65,-5.6,-29.0909,9.02,True,13.65,12545,13.7,7930,,,13.675,0.05,0.0037,0.0,13.65,22.6929,-45448
2.1.0,20260828_111203_000,2026-08-28T11:12:03+05:30,2026-08-28T11:12:03+05:30,Asia/Kolkata,UPSTOX,NIFTY,2026-09-01,65,da0e26bcc50b7d5d,0.0,False,24147.15,24146.85,24122.6,24188.3,24106.55,24090.85,10.73,24150,24150,23950,-197.15,BELOW_SPOT,,60.0,60.0,NSE_FO|46983,3742,1567,,19,24426,49,False,295.35,26.1,9.6936,15.55,True,294.55,130,295.35,65,,,294.95,0.8,0.0027,197.15,98.2,NSE_FO|46984,63050,31232,,450,414653,2802,False,18.55,-7.0,-27.3973,8.62,True,18.45,8255,18.5,1235,,,18.475,0.05,0.0027,0.0,18.55,16.8493,-29665
2.1.0,20260828_111203_000,2026-08-28T11:12:03+05:30,2026-08-28T11:12:03+05:30,Asia/Kolkata,UPSTOX,NIFTY,2026-09-01,65,da0e26bcc50b7d5d,0.0,False,24147.15,24146.85,24122.6,24188.3,24106.55,24090.85,10.73,24150,24150,24000,-147.15,BELOW_SPOT,,60.0,60.0,NSE_FO|46985,32779,6722,,569,233209,1195,False,251.35,23.6,10.3622,14.54,True,251.35,325,251.95,650,,,251.65,0.6,0.0024,147.15,104.2,NSE_FO|46986,205334,96016,,437,1230659,13196,False,25.15,-9.95,-28.3476,8.26,True,25.2,3705,25.3,13845,,,25.25,0.1,0.004,0.0,25.15,6.2642,-89294
2.1.0,20260828_111203_000,2026-08-28T11:12:03+05:30,2026-08-28T11:12:03+05:30,Asia/Kolkata,UPSTOX,NIFTY,2026-09-01,65,da0e26bcc50b7d5d,0.0,False,24147.15,24146.85,24122.6,24188.3,24106.55,24090.85,10.73,24150,24150,24050,-97.15,BELOW_SPOT,,60.0,60.0,NSE_FO|46987,16165,5742,,108,193087,783,False,210.35,19.05,9.9582,13.64,True,210.5,65,210.85,260,,,210.675,0.35,0.0017,97.15,113.2,NSE_FO|46988,110811,73865,,342,792217,4294,False,34.0,-12.65,-27.1168,7.86,True,33.9,1430,34.0,5070,,,33.95,0.1,0.0029,0.0,34.0,6.855,-68123
2.1.0,20260828_111203_000,2026-08-28T11:12:03+05:30,2026-08-28T11:12:03+05:30,Asia/Kolkata,UPSTOX,NIFTY,2026-09-01,65,da0e26bcc50b7d5d,0.0,False,24147.15,24146.85,24122.6,24188.3,24106.55,24090.85,10.73,24150,24150,24100,-47.15,BELOW_SPOT,,60.0,60.0,NSE_FO|46989,76507,30022,,1329,1082798,3491,False,172.75,17.5,11.2721,12.94,True,172.7,390,172.8,195,,,172.75,0.1,0.0006,47.15,125.6,NSE_FO|46990,278462,194279,,2406,2151892,13475,False,45.85,-16.3,-26.2269,7.46,True,45.9,5655,45.95,1365,,,45.925,0.05,0.0011,0.0,45.85,3.6397,-164257
2.1.0,20260828_111203_000,2026-08-28T11:12:03+05:30,2026-08-28T11:12:03+05:30,Asia/Kolkata,UPSTOX,NIFTY,2026-09-01,65,da0e26bcc50b7d5d,0.0,False,24147.15,24146.85,24122.6,24188.3,24106.55,24090.85,10.73,24150,24150,24150,2.85,ATM,,60.0,60.0,NSE_FO|46991,121086,60849,,2262,1474998,5396,False,137.9,11.05,8.7111,12.21,True,137.55,910,137.95,1885,,,137.75,0.4,0.0029,0.0,137.9,NSE_FO|46992,246151,191901,,90,2149400,18302,False,61.4,-17.55,-22.2293,6.96,True,61.1,845,61.25,1820,,,61.175,0.15,0.0025,2.85,58.55,2.0329,-131052
2.1.0,20260828_111203_000,2026-08-28T11:12:03+05:30,2026-08-28T11:12:03+05:30,Asia/Kolkata,UPSTOX,NIFTY,2026-09-01,65,da0e26bcc50b7d5d,0.0,False,24147.15,24146.85,24122.6,24188.3,24106.55,24090.85,10.73,24150,24150,24200,52.85,ABOVE_SPOT,,60.0,60.0,NSE_FO|46993,256089,102401,,2742,2052546,7430,False,107.2,8.45,8.557,11.67,True,107.25,1365,107.5,975,,,107.375,0.25,0.0023,0.0,107.2,NSE_FO|46994,286432,185254,,-491,1901071,14451,False,81.0,-21.8,-21.2062,6.41,True,80.9,65,81.0,1755,,,80.95,0.1,0.0012,52.85,28.15,1.1185,-82853
2.1.0,20260828_111203_000,2026-08-28T11:12:03+05:30,2026-08-28T11:12:03+05:30,Asia/Kolkata,UPSTOX,NIFTY,2026-09-01,65,da0e26bcc50b7d5d,0.0,False,24147.15,24146.85,24122.6,24188.3,24106.55,24090.85,10.73,24150,24150,24250,102.85,ABOVE_SPOT,,60.0,60.0,NSE_FO|46995,158011,68999,,1243,1172806,5272,False,81.1,4.2,5.4616,11.22,True,81.15,4225,81.4,3315,,,81.275,0.25,0.0031,0.0,81.1,NSE_FO|46996,90704,50174,,39,621325,4278,False,104.65,-24.2,-18.7815,5.58,True,104.5,585,104.75,1105,,,104.625,0.25,0.0024,102.85,1.8,0.574,18825
2.1.0,20260828_111203_000,2026-08-28T11:12:03+05:30,2026-08-28T11:12:03+05:30,Asia/Kolkata,UPSTOX,NIFTY,2026-09-01,65,da0e26bcc50b7d5d,0.0,False,24147.15,24146.85,24122.6,24188.3,24106.55,24090.85,10.73,24150,24150,24300,152.85,ABOVE_SPOT,,60.0,60.0,NSE_FO|46997,264498,61168,,1546,1484901,6271,False,59.95,2.0,3.4513,10.85,True,59.85,2080,60.0,4810,,,59.925,0.15,0.0025,0.0,59.95,NSE_FO|46998,108935,32895,,-240,697287,3935,False,133.4,-28.95,-17.8318,4.12,True,133.2,2210,133.6,1950,,,133.4,0.4,0.003,152.85,-19.45,0.4119,28273
2.1.0,20260828_111203_000,2026-08-28T11:12:03+05:30,2026-08-28T11:12:03+05:30,Asia/Kolkata,UPSTOX,NIFTY,2026-09-01,65,da0e26bcc50b7d5d,0.0,False,24147.15,24146.85,24122.6,24188.3,24106.55,24090.85,10.73,24150,24150,24350,202.85,ABOVE_SPOT,,60.0,60.0,NSE_FO|46999,167070,43755,,355,798482,3607,False,43.0,-0.55,-1.2629,10.57,True,42.9,1560,43.0,3445,,,42.95,0.1,0.0023,0.0,43.0,NSE_FO|47000,34808,9268,,257,152871,1224,False,166.7,-28.3,-14.5128,0.0,False,166.35,845,166.8,585,,,166.575,0.45,0.0027,202.85,-36.15,0.2083,34487
2.1.0,20260828_111203_000,2026-08-28T11:12:03+05:30,2026-08-28T11:12:03+05:30,Asia/Kolkata,UPSTOX,NIFTY,2026-09-01,65,da0e26bcc50b7d5d,0.0,False,24147.15,24146.85,24122.6,24188.3,24106.55,24090.85,10.73,24150,24150,24400,252.85,ABOVE_SPOT,,60.0,60.0,NSE_FO|47001,228200,39987,,686,991379,3343,False,30.2,-1.6,-5.0314,10.39,True,30.15,2015,30.25,5655,,,30.2,0.1,0.0033,0.0,30.2,NSE_FO|47002,41002,6199,,-88,165607,1130,False,203.5,-31.15,-13.2751,0.0,False,203.4,325,203.9,195,,,203.65,0.5,0.0025,252.85,-49.35,0.1797,33788
2.1.0,20260828_111303_000,2026-08-28T11:13:03+05:30,2026-08-28T11:13:03+05:30,Asia/Kolkata,UPSTOX,NIFTY,2026-09-01,65,646d36d71cdae718,0.0,False,24156.3,24156.3,24122.6,24188.3,24106.55,24090.85,10.72,24150,24150,23900,-256.3,BELOW_SPOT,,60.0,60.0,NSE_FO|46981,5051,1451,,-12,25128,164,False,349.6,35.85,11.4263,16.89,True,348.7,455,349.0,130,,,348.85,0.3,0.0009,256.3,93.3,NSE_FO|46982,113813,45830,,-1081,569732,6721,False,12.6,-6.65,-34.5455,9.03,True,12.55,12675,12.65,35490,,,12.6,0.1,0.0079,0.0,12.6,22.5328,-44379
2.1.0,20260828_111303_000,2026-08-28T11:13:03+05:30,2026-08-28T11:13:03+05:30,Asia/Kolkata,UPSTOX,NIFTY,2026-09-01,65,646d36d71cdae718,0.0,False,24156.3,24156.3,24122.6,24188.3,24106.55,24090.85,10.72,24150,24150,23950,-206.3,BELOW_SPOT,,60.0,60.0,NSE_FO|46983,3744,1569,,2,24565,139,False,303.35,34.1,12.6648,15.82,True,303.05,325,303.8,130,,,303.425,0.75,0.0025,206.3,97.05,NSE_FO|46984,63355,31537,,305,418229,3576,False,16.9,-8.65,-33.8552,8.59,True,16.95,780,17.0,5395,,,16.975,0.05,0.0029,0.0,16.9,16.9217,-29968
2.1.0,20260828_111303_000,2026-08-28T11:13:03+05:30,2026-08-28T11:13:03+05:30,Asia/Kolkata,UPSTOX,NIFTY,2026-09-01,65,646d36d71cdae718,0.0,False,24156.3,24156.3,24122.6,24188.3,24106.55,24090.85,10.72,24150,24150,24000,-156.3,BELOW_SPOT,,60.0,60.0,NSE_FO|46985,32885,6828,,106,234962,1753,False,260.35,32.6,14.3139,14.76,True,259.45,845,260.05,65,,,259.75,0.6,0.0023,156.3,104.05,NSE_FO|46986,205114,95796,,-220,1251929,21270,False,23.1,-12.0,-34.188,8.22,True,23.05,715,23.1,6955,,,23.075,0.05,0.0022,0.0,23.1,6.2373,-88968
2.1.0,20260828_111303_000,2026-08-28T11:13:03+05:30,2026-08-28T11:13:03+05:30,Asia/Kolkata,UPSTOX,NIFTY,2026-09-01,65,646d36d71cdae718,0.0,False,24156.3,24156.3,24122.6,24188.3,24106.55,24090.85,10.72,24150,24150,24050,-106.3,BELOW_SPOT,,60.0,60.0,NSE_FO|46987,16305,5882,,140,194473,1386,False,218.0,26.7,13.9571,13.82,True,217.95,260,218.55,780,,,218.25,0.6,0.0027,106.3,111.7,NSE_FO|46988,110422,73476,,-389,798318,6101,False,31.25,-15.4,-33.0118,7.81,True,31.15,1300,31.25,4225,,,31.2,0.1,0.0032,0.0,31.25,6.7723,-67594
2.1.0,20260828_111303_000,2026-08-28T11:13:03+05:30,2026-08-28T11:13:03+05:30,Asia/Kolkata,UPSTOX,NIFTY,2026-09-01,65,646d36d71cdae718,0.0,False,24156.3,24156.3,24122.6,24188.3,24106.55,24090.85,10.72,24150,24150,24100,-56.3,BELOW_SPOT,,60.0,60.0,NSE_FO|46989,76182,29697,,-325,1090948,8150,False,179.45,24.2,15.5878,13.0,True,179.0,325,179.45,585,,,179.225,0.45,0.0025,56.3,123.15,NSE_FO|46990,276969,192786,,-1493,2171860,19968,False,42.5,-19.65,-31.6171,7.45,True,42.5,390,42.6,5655,,,42.55,0.1,0.0024,0.0,42.5,3.6356,-163089
2.1.0,20260828_111303_000,2026-08-28T11:13:03+05:30,2026-08-28T11:13:03+05:30,Asia/Kolkata,UPSTOX,NIFTY,2026-09-01,65,646d36d71cdae718,0.0,False,24156.3,24156.3,24122.6,24188.3,24106.55,24090.85,10.72,24150,24150,24150,-6.3,ATM,,60.0,60.0,NSE_FO|46991,122118,61881,,1032,1486073,11075,False,143.6,16.75,13.2046,12.31,True,143.65,910,144.0,20865,,,143.825,0.35,0.0024,6.3,137.3,NSE_FO|46992,244750,190500,,-1401,2177290,27890,False,56.9,-22.05,-27.9291,7.0,True,56.75,4030,56.9,650,,,56.825,0.15,0.0026,0.0,56.9,2.0042,-128619
2.1.0,20260828_111303_000,2026-08-28T11:13:03+05:30,2026-08-28T11:13:03+05:30,Asia/Kolkata,UPSTOX,NIFTY,2026-09-01,65,646d36d71cdae718,0.0,False,24156.3,24156.3,24122.6,24188.3,24106.55,24090.85,10.72,24150,24150,24200,43.7,ABOVE_SPOT,,60.0,60.0,NSE_FO|46993,255530,101842,,-559,2072157,19611,False,112.4,13.65,13.8228,11.74,True,112.35,650,112.65,2210,,,112.5,0.3,0.0027,0.0,112.4,NSE_FO|46994,281680,180502,,-4752,1923090,22019,False,75.65,-27.15,-26.4105,6.45,True,75.65,3185,75.85,1430,,,75.75,0.2,0.0026,43.7,31.95,1.1023,-78660
2.1.0,20260828_111303_000,2026-08-28T11:13:03+05:30,2026-08-28T11:13:03+05:30,Asia/Kolkata,UPSTOX,NIFTY,2026-09-01,65,646d36d71cdae718,0.0,False,24156.3,24156.3,24122.6,24188.3,24106.55,24090.85,10.72,24150,24150,24250,93.7,ABOVE_SPOT,,60.0,60.0,NSE_FO|46995,157765,68753,,-246,1182478,9672,False,85.55,8.65,11.2484,11.23,True,85.35,3770,85.6,3250,,,85.475,0.25,0.0029,0.0,85.55,NSE_FO|46996,89416,48886,,-1288,628731,7406,False,98.5,-30.35,-23.5545,5.67,True,98.55,1170,98.8,650,,,98.675,0.25,0.0025,93.7,4.8,0.5668,19867
2.1.0,20260828_111303_000,2026-08-28T11:13:03+05:30,2026-08-28T11:13:03+05:30,Asia/Kolkata,UPSTOX,NIFTY,2026-09-01,65,646d36d71cdae718,0.0,False,24156.3,24156.3,24122.6,24188.3,24106.55,24090.85,10.72,24150,24150,24300,143.7,ABOVE_SPOT,,60.0,60.0,NSE_FO|46997,264193,60863,,-305,1496963,12062,False,63.35,5.4,9.3184,10.91,True,63.2,2795,63.25,65,,,63.225,0.05,0.0008,0.0,63.35,NSE_FO|46998,107905,31865,,-1030,704147,6860,False,126.6,-35.75,-22.0203,4.44,True,126.4,195,126.6,65,,,126.5,0.2,0.0016,143.7,-17.1,0.4084,28998
2.1.0,20260828_111303_000,2026-08-28T11:13:03+05:30,2026-08-28T11:13:03+05:30,Asia/Kolkata,UPSTOX,NIFTY,2026-09-01,65,646d36d71cdae718,0.0,False,24156.3,24156.3,24122.6,24188.3,24106.55,24090.85,10.72,24150,24150,24350,193.7,ABOVE_SPOT,,60.0,60.0,NSE_FO|46999,166753,43438,,-317,804560,6078,False,45.6,2.05,4.7072,10.6,True,45.45,2340,45.55,4550,,,45.5,0.1,0.0022,0.0,45.6,NSE_FO|47000,34876,9336,,68,154873,2002,False,158.9,-36.1,-18.5128,0.0,False,158.7,195,159.0,1040,,,158.85,0.3,0.0019,193.7,-34.8,0.2091,34102
2.1.0,20260828_111303_000,2026-08-28T11:13:03+05:30,2026-08-28T11:13:03+05:30,Asia/Kolkata,UPSTOX,NIFTY,2026-09-01,65,646d36d71cdae718,0.0,False,24156.3,24156.3,24122.6,24188.3,24106.55,24090.85,10.72,24150,24150,24400,243.7,ABOVE_SPOT,,60.0,60.0,NSE_FO|47001,229774,41561,,1574,1003370,11991,False,32.15,0.35,1.1006,10.42,True,32.05,5655,32.15,325,,,32.1,0.1,0.0031,0.0,32.15,NSE_FO|47002,41028,6225,,26,167402,1795,False,195.05,-39.6,-16.8762,0.0,False,195.0,5525,195.4,1170,,,195.2,0.4,0.002,243.7,-48.65,0.1786,35336
