schema_version,snapshot_id,capture_timestamp,source_timestamp,timezone,source,underlying,expiry,lot_size,chain_hash,source_age_seconds,source_is_stale,spot,nifty_index_last,nifty_day_open,nifty_day_high,nifty_day_low,nifty_previous_close,india_vix,current_atm,session_anchor_atm,strike,strike_distance_from_spot,moneyness,interval_seconds,ce_interval_seconds,pe_interval_seconds,ce_identifier,ce_oi,ce_exchange_change_oi,ce_exchange_pchange_oi,ce_interval_oi_change,ce_volume_cumulative,ce_interval_volume,ce_volume_counter_reset,ce_ltp,ce_price_change,ce_price_pchange,ce_iv,ce_iv_valid,ce_bid,ce_bid_qty,ce_ask,ce_ask_qty,ce_total_buy_qty,ce_total_sell_qty,ce_mid,ce_spread,ce_spread_pct,ce_intrinsic,ce_extrinsic_ltp,pe_identifier,pe_oi,pe_exchange_change_oi,pe_exchange_pchange_oi,pe_interval_oi_change,pe_volume_cumulative,pe_interval_volume,pe_volume_counter_reset,pe_ltp,pe_price_change,pe_price_pchange,pe_iv,pe_iv_valid,pe_bid,pe_bid_qty,pe_ask,pe_ask_qty,pe_total_buy_qty,pe_total_sell_qty,pe_mid,pe_spread,pe_spread_pct,pe_intrinsic,pe_extrinsic_ltp,strike_oi_pcr,exchange_change_oi_ce_minus_pe
2.1.0,20260828_104752_021,2026-08-28T10:47:52+05:30,2026-08-28T10:47:52+05:30,Asia/Kolkata,UPSTOX,NIFTY,2026-09-01,65,146399076a2dd16d,0.0,False,24158.0,24157.6,24122.6,24188.3,24106.55,24090.85,10.74,24150,24150,23550,-608.0,BELOW_SPOT,,,,NSE_FO|46967,250,-15,,,37,,False,690.65,41.35,6.3684,25.12,True,694.15,65,697.7,65,,,695.925,3.55,0.0051,608.0,82.65,NSE_FO|46968,38688,28954,,,114567,,False,3.65,-0.1,-2.6667,13.06,True,3.6,51090,3.65,21905,,,3.625,0.05,0.0138,0.0,3.65,154.752,-28969
2.1.0,20260828_104752_021,2026-08-28T10:47:52+05:30,2026-08-28T10:47:52+05:30,Asia/Kolkata,UPSTOX,NIFTY,2026-09-01,65,146399076a2dd16d,0.0,False,24158.0,24157.6,24122.6,24188.3,24106.55,24090.85,10.74,24150,24150,23600,-558.0,BELOW_SPOT,,,,NSE_FO|46969,585,-111,,,497,,False,642.1,50.0,8.4445,24.02,True,644.5,65,647.4,65,,,645.95,2.9,0.0045,558.0,84.1,NSE_FO|46970,75622,24262,,,203041,,False,4.05,-0.4,-8.9888,12.39,True,4.0,104065,4.05,42055,,,4.025,0.05,0.0124,0.0,4.05,129.2684,-24373
2.1.0,20260828_104752_021,2026-08-28T10:47:52+05:30,2026-08-28T10:47:52+05:30,Asia/Kolkata,UPSTOX,NIFTY,2026-09-01,65,146399076a2dd16d,0.0,False,24158.0,24157.6,24122.6,24188.3,24106.55,24090.85,10.74,24150,24150,23650,-508.0,BELOW_SPOT,,,,NSE_FO|46971,319,13,,,183,,False,592.9,50.55,9.3205,22.8,True,595.8,65,598.3,65,,,597.05,2.5,0.0042,508.0,84.9,NSE_FO|46972,37945,15860,,,162254,,False,4.5,-0.9,-16.6667,11.72,True,4.5,15990,4.55,49725,,,4.525,0.05,0.011,0.0,4.5,118.9498,-15847
2.1.0,20260828_104752_021,2026-08-28T10:47:52+05:30,2026-08-28T10:47:52+05:30,Asia/Kolkata,UPSTOX,NIFTY,2026-09-01,65,146399076a2dd16d,0.0,False,24158.0,24157.6,24122.6,24188.3,24106.55,24090.85,10.74,24150,24150,23700,-458.0,BELOW_SPOT,,,,NSE_FO|46973,2792,8,,,1410,,False,547.75,45.45,9.0484,22.11,True,546.55,130,548.25,260,,,547.4,1.7,0.0031,458.0,89.75,NSE_FO|46974,98685,20081,,,273555,,False,5.2,-1.55,-22.963,11.14,True,5.2,33930,5.25,24375,,,5.225,0.05,0.0096,0.0,5.2,35.3456,-20073
2.1.0,20260828_104752_021,2026-08-28T10:47:52+05:30,2026-08-28T10:47:52+05:30,Asia/Kolkata,UPSTOX,NIFTY,2026-09-01,65,146399076a2dd16d,0.0,False,24158.0,24157.6,24122.6,24188.3,24106.55,24090.85,10.74,24150,24150,23750,-408.0,BELOW_SPOT,,,,NSE_FO|46975,668,118,,,1073,,False,499.25,45.55,10.0397,20.9,True,497.7,130,499.5,455,,,498.6,1.8,0.0036,408.0,91.25,NSE_FO|46976,48145,17116,,,233170,,False,6.25,-2.35,-27.3256,10.56,True,6.25,28925,6.3,11115,,,6.275,0.05,0.008,0.0,6.25,72.0734,-16998
2.1.0,20260828_104752_021,2026-08-28T10:47:52+05:30,2026-08-28T10:47:52+05:30,Asia/Kolkata,UPSTOX,NIFTY,2026-09-01,65,146399076a2dd16d,0.0,False,24158.0,24157.6,24122.6,24188.3,24106.55,24090.85,10.74,24150,24150,23800,-358.0,BELOW_SPOT,,,,NSE_FO|46977,3104,194,,,7181,,False,451.1,48.7,12.1024,19.74,True,449.05,195,450.55,195,,,449.8,1.5,0.0033,358.0,93.1,NSE_FO|46978,134000,36391,,,425636,,False,7.6,-3.5,-31.5315,10.04,True,7.6,10790,7.65,22035,,,7.625,0.05,0.0066,0.0,7.6,43.1701,-36197
2.1.0,20260828_104752_021,2026-08-28T10:47:52+05:30,2026-08-28T10:47:52+05:30,Asia/Kolkata,UPSTOX,NIFTY,2026-09-01,65,146399076a2dd16d,0.0,False,24158.0,24157.6,24122.6,24188.3,24106.55,24090.85,10.74,24150,24150,23850,-308.0,BELOW_SPOT,,,,NSE_FO|46979,1429,450,,,3797,,False,405.0,49.75,14.0042,18.73,True,401.8,325,403.1,520,,,402.45,1.3,0.0032,308.0,97.0,NSE_FO|46980,52597,23813,,,249662,,False,9.75,-4.55,-31.8182,9.55,True,9.7,10205,9.75,22035,,,9.725,0.05,0.0051,0.0,9.75,36.8069,-23363
2.1.0,20260828_104752_021,2026-08-28T10:47:52+05:30,2026-08-28T10:47:52+05:30,Asia/Kolkata,UPSTOX,NIFTY,2026-09-01,65,146399076a2dd16d,0.0,False,24158.0,24157.6,24122.6,24188.3,24106.55,24090.85,10.74,24150,24150,23900,-258.0,BELOW_SPOT,,,,NSE_FO|46981,4860,1260,,,22924,,False,356.4,42.65,13.5936,17.29,True,355.1,65,355.95,390,,,355.525,0.85,0.0024,258.0,98.4,NSE_FO|46982,113411,45428,,,503933,,False,12.7,-6.55,-34.026,9.12,True,12.7,5720,12.75,32565,,,12.725,0.05,0.0039,0.0,12.7,23.3356,-44168
2.1.0,20260828_104752_021,2026-08-28T10:47:52+05:30,2026-08-28T10:47:52+05:30,Asia/Kolkata,UPSTOX,NIFTY,2026-09-01,65,146399076a2dd16d,0.0,False,24158.0,24157.6,24122.6,24188.3,24106.55,24090.85,10.74,24150,24150,23950,-208.0,BELOW_SPOT,,,,NSE_FO|46983,3744,1569,,,22591,,False,309.8,40.55,15.0604,16.13,True,309.0,65,309.65,65,,,309.325,0.65,0.0021,208.0,101.8,NSE_FO|46984,61526,29708,,,367727,,False,17.05,-8.5,-33.2681,8.71,True,17.05,11700,17.15,18395,,,17.1,0.1,0.0058,0.0,17.05,16.4332,-28139
2.1.0,20260828_104752_021,2026-08-28T10:47:52+05:30,2026-08-28T10:47:52+05:30,Asia/Kolkata,UPSTOX,NIFTY,2026-09-01,65,146399076a2dd16d,0.0,False,24158.0,24157.6,24122.6,24188.3,24106.55,24090.85,10.74,24150,24150,24000,-158.0,BELOW_SPOT,,,,NSE_FO|46985,32832,6775,,,210224,,False,265.5,37.75,16.5752,15.05,True,265.25,520,265.9,325,,,265.575,0.65,0.0024,158.0,107.5,NSE_FO|46986,205100,95782,,,1066135,,False,23.1,-12.0,-34.188,8.32,True,23.0,13390,23.1,6500,,,23.05,0.1,0.0043,0.0,23.1,6.247,-89007
2.1.0,20260828_104752_021,2026-08-28T10:47:52+05:30,2026-08-28T10:47:52+05:30,Asia/Kolkata,UPSTOX,NIFTY,2026-09-01,65,146399076a2dd16d,0.0,False,24158.0,24157.6,24122.6,24188.3,24106.55,24090.85,10.74,24150,24150,24050,-108.0,BELOW_SPOT,,,,NSE_FO|46987,15599,5176,,,177094,,False,223.55,32.25,16.8583,14.21,True,223.2,975,223.8,780,,,223.5,0.6,0.0027,108.0,115.55,NSE_FO|46988,106414,69468,,,690420,,False,31.05,-15.6,-33.4405,7.9,True,30.95,4875,31.1,8320,,,31.025,0.15,0.0048,0.0,31.05,6.8218,-64292
2.1.0,20260828_104752_021,2026-08-28T10:47:52+05:30,2026-08-28T10:47:52+05:30,Asia/Kolkata,UPSTOX,NIFTY,2026-09-01,65,146399076a2dd16d,0.0,False,24158.0,24157.6,24122.6,24188.3,24106.55,24090.85,10.74,24150,24150,24100,-58.0,BELOW_SPOT,,,,NSE_FO|46989,72388,25903,,,989771,,False,184.05,28.8,18.5507,13.32,True,184.0,65,184.35,195,,,184.175,0.35,0.0019,58.0,126.05,NSE_FO|46990,275680,191497,,,1896759,,False,42.2,-19.95,-32.0998,7.51,True,42.05,5785,42.2,8840,,,42.125,0.15,0.0036,0.0,42.2,3.8084,-165594
2.1.0,20260828_104752_021,2026-08-28T10:47:52+05:30,2026-08-28T10:47:52+05:30,Asia/Kolkata,UPSTOX,NIFTY,2026-09-01,65,146399076a2dd16d,0.0,False,24158.0,24157.6,24122.6,24188.3,24106.55,24090.85,10.74,24150,24150,24150,-8.0,ATM,,,,NSE_FO|46991,111290,51053,,,1315531,,False,148.6,21.75,17.1462,12.54,True,148.4,1235,148.75,260,,,148.575,0.35,0.0024,8.0,140.6,NSE_FO|46992,250399,196149,,,1792077,,False,56.1,-22.85,-28.9424,7.02,True,55.95,3640,56.1,2145,,,56.025,0.15,0.0027,0.0,56.1,2.25,-145096
2.1.0,20260828_104752_021,2026-08-28T10:47:52+05:30,2026-08-28T10:47:52+05:30,Asia/Kolkata,UPSTOX,NIFTY,2026-09-01,65,146399076a2dd16d,0.0,False,24158.0,24157.6,24122.6,24188.3,24106.55,24090.85,10.74,24150,24150,24200,42.0,ABOVE_SPOT,,,,NSE_FO|46993,236621,82933,,,1805342,,False,116.35,17.6,17.8228,11.94,True,116.4,650,116.6,65,,,116.5,0.2,0.0017,0.0,116.35,NSE_FO|46994,293362,192184,,,1574980,,False,74.45,-28.35,-27.5778,6.47,True,74.25,975,74.45,2210,,,74.35,0.2,0.0027,42.0,32.45,1.2398,-109251
2.1.0,20260828_104752_021,2026-08-28T10:47:52+05:30,2026-08-28T10:47:52+05:30,Asia/Kolkata,UPSTOX,NIFTY,2026-09-01,65,146399076a2dd16d,0.0,False,24158.0,24157.6,24122.6,24188.3,24106.55,24090.85,10.74,24150,24150,24250,92.0,ABOVE_SPOT,,,,NSE_FO|46995,145406,56394,,,1007012,,False,89.0,12.1,15.7347,11.42,True,88.95,455,89.15,1430,,,89.05,0.2,0.0022,0.0,89.0,NSE_FO|46996,93969,53439,,,505825,,False,96.7,-32.15,-24.9515,5.71,True,96.25,910,96.5,1560,,,96.375,0.25,0.0026,92.0,4.7,0.6463,2955
2.1.0,20260828_104752_021,2026-08-28T10:47:52+05:30,2026-08-28T10:47:52+05:30,Asia/Kolkata,UPSTOX,NIFTY,2026-09-01,65,146399076a2dd16d,0.0,False,24158.0,24157.6,24122.6,24188.3,24106.55,24090.85,10.74,24150,24150,24300,142.0,ABOVE_SPOT,,,,NSE_FO|46997,253083,49753,,,1301058,,False,66.05,8.1,13.9776,11.02,True,65.9,1755,66.0,2665,,,65.95,0.1,0.0015,0.0,66.05,NSE_FO|46998,115933,39893,,,586270,,False,123.65,-38.7,-23.8374,4.38,True,123.7,1690,124.0,975,,,123.85,0.3,0.0024,142.0,-18.35,0.4581,9860
2.1.0,20260828_104752_021,2026-08-28T10:47:52+05:30,2026-08-28T10:47:52+05:30,Asia/Kolkata,UPSTOX,NIFTY,2026-09-01,65,146399076a2dd16d,0.0,False,24158.0,24157.6,24122.6,24188.3,24106.55,24090.85,10.74,24150,24150,24350,192.0,ABOVE_SPOT,,,,NSE_FO|46999,164240,40925,,,697083,,False,47.55,4.0,9.1848,10.68,True,47.45,390,47.55,1495,,,47.5,0.1,0.0021,0.0,47.55,NSE_FO|47000,35184,9644,,,127441,,False,154.95,-40.05,-20.5385,0.0,False,154.95,650,155.35,195,,,155.15,0.4,0.0026,192.0,-37.05,0.2142,31281
2.1.0,20260828_104752_021,2026-08-28T10:47:52+05:30,2026-08-28T10:47:52+05:30,Asia/Kolkata,UPSTOX,NIFTY,2026-09-01,65,146399076a2dd16d,0.0,False,24158.0,24157.6,24122.6,24188.3,24106.55,24090.85,10.74,24150,24150,24400,242.0,ABOVE_SPOT,,,,NSE_FO|47001,223359,35146,,,873721,,False,33.5,1.7,5.3459,10.46,True,33.4,5460,33.55,7020,,,33.475,0.15,0.0045,0.0,33.5,NSE_FO|47002,41268,6465,,,139529,,False,191.2,-43.45,-18.5169,0.0,False,190.75,455,191.25,325,,,191.0,0.5,0.0026,242.0,-50.8,0.1848,28681
2.1.0,20260828_104752_021,2026-08-28T10:47:52+05:30,2026-08-28T10:47:52+05:30,Asia/Kolkata,UPSTOX,NIFTY,2026-09-01,65,146399076a2dd16d,0.0,False,24158.0,24157.6,24122.6,24188.3,24106.55,24090.85,10.74,24150,24150,24450,292.0,ABOVE_SPOT,,,,NSE_FO|47003,93612,12511,,,471793,,False,23.25,-0.2,-0.8529,10.3,True,23.1,6630,23.2,7865,,,23.15,0.1,0.0043,0.0,23.25,NSE_FO|47004,10530,1572,,,20920,,False,230.65,-44.0,-16.0204,0.0,False,230.6,325,231.15,260,,,230.875,0.55,0.0024,292.0,-61.35,0.1125,10939
2.1.0,20260828_104752_021,2026-08-28T10:47:52+05:30,2026-08-28T10:47:52+05:30,Asia/Kolkata,UPSTOX,NIFTY,2026-09-01,65,146399076a2dd16d,0.0,False,24158.0,24157.6,24122.6,24188.3,24106.55,24090.85,10.74,24150,24150,24500,342.0,ABOVE_SPOT,,,,NSE_FO|47005,215114,22221,,,806620,,False,15.95,-1.7,-9.6317,10.28,True,16.0,2990,16.05,9750,,,16.025,0.05,0.0031,0.0,15.95,NSE_FO|47006,35461,3858,,,62182,,False,273.0,-44.5,-14.0157,0.0,False,272.7,130,273.0,65,,,272.85,0.3,0.0011,342.0,-69.0,0.1648,18363
2.1.0,20260828_104752_021,2026-08-28T10:47:52+05:30,2026-08-28T10:47:52+05:30,Asia/Kolkata,UPSTOX,NIFTY,2026-09-01,65,146399076a2dd16d,0.0,False,24158.0,24157.6,24122.6,24188.3,24106.55,24090.85,10.74,24150,24150,24550,392.0,ABOVE_SPOT,,,,NSE_FO|47007,78587,14287,,,385976,,False,10.95,-1.75,-13.7795,10.28,True,10.9,5395,10.95,6695,,,10.925,0.05,0.0046,0.0,10.95,NSE_FO|47008,3053,76,,,5366,,False,318.45,-45.35,-12.4656,0.0,False,318.15,65,318.95,585,,,318.55,0.8,0.0025,392.0,-73.55,0.0388,14211
2.1.0,20260828_104752_021,2026-08-28T10:47:52+05:30,2026-08-28T10:47:52+05:30,Asia/Kolkata,UPSTOX,NIFTY,2026-09-01,65,146399076a2dd16d,0.0,False,24158.0,24157.6,24122.6,24188.3,24106.55,24090.85,10.74,24150,24150,24600,442.0,ABOVE_SPOT,,,,NSE_FO|47009,146470,23182,,,458997,,False,7.65,-1.8,-19.0476,10.41,True,7.6,56745,7.65,325,,,7.625,0.05,0.0066,0.0,7.65,NSE_FO|47010,8021,-634,,,8953,,False,365.0,-45.9,-11.1706,0.0,False,363.9,780,365.0,195,,,364.45,1.1,0.003,442.0,-77.0,0.0548,23816
2.1.0,20260828_104752_021,2026-08-28T10:47:52+05:30,2026-08-28T10:47:52+05:30,Asia/Kolkata,UPSTOX,NIFTY,2026-09-01,65,146399076a2dd16d,0.0,False,24158.0,24157.6,24122.6,24188.3,24106.55,24090.85,10.74,24150,24150,24650,492.0,ABOVE_SPOT,,,,NSE_FO|47011,60691,16876,,,259546,,False,5.5,-1.95,-26.1745,10.62,True,5.5,18005,5.55,18590,,,5.525,0.05,0.009,0.0,5.5,NSE_FO|47012,1823,-210,,,1285,,False,419.05,-44.1,-9.5218,0.0,False,411.9,130,413.5,195,,,412.7,1.6,0.0039,492.0,-72.95,0.03,17086
2.1.0,20260828_104752_021,2026-08-28T10:47:52+05:30,2026-08-28T10:47:52+05:30,Asia/Kolkata,UPSTOX,NIFTY,2026-09-01,65,146399076a2dd16d,0.0,False,24158.0,24157.6,24122.6,24188.3,24106.55,24090.85,10.74,24150,24150,24700,542.0,ABOVE_SPOT,,,,NSE_FO|47013,115933,15316,,,346149,,False,4.15,-1.65,-28.4483,10.93,True,4.15,72475,4.2,83005,,,4.175,0.05,0.012,0.0,4.15,NSE_FO|47014,5727,1597,,,6241,,False,460.2,-53.2,-10.3623,0.0,False,460.9,455,462.35,195,,,461.625,1.45,0.0031,542.0,-81.8,0.0494,13719
2.1.0,20260828_104752_021,2026-08-28T10:47:52+05:30,2026-08-28T10:47:52+05:30,Asia/Kolkata,UPSTOX,NIFTY,2026-09-01,65,146399076a2dd16d,0.0,False,24158.0,24157.6,24122.6,24188.3,24106.55,24090.85,10.74,24150,24150,24750,592.0,ABOVE_SPOT,,,,NSE_FO|47015,56848,11493,,,170682,,False,3.4,-1.45,-29.8969,11.38,True,3.35,29510,3.4,58565,,,3.375,0.05,0.0148,0.0,3.4,NSE_FO|47016,1198,-39,,,208,,False,508.0,-48.2,-8.6659,0.0,False,509.05,260,512.1,195,,,510.575,3.05,0.006,592.0,-84.0,0.0211,11532
2.1.0,20260828_104803_000,2026-08-28T10:48:03+05:30,2026-08-28T10:48:03+05:30,Asia/Kolkata,UPSTOX,NIFTY,2026-09-01,65,aa897da5d2c38c1c,0.0,False,24157.55,24157.65,24122.6,24188.3,24106.55,24090.85,10.74,24150,24150,23550,-607.55,BELOW_SPOT,,11.0,11.0,NSE_FO|46967,250,-15,,0,37,0,False,690.65,41.35,6.3684,25.31,True,694.4,65,697.8,65,,,696.1,3.4,0.0049,607.55,83.1,NSE_FO|46968,38688,28954,,0,114569,2,False,3.65,-0.1,-2.6667,13.0,True,3.6,46540,3.65,32695,,,3.625,0.05,0.0138,0.0,3.65,154.752,-28969
2.1.0,20260828_104803_000,2026-08-28T10:48:03+05:30,2026-08-28T10:48:03+05:30,Asia/Kolkata,UPSTOX,NIFTY,2026-09-01,65,aa897da5d2c38c1c,0.0,False,24157.55,24157.65,24122.6,24188.3,24106.55,24090.85,10.74,24150,24150,23600,-557.55,BELOW_SPOT,,11.0,11.0,NSE_FO|46969,585,-111,,0,497,0,False,642.1,50.0,8.4445,24.22,True,645.0,65,647.9,130,,,646.45,2.9,0.0045,557.55,84.55,NSE_FO|46970,75622,24262,,0,203083,42,False,4.05,-0.4,-8.9888,12.39,True,4.0,56290,4.05,58565,,,4.025,0.05,0.0124,0.0,4.05,129.2684,-24373
2.1.0,20260828_104803_000,2026-08-28T10:48:03+05:30,2026-08-28T10:48:03+05:30,Asia/Kolkata,UPSTOX,NIFTY,2026-09-01,65,aa897da5d2c38c1c,0.0,False,24157.55,24157.65,24122.6,24188.3,24106.55,24090.85,10.74,24150,24150,23650,-507.55,BELOW_SPOT,,11.0,11.0,NSE_FO|46971,319,13,,0,183,0,False,592.9,50.55,9.3205,22.98,True,595.75,130,598.15,65,,,596.95,2.4,0.004,507.55,85.35,NSE_FO|46972,37945,15860,,0,162285,31,False,4.5,-0.9,-16.6667,11.72,True,4.5,15535,4.55,47840,,,4.525,0.05,0.011,0.0,4.5,118.9498,-15847
2.1.0,20260828_104803_000,2026-08-28T10:48:03+05:30,2026-08-28T10:48:03+05:30,Asia/Kolkata,UPSTOX,NIFTY,2026-09-01,65,aa897da5d2c38c1c,0.0,False,24157.55,24157.65,24122.6,24188.3,24106.55,24090.85,10.74,24150,24150,23700,-457.55,BELOW_SPOT,,11.0,11.0,NSE_FO|46973,2792,8,,0,1410,0,False,547.75,45.45,9.0484,22.28,True,546.4,130,548.2,130,,,547.3,1.8,0.0033,457.55,90.2,NSE_FO|46974,98685,20081,,0,273727,172,False,5.2,-1.55,-22.963,11.11,True,5.2,22815,5.25,50570,,,5.225,0.05,0.0096,0.0,5.2,35.3456,-20073
2.1.0,20260828_104803_000,2026-08-28T10:48:03+05:30,2026-08-28T10:48:03+05:30,Asia/Kolkata,UPSTOX,NIFTY,2026-09-01,65,aa897da5d2c38c1c,0.0,False,24157.55,24157.65,24122.6,24188.3,24106.55,24090.85,10.74,24150,24150,23750,-407.55,BELOW_SPOT,,11.0,11.0,NSE_FO|46975,668,118,,0,1073,0,False,499.25,45.55,10.0397,21.06,True,497.85,130,499.5,455,,,498.675,1.65,0.0033,407.55,91.7,NSE_FO|46976,48145,17116,,0,233364,194,False,6.25,-2.35,-27.3256,10.56,True,6.25,23660,6.3,22295,,,6.275,0.05,0.008,0.0,6.25,72.0734,-16998
2.1.0,20260828_104803_000,2026-08-28T10:48:03+05:30,2026-08-28T10:48:03+05:30,Asia/Kolkata,UPSTOX,NIFTY,2026-09-01,65,aa897da5d2c38c1c,0.0,False,24157.55,24157.65,24122.6,24188.3,24106.55,24090.85,10.74,24150,24150,23800,-357.55,BELOW_SPOT,,11.0,11.0,NSE_FO|46977,3104,194,,0,7183,2,False,450.75,48.35,12.0154,19.84,True,449.45,130,450.7,650,,,450.075,1.25,0.0028,357.55,93.2,NSE_FO|46978,134000,36391,,0,425839,203,False,7.6,-3.5,-31.5315,9.98,True,7.6,11505,7.65,27235,,,7.625,0.05,0.0066,0.0,7.6,43.1701,-36197
2.1.0,20260828_104803_000,2026-08-28T10:48:03+05:30,2026-08-28T10:48:03+05:30,Asia/Kolkata,UPSTOX,NIFTY,2026-09-01,65,aa897da5d2c38c1c,0.0,False,24157.55,24157.65,24122.6,24188.3,24106.55,24090.85,10.74,24150,24150,23850,-307.55,BELOW_SPOT,,11.0,11.0,NSE_FO|46979,1429,450,,0,3797,0,False,405.0,49.75,14.0042,18.88,True,401.55,325,402.8,650,,,402.175,1.25,0.0031,307.55,97.45,NSE_FO|46980,52597,23813,,0,249720,58,False,9.75,-4.55,-31.8182,9.51,True,9.7,5070,9.75,25415,,,9.725,0.05,0.0051,0.0,9.75,36.8069,-23363
2.1.0,20260828_104803_000,2026-08-28T10:48:03+05:30,2026-08-28T10:48:03+05:30,Asia/Kolkata,UPSTOX,NIFTY,2026-09-01,65,aa897da5d2c38c1c,0.0,False,24157.55,24157.65,24122.6,24188.3,24106.55,24090.85,10.74,24150,24150,23900,-257.55,BELOW_SPOT,,11.0,11.0,NSE_FO|46981,4860,1260,,0,22925,1,False,354.35,40.6,12.9402,17.2,True,355.0,260,355.7,585,,,355.35,0.7,0.002,257.55,96.8,NSE_FO|46982,113411,45428,,0,504076,143,False,12.75,-6.5,-33.7662,9.09,True,12.65,27950,12.75,40885,,,12.7,0.1,0.0079,0.0,12.75,23.3356,-44168
2.1.0,20260828_104803_000,2026-08-28T10:48:03+05:30,2026-08-28T10:48:03+05:30,Asia/Kolkata,UPSTOX,NIFTY,2026-09-01,65,aa897da5d2c38c1c,0.0,False,24157.55,24157.65,24122.6,24188.3,24106.55,24090.85,10.74,24150,24150,23950,-207.55,BELOW_SPOT,,11.0,11.0,NSE_FO|46983,3744,1569,,0,22600,9,False,309.75,40.5,15.0418,16.19,True,309.05,130,309.9,260,,,309.475,0.85,0.0027,207.55,102.2,NSE_FO|46984,61526,29708,,0,367826,99,False,17.05,-8.5,-33.2681,8.67,True,17.0,5070,17.05,4550,,,17.025,0.05,0.0029,0.0,17.05,16.4332,-28139
2.1.0,20260828_104803_000,2026-08-28T10:48:03+05:30,2026-08-28T10:48:03+05:30,Asia/Kolkata,UPSTOX,NIFTY,2026-09-01,65,aa897da5d2c38c1c,0.0,False,24157.55,24157.65,24122.6,24188.3,24106.55,24090.85,10.74,24150,24150,24000,-157.55,BELOW_SPOT,,11.0,11.0,NSE_FO|46985,32832,6775,,0,210292,68,False,265.8,38.05,16.7069,15.24,True,265.25,65,265.8,910,,,265.525,0.55,0.0021,157.55,108.25,NSE_FO|46986,205100,95782,,0,1066891,756,False,23.1,-12.0,-34.188,8.27,True,23.0,7865,23.1,13065,,,23.05,0.1,0.0043,0.0,23.1,6.247,-89007
2.1.0,20260828_104803_000,2026-08-28T10:48:03+05:30,2026-08-28T10:48:03+05:30,Asia/Kolkata,UPSTOX,NIFTY,2026-09-01,65,aa897da5d2c38c1c,0.0,False,24157.55,24157.65,24122.6,24188.3,24106.55,24090.85,10.74,24150,24150,24050,-107.55,BELOW_SPOT,,11.0,11.0,NSE_FO|46987,15599,5176,,0,177168,74,False,223.2,31.9,16.6754,14.28,True,223.25,195,223.75,195,,,223.5,0.5,0.0022,107.55,115.65,NSE_FO|46988,106414,69468,,0,690728,308,False,30.9,-15.75,-33.7621,7.85,True,30.95,715,31.0,1365,,,30.975,0.05,0.0016,0.0,30.9,6.8218,-64292
2.1.0,20260828_104803_000,2026-08-28T10:48:03+05:30,2026-08-28T10:48:03+05:30,Asia/Kolkata,UPSTOX,NIFTY,2026-09-01,65,aa897da5d2c38c1c,0.0,False,24157.55,24157.65,24122.6,24188.3,24106.55,24090.85,10.74,24150,24150,24100,-57.55,BELOW_SPOT,,11.0,11.0,NSE_FO|46989,72388,25903,,0,990083,312,False,184.3,29.05,18.7118,13.35,True,184.4,65,184.45,130,,,184.425,0.05,0.0003,57.55,126.75,NSE_FO|46990,275680,191497,,0,1897660,901,False,41.9,-20.25,-32.5825,7.46,True,41.9,7345,42.05,7670,,,41.975,0.15,0.0036,0.0,41.9,3.8084,-165594
2.1.0,20260828_104803_000,2026-08-28T10:48:03+05:30,2026-08-28T10:48:03+05:30,Asia/Kolkata,UPSTOX,NIFTY,2026-09-01,65,aa897da5d2c38c1c,0.0,False,24157.55,24157.65,24122.6,24188.3,24106.55,24090.85,10.74,24150,24150,24150,-7.55,ATM,,11.0,11.0,NSE_FO|46991,111290,51053,,0,1316566,1035,False,148.1,21.25,16.7521,12.62,True,148.1,260,148.3,65,,,148.2,0.2,0.0013,7.55,140.55,NSE_FO|46992,250399,196149,,0,1794069,1992,False,55.9,-23.05,-29.1957,6.97,True,55.95,65,56.05,1625,,,56.0,0.1,0.0018,0.0,55.9,2.25,-145096
2.1.0,20260828_104803_000,2026-08-28T10:48:03+05:30,2026-08-28T10:48:03+05:30,Asia/Kolkata,UPSTOX,NIFTY,2026-09-01,65,aa897da5d2c38c1c,0.0,False,24157.55,24157.65,24122.6,24188.3,24106.55,24090.85,10.74,24150,24150,24200,42.45,ABOVE_SPOT,,11.0,11.0,NSE_FO|46993,236621,82933,,0,1806965,1623,False,116.4,17.65,17.8734,12.01,True,116.45,455,116.5,65,,,116.475,0.05,0.0004,0.0,116.4,NSE_FO|46994,293362,192184,,0,1576259,1279,False,74.4,-28.4,-27.6265,6.39,True,74.15,910,74.35,3185,,,74.25,0.2,0.0027,42.45,31.95,1.2398,-109251
2.1.0,20260828_104803_000,2026-08-28T10:48:03+05:30,2026-08-28T10:48:03+05:30,Asia/Kolkata,UPSTOX,NIFTY,2026-09-01,65,aa897da5d2c38c1c,0.0,False,24157.55,24157.65,24122.6,24188.3,24106.55,24090.85,10.74,24150,24150,24250,92.45,ABOVE_SPOT,,11.0,11.0,NSE_FO|46995,145406,56394,,0,1008196,1184,False,88.7,11.8,15.3446,11.47,True,88.7,3445,88.9,65,,,88.8,0.2,0.0023,0.0,88.7,NSE_FO|46996,93969,53439,,0,506416,591,False,96.55,-32.3,-25.0679,5.6,True,96.35,65,96.5,260,,,96.425,0.15,0.0016,92.45,4.1,0.6463,2955
2.1.0,20260828_104803_000,2026-08-28T10:48:03+05:30,2026-08-28T10:48:03+05:30,Asia/Kolkata,UPSTOX,NIFTY,2026-09-01,65,aa897da5d2c38c1c,0.0,False,24157.55,24157.65,24122.6,24188.3,24106.55,24090.85,10.74,24150,24150,24300,142.45,ABOVE_SPOT,,11.0,11.0,NSE_FO|46997,253083,49753,,0,1302027,969,False,66.0,8.05,13.8913,11.06,True,65.9,1755,66.05,455,,,65.975,0.15,0.0023,0.0,66.0,NSE_FO|46998,115933,39893,,0,586874,604,False,123.75,-38.6,-23.7758,4.17,True,123.5,130,123.75,2210,,,123.625,0.25,0.002,142.45,-18.7,0.4581,9860
2.1.0,20260828_104803_000,2026-08-28T10:48:03+05:30,2026-08-28T10:48:03+05:30,Asia/Kolkata,UPSTOX,NIFTY,2026-09-01,65,aa897da5d2c38c1c,0.0,False,24157.55,24157.65,24122.6,24188.3,24106.55,24090.85,10.74,24150,24150,24350,192.45,ABOVE_SPOT,,11.0,11.0,NSE_FO|46999,164240,40925,,0,697655,572,False,47.5,3.95,9.07,10.73,True,47.35,4225,47.5,6240,,,47.425,0.15,0.0032,0.0,47.5,NSE_FO|47000,35184,9644,,0,127523,82,False,155.1,-39.9,-20.4615,0.0,False,155.2,65,155.35,260,,,155.275,0.15,0.001,192.45,-37.35,0.2142,31281
2.1.0,20260828_104803_000,2026-08-28T10:48:03+05:30,2026-08-28T10:48:03+05:30,Asia/Kolkata,UPSTOX,NIFTY,2026-09-01,65,aa897da5d2c38c1c,0.0,False,24157.55,24157.65,24122.6,24188.3,24106.55,24090.85,10.74,24150,24150,24400,242.45,ABOVE_SPOT,,11.0,11.0,NSE_FO|47001,223359,35146,,0,874896,1175,False,33.45,1.65,5.1887,10.5,True,33.45,845,33.5,1040,,,33.475,0.05,0.0015,0.0,33.45,NSE_FO|47002,41268,6465,,0,139631,102,False,191.3,-43.35,-18.4743,0.0,False,190.75,130,191.25,715,,,191.0,0.5,0.0026,242.45,-51.15,0.1848,28681
2.1.0,20260828_104803_000,2026-08-28T10:48:03+05:30,2026-08-28T10:48:03+05:30,Asia/Kolkata,UPSTOX,NIFTY,2026-09-01,65,aa897da5d2c38c1c,0.0,False,24157.55,24157.65,24122.6,24188.3,24106.55,24090.85,10.74,24150,24150,24450,292.45,ABOVE_SPOT,,11.0,11.0,NSE_FO|47003,93612,12511,,0,472267,474,False,23.15,-0.3,-1.2793,10.35,True,23.15,9945,23.25,8580,,,23.2,0.1,0.0043,0.0,23.15,NSE_FO|47004,10530,1572,,0,20924,4,False,230.95,-43.7,-15.9112,0.0,False,230.35,390,231.0,845,,,230.675,0.65,0.0028,292.45,-61.5,0.1125,10939
2.1.0,20260828_104803_000,2026-08-28T10:48:03+05:30,2026-08-28T10:48:03+05:30,Asia/Kolkata,UPSTOX,NIFTY,2026-09-01,65,aa897da5d2c38c1c,0.0,False,24157.55,24157.65,24122.6,24188.3,24106.55,24090.85,10.74,24150,24150,24500,342.45,ABOVE_SPOT,,11.0,11.0,NSE_FO|47005,215114,22221,,0,807261,641,False,15.95,-1.7,-9.6317,10.31,True,15.95,19175,16.05,23595,,,16.0,0.1,0.0063,0.0,15.95,NSE_FO|47006,35461,3858,,0,62213,31,False,273.45,-44.05,-13.874,0.0,False,273.0,195,273.6,650,,,273.3,0.6,0.0022,342.45,-69.0,0.1648,18363
2.1.0,20260828_104803_000,2026-08-28T10:48:03+05:30,2026-08-28T10:48:03+05:30,Asia/Kolkata,UPSTOX,NIFTY,2026-09-01,65,aa897da5d2c38c1c,0.0,False,24157.55,24157.65,24122.6,24188.3,24106.55,24090.85,10.74,24150,24150,24550,392.45,ABOVE_SPOT,,11.0,11.0,NSE_FO|47007,78587,14287,,0,386067,91,False,10.95,-1.75,-13.7795,10.35,True,10.9,4680,10.95,8385,,,10.925,0.05,0.0046,0.0,10.95,NSE_FO|47008,3053,76,,0,5369,3,False,317.85,-45.95,-12.6306,0.0,False,317.85,520,318.85,390,,,318.35,1.0,0.0031,392.45,-74.6,0.0388,14211
2.1.0,20260828_104803_000,2026-08-28T10:48:03+05:30,2026-08-28T10:48:03+05:30,Asia/Kolkata,UPSTOX,NIFTY,2026-09-01,65,aa897da5d2c38c1c,0.0,False,24157.55,24157.65,24122.6,24188.3,24106.55,24090.85,10.74,24150,24150,24600,442.45,ABOVE_SPOT,,11.0,11.0,NSE_FO|47009,146470,23182,,0,459198,201,False,7.6,-1.85,-19.5767,10.47,True,7.6,51285,7.65,15210,,,7.625,0.05,0.0066,0.0,7.6,NSE_FO|47010,8021,-634,,0,8955,2,False,364.8,-46.1,-11.2193,0.0,False,364.25,585,365.3,390,,,364.775,1.05,0.0029,442.45,-77.65,0.0548,23816
2.1.0,20260828_104803_000,2026-08-28T10:48:03+05:30,2026-08-28T10:48:03+05:30,Asia/Kolkata,UPSTOX,NIFTY,2026-09-01,65,aa897da5d2c38c1c,0.0,False,24157.55,24157.65,24122.6,24188.3,24106.55,24090.85,10.74,24150,24150,24650,492.45,ABOVE_SPOT,,11.0,11.0,NSE_FO|47011,60691,16876,,0,259556,10,False,5.55,-1.9,-25.5034,10.65,True,5.5,18460,5.55,19110,,,5.525,0.05,0.009,0.0,5.55,NSE_FO|47012,1823,-210,,0,1285,0,False,419.05,-44.1,-9.5218,0.0,False,411.45,520,413.15,130,,,412.3,1.7,0.0041,492.45,-73.4,0.03,17086
2.1.0,20260828_104803_000,2026-08-28T10:48:03+05:30,2026-08-28T10:48:03+05:30,Asia/Kolkata,UPSTOX,NIFTY,2026-09-01,65,aa897da5d2c38c1c,0.0,False,24157.55,24157.65,24122.6,24188.3,24106.55,24090.85,10.74,24150,24150,24700,542.45,ABOVE_SPOT,,11.0,11.0,NSE_FO|47013,115933,15316,,0,346323,174,False,4.2,-1.6,-27.5862,10.99,True,4.15,117260,4.2,69030,,,4.175,0.05,0.012,0.0,4.2,NSE_FO|47014,5727,1597,,0,6242,1,False,461.0,-52.4,-10.2065,0.0,False,461.0,130,462.45,260,,,461.725,1.45,0.0031,542.45,-81.45,0.0494,13719
2.1.0,20260828_104803_000,2026-08-28T10:48:03+05:30,2026-08-28T10:48:03+05:30,Asia/Kolkata,UPSTOX,NIFTY,2026-09-01,65,aa897da5d2c38c1c,0.0,False,24157.55,24157.65,24122.6,24188.3,24106.55,24090.85,10.74,24150,24150,24750,592.45,ABOVE_SPOT,,11.0,11.0,NSE_FO|47015,56848,11493,,0,170751,69,False,3.4,-1.45,-29.8969,11.41,True,3.35,28275,3.4,55380,,,3.375,0.05,0.0148,0.0,3.4,NSE_FO|47016,1198,-39,,0,208,0,False,508.0,-48.2,-8.6659,0.0,False,509.3,130,511.75,65,,,510.525,2.45,0.0048,592.45,-84.45,0.0211,11532
2.1.0,20260828_104903_000,2026-08-28T10:49:03+05:30,2026-08-28T10:49:03+05:30,Asia/Kolkata,UPSTOX,NIFTY,2026-09-01,65,bc08bd0c4ca96796,0.0,False,24157.6,24157.8,24122.6,24188.3,24106.55,24090.85,10.74,24150,24150,23550,-607.6,BELOW_SPOT,,60.0,60.0,NSE_FO|46967,250,-15,,0,37,0,False,690.65,41.35,6.3684,25.07,True,693.95,65,698.55,65,,,696.25,4.6,0.0066,607.6,83.05,NSE_FO|46968,39155,29421,,467,114592,23,False,3.65,-0.1,-2.6667,13.06,True,3.6,43095,3.65,37960,,,3.625,0.05,0.0138,0.0,3.65,156.62,-29436
2.1.0,20260828_104903_000,2026-08-28T10:49:03+05:30,2026-08-28T10:49:03+05:30,Asia/Kolkata,UPSTOX,NIFTY,2026-09-01,65,bc08bd0c4ca96796,0.0,False,24157.6,24157.8,24122.6,24188.3,24106.55,24090.85,10.74,24150,24150,23600,-557.6,BELOW_SPOT,,60.0,60.0,NSE_FO|46969,585,-111,,0,508,11,False,650.65,58.55,9.8885,25.47,True,645.05,65,647.8,65,,,646.425,2.75,0.0043,557.6,93.05,NSE_FO|46970,76280,24920,,658,203712,629,False,3.95,-0.5,-11.236,12.33,True,3.95,108160,4.0,36335,,,3.975,0.05,0.0126,0.0,3.95,130.3932,-25031
2.1.0,20260828_104903_000,2026-08-28T10:49:03+05:30,2026-08-28T10:49:03+05:30,Asia/Kolkata,UPSTOX,NIFTY,2026-09-01,65,bc08bd0c4ca96796,0.0,False,24157.6,24157.8,24122.6,24188.3,24106.55,24090.85,10.74,24150,24150,23650,-507.6,BELOW_SPOT,,60.0,60.0,NSE_FO|46971,319,13,,0,183,0,False,592.9,50.55,9.3205,22.95,True,595.95,65,598.85,65,,,597.4,2.9,0.0049,507.6,85.3,NSE_FO|46972,37892,15807,,-53,162426,141,False,4.5,-0.9,-16.6667,11.72,True,4.45,54990,4.5,37765,,,4.475,0.05,0.0112,0.0,4.5,118.7837,-15794
2.1.0,20260828_104903_000,2026-08-28T10:49:03+05:30,2026-08-28T10:49:03+05:30,Asia/Kolkata,UPSTOX,NIFTY,2026-09-01,65,bc08bd0c4ca96796,0.0,False,24157.6,24157.8,24122.6,24188.3,24106.55,24090.85,10.74,24150,24150,23700,-457.6,BELOW_SPOT,,60.0,60.0,NSE_FO|46973,2792,8,,0,1410,0,False,547.75,45.45,9.0484,22.26,True,546.5,130,548.55,260,,,547.525,2.05,0.0037,457.6,90.15,NSE_FO|46974,98899,20295,,214,274417,690,False,5.15,-1.6,-23.7037,11.08,True,5.15,41535,5.2,33995,,,5.175,0.05,0.0097,0.0,5.15,35.4223,-20287
2.1.0,20260828_104903_000,2026-08-28T10:49:03+05:30,2026-08-28T10:49:03+05:30,Asia/Kolkata,UPSTOX,NIFTY,2026-09-01,65,bc08bd0c4ca96796,0.0,False,24157.6,24157.8,24122.6,24188.3,24106.55,24090.85,10.74,24150,24150,23750,-407.6,BELOW_SPOT,,60.0,60.0,NSE_FO|46975,670,120,,2,1074,1,False,502.3,48.6,10.7119,21.27,True,498.25,130,499.85,130,,,499.05,1.6,0.0032,407.6,94.7,NSE_FO|46976,47939,16910,,-206,233958,594,False,6.2,-2.4,-27.907,10.56,True,6.2,19305,6.25,20735,,,6.225,0.05,0.008,0.0,6.2,71.5507,-16790
2.1.0,20260828_104903_000,2026-08-28T10:49:03+05:30,2026-08-28T10:49:03+05:30,Asia/Kolkata,UPSTOX,NIFTY,2026-09-01,65,bc08bd0c4ca96796,0.0,False,24157.6,24157.8,24122.6,24188.3,24106.55,24090.85,10.74,24150,24150,23800,-357.6,BELOW_SPOT,,60.0,60.0,NSE_FO|46977,3096,186,,-8,7190,7,False,450.05,47.65,11.8415,19.68,True,449.3,195,450.7,130,,,450.0,1.4,0.0031,357.6,92.45,NSE_FO|46978,133498,35889,,-502,427993,2154,False,7.5,-3.6,-32.4324,9.95,True,7.5,11310,7.55,34775,,,7.525,0.05,0.0066,0.0,7.5,43.1195,-35703
2.1.0,20260828_104903_000,2026-08-28T10:49:03+05:30,2026-08-28T10:49:03+05:30,Asia/Kolkata,UPSTOX,NIFTY,2026-09-01,65,bc08bd0c4ca96796,0.0,False,24157.6,24157.8,24122.6,24188.3,24106.55,24090.85,10.74,24150,24150,23850,-307.6,BELOW_SPOT,,60.0,60.0,NSE_FO|46979,1429,450,,0,3801,4,False,402.8,47.55,13.3849,18.54,True,401.8,195,403.1,390,,,402.45,1.3,0.0032,307.6,95.2,NSE_FO|46980,52645,23861,,48,250758,1038,False,9.6,-4.7,-32.8671,9.49,True,9.6,3055,9.65,38480,,,9.625,0.05,0.0052,0.0,9.6,36.8404,-23411
2.1.0,20260828_104903_000,2026-08-28T10:49:03+05:30,2026-08-28T10:49:03+05:30,Asia/Kolkata,UPSTOX,NIFTY,2026-09-01,65,bc08bd0c4ca96796,0.0,False,24157.6,24157.8,24122.6,24188.3,24106.55,24090.85,10.74,24150,24150,23900,-257.6,BELOW_SPOT,,60.0,60.0,NSE_FO|46981,4849,1249,,-11,23043,118,False,355.9,42.15,13.4343,17.46,True,355.15,130,356.05,650,,,355.6,0.9,0.0025,257.6,98.3,NSE_FO|46982,113459,45476,,48,506259,2183,False,12.5,-6.75,-35.0649,9.03,True,12.45,21580,12.5,1950,,,12.475,0.05,0.004,0.0,12.5,23.3984,-44227
2.1.0,20260828_104903_000,2026-08-28T10:49:03+05:30,2026-08-28T10:49:03+05:30,Asia/Kolkata,UPSTOX,NIFTY,2026-09-01,65,bc08bd0c4ca96796,0.0,False,24157.6,24157.8,24122.6,24188.3,24106.55,24090.85,10.74,24150,24150,23950,-207.6,BELOW_SPOT,,60.0,60.0,NSE_FO|46983,3752,1577,,8,22632,32,False,309.85,40.6,15.0789,16.2,True,309.1,130,309.95,195,,,309.525,0.85,0.0027,207.6,102.25,NSE_FO|46984,61634,29816,,108,369362,1536,False,16.85,-8.7,-34.0509,8.65,True,16.7,16185,16.8,13325,,,16.75,0.1,0.006,0.0,16.85,16.427,-28239
2.1.0,20260828_104903_000,2026-08-28T10:49:03+05:30,2026-08-28T10:49:03+05:30,Asia/Kolkata,UPSTOX,NIFTY,2026-09-01,65,bc08bd0c4ca96796,0.0,False,24157.6,24157.8,24122.6,24188.3,24106.55,24090.85,10.74,24150,24150,24000,-157.6,BELOW_SPOT,,60.0,60.0,NSE_FO|46985,32612,6555,,-220,211340,1048,False,265.9,38.15,16.7508,15.21,True,265.35,910,265.75,260,,,265.55,0.4,0.0015,157.6,108.3,NSE_FO|46986,204741,95423,,-359,1072368,5477,False,22.75,-12.35,-35.1852,8.25,True,22.75,8060,22.85,7280,,,22.8,0.1,0.0044,0.0,22.75,6.2781,-88868
2.1.0,20260828_104903_000,2026-08-28T10:49:03+05:30,2026-08-28T10:49:03+05:30,Asia/Kolkata,UPSTOX,NIFTY,2026-09-01,65,bc08bd0c4ca96796,0.0,False,24157.6,24157.8,24122.6,24188.3,24106.55,24090.85,10.74,24150,24150,24050,-107.6,BELOW_SPOT,,60.0,60.0,NSE_FO|46987,15766,5343,,167,177862,694,False,223.15,31.85,16.6492,14.24,True,223.35,390,223.95,390,,,223.65,0.6,0.0027,107.6,115.55,NSE_FO|46988,106483,69537,,69,694112,3384,False,30.7,-15.95,-34.1908,7.83,True,30.6,7085,30.75,9490,,,30.675,0.15,0.0049,0.0,30.7,6.754,-64194
2.1.0,20260828_104903_000,2026-08-28T10:49:03+05:30,2026-08-28T10:49:03+05:30,Asia/Kolkata,UPSTOX,NIFTY,2026-09-01,65,bc08bd0c4ca96796,0.0,False,24157.6,24157.8,24122.6,24188.3,24106.55,24090.85,10.74,24150,24150,24100,-57.6,BELOW_SPOT,,60.0,60.0,NSE_FO|46989,72806,26321,,418,994467,4384,False,184.35,29.1,18.744,13.35,True,184.2,65,184.35,65,,,184.275,0.15,0.0008,57.6,126.75,NSE_FO|46990,275040,190857,,-640,1907024,9364,False,41.65,-20.5,-32.9847,7.4,True,41.6,65,41.7,6955,,,41.65,0.1,0.0024,0.0,41.65,3.7777,-164536
2.1.0,20260828_104903_000,2026-08-28T10:49:03+05:30,2026-08-28T10:49:03+05:30,Asia/Kolkata,UPSTOX,NIFTY,2026-09-01,65,bc08bd0c4ca96796,0.0,False,24157.6,24157.8,24122.6,24188.3,24106.55,24090.85,10.74,24150,24150,24150,-7.6,ATM,,60.0,60.0,NSE_FO|46991,112397,52160,,1107,1323154,6588,False,148.55,21.7,17.1068,12.6,True,148.05,455,148.4,1040,,,148.225,0.35,0.0024,7.6,140.95,NSE_FO|46992,249139,194889,,-1260,1806904,12835,False,55.6,-23.35,-29.5757,6.93,True,55.5,3120,55.65,4030,,,55.575,0.15,0.0027,0.0,55.6,2.2166,-142729
2.1.0,20260828_104903_000,2026-08-28T10:49:03+05:30,2026-08-28T10:49:03+05:30,Asia/Kolkata,UPSTOX,NIFTY,2026-09-01,65,bc08bd0c4ca96796,0.0,False,24157.6,24157.8,24122.6,24188.3,24106.55,24090.85,10.74,24150,24150,24200,42.4,ABOVE_SPOT,,60.0,60.0,NSE_FO|46993,237271,83583,,650,1816636,9671,False,116.3,17.55,17.7722,11.98,True,116.35,455,116.6,195,,,116.475,0.25,0.0021,0.0,116.3,NSE_FO|46994,291919,190741,,-1443,1586436,10177,False,73.9,-28.9,-28.1128,6.36,True,73.75,4290,73.9,65,,,73.825,0.15,0.002,42.4,31.5,1.2303,-107158
2.1.0,20260828_104903_000,2026-08-28T10:49:03+05:30,2026-08-28T10:49:03+05:30,Asia/Kolkata,UPSTOX,NIFTY,2026-09-01,65,bc08bd0c4ca96796,0.0,False,24157.6,24157.8,24122.6,24188.3,24106.55,24090.85,10.74,24150,24150,24250,92.4,ABOVE_SPOT,,60.0,60.0,NSE_FO|46995,146423,57411,,1017,1015086,6890,False,88.8,11.9,15.4746,11.48,True,88.85,715,89.0,780,,,88.925,0.15,0.0017,0.0,88.8,NSE_FO|46996,93299,52769,,-670,510400,3984,False,95.9,-32.95,-25.5724,5.56,True,95.85,1300,96.05,130,,,95.95,0.2,0.0021,92.4,3.5,0.6372,4642
2.1.0,20260828_104903_000,2026-08-28T10:49:03+05:30,2026-08-28T10:49:03+05:30,Asia/Kolkata,UPSTOX,NIFTY,2026-09-01,65,bc08bd0c4ca96796,0.0,False,24157.6,24157.8,24122.6,24188.3,24106.55,24090.85,10.74,24150,24150,24300,142.4,ABOVE_SPOT,,60.0,60.0,NSE_FO|46997,253733,50403,,650,1309280,7253,False,66.1,8.15,14.0638,11.04,True,65.95,2405,66.15,3185,,,66.05,0.2,0.003,0.0,66.1,NSE_FO|46998,116161,40121,,228,590822,3948,False,123.4,-38.95,-23.9914,4.09,True,123.0,1495,123.35,1625,,,123.175,0.35,0.0028,142.4,-19.0,0.4578,10282
2.1.0,20260828_104903_000,2026-08-28T10:49:03+05:30,2026-08-28T10:49:03+05:30,Asia/Kolkata,UPSTOX,NIFTY,2026-09-01,65,bc08bd0c4ca96796,0.0,False,24157.6,24157.8,24122.6,24188.3,24106.55,24090.85,10.74,24150,24150,24350,192.4,ABOVE_SPOT,,60.0,60.0,NSE_FO|46999,164297,40982,,57,701563,3908,False,47.5,3.95,9.07,10.7,True,47.35,3250,47.5,5395,,,47.425,0.15,0.0032,0.0,47.5,NSE_FO|47000,35125,9585,,-59,128187,664,False,154.8,-40.2,-20.6154,0.0,False,154.8,325,155.0,715,,,154.9,0.2,0.0013,192.4,-37.6,0.2138,31397
2.1.0,20260828_104903_000,2026-08-28T10:49:03+05:30,2026-08-28T10:49:03+05:30,Asia/Kolkata,UPSTOX,NIFTY,2026-09-01,65,bc08bd0c4ca96796,0.0,False,24157.6,24157.8,24122.6,24188.3,24106.55,24090.85,10.74,24150,24150,24400,242.4,ABOVE_SPOT,,60.0,60.0,NSE_FO|47001,224500,36287,,1141,881874,6978,False,33.55,1.75,5.5031,10.49,True,33.5,780,33.6,4420,,,33.55,0.1,0.003,0.0,33.55,NSE_FO|47002,41336,6533,,68,140481,850,False,191.0,-43.65,-18.6022,0.0,False,190.3,390,190.8,780,,,190.55,0.5,0.0026,242.4,-51.4,0.1841,29754
2.1.0,20260828_104903_000,2026-08-28T10:49:03+05:30,2026-08-28T10:49:03+05:30,Asia/Kolkata,UPSTOX,NIFTY,2026-09-01,65,bc08bd0c4ca96796,0.0,False,24157.6,24157.8,24122.6,24188.3,24106.55,24090.85,10.74,24150,24150,24450,292.4,ABOVE_SPOT,,60.0,60.0,NSE_FO|47003,94153,13052,,541,476730,4463,False,23.3,-0.15,-0.6397,10.38,True,23.2,5850,23.3,8255,,,23.25,0.1,0.0043,0.0,23.3,NSE_FO|47004,10544,1586,,14,21095,171,False,230.3,-44.35,-16.1478,0.0,False,230.1,390,230.75,325,,,230.425,0.65,0.0028,292.4,-62.1,0.112,11466
2.1.0,20260828_104903_000,2026-08-28T10:49:03+05:30,2026-08-28T10:49:03+05:30,Asia/Kolkata,UPSTOX,NIFTY,2026-09-01,65,bc08bd0c4ca96796,0.0,False,24157.6,24157.8,24122.6,24188.3,24106.55,24090.85,10.74,24150,24150,24500,342.4,ABOVE_SPOT,,60.0,60.0,NSE_FO|47005,215660,22767,,546,811363,4102,False,16.05,-1.6,-9.0652,10.31,True,16.05,325,16.1,24180,,,16.075,0.05,0.0031,0.0,16.05,NSE_FO|47006,35484,3881,,23,62625,412,False,272.6,-44.9,-14.1417,0.0,False,272.75,260,273.45,325,,,273.1,0.7,0.0026,342.4,-69.8,0.1645,18886
2.1.0,20260828_104903_000,2026-08-28T10:49:03+05:30,2026-08-28T10:49:03+05:30,Asia/Kolkata,UPSTOX,NIFTY,2026-09-01,65,bc08bd0c4ca96796,0.0,False,24157.6,24157.8,24122.6,24188.3,24106.55,24090.85,10.74,24150,24150,24550,392.4,ABOVE_SPOT,,60.0,60.0,NSE_FO|47007,78870,14570,,283,387850,1783,False,11.0,-1.7,-13.3858,10.33,True,10.95,2600,11.0,15470,,,10.975,0.05,0.0046,0.0,11.0,NSE_FO|47008,3049,72,,-4,5395,26,False,316.75,-47.05,-12.9329,0.0,False,317.75,195,318.65,195,,,318.2,0.9,0.0028,392.4,-75.65,0.0387,14498
2.1.0,20260828_104903_000,2026-08-28T10:49:03+05:30,2026-08-28T10:49:03+05:30,Asia/Kolkata,UPSTOX,NIFTY,2026-09-01,65,bc08bd0c4ca96796,0.0,False,24157.6,24157.8,24122.6,24188.3,24106.55,24090.85,10.74,24150,24150,24600,442.4,ABOVE_SPOT,,60.0,60.0,NSE_FO|47009,146392,23104,,-78,460440,1242,False,7.65,-1.8,-19.0476,10.47,True,7.65,38285,7.7,12220,,,7.675,0.05,0.0065,0.0,7.65,NSE_FO|47010,8002,-653,,-19,9005,50,False,364.1,-46.8,-11.3896,0.0,False,363.85,130,364.8,130,,,364.325,0.95,0.0026,442.4,-78.3,0.0547,23757
2.1.0,20260828_104903_000,2026-08-28T10:49:03+05:30,2026-08-28T10:49:03+05:30,Asia/Kolkata,UPSTOX,NIFTY,2026-09-01,65,bc08bd0c4ca96796,0.0,False,24157.6,24157.8,24122.6,24188.3,24106.55,24090.85,10.74,24150,24150,24650,492.4,ABOVE_SPOT,,60.0,60.0,NSE_FO|47011,60693,16878,,2,259902,346,False,5.6,-1.85,-24.8322,10.68,True,5.55,17680,5.6,17680,,,5.575,0.05,0.009,0.0,5.6,NSE_FO|47012,1820,-213,,-3,1289,4,False,412.0,-51.15,-11.0439,0.0,False,411.1,260,413.05,195,,,412.075,1.95,0.0047,492.4,-80.4,0.03,17091
2.1.0,20260828_104903_000,2026-08-28T10:49:03+05:30,2026-08-28T10:49:03+05:30,Asia/Kolkata,UPSTOX,NIFTY,2026-09-01,65,bc08bd0c4ca96796,0.0,False,24157.6,24157.8,24122.6,24188.3,24106.55,24090.85,10.74,24150,24150,24700,542.4,ABOVE_SPOT,,60.0,60.0,NSE_FO|47013,116275,15658,,342,347273,950,False,4.25,-1.55,-26.7241,10.99,True,4.2,79105,4.25,56355,,,4.225,0.05,0.0118,0.0,4.25,NSE_FO|47014,6207,2077,,480,6743,501,False,461.7,-51.7,-10.0701,0.0,False,460.95,260,462.3,260,,,461.625,1.35,0.0029,542.4,-80.7,0.0534,13581
2.1.0,20260828_104903_000,2026-08-28T10:49:03+05:30,2026-08-28T10:49:03+05:30,Asia/Kolkata,UPSTOX,NIFTY,2026-09-01,65,bc08bd0c4ca96796,0.0,False,24157.6,24157.8,24122.6,24188.3,24106.55,24090.85,10.74,24150,24150,24750,592.4,ABOVE_SPOT,,60.0,60.0,NSE_FO|47015,56885,11530,,37,170874,123,False,3.4,-1.45,-29.8969,11.35,True,3.35,37635,3.4,41600,,,3.375,0.05,0.0148,0.0,3.4,NSE_FO|47016,1198,-39,,0,209,1,False,508.0,-48.2,-8.6659,0.0,False,508.55,130,511.25,65,,,509.9,2.7,0.0053,592.4,-84.4,0.0211,11569
2.1.0,20260828_105003_000,2026-08-28T10:50:03+05:30,2026-08-28T10:50:03+05:30,Asia/Kolkata,UPSTOX,NIFTY,2026-09-01,65,2bb539c288181b4e,0.0,False,24164.1,24163.4,24122.6,24188.3,24106.55,24090.85,10.73,24150,24150,23550,-614.1,BELOW_SPOT,,60.0,60.0,NSE_FO|46967,250,-15,,0,37,0,False,690.65,41.35,6.3684,24.49,True,699.45,65,703.75,65,,,701.6,4.3,0.0061,614.1,76.55,NSE_FO|46968,39150,29416,,-5,114826,234,False,3.6,-0.15,-4.0,13.12,True,3.55,42185,3.6,35815,,,3.575,0.05,0.014,0.0,3.6,156.6,-29431
2.1.0,20260828_105003_000,2026-08-28T10:50:03+05:30,2026-08-28T10:50:03+05:30,Asia/Kolkata,UPSTOX,NIFTY,2026-09-01,65,2bb539c288181b4e,0.0,False,24164.1,24163.4,24122.6,24188.3,24106.55,24090.85,10.73,24150,24150,23600,-564.1,BELOW_SPOT,,60.0,60.0,NSE_FO|46969,585,-111,,0,508,0,False,650.65,58.55,9.8885,24.8,True,650.1,195,653.35,65,,,651.725,3.25,0.005,564.1,86.55,NSE_FO|46970,76241,24881,,-39,204087,375,False,3.9,-0.55,-12.3596,12.45,True,3.9,60060,3.95,60060,,,3.925,0.05,0.0127,0.0,3.9,130.3265,-24992
2.1.0,20260828_105003_000,2026-08-28T10:50:03+05:30,2026-08-28T10:50:03+05:30,Asia/Kolkata,UPSTOX,NIFTY,2026-09-01,65,2bb539c288181b4e,0.0,False,24164.1,24163.4,24122.6,24188.3,24106.55,24090.85,10.73,24150,24150,23650,-514.1,BELOW_SPOT,,60.0,60.0,NSE_FO|46971,318,12,,-1,184,1,False,595.3,52.95,9.7631,22.58,True,601.4,65,604.45,65,,,602.925,3.05,0.0051,514.1,81.2,NSE_FO|46972,37896,15811,,4,162863,437,False,4.35,-1.05,-19.4444,11.78,True,4.35,39650,4.4,26000,,,4.375,0.05,0.0114,0.0,4.35,119.1698,-15799
2.1.0,20260828_105003_000,2026-08-28T10:50:03+05:30,2026-08-28T10:50:03+05:30,Asia/Kolkata,UPSTOX,NIFTY,2026-09-01,65,2bb539c288181b4e,0.0,False,24164.1,24163.4,24122.6,24188.3,24106.55,24090.85,10.73,24150,24150,23700,-464.1,BELOW_SPOT,,60.0,60.0,NSE_FO|46973,2789,5,,-3,1416,6,False,553.65,51.35,10.223,22.42,True,551.7,195,553.7,130,,,552.7,2.0,0.0036,464.1,89.55,NSE_FO|46974,98935,20331,,36,275257,840,False,5.1,-1.65,-24.4444,11.14,True,5.05,1950,5.1,63830,,,5.075,0.05,0.0099,0.0,5.1,35.4733,-20326
2.1.0,20260828_105003_000,2026-08-28T10:50:03+05:30,2026-08-28T10:50:03+05:30,Asia/Kolkata,UPSTOX,NIFTY,2026-09-01,65,2bb539c288181b4e,0.0,False,24164.1,24163.4,24122.6,24188.3,24106.55,24090.85,10.73,24150,24150,23750,-414.1,BELOW_SPOT,,60.0,60.0,NSE_FO|46975,670,120,,0,1074,0,False,502.3,48.6,10.7119,20.81,True,503.35,130,505.2,130,,,504.275,1.85,0.0037,414.1,88.2,NSE_FO|46976,47925,16896,,-14,234903,945,False,6.05,-2.55,-29.6512,10.59,True,6.0,29185,6.05,17420,,,6.025,0.05,0.0083,0.0,6.05,71.5299,-16776
2.1.0,20260828_105003_000,2026-08-28T10:50:03+05:30,2026-08-28T10:50:03+05:30,Asia/Kolkata,UPSTOX,NIFTY,2026-09-01,65,2bb539c288181b4e,0.0,False,24164.1,24163.4,24122.6,24188.3,24106.55,24090.85,10.73,24150,24150,23800,-364.1,BELOW_SPOT,,60.0,60.0,NSE_FO|46977,3097,187,,1,7210,20,False,458.45,56.05,13.9289,20.19,True,454.45,195,456.15,390,,,455.3,1.7,0.0037,364.1,94.35,NSE_FO|46978,133341,35732,,-157,429704,1711,False,7.25,-3.85,-34.6847,10.01,True,7.2,20280,7.25,26975,,,7.225,0.05,0.0069,0.0,7.25,43.0549,-35545
2.1.0,20260828_105003_000,2026-08-28T10:50:03+05:30,2026-08-28T10:50:03+05:30,Asia/Kolkata,UPSTOX,NIFTY,2026-09-01,65,2bb539c288181b4e,0.0,False,24164.1,24163.4,24122.6,24188.3,24106.55,24090.85,10.73,24150,24150,23850,-314.1,BELOW_SPOT,,60.0,60.0,NSE_FO|46979,1426,447,,-3,3806,5,False,409.45,54.2,15.2569,18.81,True,406.7,325,408.2,650,,,407.45,1.5,0.0037,314.1,95.35,NSE_FO|46980,53002,24218,,357,254842,4084,False,9.2,-5.1,-35.6643,9.52,True,9.2,6305,9.25,31590,,,9.225,0.05,0.0054,0.0,9.2,37.1683,-23771
2.1.0,20260828_105003_000,2026-08-28T10:50:03+05:30,2026-08-28T10:50:03+05:30,Asia/Kolkata,UPSTOX,NIFTY,2026-09-01,65,2bb539c288181b4e,0.0,False,24164.1,24163.4,24122.6,24188.3,24106.55,24090.85,10.73,24150,24150,23900,-264.1,BELOW_SPOT,,60.0,60.0,NSE_FO|46981,4883,1283,,34,23280,237,False,360.5,46.75,14.9004,17.4,True,360.0,975,360.8,455,,,360.4,0.8,0.0022,264.1,96.4,NSE_FO|46982,113491,45508,,32,514284,8025,False,11.95,-7.3,-37.9221,9.06,True,11.95,1690,12.0,17290,,,11.975,0.05,0.0042,0.0,11.95,23.2421,-44225
2.1.0,20260828_105003_000,2026-08-28T10:50:03+05:30,2026-08-28T10:50:03+05:30,Asia/Kolkata,UPSTOX,NIFTY,2026-09-01,65,2bb539c288181b4e,0.0,False,24164.1,24163.4,24122.6,24188.3,24106.55,24090.85,10.73,24150,24150,23950,-214.1,BELOW_SPOT,,60.0,60.0,NSE_FO|46983,3739,1564,,-13,22747,115,False,314.65,45.4,16.8617,16.16,True,313.6,260,314.5,260,,,314.05,0.9,0.0029,214.1,100.55,NSE_FO|46984,61428,29610,,-206,372184,2822,False,16.1,-9.45,-36.9863,8.64,True,16.0,19500,16.1,13780,,,16.05,0.1,0.0062,0.0,16.1,16.429,-28046
2.1.0,20260828_105003_000,2026-08-28T10:50:03+05:30,2026-08-28T10:50:03+05:30,Asia/Kolkata,UPSTOX,NIFTY,2026-09-01,65,2bb539c288181b4e,0.0,False,24164.1,24163.4,24122.6,24188.3,24106.55,24090.85,10.73,24150,24150,24000,-164.1,BELOW_SPOT,,60.0,60.0,NSE_FO|46985,32857,6800,,245,212730,1390,False,270.5,42.75,18.7706,15.24,True,270.0,260,270.3,195,,,270.15,0.3,0.0011,164.1,106.4,NSE_FO|46986,204585,95267,,-156,1081720,9352,False,21.65,-13.45,-38.3191,8.27,True,21.7,9750,21.8,9425,,,21.75,0.1,0.0046,0.0,21.65,6.2265,-88467
2.1.0,20260828_105003_000,2026-08-28T10:50:03+05:30,2026-08-28T10:50:03+05:30,Asia/Kolkata,UPSTOX,NIFTY,2026-09-01,65,2bb539c288181b4e,0.0,False,24164.1,24163.4,24122.6,24188.3,24106.55,24090.85,10.73,24150,24150,24050,-114.1,BELOW_SPOT,,60.0,60.0,NSE_FO|46987,15865,5442,,99,178790,928,False,228.3,37.0,19.3413,14.24,True,227.45,130,228.0,325,,,227.725,0.55,0.0024,114.1,114.2,NSE_FO|46988,106567,69621,,84,698714,4602,False,29.25,-17.4,-37.299,7.84,True,29.25,4030,29.35,4615,,,29.3,0.1,0.0034,0.0,29.25,6.7171,-64179
2.1.0,20260828_105003_000,2026-08-28T10:50:03+05:30,2026-08-28T10:50:03+05:30,Asia/Kolkata,UPSTOX,NIFTY,2026-09-01,65,2bb539c288181b4e,0.0,False,24164.1,24163.4,24122.6,24188.3,24106.55,24090.85,10.73,24150,24150,24100,-64.1,BELOW_SPOT,,60.0,60.0,NSE_FO|46989,73242,26757,,436,1000302,5835,False,188.4,33.15,21.3527,13.38,True,187.8,1040,188.3,1170,,,188.05,0.5,0.0027,64.1,124.3,NSE_FO|46990,276277,192094,,1237,1918620,11596,False,39.85,-22.3,-35.8809,7.45,True,39.85,8515,40.0,6175,,,39.925,0.15,0.0038,0.0,39.85,3.7721,-165337
2.1.0,20260828_105003_000,2026-08-28T10:50:03+05:30,2026-08-28T10:50:03+05:30,Asia/Kolkata,UPSTOX,NIFTY,2026-09-01,65,2bb539c288181b4e,0.0,False,24164.1,24163.4,24122.6,24188.3,24106.55,24090.85,10.73,24150,24150,24150,-14.1,ATM,,60.0,60.0,NSE_FO|46991,113549,53312,,1152,1332200,9046,False,151.75,24.9,19.6295,12.6,True,151.45,65,151.8,1365,,,151.625,0.35,0.0023,14.1,137.65,NSE_FO|46992,250631,196381,,1492,1826091,19187,False,53.45,-25.5,-32.2989,6.97,True,53.3,5005,53.45,4290,,,53.375,0.15,0.0028,0.0,53.45,2.2072,-143069
2.1.0,20260828_105003_000,2026-08-28T10:50:03+05:30,2026-08-28T10:50:03+05:30,Asia/Kolkata,UPSTOX,NIFTY,2026-09-01,65,2bb539c288181b4e,0.0,False,24164.1,24163.4,24122.6,24188.3,24106.55,24090.85,10.73,24150,24150,24200,35.9,ABOVE_SPOT,,60.0,60.0,NSE_FO|46993,239147,85459,,1876,1831178,14542,False,119.1,20.35,20.6076,11.98,True,119.05,2275,119.35,1755,,,119.2,0.3,0.0025,0.0,119.1,NSE_FO|46994,293660,192482,,1741,1604042,17606,False,71.3,-31.5,-30.642,6.44,True,71.15,3380,71.3,455,,,71.225,0.15,0.0021,35.9,35.4,1.2279,-107023
2.1.0,20260828_105003_000,2026-08-28T10:50:03+05:30,2026-08-28T10:50:03+05:30,Asia/Kolkata,UPSTOX,NIFTY,2026-09-01,65,2bb539c288181b4e,0.0,False,24164.1,24163.4,24122.6,24188.3,24106.55,24090.85,10.73,24150,24150,24250,85.9,ABOVE_SPOT,,60.0,60.0,NSE_FO|46995,147004,57992,,581,1023389,8303,False,91.35,14.45,18.7906,11.43,True,91.15,650,91.35,2145,,,91.25,0.2,0.0022,0.0,91.35,NSE_FO|46996,93538,53008,,239,515631,5231,False,92.8,-36.05,-27.9783,5.65,True,92.8,2015,93.0,455,,,92.9,0.2,0.0022,85.9,6.9,0.6363,4984
2.1.0,20260828_105003_000,2026-08-28T10:50:03+05:30,2026-08-28T10:50:03+05:30,Asia/Kolkata,UPSTOX,NIFTY,2026-09-01,65,2bb539c288181b4e,0.0,False,24164.1,24163.4,24122.6,24188.3,24106.55,24090.85,10.73,24150,24150,24300,135.9,ABOVE_SPOT,,60.0,60.0,NSE_FO|46997,254533,51203,,800,1319838,10558,False,68.0,10.05,17.3425,11.03,True,67.85,325,68.0,1495,,,67.925,0.15,0.0022,0.0,68.0,NSE_FO|46998,116871,40831,,710,597166,6344,False,119.55,-42.8,-26.3628,4.38,True,119.3,1495,119.6,845,,,119.45,0.3,0.0025,135.9,-16.35,0.4592,10372
2.1.0,20260828_105003_000,2026-08-28T10:50:03+05:30,2026-08-28T10:50:03+05:30,Asia/Kolkata,UPSTOX,NIFTY,2026-09-01,65,2bb539c288181b4e,0.0,False,24164.1,24163.4,24122.6,24188.3,24106.55,24090.85,10.73,24150,24150,24350,185.9,ABOVE_SPOT,,60.0,60.0,NSE_FO|46999,164912,41597,,615,707228,5665,False,49.1,5.55,12.744,10.68,True,48.85,910,48.95,2275,,,48.9,0.1,0.002,0.0,49.1,NSE_FO|47000,35132,9592,,7,129343,1156,False,150.9,-44.1,-22.6154,0.0,False,150.5,520,150.9,455,,,150.7,0.4,0.0027,185.9,-35.0,0.213,32005
2.1.0,20260828_105003_000,2026-08-28T10:50:03+05:30,2026-08-28T10:50:03+05:30,Asia/Kolkata,UPSTOX,NIFTY,2026-09-01,65,2bb539c288181b4e,0.0,False,24164.1,24163.4,24122.6,24188.3,24106.55,24090.85,10.73,24150,24150,24400,235.9,ABOVE_SPOT,,60.0,60.0,NSE_FO|47001,224933,36720,,433,888685,6811,False,34.65,2.85,8.9623,10.46,True,34.5,715,34.6,7020,,,34.55,0.1,0.0029,0.0,34.65,NSE_FO|47002,41461,6658,,125,142186,1705,False,185.95,-48.7,-20.7543,0.0,False,186.0,390,186.45,390,,,186.225,0.45,0.0024,235.9,-49.95,0.1843,30062
2.1.0,20260828_105003_000,2026-08-28T10:50:03+05:30,2026-08-28T10:50:03+05:30,Asia/Kolkata,UPSTOX,NIFTY,2026-09-01,65,2bb539c288181b4e,0.0,False,24164.1,24163.4,24122.6,24188.3,24106.55,24090.85,10.73,24150,24150,24450,285.9,ABOVE_SPOT,,60.0,60.0,NSE_FO|47003,94448,13347,,295,480126,3396,False,24.0,0.55,2.3454,10.33,True,23.9,6630,24.0,6175,,,23.95,0.1,0.0042,0.0,24.0,NSE_FO|47004,10573,1615,,29,21377,282,False,225.55,-49.1,-17.8773,0.0,False,225.4,585,226.05,520,,,225.725,0.65,0.0029,285.9,-60.35,0.1119,11732
2.1.0,20260828_105003_000,2026-08-28T10:50:03+05:30,2026-08-28T10:50:03+05:30,Asia/Kolkata,UPSTOX,NIFTY,2026-09-01,65,2bb539c288181b4e,0.0,False,24164.1,24163.4,24122.6,24188.3,24106.55,24090.85,10.73,24150,24150,24500,335.9,ABOVE_SPOT,,60.0,60.0,NSE_FO|47005,216144,23251,,484,816621,5258,False,16.6,-1.05,-5.949,10.28,True,16.5,26390,16.6,23010,,,16.55,0.1,0.006,0.0,16.6,NSE_FO|47006,35478,3875,,-6,63149,524,False,267.8,-49.7,-15.6535,0.0,False,267.6,520,268.25,260,,,267.925,0.65,0.0024,335.9,-68.1,0.1641,19376
2.1.0,20260828_105003_000,2026-08-28T10:50:03+05:30,2026-08-28T10:50:03+05:30,Asia/Kolkata,UPSTOX,NIFTY,2026-09-01,65,2bb539c288181b4e,0.0,False,24164.1,24163.4,24122.6,24188.3,24106.55,24090.85,10.73,24150,24150,24550,385.9,ABOVE_SPOT,,60.0,60.0,NSE_FO|47007,79201,14901,,331,388900,1050,False,11.25,-1.45,-11.4173,10.28,True,11.25,10270,11.3,3965,,,11.275,0.05,0.0044,0.0,11.25,NSE_FO|47008,3052,75,,3,5429,34,False,312.35,-51.45,-14.1424,0.0,False,312.45,585,312.85,65,,,312.65,0.4,0.0013,385.9,-73.55,0.0385,14826
2.1.0,20260828_105003_000,2026-08-28T10:50:03+05:30,2026-08-28T10:50:03+05:30,Asia/Kolkata,UPSTOX,NIFTY,2026-09-01,65,2bb539c288181b4e,0.0,False,24164.1,24163.4,24122.6,24188.3,24106.55,24090.85,10.73,24150,24150,24600,435.9,ABOVE_SPOT,,60.0,60.0,NSE_FO|47009,146515,23227,,123,462368,1928,False,7.85,-1.6,-16.9312,10.41,True,7.85,58825,7.95,72280,,,7.9,0.1,0.0127,0.0,7.85,NSE_FO|47010,7998,-657,,-4,9029,24,False,358.75,-52.15,-12.6917,0.0,False,358.6,715,359.8,390,,,359.2,1.2,0.0033,435.9,-77.15,0.0546,23884
2.1.0,20260828_105003_000,2026-08-28T10:50:03+05:30,2026-08-28T10:50:03+05:30,Asia/Kolkata,UPSTOX,NIFTY,2026-09-01,65,2bb539c288181b4e,0.0,False,24164.1,24163.4,24122.6,24188.3,24106.55,24090.85,10.73,24150,24150,24650,485.9,ABOVE_SPOT,,60.0,60.0,NSE_FO|47011,60742,16927,,49,260364,462,False,5.7,-1.75,-23.4899,10.62,True,5.7,7475,5.75,37440,,,5.725,0.05,0.0087,0.0,5.7,NSE_FO|47012,1820,-213,,0,1290,1,False,404.3,-58.85,-12.7065,0.0,False,405.95,130,407.9,195,,,406.925,1.95,0.0048,485.9,-81.6,0.03,17140
2.1.0,20260828_105003_000,2026-08-28T10:50:03+05:30,2026-08-28T10:50:03+05:30,Asia/Kolkata,UPSTOX,NIFTY,2026-09-01,65,2bb539c288181b4e,0.0,False,24164.1,24163.4,24122.6,24188.3,24106.55,24090.85,10.73,24150,24150,24700,535.9,ABOVE_SPOT,,60.0,60.0,NSE_FO|47013,116212,15595,,-63,348439,1166,False,4.3,-1.5,-25.8621,10.93,True,4.3,36920,4.35,90805,,,4.325,0.05,0.0116,0.0,4.3,NSE_FO|47014,6208,2078,,1,6755,12,False,455.15,-58.25,-11.3459,0.0,False,455.2,260,456.25,130,,,455.725,1.05,0.0023,535.9,-80.75,0.0534,13517
2.1.0,20260828_105003_000,2026-08-28T10:50:03+05:30,2026-08-28T10:50:03+05:30,Asia/Kolkata,UPSTOX,NIFTY,2026-09-01,65,2bb539c288181b4e,0.0,False,24164.1,24163.4,24122.6,24188.3,24106.55,24090.85,10.73,24150,24150,24750,585.9,ABOVE_SPOT,,60.0,60.0,NSE_FO|47015,56729,11374,,-156,171866,992,False,3.4,-1.45,-29.8969,11.35,True,3.4,31590,3.45,48555,,,3.425,0.05,0.0146,0.0,3.4,NSE_FO|47016,1198,-39,,0,209,0,False,508.0,-48.2,-8.6659,0.0,False,503.35,65,505.8,65,,,504.575,2.45,0.0049,585.9,-77.9,0.0211,11413
2.1.0,20260828_105103_001,2026-08-28T10:51:03+05:30,2026-08-28T10:51:03+05:30,Asia/Kolkata,UPSTOX,NIFTY,2026-09-01,65,66e8a3c22babdacc,0.0,False,24168.0,24167.75,24122.6,24188.3,24106.55,24090.85,10.73,24150,24150,23550,-618.0,BELOW_SPOT,,60.0,60.0,NSE_FO|46967,250,-15,,0,37,0,False,690.65,41.35,6.3684,23.88,True,703.5,65,707.7,65,,,705.6,4.2,0.006,618.0,72.65,NSE_FO|46968,39211,29477,,61,115731,905,False,3.55,-0.2,-5.3333,13.12,True,3.55,40235,3.6,43745,,,3.575,0.05,0.014,0.0,3.55,156.844,-29492
2.1.0,20260828_105103_001,2026-08-28T10:51:03+05:30,2026-08-28T10:51:03+05:30,Asia/Kolkata,UPSTOX,NIFTY,2026-09-01,65,66e8a3c22babdacc,0.0,False,24168.0,24167.75,24122.6,24188.3,24106.55,24090.85,10.73,24150,24150,23600,-568.0,BELOW_SPOT,,60.0,60.0,NSE_FO|46969,585,-111,,0,508,0,False,650.65,58.55,9.8885,24.2,True,654.35,65,657.35,130,,,655.85,3.0,0.0046,568.0,82.65,NSE_FO|46970,76357,24997,,116,204493,406,False,3.9,-0.55,-12.3596,12.45,True,3.9,50245,3.95,73515,,,3.925,0.05,0.0127,0.0,3.9,130.5248,-25108
2.1.0,20260828_105103_001,2026-08-28T10:51:03+05:30,2026-08-28T10:51:03+05:30,Asia/Kolkata,UPSTOX,NIFTY,2026-09-01,65,66e8a3c22babdacc,0.0,False,24168.0,24167.75,24122.6,24188.3,24106.55,24090.85,10.73,24150,24150,23650,-518.0,BELOW_SPOT,,60.0,60.0,NSE_FO|46971,318,12,,0,184,0,False,595.3,52.95,9.7631,22.05,True,605.2,65,607.85,65,,,606.525,2.65,0.0044,518.0,77.3,NSE_FO|46972,38120,16035,,224,163715,852,False,4.4,-1.0,-18.5185,11.84,True,4.35,35685,4.4,44525,,,4.375,0.05,0.0114,0.0,4.4,119.8742,-16023
2.1.0,20260828_105103_001,2026-08-28T10:51:03+05:30,2026-08-28T10:51:03+05:30,Asia/Kolkata,UPSTOX,NIFTY,2026-09-01,65,66e8a3c22babdacc,0.0,False,24168.0,24167.75,24122.6,24188.3,24106.55,24090.85,10.73,24150,24150,23700,-468.0,BELOW_SPOT,,60.0,60.0,NSE_FO|46973,2784,0,,-5,1424,8,False,555.95,53.65,10.6809,22.26,True,555.6,130,557.45,130,,,556.525,1.85,0.0033,468.0,87.95,NSE_FO|46974,99248,20644,,313,277194,1937,False,5.0,-1.75,-25.9259,11.2,True,5.0,26000,5.05,65910,,,5.025,0.05,0.01,0.0,5.0,35.6494,-20644
2.1.0,20260828_105103_001,2026-08-28T10:51:03+05:30,2026-08-28T10:51:03+05:30,Asia/Kolkata,UPSTOX,NIFTY,2026-09-01,65,66e8a3c22babdacc,0.0,False,24168.0,24167.75,24122.6,24188.3,24106.55,24090.85,10.73,24150,24150,23750,-418.0,BELOW_SPOT,,60.0,60.0,NSE_FO|46975,669,119,,-1,1075,1,False,507.85,54.15,11.9352,21.12,True,507.2,130,508.9,130,,,508.05,1.7,0.0033,418.0,89.85,NSE_FO|46976,47897,16868,,-28,235476,573,False,5.95,-2.65,-30.814,10.62,True,5.95,17355,6.0,26130,,,5.975,0.05,0.0084,0.0,5.95,71.5949,-16749
2.1.0,20260828_105103_001,2026-08-28T10:51:03+05:30,2026-08-28T10:51:03+05:30,Asia/Kolkata,UPSTOX,NIFTY,2026-09-01,65,66e8a3c22babdacc,0.0,False,24168.0,24167.75,24122.6,24188.3,24106.55,24090.85,10.73,24150,24150,23800,-368.0,BELOW_SPOT,,60.0,60.0,NSE_FO|46977,3096,186,,-1,7222,12,False,458.0,55.6,13.8171,19.71,True,458.15,130,458.7,65,,,458.425,0.55,0.0012,368.0,90.0,NSE_FO|46978,133205,35596,,-136,431684,1980,False,7.1,-4.0,-36.036,10.04,True,7.1,21905,7.15,23205,,,7.125,0.05,0.007,0.0,7.1,43.0249,-35410
2.1.0,20260828_105103_001,2026-08-28T10:51:03+05:30,2026-08-28T10:51:03+05:30,Asia/Kolkata,UPSTOX,NIFTY,2026-09-01,65,66e8a3c22babdacc,0.0,False,24168.0,24167.75,24122.6,24188.3,24106.55,24090.85,10.73,24150,24150,23850,-318.0,BELOW_SPOT,,60.0,60.0,NSE_FO|46979,1422,443,,-4,3824,18,False,411.15,55.9,15.7354,18.62,True,410.15,260,411.6,585,,,410.875,1.45,0.0035,318.0,93.15,NSE_FO|46980,53288,24504,,286,257250,2408,False,9.05,-5.25,-36.7133,9.58,True,9.0,20605,9.05,8515,,,9.025,0.05,0.0055,0.0,9.05,37.474,-24061
2.1.0,20260828_105103_001,2026-08-28T10:51:03+05:30,2026-08-28T10:51:03+05:30,Asia/Kolkata,UPSTOX,NIFTY,2026-09-01,65,66e8a3c22babdacc,0.0,False,24168.0,24167.75,24122.6,24188.3,24106.55,24090.85,10.73,24150,24150,23900,-268.0,BELOW_SPOT,,60.0,60.0,NSE_FO|46981,4991,1391,,108,23413,133,False,364.0,50.25,16.0159,17.3,True,363.35,130,364.0,1300,,,363.675,0.65,0.0018,268.0,96.0,NSE_FO|46982,113623,45640,,132,517860,3576,False,11.8,-7.45,-38.7013,9.11,True,11.7,18460,11.8,27495,,,11.75,0.1,0.0085,0.0,11.8,22.7656,-44249
2.1.0,20260828_105103_001,2026-08-28T10:51:03+05:30,2026-08-28T10:51:03+05:30,Asia/Kolkata,UPSTOX,NIFTY,2026-09-01,65,66e8a3c22babdacc,0.0,False,24168.0,24167.75,24122.6,24188.3,24106.55,24090.85,10.73,24150,24150,23950,-218.0,BELOW_SPOT,,60.0,60.0,NSE_FO|46983,3746,1571,,7,22941,194,False,317.15,47.9,17.7902,16.24,True,317.35,390,318.0,455,,,317.675,0.65,0.002,218.0,99.15,NSE_FO|46984,61880,30062,,452,375261,3077,False,15.75,-9.8,-38.3562,8.7,True,15.7,14040,15.75,10530,,,15.725,0.05,0.0032,0.0,15.75,16.519,-28491
2.1.0,20260828_105103_001,2026-08-28T10:51:03+05:30,2026-08-28T10:51:03+05:30,Asia/Kolkata,UPSTOX,NIFTY,2026-09-01,65,66e8a3c22babdacc,0.0,False,24168.0,24167.75,24122.6,24188.3,24106.55,24090.85,10.73,24150,24150,24000,-168.0,BELOW_SPOT,,60.0,60.0,NSE_FO|46985,32655,6598,,-202,213951,1221,False,273.7,45.95,20.1756,15.26,True,273.0,65,273.3,65,,,273.15,0.3,0.0011,168.0,105.7,NSE_FO|46986,205151,95833,,566,1088824,7104,False,21.25,-13.85,-39.4587,8.32,True,21.2,6890,21.25,390,,,21.225,0.05,0.0024,0.0,21.25,6.2824,-89235
2.1.0,20260828_105103_001,2026-08-28T10:51:03+05:30,2026-08-28T10:51:03+05:30,Asia/Kolkata,UPSTOX,NIFTY,2026-09-01,65,66e8a3c22babdacc,0.0,False,24168.0,24167.75,24122.6,24188.3,24106.55,24090.85,10.73,24150,24150,24050,-118.0,BELOW_SPOT,,60.0,60.0,NSE_FO|46987,15936,5513,,71,179884,1094,False,231.0,39.7,20.7527,14.22,True,230.65,65,231.0,195,,,230.825,0.35,0.0015,118.0,113.0,NSE_FO|46988,107099,70153,,532,702954,4240,False,28.7,-17.95,-38.478,7.9,True,28.65,520,28.7,325,,,28.675,0.05,0.0017,0.0,28.7,6.7206,-64640
2.1.0,20260828_105103_001,2026-08-28T10:51:03+05:30,2026-08-28T10:51:03+05:30,Asia/Kolkata,UPSTOX,NIFTY,2026-09-01,65,66e8a3c22babdacc,0.0,False,24168.0,24167.75,24122.6,24188.3,24106.55,24090.85,10.73,24150,24150,24100,-68.0,BELOW_SPOT,,60.0,60.0,NSE_FO|46989,72782,26297,,-460,1006081,5779,False,190.55,35.3,22.7375,13.37,True,190.6,910,191.0,10660,,,190.8,0.4,0.0021,68.0,122.55,NSE_FO|46990,276947,192764,,670,1929343,10723,False,39.1,-23.05,-37.0877,7.51,True,39.0,10465,39.1,2990,,,39.05,0.1,0.0026,0.0,39.1,3.8052,-166467
2.1.0,20260828_105103_001,2026-08-28T10:51:03+05:30,2026-08-28T10:51:03+05:30,Asia/Kolkata,UPSTOX,NIFTY,2026-09-01,65,66e8a3c22babdacc,0.0,False,24168.0,24167.75,24122.6,24188.3,24106.55,24090.85,10.73,24150,24150,24150,-18.0,ATM,,60.0,60.0,NSE_FO|46991,115014,54777,,1465,1343643,11443,False,154.0,27.15,21.4032,12.65,True,154.05,780,154.35,390,,,154.2,0.3,0.0019,18.0,136.0,NSE_FO|46992,248097,193847,,-2534,1841834,15743,False,52.3,-26.65,-33.7555,7.02,True,52.15,7540,52.3,1625,,,52.225,0.15,0.0029,0.0,52.3,2.1571,-139070
2.1.0,20260828_105103_001,2026-08-28T10:51:03+05:30,2026-08-28T10:51:03+05:30,Asia/Kolkata,UPSTOX,NIFTY,2026-09-01,65,66e8a3c22babdacc,0.0,False,24168.0,24167.75,24122.6,24188.3,24106.55,24090.85,10.73,24150,24150,24200,32.0,ABOVE_SPOT,,60.0,60.0,NSE_FO|46993,238911,85223,,-236,1846268,15090,False,121.75,23.0,23.2911,12.02,True,121.5,3055,121.85,1105,,,121.675,0.35,0.0029,0.0,121.75,NSE_FO|46994,291187,190009,,-2473,1617504,13462,False,69.9,-32.9,-32.0039,6.5,True,69.7,650,69.9,5135,,,69.8,0.2,0.0029,32.0,37.9,1.2188,-104786
2.1.0,20260828_105103_001,2026-08-28T10:51:03+05:30,2026-08-28T10:51:03+05:30,Asia/Kolkata,UPSTOX,NIFTY,2026-09-01,65,66e8a3c22babdacc,0.0,False,24168.0,24167.75,24122.6,24188.3,24106.55,24090.85,10.73,24150,24150,24250,82.0,ABOVE_SPOT,,60.0,60.0,NSE_FO|46995,147529,58517,,525,1033513,10124,False,93.1,16.2,21.0663,11.47,True,93.25,715,93.45,1365,,,93.35,0.2,0.0021,0.0,93.1,NSE_FO|46996,93099,52569,,-439,520844,5213,False,91.25,-37.6,-29.1812,5.75,True,91.0,2925,91.2,195,,,91.1,0.2,0.0022,82.0,9.25,0.6311,5948
2.1.0,20260828_105103_001,2026-08-28T10:51:03+05:30,2026-08-28T10:51:03+05:30,Asia/Kolkata,UPSTOX,NIFTY,2026-09-01,65,66e8a3c22babdacc,0.0,False,24168.0,24167.75,24122.6,24188.3,24106.55,24090.85,10.73,24150,24150,24300,132.0,ABOVE_SPOT,,60.0,60.0,NSE_FO|46997,255158,51828,,625,1329950,10112,False,69.65,11.7,20.1898,11.05,True,69.55,3640,69.75,2860,,,69.65,0.2,0.0029,0.0,69.65,NSE_FO|46998,116446,40406,,-425,601876,4710,False,117.8,-44.55,-27.4407,4.62,True,117.5,195,117.75,1365,,,117.625,0.25,0.0021,132.0,-14.2,0.4564,11422
2.1.0,20260828_105103_001,2026-08-28T10:51:03+05:30,2026-08-28T10:51:03+05:30,Asia/Kolkata,UPSTOX,NIFTY,2026-09-01,65,66e8a3c22babdacc,0.0,False,24168.0,24167.75,24122.6,24188.3,24106.55,24090.85,10.73,24150,24150,24350,182.0,ABOVE_SPOT,,60.0,60.0,NSE_FO|46999,165046,41731,,134,713357,6129,False,50.3,6.75,15.4994,10.7,True,50.25,650,50.4,6435,,,50.325,0.15,0.003,0.0,50.3,NSE_FO|47000,35156,9616,,24,130371,1028,False,148.45,-46.55,-23.8718,0.0,False,148.1,910,148.35,780,,,148.225,0.25,0.0017,182.0,-33.55,0.213,32115
2.1.0,20260828_105103_001,2026-08-28T10:51:03+05:30,2026-08-28T10:51:03+05:30,Asia/Kolkata,UPSTOX,NIFTY,2026-09-01,65,66e8a3c22babdacc,0.0,False,24168.0,24167.75,24122.6,24188.3,24106.55,24090.85,10.73,24150,24150,24400,232.0,ABOVE_SPOT,,60.0,60.0,NSE_FO|47001,223910,35697,,-1023,896358,7673,False,35.75,3.95,12.4214,10.47,True,35.65,5395,35.75,2015,,,35.7,0.1,0.0028,0.0,35.75,NSE_FO|47002,41379,6576,,-82,143272,1086,False,183.6,-51.05,-21.7558,0.0,False,183.3,260,183.7,845,,,183.5,0.4,0.0022,232.0,-48.4,0.1848,29121
2.1.0,20260828_105103_001,2026-08-28T10:51:03+05:30,2026-08-28T10:51:03+05:30,Asia/Kolkata,UPSTOX,NIFTY,2026-09-01,65,66e8a3c22babdacc,0.0,False,24168.0,24167.75,24122.6,24188.3,24106.55,24090.85,10.73,24150,24150,24450,282.0,ABOVE_SPOT,,60.0,60.0,NSE_FO|47003,94053,12952,,-395,484751,4625,False,24.85,1.4,5.9701,10.33,True,24.75,5200,24.85,8320,,,24.8,0.1,0.004,0.0,24.85,NSE_FO|47004,10578,1620,,5,21587,210,False,222.95,-51.7,-18.824,0.0,False,222.45,260,222.95,585,,,222.7,0.5,0.0022,282.0,-59.05,0.1125,11332
2.1.0,20260828_105103_001,2026-08-28T10:51:03+05:30,2026-08-28T10:51:03+05:30,Asia/Kolkata,UPSTOX,NIFTY,2026-09-01,65,66e8a3c22babdacc,0.0,False,24168.0,24167.75,24122.6,24188.3,24106.55,24090.85,10.73,24150,24150,24500,332.0,ABOVE_SPOT,,60.0,60.0,NSE_FO|47005,216986,24093,,842,823773,7152,False,17.2,-0.45,-2.5496,10.28,True,17.15,2860,17.2,9360,,,17.175,0.05,0.0029,0.0,17.2,NSE_FO|47006,35493,3890,,15,63632,483,False,265.0,-52.5,-16.5354,0.0,False,264.5,195,265.0,65,,,264.75,0.5,0.0019,332.0,-67.0,0.1636,20203
2.1.0,20260828_105103_001,2026-08-28T10:51:03+05:30,2026-08-28T10:51:03+05:30,Asia/Kolkata,UPSTOX,NIFTY,2026-09-01,65,66e8a3c22babdacc,0.0,False,24168.0,24167.75,24122.6,24188.3,24106.55,24090.85,10.73,24150,24150,24550,382.0,ABOVE_SPOT,,60.0,60.0,NSE_FO|47007,79422,15122,,221,391308,2408,False,11.65,-1.05,-8.2677,10.3,True,11.65,20800,11.75,14235,,,11.7,0.1,0.0085,0.0,11.65,NSE_FO|47008,3072,95,,20,5462,33,False,309.4,-54.4,-14.9533,0.0,False,309.15,195,309.9,455,,,309.525,0.75,0.0024,382.0,-72.6,0.0387,15027
2.1.0,20260828_105103_001,2026-08-28T10:51:03+05:30,2026-08-28T10:51:03+05:30,Asia/Kolkata,UPSTOX,NIFTY,2026-09-01,65,66e8a3c22babdacc,0.0,False,24168.0,24167.75,24122.6,24188.3,24106.55,24090.85,10.73,24150,24150,24600,432.0,ABOVE_SPOT,,60.0,60.0,NSE_FO|47009,146116,22828,,-399,464227,1859,False,8.15,-1.3,-13.7566,10.41,True,8.15,12220,8.2,35685,,,8.175,0.05,0.0061,0.0,8.15,NSE_FO|47010,8005,-650,,7,9056,27,False,356.35,-54.55,-13.2757,0.0,False,355.3,195,356.25,455,,,355.775,0.95,0.0027,432.0,-75.65,0.0548,23478
2.1.0,20260828_105103_001,2026-08-28T10:51:03+05:30,2026-08-28T10:51:03+05:30,Asia/Kolkata,UPSTOX,NIFTY,2026-09-01,65,66e8a3c22babdacc,0.0,False,24168.0,24167.75,24122.6,24188.3,24106.55,24090.85,10.73,24150,24150,24650,482.0,ABOVE_SPOT,,60.0,60.0,NSE_FO|47011,60750,16935,,8,261867,1503,False,5.9,-1.55,-20.8054,10.59,True,5.85,42640,5.9,41535,,,5.875,0.05,0.0085,0.0,5.9,NSE_FO|47012,1820,-213,,0,1291,1,False,406.15,-57.0,-12.307,0.0,False,402.15,520,404.0,195,,,403.075,1.85,0.0046,482.0,-75.85,0.03,17148
2.1.0,20260828_105103_001,2026-08-28T10:51:03+05:30,2026-08-28T10:51:03+05:30,Asia/Kolkata,UPSTOX,NIFTY,2026-09-01,65,66e8a3c22babdacc,0.0,False,24168.0,24167.75,24122.6,24188.3,24106.55,24090.85,10.73,24150,24150,24700,532.0,ABOVE_SPOT,,60.0,60.0,NSE_FO|47013,116149,15532,,-63,349964,1525,False,4.4,-1.4,-24.1379,10.86,True,4.35,135785,4.4,25480,,,4.375,0.05,0.0114,0.0,4.4,NSE_FO|47014,6213,2083,,5,6824,69,False,452.8,-60.6,-11.8037,0.0,False,451.7,130,452.9,195,,,452.3,1.2,0.0027,532.0,-79.2,0.0535,13449
2.1.0,20260828_105103_001,2026-08-28T10:51:03+05:30,2026-08-28T10:51:03+05:30,Asia/Kolkata,UPSTOX,NIFTY,2026-09-01,65,66e8a3c22babdacc,0.0,False,24168.0,24167.75,24122.6,24188.3,24106.55,24090.85,10.73,24150,24150,24750,582.0,ABOVE_SPOT,,60.0,60.0,NSE_FO|47015,56788,11433,,59,172933,1067,False,3.5,-1.35,-27.8351,11.29,True,3.45,33475,3.5,40885,,,3.475,0.05,0.0144,0.0,3.5,NSE_FO|47016,1198,-39,,0,210,1,False,499.95,-56.25,-10.1133,0.0,False,499.95,65,502.1,65,,,501.025,2.15,0.0043,582.0,-82.05,0.0211,11472
2.1.0,20260828_105120_196,2026-08-28T10:51:20+05:30,2026-08-28T10:51:20+05:30,Asia/Kolkata,UPSTOX,NIFTY,2026-09-01,65,6074b1e920634363,0.0,False,24169.95,24169.95,24122.6,24188.3,24106.55,24090.85,10.74,24150,24150,23550,-619.95,BELOW_SPOT,,,,NSE_FO|46967,250,-15,,0,37,0,False,690.65,41.35,6.3684,23.74,True,707.25,65,711.95,65,,,709.6,4.7,0.0066,619.95,70.7,NSE_FO|46968,39211,29477,,0,115868,137,False,3.55,-0.2,-5.3333,13.18,True,3.55,17810,3.6,42185,,,3.575,0.05,0.014,0.0,3.55,156.844,-29492
2.1.0,20260828_105120_196,2026-08-28T10:51:20+05:30,2026-08-28T10:51:20+05:30,Asia/Kolkata,UPSTOX,NIFTY,2026-09-01,65,6074b1e920634363,0.0,False,24169.95,24169.95,24122.6,24188.3,24106.55,24090.85,10.74,24150,24150,23600,-569.95,BELOW_SPOT,,,,NSE_FO|46969,585,-111,,0,508,0,False,650.65,58.55,9.8885,24.08,True,657.45,65,660.9,130,,,659.175,3.45,0.0052,569.95,80.7,NSE_FO|46970,76357,24997,,0,204746,253,False,3.9,-0.55,-12.3596,12.51,True,3.9,9100,3.95,76505,,,3.925,0.05,0.0127,0.0,3.9,130.5248,-25108
2.1.0,20260828_105120_196,2026-08-28T10:51:20+05:30,2026-08-28T10:51:20+05:30,Asia/Kolkata,UPSTOX,NIFTY,2026-09-01,65,6074b1e920634363,0.0,False,24169.95,24169.95,24122.6,24188.3,24106.55,24090.85,10.74,24150,24150,23650,-519.95,BELOW_SPOT,,,,NSE_FO|46971,318,12,,0,184,0,False,595.3,52.95,9.7631,21.91,True,608.85,65,611.5,65,,,610.175,2.65,0.0043,519.95,75.35,NSE_FO|46972,38120,16035,,0,163969,254,False,4.3,-1.1,-20.3704,11.84,True,4.3,17810,4.35,41340,,,4.325,0.05,0.0116,0.0,4.3,119.8742,-16023
2.1.0,20260828_105120_196,2026-08-28T10:51:20+05:30,2026-08-28T10:51:20+05:30,Asia/Kolkata,UPSTOX,NIFTY,2026-09-01,65,6074b1e920634363,0.0,False,24169.95,24169.95,24122.6,24188.3,24106.55,24090.85,10.74,24150,24150,23700,-469.95,BELOW_SPOT,,,,NSE_FO|46973,2784,0,,0,1428,4,False,560.5,58.2,11.5867,22.8,True,558.9,130,560.65,195,,,559.775,1.75,0.0031,469.95,90.55,NSE_FO|46974,99248,20644,,0,277831,637,False,4.9,-1.85,-27.4074,11.23,True,4.95,16510,5.0,78780,,,4.975,0.05,0.0101,0.0,4.9,35.6494,-20644
2.1.0,20260828_105120_196,2026-08-28T10:51:20+05:30,2026-08-28T10:51:20+05:30,Asia/Kolkata,UPSTOX,NIFTY,2026-09-01,65,6074b1e920634363,0.0,False,24169.95,24169.95,24122.6,24188.3,24106.55,24090.85,10.74,24150,24150,23750,-419.95,BELOW_SPOT,,,,NSE_FO|46975,669,119,,0,1075,0,False,507.85,54.15,11.9352,21.01,True,510.5,130,512.35,130,,,511.425,1.85,0.0036,419.95,87.9,NSE_FO|46976,47897,16868,,0,235768,292,False,5.9,-2.7,-31.3953,10.62,True,5.85,19240,5.9,23140,,,5.875,0.05,0.0085,0.0,5.9,71.5949,-16749
2.1.0,20260828_105120_196,2026-08-28T10:51:20+05:30,2026-08-28T10:51:20+05:30,Asia/Kolkata,UPSTOX,NIFTY,2026-09-01,65,6074b1e920634363,0.0,False,24169.95,24169.95,24122.6,24188.3,24106.55,24090.85,10.74,24150,24150,23800,-369.95,BELOW_SPOT,,,,NSE_FO|46977,3096,186,,0,7240,18,False,461.7,59.3,14.7366,20.05,True,461.75,260,462.0,130,,,461.875,0.25,0.0005,369.95,91.75,NSE_FO|46978,133205,35596,,0,432808,1124,False,7.0,-4.1,-36.9369,10.04,True,7.0,18850,7.05,57135,,,7.025,0.05,0.0071,0.0,7.0,43.0249,-35410
2.1.0,20260828_105120_196,2026-08-28T10:51:20+05:30,2026-08-28T10:51:20+05:30,Asia/Kolkata,UPSTOX,NIFTY,2026-09-01,65,6074b1e920634363,0.0,False,24169.95,24169.95,24122.6,24188.3,24106.55,24090.85,10.74,24150,24150,23850,-319.95,BELOW_SPOT,,,,NSE_FO|46979,1422,443,,0,3824,0,False,411.15,55.9,15.7354,18.52,True,413.65,260,415.0,260,,,414.325,1.35,0.0033,319.95,91.2,NSE_FO|46980,53288,24504,,0,257575,325,False,8.85,-5.45,-38.1119,9.55,True,8.8,19565,8.85,11830,,,8.825,0.05,0.0057,0.0,8.85,37.474,-24061
2.1.0,20260828_105120_196,2026-08-28T10:51:20+05:30,2026-08-28T10:51:20+05:30,Asia/Kolkata,UPSTOX,NIFTY,2026-09-01,65,6074b1e920634363,0.0,False,24169.95,24169.95,24122.6,24188.3,24106.55,24090.85,10.74,24150,24150,23900,-269.95,BELOW_SPOT,,,,NSE_FO|46981,4991,1391,,0,23448,35,False,366.4,52.65,16.7809,17.53,True,366.35,130,367.3,650,,,366.825,0.95,0.0026,269.95,96.45,NSE_FO|46982,113623,45640,,0,518584,724,False,11.5,-7.75,-40.2597,9.09,True,11.45,17420,11.5,2340,,,11.475,0.05,0.0044,0.0,11.5,22.7656,-44249
2.1.0,20260828_105120_196,2026-08-28T10:51:20+05:30,2026-08-28T10:51:20+05:30,Asia/Kolkata,UPSTOX,NIFTY,2026-09-01,65,6074b1e920634363,0.0,False,24169.95,24169.95,24122.6,24188.3,24106.55,24090.85,10.74,24150,24150,23950,-219.95,BELOW_SPOT,,,,NSE_FO|46983,3746,1571,,0,23011,70,False,319.25,50.0,18.5701,16.35,True,320.15,520,321.0,260,,,320.575,0.85,0.0027,219.95,99.3,NSE_FO|46984,61880,30062,,0,376381,1120,False,15.3,-10.25,-40.1174,8.65,True,15.3,3705,15.35,2860,,,15.325,0.05,0.0033,0.0,15.3,16.519,-28491
2.1.0,20260828_105120_196,2026-08-28T10:51:20+05:30,2026-08-28T10:51:20+05:30,Asia/Kolkata,UPSTOX,NIFTY,2026-09-01,65,6074b1e920634363,0.0,False,24169.95,24169.95,24122.6,24188.3,24106.55,24090.85,10.74,24150,24150,24000,-169.95,BELOW_SPOT,,,,NSE_FO|46985,32655,6598,,0,214506,555,False,276.35,48.6,21.3392,15.43,True,275.75,390,276.0,1040,,,275.875,0.25,0.0009,169.95,106.4,NSE_FO|46986,205151,95833,,0,1092831,4007,False,20.7,-14.4,-41.0256,8.27,True,20.7,9815,20.8,7150,,,20.75,0.1,0.0048,0.0,20.7,6.2824,-89235
2.1.0,20260828_105120_196,2026-08-28T10:51:20+05:30,2026-08-28T10:51:20+05:30,Asia/Kolkata,UPSTOX,NIFTY,2026-09-01,65,6074b1e920634363,0.0,False,24169.95,24169.95,24122.6,24188.3,24106.55,24090.85,10.74,24150,24150,24050,-119.95,BELOW_SPOT,,,,NSE_FO|46987,15936,5513,,0,180380,496,False,233.1,41.8,21.8505,14.49,True,233.1,585,233.7,455,,,233.4,0.6,0.0026,119.95,113.15,NSE_FO|46988,107099,70153,,0,706607,3653,False,28.0,-18.65,-39.9786,7.84,True,28.0,1820,28.05,130,,,28.025,0.05,0.0018,0.0,28.0,6.7206,-64640
2.1.0,20260828_105120_196,2026-08-28T10:51:20+05:30,2026-08-28T10:51:20+05:30,Asia/Kolkata,UPSTOX,NIFTY,2026-09-01,65,6074b1e920634363,0.0,False,24169.95,24169.95,24122.6,24188.3,24106.55,24090.85,10.74,24150,24150,24100,-69.95,BELOW_SPOT,,,,NSE_FO|46989,72782,26297,,0,1008678,2597,False,193.75,38.5,24.7987,13.58,True,193.15,845,193.55,520,,,193.35,0.4,0.0021,69.95,123.8,NSE_FO|46990,276947,192764,,0,1935606,6263,False,37.85,-24.3,-39.099,7.43,True,38.0,38675,38.1,10790,,,38.05,0.1,0.0026,0.0,37.85,3.8052,-166467
2.1.0,20260828_105120_196,2026-08-28T10:51:20+05:30,2026-08-28T10:51:20+05:30,Asia/Kolkata,UPSTOX,NIFTY,2026-09-01,65,6074b1e920634363,0.0,False,24169.95,24169.95,24122.6,24188.3,24106.55,24090.85,10.74,24150,24150,24150,-19.95,ATM,,,,NSE_FO|46991,115014,54777,,0,1348547,4904,False,156.15,29.3,23.0981,12.76,True,156.4,585,156.8,2015,,,156.6,0.4,0.0026,19.95,136.2,NSE_FO|46992,248097,193847,,0,1849605,7771,False,51.0,-27.95,-35.4022,6.94,True,50.8,585,50.9,650,,,50.85,0.1,0.002,0.0,51.0,2.1571,-139070
2.1.0,20260828_105120_196,2026-08-28T10:51:20+05:30,2026-08-28T10:51:20+05:30,Asia/Kolkata,UPSTOX,NIFTY,2026-09-01,65,6074b1e920634363,0.0,False,24169.95,24169.95,24122.6,24188.3,24106.55,24090.85,10.74,24150,24150,24200,30.05,ABOVE_SPOT,,,,NSE_FO|46993,238911,85223,,0,1851701,5433,False,123.45,24.7,25.0127,12.12,True,123.35,390,123.6,975,,,123.475,0.25,0.002,0.0,123.45,NSE_FO|46994,291187,190009,,0,1624883,7379,False,68.35,-34.45,-33.5117,6.39,True,68.2,4160,68.4,3900,,,68.3,0.2,0.0029,30.05,38.3,1.2188,-104786
2.1.0,20260828_105120_196,2026-08-28T10:51:20+05:30,2026-08-28T10:51:20+05:30,Asia/Kolkata,UPSTOX,NIFTY,2026-09-01,65,6074b1e920634363,0.0,False,24169.95,24169.95,24122.6,24188.3,24106.55,24090.85,10.74,24150,24150,24250,80.05,ABOVE_SPOT,,,,NSE_FO|46995,147529,58517,,0,1037537,4024,False,94.7,17.8,23.1469,11.58,True,94.75,65,94.95,3705,,,94.85,0.2,0.0021,0.0,94.7,NSE_FO|46996,93099,52569,,0,523842,2998,False,89.4,-39.45,-30.617,5.63,True,89.15,780,89.3,1560,,,89.225,0.15,0.0017,80.05,9.35,0.6311,5948
2.1.0,20260828_105120_196,2026-08-28T10:51:20+05:30,2026-08-28T10:51:20+05:30,Asia/Kolkata,UPSTOX,NIFTY,2026-09-01,65,6074b1e920634363,0.0,False,24169.95,24169.95,24122.6,24188.3,24106.55,24090.85,10.74,24150,24150,24300,130.05,ABOVE_SPOT,,,,NSE_FO|46997,255158,51828,,0,1334283,4333,False,70.9,12.95,22.3469,11.12,True,70.7,2535,70.9,5655,,,70.8,0.2,0.0028,0.0,70.9,NSE_FO|46998,116446,40406,,0,604529,2653,False,115.6,-46.75,-28.7958,4.44,True,115.3,1170,115.5,455,,,115.4,0.2,0.0017,130.05,-14.45,0.4564,11422
2.1.0,20260828_105120_196,2026-08-28T10:51:20+05:30,2026-08-28T10:51:20+05:30,Asia/Kolkata,UPSTOX,NIFTY,2026-09-01,65,6074b1e920634363,0.0,False,24169.95,24169.95,24122.6,24188.3,24106.55,24090.85,10.74,24150,24150,24350,180.05,ABOVE_SPOT,,,,NSE_FO|46999,165046,41731,,0,715411,2054,False,51.3,7.75,17.7956,10.76,True,51.2,5070,51.35,4290,,,51.275,0.15,0.0029,0.0,51.3,NSE_FO|47000,35156,9616,,0,130814,443,False,145.3,-49.7,-25.4872,0.0,False,146.0,260,146.05,130,,,146.025,0.05,0.0003,180.05,-34.75,0.213,32115
2.1.0,20260828_105120_196,2026-08-28T10:51:20+05:30,2026-08-28T10:51:20+05:30,Asia/Kolkata,UPSTOX,NIFTY,2026-09-01,65,6074b1e920634363,0.0,False,24169.95,24169.95,24122.6,24188.3,24106.55,24090.85,10.74,24150,24150,24400,230.05,ABOVE_SPOT,,,,NSE_FO|47001,223910,35697,,0,899039,2681,False,36.3,4.5,14.1509,10.53,True,36.3,520,36.4,6760,,,36.35,0.1,0.0028,0.0,36.3,NSE_FO|47002,41379,6576,,0,143797,525,False,180.5,-54.15,-23.0769,0.0,False,180.65,195,180.9,130,,,180.775,0.25,0.0014,230.05,-49.55,0.1848,29121
2.1.0,20260828_105120_196,2026-08-28T10:51:20+05:30,2026-08-28T10:51:20+05:30,Asia/Kolkata,UPSTOX,NIFTY,2026-09-01,65,6074b1e920634363,0.0,False,24169.95,24169.95,24122.6,24188.3,24106.55,24090.85,10.74,24150,24150,24450,280.05,ABOVE_SPOT,,,,NSE_FO|47003,94053,12952,,0,486244,1493,False,25.4,1.95,8.3156,10.36,True,25.25,11245,25.35,3510,,,25.3,0.1,0.004,0.0,25.4,NSE_FO|47004,10578,1620,,0,21728,141,False,219.2,-55.45,-20.1893,0.0,False,219.35,455,219.95,195,,,219.65,0.6,0.0027,280.05,-60.85,0.1125,11332
2.1.0,20260828_105120_196,2026-08-28T10:51:20+05:30,2026-08-28T10:51:20+05:30,Asia/Kolkata,UPSTOX,NIFTY,2026-09-01,65,6074b1e920634363,0.0,False,24169.95,24169.95,24122.6,24188.3,24106.55,24090.85,10.74,24150,24150,24500,330.05,ABOVE_SPOT,,,,NSE_FO|47005,216986,24093,,0,826379,2606,False,17.55,-0.1,-0.5666,10.31,True,17.5,8970,17.55,3315,,,17.525,0.05,0.0029,0.0,17.55,NSE_FO|47006,35493,3890,,0,63802,170,False,261.7,-55.8,-17.5748,0.0,False,261.1,65,261.7,195,,,261.4,0.6,0.0023,330.05,-68.35,0.1636,20203
2.1.0,20260828_105120_196,2026-08-28T10:51:20+05:30,2026-08-28T10:51:20+05:30,Asia/Kolkata,UPSTOX,NIFTY,2026-09-01,65,6074b1e920634363,0.0,False,24169.95,24169.95,24122.6,24188.3,24106.55,24090.85,10.74,24150,24150,24550,380.05,ABOVE_SPOT,,,,NSE_FO|47007,79422,15122,,0,392048,740,False,11.9,-0.8,-6.2992,10.31,True,11.9,6890,11.95,6695,,,11.925,0.05,0.0042,0.0,11.9,NSE_FO|47008,3072,95,,0,5469,7,False,306.15,-57.65,-15.8466,0.0,False,305.9,130,306.7,260,,,306.3,0.8,0.0026,380.05,-73.9,0.0387,15027
2.1.0,20260828_105120_196,2026-08-28T10:51:20+05:30,2026-08-28T10:51:20+05:30,Asia/Kolkata,UPSTOX,NIFTY,2026-09-01,65,6074b1e920634363,0.0,False,24169.95,24169.95,24122.6,24188.3,24106.55,24090.85,10.74,24150,24150,24600,430.05,ABOVE_SPOT,,,,NSE_FO|47009,146116,22828,,0,465392,1165,False,8.3,-1.15,-12.1693,10.44,True,8.3,4485,8.35,43290,,,8.325,0.05,0.006,0.0,8.3,NSE_FO|47010,8005,-650,,0,9103,47,False,354.0,-56.9,-13.8477,0.0,False,352.05,325,352.95,260,,,352.5,0.9,0.0026,430.05,-76.05,0.0548,23478
2.1.0,20260828_105120_196,2026-08-28T10:51:20+05:30,2026-08-28T10:51:20+05:30,Asia/Kolkata,UPSTOX,NIFTY,2026-09-01,65,6074b1e920634363,0.0,False,24169.95,24169.95,24122.6,24188.3,24106.55,24090.85,10.74,24150,24150,24650,480.05,ABOVE_SPOT,,,,NSE_FO|47011,60750,16935,,0,262102,235,False,6.0,-1.45,-19.4631,10.62,True,5.95,4615,6.0,63375,,,5.975,0.05,0.0084,0.0,6.0,NSE_FO|47012,1820,-213,,0,1291,0,False,406.15,-57.0,-12.307,0.0,False,399.15,195,401.05,65,,,400.1,1.9,0.0047,480.05,-73.9,0.03,17148
2.1.0,20260828_105120_196,2026-08-28T10:51:20+05:30,2026-08-28T10:51:20+05:30,Asia/Kolkata,UPSTOX,NIFTY,2026-09-01,65,6074b1e920634363,0.0,False,24169.95,24169.95,24122.6,24188.3,24106.55,24090.85,10.74,24150,24150,24700,530.05,ABOVE_SPOT,,,,NSE_FO|47013,116149,15532,,0,350232,268,False,4.45,-1.35,-23.2759,10.89,True,4.45,21905,4.5,91910,,,4.475,0.05,0.0112,0.0,4.45,NSE_FO|47014,6213,2083,,0,6827,3,False,450.2,-63.2,-12.3101,0.0,False,449.0,325,449.7,975,,,449.35,0.7,0.0016,530.05,-79.85,0.0535,13449
2.1.0,20260828_105120_196,2026-08-28T10:51:20+05:30,2026-08-28T10:51:20+05:30,Asia/Kolkata,UPSTOX,NIFTY,2026-09-01,65,6074b1e920634363,0.0,False,24169.95,24169.95,24122.6,24188.3,24106.55,24090.85,10.74,24150,24150,24750,580.05,ABOVE_SPOT,,,,NSE_FO|47015,56788,11433,,0,172947,14,False,3.5,-1.35,-27.8351,11.29,True,3.45,49140,3.5,12740,,,3.475,0.05,0.0144,0.0,3.5,NSE_FO|47016,1198,-39,,0,210,0,False,499.95,-56.25,-10.1133,0.0,False,496.15,455,499.35,455,,,497.75,3.2,0.0064,580.05,-80.1,0.0211,11472
2.1.0,20260828_105203_001,2026-08-28T10:52:03+05:30,2026-08-28T10:52:03+05:30,Asia/Kolkata,UPSTOX,NIFTY,2026-09-01,65,b937edf1c90879cf,0.0,False,24165.65,24165.65,24122.6,24188.3,24106.55,24090.85,10.71,24150,24150,23550,-615.65,BELOW_SPOT,,43.0,43.0,NSE_FO|46967,250,-15,,0,37,0,False,690.65,41.35,6.3684,24.19,True,700.1,65,704.55,65,,,702.325,4.45,0.0063,615.65,75.0,NSE_FO|46968,39442,29708,,231,116355,487,False,3.65,-0.1,-2.6667,13.12,True,3.6,32955,3.65,40560,,,3.625,0.05,0.0138,0.0,3.65,157.768,-29723
2.1.0,20260828_105203_001,2026-08-28T10:52:03+05:30,2026-08-28T10:52:03+05:30,Asia/Kolkata,UPSTOX,NIFTY,2026-09-01,65,b937edf1c90879cf,0.0,False,24165.65,24165.65,24122.6,24188.3,24106.55,24090.85,10.71,24150,24150,23600,-565.65,BELOW_SPOT,,43.0,43.0,NSE_FO|46969,592,-104,,7,509,1,False,656.3,64.2,10.8428,25.33,True,650.7,65,653.65,65,,,652.175,2.95,0.0045,565.65,90.65,NSE_FO|46970,76516,25156,,159,205501,755,False,4.0,-0.45,-10.1124,12.51,True,3.95,114335,4.0,56225,,,3.975,0.05,0.0126,0.0,4.0,129.25,-25260
2.1.0,20260828_105203_001,2026-08-28T10:52:03+05:30,2026-08-28T10:52:03+05:30,Asia/Kolkata,UPSTOX,NIFTY,2026-09-01,65,b937edf1c90879cf,0.0,False,24165.65,24165.65,24122.6,24188.3,24106.55,24090.85,10.71,24150,24150,23650,-515.65,BELOW_SPOT,,43.0,43.0,NSE_FO|46971,318,12,,0,184,0,False,595.3,52.95,9.7631,22.31,True,602.05,65,604.8,65,,,603.425,2.75,0.0046,515.65,79.65,NSE_FO|46972,38184,16099,,64,164439,470,False,4.45,-0.95,-17.5926,11.84,True,4.4,42640,4.45,27170,,,4.425,0.05,0.0113,0.0,4.45,120.0755,-16087
2.1.0,20260828_105203_001,2026-08-28T10:52:03+05:30,2026-08-28T10:52:03+05:30,Asia/Kolkata,UPSTOX,NIFTY,2026-09-01,65,b937edf1c90879cf,0.0,False,24165.65,24165.65,24122.6,24188.3,24106.55,24090.85,10.71,24150,24150,23700,-465.65,BELOW_SPOT,,43.0,43.0,NSE_FO|46973,2784,0,,0,1428,0,False,560.5,58.2,11.5867,23.13,True,551.8,130,553.85,130,,,552.825,2.05,0.0037,465.65,94.85,NSE_FO|46974,99357,20753,,109,278720,889,False,5.15,-1.6,-23.7037,11.23,True,5.1,36140,5.15,67210,,,5.125,0.05,0.0098,0.0,5.15,35.6886,-20753
2.1.0,20260828_105203_001,2026-08-28T10:52:03+05:30,2026-08-28T10:52:03+05:30,Asia/Kolkata,UPSTOX,NIFTY,2026-09-01,65,b937edf1c90879cf,0.0,False,24165.65,24165.65,24122.6,24188.3,24106.55,24090.85,10.71,24150,24150,23750,-415.65,BELOW_SPOT,,43.0,43.0,NSE_FO|46975,669,119,,0,1075,0,False,507.85,54.15,11.9352,21.35,True,503.95,130,505.85,130,,,504.9,1.9,0.0038,415.65,92.2,NSE_FO|46976,47752,16723,,-145,236477,709,False,6.1,-2.5,-29.0698,10.68,True,6.1,14235,6.15,26975,,,6.125,0.05,0.0082,0.0,6.1,71.3782,-16604
2.1.0,20260828_105203_001,2026-08-28T10:52:03+05:30,2026-08-28T10:52:03+05:30,Asia/Kolkata,UPSTOX,NIFTY,2026-09-01,65,b937edf1c90879cf,0.0,False,24165.65,24165.65,24122.6,24188.3,24106.55,24090.85,10.71,24150,24150,23800,-365.65,BELOW_SPOT,,43.0,43.0,NSE_FO|46977,3089,179,,-7,7241,1,False,457.25,54.85,13.6307,19.81,True,455.2,325,456.75,195,,,455.975,1.55,0.0034,365.65,91.6,NSE_FO|46978,132566,34957,,-639,434240,1432,False,7.3,-3.8,-34.2342,10.07,True,7.3,6825,7.35,38350,,,7.325,0.05,0.0068,0.0,7.3,42.9155,-34778
2.1.0,20260828_105203_001,2026-08-28T10:52:03+05:30,2026-08-28T10:52:03+05:30,Asia/Kolkata,UPSTOX,NIFTY,2026-09-01,65,b937edf1c90879cf,0.0,False,24165.65,24165.65,24122.6,24188.3,24106.55,24090.85,10.71,24150,24150,23850,-315.65,BELOW_SPOT,,43.0,43.0,NSE_FO|46979,1423,444,,1,3826,2,False,407.15,51.9,14.6094,18.31,True,407.15,130,408.55,650,,,407.85,1.4,0.0034,315.65,91.5,NSE_FO|46980,53113,24329,,-175,258339,764,False,9.3,-5.0,-34.965,9.61,True,9.3,6240,9.35,26455,,,9.325,0.05,0.0054,0.0,9.3,37.3247,-23885
2.1.0,20260828_105203_001,2026-08-28T10:52:03+05:30,2026-08-28T10:52:03+05:30,Asia/Kolkata,UPSTOX,NIFTY,2026-09-01,65,b937edf1c90879cf,0.0,False,24165.65,24165.65,24122.6,24188.3,24106.55,24090.85,10.71,24150,24150,23900,-265.65,BELOW_SPOT,,43.0,43.0,NSE_FO|46981,4981,1381,,-10,23504,56,False,361.8,48.05,15.3147,17.36,True,360.65,325,361.65,325,,,361.15,1.0,0.0028,265.65,96.15,NSE_FO|46982,113597,45614,,-26,520436,1852,False,12.0,-7.25,-37.6623,9.16,True,12.0,13195,12.05,9750,,,12.025,0.05,0.0042,0.0,12.0,22.8061,-44233
2.1.0,20260828_105203_001,2026-08-28T10:52:03+05:30,2026-08-28T10:52:03+05:30,Asia/Kolkata,UPSTOX,NIFTY,2026-09-01,65,b937edf1c90879cf,0.0,False,24165.65,24165.65,24122.6,24188.3,24106.55,24090.85,10.71,24150,24150,23950,-215.65,BELOW_SPOT,,43.0,43.0,NSE_FO|46983,3799,1624,,53,23076,65,False,315.0,45.75,16.9916,16.14,True,314.75,325,315.55,65,,,315.15,0.8,0.0025,215.65,99.35,NSE_FO|46984,62519,30701,,639,377656,1275,False,16.05,-9.5,-37.182,8.74,True,16.1,4940,16.15,5265,,,16.125,0.05,0.0031,0.0,16.05,16.4567,-29077
2.1.0,20260828_105203_001,2026-08-28T10:52:03+05:30,2026-08-28T10:52:03+05:30,Asia/Kolkata,UPSTOX,NIFTY,2026-09-01,65,b937edf1c90879cf,0.0,False,24165.65,24165.65,24122.6,24188.3,24106.55,24090.85,10.71,24150,24150,24000,-165.65,BELOW_SPOT,,43.0,43.0,NSE_FO|46985,32679,6622,,24,215426,920,False,270.35,42.6,18.7047,15.11,True,270.2,780,270.9,1690,,,270.55,0.7,0.0026,165.65,104.7,NSE_FO|46986,204402,95084,,-749,1101494,8663,False,21.9,-13.2,-37.6068,8.36,True,21.85,13325,21.95,5980,,,21.9,0.1,0.0046,0.0,21.9,6.2548,-88462
2.1.0,20260828_105203_001,2026-08-28T10:52:03+05:30,2026-08-28T10:52:03+05:30,Asia/Kolkata,UPSTOX,NIFTY,2026-09-01,65,b937edf1c90879cf,0.0,False,24165.65,24165.65,24122.6,24188.3,24106.55,24090.85,10.71,24150,24150,24050,-115.65,BELOW_SPOT,,43.0,43.0,NSE_FO|46987,15806,5383,,-130,181024,644,False,228.4,37.1,19.3936,14.03,True,227.7,650,228.3,455,,,228.0,0.6,0.0026,115.65,112.75,NSE_FO|46988,108598,71652,,1499,710562,3955,False,29.45,-17.2,-36.8703,7.97,True,29.55,3120,29.65,6175,,,29.6,0.1,0.0034,0.0,29.45,6.8707,-66269
2.1.0,20260828_105203_001,2026-08-28T10:52:03+05:30,2026-08-28T10:52:03+05:30,Asia/Kolkata,UPSTOX,NIFTY,2026-09-01,65,b937edf1c90879cf,0.0,False,24165.65,24165.65,24122.6,24188.3,24106.55,24090.85,10.71,24150,24150,24100,-65.65,BELOW_SPOT,,43.0,43.0,NSE_FO|46989,71731,25246,,-1051,1012517,3839,False,188.55,33.3,21.4493,13.26,True,188.5,1105,189.0,1105,,,188.75,0.5,0.0026,65.65,122.9,NSE_FO|46990,275258,191075,,-1689,1943331,7725,False,40.2,-21.95,-35.3178,7.55,True,40.1,6240,40.25,6630,,,40.175,0.15,0.0037,0.0,40.2,3.8374,-165829
2.1.0,20260828_105203_001,2026-08-28T10:52:03+05:30,2026-08-28T10:52:03+05:30,Asia/Kolkata,UPSTOX,NIFTY,2026-09-01,65,b937edf1c90879cf,0.0,False,24165.65,24165.65,24122.6,24188.3,24106.55,24090.85,10.71,24150,24150,24150,-15.65,ATM,,43.0,43.0,NSE_FO|46991,113906,53669,,-1108,1355191,6644,False,152.3,25.45,20.0631,12.53,True,152.15,1300,152.55,845,,,152.35,0.4,0.0026,15.65,136.65,NSE_FO|46992,246871,192621,,-1226,1861517,11912,False,53.4,-25.55,-32.3623,7.1,True,53.45,5915,53.6,975,,,53.525,0.15,0.0028,0.0,53.4,2.1673,-138952
2.1.0,20260828_105203_001,2026-08-28T10:52:03+05:30,2026-08-28T10:52:03+05:30,Asia/Kolkata,UPSTOX,NIFTY,2026-09-01,65,b937edf1c90879cf,0.0,False,24165.65,24165.65,24122.6,24188.3,24106.55,24090.85,10.71,24150,24150,24200,34.35,ABOVE_SPOT,,43.0,43.0,NSE_FO|46993,238927,85239,,16,1862767,11066,False,120.5,21.75,22.0253,11.9,True,120.2,260,120.35,260,,,120.275,0.15,0.0012,0.0,120.5,NSE_FO|46994,289980,188802,,-1207,1635289,10406,False,71.15,-31.65,-30.7879,6.55,True,71.05,2470,71.15,65,,,71.1,0.1,0.0014,34.35,36.8,1.2137,-103563
2.1.0,20260828_105203_001,2026-08-28T10:52:03+05:30,2026-08-28T10:52:03+05:30,Asia/Kolkata,UPSTOX,NIFTY,2026-09-01,65,b937edf1c90879cf,0.0,False,24165.65,24165.65,24122.6,24188.3,24106.55,24090.85,10.71,24150,24150,24250,84.35,ABOVE_SPOT,,43.0,43.0,NSE_FO|46995,147597,58585,,68,1044980,7443,False,92.0,15.1,19.6359,11.38,True,91.9,3770,92.0,1235,,,91.95,0.1,0.0011,0.0,92.0,NSE_FO|46996,93010,52480,,-89,527455,3613,False,92.85,-36.0,-27.9395,5.84,True,92.7,455,92.85,1820,,,92.775,0.15,0.0016,84.35,8.5,0.6302,6105
2.1.0,20260828_105203_001,2026-08-28T10:52:03+05:30,2026-08-28T10:52:03+05:30,Asia/Kolkata,UPSTOX,NIFTY,2026-09-01,65,b937edf1c90879cf,0.0,False,24165.65,24165.65,24122.6,24188.3,24106.55,24090.85,10.71,24150,24150,24300,134.35,ABOVE_SPOT,,43.0,43.0,NSE_FO|46997,254467,51137,,-691,1343128,8845,False,68.65,10.7,18.4642,11.0,True,68.45,455,68.5,520,,,68.475,0.05,0.0007,0.0,68.65,NSE_FO|46998,115494,39454,,-952,608714,4185,False,119.25,-43.1,-26.5476,4.7,True,119.45,195,119.65,455,,,119.55,0.2,0.0017,134.35,-15.1,0.4539,11683
2.1.0,20260828_105203_001,2026-08-28T10:52:03+05:30,2026-08-28T10:52:03+05:30,Asia/Kolkata,UPSTOX,NIFTY,2026-09-01,65,b937edf1c90879cf,0.0,False,24165.65,24165.65,24122.6,24188.3,24106.55,24090.85,10.71,24150,24150,24350,184.35,ABOVE_SPOT,,43.0,43.0,NSE_FO|46999,164393,41078,,-653,722255,6844,False,49.2,5.65,12.9736,10.64,True,49.1,2990,49.25,3185,,,49.175,0.15,0.0031,0.0,49.2,NSE_FO|47000,35130,9590,,-26,131584,770,False,150.75,-44.25,-22.6923,0.0,False,150.5,715,150.9,650,,,150.7,0.4,0.0027,184.35,-33.6,0.2137,31488
2.1.0,20260828_105203_001,2026-08-28T10:52:03+05:30,2026-08-28T10:52:03+05:30,Asia/Kolkata,UPSTOX,NIFTY,2026-09-01,65,b937edf1c90879cf,0.0,False,24165.65,24165.65,24122.6,24188.3,24106.55,24090.85,10.71,24150,24150,24400,234.35,ABOVE_SPOT,,43.0,43.0,NSE_FO|47001,224098,35885,,188,904615,5576,False,34.9,3.1,9.7484,10.41,True,34.7,6630,34.85,7865,,,34.775,0.15,0.0043,0.0,34.9,NSE_FO|47002,41511,6708,,132,144363,566,False,185.9,-48.75,-20.7756,0.0,False,185.35,845,185.8,325,,,185.575,0.45,0.0024,234.35,-48.45,0.1852,29177
2.1.0,20260828_105203_001,2026-08-28T10:52:03+05:30,2026-08-28T10:52:03+05:30,Asia/Kolkata,UPSTOX,NIFTY,2026-09-01,65,b937edf1c90879cf,0.0,False,24165.65,24165.65,24122.6,24188.3,24106.55,24090.85,10.71,24150,24150,24450,284.35,ABOVE_SPOT,,43.0,43.0,NSE_FO|47003,93531,12430,,-522,489598,3354,False,24.25,0.8,3.4115,10.3,True,24.2,2015,24.25,650,,,24.225,0.05,0.0021,0.0,24.25,NSE_FO|47004,10645,1687,,67,21961,233,False,225.25,-49.4,-17.9865,0.0,False,225.2,390,225.8,455,,,225.5,0.6,0.0027,284.35,-59.1,0.1138,10743
2.1.0,20260828_105203_001,2026-08-28T10:52:03+05:30,2026-08-28T10:52:03+05:30,Asia/Kolkata,UPSTOX,NIFTY,2026-09-01,65,b937edf1c90879cf,0.0,False,24165.65,24165.65,24122.6,24188.3,24106.55,24090.85,10.71,24150,24150,24500,334.35,ABOVE_SPOT,,43.0,43.0,NSE_FO|47005,216549,23656,,-437,831330,4951,False,16.85,-0.8,-4.5326,10.25,True,16.75,3185,16.8,9750,,,16.775,0.05,0.003,0.0,16.85,NSE_FO|47006,35550,3947,,57,64092,290,False,267.85,-49.65,-15.6378,0.0,False,267.3,325,267.9,325,,,267.6,0.6,0.0022,334.35,-66.5,0.1642,19709
2.1.0,20260828_105203_001,2026-08-28T10:52:03+05:30,2026-08-28T10:52:03+05:30,Asia/Kolkata,UPSTOX,NIFTY,2026-09-01,65,b937edf1c90879cf,0.0,False,24165.65,24165.65,24122.6,24188.3,24106.55,24090.85,10.71,24150,24150,24550,384.35,ABOVE_SPOT,,43.0,43.0,NSE_FO|47007,79963,15663,,541,393633,1585,False,11.45,-1.25,-9.8425,10.25,True,11.45,5850,11.5,5785,,,11.475,0.05,0.0044,0.0,11.45,NSE_FO|47008,3078,101,,6,5509,40,False,312.2,-51.6,-14.1836,0.0,False,311.35,130,312.15,195,,,311.75,0.8,0.0026,384.35,-72.15,0.0385,15562
2.1.0,20260828_105203_001,2026-08-28T10:52:03+05:30,2026-08-28T10:52:03+05:30,Asia/Kolkata,UPSTOX,NIFTY,2026-09-01,65,b937edf1c90879cf,0.0,False,24165.65,24165.65,24122.6,24188.3,24106.55,24090.85,10.71,24150,24150,24600,434.35,ABOVE_SPOT,,43.0,43.0,NSE_FO|47009,146160,22872,,44,467936,2544,False,8.0,-1.45,-15.3439,10.38,True,7.95,49205,8.05,58370,,,8.0,0.1,0.0125,0.0,8.0,NSE_FO|47010,8026,-629,,21,9135,32,False,359.6,-51.3,-12.4848,0.0,False,358.0,650,358.85,455,,,358.425,0.85,0.0024,434.35,-74.75,0.0549,23501
2.1.0,20260828_105203_001,2026-08-28T10:52:03+05:30,2026-08-28T10:52:03+05:30,Asia/Kolkata,UPSTOX,NIFTY,2026-09-01,65,b937edf1c90879cf,0.0,False,24165.65,24165.65,24122.6,24188.3,24106.55,24090.85,10.71,24150,24150,24650,484.35,ABOVE_SPOT,,43.0,43.0,NSE_FO|47011,60682,16867,,-68,264171,2069,False,5.75,-1.7,-22.8188,10.59,True,5.75,23530,5.8,28925,,,5.775,0.05,0.0087,0.0,5.75,NSE_FO|47012,1821,-212,,1,1295,4,False,407.7,-55.45,-11.9724,0.0,False,404.9,455,406.85,390,,,405.875,1.95,0.0048,484.35,-76.65,0.03,17079
2.1.0,20260828_105203_001,2026-08-28T10:52:03+05:30,2026-08-28T10:52:03+05:30,Asia/Kolkata,UPSTOX,NIFTY,2026-09-01,65,b937edf1c90879cf,0.0,False,24165.65,24165.65,24122.6,24188.3,24106.55,24090.85,10.71,24150,24150,24700,534.35,ABOVE_SPOT,,43.0,43.0,NSE_FO|47013,116238,15621,,89,351328,1096,False,4.3,-1.5,-25.8621,10.86,True,4.3,70460,4.35,40820,,,4.325,0.05,0.0116,0.0,4.3,NSE_FO|47014,6225,2095,,12,6839,12,False,455.1,-58.3,-11.3557,0.0,False,454.95,715,456.35,195,,,455.65,1.4,0.0031,534.35,-79.25,0.0536,13526
2.1.0,20260828_105203_001,2026-08-28T10:52:03+05:30,2026-08-28T10:52:03+05:30,Asia/Kolkata,UPSTOX,NIFTY,2026-09-01,65,b937edf1c90879cf,0.0,False,24165.65,24165.65,24122.6,24188.3,24106.55,24090.85,10.71,24150,24150,24750,584.35,ABOVE_SPOT,,43.0,43.0,NSE_FO|47015,56802,11447,,14,173044,97,False,3.45,-1.4,-28.866,11.29,True,3.4,39780,3.45,36920,,,3.425,0.05,0.0146,0.0,3.45,NSE_FO|47016,1198,-39,,0,211,1,False,500.35,-55.85,-10.0414,0.0,False,503.35,130,506.0,130,,,504.675,2.65,0.0053,584.35,-84.0,0.0211,11486
2.1.0,20260828_105303_001,2026-08-28T10:53:03+05:30,2026-08-28T10:53:03+05:30,Asia/Kolkata,UPSTOX,NIFTY,2026-09-01,65,3e16ff1bc696e8e8,0.0,False,24163.75,24164.1,24122.6,24188.3,24106.55,24090.85,10.71,24150,24150,23550,-613.75,BELOW_SPOT,,60.0,60.0,NSE_FO|46967,250,-15,,0,37,0,False,690.65,41.35,6.3684,24.61,True,701.55,65,705.75,65,,,703.65,4.2,0.006,613.75,76.9,NSE_FO|46968,39373,29639,,-69,116681,326,False,3.6,-0.15,-4.0,13.06,True,3.6,30745,3.65,42185,,,3.625,0.05,0.0138,0.0,3.6,157.492,-29654
2.1.0,20260828_105303_001,2026-08-28T10:53:03+05:30,2026-08-28T10:53:03+05:30,Asia/Kolkata,UPSTOX,NIFTY,2026-09-01,65,3e16ff1bc696e8e8,0.0,False,24163.75,24164.1,24122.6,24188.3,24106.55,24090.85,10.71,24150,24150,23600,-563.75,BELOW_SPOT,,60.0,60.0,NSE_FO|46969,592,-104,,0,509,0,False,656.3,64.2,10.8428,25.7,True,652.5,65,655.15,65,,,653.825,2.65,0.0041,563.75,92.55,NSE_FO|46970,76555,25195,,39,205608,107,False,4.0,-0.45,-10.1124,12.42,True,3.95,59735,4.0,74100,,,3.975,0.05,0.0126,0.0,4.0,129.3159,-25299
2.1.0,20260828_105303_001,2026-08-28T10:53:03+05:30,2026-08-28T10:53:03+05:30,Asia/Kolkata,UPSTOX,NIFTY,2026-09-01,65,3e16ff1bc696e8e8,0.0,False,24163.75,24164.1,24122.6,24188.3,24106.55,24090.85,10.71,24150,24150,23650,-513.75,BELOW_SPOT,,60.0,60.0,NSE_FO|46971,318,12,,0,184,0,False,595.3,52.95,9.7631,22.69,True,603.45,65,605.7,65,,,604.575,2.25,0.0037,513.75,81.55,NSE_FO|46972,38199,16114,,15,164616,177,False,4.45,-0.95,-17.5926,11.78,True,4.4,33215,4.45,44525,,,4.425,0.05,0.0113,0.0,4.45,120.1226,-16102
2.1.0,20260828_105303_001,2026-08-28T10:53:03+05:30,2026-08-28T10:53:03+05:30,Asia/Kolkata,UPSTOX,NIFTY,2026-09-01,65,3e16ff1bc696e8e8,0.0,False,24163.75,24164.1,24122.6,24188.3,24106.55,24090.85,10.71,24150,24150,23700,-463.75,BELOW_SPOT,,60.0,60.0,NSE_FO|46973,2784,0,,0,1428,0,False,560.5,58.2,11.5867,23.47,True,553.45,195,555.5,130,,,554.475,2.05,0.0037,463.75,96.75,NSE_FO|46974,99577,20973,,220,280457,1737,False,5.05,-1.7,-25.1852,11.17,True,5.05,29900,5.1,44655,,,5.075,0.05,0.0099,0.0,5.05,35.7676,-20973
2.1.0,20260828_105303_001,2026-08-28T10:53:03+05:30,2026-08-28T10:53:03+05:30,Asia/Kolkata,UPSTOX,NIFTY,2026-09-01,65,3e16ff1bc696e8e8,0.0,False,24163.75,24164.1,24122.6,24188.3,24106.55,24090.85,10.71,24150,24150,23750,-413.75,BELOW_SPOT,,60.0,60.0,NSE_FO|46975,669,119,,0,1079,4,False,504.35,50.65,11.1638,21.19,True,504.7,195,507.4,260,,,506.05,2.7,0.0053,413.75,90.6,NSE_FO|46976,47940,16911,,188,236830,353,False,6.1,-2.5,-29.0698,10.62,True,6.05,26000,6.1,17030,,,6.075,0.05,0.0082,0.0,6.1,71.6592,-16792
2.1.0,20260828_105303_001,2026-08-28T10:53:03+05:30,2026-08-28T10:53:03+05:30,Asia/Kolkata,UPSTOX,NIFTY,2026-09-01,65,3e16ff1bc696e8e8,0.0,False,24163.75,24164.1,24122.6,24188.3,24106.55,24090.85,10.71,24150,24150,23800,-363.75,BELOW_SPOT,,60.0,60.0,NSE_FO|46977,3089,179,,0,7259,18,False,456.85,54.45,13.5313,20.07,True,456.55,195,458.05,715,,,457.3,1.5,0.0033,363.75,93.1,NSE_FO|46978,132676,35067,,110,434912,672,False,7.25,-3.85,-34.6847,9.98,True,7.25,12025,7.3,35750,,,7.275,0.05,0.0069,0.0,7.25,42.9511,-34888
2.1.0,20260828_105303_001,2026-08-28T10:53:03+05:30,2026-08-28T10:53:03+05:30,Asia/Kolkata,UPSTOX,NIFTY,2026-09-01,65,3e16ff1bc696e8e8,0.0,False,24163.75,24164.1,24122.6,24188.3,24106.55,24090.85,10.71,24150,24150,23850,-313.75,BELOW_SPOT,,60.0,60.0,NSE_FO|46979,1421,442,,-2,3831,5,False,409.15,53.9,15.1724,18.86,True,408.65,455,410.05,520,,,409.35,1.4,0.0034,313.75,95.4,NSE_FO|46980,53078,24294,,-35,259013,674,False,9.2,-5.1,-35.6643,9.52,True,9.2,2340,9.25,29315,,,9.225,0.05,0.0054,0.0,9.2,37.3526,-23852
2.1.0,20260828_105303_001,2026-08-28T10:53:03+05:30,2026-08-28T10:53:03+05:30,Asia/Kolkata,UPSTOX,NIFTY,2026-09-01,65,3e16ff1bc696e8e8,0.0,False,24163.75,24164.1,24122.6,24188.3,24106.55,24090.85,10.71,24150,24150,23900,-263.75,BELOW_SPOT,,60.0,60.0,NSE_FO|46981,4951,1351,,-30,23557,53,False,361.0,47.25,15.0598,17.53,True,361.5,325,362.5,390,,,362.0,1.0,0.0028,263.75,97.25,NSE_FO|46982,113592,45609,,-5,522536,2100,False,11.95,-7.3,-37.9221,9.06,True,11.95,10010,12.0,6435,,,11.975,0.05,0.0042,0.0,11.95,22.9432,-44258
2.1.0,20260828_105303_001,2026-08-28T10:53:03+05:30,2026-08-28T10:53:03+05:30,Asia/Kolkata,UPSTOX,NIFTY,2026-09-01,65,3e16ff1bc696e8e8,0.0,False,24163.75,24164.1,24122.6,24188.3,24106.55,24090.85,10.71,24150,24150,23950,-213.75,BELOW_SPOT,,60.0,60.0,NSE_FO|46983,3795,1620,,-4,23115,39,False,315.4,46.15,17.1402,16.43,True,315.55,260,316.4,325,,,315.975,0.85,0.0027,213.75,101.65,NSE_FO|46984,62382,30564,,-137,378881,1225,False,16.05,-9.5,-37.182,8.67,True,16.0,8775,16.05,8060,,,16.025,0.05,0.0031,0.0,16.05,16.4379,-28944
2.1.0,20260828_105303_001,2026-08-28T10:53:03+05:30,2026-08-28T10:53:03+05:30,Asia/Kolkata,UPSTOX,NIFTY,2026-09-01,65,3e16ff1bc696e8e8,0.0,False,24163.75,24164.1,24122.6,24188.3,24106.55,24090.85,10.71,24150,24150,24000,-163.75,BELOW_SPOT,,60.0,60.0,NSE_FO|46985,32517,6460,,-162,215941,515,False,271.35,43.6,19.1438,15.35,True,271.55,195,272.0,390,,,271.775,0.45,0.0017,163.75,107.6,NSE_FO|46986,205967,96649,,1565,1105537,4043,False,21.7,-13.4,-38.1766,8.26,True,21.7,5720,21.75,1430,,,21.725,0.05,0.0023,0.0,21.7,6.3341,-90189
2.1.0,20260828_105303_001,2026-08-28T10:53:03+05:30,2026-08-28T10:53:03+05:30,Asia/Kolkata,UPSTOX,NIFTY,2026-09-01,65,3e16ff1bc696e8e8,0.0,False,24163.75,24164.1,24122.6,24188.3,24106.55,24090.85,10.71,24150,24150,24050,-113.75,BELOW_SPOT,,60.0,60.0,NSE_FO|46987,15897,5474,,91,181348,324,False,229.3,38.0,19.8641,14.4,True,229.2,65,229.5,650,,,229.35,0.3,0.0013,113.75,115.55,NSE_FO|46988,108509,71563,,-89,712425,1863,False,29.2,-17.45,-37.4062,7.83,True,29.2,5720,29.3,3705,,,29.25,0.1,0.0034,0.0,29.2,6.8258,-66089
2.1.0,20260828_105303_001,2026-08-28T10:53:03+05:30,2026-08-28T10:53:03+05:30,Asia/Kolkata,UPSTOX,NIFTY,2026-09-01,65,3e16ff1bc696e8e8,0.0,False,24163.75,24164.1,24122.6,24188.3,24106.55,24090.85,10.71,24150,24150,24100,-63.75,BELOW_SPOT,,60.0,60.0,NSE_FO|46989,71742,25257,,11,1014308,1791,False,189.95,34.7,22.351,13.57,True,189.6,195,190.0,2210,,,189.8,0.4,0.0021,63.75,126.2,NSE_FO|46990,278626,194443,,3368,1950011,6680,False,39.8,-22.35,-35.9614,7.43,True,39.75,5135,39.8,130,,,39.775,0.05,0.0013,0.0,39.8,3.8837,-169186
2.1.0,20260828_105303_001,2026-08-28T10:53:03+05:30,2026-08-28T10:53:03+05:30,Asia/Kolkata,UPSTOX,NIFTY,2026-09-01,65,3e16ff1bc696e8e8,0.0,False,24163.75,24164.1,24122.6,24188.3,24106.55,24090.85,10.71,24150,24150,24150,-13.75,ATM,,60.0,60.0,NSE_FO|46991,113842,53605,,-64,1359217,4026,False,153.0,26.15,20.6149,12.78,True,153.0,715,153.35,650,,,153.175,0.35,0.0023,13.75,139.25,NSE_FO|46992,248141,193891,,1270,1871338,9821,False,53.15,-25.8,-32.6789,6.91,True,53.0,5655,53.15,6500,,,53.075,0.15,0.0028,0.0,53.15,2.1797,-140286
2.1.0,20260828_105303_001,2026-08-28T10:53:03+05:30,2026-08-28T10:53:03+05:30,Asia/Kolkata,UPSTOX,NIFTY,2026-09-01,65,3e16ff1bc696e8e8,0.0,False,24163.75,24164.1,24122.6,24188.3,24106.55,24090.85,10.71,24150,24150,24200,36.25,ABOVE_SPOT,,60.0,60.0,NSE_FO|46993,239228,85540,,301,1869410,6643,False,120.85,22.1,22.3797,12.12,True,120.6,715,120.8,65,,,120.7,0.2,0.0017,0.0,120.85,NSE_FO|46994,292074,190896,,2094,1643441,8152,False,70.8,-32.0,-31.1284,6.35,True,70.7,1105,70.8,65,,,70.75,0.1,0.0014,36.25,34.55,1.2209,-105356
2.1.0,20260828_105303_001,2026-08-28T10:53:03+05:30,2026-08-28T10:53:03+05:30,Asia/Kolkata,UPSTOX,NIFTY,2026-09-01,65,3e16ff1bc696e8e8,0.0,False,24163.75,24164.1,24122.6,24188.3,24106.55,24090.85,10.71,24150,24150,24250,86.25,ABOVE_SPOT,,60.0,60.0,NSE_FO|46995,149021,60009,,1424,1049304,4324,False,92.35,15.45,20.091,11.6,True,92.4,3445,92.65,2210,,,92.525,0.25,0.0027,0.0,92.35,NSE_FO|46996,94245,53715,,1235,530351,2896,False,92.3,-36.55,-28.3663,5.56,True,92.15,65,92.3,2015,,,92.225,0.15,0.0016,86.25,6.05,0.6324,6294
2.1.0,20260828_105303_001,2026-08-28T10:53:03+05:30,2026-08-28T10:53:03+05:30,Asia/Kolkata,UPSTOX,NIFTY,2026-09-01,65,3e16ff1bc696e8e8,0.0,False,24163.75,24164.1,24122.6,24188.3,24106.55,24090.85,10.71,24150,24150,24300,136.25,ABOVE_SPOT,,60.0,60.0,NSE_FO|46997,255215,51885,,748,1347880,4752,False,68.9,10.95,18.8956,11.15,True,68.9,195,68.95,3900,,,68.925,0.05,0.0007,0.0,68.9,NSE_FO|46998,116593,40553,,1099,611117,2403,False,118.7,-43.65,-26.8864,4.18,True,118.6,1755,118.9,585,,,118.75,0.3,0.0025,136.25,-17.55,0.4568,11332
2.1.0,20260828_105303_001,2026-08-28T10:53:03+05:30,2026-08-28T10:53:03+05:30,Asia/Kolkata,UPSTOX,NIFTY,2026-09-01,65,3e16ff1bc696e8e8,0.0,False,24163.75,24164.1,24122.6,24188.3,24106.55,24090.85,10.71,24150,24150,24350,186.25,ABOVE_SPOT,,60.0,60.0,NSE_FO|46999,164520,41205,,127,724823,2568,False,49.75,6.2,14.2365,10.79,True,49.65,4615,49.75,325,,,49.7,0.1,0.002,0.0,49.75,NSE_FO|47000,35493,9953,,363,132163,579,False,149.35,-45.65,-23.4103,0.0,False,149.4,130,149.75,520,,,149.575,0.35,0.0023,186.25,-36.9,0.2157,31252
2.1.0,20260828_105303_001,2026-08-28T10:53:03+05:30,2026-08-28T10:53:03+05:30,Asia/Kolkata,UPSTOX,NIFTY,2026-09-01,65,3e16ff1bc696e8e8,0.0,False,24163.75,24164.1,24122.6,24188.3,24106.55,24090.85,10.71,24150,24150,24400,236.25,ABOVE_SPOT,,60.0,60.0,NSE_FO|47001,224092,35879,,-6,907530,2915,False,35.25,3.45,10.8491,10.53,True,35.1,3835,35.2,4940,,,35.15,0.1,0.0028,0.0,35.25,NSE_FO|47002,41719,6916,,208,145033,670,False,185.35,-49.3,-21.01,0.0,False,184.85,455,185.25,260,,,185.05,0.4,0.0022,236.25,-50.9,0.1862,28963
2.1.0,20260828_105303_001,2026-08-28T10:53:03+05:30,2026-08-28T10:53:03+05:30,Asia/Kolkata,UPSTOX,NIFTY,2026-09-01,65,3e16ff1bc696e8e8,0.0,False,24163.75,24164.1,24122.6,24188.3,24106.55,24090.85,10.71,24150,24150,24450,286.25,ABOVE_SPOT,,60.0,60.0,NSE_FO|47003,94083,12982,,552,491811,2213,False,24.45,1.0,4.2644,10.39,True,24.35,14235,24.45,4745,,,24.4,0.1,0.0041,0.0,24.45,NSE_FO|47004,10629,1671,,-16,22110,149,False,224.25,-50.4,-18.3506,0.0,False,223.95,520,224.5,195,,,224.225,0.55,0.0025,286.25,-62.0,0.113,11311
2.1.0,20260828_105303_001,2026-08-28T10:53:03+05:30,2026-08-28T10:53:03+05:30,Asia/Kolkata,UPSTOX,NIFTY,2026-09-01,65,3e16ff1bc696e8e8,0.0,False,24163.75,24164.1,24122.6,24188.3,24106.55,24090.85,10.71,24150,24150,24500,336.25,ABOVE_SPOT,,60.0,60.0,NSE_FO|47005,217539,24646,,990,834704,3374,False,16.8,-0.85,-4.8159,10.35,True,16.8,43680,16.9,10010,,,16.85,0.1,0.0059,0.0,16.8,NSE_FO|47006,35559,3956,,9,64291,199,False,266.85,-50.65,-15.9528,0.0,False,266.1,195,266.8,520,,,266.45,0.7,0.0026,336.25,-69.4,0.1635,20690
2.1.0,20260828_105303_001,2026-08-28T10:53:03+05:30,2026-08-28T10:53:03+05:30,Asia/Kolkata,UPSTOX,NIFTY,2026-09-01,65,3e16ff1bc696e8e8,0.0,False,24163.75,24164.1,24122.6,24188.3,24106.55,24090.85,10.71,24150,24150,24550,386.25,ABOVE_SPOT,,60.0,60.0,NSE_FO|47007,80193,15893,,230,394317,684,False,11.45,-1.25,-9.8425,10.35,True,11.45,19695,11.5,260,,,11.475,0.05,0.0044,0.0,11.45,NSE_FO|47008,3074,97,,-4,5548,39,False,311.7,-52.1,-14.3211,0.0,False,310.85,390,311.8,390,,,311.325,0.95,0.0031,386.25,-74.55,0.0383,15796
2.1.0,20260828_105303_001,2026-08-28T10:53:03+05:30,2026-08-28T10:53:03+05:30,Asia/Kolkata,UPSTOX,NIFTY,2026-09-01,65,3e16ff1bc696e8e8,0.0,False,24163.75,24164.1,24122.6,24188.3,24106.55,24090.85,10.71,24150,24150,24600,436.25,ABOVE_SPOT,,60.0,60.0,NSE_FO|47009,146385,23097,,225,468983,1047,False,8.05,-1.4,-14.8148,10.47,True,8.0,8515,8.05,47060,,,8.025,0.05,0.0062,0.0,8.05,NSE_FO|47010,8047,-608,,21,9170,35,False,358.0,-52.9,-12.8742,0.0,False,357.1,195,358.1,455,,,357.6,1.0,0.0028,436.25,-78.25,0.055,23705
2.1.0,20260828_105303_001,2026-08-28T10:53:03+05:30,2026-08-28T10:53:03+05:30,Asia/Kolkata,UPSTOX,NIFTY,2026-09-01,65,3e16ff1bc696e8e8,0.0,False,24163.75,24164.1,24122.6,24188.3,24106.55,24090.85,10.71,24150,24150,24650,486.25,ABOVE_SPOT,,60.0,60.0,NSE_FO|47011,60960,17145,,278,264743,572,False,5.8,-1.65,-22.1477,10.68,True,5.75,30030,5.8,26260,,,5.775,0.05,0.0087,0.0,5.8,NSE_FO|47012,1821,-212,,0,1295,0,False,407.7,-55.45,-11.9724,0.0,False,404.35,130,405.85,130,,,405.1,1.5,0.0037,486.25,-78.55,0.0299,17357
2.1.0,20260828_105303_001,2026-08-28T10:53:03+05:30,2026-08-28T10:53:03+05:30,Asia/Kolkata,UPSTOX,NIFTY,2026-09-01,65,3e16ff1bc696e8e8,0.0,False,24163.75,24164.1,24122.6,24188.3,24106.55,24090.85,10.71,24150,24150,24700,536.25,ABOVE_SPOT,,60.0,60.0,NSE_FO|47013,116381,15764,,143,352130,802,False,4.35,-1.45,-25.0,10.93,True,4.3,111215,4.35,30940,,,4.325,0.05,0.0116,0.0,4.35,NSE_FO|47014,6224,2094,,-1,6843,4,False,456.05,-57.35,-11.1706,0.0,False,453.6,455,454.75,195,,,454.175,1.15,0.0025,536.25,-80.2,0.0535,13670
2.1.0,20260828_105303_001,2026-08-28T10:53:03+05:30,2026-08-28T10:53:03+05:30,Asia/Kolkata,UPSTOX,NIFTY,2026-09-01,65,3e16ff1bc696e8e8,0.0,False,24163.75,24164.1,24122.6,24188.3,24106.55,24090.85,10.71,24150,24150,24750,586.25,ABOVE_SPOT,,60.0,60.0,NSE_FO|47015,56933,11578,,131,173402,358,False,3.4,-1.45,-29.8969,11.35,True,3.4,48425,3.45,35815,,,3.425,0.05,0.0146,0.0,3.4,NSE_FO|47016,1198,-39,,0,211,0,False,500.35,-55.85,-10.0414,0.0,False,501.95,65,504.15,65,,,503.05,2.2,0.0044,586.25,-85.9,0.021,11617
2.1.0,20260828_105403_001,2026-08-28T10:54:03+05:30,2026-08-28T10:54:03+05:30,Asia/Kolkata,UPSTOX,NIFTY,2026-09-01,65,6c3ea4170676b76c,0.0,False,24159.5,24159.9,24122.6,24188.3,24106.55,24090.85,10.74,24150,24150,23550,-609.5,BELOW_SPOT,,60.0,60.0,NSE_FO|46967,250,-15,,0,37,0,False,690.65,41.35,6.3684,24.89,True,697.3,65,701.45,65,,,699.375,4.15,0.0059,609.5,81.15,NSE_FO|46968,39357,29623,,-16,116699,18,False,3.6,-0.15,-4.0,13.06,True,3.6,27950,3.65,39910,,,3.625,0.05,0.0138,0.0,3.6,157.428,-29638
2.1.0,20260828_105403_001,2026-08-28T10:54:03+05:30,2026-08-28T10:54:03+05:30,Asia/Kolkata,UPSTOX,NIFTY,2026-09-01,65,6c3ea4170676b76c,0.0,False,24159.5,24159.9,24122.6,24188.3,24106.55,24090.85,10.74,24150,24150,23600,-559.5,BELOW_SPOT,,60.0,60.0,NSE_FO|46969,592,-104,,0,509,0,False,656.3,64.2,10.8428,25.92,True,648.4,65,651.2,130,,,649.8,2.8,0.0043,559.5,96.8,NSE_FO|46970,76549,25189,,-6,205697,89,False,3.95,-0.5,-11.236,12.39,True,3.95,71240,4.0,65065,,,3.975,0.05,0.0126,0.0,3.95,129.3057,-25293
2.1.0,20260828_105403_001,2026-08-28T10:54:03+05:30,2026-08-28T10:54:03+05:30,Asia/Kolkata,UPSTOX,NIFTY,2026-09-01,65,6c3ea4170676b76c,0.0,False,24159.5,24159.9,24122.6,24188.3,24106.55,24090.85,10.74,24150,24150,23650,-509.5,BELOW_SPOT,,60.0,60.0,NSE_FO|46971,318,12,,0,184,0,False,595.3,52.95,9.7631,22.93,True,599.0,65,601.5,65,,,600.25,2.5,0.0042,509.5,85.8,NSE_FO|46972,38223,16138,,24,164880,264,False,4.45,-0.95,-17.5926,11.75,True,4.4,45695,4.45,34190,,,4.425,0.05,0.0113,0.0,4.45,120.1981,-16126
2.1.0,20260828_105403_001,2026-08-28T10:54:03+05:30,2026-08-28T10:54:03+05:30,Asia/Kolkata,UPSTOX,NIFTY,2026-09-01,65,6c3ea4170676b76c,0.0,False,24159.5,24159.9,24122.6,24188.3,24106.55,24090.85,10.74,24150,24150,23700,-459.5,BELOW_SPOT,,60.0,60.0,NSE_FO|46973,2777,-7,,-7,1431,3,False,549.95,47.65,9.4864,22.23,True,549.2,130,551.15,130,,,550.175,1.95,0.0035,459.5,90.45,NSE_FO|46974,99342,20738,,-235,281092,635,False,5.15,-1.6,-23.7037,11.14,True,5.1,21710,5.15,87620,,,5.125,0.05,0.0098,0.0,5.15,35.7731,-20745
2.1.0,20260828_105403_001,2026-08-28T10:54:03+05:30,2026-08-28T10:54:03+05:30,Asia/Kolkata,UPSTOX,NIFTY,2026-09-01,65,6c3ea4170676b76c,0.0,False,24159.5,24159.9,24122.6,24188.3,24106.55,24090.85,10.74,24150,24150,23750,-409.5,BELOW_SPOT,,60.0,60.0,NSE_FO|46975,669,119,,0,1079,0,False,504.35,50.65,11.1638,21.41,True,500.7,195,502.8,130,,,501.75,2.1,0.0042,409.5,94.85,NSE_FO|46976,47916,16887,,-24,237394,564,False,6.1,-2.5,-29.0698,10.59,True,6.1,31785,6.15,260,,,6.125,0.05,0.0082,0.0,6.1,71.6233,-16768
2.1.0,20260828_105403_001,2026-08-28T10:54:03+05:30,2026-08-28T10:54:03+05:30,Asia/Kolkata,UPSTOX,NIFTY,2026-09-01,65,6c3ea4170676b76c,0.0,False,24159.5,24159.9,24122.6,24188.3,24106.55,24090.85,10.74,24150,24150,23800,-359.5,BELOW_SPOT,,60.0,60.0,NSE_FO|46977,3103,193,,14,7282,23,False,452.65,50.25,12.4876,19.71,True,452.15,195,453.7,260,,,452.925,1.55,0.0034,359.5,93.15,NSE_FO|46978,132502,34893,,-174,435893,981,False,7.35,-3.75,-33.7838,9.98,True,7.35,18655,7.4,32110,,,7.375,0.05,0.0068,0.0,7.35,42.7013,-34700
2.1.0,20260828_105403_001,2026-08-28T10:54:03+05:30,2026-08-28T10:54:03+05:30,Asia/Kolkata,UPSTOX,NIFTY,2026-09-01,65,6c3ea4170676b76c,0.0,False,24159.5,24159.9,24122.6,24188.3,24106.55,24090.85,10.74,24150,24150,23850,-309.5,BELOW_SPOT,,60.0,60.0,NSE_FO|46979,1418,439,,-3,3833,2,False,405.45,50.2,14.1309,18.59,True,404.45,520,405.9,780,,,405.175,1.45,0.0036,309.5,95.95,NSE_FO|46980,53214,24430,,136,259651,638,False,9.4,-4.9,-34.2657,9.52,True,9.35,37960,9.45,51480,,,9.4,0.1,0.0106,0.0,9.4,37.5275,-23991
2.1.0,20260828_105403_001,2026-08-28T10:54:03+05:30,2026-08-28T10:54:03+05:30,Asia/Kolkata,UPSTOX,NIFTY,2026-09-01,65,6c3ea4170676b76c,0.0,False,24159.5,24159.9,24122.6,24188.3,24106.55,24090.85,10.74,24150,24150,23900,-259.5,BELOW_SPOT,,60.0,60.0,NSE_FO|46981,4936,1336,,-15,23609,52,False,358.4,44.65,14.2311,17.26,True,357.4,325,358.45,260,,,357.925,1.05,0.0029,259.5,98.9,NSE_FO|46982,113581,45598,,-11,523336,800,False,12.2,-7.05,-36.6234,9.06,True,12.2,16510,12.3,38805,,,12.25,0.1,0.0082,0.0,12.2,23.0107,-44262
2.1.0,20260828_105403_001,2026-08-28T10:54:03+05:30,2026-08-28T10:54:03+05:30,Asia/Kolkata,UPSTOX,NIFTY,2026-09-01,65,6c3ea4170676b76c,0.0,False,24159.5,24159.9,24122.6,24188.3,24106.55,24090.85,10.74,24150,24150,23950,-209.5,BELOW_SPOT,,60.0,60.0,NSE_FO|46983,3790,1615,,-5,23206,91,False,311.5,42.25,15.6917,16.15,True,311.6,65,312.4,130,,,312.0,0.8,0.0026,209.5,102.0,NSE_FO|46984,62642,30824,,260,380815,1934,False,16.4,-9.15,-35.8121,8.67,True,16.4,2405,16.45,8450,,,16.425,0.05,0.003,0.0,16.4,16.5282,-29209
2.1.0,20260828_105403_001,2026-08-28T10:54:03+05:30,2026-08-28T10:54:03+05:30,Asia/Kolkata,UPSTOX,NIFTY,2026-09-01,65,6c3ea4170676b76c,0.0,False,24159.5,24159.9,24122.6,24188.3,24106.55,24090.85,10.74,24150,24150,24000,-159.5,BELOW_SPOT,,60.0,60.0,NSE_FO|46985,32563,6506,,46,216588,647,False,267.5,39.75,17.4533,15.17,True,267.65,65,268.25,715,,,267.95,0.6,0.0022,159.5,108.0,NSE_FO|46986,206260,96942,,293,1109856,4319,False,22.35,-12.75,-36.3248,8.29,True,22.25,10660,22.35,5980,,,22.3,0.1,0.0045,0.0,22.35,6.3342,-90436
2.1.0,20260828_105403_001,2026-08-28T10:54:03+05:30,2026-08-28T10:54:03+05:30,Asia/Kolkata,UPSTOX,NIFTY,2026-09-01,65,6c3ea4170676b76c,0.0,False,24159.5,24159.9,24122.6,24188.3,24106.55,24090.85,10.74,24150,24150,24050,-109.5,BELOW_SPOT,,60.0,60.0,NSE_FO|46987,15860,5437,,-37,181993,645,False,226.05,34.75,18.1652,14.21,True,225.55,65,226.1,260,,,225.825,0.55,0.0024,109.5,116.55,NSE_FO|46988,108623,71677,,114,715387,2962,False,30.1,-16.55,-35.477,7.86,True,30.0,2925,30.1,1885,,,30.05,0.1,0.0033,0.0,30.1,6.8489,-66240
2.1.0,20260828_105403_001,2026-08-28T10:54:03+05:30,2026-08-28T10:54:03+05:30,Asia/Kolkata,UPSTOX,NIFTY,2026-09-01,65,6c3ea4170676b76c,0.0,False,24159.5,24159.9,24122.6,24188.3,24106.55,24090.85,10.74,24150,24150,24100,-59.5,BELOW_SPOT,,60.0,60.0,NSE_FO|46989,71943,25458,,201,1017641,3333,False,186.05,30.8,19.839,13.34,True,186.2,780,186.65,910,,,186.425,0.45,0.0024,59.5,126.55,NSE_FO|46990,279027,194844,,401,1957883,7872,False,40.8,-21.35,-34.3524,7.46,True,40.75,5785,40.9,8840,,,40.825,0.15,0.0037,0.0,40.8,3.8784,-169386
2.1.0,20260828_105403_001,2026-08-28T10:54:03+05:30,2026-08-28T10:54:03+05:30,Asia/Kolkata,UPSTOX,NIFTY,2026-09-01,65,6c3ea4170676b76c,0.0,False,24159.5,24159.9,24122.6,24188.3,24106.55,24090.85,10.74,24150,24150,24150,-9.5,ATM,,60.0,60.0,NSE_FO|46991,114005,53768,,163,1365056,5839,False,150.25,23.4,18.447,12.58,True,150.3,1170,150.6,130,,,150.45,0.3,0.002,9.5,140.75,NSE_FO|46992,249649,195399,,1508,1882904,11566,False,54.6,-24.35,-30.8423,6.96,True,54.3,195,54.4,130,,,54.35,0.1,0.0018,0.0,54.6,2.1898,-141631
2.1.0,20260828_105403_001,2026-08-28T10:54:03+05:30,2026-08-28T10:54:03+05:30,Asia/Kolkata,UPSTOX,NIFTY,2026-09-01,65,6c3ea4170676b76c,0.0,False,24159.5,24159.9,24122.6,24188.3,24106.55,24090.85,10.74,24150,24150,24200,40.5,ABOVE_SPOT,,60.0,60.0,NSE_FO|46993,240319,86631,,1091,1877863,8453,False,117.85,19.1,19.3418,11.97,True,117.85,2080,118.15,455,,,118.0,0.3,0.0025,0.0,117.85,NSE_FO|46994,292727,191549,,653,1655472,12031,False,72.65,-30.15,-29.3288,6.42,True,72.5,65,72.65,3510,,,72.575,0.15,0.0021,40.5,32.15,1.2181,-104918
2.1.0,20260828_105403_001,2026-08-28T10:54:03+05:30,2026-08-28T10:54:03+05:30,Asia/Kolkata,UPSTOX,NIFTY,2026-09-01,65,6c3ea4170676b76c,0.0,False,24159.5,24159.9,24122.6,24188.3,24106.55,24090.85,10.74,24150,24150,24250,90.5,ABOVE_SPOT,,60.0,60.0,NSE_FO|46995,149801,60789,,780,1056359,7055,False,90.3,13.4,17.4252,11.47,True,90.1,2405,90.3,130,,,90.2,0.2,0.0022,0.0,90.3,NSE_FO|46996,94994,54464,,749,533590,3239,False,94.55,-34.3,-26.6201,5.61,True,94.35,195,94.55,910,,,94.45,0.2,0.0021,90.5,4.05,0.6341,6325
2.1.0,20260828_105403_001,2026-08-28T10:54:03+05:30,2026-08-28T10:54:03+05:30,Asia/Kolkata,UPSTOX,NIFTY,2026-09-01,65,6c3ea4170676b76c,0.0,False,24159.5,24159.9,24122.6,24188.3,24106.55,24090.85,10.74,24150,24150,24300,140.5,ABOVE_SPOT,,60.0,60.0,NSE_FO|46997,255400,52070,,185,1354607,6727,False,67.1,9.15,15.7895,11.0,True,66.95,455,67.1,2210,,,67.025,0.15,0.0022,0.0,67.1,NSE_FO|46998,117554,41514,,961,616197,5080,False,121.35,-41.0,-25.2541,4.3,True,121.2,650,121.35,455,,,121.275,0.15,0.0012,140.5,-19.15,0.4603,10556
2.1.0,20260828_105403_001,2026-08-28T10:54:03+05:30,2026-08-28T10:54:03+05:30,Asia/Kolkata,UPSTOX,NIFTY,2026-09-01,65,6c3ea4170676b76c,0.0,False,24159.5,24159.9,24122.6,24188.3,24106.55,24090.85,10.74,24150,24150,24350,190.5,ABOVE_SPOT,,60.0,60.0,NSE_FO|46999,164522,41207,,2,728851,4028,False,48.25,4.7,10.7922,10.7,True,48.25,260,48.35,5070,,,48.3,0.1,0.0021,0.0,48.25,NSE_FO|47000,35525,9985,,32,133101,938,False,152.75,-42.25,-21.6667,0.0,False,152.4,845,152.8,390,,,152.6,0.4,0.0026,190.5,-37.75,0.2159,31222
2.1.0,20260828_105403_001,2026-08-28T10:54:03+05:30,2026-08-28T10:54:03+05:30,Asia/Kolkata,UPSTOX,NIFTY,2026-09-01,65,6c3ea4170676b76c,0.0,False,24159.5,24159.9,24122.6,24188.3,24106.55,24090.85,10.74,24150,24150,24400,240.5,ABOVE_SPOT,,60.0,60.0,NSE_FO|47001,224252,36039,,160,912175,4645,False,34.15,2.35,7.3899,10.47,True,34.05,2990,34.15,2990,,,34.1,0.1,0.0029,0.0,34.15,NSE_FO|47002,41794,6991,,75,145816,783,False,188.1,-46.55,-19.8381,0.0,False,188.15,585,188.65,455,,,188.4,0.5,0.0027,240.5,-52.4,0.1864,29048
2.1.0,20260828_105403_001,2026-08-28T10:54:03+05:30,2026-08-28T10:54:03+05:30,Asia/Kolkata,UPSTOX,NIFTY,2026-09-01,65,6c3ea4170676b76c,0.0,False,24159.5,24159.9,24122.6,24188.3,24106.55,24090.85,10.74,24150,24150,24450,290.5,ABOVE_SPOT,,60.0,60.0,NSE_FO|47003,94539,13438,,456,494211,2400,False,23.65,0.2,0.8529,10.35,True,23.6,5135,23.7,10660,,,23.65,0.1,0.0042,0.0,23.65,NSE_FO|47004,10669,1711,,40,22249,139,False,228.3,-46.35,-16.876,0.0,False,227.6,520,228.25,1040,,,227.925,0.65,0.0029,290.5,-62.2,0.1129,11727
2.1.0,20260828_105403_001,2026-08-28T10:54:03+05:30,2026-08-28T10:54:03+05:30,Asia/Kolkata,UPSTOX,NIFTY,2026-09-01,65,6c3ea4170676b76c,0.0,False,24159.5,24159.9,24122.6,24188.3,24106.55,24090.85,10.74,24150,24150,24500,340.5,ABOVE_SPOT,,60.0,60.0,NSE_FO|47005,216916,24023,,-623,837632,2928,False,16.3,-1.35,-7.6487,10.31,True,16.35,19305,16.4,2730,,,16.375,0.05,0.0031,0.0,16.3,NSE_FO|47006,35584,3981,,25,64504,213,False,270.8,-46.7,-14.7087,0.0,False,270.0,3510,270.4,455,,,270.2,0.4,0.0015,340.5,-69.7,0.164,20042
2.1.0,20260828_105403_001,2026-08-28T10:54:03+05:30,2026-08-28T10:54:03+05:30,Asia/Kolkata,UPSTOX,NIFTY,2026-09-01,65,6c3ea4170676b76c,0.0,False,24159.5,24159.9,24122.6,24188.3,24106.55,24090.85,10.74,24150,24150,24550,390.5,ABOVE_SPOT,,60.0,60.0,NSE_FO|47007,80227,15927,,34,395399,1082,False,11.15,-1.55,-12.2047,10.31,True,11.15,2210,11.2,12220,,,11.175,0.05,0.0045,0.0,11.15,NSE_FO|47008,3079,102,,5,5563,15,False,315.8,-48.0,-13.1941,0.0,False,314.85,65,315.45,65,,,315.15,0.6,0.0019,390.5,-74.7,0.0384,15825
2.1.0,20260828_105403_001,2026-08-28T10:54:03+05:30,2026-08-28T10:54:03+05:30,Asia/Kolkata,UPSTOX,NIFTY,2026-09-01,65,6c3ea4170676b76c,0.0,False,24159.5,24159.9,24122.6,24188.3,24106.55,24090.85,10.74,24150,24150,24600,440.5,ABOVE_SPOT,,60.0,60.0,NSE_FO|47009,146420,23132,,35,470460,1477,False,7.85,-1.6,-16.9312,10.44,True,7.8,12025,7.85,32500,,,7.825,0.05,0.0064,0.0,7.85,NSE_FO|47010,8048,-607,,1,9203,33,False,361.2,-49.7,-12.0954,0.0,False,361.15,195,362.25,780,,,361.7,1.1,0.003,440.5,-79.3,0.055,23739
2.1.0,20260828_105403_001,2026-08-28T10:54:03+05:30,2026-08-28T10:54:03+05:30,Asia/Kolkata,UPSTOX,NIFTY,2026-09-01,65,6c3ea4170676b76c,0.0,False,24159.5,24159.9,24122.6,24188.3,24106.55,24090.85,10.74,24150,24150,24650,490.5,ABOVE_SPOT,,60.0,60.0,NSE_FO|47011,61000,17185,,40,265352,609,False,5.65,-1.8,-24.1611,10.68,True,5.65,26390,5.7,51935,,,5.675,0.05,0.0088,0.0,5.65,NSE_FO|47012,1822,-211,,1,1296,1,False,411.65,-51.5,-11.1195,0.0,False,408.45,195,410.0,130,,,409.225,1.55,0.0038,490.5,-78.85,0.0299,17396
2.1.0,20260828_105403_001,2026-08-28T10:54:03+05:30,2026-08-28T10:54:03+05:30,Asia/Kolkata,UPSTOX,NIFTY,2026-09-01,65,6c3ea4170676b76c,0.0,False,24159.5,24159.9,24122.6,24188.3,24106.55,24090.85,10.74,24150,24150,24700,540.5,ABOVE_SPOT,,60.0,60.0,NSE_FO|47013,116451,15834,,70,353644,1514,False,4.25,-1.55,-26.7241,10.99,True,4.25,118235,4.3,34450,,,4.275,0.05,0.0117,0.0,4.25,NSE_FO|47014,6225,2095,,1,6846,3,False,458.0,-55.4,-10.7908,0.0,False,457.7,325,458.95,195,,,458.325,1.25,0.0027,540.5,-82.5,0.0535,13739
2.1.0,20260828_105403_001,2026-08-28T10:54:03+05:30,2026-08-28T10:54:03+05:30,Asia/Kolkata,UPSTOX,NIFTY,2026-09-01,65,6c3ea4170676b76c,0.0,False,24159.5,24159.9,24122.6,24188.3,24106.55,24090.85,10.74,24150,24150,24750,590.5,ABOVE_SPOT,,60.0,60.0,NSE_FO|47015,56809,11454,,-124,173460,58,False,3.45,-1.4,-28.866,11.41,True,3.4,50830,3.45,44915,,,3.425,0.05,0.0146,0.0,3.45,NSE_FO|47016,1198,-39,,0,211,0,False,500.35,-55.85,-10.0414,0.0,False,506.1,130,508.25,65,,,507.175,2.15,0.0042,590.5,-90.15,0.0211,11493
2.1.0,20260828_105503_000,2026-08-28T10:55:03+05:30,2026-08-28T10:55:03+05:30,Asia/Kolkata,UPSTOX,NIFTY,2026-09-01,65,4b8b838ef5a501b4,0.0,False,24155.7,24155.7,24122.6,24188.3,24106.55,24090.85,10.74,24150,24150,23550,-605.7,BELOW_SPOT,,60.0,60.0,NSE_FO|46967,250,-15,,0,37,0,False,690.65,41.35,6.3684,25.54,True,690.9,65,694.45,130,,,692.675,3.55,0.0051,605.7,84.95,NSE_FO|46968,39345,29611,,-12,116715,16,False,3.65,-0.1,-2.6667,13.0,True,3.6,42185,3.65,26780,,,3.625,0.05,0.0138,0.0,3.65,157.38,-29626
2.1.0,20260828_105503_000,2026-08-28T10:55:03+05:30,2026-08-28T10:55:03+05:30,Asia/Kolkata,UPSTOX,NIFTY,2026-09-01,65,4b8b838ef5a501b4,0.0,False,24155.7,24155.7,24122.6,24188.3,24106.55,24090.85,10.74,24150,24150,23600,-555.7,BELOW_SPOT,,60.0,60.0,NSE_FO|46969,592,-104,,0,509,0,False,656.3,64.2,10.8428,26.5,True,641.75,260,644.5,65,,,643.125,2.75,0.0043,555.7,100.6,NSE_FO|46970,76575,25215,,26,206153,456,False,4.05,-0.4,-8.9888,12.33,True,4.0,114725,4.05,38675,,,4.025,0.05,0.0124,0.0,4.05,129.3497,-25319
2.1.0,20260828_105503_000,2026-08-28T10:55:03+05:30,2026-08-28T10:55:03+05:30,Asia/Kolkata,UPSTOX,NIFTY,2026-09-01,65,4b8b838ef5a501b4,0.0,False,24155.7,24155.7,24122.6,24188.3,24106.55,24090.85,10.74,24150,24150,23650,-505.7,BELOW_SPOT,,60.0,60.0,NSE_FO|46971,318,12,,0,184,0,False,595.3,52.95,9.7631,23.48,True,592.3,130,594.9,65,,,593.6,2.6,0.0044,505.7,89.6,NSE_FO|46972,38252,16167,,29,165181,301,False,4.5,-0.9,-16.6667,11.69,True,4.45,59735,4.5,9165,,,4.475,0.05,0.0112,0.0,4.5,120.2893,-16155
2.1.0,20260828_105503_000,2026-08-28T10:55:03+05:30,2026-08-28T10:55:03+05:30,Asia/Kolkata,UPSTOX,NIFTY,2026-09-01,65,4b8b838ef5a501b4,0.0,False,24155.7,24155.7,24122.6,24188.3,24106.55,24090.85,10.74,24150,24150,23700,-455.7,BELOW_SPOT,,60.0,60.0,NSE_FO|46973,2778,-6,,1,1432,1,False,545.5,43.2,8.6004,22.16,True,542.6,130,544.9,130,,,543.75,2.3,0.0042,455.7,89.8,NSE_FO|46974,99256,20652,,-86,281932,840,False,5.25,-1.5,-22.2222,11.11,True,5.2,77480,5.25,28470,,,5.225,0.05,0.0096,0.0,5.25,35.7293,-20658
2.1.0,20260828_105503_000,2026-08-28T10:55:03+05:30,2026-08-28T10:55:03+05:30,Asia/Kolkata,UPSTOX,NIFTY,2026-09-01,65,4b8b838ef5a501b4,0.0,False,24155.7,24155.7,24122.6,24188.3,24106.55,24090.85,10.74,24150,24150,23750,-405.7,BELOW_SPOT,,60.0,60.0,NSE_FO|46975,668,118,,-1,1081,2,False,497.4,43.7,9.6319,20.95,True,494.35,650,496.6,715,,,495.475,2.25,0.0045,405.7,91.7,NSE_FO|46976,47920,16891,,4,237959,565,False,6.35,-2.25,-26.1628,10.56,True,6.3,21450,6.35,20995,,,6.325,0.05,0.0079,0.0,6.35,71.7365,-16773
2.1.0,20260828_105503_000,2026-08-28T10:55:03+05:30,2026-08-28T10:55:03+05:30,Asia/Kolkata,UPSTOX,NIFTY,2026-09-01,65,4b8b838ef5a501b4,0.0,False,24155.7,24155.7,24122.6,24188.3,24106.55,24090.85,10.74,24150,24150,23800,-355.7,BELOW_SPOT,,60.0,60.0,NSE_FO|46977,3111,201,,8,7301,19,False,447.45,45.05,11.1953,19.55,True,446.35,260,447.65,65,,,447.0,1.3,0.0029,355.7,91.75,NSE_FO|46978,132406,34797,,-96,437384,1491,False,7.65,-3.45,-31.0811,9.98,True,7.6,28860,7.65,5785,,,7.625,0.05,0.0066,0.0,7.65,42.5606,-34596
2.1.0,20260828_105503_000,2026-08-28T10:55:03+05:30,2026-08-28T10:55:03+05:30,Asia/Kolkata,UPSTOX,NIFTY,2026-09-01,65,4b8b838ef5a501b4,0.0,False,24155.7,24155.7,24122.6,24188.3,24106.55,24090.85,10.74,24150,24150,23850,-305.7,BELOW_SPOT,,60.0,60.0,NSE_FO|46979,1418,439,,0,3833,0,False,405.45,50.2,14.1309,19.01,True,398.5,260,399.85,650,,,399.175,1.35,0.0034,305.7,99.75,NSE_FO|46980,53271,24487,,57,260374,723,False,9.8,-4.5,-31.4685,9.52,True,9.75,15405,9.8,13845,,,9.775,0.05,0.0051,0.0,9.8,37.5677,-24048
2.1.0,20260828_105503_000,2026-08-28T10:55:03+05:30,2026-08-28T10:55:03+05:30,Asia/Kolkata,UPSTOX,NIFTY,2026-09-01,65,4b8b838ef5a501b4,0.0,False,24155.7,24155.7,24122.6,24188.3,24106.55,24090.85,10.74,24150,24150,23900,-255.7,BELOW_SPOT,,60.0,60.0,NSE_FO|46981,4947,1347,,11,23657,48,False,351.8,38.05,12.1275,17.04,True,351.7,325,352.55,65,,,352.125,0.85,0.0024,255.7,96.1,NSE_FO|46982,113398,45415,,-183,524631,1295,False,12.75,-6.5,-33.7662,9.06,True,12.75,7280,12.8,15730,,,12.775,0.05,0.0039,0.0,12.75,22.9226,-44068
2.1.0,20260828_105503_000,2026-08-28T10:55:03+05:30,2026-08-28T10:55:03+05:30,Asia/Kolkata,UPSTOX,NIFTY,2026-09-01,65,4b8b838ef5a501b4,0.0,False,24155.7,24155.7,24122.6,24188.3,24106.55,24090.85,10.74,24150,24150,23950,-205.7,BELOW_SPOT,,60.0,60.0,NSE_FO|46983,3795,1620,,5,23253,47,False,306.9,37.65,13.9833,16.04,True,306.15,65,306.9,130,,,306.525,0.75,0.0024,205.7,101.2,NSE_FO|46984,62508,30690,,-134,382468,1653,False,17.1,-8.45,-33.0724,8.67,True,17.1,10400,17.2,15535,,,17.15,0.1,0.0058,0.0,17.1,16.4711,-29070
2.1.0,20260828_105503_000,2026-08-28T10:55:03+05:30,2026-08-28T10:55:03+05:30,Asia/Kolkata,UPSTOX,NIFTY,2026-09-01,65,4b8b838ef5a501b4,0.0,False,24155.7,24155.7,24122.6,24188.3,24106.55,24090.85,10.74,24150,24150,24000,-155.7,BELOW_SPOT,,60.0,60.0,NSE_FO|46985,32490,6433,,-73,217515,927,False,262.5,34.75,15.258,15.04,True,262.55,1300,263.2,520,,,262.875,0.65,0.0025,155.7,106.8,NSE_FO|46986,206288,96970,,28,1115798,5942,False,23.4,-11.7,-33.3333,8.29,True,23.3,6240,23.4,7930,,,23.35,0.1,0.0043,0.0,23.4,6.3493,-90537
2.1.0,20260828_105503_000,2026-08-28T10:55:03+05:30,2026-08-28T10:55:03+05:30,Asia/Kolkata,UPSTOX,NIFTY,2026-09-01,65,4b8b838ef5a501b4,0.0,False,24155.7,24155.7,24122.6,24188.3,24106.55,24090.85,10.74,24150,24150,24050,-105.7,BELOW_SPOT,,60.0,60.0,NSE_FO|46987,15768,5345,,-92,182465,472,False,221.0,29.7,15.5254,14.04,True,220.8,585,221.25,390,,,221.025,0.45,0.002,105.7,115.3,NSE_FO|46988,108240,71294,,-383,720205,4818,False,31.35,-15.3,-32.7974,7.86,True,31.35,6695,31.45,3705,,,31.4,0.1,0.0032,0.0,31.35,6.8645,-65949
2.1.0,20260828_105503_000,2026-08-28T10:55:03+05:30,2026-08-28T10:55:03+05:30,Asia/Kolkata,UPSTOX,NIFTY,2026-09-01,65,4b8b838ef5a501b4,0.0,False,24155.7,24155.7,24122.6,24188.3,24106.55,24090.85,10.74,24150,24150,24100,-55.7,BELOW_SPOT,,60.0,60.0,NSE_FO|46989,71471,24986,,-472,1021045,3404,False,182.1,26.85,17.2947,13.21,True,181.6,715,182.05,1365,,,181.825,0.45,0.0025,55.7,126.4,NSE_FO|46990,278339,194156,,-688,1967533,9650,False,42.7,-19.45,-31.2953,7.48,True,42.55,2600,42.6,65,,,42.575,0.05,0.0012,0.0,42.7,3.8944,-169170
2.1.0,20260828_105503_000,2026-08-28T10:55:03+05:30,2026-08-28T10:55:03+05:30,Asia/Kolkata,UPSTOX,NIFTY,2026-09-01,65,4b8b838ef5a501b4,0.0,False,24155.7,24155.7,24122.6,24188.3,24106.55,24090.85,10.74,24150,24150,24150,-5.7,ATM,,60.0,60.0,NSE_FO|46991,113811,53574,,-194,1372042,6986,False,146.3,19.45,15.3331,12.44,True,145.95,780,146.3,1950,,,146.125,0.35,0.0024,5.7,140.6,NSE_FO|46992,250908,196658,,1259,1899198,16294,False,56.8,-22.15,-28.0557,6.97,True,56.7,6240,56.9,7085,,,56.8,0.2,0.0035,0.0,56.8,2.2046,-143084
2.1.0,20260828_105503_000,2026-08-28T10:55:03+05:30,2026-08-28T10:55:03+05:30,Asia/Kolkata,UPSTOX,NIFTY,2026-09-01,65,4b8b838ef5a501b4,0.0,False,24155.7,24155.7,24122.6,24188.3,24106.55,24090.85,10.74,24150,24150,24200,44.3,ABOVE_SPOT,,60.0,60.0,NSE_FO|46993,239700,86012,,-619,1888882,11019,False,114.45,15.7,15.8987,11.89,True,114.45,2990,114.75,585,,,114.6,0.3,0.0026,0.0,114.45,NSE_FO|46994,293904,192726,,1177,1671274,15802,False,75.35,-27.45,-26.7023,6.41,True,75.2,5525,75.45,5720,,,75.325,0.25,0.0033,44.3,31.05,1.2261,-106714
2.1.0,20260828_105503_000,2026-08-28T10:55:03+05:30,2026-08-28T10:55:03+05:30,Asia/Kolkata,UPSTOX,NIFTY,2026-09-01,65,4b8b838ef5a501b4,0.0,False,24155.7,24155.7,24122.6,24188.3,24106.55,24090.85,10.74,24150,24150,24250,94.3,ABOVE_SPOT,,60.0,60.0,NSE_FO|46995,149672,60660,,-129,1064925,8566,False,87.25,10.35,13.459,11.38,True,87.25,3510,87.5,780,,,87.375,0.25,0.0029,0.0,87.25,NSE_FO|46996,95103,54573,,109,538644,5054,False,97.75,-31.1,-24.1366,5.62,True,97.7,195,97.75,260,,,97.725,0.05,0.0005,94.3,3.45,0.6354,6087
2.1.0,20260828_105503_000,2026-08-28T10:55:03+05:30,2026-08-28T10:55:03+05:30,Asia/Kolkata,UPSTOX,NIFTY,2026-09-01,65,4b8b838ef5a501b4,0.0,False,24155.7,24155.7,24122.6,24188.3,24106.55,24090.85,10.74,24150,24150,24300,144.3,ABOVE_SPOT,,60.0,60.0,NSE_FO|46997,255219,51889,,-181,1366553,11946,False,64.7,6.75,11.648,11.0,True,64.7,10855,64.85,260,,,64.775,0.15,0.0023,0.0,64.7,NSE_FO|46998,116658,40618,,-896,621053,4856,False,125.25,-37.1,-22.8519,4.21,True,125.2,650,125.55,1300,,,125.375,0.35,0.0028,144.3,-19.05,0.4571,11271
2.1.0,20260828_105503_000,2026-08-28T10:55:03+05:30,2026-08-28T10:55:03+05:30,Asia/Kolkata,UPSTOX,NIFTY,2026-09-01,65,4b8b838ef5a501b4,0.0,False,24155.7,24155.7,24122.6,24188.3,24106.55,24090.85,10.74,24150,24150,24350,194.3,ABOVE_SPOT,,60.0,60.0,NSE_FO|46999,164825,41510,,303,733133,4282,False,46.4,2.85,6.5442,10.64,True,46.4,5460,46.55,3705,,,46.475,0.15,0.0032,0.0,46.4,NSE_FO|47000,35508,9968,,-17,134205,1104,False,157.4,-37.6,-19.2821,0.0,False,157.0,715,157.45,1300,,,157.225,0.45,0.0029,194.3,-36.9,0.2154,31542
2.1.0,20260828_105503_000,2026-08-28T10:55:03+05:30,2026-08-28T10:55:03+05:30,Asia/Kolkata,UPSTOX,NIFTY,2026-09-01,65,4b8b838ef5a501b4,0.0,False,24155.7,24155.7,24122.6,24188.3,24106.55,24090.85,10.74,24150,24150,24400,244.3,ABOVE_SPOT,,60.0,60.0,NSE_FO|47001,224363,36150,,111,917078,4903,False,32.75,0.95,2.9874,10.44,True,32.8,1950,32.85,65,,,32.825,0.05,0.0015,0.0,32.75,NSE_FO|47002,41561,6758,,-233,147190,1374,False,193.65,-41.0,-17.4728,0.0,False,192.9,195,193.35,130,,,193.125,0.45,0.0023,244.3,-50.65,0.1852,29392
2.1.0,20260828_105503_000,2026-08-28T10:55:03+05:30,2026-08-28T10:55:03+05:30,Asia/Kolkata,UPSTOX,NIFTY,2026-09-01,65,4b8b838ef5a501b4,0.0,False,24155.7,24155.7,24122.6,24188.3,24106.55,24090.85,10.74,24150,24150,24450,294.3,ABOVE_SPOT,,60.0,60.0,NSE_FO|47003,94551,13450,,12,497389,3178,False,22.7,-0.75,-3.1983,10.33,True,22.7,6175,22.8,7150,,,22.75,0.1,0.0044,0.0,22.7,NSE_FO|47004,10664,1706,,-5,22456,207,False,233.85,-40.8,-14.8553,0.0,False,233.15,325,233.75,650,,,233.45,0.6,0.0026,294.3,-60.45,0.1128,11744
2.1.0,20260828_105503_000,2026-08-28T10:55:03+05:30,2026-08-28T10:55:03+05:30,Asia/Kolkata,UPSTOX,NIFTY,2026-09-01,65,4b8b838ef5a501b4,0.0,False,24155.7,24155.7,24122.6,24188.3,24106.55,24090.85,10.74,24150,24150,24500,344.3,ABOVE_SPOT,,60.0,60.0,NSE_FO|47005,216537,23644,,-379,841224,3592,False,15.85,-1.8,-10.1983,10.3,True,15.75,11115,15.8,5135,,,15.775,0.05,0.0032,0.0,15.85,NSE_FO|47006,35545,3942,,-39,65005,501,False,276.05,-41.45,-13.0551,0.0,False,276.05,130,276.6,130,,,276.325,0.55,0.002,344.3,-68.25,0.1642,19702
2.1.0,20260828_105503_000,2026-08-28T10:55:03+05:30,2026-08-28T10:55:03+05:30,Asia/Kolkata,UPSTOX,NIFTY,2026-09-01,65,4b8b838ef5a501b4,0.0,False,24155.7,24155.7,24122.6,24188.3,24106.55,24090.85,10.74,24150,24150,24550,394.3,ABOVE_SPOT,,60.0,60.0,NSE_FO|47007,80402,16102,,175,396543,1144,False,10.85,-1.85,-14.5669,10.35,True,10.8,14105,10.9,27235,,,10.85,0.1,0.0092,0.0,10.85,NSE_FO|47008,3089,112,,10,5589,26,False,321.55,-42.25,-11.6135,0.0,False,320.7,260,321.55,195,,,321.125,0.85,0.0026,394.3,-72.75,0.0384,15990
2.1.0,20260828_105503_000,2026-08-28T10:55:03+05:30,2026-08-28T10:55:03+05:30,Asia/Kolkata,UPSTOX,NIFTY,2026-09-01,65,4b8b838ef5a501b4,0.0,False,24155.7,24155.7,24122.6,24188.3,24106.55,24090.85,10.74,24150,24150,24600,444.3,ABOVE_SPOT,,60.0,60.0,NSE_FO|47009,146275,22987,,-145,471992,1532,False,7.65,-1.8,-19.0476,10.5,True,7.6,15275,7.65,43485,,,7.625,0.05,0.0066,0.0,7.65,NSE_FO|47010,8035,-620,,-13,9248,45,False,367.4,-43.5,-10.5865,0.0,False,367.3,715,368.35,1950,,,367.825,1.05,0.0029,444.3,-76.9,0.0549,23607
2.1.0,20260828_105503_000,2026-08-28T10:55:03+05:30,2026-08-28T10:55:03+05:30,Asia/Kolkata,UPSTOX,NIFTY,2026-09-01,65,4b8b838ef5a501b4,0.0,False,24155.7,24155.7,24122.6,24188.3,24106.55,24090.85,10.74,24150,24150,24650,494.3,ABOVE_SPOT,,60.0,60.0,NSE_FO|47011,60866,17051,,-134,266327,975,False,5.55,-1.9,-25.5034,10.71,True,5.55,16965,5.6,19825,,,5.575,0.05,0.009,0.0,5.55,NSE_FO|47012,1822,-211,,0,1297,1,False,412.8,-50.35,-10.8712,0.0,False,414.8,390,416.75,520,,,415.775,1.95,0.0047,494.3,-81.5,0.0299,17262
2.1.0,20260828_105503_000,2026-08-28T10:55:03+05:30,2026-08-28T10:55:03+05:30,Asia/Kolkata,UPSTOX,NIFTY,2026-09-01,65,4b8b838ef5a501b4,0.0,False,24155.7,24155.7,24122.6,24188.3,24106.55,24090.85,10.74,24150,24150,24700,544.3,ABOVE_SPOT,,60.0,60.0,NSE_FO|47013,116488,15871,,37,354914,1270,False,4.2,-1.6,-27.5862,11.02,True,4.2,107770,4.25,29380,,,4.225,0.05,0.0118,0.0,4.2,NSE_FO|47014,6227,2097,,2,6853,7,False,464.35,-49.05,-9.554,0.0,False,464.05,195,465.6,130,,,464.825,1.55,0.0033,544.3,-79.95,0.0535,13774
2.1.0,20260828_105503_000,2026-08-28T10:55:03+05:30,2026-08-28T10:55:03+05:30,Asia/Kolkata,UPSTOX,NIFTY,2026-09-01,65,4b8b838ef5a501b4,0.0,False,24155.7,24155.7,24122.6,24188.3,24106.55,24090.85,10.74,24150,24150,24750,594.3,ABOVE_SPOT,,60.0,60.0,NSE_FO|47015,56966,11611,,157,173962,502,False,3.4,-1.45,-29.8969,11.47,True,3.4,39520,3.45,48295,,,3.425,0.05,0.0146,0.0,3.4,NSE_FO|47016,1198,-39,,0,211,0,False,500.35,-55.85,-10.0414,0.0,False,512.7,1560,514.9,65,,,513.8,2.2,0.0043,594.3,-93.95,0.021,11650
2.1.0,20260828_105603_001,2026-08-28T10:56:03+05:30,2026-08-28T10:56:03+05:30,Asia/Kolkata,UPSTOX,NIFTY,2026-09-01,65,e261569c5e2b1e46,0.0,False,24151.2,24151.0,24122.6,24188.3,24106.55,24090.85,10.74,24150,24150,23550,-601.2,BELOW_SPOT,,60.0,60.0,NSE_FO|46967,250,-15,,0,37,0,False,690.65,41.35,6.3684,26.23,True,688.1,65,691.7,65,,,689.9,3.6,0.0052,601.2,89.45,NSE_FO|46968,39237,29503,,-108,116966,251,False,3.7,-0.05,-1.3333,12.94,True,3.65,40365,3.7,42900,,,3.675,0.05,0.0136,0.0,3.7,156.948,-29518
2.1.0,20260828_105603_001,2026-08-28T10:56:03+05:30,2026-08-28T10:56:03+05:30,Asia/Kolkata,UPSTOX,NIFTY,2026-09-01,65,e261569c5e2b1e46,0.0,False,24151.2,24151.0,24122.6,24188.3,24106.55,24090.85,10.74,24150,24150,23600,-551.2,BELOW_SPOT,,60.0,60.0,NSE_FO|46969,593,-103,,1,511,2,False,640.85,48.75,8.2334,24.9,True,639.25,65,642.2,65,,,640.725,2.95,0.0046,551.2,89.65,NSE_FO|46970,76533,25173,,-42,206465,312,False,4.1,-0.35,-7.8652,12.27,True,4.05,113555,4.1,30160,,,4.075,0.05,0.0123,0.0,4.1,129.0607,-25276
2.1.0,20260828_105603_001,2026-08-28T10:56:03+05:30,2026-08-28T10:56:03+05:30,Asia/Kolkata,UPSTOX,NIFTY,2026-09-01,65,e261569c5e2b1e46,0.0,False,24151.2,24151.0,24122.6,24188.3,24106.55,24090.85,10.74,24150,24150,23650,-501.2,BELOW_SPOT,,60.0,60.0,NSE_FO|46971,318,12,,0,185,1,False,591.15,48.8,8.9979,23.56,True,590.15,65,592.65,65,,,591.4,2.5,0.0042,501.2,89.95,NSE_FO|46972,38253,16168,,1,165384,203,False,4.55,-0.85,-15.7407,11.6,True,4.55,34255,4.6,42900,,,4.575,0.05,0.0109,0.0,4.55,120.2925,-16156
2.1.0,20260828_105603_001,2026-08-28T10:56:03+05:30,2026-08-28T10:56:03+05:30,Asia/Kolkata,UPSTOX,NIFTY,2026-09-01,65,e261569c5e2b1e46,0.0,False,24151.2,24151.0,24122.6,24188.3,24106.55,24090.85,10.74,24150,24150,23700,-451.2,BELOW_SPOT,,60.0,60.0,NSE_FO|46973,2778,-6,,0,1436,4,False,541.1,38.8,7.7245,22.16,True,540.45,195,542.45,130,,,541.45,2.0,0.0037,451.2,89.9,NSE_FO|46974,99116,20512,,-140,282993,1061,False,5.35,-1.4,-20.7407,11.05,True,5.35,26390,5.4,69615,,,5.375,0.05,0.0093,0.0,5.35,35.6789,-20518
2.1.0,20260828_105603_001,2026-08-28T10:56:03+05:30,2026-08-28T10:56:03+05:30,Asia/Kolkata,UPSTOX,NIFTY,2026-09-01,65,e261569c5e2b1e46,0.0,False,24151.2,24151.0,24122.6,24188.3,24106.55,24090.85,10.74,24150,24150,23750,-401.2,BELOW_SPOT,,60.0,60.0,NSE_FO|46975,668,118,,0,1081,0,False,497.4,43.7,9.6319,21.56,True,492.15,130,494.05,130,,,493.1,1.9,0.0039,401.2,96.2,NSE_FO|46976,48024,16995,,104,238812,853,False,6.45,-2.15,-25.0,10.5,True,6.45,19435,6.5,18525,,,6.475,0.05,0.0077,0.0,6.45,71.8922,-16877
2.1.0,20260828_105603_001,2026-08-28T10:56:03+05:30,2026-08-28T10:56:03+05:30,Asia/Kolkata,UPSTOX,NIFTY,2026-09-01,65,e261569c5e2b1e46,0.0,False,24151.2,24151.0,24122.6,24188.3,24106.55,24090.85,10.74,24150,24150,23800,-351.2,BELOW_SPOT,,60.0,60.0,NSE_FO|46977,3107,197,,-4,7351,50,False,445.1,42.7,10.6113,19.55,True,443.7,195,445.1,130,,,444.4,1.4,0.0032,351.2,93.9,NSE_FO|46978,132475,34866,,69,440684,3300,False,7.9,-3.2,-28.8288,9.93,True,7.85,29055,7.9,8450,,,7.875,0.05,0.0063,0.0,7.9,42.6376,-34669
2.1.0,20260828_105603_001,2026-08-28T10:56:03+05:30,2026-08-28T10:56:03+05:30,Asia/Kolkata,UPSTOX,NIFTY,2026-09-01,65,e261569c5e2b1e46,0.0,False,24151.2,24151.0,24122.6,24188.3,24106.55,24090.85,10.74,24150,24150,23850,-301.2,BELOW_SPOT,,60.0,60.0,NSE_FO|46979,1420,441,,2,3839,6,False,395.75,40.5,11.4004,18.36,True,396.35,260,397.6,260,,,396.975,1.25,0.0031,301.2,94.55,NSE_FO|46980,53285,24501,,14,261898,1524,False,10.1,-4.2,-29.3706,9.46,True,10.05,65,10.1,27235,,,10.075,0.05,0.005,0.0,10.1,37.5246,-24060
2.1.0,20260828_105603_001,2026-08-28T10:56:03+05:30,2026-08-28T10:56:03+05:30,Asia/Kolkata,UPSTOX,NIFTY,2026-09-01,65,e261569c5e2b1e46,0.0,False,24151.2,24151.0,24122.6,24188.3,24106.55,24090.85,10.74,24150,24150,23900,-251.2,BELOW_SPOT,,60.0,60.0,NSE_FO|46981,4976,1376,,29,23763,106,False,350.4,36.65,11.6813,17.26,True,349.6,130,350.45,130,,,350.025,0.85,0.0024,251.2,99.2,NSE_FO|46982,113331,45348,,-67,528230,3599,False,13.2,-6.05,-31.4286,9.02,True,13.1,17550,13.2,30225,,,13.15,0.1,0.0076,0.0,13.2,22.7755,-43972
2.1.0,20260828_105603_001,2026-08-28T10:56:03+05:30,2026-08-28T10:56:03+05:30,Asia/Kolkata,UPSTOX,NIFTY,2026-09-01,65,e261569c5e2b1e46,0.0,False,24151.2,24151.0,24122.6,24188.3,24106.55,24090.85,10.74,24150,24150,23950,-201.2,BELOW_SPOT,,60.0,60.0,NSE_FO|46983,3781,1606,,-14,23358,105,False,304.3,35.05,13.0176,16.17,True,303.85,65,304.7,325,,,304.275,0.85,0.0028,201.2,103.1,NSE_FO|46984,62156,30338,,-352,385398,2930,False,17.7,-7.85,-30.7241,8.61,True,17.65,10205,17.75,16510,,,17.7,0.1,0.0056,0.0,17.7,16.439,-28732
2.1.0,20260828_105603_001,2026-08-28T10:56:03+05:30,2026-08-28T10:56:03+05:30,Asia/Kolkata,UPSTOX,NIFTY,2026-09-01,65,e261569c5e2b1e46,0.0,False,24151.2,24151.0,24122.6,24188.3,24106.55,24090.85,10.74,24150,24150,24000,-151.2,BELOW_SPOT,,60.0,60.0,NSE_FO|46985,32436,6379,,-54,219603,2088,False,260.75,33.0,14.4896,15.12,True,260.4,65,261.0,1235,,,260.7,0.6,0.0023,151.2,109.55,NSE_FO|46986,206682,97364,,394,1127380,11582,False,24.05,-11.05,-31.4815,8.22,True,23.95,11050,24.05,6760,,,24.0,0.1,0.0042,0.0,24.05,6.372,-90985
2.1.0,20260828_105603_001,2026-08-28T10:56:03+05:30,2026-08-28T10:56:03+05:30,Asia/Kolkata,UPSTOX,NIFTY,2026-09-01,65,e261569c5e2b1e46,0.0,False,24151.2,24151.0,24122.6,24188.3,24106.55,24090.85,10.74,24150,24150,24050,-101.2,BELOW_SPOT,,60.0,60.0,NSE_FO|46987,15741,5318,,-27,183342,877,False,219.4,28.1,14.689,14.24,True,218.65,130,219.25,715,,,218.95,0.6,0.0027,101.2,118.2,NSE_FO|46988,108002,71056,,-238,727240,7035,False,32.25,-14.4,-30.8682,7.81,True,32.25,3510,32.35,5070,,,32.3,0.1,0.0031,0.0,32.25,6.8612,-65738
2.1.0,20260828_105603_001,2026-08-28T10:56:03+05:30,2026-08-28T10:56:03+05:30,Asia/Kolkata,UPSTOX,NIFTY,2026-09-01,65,e261569c5e2b1e46,0.0,False,24151.2,24151.0,24122.6,24188.3,24106.55,24090.85,10.74,24150,24150,24100,-51.2,BELOW_SPOT,,60.0,60.0,NSE_FO|46989,70758,24273,,-713,1025283,4238,False,180.55,25.3,16.2963,13.4,True,180.05,715,180.5,390,,,180.275,0.45,0.0025,51.2,129.35,NSE_FO|46990,278214,194031,,-125,1983417,15884,False,43.7,-18.45,-29.6862,7.39,True,43.65,6110,43.8,2275,,,43.725,0.15,0.0034,0.0,43.7,3.9319,-169758
2.1.0,20260828_105603_001,2026-08-28T10:56:03+05:30,2026-08-28T10:56:03+05:30,Asia/Kolkata,UPSTOX,NIFTY,2026-09-01,65,e261569c5e2b1e46,0.0,False,24151.2,24151.0,24122.6,24188.3,24106.55,24090.85,10.74,24150,24150,24150,-1.2,ATM,,60.0,60.0,NSE_FO|46991,112890,52653,,-921,1381565,9523,False,145.1,18.25,14.3871,12.68,True,144.8,260,145.15,1820,,,144.975,0.35,0.0024,1.2,143.9,NSE_FO|46992,251913,197663,,1005,1926430,27232,False,58.2,-20.75,-26.2825,6.87,True,58.05,9230,58.25,5265,,,58.15,0.2,0.0034,0.0,58.2,2.2315,-145010
2.1.0,20260828_105603_001,2026-08-28T10:56:03+05:30,2026-08-28T10:56:03+05:30,Asia/Kolkata,UPSTOX,NIFTY,2026-09-01,65,e261569c5e2b1e46,0.0,False,24151.2,24151.0,24122.6,24188.3,24106.55,24090.85,10.74,24150,24150,24200,48.8,ABOVE_SPOT,,60.0,60.0,NSE_FO|46993,238608,84920,,-1092,1902283,13401,False,113.85,15.1,15.2911,12.05,True,113.35,1235,113.65,1690,,,113.5,0.3,0.0026,0.0,113.85,NSE_FO|46994,294227,193049,,323,1695140,23866,False,76.85,-25.95,-25.2432,6.29,True,76.85,2730,77.0,325,,,76.925,0.15,0.0019,48.8,28.05,1.2331,-108129
2.1.0,20260828_105603_001,2026-08-28T10:56:03+05:30,2026-08-28T10:56:03+05:30,Asia/Kolkata,UPSTOX,NIFTY,2026-09-01,65,e261569c5e2b1e46,0.0,False,24151.2,24151.0,24122.6,24188.3,24106.55,24090.85,10.74,24150,24150,24250,98.8,ABOVE_SPOT,,60.0,60.0,NSE_FO|46995,150113,61101,,441,1075338,10413,False,86.65,9.75,12.6788,11.52,True,86.45,3250,86.7,2080,,,86.575,0.25,0.0029,0.0,86.65,NSE_FO|46996,94326,53796,,-777,548269,9625,False,99.5,-29.35,-22.7784,5.42,True,99.4,2470,99.65,520,,,99.525,0.25,0.0025,98.8,0.7,0.6284,7305
2.1.0,20260828_105603_001,2026-08-28T10:56:03+05:30,2026-08-28T10:56:03+05:30,Asia/Kolkata,UPSTOX,NIFTY,2026-09-01,65,e261569c5e2b1e46,0.0,False,24151.2,24151.0,24122.6,24188.3,24106.55,24090.85,10.74,24150,24150,24300,148.8,ABOVE_SPOT,,60.0,60.0,NSE_FO|46997,257656,54326,,2437,1375917,9364,False,64.1,6.15,10.6126,11.09,True,64.0,65,64.1,455,,,64.05,0.1,0.0016,0.0,64.1,NSE_FO|46998,116513,40473,,-145,629112,8059,False,127.6,-34.75,-21.4044,3.78,True,127.25,715,127.6,1495,,,127.425,0.35,0.0027,148.8,-21.2,0.4522,13853
2.1.0,20260828_105603_001,2026-08-28T10:56:03+05:30,2026-08-28T10:56:03+05:30,Asia/Kolkata,UPSTOX,NIFTY,2026-09-01,65,e261569c5e2b1e46,0.0,False,24151.2,24151.0,24122.6,24188.3,24106.55,24090.85,10.74,24150,24150,24350,198.8,ABOVE_SPOT,,60.0,60.0,NSE_FO|46999,165074,41759,,249,738613,5480,False,46.15,2.6,5.9701,10.76,True,45.85,260,45.95,585,,,45.9,0.1,0.0022,0.0,46.15,NSE_FO|47000,35460,9920,,-48,135962,1757,False,159.0,-36.0,-18.4615,0.0,False,159.1,455,159.5,585,,,159.3,0.4,0.0025,198.8,-39.8,0.2148,31839
2.1.0,20260828_105603_001,2026-08-28T10:56:03+05:30,2026-08-28T10:56:03+05:30,Asia/Kolkata,UPSTOX,NIFTY,2026-09-01,65,e261569c5e2b1e46,0.0,False,24151.2,24151.0,24122.6,24188.3,24106.55,24090.85,10.74,24150,24150,24400,248.8,ABOVE_SPOT,,60.0,60.0,NSE_FO|47001,224269,36056,,-94,922898,5820,False,32.35,0.55,1.7296,10.56,True,32.3,520,32.4,4810,,,32.35,0.1,0.0031,0.0,32.35,NSE_FO|47002,41564,6761,,3,149140,1950,False,195.3,-39.35,-16.7697,0.0,False,195.5,195,195.95,260,,,195.725,0.45,0.0023,248.8,-53.5,0.1853,29295
2.1.0,20260828_105603_001,2026-08-28T10:56:03+05:30,2026-08-28T10:56:03+05:30,Asia/Kolkata,UPSTOX,NIFTY,2026-09-01,65,e261569c5e2b1e46,0.0,False,24151.2,24151.0,24122.6,24188.3,24106.55,24090.85,10.74,24150,24150,24450,298.8,ABOVE_SPOT,,60.0,60.0,NSE_FO|47003,94477,13376,,-74,501112,3723,False,22.45,-1.0,-4.2644,10.42,True,22.35,11180,22.45,5460,,,22.4,0.1,0.0045,0.0,22.45,NSE_FO|47004,10645,1687,,-19,22787,331,False,235.65,-39.0,-14.1999,0.0,False,235.45,520,236.15,130,,,235.8,0.7,0.003,298.8,-63.15,0.1127,11689
2.1.0,20260828_105603_001,2026-08-28T10:56:03+05:30,2026-08-28T10:56:03+05:30,Asia/Kolkata,UPSTOX,NIFTY,2026-09-01,65,e261569c5e2b1e46,0.0,False,24151.2,24151.0,24122.6,24188.3,24106.55,24090.85,10.74,24150,24150,24500,348.8,ABOVE_SPOT,,60.0,60.0,NSE_FO|47005,217209,24316,,672,845897,4673,False,15.6,-2.05,-11.6147,10.41,True,15.55,4745,15.6,9490,,,15.575,0.05,0.0032,0.0,15.6,NSE_FO|47006,35504,3901,,-41,65585,580,False,278.9,-38.6,-12.1575,0.0,False,278.05,130,278.75,260,,,278.4,0.7,0.0025,348.8,-69.9,0.1635,20415
2.1.0,20260828_105603_001,2026-08-28T10:56:03+05:30,2026-08-28T10:56:03+05:30,Asia/Kolkata,UPSTOX,NIFTY,2026-09-01,65,e261569c5e2b1e46,0.0,False,24151.2,24151.0,24122.6,24188.3,24106.55,24090.85,10.74,24150,24150,24550,398.8,ABOVE_SPOT,,60.0,60.0,NSE_FO|47007,80323,16023,,-79,398351,1808,False,10.65,-2.05,-16.1417,10.41,True,10.6,10855,10.65,6045,,,10.625,0.05,0.0047,0.0,10.65,NSE_FO|47008,3082,105,,-7,5623,34,False,324.0,-39.8,-10.9401,0.0,False,323.25,260,324.2,325,,,323.725,0.95,0.0029,398.8,-74.8,0.0384,15918
2.1.0,20260828_105603_001,2026-08-28T10:56:03+05:30,2026-08-28T10:56:03+05:30,Asia/Kolkata,UPSTOX,NIFTY,2026-09-01,65,e261569c5e2b1e46,0.0,False,24151.2,24151.0,24122.6,24188.3,24106.55,24090.85,10.74,24150,24150,24600,448.8,ABOVE_SPOT,,60.0,60.0,NSE_FO|47009,146191,22903,,-84,474951,2959,False,7.45,-2.0,-21.164,10.56,True,7.45,62010,7.5,11895,,,7.475,0.05,0.0067,0.0,7.45,NSE_FO|47010,8025,-630,,-10,9299,51,False,369.9,-41.0,-9.9781,0.0,False,370.0,65,370.8,260,,,370.4,0.8,0.0022,448.8,-78.9,0.0549,23533
2.1.0,20260828_105603_001,2026-08-28T10:56:03+05:30,2026-08-28T10:56:03+05:30,Asia/Kolkata,UPSTOX,NIFTY,2026-09-01,65,e261569c5e2b1e46,0.0,False,24151.2,24151.0,24122.6,24188.3,24106.55,24090.85,10.74,24150,24150,24650,498.8,ABOVE_SPOT,,60.0,60.0,NSE_FO|47011,61138,17323,,272,267353,1026,False,5.5,-1.95,-26.1745,10.77,True,5.45,14560,5.5,24440,,,5.475,0.05,0.0091,0.0,5.5,NSE_FO|47012,1817,-216,,-5,1308,11,False,419.9,-43.25,-9.3382,0.0,False,417.4,325,418.85,130,,,418.125,1.45,0.0035,498.8,-78.9,0.0297,17539
2.1.0,20260828_105603_001,2026-08-28T10:56:03+05:30,2026-08-28T10:56:03+05:30,Asia/Kolkata,UPSTOX,NIFTY,2026-09-01,65,e261569c5e2b1e46,0.0,False,24151.2,24151.0,24122.6,24188.3,24106.55,24090.85,10.74,24150,24150,24700,548.8,ABOVE_SPOT,,60.0,60.0,NSE_FO|47013,116549,15932,,61,355629,715,False,4.2,-1.6,-27.5862,11.11,True,4.15,113880,4.2,37895,,,4.175,0.05,0.012,0.0,4.2,NSE_FO|47014,6222,2092,,-5,6867,14,False,467.4,-46.0,-8.9599,0.0,False,466.8,65,468.25,260,,,467.525,1.45,0.0031,548.8,-81.4,0.0534,13840
2.1.0,20260828_105603_001,2026-08-28T10:56:03+05:30,2026-08-28T10:56:03+05:30,Asia/Kolkata,UPSTOX,NIFTY,2026-09-01,65,e261569c5e2b1e46,0.0,False,24151.2,24151.0,24122.6,24188.3,24106.55,24090.85,10.74,24150,24150,24750,598.8,ABOVE_SPOT,,60.0,60.0,NSE_FO|47015,57108,11753,,142,174333,371,False,3.4,-1.45,-29.8969,11.51,True,3.35,43615,3.4,52520,,,3.375,0.05,0.0148,0.0,3.4,NSE_FO|47016,1196,-41,,-2,212,1,False,517.9,-38.3,-6.886,0.0,False,515.1,65,517.6,65,,,516.35,2.5,0.0048,598.8,-80.9,0.0209,11794
2.1.0,20260828_105703_000,2026-08-28T10:57:03+05:30,2026-08-28T10:57:03+05:30,Asia/Kolkata,UPSTOX,NIFTY,2026-09-01,65,e385b72eb8d44131,0.0,False,24156.55,24157.0,24122.6,24188.3,24106.55,24090.85,10.74,24150,24150,23550,-606.55,BELOW_SPOT,,60.0,60.0,NSE_FO|46967,250,-15,,0,37,0,False,690.65,41.35,6.3684,25.42,True,693.15,65,696.15,260,,,694.65,3.0,0.0043,606.55,84.1,NSE_FO|46968,39209,29475,,-28,117169,203,False,3.7,-0.05,-1.3333,13.06,True,3.65,25740,3.7,43225,,,3.675,0.05,0.0136,0.0,3.7,156.836,-29490
2.1.0,20260828_105703_000,2026-08-28T10:57:03+05:30,2026-08-28T10:57:03+05:30,Asia/Kolkata,UPSTOX,NIFTY,2026-09-01,65,e385b72eb8d44131,0.0,False,24156.55,24157.0,24122.6,24188.3,24106.55,24090.85,10.74,24150,24150,23600,-556.55,BELOW_SPOT,,60.0,60.0,NSE_FO|46969,593,-103,,0,512,1,False,643.85,51.75,8.7401,24.58,True,643.45,65,646.4,130,,,644.925,2.95,0.0046,556.55,87.3,NSE_FO|46970,76585,25225,,52,206782,317,False,4.1,-0.35,-7.8652,12.39,True,4.05,91780,4.1,43550,,,4.075,0.05,0.0123,0.0,4.1,129.1484,-25328
2.1.0,20260828_105703_000,2026-08-28T10:57:03+05:30,2026-08-28T10:57:03+05:30,Asia/Kolkata,UPSTOX,NIFTY,2026-09-01,65,e385b72eb8d44131,0.0,False,24156.55,24157.0,24122.6,24188.3,24106.55,24090.85,10.74,24150,24150,23650,-506.55,BELOW_SPOT,,60.0,60.0,NSE_FO|46971,318,12,,0,187,2,False,590.4,48.05,8.8596,22.71,True,594.25,130,597.0,65,,,595.625,2.75,0.0046,506.55,83.85,NSE_FO|46972,38255,16170,,2,166027,643,False,4.55,-0.85,-15.7407,11.72,True,4.5,49010,4.55,16185,,,4.525,0.05,0.011,0.0,4.55,120.2987,-16158
2.1.0,20260828_105703_000,2026-08-28T10:57:03+05:30,2026-08-28T10:57:03+05:30,Asia/Kolkata,UPSTOX,NIFTY,2026-09-01,65,e385b72eb8d44131,0.0,False,24156.55,24157.0,24122.6,24188.3,24106.55,24090.85,10.74,24150,24150,23700,-456.55,BELOW_SPOT,,60.0,60.0,NSE_FO|46973,2778,-6,,0,1437,1,False,544.75,42.45,8.4511,21.95,True,545.05,130,546.95,130,,,546.0,1.9,0.0035,456.55,88.2,NSE_FO|46974,99308,20704,,192,284108,1115,False,5.3,-1.45,-21.4815,11.11,True,5.25,72930,5.3,65,,,5.275,0.05,0.0095,0.0,5.3,35.748,-20710
2.1.0,20260828_105703_000,2026-08-28T10:57:03+05:30,2026-08-28T10:57:03+05:30,Asia/Kolkata,UPSTOX,NIFTY,2026-09-01,65,e385b72eb8d44131,0.0,False,24156.55,24157.0,24122.6,24188.3,24106.55,24090.85,10.74,24150,24150,23750,-406.55,BELOW_SPOT,,60.0,60.0,NSE_FO|46975,667,117,,-1,1083,2,False,496.15,42.45,9.3564,20.72,True,496.25,130,498.45,455,,,497.35,2.2,0.0044,406.55,89.6,NSE_FO|46976,47963,16934,,-61,240619,1807,False,6.35,-2.25,-26.1628,10.59,True,6.35,13065,6.4,28145,,,6.375,0.05,0.0078,0.0,6.35,71.9085,-16817
2.1.0,20260828_105703_000,2026-08-28T10:57:03+05:30,2026-08-28T10:57:03+05:30,Asia/Kolkata,UPSTOX,NIFTY,2026-09-01,65,e385b72eb8d44131,0.0,False,24156.55,24157.0,24122.6,24188.3,24106.55,24090.85,10.74,24150,24150,23800,-356.55,BELOW_SPOT,,60.0,60.0,NSE_FO|46977,3109,199,,2,7360,9,False,449.65,47.25,11.742,19.77,True,448.8,195,449.65,2015,,,449.225,0.85,0.0019,356.55,93.1,NSE_FO|46978,131870,34261,,-605,444206,3522,False,7.75,-3.35,-30.1802,10.01,True,7.7,6045,7.75,35555,,,7.725,0.05,0.0065,0.0,7.75,42.4156,-34062
2.1.0,20260828_105703_000,2026-08-28T10:57:03+05:30,2026-08-28T10:57:03+05:30,Asia/Kolkata,UPSTOX,NIFTY,2026-09-01,65,e385b72eb8d44131,0.0,False,24156.55,24157.0,24122.6,24188.3,24106.55,24090.85,10.74,24150,24150,23850,-306.55,BELOW_SPOT,,60.0,60.0,NSE_FO|46979,1420,441,,0,3846,7,False,400.0,44.75,12.5968,18.28,True,400.25,260,401.75,455,,,401.0,1.5,0.0037,306.55,93.45,NSE_FO|46980,53525,24741,,240,263114,1216,False,9.85,-4.45,-31.1189,9.54,True,9.8,23530,9.85,2925,,,9.825,0.05,0.0051,0.0,9.85,37.6937,-24300
2.1.0,20260828_105703_000,2026-08-28T10:57:03+05:30,2026-08-28T10:57:03+05:30,Asia/Kolkata,UPSTOX,NIFTY,2026-09-01,65,e385b72eb8d44131,0.0,False,24156.55,24157.0,24122.6,24188.3,24106.55,24090.85,10.74,24150,24150,23900,-256.55,BELOW_SPOT,,60.0,60.0,NSE_FO|46981,5022,1422,,46,23835,72,False,354.0,40.25,12.8287,17.38,True,354.0,260,354.4,585,,,354.2,0.4,0.0011,256.55,97.45,NSE_FO|46982,113228,45245,,-103,530704,2474,False,12.85,-6.4,-33.2468,9.08,True,12.8,7540,12.85,18460,,,12.825,0.05,0.0039,0.0,12.85,22.5464,-43823
2.1.0,20260828_105703_000,2026-08-28T10:57:03+05:30,2026-08-28T10:57:03+05:30,Asia/Kolkata,UPSTOX,NIFTY,2026-09-01,65,e385b72eb8d44131,0.0,False,24156.55,24157.0,24122.6,24188.3,24106.55,24090.85,10.74,24150,24150,23950,-206.55,BELOW_SPOT,,60.0,60.0,NSE_FO|46983,3797,1622,,16,23439,81,False,309.0,39.75,14.7632,16.19,True,307.75,130,308.55,260,,,308.15,0.8,0.0026,206.55,102.45,NSE_FO|46984,62342,30524,,186,387375,1977,False,17.2,-8.35,-32.681,8.68,True,17.1,9815,17.15,65,,,17.125,0.05,0.0029,0.0,17.2,16.4188,-28902
2.1.0,20260828_105703_000,2026-08-28T10:57:03+05:30,2026-08-28T10:57:03+05:30,Asia/Kolkata,UPSTOX,NIFTY,2026-09-01,65,e385b72eb8d44131,0.0,False,24156.55,24157.0,24122.6,24188.3,24106.55,24090.85,10.74,24150,24150,24000,-156.55,BELOW_SPOT,,60.0,60.0,NSE_FO|46985,32034,5977,,-402,220702,1099,False,264.1,36.35,15.9605,15.21,True,264.15,260,264.7,325,,,264.425,0.55,0.0021,156.55,107.55,NSE_FO|46986,206136,96818,,-546,1136121,8741,False,23.15,-11.95,-34.0456,8.29,True,23.15,2470,23.2,1625,,,23.175,0.05,0.0022,0.0,23.15,6.4349,-90841
2.1.0,20260828_105703_000,2026-08-28T10:57:03+05:30,2026-08-28T10:57:03+05:30,Asia/Kolkata,UPSTOX,NIFTY,2026-09-01,65,e385b72eb8d44131,0.0,False,24156.55,24157.0,24122.6,24188.3,24106.55,24090.85,10.74,24150,24150,24050,-106.55,BELOW_SPOT,,60.0,60.0,NSE_FO|46987,15798,5375,,57,183905,563,False,222.15,30.85,16.1265,14.2,True,222.1,455,222.65,585,,,222.375,0.55,0.0025,106.55,115.6,NSE_FO|46988,106977,70031,,-1025,731465,4225,False,31.15,-15.5,-33.2262,7.86,True,31.15,1430,31.25,4225,,,31.2,0.1,0.0032,0.0,31.15,6.7716,-64656
2.1.0,20260828_105703_000,2026-08-28T10:57:03+05:30,2026-08-28T10:57:03+05:30,Asia/Kolkata,UPSTOX,NIFTY,2026-09-01,65,e385b72eb8d44131,0.0,False,24156.55,24157.0,24122.6,24188.3,24106.55,24090.85,10.74,24150,24150,24100,-56.55,BELOW_SPOT,,60.0,60.0,NSE_FO|46989,71478,24993,,720,1028312,3029,False,183.25,28.0,18.0354,13.37,True,183.25,585,183.5,390,,,183.375,0.25,0.0014,56.55,126.7,NSE_FO|46990,278101,193918,,-113,1995848,12431,False,42.2,-19.95,-32.0998,7.43,True,42.25,195,42.35,2080,,,42.3,0.1,0.0024,0.0,42.2,3.8907,-168925
2.1.0,20260828_105703_000,2026-08-28T10:57:03+05:30,2026-08-28T10:57:03+05:30,Asia/Kolkata,UPSTOX,NIFTY,2026-09-01,65,e385b72eb8d44131,0.0,False,24156.55,24157.0,24122.6,24188.3,24106.55,24090.85,10.74,24150,24150,24150,-6.55,ATM,,60.0,60.0,NSE_FO|46991,113372,53135,,482,1387973,6408,False,147.15,20.3,16.0032,12.6,True,147.35,390,147.7,1235,,,147.525,0.35,0.0024,6.55,140.6,NSE_FO|46992,253249,198999,,1336,1941090,14660,False,56.5,-22.45,-28.4357,6.96,True,56.25,585,56.35,130,,,56.3,0.1,0.0018,0.0,56.5,2.2338,-145864
2.1.0,20260828_105703_000,2026-08-28T10:57:03+05:30,2026-08-28T10:57:03+05:30,Asia/Kolkata,UPSTOX,NIFTY,2026-09-01,65,e385b72eb8d44131,0.0,False,24156.55,24157.0,24122.6,24188.3,24106.55,24090.85,10.74,24150,24150,24200,43.45,ABOVE_SPOT,,60.0,60.0,NSE_FO|46993,240593,86905,,1985,1913548,11265,False,115.75,17.0,17.2152,12.0,True,115.65,325,115.75,650,,,115.7,0.1,0.0009,0.0,115.75,NSE_FO|46994,296927,195749,,2700,1711108,15968,False,74.9,-27.9,-27.1401,6.38,True,74.7,455,74.8,65,,,74.75,0.1,0.0013,43.45,31.45,1.2341,-108844
2.1.0,20260828_105703_000,2026-08-28T10:57:03+05:30,2026-08-28T10:57:03+05:30,Asia/Kolkata,UPSTOX,NIFTY,2026-09-01,65,e385b72eb8d44131,0.0,False,24156.55,24157.0,24122.6,24188.3,24106.55,24090.85,10.74,24150,24150,24250,93.45,ABOVE_SPOT,,60.0,60.0,NSE_FO|46995,151048,62036,,935,1081958,6620,False,88.35,11.45,14.8895,11.47,True,88.15,390,88.25,65,,,88.2,0.1,0.0011,0.0,88.35,NSE_FO|46996,94438,53908,,112,553862,5593,False,97.15,-31.7,-24.6023,5.58,True,97.0,1625,97.25,260,,,97.125,0.25,0.0026,93.45,3.7,0.6252,8128
2.1.0,20260828_105703_000,2026-08-28T10:57:03+05:30,2026-08-28T10:57:03+05:30,Asia/Kolkata,UPSTOX,NIFTY,2026-09-01,65,e385b72eb8d44131,0.0,False,24156.55,24157.0,24122.6,24188.3,24106.55,24090.85,10.74,24150,24150,24300,143.45,ABOVE_SPOT,,60.0,60.0,NSE_FO|46997,258153,54823,,497,1382742,6825,False,65.25,7.3,12.5971,11.05,True,65.45,65,65.5,65,,,65.475,0.05,0.0008,0.0,65.25,NSE_FO|46998,116613,40573,,100,633497,4385,False,124.9,-37.45,-23.0674,4.15,True,124.25,390,124.5,780,,,124.375,0.25,0.002,143.45,-18.55,0.4517,14250
2.1.0,20260828_105703_000,2026-08-28T10:57:03+05:30,2026-08-28T10:57:03+05:30,Asia/Kolkata,UPSTOX,NIFTY,2026-09-01,65,e385b72eb8d44131,0.0,False,24156.55,24157.0,24122.6,24188.3,24106.55,24090.85,10.74,24150,24150,24350,193.45,ABOVE_SPOT,,60.0,60.0,NSE_FO|46999,165241,41926,,167,743053,4440,False,46.95,3.4,7.8071,10.71,True,47.0,5915,47.15,6045,,,47.075,0.15,0.0032,0.0,46.95,NSE_FO|47000,35477,9937,,17,136930,968,False,156.25,-38.75,-19.8718,0.0,False,155.8,325,156.15,1235,,,155.975,0.35,0.0022,193.45,-37.2,0.2147,31989
2.1.0,20260828_105703_000,2026-08-28T10:57:03+05:30,2026-08-28T10:57:03+05:30,Asia/Kolkata,UPSTOX,NIFTY,2026-09-01,65,e385b72eb8d44131,0.0,False,24156.55,24157.0,24122.6,24188.3,24106.55,24090.85,10.74,24150,24150,24400,243.45,ABOVE_SPOT,,60.0,60.0,NSE_FO|47001,225061,36848,,792,928049,5151,False,33.25,1.45,4.5597,10.48,True,33.2,2860,33.25,65,,,33.225,0.05,0.0015,0.0,33.25,NSE_FO|47002,41587,6784,,23,150329,1189,False,192.25,-42.4,-18.0695,0.0,False,191.8,1040,192.3,130,,,192.05,0.5,0.0026,243.45,-51.2,0.1848,30064
2.1.0,20260828_105703_000,2026-08-28T10:57:03+05:30,2026-08-28T10:57:03+05:30,Asia/Kolkata,UPSTOX,NIFTY,2026-09-01,65,e385b72eb8d44131,0.0,False,24156.55,24157.0,24122.6,24188.3,24106.55,24090.85,10.74,24150,24150,24450,293.45,ABOVE_SPOT,,60.0,60.0,NSE_FO|47003,94585,13484,,108,504251,3139,False,23.05,-0.4,-1.7058,10.38,True,23.0,1560,23.05,4485,,,23.025,0.05,0.0022,0.0,23.05,NSE_FO|47004,10682,1724,,37,23163,376,False,231.6,-43.05,-15.6745,0.0,False,231.5,1170,232.25,585,,,231.875,0.75,0.0032,293.45,-61.85,0.1129,11760
2.1.0,20260828_105703_000,2026-08-28T10:57:03+05:30,2026-08-28T10:57:03+05:30,Asia/Kolkata,UPSTOX,NIFTY,2026-09-01,65,e385b72eb8d44131,0.0,False,24156.55,24157.0,24122.6,24188.3,24106.55,24090.85,10.74,24150,24150,24500,343.45,ABOVE_SPOT,,60.0,60.0,NSE_FO|47005,216722,23829,,-487,848870,2973,False,15.85,-1.8,-10.1983,10.31,True,15.85,20800,15.95,23075,,,15.9,0.1,0.0063,0.0,15.85,NSE_FO|47006,35448,3845,,-56,66043,458,False,274.0,-43.5,-13.7008,0.0,False,273.95,65,274.65,650,,,274.3,0.7,0.0026,343.45,-69.45,0.1636,19984
2.1.0,20260828_105703_000,2026-08-28T10:57:03+05:30,2026-08-28T10:57:03+05:30,Asia/Kolkata,UPSTOX,NIFTY,2026-09-01,65,e385b72eb8d44131,0.0,False,24156.55,24157.0,24122.6,24188.3,24106.55,24090.85,10.74,24150,24150,24550,393.45,ABOVE_SPOT,,60.0,60.0,NSE_FO|47007,80011,15711,,-312,399363,1012,False,10.9,-1.8,-14.1732,10.35,True,10.85,1235,10.9,11635,,,10.875,0.05,0.0046,0.0,10.9,NSE_FO|47008,3071,94,,-11,5675,52,False,319.05,-44.75,-12.3007,0.0,False,319.05,390,320.0,65,,,319.525,0.95,0.003,393.45,-74.4,0.0384,15617
2.1.0,20260828_105703_000,2026-08-28T10:57:03+05:30,2026-08-28T10:57:03+05:30,Asia/Kolkata,UPSTOX,NIFTY,2026-09-01,65,e385b72eb8d44131,0.0,False,24156.55,24157.0,24122.6,24188.3,24106.55,24090.85,10.74,24150,24150,24600,443.45,ABOVE_SPOT,,60.0,60.0,NSE_FO|47009,146288,23000,,97,476310,1359,False,7.65,-1.8,-19.0476,10.47,True,7.6,4355,7.65,52975,,,7.625,0.05,0.0066,0.0,7.65,NSE_FO|47010,8019,-636,,-6,9318,19,False,364.95,-45.95,-11.1828,0.0,False,365.55,390,366.65,130,,,366.1,1.1,0.003,443.45,-78.5,0.0548,23636
2.1.0,20260828_105703_000,2026-08-28T10:57:03+05:30,2026-08-28T10:57:03+05:30,Asia/Kolkata,UPSTOX,NIFTY,2026-09-01,65,e385b72eb8d44131,0.0,False,24156.55,24157.0,24122.6,24188.3,24106.55,24090.85,10.74,24150,24150,24650,493.45,ABOVE_SPOT,,60.0,60.0,NSE_FO|47011,60885,17070,,-253,268343,990,False,5.55,-1.9,-25.5034,10.68,True,5.5,44070,5.6,34580,,,5.55,0.1,0.018,0.0,5.55,NSE_FO|47012,1817,-216,,0,1309,1,False,415.05,-48.1,-10.3854,0.0,False,413.0,325,414.65,195,,,413.825,1.65,0.004,493.45,-78.4,0.0298,17286
2.1.0,20260828_105703_000,2026-08-28T10:57:03+05:30,2026-08-28T10:57:03+05:30,Asia/Kolkata,UPSTOX,NIFTY,2026-09-01,65,e385b72eb8d44131,0.0,False,24156.55,24157.0,24122.6,24188.3,24106.55,24090.85,10.74,24150,24150,24700,543.45,ABOVE_SPOT,,60.0,60.0,NSE_FO|47013,116435,15818,,-114,356376,747,False,4.25,-1.55,-26.7241,11.05,True,4.2,48490,4.25,67145,,,4.225,0.05,0.0118,0.0,4.25,NSE_FO|47014,6222,2092,,0,6870,3,False,463.45,-49.95,-9.7293,0.0,False,462.45,260,463.85,130,,,463.15,1.4,0.003,543.45,-80.0,0.0534,13726
2.1.0,20260828_105703_000,2026-08-28T10:57:03+05:30,2026-08-28T10:57:03+05:30,Asia/Kolkata,UPSTOX,NIFTY,2026-09-01,65,e385b72eb8d44131,0.0,False,24156.55,24157.0,24122.6,24188.3,24106.55,24090.85,10.74,24150,24150,24750,593.45,ABOVE_SPOT,,60.0,60.0,NSE_FO|47015,57321,11966,,213,175115,782,False,3.4,-1.45,-29.8969,11.41,True,3.4,31525,3.45,48685,,,3.425,0.05,0.0146,0.0,3.4,NSE_FO|47016,1196,-41,,0,213,1,False,510.15,-46.05,-8.2794,0.0,False,510.85,65,513.4,65,,,512.125,2.55,0.005,593.45,-83.3,0.0209,12007
2.1.0,20260828_105803_000,2026-08-28T10:58:03+05:30,2026-08-28T10:58:03+05:30,Asia/Kolkata,UPSTOX,NIFTY,2026-09-01,65,69086f89eda3b93c,0.0,False,24157.05,24157.45,24122.6,24188.3,24106.55,24090.85,10.76,24150,24150,23550,-607.05,BELOW_SPOT,,60.0,60.0,NSE_FO|46967,250,-15,,0,37,0,False,690.65,41.35,6.3684,25.22,True,692.2,65,695.3,260,,,693.75,3.1,0.0045,607.05,83.6,NSE_FO|46968,39262,29528,,53,117283,114,False,3.7,-0.05,-1.3333,13.06,True,3.65,36140,3.7,43160,,,3.675,0.05,0.0136,0.0,3.7,157.048,-29543
2.1.0,20260828_105803_000,2026-08-28T10:58:03+05:30,2026-08-28T10:58:03+05:30,Asia/Kolkata,UPSTOX,NIFTY,2026-09-01,65,69086f89eda3b93c,0.0,False,24157.05,24157.45,24122.6,24188.3,24106.55,24090.85,10.76,24150,24150,23600,-557.05,BELOW_SPOT,,60.0,60.0,NSE_FO|46969,593,-103,,0,512,0,False,643.85,51.75,8.7401,24.51,True,642.45,65,645.35,65,,,643.9,2.9,0.0045,557.05,86.8,NSE_FO|46970,76604,25244,,19,206865,83,False,4.1,-0.35,-7.8652,12.45,True,4.05,92820,4.1,35490,,,4.075,0.05,0.0123,0.0,4.1,129.1804,-25347
2.1.0,20260828_105803_000,2026-08-28T10:58:03+05:30,2026-08-28T10:58:03+05:30,Asia/Kolkata,UPSTOX,NIFTY,2026-09-01,65,69086f89eda3b93c,0.0,False,24157.05,24157.45,24122.6,24188.3,24106.55,24090.85,10.76,24150,24150,23650,-507.05,BELOW_SPOT,,60.0,60.0,NSE_FO|46971,318,12,,0,187,0,False,590.4,48.05,8.8596,22.63,True,594.0,65,596.45,65,,,595.225,2.45,0.0041,507.05,83.35,NSE_FO|46972,38251,16166,,-4,166504,477,False,4.55,-0.85,-15.7407,11.78,True,4.55,11180,4.6,50440,,,4.575,0.05,0.0109,0.0,4.55,120.2862,-16154
2.1.0,20260828_105803_000,2026-08-28T10:58:03+05:30,2026-08-28T10:58:03+05:30,Asia/Kolkata,UPSTOX,NIFTY,2026-09-01,65,69086f89eda3b93c,0.0,False,24157.05,24157.45,24122.6,24188.3,24106.55,24090.85,10.76,24150,24150,23700,-457.05,BELOW_SPOT,,60.0,60.0,NSE_FO|46973,2778,-6,,0,1438,1,False,544.75,42.45,8.4511,21.9,True,544.05,195,545.95,130,,,545.0,1.9,0.0035,457.05,87.7,NSE_FO|46974,99312,20708,,4,284995,887,False,5.25,-1.5,-22.2222,11.14,True,5.25,77350,5.3,14495,,,5.275,0.05,0.0095,0.0,5.25,35.7495,-20714
2.1.0,20260828_105803_000,2026-08-28T10:58:03+05:30,2026-08-28T10:58:03+05:30,Asia/Kolkata,UPSTOX,NIFTY,2026-09-01,65,69086f89eda3b93c,0.0,False,24157.05,24157.45,24122.6,24188.3,24106.55,24090.85,10.76,24150,24150,23750,-407.05,BELOW_SPOT,,60.0,60.0,NSE_FO|46975,669,119,,2,1084,1,False,499.75,46.05,10.1499,21.16,True,495.15,455,497.6,715,,,496.375,2.45,0.0049,407.05,92.7,NSE_FO|46976,47856,16827,,-107,241620,1001,False,6.4,-2.2,-25.5814,10.56,True,6.35,18785,6.4,20020,,,6.375,0.05,0.0078,0.0,6.4,71.5336,-16708
2.1.0,20260828_105803_000,2026-08-28T10:58:03+05:30,2026-08-28T10:58:03+05:30,Asia/Kolkata,UPSTOX,NIFTY,2026-09-01,65,69086f89eda3b93c,0.0,False,24157.05,24157.45,24122.6,24188.3,24106.55,24090.85,10.76,24150,24150,23800,-357.05,BELOW_SPOT,,60.0,60.0,NSE_FO|46977,3114,204,,5,7370,10,False,449.8,47.4,11.7793,19.61,True,447.1,195,448.6,195,,,447.85,1.5,0.0033,357.05,92.75,NSE_FO|46978,131940,34331,,70,445827,1621,False,7.7,-3.4,-30.6306,10.07,True,7.65,42965,7.7,1690,,,7.675,0.05,0.0065,0.0,7.7,42.3699,-34127
2.1.0,20260828_105803_000,2026-08-28T10:58:03+05:30,2026-08-28T10:58:03+05:30,Asia/Kolkata,UPSTOX,NIFTY,2026-09-01,65,69086f89eda3b93c,0.0,False,24157.05,24157.45,24122.6,24188.3,24106.55,24090.85,10.76,24150,24150,23850,-307.05,BELOW_SPOT,,60.0,60.0,NSE_FO|46979,1419,440,,-1,3857,11,False,401.25,46.0,12.9486,18.39,True,399.4,325,401.05,1105,,,400.225,1.65,0.0041,307.05,94.2,NSE_FO|46980,53552,24768,,27,265369,2255,False,9.85,-4.45,-31.1189,9.52,True,9.8,25545,9.85,2470,,,9.825,0.05,0.0051,0.0,9.85,37.7393,-24328
2.1.0,20260828_105803_000,2026-08-28T10:58:03+05:30,2026-08-28T10:58:03+05:30,Asia/Kolkata,UPSTOX,NIFTY,2026-09-01,65,69086f89eda3b93c,0.0,False,24157.05,24157.45,24122.6,24188.3,24106.55,24090.85,10.76,24150,24150,23900,-257.05,BELOW_SPOT,,60.0,60.0,NSE_FO|46981,5021,1421,,-1,23888,53,False,353.4,39.65,12.6375,17.31,True,352.8,585,353.7,325,,,353.25,0.9,0.0025,257.05,96.35,NSE_FO|46982,113385,45402,,157,532435,1731,False,12.85,-6.4,-33.2468,9.06,True,12.8,9165,12.85,9685,,,12.825,0.05,0.0039,0.0,12.85,22.5822,-43981
2.1.0,20260828_105803_000,2026-08-28T10:58:03+05:30,2026-08-28T10:58:03+05:30,Asia/Kolkata,UPSTOX,NIFTY,2026-09-01,65,69086f89eda3b93c,0.0,False,24157.05,24157.45,24122.6,24188.3,24106.55,24090.85,10.76,24150,24150,23950,-207.05,BELOW_SPOT,,60.0,60.0,NSE_FO|46983,3795,1620,,-2,23506,67,False,309.55,40.3,14.9675,16.22,True,306.75,585,307.7,325,,,307.225,0.95,0.0031,207.05,102.5,NSE_FO|46984,62312,30494,,-30,388988,1613,False,17.2,-8.35,-32.681,8.73,True,17.15,14820,17.25,14690,,,17.2,0.1,0.0058,0.0,17.2,16.4195,-28874
2.1.0,20260828_105803_000,2026-08-28T10:58:03+05:30,2026-08-28T10:58:03+05:30,Asia/Kolkata,UPSTOX,NIFTY,2026-09-01,65,69086f89eda3b93c,0.0,False,24157.05,24157.45,24122.6,24188.3,24106.55,24090.85,10.76,24150,24150,24000,-157.05,BELOW_SPOT,,60.0,60.0,NSE_FO|46985,32052,5995,,18,221179,477,False,263.3,35.55,15.6092,14.85,True,263.2,780,263.9,715,,,263.55,0.7,0.0027,157.05,106.25,NSE_FO|46986,206181,96863,,45,1141095,4974,False,23.3,-11.8,-33.6182,8.36,True,23.2,5525,23.3,13260,,,23.25,0.1,0.0043,0.0,23.3,6.4327,-90868
2.1.0,20260828_105803_000,2026-08-28T10:58:03+05:30,2026-08-28T10:58:03+05:30,Asia/Kolkata,UPSTOX,NIFTY,2026-09-01,65,69086f89eda3b93c,0.0,False,24157.05,24157.45,24122.6,24188.3,24106.55,24090.85,10.76,24150,24150,24050,-107.05,BELOW_SPOT,,60.0,60.0,NSE_FO|46987,15806,5383,,8,184268,363,False,221.5,30.2,15.7867,13.99,True,221.35,260,221.9,650,,,221.625,0.55,0.0025,107.05,114.45,NSE_FO|46988,107101,70155,,124,735007,3542,False,31.2,-15.45,-33.119,7.93,True,31.25,3705,31.35,195,,,31.3,0.1,0.0032,0.0,31.2,6.776,-64772
2.1.0,20260828_105803_000,2026-08-28T10:58:03+05:30,2026-08-28T10:58:03+05:30,Asia/Kolkata,UPSTOX,NIFTY,2026-09-01,65,69086f89eda3b93c,0.0,False,24157.05,24157.45,24122.6,24188.3,24106.55,24090.85,10.76,24150,24150,24100,-57.05,BELOW_SPOT,,60.0,60.0,NSE_FO|46989,72176,25691,,698,1030828,2516,False,182.95,27.7,17.8422,13.17,True,183.0,1105,183.15,585,,,183.075,0.15,0.0008,57.05,125.9,NSE_FO|46990,278514,194331,,413,2002006,6158,False,42.4,-19.75,-31.778,7.54,True,42.35,130,42.45,2925,,,42.4,0.1,0.0024,0.0,42.4,3.8588,-168640
2.1.0,20260828_105803_000,2026-08-28T10:58:03+05:30,2026-08-28T10:58:03+05:30,Asia/Kolkata,UPSTOX,NIFTY,2026-09-01,65,69086f89eda3b93c,0.0,False,24157.05,24157.45,24122.6,24188.3,24106.55,24090.85,10.76,24150,24150,24150,-7.05,ATM,,60.0,60.0,NSE_FO|46991,114003,53766,,631,1392404,4431,False,146.75,19.9,15.6878,12.41,True,146.75,195,147.05,390,,,146.9,0.3,0.002,7.05,139.7,NSE_FO|46992,253179,198929,,-70,1952149,11059,False,56.55,-22.4,-28.3724,7.05,True,56.4,1885,56.55,5005,,,56.475,0.15,0.0027,0.0,56.55,2.2208,-145163
2.1.0,20260828_105803_000,2026-08-28T10:58:03+05:30,2026-08-28T10:58:03+05:30,Asia/Kolkata,UPSTOX,NIFTY,2026-09-01,65,69086f89eda3b93c,0.0,False,24157.05,24157.45,24122.6,24188.3,24106.55,24090.85,10.76,24150,24150,24200,42.95,ABOVE_SPOT,,60.0,60.0,NSE_FO|46993,243052,89364,,2459,1921672,8124,False,115.3,16.55,16.7595,11.84,True,115.2,1560,115.55,2340,,,115.375,0.35,0.003,0.0,115.3,NSE_FO|46994,296862,195684,,-65,1719453,8345,False,75.0,-27.8,-27.0428,6.54,True,74.8,5070,75.0,6110,,,74.9,0.2,0.0027,42.95,32.05,1.2214,-106320
2.1.0,20260828_105803_000,2026-08-28T10:58:03+05:30,2026-08-28T10:58:03+05:30,Asia/Kolkata,UPSTOX,NIFTY,2026-09-01,65,69086f89eda3b93c,0.0,False,24157.05,24157.45,24122.6,24188.3,24106.55,24090.85,10.76,24150,24150,24250,92.95,ABOVE_SPOT,,60.0,60.0,NSE_FO|46995,152685,63673,,1637,1086845,4887,False,87.7,10.8,14.0442,11.44,True,87.7,1170,87.9,3445,,,87.8,0.2,0.0023,0.0,87.7,NSE_FO|46996,94349,53819,,-89,557461,3599,False,97.55,-31.3,-24.2918,5.58,True,97.3,325,97.5,650,,,97.4,0.2,0.0021,92.95,4.6,0.6179,9854
2.1.0,20260828_105803_000,2026-08-28T10:58:03+05:30,2026-08-28T10:58:03+05:30,Asia/Kolkata,UPSTOX,NIFTY,2026-09-01,65,69086f89eda3b93c,0.0,False,24157.05,24157.45,24122.6,24188.3,24106.55,24090.85,10.76,24150,24150,24300,142.95,ABOVE_SPOT,,60.0,60.0,NSE_FO|46997,259851,56521,,1698,1388556,5814,False,65.1,7.15,12.3382,10.93,True,65.0,16445,65.1,3120,,,65.05,0.1,0.0015,0.0,65.1,NSE_FO|46998,116469,40429,,-144,636614,3117,False,124.9,-37.45,-23.0674,4.55,True,124.75,1625,125.0,2080,,,124.875,0.25,0.002,142.95,-18.05,0.4482,16092
2.1.0,20260828_105803_000,2026-08-28T10:58:03+05:30,2026-08-28T10:58:03+05:30,Asia/Kolkata,UPSTOX,NIFTY,2026-09-01,65,69086f89eda3b93c,0.0,False,24157.05,24157.45,24122.6,24188.3,24106.55,24090.85,10.76,24150,24150,24350,192.95,ABOVE_SPOT,,60.0,60.0,NSE_FO|46999,166022,42707,,781,747875,4822,False,46.75,3.2,7.3479,10.6,True,46.6,4355,46.75,6890,,,46.675,0.15,0.0032,0.0,46.75,NSE_FO|47000,35357,9817,,-120,137667,737,False,156.0,-39.0,-20.0,0.0,False,156.2,1170,156.6,260,,,156.4,0.4,0.0026,192.95,-36.95,0.213,32890
2.1.0,20260828_105803_000,2026-08-28T10:58:03+05:30,2026-08-28T10:58:03+05:30,Asia/Kolkata,UPSTOX,NIFTY,2026-09-01,65,69086f89eda3b93c,0.0,False,24157.05,24157.45,24122.6,24188.3,24106.55,24090.85,10.76,24150,24150,24400,242.95,ABOVE_SPOT,,60.0,60.0,NSE_FO|47001,225875,37662,,814,931811,3762,False,32.85,1.05,3.3019,10.39,True,32.9,585,33.0,9880,,,32.95,0.1,0.003,0.0,32.85,NSE_FO|47002,41612,6809,,25,151405,1076,False,192.25,-42.4,-18.0695,0.0,False,192.4,130,192.8,1820,,,192.6,0.4,0.0021,242.95,-50.7,0.1842,30853
2.1.0,20260828_105803_000,2026-08-28T10:58:03+05:30,2026-08-28T10:58:03+05:30,Asia/Kolkata,UPSTOX,NIFTY,2026-09-01,65,69086f89eda3b93c,0.0,False,24157.05,24157.45,24122.6,24188.3,24106.55,24090.85,10.76,24150,24150,24450,292.95,ABOVE_SPOT,,60.0,60.0,NSE_FO|47003,95091,13990,,506,506645,2394,False,22.85,-0.6,-2.5586,10.27,True,22.8,1560,22.85,3055,,,22.825,0.05,0.0022,0.0,22.85,NSE_FO|47004,10685,1727,,3,23371,208,False,232.1,-42.55,-15.4924,0.0,False,232.25,260,232.9,390,,,232.575,0.65,0.0028,292.95,-60.85,0.1124,12263
2.1.0,20260828_105803_000,2026-08-28T10:58:03+05:30,2026-08-28T10:58:03+05:30,Asia/Kolkata,UPSTOX,NIFTY,2026-09-01,65,69086f89eda3b93c,0.0,False,24157.05,24157.45,24122.6,24188.3,24106.55,24090.85,10.76,24150,24150,24500,342.95,ABOVE_SPOT,,60.0,60.0,NSE_FO|47005,217338,24445,,616,852634,3764,False,15.8,-1.85,-10.4816,10.25,True,15.75,9100,15.8,2665,,,15.775,0.05,0.0032,0.0,15.8,NSE_FO|47006,35488,3885,,40,66202,159,False,275.0,-42.5,-13.3858,0.0,False,274.7,390,275.4,130,,,275.05,0.7,0.0025,342.95,-67.95,0.1633,20560
2.1.0,20260828_105803_000,2026-08-28T10:58:03+05:30,2026-08-28T10:58:03+05:30,Asia/Kolkata,UPSTOX,NIFTY,2026-09-01,65,69086f89eda3b93c,0.0,False,24157.05,24157.45,24122.6,24188.3,24106.55,24090.85,10.76,24150,24150,24550,392.95,ABOVE_SPOT,,60.0,60.0,NSE_FO|47007,80047,15747,,36,400153,790,False,10.75,-1.95,-15.3543,10.28,True,10.75,8515,10.8,7475,,,10.775,0.05,0.0046,0.0,10.75,NSE_FO|47008,3077,100,,6,5708,33,False,319.9,-43.9,-12.0671,0.0,False,319.8,130,320.7,130,,,320.25,0.9,0.0028,392.95,-73.05,0.0384,15647
2.1.0,20260828_105803_000,2026-08-28T10:58:03+05:30,2026-08-28T10:58:03+05:30,Asia/Kolkata,UPSTOX,NIFTY,2026-09-01,65,69086f89eda3b93c,0.0,False,24157.05,24157.45,24122.6,24188.3,24106.55,24090.85,10.76,24150,24150,24600,442.95,ABOVE_SPOT,,60.0,60.0,NSE_FO|47009,146269,22981,,-19,477786,1476,False,7.5,-1.95,-20.6349,10.44,True,7.55,3770,7.6,61490,,,7.575,0.05,0.0066,0.0,7.5,NSE_FO|47010,8019,-636,,0,9347,29,False,365.6,-45.3,-11.0246,0.0,False,366.35,455,367.45,1625,,,366.9,1.1,0.003,442.95,-77.35,0.0548,23617
2.1.0,20260828_105803_000,2026-08-28T10:58:03+05:30,2026-08-28T10:58:03+05:30,Asia/Kolkata,UPSTOX,NIFTY,2026-09-01,65,69086f89eda3b93c,0.0,False,24157.05,24157.45,24122.6,24188.3,24106.55,24090.85,10.76,24150,24150,24650,492.95,ABOVE_SPOT,,60.0,60.0,NSE_FO|47011,60852,17037,,-33,269242,899,False,5.55,-1.9,-25.5034,10.68,True,5.5,16965,5.55,24635,,,5.525,0.05,0.009,0.0,5.55,NSE_FO|47012,1817,-216,,0,1309,0,False,415.05,-48.1,-10.3854,0.0,False,413.9,130,415.35,260,,,414.625,1.45,0.0035,492.95,-77.9,0.0299,17253
2.1.0,20260828_105803_000,2026-08-28T10:58:03+05:30,2026-08-28T10:58:03+05:30,Asia/Kolkata,UPSTOX,NIFTY,2026-09-01,65,69086f89eda3b93c,0.0,False,24157.05,24157.45,24122.6,24188.3,24106.55,24090.85,10.76,24150,24150,24700,542.95,ABOVE_SPOT,,60.0,60.0,NSE_FO|47013,116431,15814,,-4,357398,1022,False,4.2,-1.6,-27.5862,10.99,True,4.2,42770,4.25,74555,,,4.225,0.05,0.0118,0.0,4.2,NSE_FO|47014,6220,2090,,-2,6871,1,False,465.1,-48.3,-9.4079,0.0,False,462.7,195,464.1,130,,,463.4,1.4,0.003,542.95,-77.85,0.0534,13724
2.1.0,20260828_105803_000,2026-08-28T10:58:03+05:30,2026-08-28T10:58:03+05:30,Asia/Kolkata,UPSTOX,NIFTY,2026-09-01,65,69086f89eda3b93c,0.0,False,24157.05,24157.45,24122.6,24188.3,24106.55,24090.85,10.76,24150,24150,24750,592.95,ABOVE_SPOT,,60.0,60.0,NSE_FO|47015,57518,12163,,197,175310,195,False,3.4,-1.45,-29.8969,11.41,True,3.4,37440,3.45,60450,,,3.425,0.05,0.0146,0.0,3.4,NSE_FO|47016,1196,-41,,0,213,0,False,510.15,-46.05,-8.2794,0.0,False,511.8,65,514.0,65,,,512.9,2.2,0.0043,592.95,-82.8,0.0208,12204
2.1.0,20260828_105903_001,2026-08-28T10:59:03+05:30,2026-08-28T10:59:03+05:30,Asia/Kolkata,UPSTOX,NIFTY,2026-09-01,65,5b0a63a299d7c125,0.0,False,24158.85,24158.4,24122.6,24188.3,24106.55,24090.85,10.77,24150,24150,23550,-608.85,BELOW_SPOT,,60.0,60.0,NSE_FO|46967,250,-15,,0,37,0,False,690.65,41.35,6.3684,24.93,True,691.25,65,695.3,130,,,693.275,4.05,0.0058,608.85,81.8,NSE_FO|46968,39323,29589,,61,117725,442,False,3.65,-0.1,-2.6667,13.06,True,3.6,47125,3.65,17745,,,3.625,0.05,0.0138,0.0,3.65,157.292,-29604
2.1.0,20260828_105903_001,2026-08-28T10:59:03+05:30,2026-08-28T10:59:03+05:30,Asia/Kolkata,UPSTOX,NIFTY,2026-09-01,65,5b0a63a299d7c125,0.0,False,24158.85,24158.4,24122.6,24188.3,24106.55,24090.85,10.77,24150,24150,23600,-558.85,BELOW_SPOT,,60.0,60.0,NSE_FO|46969,593,-103,,0,514,2,False,648.4,56.3,9.5085,24.8,True,641.8,65,645.1,65,,,643.45,3.3,0.0051,558.85,89.55,NSE_FO|46970,76792,25432,,188,207434,569,False,4.05,-0.4,-8.9888,12.45,True,4.0,94835,4.05,33865,,,4.025,0.05,0.0124,0.0,4.05,129.4975,-25535
2.1.0,20260828_105903_001,2026-08-28T10:59:03+05:30,2026-08-28T10:59:03+05:30,Asia/Kolkata,UPSTOX,NIFTY,2026-09-01,65,5b0a63a299d7c125,0.0,False,24158.85,24158.4,24122.6,24188.3,24106.55,24090.85,10.77,24150,24150,23650,-508.85,BELOW_SPOT,,60.0,60.0,NSE_FO|46971,318,12,,0,187,0,False,590.4,48.05,8.8596,22.23,True,592.6,65,595.55,130,,,594.075,2.95,0.005,508.85,81.55,NSE_FO|46972,38288,16203,,37,167239,735,False,4.5,-0.9,-16.6667,11.78,True,4.5,28210,4.55,45175,,,4.525,0.05,0.011,0.0,4.5,120.4025,-16191
2.1.0,20260828_105903_001,2026-08-28T10:59:03+05:30,2026-08-28T10:59:03+05:30,Asia/Kolkata,UPSTOX,NIFTY,2026-09-01,65,5b0a63a299d7c125,0.0,False,24158.85,24158.4,24122.6,24188.3,24106.55,24090.85,10.77,24150,24150,23700,-458.85,BELOW_SPOT,,60.0,60.0,NSE_FO|46973,2780,-4,,2,1446,8,False,546.0,43.7,8.7,21.85,True,543.45,130,545.8,195,,,544.625,2.35,0.0043,458.85,87.15,NSE_FO|46974,99347,20743,,35,285710,715,False,5.25,-1.5,-22.2222,11.17,True,5.2,73450,5.25,8450,,,5.225,0.05,0.0096,0.0,5.25,35.7363,-20747
2.1.0,20260828_105903_001,2026-08-28T10:59:03+05:30,2026-08-28T10:59:03+05:30,Asia/Kolkata,UPSTOX,NIFTY,2026-09-01,65,5b0a63a299d7c125,0.0,False,24158.85,24158.4,24122.6,24188.3,24106.55,24090.85,10.77,24150,24150,23750,-408.85,BELOW_SPOT,,60.0,60.0,NSE_FO|46975,669,119,,0,1084,0,False,499.75,46.05,10.1499,20.81,True,494.4,780,496.9,260,,,495.65,2.5,0.005,408.85,90.9,NSE_FO|46976,47817,16788,,-39,242474,854,False,6.35,-2.25,-26.1628,10.62,True,6.3,26715,6.35,5005,,,6.325,0.05,0.0079,0.0,6.35,71.4753,-16669
2.1.0,20260828_105903_001,2026-08-28T10:59:03+05:30,2026-08-28T10:59:03+05:30,Asia/Kolkata,UPSTOX,NIFTY,2026-09-01,65,5b0a63a299d7c125,0.0,False,24158.85,24158.4,24122.6,24188.3,24106.55,24090.85,10.77,24150,24150,23800,-358.85,BELOW_SPOT,,60.0,60.0,NSE_FO|46977,3111,201,,-3,7373,3,False,448.95,46.55,11.5681,19.26,True,446.2,260,447.6,195,,,446.9,1.4,0.0031,358.85,90.1,NSE_FO|46978,132079,34470,,139,447022,1195,False,7.65,-3.45,-31.0811,10.07,True,7.65,28470,7.7,9035,,,7.675,0.05,0.0065,0.0,7.65,42.4555,-34269
2.1.0,20260828_105903_001,2026-08-28T10:59:03+05:30,2026-08-28T10:59:03+05:30,Asia/Kolkata,UPSTOX,NIFTY,2026-09-01,65,5b0a63a299d7c125,0.0,False,24158.85,24158.4,24122.6,24188.3,24106.55,24090.85,10.77,24150,24150,23850,-308.85,BELOW_SPOT,,60.0,60.0,NSE_FO|46979,1417,438,,-2,3865,8,False,398.5,43.25,12.1745,17.78,True,398.8,195,400.15,130,,,399.475,1.35,0.0034,308.85,89.65,NSE_FO|46980,53317,24533,,-235,267095,1726,False,9.8,-4.5,-31.4685,9.61,True,9.7,4940,9.75,35100,,,9.725,0.05,0.0051,0.0,9.8,37.6267,-24095
2.1.0,20260828_105903_001,2026-08-28T10:59:03+05:30,2026-08-28T10:59:03+05:30,Asia/Kolkata,UPSTOX,NIFTY,2026-09-01,65,5b0a63a299d7c125,0.0,False,24158.85,24158.4,24122.6,24188.3,24106.55,24090.85,10.77,24150,24150,23900,-258.85,BELOW_SPOT,,60.0,60.0,NSE_FO|46981,5004,1404,,-17,23943,55,False,354.55,40.8,13.004,16.96,True,351.8,130,352.7,195,,,352.25,0.9,0.0026,258.85,95.7,NSE_FO|46982,113512,45529,,127,534438,2003,False,12.8,-6.45,-33.5065,9.17,True,12.75,15730,12.8,390,,,12.775,0.05,0.0039,0.0,12.8,22.6843,-44125
2.1.0,20260828_105903_001,2026-08-28T10:59:03+05:30,2026-08-28T10:59:03+05:30,Asia/Kolkata,UPSTOX,NIFTY,2026-09-01,65,5b0a63a299d7c125,0.0,False,24158.85,24158.4,24122.6,24188.3,24106.55,24090.85,10.77,24150,24150,23950,-208.85,BELOW_SPOT,,60.0,60.0,NSE_FO|46983,3803,1628,,8,23541,35,False,307.0,37.75,14.0204,15.66,True,306.0,780,306.9,455,,,306.45,0.9,0.0029,208.85,98.15,NSE_FO|46984,62325,30507,,13,390725,1737,False,17.1,-8.45,-33.0724,8.77,True,17.15,9815,17.2,1170,,,17.175,0.05,0.0029,0.0,17.1,16.3884,-28879
2.1.0,20260828_105903_001,2026-08-28T10:59:03+05:30,2026-08-28T10:59:03+05:30,Asia/Kolkata,UPSTOX,NIFTY,2026-09-01,65,5b0a63a299d7c125,0.0,False,24158.85,24158.4,24122.6,24188.3,24106.55,24090.85,10.77,24150,24150,24000,-158.85,BELOW_SPOT,,60.0,60.0,NSE_FO|46985,32047,5990,,-5,221681,502,False,263.05,35.3,15.4995,14.92,True,263.0,1300,263.45,390,,,263.225,0.45,0.0017,158.85,104.2,NSE_FO|46986,206520,97202,,339,1145989,4894,False,23.2,-11.9,-33.9031,8.35,True,23.1,5135,23.15,260,,,23.125,0.05,0.0022,0.0,23.2,6.4443,-91212
2.1.0,20260828_105903_001,2026-08-28T10:59:03+05:30,2026-08-28T10:59:03+05:30,Asia/Kolkata,UPSTOX,NIFTY,2026-09-01,65,5b0a63a299d7c125,0.0,False,24158.85,24158.4,24122.6,24188.3,24106.55,24090.85,10.77,24150,24150,24050,-108.85,BELOW_SPOT,,60.0,60.0,NSE_FO|46987,15823,5400,,17,184624,356,False,221.25,29.95,15.656,13.94,True,221.2,650,221.65,520,,,221.425,0.45,0.002,108.85,112.4,NSE_FO|46988,107231,70285,,130,737864,2857,False,31.4,-15.25,-32.6902,8.0,True,31.35,7410,31.45,585,,,31.4,0.1,0.0032,0.0,31.4,6.7769,-64885
2.1.0,20260828_105903_001,2026-08-28T10:59:03+05:30,2026-08-28T10:59:03+05:30,Asia/Kolkata,UPSTOX,NIFTY,2026-09-01,65,5b0a63a299d7c125,0.0,False,24158.85,24158.4,24122.6,24188.3,24106.55,24090.85,10.77,24150,24150,24100,-58.85,BELOW_SPOT,,60.0,60.0,NSE_FO|46989,72406,25921,,230,1033379,2551,False,182.0,26.75,17.2303,13.18,True,182.05,650,182.4,585,,,182.225,0.35,0.0019,58.85,123.15,NSE_FO|46990,277795,193612,,-719,2010251,8245,False,42.45,-19.7,-31.6975,7.54,True,42.25,7800,42.4,5070,,,42.325,0.15,0.0035,0.0,42.45,3.8366,-167691
2.1.0,20260828_105903_001,2026-08-28T10:59:03+05:30,2026-08-28T10:59:03+05:30,Asia/Kolkata,UPSTOX,NIFTY,2026-09-01,65,5b0a63a299d7c125,0.0,False,24158.85,24158.4,24122.6,24188.3,24106.55,24090.85,10.77,24150,24150,24150,-8.85,ATM,,60.0,60.0,NSE_FO|46991,114956,54719,,953,1397191,4787,False,146.4,19.55,15.4119,12.28,True,146.05,390,146.4,455,,,146.225,0.35,0.0024,8.85,137.55,NSE_FO|46992,250531,196281,,-2648,1960940,8791,False,56.8,-22.15,-28.0557,7.16,True,56.75,2080,56.8,260,,,56.775,0.05,0.0009,0.0,56.8,2.1794,-141562
2.1.0,20260828_105903_001,2026-08-28T10:59:03+05:30,2026-08-28T10:59:03+05:30,Asia/Kolkata,UPSTOX,NIFTY,2026-09-01,65,5b0a63a299d7c125,0.0,False,24158.85,24158.4,24122.6,24188.3,24106.55,24090.85,10.77,24150,24150,24200,41.15,ABOVE_SPOT,,60.0,60.0,NSE_FO|46993,243567,89879,,515,1929410,7738,False,114.75,16.0,16.2025,11.72,True,114.7,975,114.85,65,,,114.775,0.15,0.0013,0.0,114.75,NSE_FO|46994,295043,193865,,-1819,1728910,9457,False,75.25,-27.55,-26.7996,6.65,True,74.9,455,75.05,1690,,,74.975,0.15,0.002,41.15,34.1,1.2113,-103986
2.1.0,20260828_105903_001,2026-08-28T10:59:03+05:30,2026-08-28T10:59:03+05:30,Asia/Kolkata,UPSTOX,NIFTY,2026-09-01,65,5b0a63a299d7c125,0.0,False,24158.85,24158.4,24122.6,24188.3,24106.55,24090.85,10.77,24150,24150,24250,91.15,ABOVE_SPOT,,60.0,60.0,NSE_FO|46995,154176,65164,,1491,1092289,5444,False,87.45,10.55,13.7191,11.22,True,87.3,1690,87.4,65,,,87.35,0.1,0.0011,0.0,87.45,NSE_FO|46996,93344,52814,,-1005,561131,3670,False,98.0,-30.85,-23.9426,5.94,True,97.65,4095,97.85,130,,,97.75,0.2,0.002,91.15,6.85,0.6054,12350
2.1.0,20260828_105903_001,2026-08-28T10:59:03+05:30,2026-08-28T10:59:03+05:30,Asia/Kolkata,UPSTOX,NIFTY,2026-09-01,65,5b0a63a299d7c125,0.0,False,24158.85,24158.4,24122.6,24188.3,24106.55,24090.85,10.77,24150,24150,24300,141.15,ABOVE_SPOT,,60.0,60.0,NSE_FO|46997,260090,56760,,239,1394881,6325,False,64.6,6.65,11.4754,10.82,True,64.6,3250,64.7,650,,,64.65,0.1,0.0015,0.0,64.6,NSE_FO|46998,116551,40511,,82,639452,2838,False,125.5,-36.85,-22.6979,4.84,True,125.25,1170,125.5,585,,,125.375,0.25,0.002,141.15,-15.65,0.4481,16249
2.1.0,20260828_105903_001,2026-08-28T10:59:03+05:30,2026-08-28T10:59:03+05:30,Asia/Kolkata,UPSTOX,NIFTY,2026-09-01,65,5b0a63a299d7c125,0.0,False,24158.85,24158.4,24122.6,24188.3,24106.55,24090.85,10.77,24150,24150,24350,191.15,ABOVE_SPOT,,60.0,60.0,NSE_FO|46999,166368,43053,,346,750662,2787,False,46.55,3.0,6.8886,10.6,True,46.5,3315,46.65,8190,,,46.575,0.15,0.0032,0.0,46.55,NSE_FO|47000,35155,9615,,-202,138331,664,False,157.25,-37.75,-19.359,0.0,False,156.45,715,156.75,65,,,156.6,0.3,0.0019,191.15,-33.9,0.2113,33438
2.1.0,20260828_105903_001,2026-08-28T10:59:03+05:30,2026-08-28T10:59:03+05:30,Asia/Kolkata,UPSTOX,NIFTY,2026-09-01,65,5b0a63a299d7c125,0.0,False,24158.85,24158.4,24122.6,24188.3,24106.55,24090.85,10.77,24150,24150,24400,241.15,ABOVE_SPOT,,60.0,60.0,NSE_FO|47001,226717,38504,,842,934865,3054,False,32.85,1.05,3.3019,10.39,True,32.85,910,32.95,6500,,,32.9,0.1,0.003,0.0,32.85,NSE_FO|47002,41446,6643,,-166,152212,807,False,192.95,-41.7,-17.7711,0.0,False,193.05,585,193.4,325,,,193.225,0.35,0.0018,241.15,-48.2,0.1828,31861
2.1.0,20260828_105903_001,2026-08-28T10:59:03+05:30,2026-08-28T10:59:03+05:30,Asia/Kolkata,UPSTOX,NIFTY,2026-09-01,65,5b0a63a299d7c125,0.0,False,24158.85,24158.4,24122.6,24188.3,24106.55,24090.85,10.77,24150,24150,24450,291.15,ABOVE_SPOT,,60.0,60.0,NSE_FO|47003,95359,14258,,268,508472,1827,False,22.75,-0.7,-2.9851,10.28,True,22.8,1105,22.85,4355,,,22.825,0.05,0.0022,0.0,22.75,NSE_FO|47004,10660,1702,,-25,23510,139,False,233.0,-41.65,-15.1648,0.0,False,232.5,195,233.0,130,,,232.75,0.5,0.0021,291.15,-58.15,0.1118,12556
2.1.0,20260828_105903_001,2026-08-28T10:59:03+05:30,2026-08-28T10:59:03+05:30,Asia/Kolkata,UPSTOX,NIFTY,2026-09-01,65,5b0a63a299d7c125,0.0,False,24158.85,24158.4,24122.6,24188.3,24106.55,24090.85,10.77,24150,24150,24500,341.15,ABOVE_SPOT,,60.0,60.0,NSE_FO|47005,218118,25225,,780,855427,2793,False,15.75,-1.9,-10.7649,10.22,True,15.75,11830,15.8,3575,,,15.775,0.05,0.0032,0.0,15.75,NSE_FO|47006,35482,3879,,-6,66448,246,False,276.0,-41.5,-13.0709,0.0,False,275.6,715,276.0,1885,,,275.8,0.4,0.0015,341.15,-65.15,0.1627,21346
2.1.0,20260828_105903_001,2026-08-28T10:59:03+05:30,2026-08-28T10:59:03+05:30,Asia/Kolkata,UPSTOX,NIFTY,2026-09-01,65,5b0a63a299d7c125,0.0,False,24158.85,24158.4,24122.6,24188.3,24106.55,24090.85,10.77,24150,24150,24550,391.15,ABOVE_SPOT,,60.0,60.0,NSE_FO|47007,80099,15799,,52,400748,595,False,10.75,-1.95,-15.3543,10.28,True,10.75,16705,10.85,18915,,,10.8,0.1,0.0093,0.0,10.75,NSE_FO|47008,3079,102,,2,5759,51,False,321.4,-42.4,-11.6548,0.0,False,320.3,130,321.15,260,,,320.725,0.85,0.0027,391.15,-69.75,0.0384,15697
2.1.0,20260828_105903_001,2026-08-28T10:59:03+05:30,2026-08-28T10:59:03+05:30,Asia/Kolkata,UPSTOX,NIFTY,2026-09-01,65,5b0a63a299d7c125,0.0,False,24158.85,24158.4,24122.6,24188.3,24106.55,24090.85,10.77,24150,24150,24600,441.15,ABOVE_SPOT,,60.0,60.0,NSE_FO|47009,146339,23051,,70,478622,836,False,7.6,-1.85,-19.5767,10.38,True,7.55,44395,7.6,15795,,,7.575,0.05,0.0066,0.0,7.6,NSE_FO|47010,8021,-634,,2,9363,16,False,367.9,-43.0,-10.4648,0.0,False,367.15,1560,367.9,520,,,367.525,0.75,0.002,441.15,-73.25,0.0548,23685
2.1.0,20260828_105903_001,2026-08-28T10:59:03+05:30,2026-08-28T10:59:03+05:30,Asia/Kolkata,UPSTOX,NIFTY,2026-09-01,65,5b0a63a299d7c125,0.0,False,24158.85,24158.4,24122.6,24188.3,24106.55,24090.85,10.77,24150,24150,24650,491.15,ABOVE_SPOT,,60.0,60.0,NSE_FO|47011,61099,17284,,247,269611,369,False,5.55,-1.9,-25.5034,10.62,True,5.5,25415,5.55,34645,,,5.525,0.05,0.009,0.0,5.55,NSE_FO|47012,1818,-215,,1,1313,4,False,416.1,-47.05,-10.1587,0.0,False,414.0,195,415.9,260,,,414.95,1.9,0.0046,491.15,-75.05,0.0298,17499
2.1.0,20260828_105903_001,2026-08-28T10:59:03+05:30,2026-08-28T10:59:03+05:30,Asia/Kolkata,UPSTOX,NIFTY,2026-09-01,65,5b0a63a299d7c125,0.0,False,24158.85,24158.4,24122.6,24188.3,24106.55,24090.85,10.77,24150,24150,24700,541.15,ABOVE_SPOT,,60.0,60.0,NSE_FO|47013,116553,15936,,122,357747,349,False,4.25,-1.55,-26.7241,10.96,True,4.2,68770,4.25,70980,,,4.225,0.05,0.0118,0.0,4.25,NSE_FO|47014,6220,2090,,0,6874,3,False,465.4,-48.0,-9.3494,0.0,False,463.55,130,465.15,65,,,464.35,1.6,0.0034,541.15,-75.75,0.0534,13846
2.1.0,20260828_105903_001,2026-08-28T10:59:03+05:30,2026-08-28T10:59:03+05:30,Asia/Kolkata,UPSTOX,NIFTY,2026-09-01,65,5b0a63a299d7c125,0.0,False,24158.85,24158.4,24122.6,24188.3,24106.55,24090.85,10.77,24150,24150,24750,591.15,ABOVE_SPOT,,60.0,60.0,NSE_FO|47015,57439,12084,,-79,175411,101,False,3.45,-1.4,-28.866,11.41,True,3.4,39845,3.45,59540,,,3.425,0.05,0.0146,0.0,3.45,NSE_FO|47016,1196,-41,,0,214,1,False,512.95,-43.25,-7.776,0.0,False,512.05,65,514.85,130,,,513.45,2.8,0.0055,591.15,-78.2,0.0208,12125
2.1.0,20260828_110003_000,2026-08-28T11:00:03+05:30,2026-08-28T11:00:03+05:30,Asia/Kolkata,UPSTOX,NIFTY,2026-09-01,65,4dc2e4ede915b9ef,0.0,False,24156.85,24156.85,24122.6,24188.3,24106.55,24090.85,10.79,24150,24150,23550,-606.85,BELOW_SPOT,,60.0,60.0,NSE_FO|46967,250,-15,,0,37,0,False,690.65,41.35,6.3684,25.7,True,690.6,65,693.7,130,,,692.15,3.1,0.0045,606.85,83.8,NSE_FO|46968,39336,29602,,13,117773,48,False,3.65,-0.1,-2.6667,13.0,True,3.6,39000,3.65,33540,,,3.625,0.05,0.0138,0.0,3.65,157.344,-29617
2.1.0,20260828_110003_000,2026-08-28T11:00:03+05:30,2026-08-28T11:00:03+05:30,Asia/Kolkata,UPSTOX,NIFTY,2026-09-01,65,4dc2e4ede915b9ef,0.0,False,24156.85,24156.85,24122.6,24188.3,24106.55,24090.85,10.79,24150,24150,23600,-556.85,BELOW_SPOT,,60.0,60.0,NSE_FO|46969,593,-103,,0,514,0,False,648.4,56.3,9.5085,25.51,True,641.35,65,644.0,65,,,642.675,2.65,0.0041,556.85,91.55,NSE_FO|46970,76641,25281,,-151,207508,74,False,4.0,-0.45,-10.1124,12.33,True,4.0,107120,4.05,8125,,,4.025,0.05,0.0124,0.0,4.0,129.2428,-25384
2.1.0,20260828_110003_000,2026-08-28T11:00:03+05:30,2026-08-28T11:00:03+05:30,Asia/Kolkata,UPSTOX,NIFTY,2026-09-01,65,4dc2e4ede915b9ef,0.0,False,24156.85,24156.85,24122.6,24188.3,24106.55,24090.85,10.79,24150,24150,23650,-506.85,BELOW_SPOT,,60.0,60.0,NSE_FO|46971,318,12,,0,187,0,False,590.4,48.05,8.8596,22.95,True,592.15,65,594.6,65,,,593.375,2.45,0.0041,506.85,83.55,NSE_FO|46972,38385,16300,,97,167270,31,False,4.55,-0.85,-15.7407,11.66,True,4.5,32500,4.55,38870,,,4.525,0.05,0.011,0.0,4.55,120.7075,-16288
2.1.0,20260828_110003_000,2026-08-28T11:00:03+05:30,2026-08-28T11:00:03+05:30,Asia/Kolkata,UPSTOX,NIFTY,2026-09-01,65,4dc2e4ede915b9ef,0.0,False,24156.85,24156.85,24122.6,24188.3,24106.55,24090.85,10.79,24150,24150,23700,-456.85,BELOW_SPOT,,60.0,60.0,NSE_FO|46973,2780,-4,,0,1447,1,False,545.4,43.1,8.5805,22.22,True,542.4,195,544.35,195,,,543.375,1.95,0.0036,456.85,88.55,NSE_FO|46974,99467,20863,,120,286492,782,False,5.3,-1.45,-21.4815,11.11,True,5.25,70460,5.3,325,,,5.275,0.05,0.0095,0.0,5.3,35.7795,-20867
2.1.0,20260828_110003_000,2026-08-28T11:00:03+05:30,2026-08-28T11:00:03+05:30,Asia/Kolkata,UPSTOX,NIFTY,2026-09-01,65,4dc2e4ede915b9ef,0.0,False,24156.85,24156.85,24122.6,24188.3,24106.55,24090.85,10.79,24150,24150,23750,-406.85,BELOW_SPOT,,60.0,60.0,NSE_FO|46975,669,119,,0,1084,0,False,499.75,46.05,10.1499,21.38,True,494.35,130,495.9,650,,,495.125,1.55,0.0031,406.85,92.9,NSE_FO|46976,47799,16770,,-18,242824,350,False,6.4,-2.2,-25.5814,10.56,True,6.35,12545,6.4,23660,,,6.375,0.05,0.0078,0.0,6.4,71.4484,-16651
2.1.0,20260828_110003_000,2026-08-28T11:00:03+05:30,2026-08-28T11:00:03+05:30,Asia/Kolkata,UPSTOX,NIFTY,2026-09-01,65,4dc2e4ede915b9ef,0.0,False,24156.85,24156.85,24122.6,24188.3,24106.55,24090.85,10.79,24150,24150,23800,-356.85,BELOW_SPOT,,60.0,60.0,NSE_FO|46977,3110,200,,-1,7379,6,False,446.6,44.2,10.9841,19.88,True,446.6,65,447.05,260,,,446.825,0.45,0.001,356.85,89.75,NSE_FO|46978,131980,34371,,-99,447579,557,False,7.7,-3.4,-30.6306,9.98,True,7.65,31915,7.7,1885,,,7.675,0.05,0.0065,0.0,7.7,42.4373,-34171
2.1.0,20260828_110003_000,2026-08-28T11:00:03+05:30,2026-08-28T11:00:03+05:30,Asia/Kolkata,UPSTOX,NIFTY,2026-09-01,65,4dc2e4ede915b9ef,0.0,False,24156.85,24156.85,24122.6,24188.3,24106.55,24090.85,10.79,24150,24150,23850,-306.85,BELOW_SPOT,,60.0,60.0,NSE_FO|46979,1417,438,,0,3865,0,False,398.5,43.25,12.1745,18.3,True,397.9,260,399.25,650,,,398.575,1.35,0.0034,306.85,91.65,NSE_FO|46980,53176,24392,,-141,267775,680,False,9.85,-4.45,-31.1189,9.49,True,9.75,38155,9.85,42575,,,9.8,0.1,0.0102,0.0,9.85,37.5272,-23954
2.1.0,20260828_110003_000,2026-08-28T11:00:03+05:30,2026-08-28T11:00:03+05:30,Asia/Kolkata,UPSTOX,NIFTY,2026-09-01,65,4dc2e4ede915b9ef,0.0,False,24156.85,24156.85,24122.6,24188.3,24106.55,24090.85,10.79,24150,24150,23900,-256.85,BELOW_SPOT,,60.0,60.0,NSE_FO|46981,5004,1404,,0,23959,16,False,352.35,38.6,12.3028,17.21,True,351.6,65,352.15,520,,,351.875,0.55,0.0016,256.85,95.5,NSE_FO|46982,113389,45406,,-123,535331,893,False,12.85,-6.4,-33.2468,9.03,True,12.8,13910,12.9,34060,,,12.85,0.1,0.0078,0.0,12.85,22.6597,-44002
2.1.0,20260828_110003_000,2026-08-28T11:00:03+05:30,2026-08-28T11:00:03+05:30,Asia/Kolkata,UPSTOX,NIFTY,2026-09-01,65,4dc2e4ede915b9ef,0.0,False,24156.85,24156.85,24122.6,24188.3,24106.55,24090.85,10.79,24150,24150,23950,-206.85,BELOW_SPOT,,60.0,60.0,NSE_FO|46983,3807,1632,,4,23554,13,False,306.25,37.0,13.7419,16.05,True,306.25,130,306.4,325,,,306.325,0.15,0.0005,206.85,99.4,NSE_FO|46984,62357,30539,,32,391874,1149,False,17.25,-8.3,-32.4853,8.65,True,17.2,9360,17.25,260,,,17.225,0.05,0.0029,0.0,17.25,16.3796,-28907
2.1.0,20260828_110003_000,2026-08-28T11:00:03+05:30,2026-08-28T11:00:03+05:30,Asia/Kolkata,UPSTOX,NIFTY,2026-09-01,65,4dc2e4ede915b9ef,0.0,False,24156.85,24156.85,24122.6,24188.3,24106.55,24090.85,10.79,24150,24150,24000,-156.85,BELOW_SPOT,,60.0,60.0,NSE_FO|46985,32150,6093,,103,221900,219,False,262.25,34.5,15.1482,15.15,True,262.5,65,262.55,260,,,262.525,0.05,0.0002,156.85,105.4,NSE_FO|46986,206591,97273,,71,1148672,2683,False,23.4,-11.7,-33.3333,8.22,True,23.3,7215,23.35,325,,,23.325,0.05,0.0021,0.0,23.4,6.4258,-91180
2.1.0,20260828_110003_000,2026-08-28T11:00:03+05:30,2026-08-28T11:00:03+05:30,Asia/Kolkata,UPSTOX,NIFTY,2026-09-01,65,4dc2e4ede915b9ef,0.0,False,24156.85,24156.85,24122.6,24188.3,24106.55,24090.85,10.79,24150,24150,24050,-106.85,BELOW_SPOT,,60.0,60.0,NSE_FO|46987,15884,5461,,61,184908,284,False,220.65,29.35,15.3424,14.14,True,220.3,65,220.5,650,,,220.4,0.2,0.0009,106.85,113.8,NSE_FO|46988,107452,70506,,221,739461,1597,False,31.6,-15.05,-32.2615,7.83,True,31.55,1820,31.6,1365,,,31.575,0.05,0.0016,0.0,31.6,6.7648,-65045
2.1.0,20260828_110003_000,2026-08-28T11:00:03+05:30,2026-08-28T11:00:03+05:30,Asia/Kolkata,UPSTOX,NIFTY,2026-09-01,65,4dc2e4ede915b9ef,0.0,False,24156.85,24156.85,24122.6,24188.3,24106.55,24090.85,10.79,24150,24150,24100,-56.85,BELOW_SPOT,,60.0,60.0,NSE_FO|46989,72700,26215,,294,1034871,1492,False,181.3,26.05,16.7794,13.34,True,181.3,325,181.65,390,,,181.475,0.35,0.0019,56.85,124.45,NSE_FO|46990,278221,194038,,426,2014903,4652,False,42.9,-19.25,-30.9735,7.42,True,42.65,4680,42.8,5850,,,42.725,0.15,0.0035,0.0,42.9,3.827,-167823
2.1.0,20260828_110003_000,2026-08-28T11:00:03+05:30,2026-08-28T11:00:03+05:30,Asia/Kolkata,UPSTOX,NIFTY,2026-09-01,65,4dc2e4ede915b9ef,0.0,False,24156.85,24156.85,24122.6,24188.3,24106.55,24090.85,10.79,24150,24150,24150,-6.85,ATM,,60.0,60.0,NSE_FO|46991,115677,55440,,721,1400833,3642,False,145.45,18.6,14.663,12.47,True,145.45,1690,145.8,650,,,145.625,0.35,0.0024,6.85,138.6,NSE_FO|46992,249904,195654,,-627,1968243,7303,False,57.05,-21.9,-27.7391,6.97,True,57.05,3445,57.2,3315,,,57.125,0.15,0.0026,0.0,57.05,2.1604,-140214
2.1.0,20260828_110003_000,2026-08-28T11:00:03+05:30,2026-08-28T11:00:03+05:30,Asia/Kolkata,UPSTOX,NIFTY,2026-09-01,65,4dc2e4ede915b9ef,0.0,False,24156.85,24156.85,24122.6,24188.3,24106.55,24090.85,10.79,24150,24150,24200,43.15,ABOVE_SPOT,,60.0,60.0,NSE_FO|46993,245764,92076,,2197,1934394,4984,False,114.1,15.35,15.5443,11.91,True,114.1,1040,114.35,1170,,,114.225,0.25,0.0022,0.0,114.1,NSE_FO|46994,296263,195085,,1220,1737385,8475,False,75.85,-26.95,-26.216,6.42,True,75.65,4290,75.85,4095,,,75.75,0.2,0.0026,43.15,32.7,1.2055,-103009
2.1.0,20260828_110003_000,2026-08-28T11:00:03+05:30,2026-08-28T11:00:03+05:30,Asia/Kolkata,UPSTOX,NIFTY,2026-09-01,65,4dc2e4ede915b9ef,0.0,False,24156.85,24156.85,24122.6,24188.3,24106.55,24090.85,10.79,24150,24150,24250,93.15,ABOVE_SPOT,,60.0,60.0,NSE_FO|46995,155269,66257,,1093,1095491,3202,False,87.0,10.1,13.1339,11.45,True,87.05,2470,87.25,130,,,87.15,0.2,0.0023,0.0,87.0,NSE_FO|46996,93386,52856,,42,563410,2279,False,98.1,-30.75,-23.865,5.55,True,98.05,390,98.25,650,,,98.15,0.2,0.002,93.15,4.95,0.6014,13401
2.1.0,20260828_110003_000,2026-08-28T11:00:03+05:30,2026-08-28T11:00:03+05:30,Asia/Kolkata,UPSTOX,NIFTY,2026-09-01,65,4dc2e4ede915b9ef,0.0,False,24156.85,24156.85,24122.6,24188.3,24106.55,24090.85,10.79,24150,24150,24300,143.15,ABOVE_SPOT,,60.0,60.0,NSE_FO|46997,260707,57377,,617,1398196,3315,False,64.4,6.45,11.1303,11.03,True,64.5,1170,64.65,3510,,,64.575,0.15,0.0023,0.0,64.4,NSE_FO|46998,115896,39856,,-655,641616,2164,False,125.6,-36.75,-22.6363,4.14,True,125.6,910,125.9,390,,,125.75,0.3,0.0024,143.15,-17.55,0.4445,17521
2.1.0,20260828_110003_000,2026-08-28T11:00:03+05:30,2026-08-28T11:00:03+05:30,Asia/Kolkata,UPSTOX,NIFTY,2026-09-01,65,4dc2e4ede915b9ef,0.0,False,24156.85,24156.85,24122.6,24188.3,24106.55,24090.85,10.79,24150,24150,24350,193.15,ABOVE_SPOT,,60.0,60.0,NSE_FO|46999,166377,43062,,9,753050,2388,False,46.4,2.85,6.5442,10.71,True,46.4,1170,46.5,975,,,46.45,0.1,0.0022,0.0,46.4,NSE_FO|47000,35202,9662,,47,138781,450,False,157.7,-37.3,-19.1282,0.0,False,157.4,1040,157.8,390,,,157.6,0.4,0.0025,193.15,-35.45,0.2116,33400
2.1.0,20260828_110003_000,2026-08-28T11:00:03+05:30,2026-08-28T11:00:03+05:30,Asia/Kolkata,UPSTOX,NIFTY,2026-09-01,65,4dc2e4ede915b9ef,0.0,False,24156.85,24156.85,24122.6,24188.3,24106.55,24090.85,10.79,24150,24150,24400,243.15,ABOVE_SPOT,,60.0,60.0,NSE_FO|47001,227323,39110,,606,937237,2372,False,32.7,0.9,2.8302,10.5,True,32.7,4095,32.8,6370,,,32.75,0.1,0.0031,0.0,32.7,NSE_FO|47002,41591,6788,,145,153151,939,False,194.15,-40.5,-17.2597,0.0,False,194.0,65,194.15,65,,,194.075,0.15,0.0008,243.15,-49.0,0.183,32322
2.1.0,20260828_110003_000,2026-08-28T11:00:03+05:30,2026-08-28T11:00:03+05:30,Asia/Kolkata,UPSTOX,NIFTY,2026-09-01,65,4dc2e4ede915b9ef,0.0,False,24156.85,24156.85,24122.6,24188.3,24106.55,24090.85,10.79,24150,24150,24450,293.15,ABOVE_SPOT,,60.0,60.0,NSE_FO|47003,95837,14736,,478,509464,992,False,22.7,-0.75,-3.1983,10.38,True,22.7,2860,22.75,5460,,,22.725,0.05,0.0022,0.0,22.7,NSE_FO|47004,10695,1737,,35,23583,73,False,234.25,-40.4,-14.7096,0.0,False,233.8,325,234.4,520,,,234.1,0.6,0.0026,293.15,-58.9,0.1116,12999
2.1.0,20260828_110003_000,2026-08-28T11:00:03+05:30,2026-08-28T11:00:03+05:30,Asia/Kolkata,UPSTOX,NIFTY,2026-09-01,65,4dc2e4ede915b9ef,0.0,False,24156.85,24156.85,24122.6,24188.3,24106.55,24090.85,10.79,24150,24150,24500,343.15,ABOVE_SPOT,,60.0,60.0,NSE_FO|47005,218573,25680,,455,857178,1751,False,15.75,-1.9,-10.7649,10.35,True,15.75,2145,15.8,13910,,,15.775,0.05,0.0032,0.0,15.75,NSE_FO|47006,35471,3868,,-11,66649,201,False,275.8,-41.7,-13.1339,0.0,False,276.5,390,276.8,325,,,276.65,0.3,0.0011,343.15,-67.35,0.1623,21812
2.1.0,20260828_110003_000,2026-08-28T11:00:03+05:30,2026-08-28T11:00:03+05:30,Asia/Kolkata,UPSTOX,NIFTY,2026-09-01,65,4dc2e4ede915b9ef,0.0,False,24156.85,24156.85,24122.6,24188.3,24106.55,24090.85,10.79,24150,24150,24550,393.15,ABOVE_SPOT,,60.0,60.0,NSE_FO|47007,80199,15899,,100,401343,595,False,10.8,-1.9,-14.9606,10.38,True,10.8,3380,10.85,9490,,,10.825,0.05,0.0046,0.0,10.8,NSE_FO|47008,3079,102,,0,5771,12,False,319.8,-44.0,-12.0946,0.0,False,321.1,260,322.0,325,,,321.55,0.9,0.0028,393.15,-73.35,0.0384,15797
2.1.0,20260828_110003_000,2026-08-28T11:00:03+05:30,2026-08-28T11:00:03+05:30,Asia/Kolkata,UPSTOX,NIFTY,2026-09-01,65,4dc2e4ede915b9ef,0.0,False,24156.85,24156.85,24122.6,24188.3,24106.55,24090.85,10.79,24150,24150,24600,443.15,ABOVE_SPOT,,60.0,60.0,NSE_FO|47009,145979,22691,,-360,479740,1118,False,7.65,-1.8,-19.0476,10.5,True,7.6,2405,7.65,48750,,,7.625,0.05,0.0066,0.0,7.65,NSE_FO|47010,8013,-642,,-8,9396,33,False,367.5,-43.4,-10.5622,0.0,False,367.8,390,368.7,195,,,368.25,0.9,0.0024,443.15,-75.65,0.0549,23333
2.1.0,20260828_110003_000,2026-08-28T11:00:03+05:30,2026-08-28T11:00:03+05:30,Asia/Kolkata,UPSTOX,NIFTY,2026-09-01,65,4dc2e4ede915b9ef,0.0,False,24156.85,24156.85,24122.6,24188.3,24106.55,24090.85,10.79,24150,24150,24650,493.15,ABOVE_SPOT,,60.0,60.0,NSE_FO|47011,61153,17338,,54,270152,541,False,5.55,-1.9,-25.5034,10.74,True,5.5,24700,5.55,17030,,,5.525,0.05,0.009,0.0,5.55,NSE_FO|47012,1819,-214,,1,1315,2,False,414.05,-49.1,-10.6013,0.0,False,415.25,260,416.7,260,,,415.975,1.45,0.0035,493.15,-79.1,0.0297,17552
2.1.0,20260828_110003_000,2026-08-28T11:00:03+05:30,2026-08-28T11:00:03+05:30,Asia/Kolkata,UPSTOX,NIFTY,2026-09-01,65,4dc2e4ede915b9ef,0.0,False,24156.85,24156.85,24122.6,24188.3,24106.55,24090.85,10.79,24150,24150,24700,543.15,ABOVE_SPOT,,60.0,60.0,NSE_FO|47013,116311,15694,,-242,357843,96,False,4.2,-1.6,-27.5862,11.05,True,4.2,103285,4.25,61360,,,4.225,0.05,0.0118,0.0,4.2,NSE_FO|47014,6220,2090,,0,6875,1,False,465.6,-47.8,-9.3105,0.0,False,464.65,65,466.0,65,,,465.325,1.35,0.0029,543.15,-77.55,0.0535,13604
2.1.0,20260828_110003_000,2026-08-28T11:00:03+05:30,2026-08-28T11:00:03+05:30,Asia/Kolkata,UPSTOX,NIFTY,2026-09-01,65,4dc2e4ede915b9ef,0.0,False,24156.85,24156.85,24122.6,24188.3,24106.55,24090.85,10.79,24150,24150,24750,593.15,ABOVE_SPOT,,60.0,60.0,NSE_FO|47015,57450,12095,,11,175457,46,False,3.45,-1.4,-28.866,11.47,True,3.4,43550,3.45,59410,,,3.425,0.05,0.0146,0.0,3.45,NSE_FO|47016,1196,-41,,0,214,0,False,512.95,-43.25,-7.776,0.0,False,513.0,65,515.55,130,,,514.275,2.55,0.005,593.15,-80.2,0.0208,12136
2.1.0,20260828_110103_001,2026-08-28T11:01:03+05:30,2026-08-28T11:01:03+05:30,Asia/Kolkata,UPSTOX,NIFTY,2026-09-01,65,ec11f4a10cc37f1d,0.0,False,24154.95,24155.35,24122.6,24188.3,24106.55,24090.85,10.8,24150,24150,23550,-604.95,BELOW_SPOT,,60.0,60.0,NSE_FO|46967,250,-15,,0,37,0,False,690.65,41.35,6.3684,25.8,True,688.5,65,691.55,130,,,690.025,3.05,0.0044,604.95,85.7,NSE_FO|46968,39289,29555,,-47,118175,402,False,3.65,-0.1,-2.6667,13.0,True,3.65,38740,3.7,52260,,,3.675,0.05,0.0136,0.0,3.65,157.156,-29570
2.1.0,20260828_110103_001,2026-08-28T11:01:03+05:30,2026-08-28T11:01:03+05:30,Asia/Kolkata,UPSTOX,NIFTY,2026-09-01,65,ec11f4a10cc37f1d,0.0,False,24154.95,24155.35,24122.6,24188.3,24106.55,24090.85,10.8,24150,24150,23600,-554.95,BELOW_SPOT,,60.0,60.0,NSE_FO|46969,593,-103,,0,514,0,False,648.4,56.3,9.5085,25.48,True,639.2,195,642.1,65,,,640.65,2.9,0.0045,554.95,93.45,NSE_FO|46970,76639,25279,,-2,207878,370,False,4.05,-0.4,-8.9888,12.33,True,4.05,31135,4.1,64415,,,4.075,0.05,0.0123,0.0,4.05,129.2395,-25382
2.1.0,20260828_110103_001,2026-08-28T11:01:03+05:30,2026-08-28T11:01:03+05:30,Asia/Kolkata,UPSTOX,NIFTY,2026-09-01,65,ec11f4a10cc37f1d,0.0,False,24154.95,24155.35,24122.6,24188.3,24106.55,24090.85,10.8,24150,24150,23650,-504.95,BELOW_SPOT,,60.0,60.0,NSE_FO|46971,318,12,,0,187,0,False,590.4,48.05,8.8596,23.04,True,590.95,130,593.2,65,,,592.075,2.25,0.0038,504.95,85.45,NSE_FO|46972,38385,16300,,0,167715,445,False,4.55,-0.85,-15.7407,11.72,True,4.55,31655,4.6,47840,,,4.575,0.05,0.0109,0.0,4.55,120.7075,-16288
2.1.0,20260828_110103_001,2026-08-28T11:01:03+05:30,2026-08-28T11:01:03+05:30,Asia/Kolkata,UPSTOX,NIFTY,2026-09-01,65,ec11f4a10cc37f1d,0.0,False,24154.95,24155.35,24122.6,24188.3,24106.55,24090.85,10.8,24150,24150,23700,-454.95,BELOW_SPOT,,60.0,60.0,NSE_FO|46973,2779,-5,,-1,1449,2,False,540.1,37.8,7.5254,21.62,True,540.65,195,542.65,130,,,541.65,2.0,0.0037,454.95,85.15,NSE_FO|46974,99534,20930,,67,288312,1820,False,5.35,-1.4,-20.7407,11.11,True,5.3,64545,5.35,15925,,,5.325,0.05,0.0094,0.0,5.35,35.8165,-20935
2.1.0,20260828_110103_001,2026-08-28T11:01:03+05:30,2026-08-28T11:01:03+05:30,Asia/Kolkata,UPSTOX,NIFTY,2026-09-01,65,ec11f4a10cc37f1d,0.0,False,24154.95,24155.35,24122.6,24188.3,24106.55,24090.85,10.8,24150,24150,23750,-404.95,BELOW_SPOT,,60.0,60.0,NSE_FO|46975,670,120,,1,1085,1,False,491.75,38.05,8.3866,20.43,True,492.2,325,494.5,390,,,493.35,2.3,0.0047,404.95,86.8,NSE_FO|46976,47836,16807,,37,243862,1038,False,6.4,-2.2,-25.5814,10.56,True,6.4,23010,6.45,27495,,,6.425,0.05,0.0078,0.0,6.4,71.397,-16687
2.1.0,20260828_110103_001,2026-08-28T11:01:03+05:30,2026-08-28T11:01:03+05:30,Asia/Kolkata,UPSTOX,NIFTY,2026-09-01,65,ec11f4a10cc37f1d,0.0,False,24154.95,24155.35,24122.6,24188.3,24106.55,24090.85,10.8,24150,24150,23800,-354.95,BELOW_SPOT,,60.0,60.0,NSE_FO|46977,3111,201,,1,7382,3,False,445.2,42.8,10.6362,19.44,True,443.95,195,445.35,195,,,444.65,1.4,0.0031,354.95,90.25,NSE_FO|46978,132067,34458,,87,450582,3003,False,7.8,-3.3,-29.7297,10.01,True,7.8,26650,7.85,21645,,,7.825,0.05,0.0064,0.0,7.8,42.4516,-34257
2.1.0,20260828_110103_001,2026-08-28T11:01:03+05:30,2026-08-28T11:01:03+05:30,Asia/Kolkata,UPSTOX,NIFTY,2026-09-01,65,ec11f4a10cc37f1d,0.0,False,24154.95,24155.35,24122.6,24188.3,24106.55,24090.85,10.8,24150,24150,23850,-304.95,BELOW_SPOT,,60.0,60.0,NSE_FO|46979,1417,438,,0,3900,35,False,396.7,41.45,11.6678,18.14,True,397.25,325,398.45,195,,,397.85,1.2,0.003,304.95,91.75,NSE_FO|46980,53096,24312,,-80,269517,1742,False,9.95,-4.35,-30.4196,9.55,True,9.95,325,10.0,38935,,,9.975,0.05,0.005,0.0,9.95,37.4707,-23874
2.1.0,20260828_110103_001,2026-08-28T11:01:03+05:30,2026-08-28T11:01:03+05:30,Asia/Kolkata,UPSTOX,NIFTY,2026-09-01,65,ec11f4a10cc37f1d,0.0,False,24154.95,24155.35,24122.6,24188.3,24106.55,24090.85,10.8,24150,24150,23900,-254.95,BELOW_SPOT,,60.0,60.0,NSE_FO|46981,4999,1399,,-5,24016,57,False,350.05,36.3,11.5697,17.01,True,350.75,715,351.75,650,,,351.25,1.0,0.0028,254.95,95.1,NSE_FO|46982,114222,46239,,833,539679,4348,False,13.05,-6.2,-32.2078,9.09,True,13.0,20605,13.05,7800,,,13.025,0.05,0.0038,0.0,13.05,22.849,-44840
2.1.0,20260828_110103_001,2026-08-28T11:01:03+05:30,2026-08-28T11:01:03+05:30,Asia/Kolkata,UPSTOX,NIFTY,2026-09-01,65,ec11f4a10cc37f1d,0.0,False,24154.95,24155.35,24122.6,24188.3,24106.55,24090.85,10.8,24150,24150,23950,-204.95,BELOW_SPOT,,60.0,60.0,NSE_FO|46983,3814,1639,,7,23632,78,False,304.65,35.4,13.1476,15.93,True,305.25,130,305.95,195,,,305.6,0.7,0.0023,204.95,99.7,NSE_FO|46984,62383,30565,,26,394102,2228,False,17.45,-8.1,-31.7025,8.7,True,17.4,8385,17.45,3250,,,17.425,0.05,0.0029,0.0,17.45,16.3563,-28926
2.1.0,20260828_110103_001,2026-08-28T11:01:03+05:30,2026-08-28T11:01:03+05:30,Asia/Kolkata,UPSTOX,NIFTY,2026-09-01,65,ec11f4a10cc37f1d,0.0,False,24154.95,24155.35,24122.6,24188.3,24106.55,24090.85,10.8,24150,24150,24000,-154.95,BELOW_SPOT,,60.0,60.0,NSE_FO|46985,32252,6195,,102,222586,686,False,261.95,34.2,15.0165,14.94,True,260.6,975,261.3,910,,,260.95,0.7,0.0027,154.95,107.0,NSE_FO|46986,206205,96887,,-386,1155336,6664,False,23.7,-11.4,-32.4786,8.32,True,23.75,10725,23.85,1365,,,23.8,0.1,0.0042,0.0,23.7,6.3936,-90692
2.1.0,20260828_110103_001,2026-08-28T11:01:03+05:30,2026-08-28T11:01:03+05:30,Asia/Kolkata,UPSTOX,NIFTY,2026-09-01,65,ec11f4a10cc37f1d,0.0,False,24154.95,24155.35,24122.6,24188.3,24106.55,24090.85,10.8,24150,24150,24050,-104.95,BELOW_SPOT,,60.0,60.0,NSE_FO|46987,15990,5567,,106,185336,428,False,219.85,28.55,14.9242,13.94,True,218.9,260,219.45,325,,,219.175,0.55,0.0025,104.95,114.9,NSE_FO|46988,107369,70423,,-83,745126,5665,False,31.85,-14.8,-31.7256,7.91,True,32.05,3900,32.15,715,,,32.1,0.1,0.0031,0.0,31.85,6.7148,-64856
2.1.0,20260828_110103_001,2026-08-28T11:01:03+05:30,2026-08-28T11:01:03+05:30,Asia/Kolkata,UPSTOX,NIFTY,2026-09-01,65,ec11f4a10cc37f1d,0.0,False,24154.95,24155.35,24122.6,24188.3,24106.55,24090.85,10.8,24150,24150,24100,-54.95,BELOW_SPOT,,60.0,60.0,NSE_FO|46989,73324,26839,,624,1038069,3198,False,181.15,25.9,16.6828,13.2,True,180.15,1625,180.6,520,,,180.375,0.45,0.0025,54.95,126.2,NSE_FO|46990,279272,195089,,1051,2025172,10269,False,43.25,-18.9,-30.4103,7.51,True,43.45,7670,43.6,5720,,,43.525,0.15,0.0034,0.0,43.25,3.8087,-168250
2.1.0,20260828_110103_001,2026-08-28T11:01:03+05:30,2026-08-28T11:01:03+05:30,Asia/Kolkata,UPSTOX,NIFTY,2026-09-01,65,ec11f4a10cc37f1d,0.0,False,24154.95,24155.35,24122.6,24188.3,24106.55,24090.85,10.8,24150,24150,24150,-4.95,ATM,,60.0,60.0,NSE_FO|46991,116364,56127,,687,1405949,5116,False,145.0,18.15,14.3082,12.47,True,144.75,65,145.0,3380,,,144.875,0.25,0.0017,4.95,140.05,NSE_FO|46992,250772,196522,,868,1981804,13561,False,58.0,-20.95,-26.5358,7.02,True,57.8,8320,58.0,6110,,,57.9,0.2,0.0035,0.0,58.0,2.1551,-140395
2.1.0,20260828_110103_001,2026-08-28T11:01:03+05:30,2026-08-28T11:01:03+05:30,Asia/Kolkata,UPSTOX,NIFTY,2026-09-01,65,ec11f4a10cc37f1d,0.0,False,24154.95,24155.35,24122.6,24188.3,24106.55,24090.85,10.8,24150,24150,24200,45.05,ABOVE_SPOT,,60.0,60.0,NSE_FO|46993,246966,93278,,1202,1941421,7027,False,114.0,15.25,15.443,11.89,True,114.1,325,114.35,1495,,,114.225,0.25,0.0022,0.0,114.0,NSE_FO|46994,297055,195877,,792,1750273,12888,False,76.5,-26.3,-25.5837,6.48,True,76.35,3185,76.6,4550,,,76.475,0.25,0.0033,45.05,31.45,1.2028,-102599
2.1.0,20260828_110103_001,2026-08-28T11:01:03+05:30,2026-08-28T11:01:03+05:30,Asia/Kolkata,UPSTOX,NIFTY,2026-09-01,65,ec11f4a10cc37f1d,0.0,False,24154.95,24155.35,24122.6,24188.3,24106.55,24090.85,10.8,24150,24150,24250,95.05,ABOVE_SPOT,,60.0,60.0,NSE_FO|46995,155515,66503,,246,1100284,4793,False,86.95,10.05,13.0689,11.35,True,86.95,65,87.0,780,,,86.975,0.05,0.0006,0.0,86.95,NSE_FO|46996,93656,53126,,270,568253,4843,False,98.9,-29.95,-23.2441,5.65,True,98.65,130,98.8,1495,,,98.725,0.15,0.0015,95.05,3.85,0.6022,13377
2.1.0,20260828_110103_001,2026-08-28T11:01:03+05:30,2026-08-28T11:01:03+05:30,Asia/Kolkata,UPSTOX,NIFTY,2026-09-01,65,ec11f4a10cc37f1d,0.0,False,24154.95,24155.35,24122.6,24188.3,24106.55,24090.85,10.8,24150,24150,24300,145.05,ABOVE_SPOT,,60.0,60.0,NSE_FO|46997,261584,58254,,877,1405257,7061,False,64.55,6.6,11.3891,10.98,True,64.4,65,64.5,390,,,64.45,0.1,0.0016,0.0,64.55,NSE_FO|46998,115943,39903,,47,645997,4381,False,126.45,-35.9,-22.1127,4.29,True,126.15,650,126.45,520,,,126.3,0.3,0.0024,145.05,-18.6,0.4432,18351
2.1.0,20260828_110103_001,2026-08-28T11:01:03+05:30,2026-08-28T11:01:03+05:30,Asia/Kolkata,UPSTOX,NIFTY,2026-09-01,65,ec11f4a10cc37f1d,0.0,False,24154.95,24155.35,24122.6,24188.3,24106.55,24090.85,10.8,24150,24150,24350,195.05,ABOVE_SPOT,,60.0,60.0,NSE_FO|46999,166608,43293,,231,756282,3232,False,46.2,2.65,6.085,10.64,True,45.9,5135,46.0,910,,,45.95,0.1,0.0022,0.0,46.2,NSE_FO|47000,35185,9645,,-17,139621,840,False,158.35,-36.65,-18.7949,0.0,False,158.8,585,159.2,1105,,,159.0,0.4,0.0025,195.05,-36.7,0.2112,33648
2.1.0,20260828_110103_001,2026-08-28T11:01:03+05:30,2026-08-28T11:01:03+05:30,Asia/Kolkata,UPSTOX,NIFTY,2026-09-01,65,ec11f4a10cc37f1d,0.0,False,24154.95,24155.35,24122.6,24188.3,24106.55,24090.85,10.8,24150,24150,24400,245.05,ABOVE_SPOT,,60.0,60.0,NSE_FO|47001,227617,39404,,294,940630,3393,False,32.65,0.85,2.673,10.46,True,32.35,6695,32.45,2730,,,32.4,0.1,0.0031,0.0,32.65,NSE_FO|47002,41612,6809,,21,154168,1017,False,194.65,-40.0,-17.0467,0.0,False,195.2,260,195.65,325,,,195.425,0.45,0.0023,245.05,-50.4,0.1828,32595
2.1.0,20260828_110103_001,2026-08-28T11:01:03+05:30,2026-08-28T11:01:03+05:30,Asia/Kolkata,UPSTOX,NIFTY,2026-09-01,65,ec11f4a10cc37f1d,0.0,False,24154.95,24155.35,24122.6,24188.3,24106.55,24090.85,10.8,24150,24150,24450,295.05,ABOVE_SPOT,,60.0,60.0,NSE_FO|47003,95802,14701,,-35,512131,2667,False,22.65,-0.8,-3.4115,10.33,True,22.4,4095,22.45,65,,,22.425,0.05,0.0022,0.0,22.65,NSE_FO|47004,10669,1711,,-26,23744,161,False,235.85,-38.8,-14.1271,0.0,False,235.25,130,235.9,715,,,235.575,0.65,0.0028,295.05,-59.2,0.1114,12990
2.1.0,20260828_110103_001,2026-08-28T11:01:03+05:30,2026-08-28T11:01:03+05:30,Asia/Kolkata,UPSTOX,NIFTY,2026-09-01,65,ec11f4a10cc37f1d,0.0,False,24154.95,24155.35,24122.6,24188.3,24106.55,24090.85,10.8,24150,24150,24500,345.05,ABOVE_SPOT,,60.0,60.0,NSE_FO|47005,218208,25315,,-365,860259,3081,False,15.6,-2.05,-11.6147,10.31,True,15.55,2990,15.6,11245,,,15.575,0.05,0.0032,0.0,15.6,NSE_FO|47006,35451,3848,,-20,66890,241,False,277.65,-39.85,-12.5512,0.0,False,277.9,195,278.55,260,,,278.225,0.65,0.0023,345.05,-67.4,0.1625,21467
2.1.0,20260828_110103_001,2026-08-28T11:01:03+05:30,2026-08-28T11:01:03+05:30,Asia/Kolkata,UPSTOX,NIFTY,2026-09-01,65,ec11f4a10cc37f1d,0.0,False,24154.95,24155.35,24122.6,24188.3,24106.55,24090.85,10.8,24150,24150,24550,395.05,ABOVE_SPOT,,60.0,60.0,NSE_FO|47007,80185,15885,,-14,402453,1110,False,10.7,-2.0,-15.748,10.35,True,10.7,7930,10.75,4420,,,10.725,0.05,0.0047,0.0,10.7,NSE_FO|47008,3074,97,,-5,5836,65,False,324.1,-39.7,-10.9126,0.0,False,321.9,195,322.9,390,,,322.4,1.0,0.0031,395.05,-70.95,0.0383,15788
2.1.0,20260828_110103_001,2026-08-28T11:01:03+05:30,2026-08-28T11:01:03+05:30,Asia/Kolkata,UPSTOX,NIFTY,2026-09-01,65,ec11f4a10cc37f1d,0.0,False,24154.95,24155.35,24122.6,24188.3,24106.55,24090.85,10.8,24150,24150,24600,445.05,ABOVE_SPOT,,60.0,60.0,NSE_FO|47009,146008,22720,,29,481030,1290,False,7.45,-2.0,-21.164,10.47,True,7.45,21775,7.5,35425,,,7.475,0.05,0.0067,0.0,7.45,NSE_FO|47010,8003,-652,,-10,9430,34,False,369.65,-41.25,-10.0389,0.0,False,368.35,390,369.45,520,,,368.9,1.1,0.003,445.05,-75.4,0.0548,23372
2.1.0,20260828_110103_001,2026-08-28T11:01:03+05:30,2026-08-28T11:01:03+05:30,Asia/Kolkata,UPSTOX,NIFTY,2026-09-01,65,ec11f4a10cc37f1d,0.0,False,24154.95,24155.35,24122.6,24188.3,24106.55,24090.85,10.8,24150,24150,24650,495.05,ABOVE_SPOT,,60.0,60.0,NSE_FO|47011,61299,17484,,146,271085,933,False,5.5,-1.95,-26.1745,10.74,True,5.45,15340,5.5,28470,,,5.475,0.05,0.0091,0.0,5.5,NSE_FO|47012,1821,-212,,2,1318,3,False,417.55,-45.6,-9.8456,0.0,False,417.2,130,418.8,130,,,418.0,1.6,0.0038,495.05,-77.5,0.0297,17696
2.1.0,20260828_110103_001,2026-08-28T11:01:03+05:30,2026-08-28T11:01:03+05:30,Asia/Kolkata,UPSTOX,NIFTY,2026-09-01,65,ec11f4a10cc37f1d,0.0,False,24154.95,24155.35,24122.6,24188.3,24106.55,24090.85,10.8,24150,24150,24700,545.05,ABOVE_SPOT,,60.0,60.0,NSE_FO|47013,116574,15957,,263,358552,709,False,4.15,-1.65,-28.4483,11.05,True,4.15,123825,4.2,32370,,,4.175,0.05,0.012,0.0,4.15,NSE_FO|47014,6220,2090,,0,6880,5,False,467.35,-46.05,-8.9696,0.0,False,466.25,130,467.75,390,,,467.0,1.5,0.0032,545.05,-77.7,0.0534,13867
2.1.0,20260828_110103_001,2026-08-28T11:01:03+05:30,2026-08-28T11:01:03+05:30,Asia/Kolkata,UPSTOX,NIFTY,2026-09-01,65,ec11f4a10cc37f1d,0.0,False,24154.95,24155.35,24122.6,24188.3,24106.55,24090.85,10.8,24150,24150,24750,595.05,ABOVE_SPOT,,60.0,60.0,NSE_FO|47015,57428,12073,,-22,175865,408,False,3.4,-1.45,-29.8969,11.47,True,3.35,48815,3.4,39390,,,3.375,0.05,0.0148,0.0,3.4,NSE_FO|47016,1196,-41,,0,214,0,False,512.95,-43.25,-7.776,0.0,False,515.05,65,517.35,130,,,516.2,2.3,0.0045,595.05,-82.1,0.0208,12114
2.1.0,20260828_110203_000,2026-08-28T11:02:03+05:30,2026-08-28T11:02:03+05:30,Asia/Kolkata,UPSTOX,NIFTY,2026-09-01,65,4f20d232632b33ef,0.0,False,24159.7,24160.0,24122.6,24188.3,24106.55,24090.85,10.79,24150,24150,23550,-609.7,BELOW_SPOT,,60.0,60.0,NSE_FO|46967,250,-15,,0,37,0,False,690.65,41.35,6.3684,25.21,True,694.15,65,698.25,65,,,696.2,4.1,0.0059,609.7,80.95,NSE_FO|46968,39302,29568,,13,118414,239,False,3.65,-0.1,-2.6667,13.06,True,3.6,42250,3.65,38415,,,3.625,0.05,0.0138,0.0,3.65,157.208,-29583
2.1.0,20260828_110203_000,2026-08-28T11:02:03+05:30,2026-08-28T11:02:03+05:30,Asia/Kolkata,UPSTOX,NIFTY,2026-09-01,65,4f20d232632b33ef,0.0,False,24159.7,24160.0,24122.6,24188.3,24106.55,24090.85,10.79,24150,24150,23600,-559.7,BELOW_SPOT,,60.0,60.0,NSE_FO|46969,593,-103,,0,514,0,False,648.4,56.3,9.5085,25.05,True,645.35,65,648.15,65,,,646.75,2.8,0.0043,559.7,88.7,NSE_FO|46970,77046,25686,,407,208590,712,False,4.05,-0.4,-8.9888,12.39,True,4.0,25480,4.05,67860,,,4.025,0.05,0.0124,0.0,4.05,129.9258,-25789
2.1.0,20260828_110203_000,2026-08-28T11:02:03+05:30,2026-08-28T11:02:03+05:30,Asia/Kolkata,UPSTOX,NIFTY,2026-09-01,65,4f20d232632b33ef,0.0,False,24159.7,24160.0,24122.6,24188.3,24106.55,24090.85,10.79,24150,24150,23650,-509.7,BELOW_SPOT,,60.0,60.0,NSE_FO|46971,318,12,,0,187,0,False,590.4,48.05,8.8596,22.51,True,595.8,65,598.6,65,,,597.2,2.8,0.0047,509.7,80.7,NSE_FO|46972,38315,16230,,-70,168649,934,False,4.5,-0.9,-16.6667,11.72,True,4.45,50700,4.5,5850,,,4.475,0.05,0.0112,0.0,4.5,120.4874,-16218
2.1.0,20260828_110203_000,2026-08-28T11:02:03+05:30,2026-08-28T11:02:03+05:30,Asia/Kolkata,UPSTOX,NIFTY,2026-09-01,65,4f20d232632b33ef,0.0,False,24159.7,24160.0,24122.6,24188.3,24106.55,24090.85,10.79,24150,24150,23700,-459.7,BELOW_SPOT,,60.0,60.0,NSE_FO|46973,2779,-5,,0,1449,0,False,540.1,37.8,7.5254,21.1,True,547.0,65,548.0,195,,,547.5,1.0,0.0018,459.7,80.4,NSE_FO|46974,99619,21015,,85,289134,822,False,5.25,-1.5,-22.2222,11.17,True,5.2,37700,5.25,56485,,,5.225,0.05,0.0096,0.0,5.25,35.8471,-21020
2.1.0,20260828_110203_000,2026-08-28T11:02:03+05:30,2026-08-28T11:02:03+05:30,Asia/Kolkata,UPSTOX,NIFTY,2026-09-01,65,4f20d232632b33ef,0.0,False,24159.7,24160.0,24122.6,24188.3,24106.55,24090.85,10.79,24150,24150,23750,-409.7,BELOW_SPOT,,60.0,60.0,NSE_FO|46975,670,120,,0,1086,1,False,493.4,39.7,8.7503,20.17,True,498.0,325,499.8,325,,,498.9,1.8,0.0036,409.7,83.7,NSE_FO|46976,47847,16818,,11,244308,446,False,6.25,-2.35,-27.3256,10.59,True,6.25,2860,6.3,28730,,,6.275,0.05,0.008,0.0,6.25,71.4134,-16698
2.1.0,20260828_110203_000,2026-08-28T11:02:03+05:30,2026-08-28T11:02:03+05:30,Asia/Kolkata,UPSTOX,NIFTY,2026-09-01,65,4f20d232632b33ef,0.0,False,24159.7,24160.0,24122.6,24188.3,24106.55,24090.85,10.79,24150,24150,23800,-359.7,BELOW_SPOT,,60.0,60.0,NSE_FO|46977,3110,200,,-1,7390,8,False,449.0,46.6,11.5805,19.49,True,449.55,650,451.15,260,,,450.35,1.6,0.0036,359.7,89.3,NSE_FO|46978,132584,34975,,517,452764,2182,False,7.6,-3.5,-31.5315,10.04,True,7.55,23725,7.6,9945,,,7.575,0.05,0.0066,0.0,7.6,42.6315,-34775
2.1.0,20260828_110203_000,2026-08-28T11:02:03+05:30,2026-08-28T11:02:03+05:30,Asia/Kolkata,UPSTOX,NIFTY,2026-09-01,65,4f20d232632b33ef,0.0,False,24159.7,24160.0,24122.6,24188.3,24106.55,24090.85,10.79,24150,24150,23850,-309.7,BELOW_SPOT,,60.0,60.0,NSE_FO|46979,1437,458,,20,3905,5,False,402.65,47.4,13.3427,17.73,True,401.95,195,403.25,325,,,402.6,1.3,0.0032,309.7,92.95,NSE_FO|46980,53666,24882,,570,271267,1750,False,9.65,-4.65,-32.5175,9.55,True,9.6,12220,9.65,17160,,,9.625,0.05,0.0052,0.0,9.65,37.3459,-24424
2.1.0,20260828_110203_000,2026-08-28T11:02:03+05:30,2026-08-28T11:02:03+05:30,Asia/Kolkata,UPSTOX,NIFTY,2026-09-01,65,4f20d232632b33ef,0.0,False,24159.7,24160.0,24122.6,24188.3,24106.55,24090.85,10.79,24150,24150,23900,-259.7,BELOW_SPOT,,60.0,60.0,NSE_FO|46981,4997,1397,,-2,24062,46,False,356.1,42.35,13.498,17.26,True,355.15,130,356.05,390,,,355.6,0.9,0.0025,259.7,96.4,NSE_FO|46982,114507,46524,,285,541979,2300,False,12.65,-6.6,-34.2857,9.09,True,12.6,9165,12.65,10920,,,12.625,0.05,0.004,0.0,12.65,22.9151,-45127
2.1.0,20260828_110203_000,2026-08-28T11:02:03+05:30,2026-08-28T11:02:03+05:30,Asia/Kolkata,UPSTOX,NIFTY,2026-09-01,65,4f20d232632b33ef,0.0,False,24159.7,24160.0,24122.6,24188.3,24106.55,24090.85,10.79,24150,24150,23950,-209.7,BELOW_SPOT,,60.0,60.0,NSE_FO|46983,3790,1615,,-24,23741,109,False,310.95,41.7,15.4875,16.04,True,309.4,910,310.25,130,,,309.825,0.85,0.0027,209.7,101.25,NSE_FO|46984,62298,30480,,-85,395521,1419,False,16.85,-8.7,-34.0509,8.71,True,16.85,9620,16.9,1105,,,16.875,0.05,0.003,0.0,16.85,16.4375,-28865
2.1.0,20260828_110203_000,2026-08-28T11:02:03+05:30,2026-08-28T11:02:03+05:30,Asia/Kolkata,UPSTOX,NIFTY,2026-09-01,65,4f20d232632b33ef,0.0,False,24159.7,24160.0,24122.6,24188.3,24106.55,24090.85,10.79,24150,24150,24000,-159.7,BELOW_SPOT,,60.0,60.0,NSE_FO|46985,32317,6260,,65,223265,679,False,266.0,38.25,16.7947,15.08,True,265.85,910,266.25,65,,,266.05,0.4,0.0015,159.7,106.3,NSE_FO|46986,206634,97316,,429,1159961,4625,False,22.75,-12.35,-35.1852,8.33,True,22.75,5395,22.85,7670,,,22.8,0.1,0.0044,0.0,22.75,6.394,-91056
2.1.0,20260828_110203_000,2026-08-28T11:02:03+05:30,2026-08-28T11:02:03+05:30,Asia/Kolkata,UPSTOX,NIFTY,2026-09-01,65,4f20d232632b33ef,0.0,False,24159.7,24160.0,24122.6,24188.3,24106.55,24090.85,10.79,24150,24150,24050,-109.7,BELOW_SPOT,,60.0,60.0,NSE_FO|46987,16009,5586,,19,185690,354,False,223.7,32.4,16.9367,14.15,True,223.55,195,224.0,1690,,,223.775,0.45,0.002,109.7,114.0,NSE_FO|46988,107877,70931,,508,749241,4115,False,30.8,-15.85,-33.9764,7.89,True,30.7,8320,30.8,260,,,30.75,0.1,0.0033,0.0,30.8,6.7385,-65345
2.1.0,20260828_110203_000,2026-08-28T11:02:03+05:30,2026-08-28T11:02:03+05:30,Asia/Kolkata,UPSTOX,NIFTY,2026-09-01,65,4f20d232632b33ef,0.0,False,24159.7,24160.0,24122.6,24188.3,24106.55,24090.85,10.79,24150,24150,24100,-59.7,BELOW_SPOT,,60.0,60.0,NSE_FO|46989,73222,26737,,-102,1040750,2681,False,185.0,29.75,19.1626,13.31,True,184.3,325,184.5,195,,,184.4,0.2,0.0011,59.7,125.3,NSE_FO|46990,279726,195543,,454,2035113,9941,False,41.55,-20.6,-33.1456,7.48,True,41.6,6890,41.75,4810,,,41.675,0.15,0.0036,0.0,41.55,3.8202,-168806
2.1.0,20260828_110203_000,2026-08-28T11:02:03+05:30,2026-08-28T11:02:03+05:30,Asia/Kolkata,UPSTOX,NIFTY,2026-09-01,65,4f20d232632b33ef,0.0,False,24159.7,24160.0,24122.6,24188.3,24106.55,24090.85,10.79,24150,24150,24150,-9.7,ATM,,60.0,60.0,NSE_FO|46991,116823,56586,,459,1410100,4151,False,149.0,22.15,17.4616,12.54,True,148.8,1560,149.0,3770,,,148.9,0.2,0.0013,9.7,139.3,NSE_FO|46992,251463,197213,,691,1993230,11426,False,55.4,-23.55,-29.829,7.01,True,55.4,3250,55.55,3835,,,55.475,0.15,0.0027,0.0,55.4,2.1525,-140627
2.1.0,20260828_110203_000,2026-08-28T11:02:03+05:30,2026-08-28T11:02:03+05:30,Asia/Kolkata,UPSTOX,NIFTY,2026-09-01,65,4f20d232632b33ef,0.0,False,24159.7,24160.0,24122.6,24188.3,24106.55,24090.85,10.79,24150,24150,24200,40.3,ABOVE_SPOT,,60.0,60.0,NSE_FO|46993,247971,94283,,1005,1949338,7917,False,117.05,18.3,18.5316,11.93,True,116.7,650,116.9,715,,,116.8,0.2,0.0017,0.0,117.05,NSE_FO|46994,296641,195463,,-414,1760174,9901,False,73.7,-29.1,-28.3074,6.45,True,73.75,455,73.9,1950,,,73.825,0.15,0.002,40.3,33.4,1.1963,-101180
2.1.0,20260828_110203_000,2026-08-28T11:02:03+05:30,2026-08-28T11:02:03+05:30,Asia/Kolkata,UPSTOX,NIFTY,2026-09-01,65,4f20d232632b33ef,0.0,False,24159.7,24160.0,24122.6,24188.3,24106.55,24090.85,10.79,24150,24150,24250,90.3,ABOVE_SPOT,,60.0,60.0,NSE_FO|46995,155775,66763,,260,1104504,4220,False,89.05,12.15,15.7997,11.41,True,89.1,585,89.3,2535,,,89.2,0.2,0.0022,0.0,89.05,NSE_FO|46996,94053,53523,,397,572866,4613,False,95.95,-32.9,-25.5336,5.71,True,95.95,325,96.15,130,,,96.05,0.2,0.0021,90.3,5.65,0.6038,13240
2.1.0,20260828_110203_000,2026-08-28T11:02:03+05:30,2026-08-28T11:02:03+05:30,Asia/Kolkata,UPSTOX,NIFTY,2026-09-01,65,4f20d232632b33ef,0.0,False,24159.7,24160.0,24122.6,24188.3,24106.55,24090.85,10.79,24150,24150,24300,140.3,ABOVE_SPOT,,60.0,60.0,NSE_FO|46997,261689,58359,,105,1410035,4778,False,66.3,8.35,14.409,11.02,True,66.1,2925,66.15,65,,,66.125,0.05,0.0008,0.0,66.3,NSE_FO|46998,115954,39914,,11,649499,3502,False,122.65,-39.7,-24.4533,4.38,True,123.0,9750,123.15,130,,,123.075,0.15,0.0012,140.3,-17.65,0.4431,18445
2.1.0,20260828_110203_000,2026-08-28T11:02:03+05:30,2026-08-28T11:02:03+05:30,Asia/Kolkata,UPSTOX,NIFTY,2026-09-01,65,4f20d232632b33ef,0.0,False,24159.7,24160.0,24122.6,24188.3,24106.55,24090.85,10.79,24150,24150,24350,190.3,ABOVE_SPOT,,60.0,60.0,NSE_FO|46999,166628,43313,,20,758614,2332,False,47.65,4.1,9.4145,10.68,True,47.65,4940,47.8,6305,,,47.725,0.15,0.0031,0.0,47.65,NSE_FO|47000,35154,9614,,-31,140400,779,False,154.8,-40.2,-20.6154,0.0,False,154.1,780,154.5,1040,,,154.3,0.4,0.0026,190.3,-35.5,0.211,33699
2.1.0,20260828_110203_000,2026-08-28T11:02:03+05:30,2026-08-28T11:02:03+05:30,Asia/Kolkata,UPSTOX,NIFTY,2026-09-01,65,4f20d232632b33ef,0.0,False,24159.7,24160.0,24122.6,24188.3,24106.55,24090.85,10.79,24150,24150,24400,240.3,ABOVE_SPOT,,60.0,60.0,NSE_FO|47001,227333,39120,,-284,944047,3417,False,33.55,1.75,5.5031,10.45,True,33.55,5655,33.65,2860,,,33.6,0.1,0.003,0.0,33.55,NSE_FO|47002,41496,6693,,-116,155092,924,False,190.3,-44.35,-18.9005,0.0,False,190.35,325,190.8,130,,,190.575,0.45,0.0024,240.3,-50.0,0.1825,32427
2.1.0,20260828_110203_000,2026-08-28T11:02:03+05:30,2026-08-28T11:02:03+05:30,Asia/Kolkata,UPSTOX,NIFTY,2026-09-01,65,4f20d232632b33ef,0.0,False,24159.7,24160.0,24122.6,24188.3,24106.55,24090.85,10.79,24150,24150,24450,290.3,ABOVE_SPOT,,60.0,60.0,NSE_FO|47003,96058,14957,,256,513841,1710,False,23.35,-0.1,-0.4264,10.35,True,23.2,4095,23.25,1885,,,23.225,0.05,0.0022,0.0,23.35,NSE_FO|47004,10686,1728,,17,23870,126,False,230.0,-44.65,-16.2571,0.0,False,230.05,130,230.6,130,,,230.325,0.55,0.0024,290.3,-60.3,0.1112,13229
2.1.0,20260828_110203_000,2026-08-28T11:02:03+05:30,2026-08-28T11:02:03+05:30,Asia/Kolkata,UPSTOX,NIFTY,2026-09-01,65,4f20d232632b33ef,0.0,False,24159.7,24160.0,24122.6,24188.3,24106.55,24090.85,10.79,24150,24150,24500,340.3,ABOVE_SPOT,,60.0,60.0,NSE_FO|47005,218420,25527,,212,862605,2346,False,16.2,-1.45,-8.2153,10.3,True,16.1,14235,16.2,27495,,,16.15,0.1,0.0062,0.0,16.2,NSE_FO|47006,35438,3835,,-13,67075,185,False,272.5,-45.0,-14.1732,0.0,False,272.1,520,272.75,130,,,272.425,0.65,0.0024,340.3,-67.8,0.1622,21692
2.1.0,20260828_110203_000,2026-08-28T11:02:03+05:30,2026-08-28T11:02:03+05:30,Asia/Kolkata,UPSTOX,NIFTY,2026-09-01,65,4f20d232632b33ef,0.0,False,24159.7,24160.0,24122.6,24188.3,24106.55,24090.85,10.79,24150,24150,24550,390.3,ABOVE_SPOT,,60.0,60.0,NSE_FO|47007,80243,15943,,58,403092,639,False,11.0,-1.7,-13.3858,10.31,True,10.95,12805,11.0,2405,,,10.975,0.05,0.0046,0.0,11.0,NSE_FO|47008,3076,99,,2,5844,8,False,319.3,-44.5,-12.232,0.0,False,317.25,390,318.15,65,,,317.7,0.9,0.0028,390.3,-71.0,0.0383,15844
2.1.0,20260828_110203_000,2026-08-28T11:02:03+05:30,2026-08-28T11:02:03+05:30,Asia/Kolkata,UPSTOX,NIFTY,2026-09-01,65,4f20d232632b33ef,0.0,False,24159.7,24160.0,24122.6,24188.3,24106.55,24090.85,10.79,24150,24150,24600,440.3,ABOVE_SPOT,,60.0,60.0,NSE_FO|47009,146149,22861,,141,481828,798,False,7.65,-1.8,-19.0476,10.44,True,7.65,57980,7.7,36725,,,7.675,0.05,0.0065,0.0,7.65,NSE_FO|47010,7964,-691,,-39,9535,105,False,365.0,-45.9,-11.1706,0.0,False,363.8,390,364.75,1625,,,364.275,0.95,0.0026,440.3,-75.3,0.0545,23552
2.1.0,20260828_110203_000,2026-08-28T11:02:03+05:30,2026-08-28T11:02:03+05:30,Asia/Kolkata,UPSTOX,NIFTY,2026-09-01,65,4f20d232632b33ef,0.0,False,24159.7,24160.0,24122.6,24188.3,24106.55,24090.85,10.79,24150,24150,24650,490.3,ABOVE_SPOT,,60.0,60.0,NSE_FO|47011,61257,17442,,-42,271496,411,False,5.6,-1.85,-24.8322,10.68,True,5.55,23530,5.6,24440,,,5.575,0.05,0.009,0.0,5.6,NSE_FO|47012,1818,-215,,-3,1322,4,False,413.95,-49.2,-10.6229,0.0,False,411.1,260,412.8,390,,,411.95,1.7,0.0041,490.3,-76.35,0.0297,17657
2.1.0,20260828_110203_000,2026-08-28T11:02:03+05:30,2026-08-28T11:02:03+05:30,Asia/Kolkata,UPSTOX,NIFTY,2026-09-01,65,4f20d232632b33ef,0.0,False,24159.7,24160.0,24122.6,24188.3,24106.55,24090.85,10.79,24150,24150,24700,540.3,ABOVE_SPOT,,60.0,60.0,NSE_FO|47013,116356,15739,,-218,359175,623,False,4.25,-1.55,-26.7241,11.02,True,4.2,113750,4.25,32565,,,4.225,0.05,0.0118,0.0,4.25,NSE_FO|47014,6221,2091,,1,6885,5,False,463.05,-50.35,-9.8072,0.0,False,460.65,130,462.3,975,,,461.475,1.65,0.0036,540.3,-77.25,0.0535,13648
2.1.0,20260828_110203_000,2026-08-28T11:02:03+05:30,2026-08-28T11:02:03+05:30,Asia/Kolkata,UPSTOX,NIFTY,2026-09-01,65,4f20d232632b33ef,0.0,False,24159.7,24160.0,24122.6,24188.3,24106.55,24090.85,10.79,24150,24150,24750,590.3,ABOVE_SPOT,,60.0,60.0,NSE_FO|47015,57435,12080,,7,175995,130,False,3.4,-1.45,-29.8969,11.35,True,3.35,58630,3.4,20735,,,3.375,0.05,0.0148,0.0,3.4,NSE_FO|47016,1196,-41,,0,214,0,False,512.95,-43.25,-7.776,0.0,False,508.65,65,511.2,65,,,509.925,2.55,0.005,590.3,-77.35,0.0208,12121
2.1.0,20260828_110303_000,2026-08-28T11:03:03+05:30,2026-08-28T11:03:03+05:30,Asia/Kolkata,UPSTOX,NIFTY,2026-09-01,65,6a859c1d530ea22a,0.0,False,24160.45,24160.45,24122.6,24188.3,24106.55,24090.85,10.77,24150,24150,23550,-610.45,BELOW_SPOT,,60.0,60.0,NSE_FO|46967,250,-15,,0,37,0,False,690.65,41.35,6.3684,24.99,True,694.65,65,698.65,65,,,696.65,4.0,0.0057,610.45,80.2,NSE_FO|46968,39466,29732,,164,118520,106,False,3.65,-0.1,-2.6667,13.06,True,3.6,45110,3.65,35425,,,3.625,0.05,0.0138,0.0,3.65,157.864,-29747
2.1.0,20260828_110303_000,2026-08-28T11:03:03+05:30,2026-08-28T11:03:03+05:30,Asia/Kolkata,UPSTOX,NIFTY,2026-09-01,65,6a859c1d530ea22a,0.0,False,24160.45,24160.45,24122.6,24188.3,24106.55,24090.85,10.77,24150,24150,23600,-560.45,BELOW_SPOT,,60.0,60.0,NSE_FO|46969,593,-103,,0,514,0,False,648.4,56.3,9.5085,24.86,True,645.55,65,648.4,65,,,646.975,2.85,0.0044,560.45,87.95,NSE_FO|46970,77295,25935,,249,208915,325,False,4.0,-0.45,-10.1124,12.45,True,4.0,26585,4.05,64610,,,4.025,0.05,0.0124,0.0,4.0,130.3457,-26038
2.1.0,20260828_110303_000,2026-08-28T11:03:03+05:30,2026-08-28T11:03:03+05:30,Asia/Kolkata,UPSTOX,NIFTY,2026-09-01,65,6a859c1d530ea22a,0.0,False,24160.45,24160.45,24122.6,24188.3,24106.55,24090.85,10.77,24150,24150,23650,-510.45,BELOW_SPOT,,60.0,60.0,NSE_FO|46971,318,12,,0,187,0,False,590.4,48.05,8.8596,22.29,True,596.5,65,599.15,65,,,597.825,2.65,0.0044,510.45,79.95,NSE_FO|46972,38289,16204,,-26,169247,598,False,4.5,-0.9,-16.6667,11.78,True,4.45,45370,4.5,27300,,,4.475,0.05,0.0112,0.0,4.5,120.4057,-16192
2.1.0,20260828_110303_000,2026-08-28T11:03:03+05:30,2026-08-28T11:03:03+05:30,Asia/Kolkata,UPSTOX,NIFTY,2026-09-01,65,6a859c1d530ea22a,0.0,False,24160.45,24160.45,24122.6,24188.3,24106.55,24090.85,10.77,24150,24150,23700,-460.45,BELOW_SPOT,,60.0,60.0,NSE_FO|46973,2783,-1,,4,1463,14,False,547.4,45.1,8.9787,21.96,True,546.85,65,548.7,130,,,547.775,1.85,0.0034,460.45,86.95,NSE_FO|46974,99726,21122,,107,289659,525,False,5.25,-1.5,-22.2222,11.17,True,5.2,70850,5.25,22945,,,5.225,0.05,0.0096,0.0,5.25,35.834,-21123
2.1.0,20260828_110303_000,2026-08-28T11:03:03+05:30,2026-08-28T11:03:03+05:30,Asia/Kolkata,UPSTOX,NIFTY,2026-09-01,65,6a859c1d530ea22a,0.0,False,24160.45,24160.45,24122.6,24188.3,24106.55,24090.85,10.77,24150,24150,23750,-410.45,BELOW_SPOT,,60.0,60.0,NSE_FO|46975,670,120,,0,1087,1,False,501.5,47.8,10.5356,21.1,True,498.25,130,500.15,455,,,499.2,1.9,0.0038,410.45,91.05,NSE_FO|46976,47793,16764,,-54,244582,274,False,6.3,-2.3,-26.7442,10.62,True,6.25,21190,6.3,11765,,,6.275,0.05,0.008,0.0,6.3,71.3328,-16644
2.1.0,20260828_110303_000,2026-08-28T11:03:03+05:30,2026-08-28T11:03:03+05:30,Asia/Kolkata,UPSTOX,NIFTY,2026-09-01,65,6a859c1d530ea22a,0.0,False,24160.45,24160.45,24122.6,24188.3,24106.55,24090.85,10.77,24150,24150,23800,-360.45,BELOW_SPOT,,60.0,60.0,NSE_FO|46977,3110,200,,0,7406,16,False,452.0,49.6,12.326,19.71,True,449.9,195,451.35,195,,,450.625,1.45,0.0032,360.45,91.55,NSE_FO|46978,132267,34658,,-317,454016,1252,False,7.65,-3.45,-31.0811,10.07,True,7.6,19825,7.65,26325,,,7.625,0.05,0.0066,0.0,7.65,42.5296,-34458
2.1.0,20260828_110303_000,2026-08-28T11:03:03+05:30,2026-08-28T11:03:03+05:30,Asia/Kolkata,UPSTOX,NIFTY,2026-09-01,65,6a859c1d530ea22a,0.0,False,24160.45,24160.45,24122.6,24188.3,24106.55,24090.85,10.77,24150,24150,23850,-310.45,BELOW_SPOT,,60.0,60.0,NSE_FO|46979,1437,458,,0,3907,2,False,402.65,47.4,13.3427,18.31,True,401.95,260,403.35,130,,,402.65,1.4,0.0035,310.45,92.2,NSE_FO|46980,53642,24858,,-24,271694,427,False,9.6,-4.7,-32.8671,9.55,True,9.6,3185,9.65,22880,,,9.625,0.05,0.0052,0.0,9.6,37.3292,-24400
2.1.0,20260828_110303_000,2026-08-28T11:03:03+05:30,2026-08-28T11:03:03+05:30,Asia/Kolkata,UPSTOX,NIFTY,2026-09-01,65,6a859c1d530ea22a,0.0,False,24160.45,24160.45,24122.6,24188.3,24106.55,24090.85,10.77,24150,24150,23900,-260.45,BELOW_SPOT,,60.0,60.0,NSE_FO|46981,5007,1407,,10,24081,19,False,356.0,42.25,13.4661,17.11,True,355.15,390,356.05,65,,,355.6,0.9,0.0025,260.45,95.55,NSE_FO|46982,114481,46498,,-26,543245,1266,False,12.6,-6.65,-34.5455,9.12,True,12.55,11180,12.6,10530,,,12.575,0.05,0.004,0.0,12.6,22.8642,-45091
2.1.0,20260828_110303_000,2026-08-28T11:03:03+05:30,2026-08-28T11:03:03+05:30,Asia/Kolkata,UPSTOX,NIFTY,2026-09-01,65,6a859c1d530ea22a,0.0,False,24160.45,24160.45,24122.6,24188.3,24106.55,24090.85,10.77,24150,24150,23950,-210.45,BELOW_SPOT,,60.0,60.0,NSE_FO|46983,3783,1608,,-7,23771,30,False,309.8,40.55,15.0604,16.02,True,309.4,390,310.25,325,,,309.825,0.85,0.0027,210.45,99.35,NSE_FO|46984,62233,30415,,-65,396457,936,False,16.8,-8.75,-34.2466,8.71,True,16.75,18265,16.85,12155,,,16.8,0.1,0.006,0.0,16.8,16.4507,-28807
2.1.0,20260828_110303_000,2026-08-28T11:03:03+05:30,2026-08-28T11:03:03+05:30,Asia/Kolkata,UPSTOX,NIFTY,2026-09-01,65,6a859c1d530ea22a,0.0,False,24160.45,24160.45,24122.6,24188.3,24106.55,24090.85,10.77,24150,24150,24000,-160.45,BELOW_SPOT,,60.0,60.0,NSE_FO|46985,32076,6019,,-241,224021,756,False,266.0,38.25,16.7947,14.96,True,265.45,455,266.05,325,,,265.75,0.6,0.0023,160.45,105.55,NSE_FO|46986,206902,97584,,268,1164649,4688,False,22.85,-12.25,-34.9003,8.33,True,22.75,4160,22.85,17225,,,22.8,0.1,0.0044,0.0,22.85,6.4504,-91565
2.1.0,20260828_110303_000,2026-08-28T11:03:03+05:30,2026-08-28T11:03:03+05:30,Asia/Kolkata,UPSTOX,NIFTY,2026-09-01,65,6a859c1d530ea22a,0.0,False,24160.45,24160.45,24122.6,24188.3,24106.55,24090.85,10.77,24150,24150,24050,-110.45,BELOW_SPOT,,60.0,60.0,NSE_FO|46987,15996,5573,,-13,186340,650,False,223.7,32.4,16.9367,14.11,True,223.6,325,224.15,130,,,223.875,0.55,0.0025,110.45,113.25,NSE_FO|46988,108072,71126,,195,751894,2653,False,30.6,-16.05,-34.4051,7.92,True,30.6,1950,30.7,5590,,,30.65,0.1,0.0033,0.0,30.6,6.7562,-65553
2.1.0,20260828_110303_000,2026-08-28T11:03:03+05:30,2026-08-28T11:03:03+05:30,Asia/Kolkata,UPSTOX,NIFTY,2026-09-01,65,6a859c1d530ea22a,0.0,False,24160.45,24160.45,24122.6,24188.3,24106.55,24090.85,10.77,24150,24150,24100,-60.45,BELOW_SPOT,,60.0,60.0,NSE_FO|46989,73326,26841,,104,1044450,3700,False,184.5,29.25,18.8406,13.26,True,184.5,390,184.9,390,,,184.7,0.4,0.0022,60.45,124.05,NSE_FO|46990,278791,194608,,-935,2041725,6612,False,41.6,-20.55,-33.0652,7.52,True,41.55,8125,41.7,10075,,,41.625,0.15,0.0036,0.0,41.6,3.8021,-167767
2.1.0,20260828_110303_000,2026-08-28T11:03:03+05:30,2026-08-28T11:03:03+05:30,Asia/Kolkata,UPSTOX,NIFTY,2026-09-01,65,6a859c1d530ea22a,0.0,False,24160.45,24160.45,24122.6,24188.3,24106.55,24090.85,10.77,24150,24150,24150,-10.45,ATM,,60.0,60.0,NSE_FO|46991,116852,56615,,29,1416046,5946,False,148.9,22.05,17.3827,12.54,True,148.85,130,148.9,195,,,148.875,0.05,0.0003,10.45,138.45,NSE_FO|46992,249850,195600,,-1613,2003110,9880,False,55.45,-23.5,-29.7657,7.03,True,55.4,6175,55.55,1105,,,55.475,0.15,0.0027,0.0,55.45,2.1382,-138985
2.1.0,20260828_110303_000,2026-08-28T11:03:03+05:30,2026-08-28T11:03:03+05:30,Asia/Kolkata,UPSTOX,NIFTY,2026-09-01,65,6a859c1d530ea22a,0.0,False,24160.45,24160.45,24122.6,24188.3,24106.55,24090.85,10.77,24150,24150,24200,39.55,ABOVE_SPOT,,60.0,60.0,NSE_FO|46993,246831,93143,,-1140,1958259,8921,False,117.05,18.3,18.5316,11.9,True,116.65,390,116.9,1560,,,116.775,0.25,0.0021,0.0,117.05,NSE_FO|46994,294208,193030,,-2433,1769282,9108,False,73.7,-29.1,-28.3074,6.51,True,73.75,585,73.9,455,,,73.825,0.15,0.002,39.55,34.15,1.1919,-99887
2.1.0,20260828_110303_000,2026-08-28T11:03:03+05:30,2026-08-28T11:03:03+05:30,Asia/Kolkata,UPSTOX,NIFTY,2026-09-01,65,6a859c1d530ea22a,0.0,False,24160.45,24160.45,24122.6,24188.3,24106.55,24090.85,10.77,24150,24150,24250,89.55,ABOVE_SPOT,,60.0,60.0,NSE_FO|46995,156210,67198,,435,1110844,6340,False,89.2,12.3,15.9948,11.41,True,89.2,130,89.35,585,,,89.275,0.15,0.0017,0.0,89.2,NSE_FO|46996,94020,53490,,-33,576376,3510,False,95.9,-32.95,-25.5724,5.74,True,95.8,260,95.9,195,,,95.85,0.1,0.001,89.55,6.35,0.6019,13708
2.1.0,20260828_110303_000,2026-08-28T11:03:03+05:30,2026-08-28T11:03:03+05:30,Asia/Kolkata,UPSTOX,NIFTY,2026-09-01,65,6a859c1d530ea22a,0.0,False,24160.45,24160.45,24122.6,24188.3,24106.55,24090.85,10.77,24150,24150,24300,139.55,ABOVE_SPOT,,60.0,60.0,NSE_FO|46997,260222,56892,,-1467,1416363,6328,False,66.2,8.25,14.2364,11.0,True,66.2,4225,66.4,4355,,,66.3,0.2,0.003,0.0,66.2,NSE_FO|46998,115020,38980,,-934,652134,2635,False,123.35,-39.0,-24.0222,4.5,True,122.8,195,123.1,1690,,,122.95,0.3,0.0024,139.55,-16.2,0.442,17912
2.1.0,20260828_110303_000,2026-08-28T11:03:03+05:30,2026-08-28T11:03:03+05:30,Asia/Kolkata,UPSTOX,NIFTY,2026-09-01,65,6a859c1d530ea22a,0.0,False,24160.45,24160.45,24122.6,24188.3,24106.55,24090.85,10.77,24150,24150,24350,189.55,ABOVE_SPOT,,60.0,60.0,NSE_FO|46999,166532,43217,,-96,762145,3531,False,47.6,4.05,9.2997,10.65,True,47.6,1950,47.75,4940,,,47.675,0.15,0.0031,0.0,47.6,NSE_FO|47000,34973,9433,,-181,141122,722,False,154.7,-40.3,-20.6667,0.0,False,154.35,585,154.75,455,,,154.55,0.4,0.0026,189.55,-34.85,0.21,33784
2.1.0,20260828_110303_000,2026-08-28T11:03:03+05:30,2026-08-28T11:03:03+05:30,Asia/Kolkata,UPSTOX,NIFTY,2026-09-01,65,6a859c1d530ea22a,0.0,False,24160.45,24160.45,24122.6,24188.3,24106.55,24090.85,10.77,24150,24150,24400,239.55,ABOVE_SPOT,,60.0,60.0,NSE_FO|47001,227348,39135,,15,948759,4712,False,33.6,1.8,5.6604,10.45,True,33.6,4615,33.7,7540,,,33.65,0.1,0.003,0.0,33.6,NSE_FO|47002,41486,6683,,-10,155787,695,False,190.7,-43.95,-18.73,0.0,False,190.15,1105,190.65,195,,,190.4,0.5,0.0026,239.55,-48.85,0.1825,32452
2.1.0,20260828_110303_000,2026-08-28T11:03:03+05:30,2026-08-28T11:03:03+05:30,Asia/Kolkata,UPSTOX,NIFTY,2026-09-01,65,6a859c1d530ea22a,0.0,False,24160.45,24160.45,24122.6,24188.3,24106.55,24090.85,10.77,24150,24150,24450,289.55,ABOVE_SPOT,,60.0,60.0,NSE_FO|47003,95711,14610,,-347,516246,2405,False,23.4,-0.05,-0.2132,10.31,True,23.3,4420,23.4,14950,,,23.35,0.1,0.0043,0.0,23.4,NSE_FO|47004,10670,1712,,-16,24031,161,False,230.5,-44.15,-16.075,0.0,False,229.95,325,230.5,1105,,,230.225,0.55,0.0024,289.55,-59.05,0.1115,12898
2.1.0,20260828_110303_000,2026-08-28T11:03:03+05:30,2026-08-28T11:03:03+05:30,Asia/Kolkata,UPSTOX,NIFTY,2026-09-01,65,6a859c1d530ea22a,0.0,False,24160.45,24160.45,24122.6,24188.3,24106.55,24090.85,10.77,24150,24150,24500,339.55,ABOVE_SPOT,,60.0,60.0,NSE_FO|47005,218396,25503,,-24,865982,3377,False,16.15,-1.5,-8.4986,10.28,True,16.1,2795,16.15,12285,,,16.125,0.05,0.0031,0.0,16.15,NSE_FO|47006,35473,3870,,35,67191,116,False,272.7,-44.8,-14.1102,0.0,False,272.5,325,273.2,455,,,272.85,0.7,0.0026,339.55,-66.85,0.1624,21633
2.1.0,20260828_110303_000,2026-08-28T11:03:03+05:30,2026-08-28T11:03:03+05:30,Asia/Kolkata,UPSTOX,NIFTY,2026-09-01,65,6a859c1d530ea22a,0.0,False,24160.45,24160.45,24122.6,24188.3,24106.55,24090.85,10.77,24150,24150,24550,389.55,ABOVE_SPOT,,60.0,60.0,NSE_FO|47007,80119,15819,,-124,403707,615,False,11.0,-1.7,-13.3858,10.3,True,11.0,10465,11.05,2535,,,11.025,0.05,0.0045,0.0,11.0,NSE_FO|47008,3076,99,,0,5873,29,False,315.35,-48.45,-13.3178,0.0,False,317.1,260,318.0,130,,,317.55,0.9,0.0028,389.55,-74.2,0.0384,15720
2.1.0,20260828_110303_000,2026-08-28T11:03:03+05:30,2026-08-28T11:03:03+05:30,Asia/Kolkata,UPSTOX,NIFTY,2026-09-01,65,6a859c1d530ea22a,0.0,False,24160.45,24160.45,24122.6,24188.3,24106.55,24090.85,10.77,24150,24150,24600,439.55,ABOVE_SPOT,,60.0,60.0,NSE_FO|47009,145949,22661,,-200,484184,2356,False,7.75,-1.7,-17.9894,10.44,True,7.7,16575,7.75,25675,,,7.725,0.05,0.0065,0.0,7.75,NSE_FO|47010,7964,-691,,0,9542,7,False,363.2,-47.7,-11.6087,0.0,False,363.7,390,364.8,650,,,364.25,1.1,0.003,439.55,-76.35,0.0546,23352
2.1.0,20260828_110303_000,2026-08-28T11:03:03+05:30,2026-08-28T11:03:03+05:30,Asia/Kolkata,UPSTOX,NIFTY,2026-09-01,65,6a859c1d530ea22a,0.0,False,24160.45,24160.45,24122.6,24188.3,24106.55,24090.85,10.77,24150,24150,24650,489.55,ABOVE_SPOT,,60.0,60.0,NSE_FO|47011,61259,17444,,2,272155,659,False,5.6,-1.85,-24.8322,10.65,True,5.6,20800,5.65,27755,,,5.625,0.05,0.0089,0.0,5.6,NSE_FO|47012,1818,-215,,0,1322,0,False,413.95,-49.2,-10.6229,0.0,False,410.9,195,412.6,130,,,411.75,1.7,0.0041,489.55,-75.6,0.0297,17659
2.1.0,20260828_110303_000,2026-08-28T11:03:03+05:30,2026-08-28T11:03:03+05:30,Asia/Kolkata,UPSTOX,NIFTY,2026-09-01,65,6a859c1d530ea22a,0.0,False,24160.45,24160.45,24122.6,24188.3,24106.55,24090.85,10.77,24150,24150,24700,539.55,ABOVE_SPOT,,60.0,60.0,NSE_FO|47013,116431,15814,,75,359447,272,False,4.3,-1.5,-25.8621,10.99,True,4.25,117065,4.3,69030,,,4.275,0.05,0.0117,0.0,4.3,NSE_FO|47014,6221,2091,,0,6886,1,False,460.0,-53.4,-10.4012,0.0,False,460.3,130,461.8,65,,,461.05,1.5,0.0033,539.55,-79.55,0.0534,13723
2.1.0,20260828_110303_000,2026-08-28T11:03:03+05:30,2026-08-28T11:03:03+05:30,Asia/Kolkata,UPSTOX,NIFTY,2026-09-01,65,6a859c1d530ea22a,0.0,False,24160.45,24160.45,24122.6,24188.3,24106.55,24090.85,10.77,24150,24150,24750,589.55,ABOVE_SPOT,,60.0,60.0,NSE_FO|47015,57506,12151,,71,176202,207,False,3.45,-1.4,-28.866,11.41,True,3.4,52845,3.45,40560,,,3.425,0.05,0.0146,0.0,3.45,NSE_FO|47016,1196,-41,,0,214,0,False,512.95,-43.25,-7.776,0.0,False,508.8,65,511.05,65,,,509.925,2.25,0.0044,589.55,-76.6,0.0208,12192
2.1.0,20260828_110310_607,2026-08-28T11:03:10+05:30,2026-08-28T11:03:10+05:30,Asia/Kolkata,UPSTOX,NIFTY,2026-09-01,65,498e2964046f12d2,0.0,False,24160.45,24160.35,24122.6,24188.3,24106.55,24090.85,10.76,24150,24150,23550,-610.45,BELOW_SPOT,,,,NSE_FO|46967,250,-15,,0,37,0,False,690.65,41.35,6.3684,24.99,True,692.8,65,698.05,65,,,695.425,5.25,0.0075,610.45,80.2,NSE_FO|46968,39466,29732,,0,118543,23,False,3.65,-0.1,-2.6667,13.06,True,3.6,52000,3.65,17030,,,3.625,0.05,0.0138,0.0,3.65,157.864,-29747
2.1.0,20260828_110310_607,2026-08-28T11:03:10+05:30,2026-08-28T11:03:10+05:30,Asia/Kolkata,UPSTOX,NIFTY,2026-09-01,65,498e2964046f12d2,0.0,False,24160.45,24160.35,24122.6,24188.3,24106.55,24090.85,10.76,24150,24150,23600,-560.45,BELOW_SPOT,,,,NSE_FO|46969,593,-103,,0,514,0,False,648.4,56.3,9.5085,24.87,True,644.35,195,647.55,65,,,645.95,3.2,0.005,560.45,87.95,NSE_FO|46970,77295,25935,,0,209017,102,False,4.05,-0.4,-8.9888,12.45,True,4.0,60060,4.05,44330,,,4.025,0.05,0.0124,0.0,4.05,130.3457,-26038
2.1.0,20260828_110310_607,2026-08-28T11:03:10+05:30,2026-08-28T11:03:10+05:30,Asia/Kolkata,UPSTOX,NIFTY,2026-09-01,65,498e2964046f12d2,0.0,False,24160.45,24160.35,24122.6,24188.3,24106.55,24090.85,10.76,24150,24150,23650,-510.45,BELOW_SPOT,,,,NSE_FO|46971,318,12,,0,187,0,False,590.4,48.05,8.8596,22.31,True,594.95,65,597.95,65,,,596.45,3.0,0.005,510.45,79.95,NSE_FO|46972,38289,16204,,0,169496,249,False,4.5,-0.9,-16.6667,11.78,True,4.5,23400,4.55,41990,,,4.525,0.05,0.011,0.0,4.5,120.4057,-16192
2.1.0,20260828_110310_607,2026-08-28T11:03:10+05:30,2026-08-28T11:03:10+05:30,Asia/Kolkata,UPSTOX,NIFTY,2026-09-01,65,498e2964046f12d2,0.0,False,24160.45,24160.35,24122.6,24188.3,24106.55,24090.85,10.76,24150,24150,23700,-460.45,BELOW_SPOT,,,,NSE_FO|46973,2783,-1,,0,1463,0,False,547.4,45.1,8.9787,21.96,True,546.45,130,548.4,130,,,547.425,1.95,0.0036,460.45,86.95,NSE_FO|46974,99726,21122,,0,289710,51,False,5.25,-1.5,-22.2222,11.17,True,5.25,19045,5.3,69550,,,5.275,0.05,0.0095,0.0,5.25,35.834,-21123
2.1.0,20260828_110310_607,2026-08-28T11:03:10+05:30,2026-08-28T11:03:10+05:30,Asia/Kolkata,UPSTOX,NIFTY,2026-09-01,65,498e2964046f12d2,0.0,False,24160.45,24160.35,24122.6,24188.3,24106.55,24090.85,10.76,24150,24150,23750,-410.45,BELOW_SPOT,,,,NSE_FO|46975,669,119,,-1,1089,2,False,497.35,43.65,9.6209,20.55,True,497.2,195,499.2,130,,,498.2,2.0,0.004,410.45,86.9,NSE_FO|46976,47793,16764,,0,244615,33,False,6.35,-2.25,-26.1628,10.65,True,6.3,15925,6.35,23140,,,6.325,0.05,0.0079,0.0,6.35,71.4395,-16645
2.1.0,20260828_110310_607,2026-08-28T11:03:10+05:30,2026-08-28T11:03:10+05:30,Asia/Kolkata,UPSTOX,NIFTY,2026-09-01,65,498e2964046f12d2,0.0,False,24160.45,24160.35,24122.6,24188.3,24106.55,24090.85,10.76,24150,24150,23800,-360.45,BELOW_SPOT,,,,NSE_FO|46977,3110,200,,0,7419,13,False,450.9,48.5,12.0527,19.33,True,448.65,195,450.2,195,,,449.425,1.55,0.0034,360.45,90.45,NSE_FO|46978,132267,34658,,0,454167,151,False,7.6,-3.5,-31.5315,10.07,True,7.6,25480,7.65,16640,,,7.625,0.05,0.0066,0.0,7.6,42.5296,-34458
2.1.0,20260828_110310_607,2026-08-28T11:03:10+05:30,2026-08-28T11:03:10+05:30,Asia/Kolkata,UPSTOX,NIFTY,2026-09-01,65,498e2964046f12d2,0.0,False,24160.45,24160.35,24122.6,24188.3,24106.55,24090.85,10.76,24150,24150,23850,-310.45,BELOW_SPOT,,,,NSE_FO|46979,1435,456,,-2,3911,4,False,401.1,45.85,12.9064,18.11,True,401.55,585,403.15,195,,,402.35,1.6,0.004,310.45,90.65,NSE_FO|46980,53642,24858,,0,271919,225,False,9.65,-4.65,-32.5175,9.58,True,9.6,41015,9.7,43875,,,9.65,0.1,0.0104,0.0,9.65,37.3812,-24402
2.1.0,20260828_110310_607,2026-08-28T11:03:10+05:30,2026-08-28T11:03:10+05:30,Asia/Kolkata,UPSTOX,NIFTY,2026-09-01,65,498e2964046f12d2,0.0,False,24160.45,24160.35,24122.6,24188.3,24106.55,24090.85,10.76,24150,24150,23900,-260.45,BELOW_SPOT,,,,NSE_FO|46981,5007,1407,,0,24085,4,False,354.55,40.8,13.004,17.01,True,354.45,260,355.55,520,,,355.0,1.1,0.0031,260.45,94.1,NSE_FO|46982,114481,46498,,0,543329,84,False,12.65,-6.6,-34.2857,9.12,True,12.65,3770,12.7,23400,,,12.675,0.05,0.0039,0.0,12.65,22.8642,-45091
2.1.0,20260828_110310_607,2026-08-28T11:03:10+05:30,2026-08-28T11:03:10+05:30,Asia/Kolkata,UPSTOX,NIFTY,2026-09-01,65,498e2964046f12d2,0.0,False,24160.45,24160.35,24122.6,24188.3,24106.55,24090.85,10.76,24150,24150,23950,-210.45,BELOW_SPOT,,,,NSE_FO|46983,3783,1608,,0,23777,6,False,309.55,40.3,14.9675,15.91,True,308.25,325,309.1,260,,,308.675,0.85,0.0028,210.45,99.1,NSE_FO|46984,62233,30415,,0,396532,75,False,16.9,-8.65,-33.8552,8.73,True,16.95,4615,17.0,7605,,,16.975,0.05,0.0029,0.0,16.9,16.4507,-28807
2.1.0,20260828_110310_607,2026-08-28T11:03:10+05:30,2026-08-28T11:03:10+05:30,Asia/Kolkata,UPSTOX,NIFTY,2026-09-01,65,498e2964046f12d2,0.0,False,24160.45,24160.35,24122.6,24188.3,24106.55,24090.85,10.76,24150,24150,24000,-160.45,BELOW_SPOT,,,,NSE_FO|46985,32076,6019,,0,224050,29,False,266.3,38.55,16.9265,14.97,True,265.45,715,266.15,780,,,265.8,0.7,0.0026,160.45,105.85,NSE_FO|46986,206902,97584,,0,1164836,187,False,22.85,-12.25,-34.9003,8.33,True,22.75,13780,22.85,5850,,,22.8,0.1,0.0044,0.0,22.85,6.4504,-91565
2.1.0,20260828_110310_607,2026-08-28T11:03:10+05:30,2026-08-28T11:03:10+05:30,Asia/Kolkata,UPSTOX,NIFTY,2026-09-01,65,498e2964046f12d2,0.0,False,24160.45,24160.35,24122.6,24188.3,24106.55,24090.85,10.76,24150,24150,24050,-110.45,BELOW_SPOT,,,,NSE_FO|46987,15996,5573,,0,186359,19,False,222.9,31.6,16.5186,14.02,True,223.1,130,223.65,455,,,223.375,0.55,0.0025,110.45,112.45,NSE_FO|46988,108072,71126,,0,752022,128,False,30.8,-15.85,-33.9764,7.94,True,30.8,2665,30.9,4485,,,30.85,0.1,0.0032,0.0,30.8,6.7562,-65553
2.1.0,20260828_110310_607,2026-08-28T11:03:10+05:30,2026-08-28T11:03:10+05:30,Asia/Kolkata,UPSTOX,NIFTY,2026-09-01,65,498e2964046f12d2,0.0,False,24160.45,24160.35,24122.6,24188.3,24106.55,24090.85,10.76,24150,24150,24100,-60.45,BELOW_SPOT,,,,NSE_FO|46989,73326,26841,,0,1044648,198,False,183.95,28.7,18.4863,13.21,True,183.75,2665,184.0,1690,,,183.875,0.25,0.0014,60.45,123.5,NSE_FO|46990,278791,194608,,0,2042001,276,False,41.95,-20.2,-32.502,7.54,True,41.95,130,42.05,3900,,,42.0,0.1,0.0024,0.0,41.95,3.8021,-167767
2.1.0,20260828_110310_607,2026-08-28T11:03:10+05:30,2026-08-28T11:03:10+05:30,Asia/Kolkata,UPSTOX,NIFTY,2026-09-01,65,498e2964046f12d2,0.0,False,24160.45,24160.35,24122.6,24188.3,24106.55,24090.85,10.76,24150,24150,24150,-10.45,ATM,,,,NSE_FO|46991,116852,56615,,0,1416338,292,False,148.5,21.65,17.0674,12.5,True,148.5,325,148.8,260,,,148.65,0.3,0.002,10.45,138.05,NSE_FO|46992,249850,195600,,0,2003614,504,False,55.75,-23.2,-29.3857,7.05,True,55.6,2925,55.75,2470,,,55.675,0.15,0.0027,0.0,55.75,2.1382,-138985
2.1.0,20260828_110310_607,2026-08-28T11:03:10+05:30,2026-08-28T11:03:10+05:30,Asia/Kolkata,UPSTOX,NIFTY,2026-09-01,65,498e2964046f12d2,0.0,False,24160.45,24160.35,24122.6,24188.3,24106.55,24090.85,10.76,24150,24150,24200,39.55,ABOVE_SPOT,,,,NSE_FO|46993,246831,93143,,0,1958794,535,False,116.95,18.2,18.4304,11.89,True,116.25,1235,116.55,780,,,116.4,0.3,0.0026,0.0,116.95,NSE_FO|46994,294208,193030,,0,1769921,639,False,73.85,-28.95,-28.1615,6.53,True,74.0,1495,74.2,3185,,,74.1,0.2,0.0027,39.55,34.3,1.1919,-99887
2.1.0,20260828_110310_607,2026-08-28T11:03:10+05:30,2026-08-28T11:03:10+05:30,Asia/Kolkata,UPSTOX,NIFTY,2026-09-01,65,498e2964046f12d2,0.0,False,24160.45,24160.35,24122.6,24188.3,24106.55,24090.85,10.76,24150,24150,24250,89.55,ABOVE_SPOT,,,,NSE_FO|46995,156210,67198,,0,1111186,342,False,89.0,12.1,15.7347,11.38,True,88.75,2795,89.0,3380,,,88.875,0.25,0.0028,0.0,89.0,NSE_FO|46996,94020,53490,,0,576508,132,False,96.0,-32.85,-25.4948,5.78,True,96.25,260,96.5,2210,,,96.375,0.25,0.0026,89.55,6.45,0.6019,13708
2.1.0,20260828_110310_607,2026-08-28T11:03:10+05:30,2026-08-28T11:03:10+05:30,Asia/Kolkata,UPSTOX,NIFTY,2026-09-01,65,498e2964046f12d2,0.0,False,24160.45,24160.35,24122.6,24188.3,24106.55,24090.85,10.76,24150,24150,24300,139.55,ABOVE_SPOT,,,,NSE_FO|46997,260222,56892,,0,1416724,361,False,66.1,8.15,14.0638,10.97,True,65.7,65,65.8,2015,,,65.75,0.1,0.0015,0.0,66.1,NSE_FO|46998,115020,38980,,0,652422,288,False,123.4,-38.95,-23.9914,4.55,True,123.75,1755,124.0,13000,,,123.875,0.25,0.002,139.55,-16.15,0.442,17912
2.1.0,20260828_110310_607,2026-08-28T11:03:10+05:30,2026-08-28T11:03:10+05:30,Asia/Kolkata,UPSTOX,NIFTY,2026-09-01,65,498e2964046f12d2,0.0,False,24160.45,24160.35,24122.6,24188.3,24106.55,24090.85,10.76,24150,24150,24350,189.55,ABOVE_SPOT,,,,NSE_FO|46999,166532,43217,,0,762456,311,False,47.6,4.05,9.2997,10.65,True,47.6,3965,47.75,7410,,,47.675,0.15,0.0031,0.0,47.6,NSE_FO|47000,34973,9433,,0,141145,23,False,154.85,-40.15,-20.5897,0.0,False,154.5,715,154.85,1170,,,154.675,0.35,0.0023,189.55,-34.7,0.21,33784
2.1.0,20260828_110310_607,2026-08-28T11:03:10+05:30,2026-08-28T11:03:10+05:30,Asia/Kolkata,UPSTOX,NIFTY,2026-09-01,65,498e2964046f12d2,0.0,False,24160.45,24160.35,24122.6,24188.3,24106.55,24090.85,10.76,24150,24150,24400,239.55,ABOVE_SPOT,,,,NSE_FO|47001,227348,39135,,0,949011,252,False,33.7,1.9,5.9748,10.42,True,33.6,2730,33.7,6760,,,33.65,0.1,0.003,0.0,33.7,NSE_FO|47002,41486,6683,,0,155813,26,False,190.7,-43.95,-18.73,0.0,False,190.75,130,191.25,325,,,191.0,0.5,0.0026,239.55,-48.85,0.1825,32452
2.1.0,20260828_110310_607,2026-08-28T11:03:10+05:30,2026-08-28T11:03:10+05:30,Asia/Kolkata,UPSTOX,NIFTY,2026-09-01,65,498e2964046f12d2,0.0,False,24160.45,24160.35,24122.6,24188.3,24106.55,24090.85,10.76,24150,24150,24450,289.55,ABOVE_SPOT,,,,NSE_FO|47003,95711,14610,,0,516370,124,False,23.2,-0.25,-1.0661,10.3,True,23.1,6370,23.2,7150,,,23.15,0.1,0.0043,0.0,23.2,NSE_FO|47004,10670,1712,,0,24035,4,False,231.15,-43.5,-15.8383,0.0,False,230.9,325,231.55,390,,,231.225,0.65,0.0028,289.55,-58.4,0.1115,12898
2.1.0,20260828_110310_607,2026-08-28T11:03:10+05:30,2026-08-28T11:03:10+05:30,Asia/Kolkata,UPSTOX,NIFTY,2026-09-01,65,498e2964046f12d2,0.0,False,24160.45,24160.35,24122.6,24188.3,24106.55,24090.85,10.76,24150,24150,24500,339.55,ABOVE_SPOT,,,,NSE_FO|47005,218396,25503,,0,866236,254,False,16.15,-1.5,-8.4986,10.28,True,16.05,30940,16.15,17940,,,16.1,0.1,0.0062,0.0,16.15,NSE_FO|47006,35473,3870,,0,67223,32,False,273.0,-44.5,-14.0157,0.0,False,272.6,195,273.25,260,,,272.925,0.65,0.0024,339.55,-66.55,0.1624,21633
2.1.0,20260828_110310_607,2026-08-28T11:03:10+05:30,2026-08-28T11:03:10+05:30,Asia/Kolkata,UPSTOX,NIFTY,2026-09-01,65,498e2964046f12d2,0.0,False,24160.45,24160.35,24122.6,24188.3,24106.55,24090.85,10.76,24150,24150,24550,389.55,ABOVE_SPOT,,,,NSE_FO|47007,80119,15819,,0,403808,101,False,11.0,-1.7,-13.3858,10.3,True,10.95,6955,11.0,390,,,10.975,0.05,0.0046,0.0,11.0,NSE_FO|47008,3071,94,,-5,5883,10,False,318.65,-45.15,-12.4107,0.0,False,317.85,260,318.8,325,,,318.325,0.95,0.003,389.55,-70.9,0.0383,15725
2.1.0,20260828_110310_607,2026-08-28T11:03:10+05:30,2026-08-28T11:03:10+05:30,Asia/Kolkata,UPSTOX,NIFTY,2026-09-01,65,498e2964046f12d2,0.0,False,24160.45,24160.35,24122.6,24188.3,24106.55,24090.85,10.76,24150,24150,24600,439.55,ABOVE_SPOT,,,,NSE_FO|47009,145949,22661,,0,484439,255,False,7.65,-1.8,-19.0476,10.44,True,7.65,33865,7.7,15145,,,7.675,0.05,0.0065,0.0,7.65,NSE_FO|47010,7970,-685,,6,9556,14,False,365.0,-45.9,-11.1706,0.0,False,364.45,325,365.5,195,,,364.975,1.05,0.0029,439.55,-74.55,0.0546,23346
2.1.0,20260828_110310_607,2026-08-28T11:03:10+05:30,2026-08-28T11:03:10+05:30,Asia/Kolkata,UPSTOX,NIFTY,2026-09-01,65,498e2964046f12d2,0.0,False,24160.45,24160.35,24122.6,24188.3,24106.55,24090.85,10.76,24150,24150,24650,489.55,ABOVE_SPOT,,,,NSE_FO|47011,61259,17444,,0,272440,285,False,5.6,-1.85,-24.8322,10.65,True,5.55,31460,5.6,195,,,5.575,0.05,0.009,0.0,5.6,NSE_FO|47012,1818,-215,,0,1325,3,False,413.55,-49.6,-10.7093,0.0,False,412.15,455,413.85,455,,,413.0,1.7,0.0041,489.55,-76.0,0.0297,17659
2.1.0,20260828_110310_607,2026-08-28T11:03:10+05:30,2026-08-28T11:03:10+05:30,Asia/Kolkata,UPSTOX,NIFTY,2026-09-01,65,498e2964046f12d2,0.0,False,24160.45,24160.35,24122.6,24188.3,24106.55,24090.85,10.76,24150,24150,24700,539.55,ABOVE_SPOT,,,,NSE_FO|47013,116431,15814,,0,359450,3,False,4.3,-1.5,-25.8621,10.99,True,4.25,48555,4.3,81770,,,4.275,0.05,0.0117,0.0,4.3,NSE_FO|47014,6222,2092,,1,6887,1,False,462.75,-50.65,-9.8656,0.0,False,461.55,585,463.05,520,,,462.3,1.5,0.0032,539.55,-76.8,0.0534,13722
2.1.0,20260828_110310_607,2026-08-28T11:03:10+05:30,2026-08-28T11:03:10+05:30,Asia/Kolkata,UPSTOX,NIFTY,2026-09-01,65,498e2964046f12d2,0.0,False,24160.45,24160.35,24122.6,24188.3,24106.55,24090.85,10.76,24150,24150,24750,589.55,ABOVE_SPOT,,,,NSE_FO|47015,57506,12151,,0,176214,12,False,3.45,-1.4,-28.866,11.41,True,3.4,45630,3.45,43940,,,3.425,0.05,0.0146,0.0,3.45,NSE_FO|47016,1196,-41,,0,214,0,False,512.95,-43.25,-7.776,0.0,False,509.05,65,511.65,130,,,510.35,2.6,0.0051,589.55,-76.6,0.0208,12192
2.1.0,20260828_110403_001,2026-08-28T11:04:03+05:30,2026-08-28T11:04:03+05:30,Asia/Kolkata,UPSTOX,NIFTY,2026-09-01,65,b241feecf811c161,0.0,False,24158.55,24158.45,24122.6,24188.3,24106.55,24090.85,10.76,24150,24150,23550,-608.55,BELOW_SPOT,,53.0,53.0,NSE_FO|46967,250,-15,,0,37,0,False,690.65,41.35,6.3684,25.27,True,691.75,65,694.75,65,,,693.25,3.0,0.0043,608.55,82.1,NSE_FO|46968,39471,29737,,5,118655,112,False,3.65,-0.1,-2.6667,13.06,True,3.6,58370,3.65,17940,,,3.625,0.05,0.0138,0.0,3.65,157.884,-29752
2.1.0,20260828_110403_001,2026-08-28T11:04:03+05:30,2026-08-28T11:04:03+05:30,Asia/Kolkata,UPSTOX,NIFTY,2026-09-01,65,b241feecf811c161,0.0,False,24158.55,24158.45,24122.6,24188.3,24106.55,24090.85,10.76,24150,24150,23600,-558.55,BELOW_SPOT,,53.0,53.0,NSE_FO|46969,593,-103,,0,514,0,False,648.4,56.3,9.5085,25.12,True,642.25,65,645.05,65,,,643.65,2.8,0.0044,558.55,89.85,NSE_FO|46970,77273,25913,,-22,209258,241,False,4.05,-0.4,-8.9888,12.39,True,4.0,111475,4.05,36140,,,4.025,0.05,0.0124,0.0,4.05,130.3086,-26016
2.1.0,20260828_110403_001,2026-08-28T11:04:03+05:30,2026-08-28T11:04:03+05:30,Asia/Kolkata,UPSTOX,NIFTY,2026-09-01,65,b241feecf811c161,0.0,False,24158.55,24158.45,24122.6,24188.3,24106.55,24090.85,10.76,24150,24150,23650,-508.55,BELOW_SPOT,,53.0,53.0,NSE_FO|46971,318,12,,0,187,0,False,590.4,48.05,8.8596,22.55,True,592.85,65,595.55,65,,,594.2,2.7,0.0045,508.55,81.85,NSE_FO|46972,38251,16166,,-38,170007,511,False,4.55,-0.85,-15.7407,11.78,True,4.5,52910,4.55,9360,,,4.525,0.05,0.011,0.0,4.55,120.2862,-16154
2.1.0,20260828_110403_001,2026-08-28T11:04:03+05:30,2026-08-28T11:04:03+05:30,Asia/Kolkata,UPSTOX,NIFTY,2026-09-01,65,b241feecf811c161,0.0,False,24158.55,24158.45,24122.6,24188.3,24106.55,24090.85,10.76,24150,24150,23700,-458.55,BELOW_SPOT,,53.0,53.0,NSE_FO|46973,2785,1,,2,1464,1,False,548.0,45.7,9.0981,22.28,True,543.45,130,545.75,195,,,544.6,2.3,0.0042,458.55,89.45,NSE_FO|46974,99703,21099,,-23,289872,162,False,5.3,-1.45,-21.4815,11.17,True,5.3,35555,5.35,61555,,,5.325,0.05,0.0094,0.0,5.3,35.8,-21098
2.1.0,20260828_110403_001,2026-08-28T11:04:03+05:30,2026-08-28T11:04:03+05:30,Asia/Kolkata,UPSTOX,NIFTY,2026-09-01,65,b241feecf811c161,0.0,False,24158.55,24158.45,24122.6,24188.3,24106.55,24090.85,10.76,24150,24150,23750,-408.55,BELOW_SPOT,,53.0,53.0,NSE_FO|46975,669,119,,0,1089,0,False,497.35,43.65,9.6209,20.77,True,494.7,455,497.3,130,,,496.0,2.6,0.0052,408.55,88.8,NSE_FO|46976,47913,16884,,120,244991,376,False,6.4,-2.2,-25.5814,10.62,True,6.35,27755,6.45,33670,,,6.4,0.1,0.0156,0.0,6.4,71.6188,-16765
2.1.0,20260828_110403_001,2026-08-28T11:04:03+05:30,2026-08-28T11:04:03+05:30,Asia/Kolkata,UPSTOX,NIFTY,2026-09-01,65,b241feecf811c161,0.0,False,24158.55,24158.45,24122.6,24188.3,24106.55,24090.85,10.76,24150,24150,23800,-358.55,BELOW_SPOT,,53.0,53.0,NSE_FO|46977,3110,200,,0,7425,6,False,448.7,46.3,11.506,19.49,True,447.05,130,448.25,195,,,447.65,1.2,0.0027,358.55,90.15,NSE_FO|46978,132054,34445,,-213,455097,930,False,7.75,-3.35,-30.1802,10.07,True,7.7,45630,7.8,27040,,,7.75,0.1,0.0129,0.0,7.75,42.4611,-34245
2.1.0,20260828_110403_001,2026-08-28T11:04:03+05:30,2026-08-28T11:04:03+05:30,Asia/Kolkata,UPSTOX,NIFTY,2026-09-01,65,b241feecf811c161,0.0,False,24158.55,24158.45,24122.6,24188.3,24106.55,24090.85,10.76,24150,24150,23850,-308.55,BELOW_SPOT,,53.0,53.0,NSE_FO|46979,1435,456,,0,3911,0,False,401.1,45.85,12.9064,18.31,True,399.1,130,400.45,195,,,399.775,1.35,0.0034,308.55,92.55,NSE_FO|46980,53550,24766,,-92,272870,951,False,9.9,-4.4,-30.7692,9.55,True,9.8,33670,9.9,49140,,,9.85,0.1,0.0102,0.0,9.9,37.3171,-24310
2.1.0,20260828_110403_001,2026-08-28T11:04:03+05:30,2026-08-28T11:04:03+05:30,Asia/Kolkata,UPSTOX,NIFTY,2026-09-01,65,b241feecf811c161,0.0,False,24158.55,24158.45,24122.6,24188.3,24106.55,24090.85,10.76,24150,24150,23900,-258.55,BELOW_SPOT,,53.0,53.0,NSE_FO|46981,5011,1411,,4,24121,36,False,353.0,39.25,12.51,17.26,True,353.0,65,353.5,195,,,353.25,0.5,0.0014,258.55,94.45,NSE_FO|46982,114653,46670,,172,544134,805,False,12.8,-6.45,-33.5065,9.12,True,12.8,19370,12.9,32110,,,12.85,0.1,0.0078,0.0,12.8,22.8803,-45259
2.1.0,20260828_110403_001,2026-08-28T11:04:03+05:30,2026-08-28T11:04:03+05:30,Asia/Kolkata,UPSTOX,NIFTY,2026-09-01,65,b241feecf811c161,0.0,False,24158.55,24158.45,24122.6,24188.3,24106.55,24090.85,10.76,24150,24150,23950,-208.55,BELOW_SPOT,,53.0,53.0,NSE_FO|46983,3780,1605,,-3,23800,23,False,308.0,38.75,14.3918,15.98,True,306.6,325,307.5,585,,,307.05,0.9,0.0029,208.55,99.45,NSE_FO|46984,62245,30427,,12,397300,768,False,17.2,-8.35,-32.681,8.73,True,17.15,16055,17.25,15860,,,17.2,0.1,0.0058,0.0,17.2,16.4669,-28822
2.1.0,20260828_110403_001,2026-08-28T11:04:03+05:30,2026-08-28T11:04:03+05:30,Asia/Kolkata,UPSTOX,NIFTY,2026-09-01,65,b241feecf811c161,0.0,False,24158.55,24158.45,24122.6,24188.3,24106.55,24090.85,10.76,24150,24150,24000,-158.55,BELOW_SPOT,,53.0,53.0,NSE_FO|46985,32084,6027,,8,224493,443,False,262.75,35.0,15.3677,14.89,True,263.0,65,263.45,195,,,263.225,0.45,0.0017,158.55,104.2,NSE_FO|46986,207165,97847,,263,1167270,2434,False,23.3,-11.8,-33.6182,8.34,True,23.25,6890,23.35,11115,,,23.3,0.1,0.0043,0.0,23.3,6.457,-91820
2.1.0,20260828_110403_001,2026-08-28T11:04:03+05:30,2026-08-28T11:04:03+05:30,Asia/Kolkata,UPSTOX,NIFTY,2026-09-01,65,b241feecf811c161,0.0,False,24158.55,24158.45,24122.6,24188.3,24106.55,24090.85,10.76,24150,24150,24050,-108.55,BELOW_SPOT,,53.0,53.0,NSE_FO|46987,16092,5669,,96,186642,283,False,221.75,30.45,15.9174,13.96,True,221.25,260,221.75,325,,,221.5,0.5,0.0023,108.55,113.2,NSE_FO|46988,107824,70878,,-248,753275,1253,False,31.3,-15.35,-32.9046,7.92,True,31.25,3055,31.3,65,,,31.275,0.05,0.0016,0.0,31.3,6.7005,-65209
2.1.0,20260828_110403_001,2026-08-28T11:04:03+05:30,2026-08-28T11:04:03+05:30,Asia/Kolkata,UPSTOX,NIFTY,2026-09-01,65,b241feecf811c161,0.0,False,24158.55,24158.45,24122.6,24188.3,24106.55,24090.85,10.76,24150,24150,24100,-58.55,BELOW_SPOT,,53.0,53.0,NSE_FO|46989,73883,27398,,557,1046873,2225,False,182.2,26.95,17.3591,13.21,True,182.25,195,182.7,520,,,182.475,0.45,0.0025,58.55,123.65,NSE_FO|46990,279878,195695,,1087,2047691,5690,False,42.5,-19.65,-31.6171,7.54,True,42.4,6565,42.5,3250,,,42.45,0.1,0.0024,0.0,42.5,3.7881,-168297
2.1.0,20260828_110403_001,2026-08-28T11:04:03+05:30,2026-08-28T11:04:03+05:30,Asia/Kolkata,UPSTOX,NIFTY,2026-09-01,65,b241feecf811c161,0.0,False,24158.55,24158.45,24122.6,24188.3,24106.55,24090.85,10.76,24150,24150,24150,-8.55,ATM,,53.0,53.0,NSE_FO|46991,117408,57171,,556,1418960,2622,False,146.3,19.45,15.3331,12.42,True,146.45,390,146.75,195,,,146.6,0.3,0.002,8.55,137.75,NSE_FO|46992,251646,197396,,1796,2010482,6868,False,56.7,-22.25,-28.1824,7.05,True,56.45,6305,56.65,4290,,,56.55,0.2,0.0035,0.0,56.7,2.1433,-140225
2.1.0,20260828_110403_001,2026-08-28T11:04:03+05:30,2026-08-28T11:04:03+05:30,Asia/Kolkata,UPSTOX,NIFTY,2026-09-01,65,b241feecf811c161,0.0,False,24158.55,24158.45,24122.6,24188.3,24106.55,24090.85,10.76,24150,24150,24200,41.45,ABOVE_SPOT,,53.0,53.0,NSE_FO|46993,247824,94136,,993,1964949,6155,False,115.05,16.3,16.5063,11.85,True,115.0,33865,115.1,130,,,115.05,0.1,0.0009,0.0,115.05,NSE_FO|46994,295212,194034,,1004,1775702,5781,False,75.15,-27.65,-26.8969,6.49,True,74.9,3770,75.15,4420,,,75.025,0.25,0.0033,41.45,33.7,1.1912,-99898
2.1.0,20260828_110403_001,2026-08-28T11:04:03+05:30,2026-08-28T11:04:03+05:30,Asia/Kolkata,UPSTOX,NIFTY,2026-09-01,65,b241feecf811c161,0.0,False,24158.55,24158.45,24122.6,24188.3,24106.55,24090.85,10.76,24150,24150,24250,91.45,ABOVE_SPOT,,53.0,53.0,NSE_FO|46995,156895,67883,,685,1113960,2774,False,87.4,10.5,13.6541,11.33,True,87.45,2535,87.7,2405,,,87.575,0.25,0.0029,0.0,87.4,NSE_FO|46996,94478,53948,,458,578398,1890,False,97.7,-31.15,-24.1754,5.72,True,97.3,2080,97.55,195,,,97.425,0.25,0.0026,91.45,6.25,0.6022,13935
2.1.0,20260828_110403_001,2026-08-28T11:04:03+05:30,2026-08-28T11:04:03+05:30,Asia/Kolkata,UPSTOX,NIFTY,2026-09-01,65,b241feecf811c161,0.0,False,24158.55,24158.45,24122.6,24188.3,24106.55,24090.85,10.76,24150,24150,24300,141.45,ABOVE_SPOT,,53.0,53.0,NSE_FO|46997,260675,57345,,453,1419826,3102,False,64.85,6.9,11.9068,10.94,True,64.7,4420,64.9,3705,,,64.8,0.2,0.0031,0.0,64.85,NSE_FO|46998,115475,39435,,455,653985,1563,False,124.95,-37.4,-23.0366,4.47,True,124.8,130,124.95,195,,,124.875,0.15,0.0012,141.45,-16.5,0.443,17910
2.1.0,20260828_110403_001,2026-08-28T11:04:03+05:30,2026-08-28T11:04:03+05:30,Asia/Kolkata,UPSTOX,NIFTY,2026-09-01,65,b241feecf811c161,0.0,False,24158.55,24158.45,24122.6,24188.3,24106.55,24090.85,10.76,24150,24150,24350,191.45,ABOVE_SPOT,,53.0,53.0,NSE_FO|46999,166691,43376,,159,764403,1947,False,46.5,2.95,6.7738,10.6,True,46.5,1040,46.55,1950,,,46.525,0.05,0.0011,0.0,46.5,NSE_FO|47000,35140,9600,,167,141732,587,False,156.65,-38.35,-19.6667,0.0,False,156.3,1235,156.65,130,,,156.475,0.35,0.0022,191.45,-34.8,0.2108,33776
2.1.0,20260828_110403_001,2026-08-28T11:04:03+05:30,2026-08-28T11:04:03+05:30,Asia/Kolkata,UPSTOX,NIFTY,2026-09-01,65,b241feecf811c161,0.0,False,24158.55,24158.45,24122.6,24188.3,24106.55,24090.85,10.76,24150,24150,24400,241.45,ABOVE_SPOT,,53.0,53.0,NSE_FO|47001,227422,39209,,74,951131,2120,False,32.85,1.05,3.3019,10.41,True,32.7,6695,32.8,2470,,,32.75,0.1,0.0031,0.0,32.85,NSE_FO|47002,41554,6751,,68,156180,367,False,193.0,-41.65,-17.7498,0.0,False,192.35,585,192.6,845,,,192.475,0.25,0.0013,241.45,-48.45,0.1827,32458
2.1.0,20260828_110403_001,2026-08-28T11:04:03+05:30,2026-08-28T11:04:03+05:30,Asia/Kolkata,UPSTOX,NIFTY,2026-09-01,65,b241feecf811c161,0.0,False,24158.55,24158.45,24122.6,24188.3,24106.55,24090.85,10.76,24150,24150,24450,291.45,ABOVE_SPOT,,53.0,53.0,NSE_FO|47003,96091,14990,,380,517291,921,False,22.7,-0.75,-3.1983,10.28,True,22.7,2145,22.75,2925,,,22.725,0.05,0.0022,0.0,22.7,NSE_FO|47004,10684,1726,,14,24099,64,False,232.3,-42.35,-15.4196,0.0,False,232.35,390,233.0,260,,,232.675,0.65,0.0028,291.45,-59.15,0.1112,13264
2.1.0,20260828_110403_001,2026-08-28T11:04:03+05:30,2026-08-28T11:04:03+05:30,Asia/Kolkata,UPSTOX,NIFTY,2026-09-01,65,b241feecf811c161,0.0,False,24158.55,24158.45,24122.6,24188.3,24106.55,24090.85,10.76,24150,24150,24500,341.45,ABOVE_SPOT,,53.0,53.0,NSE_FO|47005,218865,25972,,469,867814,1578,False,15.75,-1.9,-10.7649,10.27,True,15.7,13390,15.75,585,,,15.725,0.05,0.0032,0.0,15.75,NSE_FO|47006,35464,3861,,-9,67374,151,False,275.75,-41.75,-13.1496,0.0,False,274.9,455,275.6,260,,,275.25,0.7,0.0025,341.45,-65.7,0.162,22111
2.1.0,20260828_110403_001,2026-08-28T11:04:03+05:30,2026-08-28T11:04:03+05:30,Asia/Kolkata,UPSTOX,NIFTY,2026-09-01,65,b241feecf811c161,0.0,False,24158.55,24158.45,24122.6,24188.3,24106.55,24090.85,10.76,24150,24150,24550,391.45,ABOVE_SPOT,,53.0,53.0,NSE_FO|47007,80241,15941,,122,404544,736,False,10.7,-2.0,-15.748,10.3,True,10.75,260,10.8,12935,,,10.775,0.05,0.0046,0.0,10.7,NSE_FO|47008,3081,104,,10,5889,6,False,316.95,-46.85,-12.878,0.0,False,319.95,390,320.95,975,,,320.45,1.0,0.0031,391.45,-74.5,0.0384,15837
2.1.0,20260828_110403_001,2026-08-28T11:04:03+05:30,2026-08-28T11:04:03+05:30,Asia/Kolkata,UPSTOX,NIFTY,2026-09-01,65,b241feecf811c161,0.0,False,24158.55,24158.45,24122.6,24188.3,24106.55,24090.85,10.76,24150,24150,24600,441.45,ABOVE_SPOT,,53.0,53.0,NSE_FO|47009,146233,22945,,284,484925,486,False,7.55,-1.9,-20.1058,10.44,True,7.5,71890,7.6,54470,,,7.55,0.1,0.0132,0.0,7.55,NSE_FO|47010,7972,-683,,2,9560,4,False,363.2,-47.7,-11.6087,0.0,False,366.45,325,367.55,195,,,367.0,1.1,0.003,441.45,-78.25,0.0545,23628
2.1.0,20260828_110403_001,2026-08-28T11:04:03+05:30,2026-08-28T11:04:03+05:30,Asia/Kolkata,UPSTOX,NIFTY,2026-09-01,65,b241feecf811c161,0.0,False,24158.55,24158.45,24122.6,24188.3,24106.55,24090.85,10.76,24150,24150,24650,491.45,ABOVE_SPOT,,53.0,53.0,NSE_FO|47011,61355,17540,,96,272735,295,False,5.5,-1.95,-26.1745,10.68,True,5.5,8515,5.55,30680,,,5.525,0.05,0.009,0.0,5.5,NSE_FO|47012,1820,-213,,2,1327,2,False,413.0,-50.15,-10.828,0.0,False,414.35,130,415.8,260,,,415.075,1.45,0.0035,491.45,-78.45,0.0297,17753
2.1.0,20260828_110403_001,2026-08-28T11:04:03+05:30,2026-08-28T11:04:03+05:30,Asia/Kolkata,UPSTOX,NIFTY,2026-09-01,65,b241feecf811c161,0.0,False,24158.55,24158.45,24122.6,24188.3,24106.55,24090.85,10.76,24150,24150,24700,541.45,ABOVE_SPOT,,53.0,53.0,NSE_FO|47013,116433,15816,,2,360298,848,False,4.2,-1.6,-27.5862,10.99,True,4.2,83655,4.25,78650,,,4.225,0.05,0.0118,0.0,4.2,NSE_FO|47014,6223,2093,,1,6891,4,False,459.95,-53.45,-10.411,0.0,False,463.65,130,465.1,390,,,464.375,1.45,0.0031,541.45,-81.5,0.0534,13723
2.1.0,20260828_110403_001,2026-08-28T11:04:03+05:30,2026-08-28T11:04:03+05:30,Asia/Kolkata,UPSTOX,NIFTY,2026-09-01,65,b241feecf811c161,0.0,False,24158.55,24158.45,24122.6,24188.3,24106.55,24090.85,10.76,24150,24150,24750,591.45,ABOVE_SPOT,,53.0,53.0,NSE_FO|47015,57526,12171,,20,176238,24,False,3.4,-1.45,-29.8969,11.41,True,3.4,31720,3.45,36270,,,3.425,0.05,0.0146,0.0,3.4,NSE_FO|47016,1196,-41,,0,214,0,False,512.95,-43.25,-7.776,0.0,False,512.15,65,514.45,65,,,513.3,2.3,0.0045,591.45,-78.5,0.0208,12212
2.1.0,20260828_110502_999,2026-08-28T11:05:02+05:30,2026-08-28T11:05:02+05:30,Asia/Kolkata,UPSTOX,NIFTY,2026-09-01,65,efb240d7a075a738,0.0,False,24160.5,24159.9,24122.6,24188.3,24106.55,24090.85,10.74,24150,24150,23550,-610.5,BELOW_SPOT,,59.0,59.0,NSE_FO|46967,250,-15,,0,37,0,False,690.65,41.35,6.3684,24.84,True,696.45,65,700.9,65,,,698.675,4.45,0.0064,610.5,80.15,NSE_FO|46968,39460,29726,,-11,118667,12,False,3.6,-0.15,-4.0,13.06,True,3.6,45695,3.65,34320,,,3.625,0.05,0.0138,0.0,3.6,157.84,-29741
2.1.0,20260828_110502_999,2026-08-28T11:05:02+05:30,2026-08-28T11:05:02+05:30,Asia/Kolkata,UPSTOX,NIFTY,2026-09-01,65,efb240d7a075a738,0.0,False,24160.5,24159.9,24122.6,24188.3,24106.55,24090.85,10.74,24150,24150,23600,-560.5,BELOW_SPOT,,59.0,59.0,NSE_FO|46969,592,-104,,-1,515,1,False,649.35,57.25,9.669,24.87,True,647.8,65,650.85,65,,,649.325,3.05,0.0047,560.5,88.85,NSE_FO|46970,77212,25852,,-61,209305,47,False,4.05,-0.4,-8.9888,12.45,True,4.0,11895,4.05,85280,,,4.025,0.05,0.0124,0.0,4.05,130.4257,-25956
2.1.0,20260828_110502_999,2026-08-28T11:05:02+05:30,2026-08-28T11:05:02+05:30,Asia/Kolkata,UPSTOX,NIFTY,2026-09-01,65,efb240d7a075a738,0.0,False,24160.5,24159.9,24122.6,24188.3,24106.55,24090.85,10.74,24150,24150,23650,-510.5,BELOW_SPOT,,59.0,59.0,NSE_FO|46971,318,12,,0,187,0,False,590.4,48.05,8.8596,22.16,True,597.85,65,601.5,130,,,599.675,3.65,0.0061,510.5,79.9,NSE_FO|46972,38237,16152,,-14,170058,51,False,4.45,-0.95,-17.5926,11.78,True,4.45,44265,4.5,36985,,,4.475,0.05,0.0112,0.0,4.45,120.2421,-16140
2.1.0,20260828_110502_999,2026-08-28T11:05:02+05:30,2026-08-28T11:05:02+05:30,Asia/Kolkata,UPSTOX,NIFTY,2026-09-01,65,efb240d7a075a738,0.0,False,24160.5,24159.9,24122.6,24188.3,24106.55,24090.85,10.74,24150,24150,23700,-460.5,BELOW_SPOT,,59.0,59.0,NSE_FO|46973,2785,1,,0,1466,2,False,550.0,47.7,9.4963,22.2,True,548.75,260,551.05,130,,,549.9,2.3,0.0042,460.5,89.5,NSE_FO|46974,99654,21050,,-49,290548,676,False,5.2,-1.55,-22.963,11.17,True,5.15,60645,5.2,28730,,,5.175,0.05,0.0097,0.0,5.2,35.7824,-21049
2.1.0,20260828_110502_999,2026-08-28T11:05:02+05:30,2026-08-28T11:05:02+05:30,Asia/Kolkata,UPSTOX,NIFTY,2026-09-01,65,efb240d7a075a738,0.0,False,24160.5,24159.9,24122.6,24188.3,24106.55,24090.85,10.74,24150,24150,23750,-410.5,BELOW_SPOT,,59.0,59.0,NSE_FO|46975,668,118,,-1,1090,1,False,500.15,46.45,10.238,20.8,True,500.25,130,502.75,130,,,501.5,2.5,0.005,410.5,89.65,NSE_FO|46976,47850,16821,,-63,245414,423,False,6.2,-2.4,-27.907,10.62,True,6.2,4355,6.25,28145,,,6.225,0.05,0.008,0.0,6.2,71.6317,-16703
2.1.0,20260828_110502_999,2026-08-28T11:05:02+05:30,2026-08-28T11:05:02+05:30,Asia/Kolkata,UPSTOX,NIFTY,2026-09-01,65,efb240d7a075a738,0.0,False,24160.5,24159.9,24122.6,24188.3,24106.55,24090.85,10.74,24150,24150,23800,-360.5,BELOW_SPOT,,59.0,59.0,NSE_FO|46977,3108,198,,-2,7426,1,False,449.0,46.6,11.5805,19.21,True,451.9,195,453.6,260,,,452.75,1.7,0.0038,360.5,88.5,NSE_FO|46978,131869,34260,,-185,455919,822,False,7.5,-3.6,-32.4324,10.04,True,7.45,32305,7.5,21840,,,7.475,0.05,0.0067,0.0,7.5,42.4289,-34062
2.1.0,20260828_110502_999,2026-08-28T11:05:02+05:30,2026-08-28T11:05:02+05:30,Asia/Kolkata,UPSTOX,NIFTY,2026-09-01,65,efb240d7a075a738,0.0,False,24160.5,24159.9,24122.6,24188.3,24106.55,24090.85,10.74,24150,24150,23850,-310.5,BELOW_SPOT,,59.0,59.0,NSE_FO|46979,1431,452,,-4,3913,2,False,405.0,49.75,14.0042,18.49,True,404.2,195,405.7,260,,,404.95,1.5,0.0037,310.5,94.5,NSE_FO|46980,53473,24689,,-77,274185,1315,False,9.45,-4.85,-33.9161,9.54,True,9.4,14885,9.45,22685,,,9.425,0.05,0.0053,0.0,9.45,37.3676,-24237
2.1.0,20260828_110502_999,2026-08-28T11:05:02+05:30,2026-08-28T11:05:02+05:30,Asia/Kolkata,UPSTOX,NIFTY,2026-09-01,65,efb240d7a075a738,0.0,False,24160.5,24159.9,24122.6,24188.3,24106.55,24090.85,10.74,24150,24150,23900,-260.5,BELOW_SPOT,,59.0,59.0,NSE_FO|46981,5018,1418,,7,24156,35,False,358.1,44.35,14.1355,17.33,True,356.75,130,357.75,195,,,357.25,1.0,0.0028,260.5,97.6,NSE_FO|46982,114800,46817,,147,545323,1189,False,12.25,-7.0,-36.3636,9.08,True,12.25,25805,12.35,17875,,,12.3,0.1,0.0081,0.0,12.25,22.8776,-45399
2.1.0,20260828_110502_999,2026-08-28T11:05:02+05:30,2026-08-28T11:05:02+05:30,Asia/Kolkata,UPSTOX,NIFTY,2026-09-01,65,efb240d7a075a738,0.0,False,24160.5,24159.9,24122.6,24188.3,24106.55,24090.85,10.74,24150,24150,23950,-210.5,BELOW_SPOT,,59.0,59.0,NSE_FO|46983,3776,1601,,-4,23805,5,False,312.3,43.05,15.9889,16.07,True,311.6,260,312.45,260,,,312.025,0.85,0.0027,210.5,101.8,NSE_FO|46984,62163,30345,,-82,398676,1376,False,16.35,-9.2,-36.0078,8.65,True,16.4,7150,16.45,2470,,,16.425,0.05,0.003,0.0,16.35,16.4627,-28744
2.1.0,20260828_110502_999,2026-08-28T11:05:02+05:30,2026-08-28T11:05:02+05:30,Asia/Kolkata,UPSTOX,NIFTY,2026-09-01,65,efb240d7a075a738,0.0,False,24160.5,24159.9,24122.6,24188.3,24106.55,24090.85,10.74,24150,24150,24000,-160.5,BELOW_SPOT,,59.0,59.0,NSE_FO|46985,31969,5912,,-115,224854,361,False,266.95,39.2,17.2119,15.21,True,267.55,650,268.2,455,,,267.875,0.65,0.0024,160.5,106.45,NSE_FO|46986,207351,98033,,186,1170300,3030,False,22.25,-12.85,-36.6097,8.29,True,22.25,2275,22.3,1430,,,22.275,0.05,0.0022,0.0,22.25,6.486,-92121
2.1.0,20260828_110502_999,2026-08-28T11:05:02+05:30,2026-08-28T11:05:02+05:30,Asia/Kolkata,UPSTOX,NIFTY,2026-09-01,65,efb240d7a075a738,0.0,False,24160.5,24159.9,24122.6,24188.3,24106.55,24090.85,10.74,24150,24150,24050,-110.5,BELOW_SPOT,,59.0,59.0,NSE_FO|46987,16115,5692,,23,186939,297,False,225.1,33.8,17.6686,14.21,True,225.4,130,225.95,195,,,225.675,0.55,0.0024,110.5,114.6,NSE_FO|46988,108100,71154,,276,756780,3505,False,29.9,-16.75,-35.9057,7.85,True,29.9,10270,30.0,1365,,,29.95,0.1,0.0033,0.0,29.9,6.708,-65462
2.1.0,20260828_110502_999,2026-08-28T11:05:02+05:30,2026-08-28T11:05:02+05:30,Asia/Kolkata,UPSTOX,NIFTY,2026-09-01,65,efb240d7a075a738,0.0,False,24160.5,24159.9,24122.6,24188.3,24106.55,24090.85,10.74,24150,24150,24100,-60.5,BELOW_SPOT,,59.0,59.0,NSE_FO|46989,74113,27628,,230,1048731,1858,False,186.15,30.9,19.9034,13.42,True,185.5,390,186.0,1885,,,185.75,0.5,0.0027,60.5,125.65,NSE_FO|46990,280746,196563,,868,2053454,5763,False,40.85,-21.3,-34.2719,7.45,True,40.8,2665,40.9,780,,,40.85,0.1,0.0024,0.0,40.85,3.7881,-168935
2.1.0,20260828_110502_999,2026-08-28T11:05:02+05:30,2026-08-28T11:05:02+05:30,Asia/Kolkata,UPSTOX,NIFTY,2026-09-01,65,efb240d7a075a738,0.0,False,24160.5,24159.9,24122.6,24188.3,24106.55,24090.85,10.74,24150,24150,24150,-10.5,ATM,,59.0,59.0,NSE_FO|46991,117619,57382,,211,1422407,3447,False,150.0,23.15,18.2499,12.63,True,149.3,65,149.6,325,,,149.45,0.3,0.002,10.5,139.5,NSE_FO|46992,252729,198479,,1083,2019358,8876,False,54.3,-24.65,-31.2223,6.95,True,54.45,5590,54.6,845,,,54.525,0.15,0.0028,0.0,54.3,2.1487,-141097
2.1.0,20260828_110502_999,2026-08-28T11:05:02+05:30,2026-08-28T11:05:02+05:30,Asia/Kolkata,UPSTOX,NIFTY,2026-09-01,65,efb240d7a075a738,0.0,False,24160.5,24159.9,24122.6,24188.3,24106.55,24090.85,10.74,24150,24150,24200,39.5,ABOVE_SPOT,,59.0,59.0,NSE_FO|46993,247979,94291,,155,1969549,4600,False,117.8,19.05,19.2911,11.96,True,117.5,1170,117.8,2145,,,117.65,0.3,0.0025,0.0,117.8,NSE_FO|46994,295501,194323,,289,1782770,7068,False,72.25,-30.55,-29.7179,6.39,True,72.3,1365,72.5,4745,,,72.4,0.2,0.0028,39.5,32.75,1.1916,-100032
2.1.0,20260828_110502_999,2026-08-28T11:05:02+05:30,2026-08-28T11:05:02+05:30,Asia/Kolkata,UPSTOX,NIFTY,2026-09-01,65,efb240d7a075a738,0.0,False,24160.5,24159.9,24122.6,24188.3,24106.55,24090.85,10.74,24150,24150,24250,89.5,ABOVE_SPOT,,59.0,59.0,NSE_FO|46995,157103,68091,,208,1117843,3883,False,89.95,13.05,16.9701,11.47,True,89.6,260,89.8,3315,,,89.7,0.2,0.0022,0.0,89.95,NSE_FO|46996,94427,53897,,-51,581093,2695,False,94.25,-34.6,-26.8529,5.61,True,94.35,650,94.55,260,,,94.45,0.2,0.0021,89.5,4.75,0.6011,14194
2.1.0,20260828_110502_999,2026-08-28T11:05:02+05:30,2026-08-28T11:05:02+05:30,Asia/Kolkata,UPSTOX,NIFTY,2026-09-01,65,efb240d7a075a738,0.0,False,24160.5,24159.9,24122.6,24188.3,24106.55,24090.85,10.74,24150,24150,24300,139.5,ABOVE_SPOT,,59.0,59.0,NSE_FO|46997,260894,57564,,219,1423644,3818,False,66.5,8.55,14.7541,11.03,True,66.6,650,66.75,1560,,,66.675,0.15,0.0022,0.0,66.5,NSE_FO|46998,115374,39334,,-101,656147,2162,False,121.2,-41.15,-25.3465,4.24,True,120.9,1235,121.2,845,,,121.05,0.3,0.0025,139.5,-18.3,0.4422,18230
2.1.0,20260828_110502_999,2026-08-28T11:05:02+05:30,2026-08-28T11:05:02+05:30,Asia/Kolkata,UPSTOX,NIFTY,2026-09-01,65,efb240d7a075a738,0.0,False,24160.5,24159.9,24122.6,24188.3,24106.55,24090.85,10.74,24150,24150,24350,189.5,ABOVE_SPOT,,59.0,59.0,NSE_FO|46999,166550,43235,,-141,766071,1668,False,47.8,4.25,9.7589,10.7,True,47.9,3965,48.05,4810,,,47.975,0.15,0.0031,0.0,47.8,NSE_FO|47000,35187,9647,,47,142150,418,False,152.8,-42.2,-21.641,0.0,False,152.1,1300,152.5,520,,,152.3,0.4,0.0026,189.5,-36.7,0.2113,33588
2.1.0,20260828_110502_999,2026-08-28T11:05:02+05:30,2026-08-28T11:05:02+05:30,Asia/Kolkata,UPSTOX,NIFTY,2026-09-01,65,efb240d7a075a738,0.0,False,24160.5,24159.9,24122.6,24188.3,24106.55,24090.85,10.74,24150,24150,24400,239.5,ABOVE_SPOT,,59.0,59.0,NSE_FO|47001,227356,39143,,-66,952852,1721,False,33.65,1.85,5.8176,10.45,True,33.7,390,33.8,8905,,,33.75,0.1,0.003,0.0,33.65,NSE_FO|47002,41612,6809,,58,156675,495,False,188.55,-46.1,-19.6463,0.0,False,187.85,715,188.3,390,,,188.075,0.45,0.0024,239.5,-50.95,0.183,32334
2.1.0,20260828_110502_999,2026-08-28T11:05:02+05:30,2026-08-28T11:05:02+05:30,Asia/Kolkata,UPSTOX,NIFTY,2026-09-01,65,efb240d7a075a738,0.0,False,24160.5,24159.9,24122.6,24188.3,24106.55,24090.85,10.74,24150,24150,24450,289.5,ABOVE_SPOT,,59.0,59.0,NSE_FO|47003,96235,15134,,144,518266,975,False,23.3,-0.15,-0.6397,10.31,True,23.25,4355,23.35,10140,,,23.3,0.1,0.0043,0.0,23.3,NSE_FO|47004,10662,1704,,-22,24196,97,False,228.0,-46.65,-16.9853,0.0,False,227.95,260,228.55,260,,,228.25,0.6,0.0026,289.5,-61.5,0.1108,13430
2.1.0,20260828_110502_999,2026-08-28T11:05:02+05:30,2026-08-28T11:05:02+05:30,Asia/Kolkata,UPSTOX,NIFTY,2026-09-01,65,efb240d7a075a738,0.0,False,24160.5,24159.9,24122.6,24188.3,24106.55,24090.85,10.74,24150,24150,24500,339.5,ABOVE_SPOT,,59.0,59.0,NSE_FO|47005,219087,26194,,222,870234,2420,False,16.15,-1.5,-8.4986,10.28,True,16.05,9685,16.1,9555,,,16.075,0.05,0.0031,0.0,16.15,NSE_FO|47006,35485,3882,,21,67521,147,False,270.15,-47.35,-14.9134,0.0,False,270.45,195,271.1,130,,,270.775,0.65,0.0024,339.5,-69.35,0.162,22312
2.1.0,20260828_110502_999,2026-08-28T11:05:02+05:30,2026-08-28T11:05:02+05:30,Asia/Kolkata,UPSTOX,NIFTY,2026-09-01,65,efb240d7a075a738,0.0,False,24160.5,24159.9,24122.6,24188.3,24106.55,24090.85,10.74,24150,24150,24550,389.5,ABOVE_SPOT,,59.0,59.0,NSE_FO|47007,80201,15901,,-40,405012,468,False,11.0,-1.7,-13.3858,10.3,True,11.0,520,11.05,17420,,,11.025,0.05,0.0045,0.0,11.0,NSE_FO|47008,3081,104,,0,5914,25,False,314.95,-48.85,-13.4277,0.0,False,314.95,845,316.0,585,,,315.475,1.05,0.0033,389.5,-74.55,0.0384,15797
2.1.0,20260828_110502_999,2026-08-28T11:05:02+05:30,2026-08-28T11:05:02+05:30,Asia/Kolkata,UPSTOX,NIFTY,2026-09-01,65,efb240d7a075a738,0.0,False,24160.5,24159.9,24122.6,24188.3,24106.55,24090.85,10.74,24150,24150,24600,439.5,ABOVE_SPOT,,59.0,59.0,NSE_FO|47009,146218,22930,,-15,485864,939,False,7.7,-1.75,-18.5185,10.41,True,7.65,27040,7.7,13650,,,7.675,0.05,0.0065,0.0,7.7,NSE_FO|47010,7972,-683,,0,9573,13,False,361.2,-49.7,-12.0954,0.0,False,361.7,260,362.7,195,,,362.2,1.0,0.0028,439.5,-78.3,0.0545,23613
2.1.0,20260828_110502_999,2026-08-28T11:05:02+05:30,2026-08-28T11:05:02+05:30,Asia/Kolkata,UPSTOX,NIFTY,2026-09-01,65,efb240d7a075a738,0.0,False,24160.5,24159.9,24122.6,24188.3,24106.55,24090.85,10.74,24150,24150,24650,489.5,ABOVE_SPOT,,59.0,59.0,NSE_FO|47011,61499,17684,,144,272920,185,False,5.6,-1.85,-24.8322,10.65,True,5.55,36140,5.65,34385,,,5.6,0.1,0.0179,0.0,5.6,NSE_FO|47012,1821,-212,,1,1330,3,False,407.95,-55.2,-11.9184,0.0,False,408.6,845,410.35,195,,,409.475,1.75,0.0043,489.5,-81.55,0.0296,17896
2.1.0,20260828_110502_999,2026-08-28T11:05:02+05:30,2026-08-28T11:05:02+05:30,Asia/Kolkata,UPSTOX,NIFTY,2026-09-01,65,efb240d7a075a738,0.0,False,24160.5,24159.9,24122.6,24188.3,24106.55,24090.85,10.74,24150,24150,24700,539.5,ABOVE_SPOT,,59.0,59.0,NSE_FO|47013,116635,16018,,202,360761,463,False,4.3,-1.5,-25.8621,10.96,True,4.25,99970,4.3,60385,,,4.275,0.05,0.0117,0.0,4.3,NSE_FO|47014,6224,2094,,1,6892,1,False,458.9,-54.5,-10.6155,0.0,False,457.95,195,459.45,65,,,458.7,1.5,0.0033,539.5,-80.6,0.0534,13924
2.1.0,20260828_110502_999,2026-08-28T11:05:02+05:30,2026-08-28T11:05:02+05:30,Asia/Kolkata,UPSTOX,NIFTY,2026-09-01,65,efb240d7a075a738,0.0,False,24160.5,24159.9,24122.6,24188.3,24106.55,24090.85,10.74,24150,24150,24750,589.5,ABOVE_SPOT,,59.0,59.0,NSE_FO|47015,57525,12170,,-1,176241,3,False,3.4,-1.45,-29.8969,11.35,True,3.4,45695,3.45,30030,,,3.425,0.05,0.0146,0.0,3.4,NSE_FO|47016,1197,-40,,1,215,1,False,507.1,-49.1,-8.8278,0.0,False,506.45,65,509.0,65,,,507.725,2.55,0.005,589.5,-82.4,0.0208,12210
2.1.0,20260828_110603_000,2026-08-28T11:06:03+05:30,2026-08-28T11:06:03+05:30,Asia/Kolkata,UPSTOX,NIFTY,2026-09-01,65,8430cf33823f345e,0.0,False,24157.45,24157.2,24122.6,24188.3,24106.55,24090.85,10.74,24150,24150,23550,-607.45,BELOW_SPOT,,61.0,61.0,NSE_FO|46967,250,-15,,0,37,0,False,690.65,41.35,6.3684,25.05,True,695.25,65,699.3,65,,,697.275,4.05,0.0058,607.45,83.2,NSE_FO|46968,39540,29806,,80,119064,397,False,3.65,-0.1,-2.6667,13.06,True,3.65,28600,3.7,49400,,,3.675,0.05,0.0136,0.0,3.65,158.16,-29821
2.1.0,20260828_110603_000,2026-08-28T11:06:03+05:30,2026-08-28T11:06:03+05:30,Asia/Kolkata,UPSTOX,NIFTY,2026-09-01,65,8430cf33823f345e,0.0,False,24157.45,24157.2,24122.6,24188.3,24106.55,24090.85,10.74,24150,24150,23600,-557.45,BELOW_SPOT,,61.0,61.0,NSE_FO|46969,592,-104,,0,515,0,False,649.35,57.25,9.669,25.05,True,646.0,65,648.7,130,,,647.35,2.7,0.0042,557.45,91.9,NSE_FO|46970,77269,25909,,57,209544,239,False,4.05,-0.4,-8.9888,12.45,True,4.0,114855,4.05,64220,,,4.025,0.05,0.0124,0.0,4.05,130.522,-26013
2.1.0,20260828_110603_000,2026-08-28T11:06:03+05:30,2026-08-28T11:06:03+05:30,Asia/Kolkata,UPSTOX,NIFTY,2026-09-01,65,8430cf33823f345e,0.0,False,24157.45,24157.2,24122.6,24188.3,24106.55,24090.85,10.74,24150,24150,23650,-507.45,BELOW_SPOT,,61.0,61.0,NSE_FO|46971,318,12,,0,187,0,False,590.4,48.05,8.8596,22.35,True,597.05,65,599.2,65,,,598.125,2.15,0.0036,507.45,82.95,NSE_FO|46972,38263,16178,,26,170224,166,False,4.55,-0.85,-15.7407,11.78,True,4.5,38740,4.55,23465,,,4.525,0.05,0.011,0.0,4.55,120.3239,-16166
2.1.0,20260828_110603_000,2026-08-28T11:06:03+05:30,2026-08-28T11:06:03+05:30,Asia/Kolkata,UPSTOX,NIFTY,2026-09-01,65,8430cf33823f345e,0.0,False,24157.45,24157.2,24122.6,24188.3,24106.55,24090.85,10.74,24150,24150,23700,-457.45,BELOW_SPOT,,61.0,61.0,NSE_FO|46973,2785,1,,0,1470,4,False,548.6,46.3,9.2176,22.17,True,547.25,130,549.3,130,,,548.275,2.05,0.0037,457.45,91.15,NSE_FO|46974,99576,20972,,-78,291296,748,False,5.25,-1.5,-22.2222,11.17,True,5.2,72995,5.3,69160,,,5.25,0.1,0.019,0.0,5.25,35.7544,-20971
2.1.0,20260828_110603_000,2026-08-28T11:06:03+05:30,2026-08-28T11:06:03+05:30,Asia/Kolkata,UPSTOX,NIFTY,2026-09-01,65,8430cf33823f345e,0.0,False,24157.45,24157.2,24122.6,24188.3,24106.55,24090.85,10.74,24150,24150,23750,-407.45,BELOW_SPOT,,61.0,61.0,NSE_FO|46975,668,118,,0,1090,0,False,500.15,46.45,10.238,20.97,True,498.7,390,500.55,130,,,499.625,1.85,0.0037,407.45,92.7,NSE_FO|46976,47959,16930,,109,245569,155,False,6.35,-2.25,-26.1628,10.62,True,6.25,24570,6.3,11375,,,6.275,0.05,0.008,0.0,6.35,71.7949,-16812
2.1.0,20260828_110603_000,2026-08-28T11:06:03+05:30,2026-08-28T11:06:03+05:30,Asia/Kolkata,UPSTOX,NIFTY,2026-09-01,65,8430cf33823f345e,0.0,False,24157.45,24157.2,24122.6,24188.3,24106.55,24090.85,10.74,24150,24150,23800,-357.45,BELOW_SPOT,,61.0,61.0,NSE_FO|46977,3108,198,,0,7429,3,False,450.85,48.45,12.0403,19.61,True,450.15,195,451.75,195,,,450.95,1.6,0.0035,357.45,93.4,NSE_FO|46978,131849,34240,,-20,456911,992,False,7.6,-3.5,-31.5315,10.04,True,7.55,36790,7.6,2795,,,7.575,0.05,0.0066,0.0,7.6,42.4225,-34042
2.1.0,20260828_110603_000,2026-08-28T11:06:03+05:30,2026-08-28T11:06:03+05:30,Asia/Kolkata,UPSTOX,NIFTY,2026-09-01,65,8430cf33823f345e,0.0,False,24157.45,24157.2,24122.6,24188.3,24106.55,24090.85,10.74,24150,24150,23850,-307.45,BELOW_SPOT,,61.0,61.0,NSE_FO|46979,1431,452,,0,3915,2,False,403.7,48.45,13.6383,18.48,True,401.7,325,403.2,260,,,402.45,1.5,0.0037,307.45,96.25,NSE_FO|46980,53570,24786,,97,274675,490,False,9.65,-4.65,-32.5175,9.57,True,9.6,42640,9.7,38610,,,9.65,0.1,0.0104,0.0,9.65,37.4354,-24334
2.1.0,20260828_110603_000,2026-08-28T11:06:03+05:30,2026-08-28T11:06:03+05:30,Asia/Kolkata,UPSTOX,NIFTY,2026-09-01,65,8430cf33823f345e,0.0,False,24157.45,24157.2,24122.6,24188.3,24106.55,24090.85,10.74,24150,24150,23900,-257.45,BELOW_SPOT,,61.0,61.0,NSE_FO|46981,5011,1411,,-7,24173,17,False,356.75,43.0,13.7052,17.33,True,354.85,195,355.75,130,,,355.3,0.9,0.0025,257.45,99.3,NSE_FO|46982,114949,46966,,149,546485,1162,False,12.55,-6.7,-34.8052,9.11,True,12.55,11115,12.6,6240,,,12.575,0.05,0.004,0.0,12.55,22.9393,-45555
2.1.0,20260828_110603_000,2026-08-28T11:06:03+05:30,2026-08-28T11:06:03+05:30,Asia/Kolkata,UPSTOX,NIFTY,2026-09-01,65,8430cf33823f345e,0.0,False,24157.45,24157.2,24122.6,24188.3,24106.55,24090.85,10.74,24150,24150,23950,-207.45,BELOW_SPOT,,61.0,61.0,NSE_FO|46983,3776,1601,,0,23831,26,False,310.7,41.45,15.3946,16.16,True,308.85,260,309.65,260,,,309.25,0.8,0.0026,207.45,103.25,NSE_FO|46984,62421,30603,,258,399611,935,False,16.8,-8.75,-34.2466,8.7,True,16.8,2665,16.85,21710,,,16.825,0.05,0.003,0.0,16.8,16.531,-29002
2.1.0,20260828_110603_000,2026-08-28T11:06:03+05:30,2026-08-28T11:06:03+05:30,Asia/Kolkata,UPSTOX,NIFTY,2026-09-01,65,8430cf33823f345e,0.0,False,24157.45,24157.2,24122.6,24188.3,24106.55,24090.85,10.74,24150,24150,24000,-157.45,BELOW_SPOT,,61.0,61.0,NSE_FO|46985,32032,5975,,63,225214,360,False,265.7,37.95,16.663,15.08,True,266.15,585,266.45,65,,,266.3,0.3,0.0011,157.45,108.25,NSE_FO|46986,207916,98598,,565,1173383,3083,False,22.8,-12.3,-35.0427,8.29,True,22.55,4940,22.65,13130,,,22.6,0.1,0.0044,0.0,22.8,6.4909,-92623
2.1.0,20260828_110603_000,2026-08-28T11:06:03+05:30,2026-08-28T11:06:03+05:30,Asia/Kolkata,UPSTOX,NIFTY,2026-09-01,65,8430cf33823f345e,0.0,False,24157.45,24157.2,24122.6,24188.3,24106.55,24090.85,10.74,24150,24150,24050,-107.45,BELOW_SPOT,,61.0,61.0,NSE_FO|46987,16029,5606,,-86,187174,235,False,224.05,32.75,17.1197,14.13,True,223.85,130,224.4,780,,,224.125,0.55,0.0025,107.45,116.6,NSE_FO|46988,109265,72319,,1165,758531,1751,False,30.6,-16.05,-34.4051,7.89,True,30.4,325,30.45,1170,,,30.425,0.05,0.0016,0.0,30.6,6.8167,-66713
2.1.0,20260828_110603_000,2026-08-28T11:06:03+05:30,2026-08-28T11:06:03+05:30,Asia/Kolkata,UPSTOX,NIFTY,2026-09-01,65,8430cf33823f345e,0.0,False,24157.45,24157.2,24122.6,24188.3,24106.55,24090.85,10.74,24150,24150,24100,-57.45,BELOW_SPOT,,61.0,61.0,NSE_FO|46989,74053,27568,,-60,1050697,1966,False,184.3,29.05,18.7118,13.24,True,184.0,1560,184.45,845,,,184.225,0.45,0.0024,57.45,126.85,NSE_FO|46990,282390,198207,,1644,2058580,5126,False,41.7,-20.45,-32.9043,7.48,True,41.5,6695,41.6,2015,,,41.55,0.1,0.0024,0.0,41.7,3.8133,-170639
2.1.0,20260828_110603_000,2026-08-28T11:06:03+05:30,2026-08-28T11:06:03+05:30,Asia/Kolkata,UPSTOX,NIFTY,2026-09-01,65,8430cf33823f345e,0.0,False,24157.45,24157.2,24122.6,24188.3,24106.55,24090.85,10.74,24150,24150,24150,-7.45,ATM,,61.0,61.0,NSE_FO|46991,117416,57179,,-203,1425383,2976,False,148.0,21.15,16.6732,12.57,True,148.6,845,149.0,1560,,,148.8,0.4,0.0027,7.45,140.55,NSE_FO|46992,253263,199013,,534,2025605,6247,False,55.35,-23.6,-29.8923,6.98,True,55.05,455,55.2,9360,,,55.125,0.15,0.0027,0.0,55.35,2.157,-141834
2.1.0,20260828_110603_000,2026-08-28T11:06:03+05:30,2026-08-28T11:06:03+05:30,Asia/Kolkata,UPSTOX,NIFTY,2026-09-01,65,8430cf33823f345e,0.0,False,24157.45,24157.2,24122.6,24188.3,24106.55,24090.85,10.74,24150,24150,24200,42.55,ABOVE_SPOT,,61.0,61.0,NSE_FO|46993,247940,94252,,-39,1973851,4302,False,116.35,17.6,17.8228,11.92,True,116.5,390,116.75,455,,,116.625,0.25,0.0021,0.0,116.35,NSE_FO|46994,295222,194044,,-279,1787140,4370,False,73.5,-29.3,-28.5019,6.43,True,73.25,1495,73.45,3575,,,73.35,0.2,0.0027,42.55,30.95,1.1907,-99792
2.1.0,20260828_110603_000,2026-08-28T11:06:03+05:30,2026-08-28T11:06:03+05:30,Asia/Kolkata,UPSTOX,NIFTY,2026-09-01,65,8430cf33823f345e,0.0,False,24157.45,24157.2,24122.6,24188.3,24106.55,24090.85,10.74,24150,24150,24250,92.55,ABOVE_SPOT,,61.0,61.0,NSE_FO|46995,156701,67689,,-402,1120690,2847,False,88.4,11.5,14.9545,11.4,True,88.8,1170,88.9,65,,,88.85,0.1,0.0011,0.0,88.4,NSE_FO|46996,94410,53880,,-17,582698,1605,False,95.35,-33.5,-25.9992,5.63,True,95.65,1820,95.95,1560,,,95.8,0.3,0.0031,92.55,2.8,0.6025,13809
2.1.0,20260828_110603_000,2026-08-28T11:06:03+05:30,2026-08-28T11:06:03+05:30,Asia/Kolkata,UPSTOX,NIFTY,2026-09-01,65,8430cf33823f345e,0.0,False,24157.45,24157.2,24122.6,24188.3,24106.55,24090.85,10.74,24150,24150,24300,142.55,ABOVE_SPOT,,61.0,61.0,NSE_FO|46997,260581,57251,,-313,1426496,2852,False,65.6,7.65,13.201,10.96,True,65.55,195,65.65,2405,,,65.6,0.1,0.0015,0.0,65.6,NSE_FO|46998,115303,39263,,-71,658042,1895,False,123.0,-39.35,-24.2378,4.33,True,122.9,195,123.15,520,,,123.025,0.25,0.002,142.55,-19.55,0.4425,17988
2.1.0,20260828_110603_000,2026-08-28T11:06:03+05:30,2026-08-28T11:06:03+05:30,Asia/Kolkata,UPSTOX,NIFTY,2026-09-01,65,8430cf33823f345e,0.0,False,24157.45,24157.2,24122.6,24188.3,24106.55,24090.85,10.74,24150,24150,24350,192.55,ABOVE_SPOT,,61.0,61.0,NSE_FO|46999,166898,43583,,348,767798,1727,False,47.05,3.5,8.0367,10.64,True,47.3,3575,47.45,4550,,,47.375,0.15,0.0032,0.0,47.05,NSE_FO|47000,35167,9627,,-20,142716,566,False,154.6,-40.4,-20.7179,0.0,False,153.65,520,154.0,325,,,153.825,0.35,0.0023,192.55,-37.95,0.2107,33956
2.1.0,20260828_110603_000,2026-08-28T11:06:03+05:30,2026-08-28T11:06:03+05:30,Asia/Kolkata,UPSTOX,NIFTY,2026-09-01,65,8430cf33823f345e,0.0,False,24157.45,24157.2,24122.6,24188.3,24106.55,24090.85,10.74,24150,24150,24400,242.55,ABOVE_SPOT,,61.0,61.0,NSE_FO|47001,227556,39343,,200,955021,2169,False,33.15,1.35,4.2453,10.42,True,33.35,6695,33.45,845,,,33.4,0.1,0.003,0.0,33.15,NSE_FO|47002,41664,6861,,52,156944,269,False,189.95,-44.7,-19.0496,0.0,False,189.5,130,189.85,65,,,189.675,0.35,0.0018,242.55,-52.6,0.1831,32482
2.1.0,20260828_110603_000,2026-08-28T11:06:03+05:30,2026-08-28T11:06:03+05:30,Asia/Kolkata,UPSTOX,NIFTY,2026-09-01,65,8430cf33823f345e,0.0,False,24157.45,24157.2,24122.6,24188.3,24106.55,24090.85,10.74,24150,24150,24450,292.55,ABOVE_SPOT,,61.0,61.0,NSE_FO|47003,96293,15192,,58,519073,807,False,23.05,-0.4,-1.7058,10.3,True,22.95,9815,23.05,4615,,,23.0,0.1,0.0043,0.0,23.05,NSE_FO|47004,10662,1704,,0,24230,34,False,230.7,-43.95,-16.0022,0.0,False,229.9,390,230.5,260,,,230.2,0.6,0.0026,292.55,-61.85,0.1107,13488
2.1.0,20260828_110603_000,2026-08-28T11:06:03+05:30,2026-08-28T11:06:03+05:30,Asia/Kolkata,UPSTOX,NIFTY,2026-09-01,65,8430cf33823f345e,0.0,False,24157.45,24157.2,24122.6,24188.3,24106.55,24090.85,10.74,24150,24150,24500,342.55,ABOVE_SPOT,,61.0,61.0,NSE_FO|47005,219507,26614,,420,872393,2159,False,16.05,-1.6,-9.0652,10.28,True,15.95,24180,16.05,18330,,,16.0,0.1,0.0063,0.0,16.05,NSE_FO|47006,35453,3850,,-32,67693,172,False,271.7,-45.8,-14.4252,0.0,False,271.5,455,272.25,455,,,271.875,0.75,0.0028,342.55,-70.85,0.1615,22764
2.1.0,20260828_110603_000,2026-08-28T11:06:03+05:30,2026-08-28T11:06:03+05:30,Asia/Kolkata,UPSTOX,NIFTY,2026-09-01,65,8430cf33823f345e,0.0,False,24157.45,24157.2,24122.6,24188.3,24106.55,24090.85,10.74,24150,24150,24550,392.55,ABOVE_SPOT,,61.0,61.0,NSE_FO|47007,80256,15956,,55,405696,684,False,10.95,-1.75,-13.7795,10.3,True,10.85,4225,10.9,7085,,,10.875,0.05,0.0046,0.0,10.95,NSE_FO|47008,3083,106,,2,5921,7,False,317.2,-46.6,-12.8092,0.0,False,317.5,260,318.45,195,,,317.975,0.95,0.003,392.55,-75.35,0.0384,15850
2.1.0,20260828_110603_000,2026-08-28T11:06:03+05:30,2026-08-28T11:06:03+05:30,Asia/Kolkata,UPSTOX,NIFTY,2026-09-01,65,8430cf33823f345e,0.0,False,24157.45,24157.2,24122.6,24188.3,24106.55,24090.85,10.74,24150,24150,24600,442.55,ABOVE_SPOT,,61.0,61.0,NSE_FO|47009,146503,23215,,285,486656,792,False,7.65,-1.8,-19.0476,10.44,True,7.6,62920,7.65,1430,,,7.625,0.05,0.0066,0.0,7.65,NSE_FO|47010,7965,-690,,-7,9608,35,False,363.95,-46.95,-11.4261,0.0,False,363.95,1690,364.9,65,,,364.425,0.95,0.0026,442.55,-78.6,0.0544,23905
2.1.0,20260828_110603_000,2026-08-28T11:06:03+05:30,2026-08-28T11:06:03+05:30,Asia/Kolkata,UPSTOX,NIFTY,2026-09-01,65,8430cf33823f345e,0.0,False,24157.45,24157.2,24122.6,24188.3,24106.55,24090.85,10.74,24150,24150,24650,492.55,ABOVE_SPOT,,61.0,61.0,NSE_FO|47011,61533,17718,,34,273056,136,False,5.55,-1.9,-25.5034,10.68,True,5.55,13520,5.6,24895,,,5.575,0.05,0.009,0.0,5.55,NSE_FO|47012,1820,-213,,-1,1332,2,False,411.5,-51.65,-11.1519,0.0,False,410.65,195,412.6,780,,,411.625,1.95,0.0047,492.55,-81.05,0.0296,17931
2.1.0,20260828_110603_000,2026-08-28T11:06:03+05:30,2026-08-28T11:06:03+05:30,Asia/Kolkata,UPSTOX,NIFTY,2026-09-01,65,8430cf33823f345e,0.0,False,24157.45,24157.2,24122.6,24188.3,24106.55,24090.85,10.74,24150,24150,24700,542.55,ABOVE_SPOT,,61.0,61.0,NSE_FO|47013,116800,16183,,165,361082,321,False,4.25,-1.55,-26.7241,10.99,True,4.25,50245,4.3,86385,,,4.275,0.05,0.0117,0.0,4.25,NSE_FO|47014,6224,2094,,0,6892,0,False,458.9,-54.5,-10.6155,0.0,False,459.85,195,461.7,975,,,460.775,1.85,0.004,542.55,-83.65,0.0533,14089
2.1.0,20260828_110603_000,2026-08-28T11:06:03+05:30,2026-08-28T11:06:03+05:30,Asia/Kolkata,UPSTOX,NIFTY,2026-09-01,65,8430cf33823f345e,0.0,False,24157.45,24157.2,24122.6,24188.3,24106.55,24090.85,10.74,24150,24150,24750,592.55,ABOVE_SPOT,,61.0,61.0,NSE_FO|47015,57535,12180,,10,176332,91,False,3.45,-1.4,-28.866,11.41,True,3.4,40430,3.45,35750,,,3.425,0.05,0.0146,0.0,3.45,NSE_FO|47016,1197,-40,,0,215,0,False,507.1,-49.1,-8.8278,0.0,False,508.4,65,510.8,130,,,509.6,2.4,0.0047,592.55,-85.45,0.0208,12220
2.1.0,20260828_110703_000,2026-08-28T11:07:03+05:30,2026-08-28T11:07:03+05:30,Asia/Kolkata,UPSTOX,NIFTY,2026-09-01,65,56c87f59f6f25677,0.0,False,24154.95,24154.95,24122.6,24188.3,24106.55,24090.85,10.77,24150,24150,23550,-604.95,BELOW_SPOT,,60.0,60.0,NSE_FO|46967,250,-15,,0,37,0,False,690.65,41.35,6.3684,25.7,True,689.2,65,692.6,65,,,690.9,3.4,0.0049,604.95,85.7,NSE_FO|46968,39790,30056,,250,119348,284,False,3.7,-0.05,-1.3333,13.06,True,3.65,48555,3.7,23725,,,3.675,0.05,0.0136,0.0,3.7,159.16,-30071
2.1.0,20260828_110703_000,2026-08-28T11:07:03+05:30,2026-08-28T11:07:03+05:30,Asia/Kolkata,UPSTOX,NIFTY,2026-09-01,65,56c87f59f6f25677,0.0,False,24154.95,24154.95,24122.6,24188.3,24106.55,24090.85,10.77,24150,24150,23600,-554.95,BELOW_SPOT,,60.0,60.0,NSE_FO|46969,592,-104,,0,515,0,False,649.35,57.25,9.669,25.67,True,639.85,65,642.6,65,,,641.225,2.75,0.0043,554.95,94.4,NSE_FO|46970,77386,26026,,117,210083,539,False,4.05,-0.4,-8.9888,12.33,True,4.05,109915,4.1,57980,,,4.075,0.05,0.0123,0.0,4.05,130.7196,-26130
2.1.0,20260828_110703_000,2026-08-28T11:07:03+05:30,2026-08-28T11:07:03+05:30,Asia/Kolkata,UPSTOX,NIFTY,2026-09-01,65,56c87f59f6f25677,0.0,False,24154.95,24154.95,24122.6,24188.3,24106.55,24090.85,10.77,24150,24150,23650,-504.95,BELOW_SPOT,,60.0,60.0,NSE_FO|46971,318,12,,0,187,0,False,590.4,48.05,8.8596,22.98,True,590.75,130,593.15,130,,,591.95,2.4,0.0041,504.95,85.45,NSE_FO|46972,38270,16185,,7,170318,94,False,4.6,-0.8,-14.8148,11.72,True,4.55,44395,4.6,16770,,,4.575,0.05,0.0109,0.0,4.6,120.3459,-16173
2.1.0,20260828_110703_000,2026-08-28T11:07:03+05:30,2026-08-28T11:07:03+05:30,Asia/Kolkata,UPSTOX,NIFTY,2026-09-01,65,56c87f59f6f25677,0.0,False,24154.95,24154.95,24122.6,24188.3,24106.55,24090.85,10.77,24150,24150,23700,-454.95,BELOW_SPOT,,60.0,60.0,NSE_FO|46973,2785,1,,0,1470,0,False,548.6,46.3,9.2176,22.72,True,542.0,65,543.3,130,,,542.65,1.3,0.0024,454.95,93.65,NSE_FO|46974,99576,20972,,0,291813,517,False,5.4,-1.35,-20.0,11.14,True,5.35,30095,5.4,59215,,,5.375,0.05,0.0093,0.0,5.4,35.7544,-20971
2.1.0,20260828_110703_000,2026-08-28T11:07:03+05:30,2026-08-28T11:07:03+05:30,Asia/Kolkata,UPSTOX,NIFTY,2026-09-01,65,56c87f59f6f25677,0.0,False,24154.95,24154.95,24122.6,24188.3,24106.55,24090.85,10.77,24150,24150,23750,-404.95,BELOW_SPOT,,60.0,60.0,NSE_FO|46975,668,118,,0,1090,0,False,500.15,46.45,10.238,21.5,True,492.75,195,494.45,130,,,493.6,1.7,0.0034,404.95,95.2,NSE_FO|46976,48049,17020,,90,246240,671,False,6.45,-2.15,-25.0,10.59,True,6.4,31915,6.5,37635,,,6.45,0.1,0.0155,0.0,6.45,71.9296,-16902
2.1.0,20260828_110703_000,2026-08-28T11:07:03+05:30,2026-08-28T11:07:03+05:30,Asia/Kolkata,UPSTOX,NIFTY,2026-09-01,65,56c87f59f6f25677,0.0,False,24154.95,24154.95,24122.6,24188.3,24106.55,24090.85,10.77,24150,24150,23800,-354.95,BELOW_SPOT,,60.0,60.0,NSE_FO|46977,3107,197,,-1,7446,17,False,444.65,42.25,10.4995,19.32,True,444.45,195,445.95,260,,,445.2,1.5,0.0034,354.95,89.7,NSE_FO|46978,131857,34248,,8,457762,851,False,7.9,-3.2,-28.8288,10.04,True,7.85,10270,7.9,36855,,,7.875,0.05,0.0063,0.0,7.9,42.4387,-34051
2.1.0,20260828_110703_000,2026-08-28T11:07:03+05:30,2026-08-28T11:07:03+05:30,Asia/Kolkata,UPSTOX,NIFTY,2026-09-01,65,56c87f59f6f25677,0.0,False,24154.95,24154.95,24122.6,24188.3,24106.55,24090.85,10.77,24150,24150,23850,-304.95,BELOW_SPOT,,60.0,60.0,NSE_FO|46979,1431,452,,0,3919,4,False,398.5,43.25,12.1745,18.3,True,396.9,195,398.15,1495,,,397.525,1.25,0.0031,304.95,93.55,NSE_FO|46980,53595,24811,,25,275510,835,False,9.95,-4.35,-30.4196,9.55,True,9.9,34580,10.0,46475,,,9.95,0.1,0.0101,0.0,9.95,37.4528,-24359
2.1.0,20260828_110703_000,2026-08-28T11:07:03+05:30,2026-08-28T11:07:03+05:30,Asia/Kolkata,UPSTOX,NIFTY,2026-09-01,65,56c87f59f6f25677,0.0,False,24154.95,24154.95,24122.6,24188.3,24106.55,24090.85,10.77,24150,24150,23900,-254.95,BELOW_SPOT,,60.0,60.0,NSE_FO|46981,5012,1412,,1,24204,31,False,351.1,37.35,11.9044,17.06,True,350.1,65,350.9,325,,,350.5,0.8,0.0023,254.95,96.15,NSE_FO|46982,114704,46721,,-245,548311,1826,False,13.0,-6.25,-32.4675,9.08,True,13.0,65,13.05,21125,,,13.025,0.05,0.0038,0.0,13.0,22.8859,-45309
2.1.0,20260828_110703_000,2026-08-28T11:07:03+05:30,2026-08-28T11:07:03+05:30,Asia/Kolkata,UPSTOX,NIFTY,2026-09-01,65,56c87f59f6f25677,0.0,False,24154.95,24154.95,24122.6,24188.3,24106.55,24090.85,10.77,24150,24150,23950,-204.95,BELOW_SPOT,,60.0,60.0,NSE_FO|46983,3772,1597,,-4,23860,29,False,304.4,35.15,13.0548,15.95,True,304.35,195,305.15,260,,,304.75,0.8,0.0026,204.95,99.45,NSE_FO|46984,62372,30554,,-49,400764,1153,False,17.35,-8.2,-32.0939,8.68,True,17.4,8840,17.5,25870,,,17.45,0.1,0.0057,0.0,17.35,16.5355,-28957
2.1.0,20260828_110703_000,2026-08-28T11:07:03+05:30,2026-08-28T11:07:03+05:30,Asia/Kolkata,UPSTOX,NIFTY,2026-09-01,65,56c87f59f6f25677,0.0,False,24154.95,24154.95,24122.6,24188.3,24106.55,24090.85,10.77,24150,24150,24000,-154.95,BELOW_SPOT,,60.0,60.0,NSE_FO|46985,32073,6016,,41,225644,430,False,261.0,33.25,14.5993,14.91,True,261.0,325,261.4,780,,,261.2,0.4,0.0015,154.95,106.05,NSE_FO|46986,208153,98835,,237,1177680,4297,False,23.65,-11.45,-32.6211,8.32,True,23.6,4160,23.65,195,,,23.625,0.05,0.0021,0.0,23.65,6.49,-92819
2.1.0,20260828_110703_000,2026-08-28T11:07:03+05:30,2026-08-28T11:07:03+05:30,Asia/Kolkata,UPSTOX,NIFTY,2026-09-01,65,56c87f59f6f25677,0.0,False,24154.95,24154.95,24122.6,24188.3,24106.55,24090.85,10.77,24150,24150,24050,-104.95,BELOW_SPOT,,60.0,60.0,NSE_FO|46987,16013,5590,,-16,187626,452,False,219.55,28.25,14.7674,13.95,True,219.25,65,219.75,130,,,219.5,0.5,0.0023,104.95,114.6,NSE_FO|46988,109882,72936,,617,762467,3936,False,31.75,-14.9,-31.94,7.89,True,31.65,5590,31.75,2015,,,31.7,0.1,0.0032,0.0,31.75,6.862,-67346
2.1.0,20260828_110703_000,2026-08-28T11:07:03+05:30,2026-08-28T11:07:03+05:30,Asia/Kolkata,UPSTOX,NIFTY,2026-09-01,65,56c87f59f6f25677,0.0,False,24154.95,24154.95,24122.6,24188.3,24106.55,24090.85,10.77,24150,24150,24100,-54.95,BELOW_SPOT,,60.0,60.0,NSE_FO|46989,74377,27892,,324,1053461,2764,False,180.25,25.0,16.1031,13.17,True,180.2,650,180.65,585,,,180.425,0.45,0.0025,54.95,125.3,NSE_FO|46990,283003,198820,,613,2064839,6259,False,43.05,-19.1,-30.7321,7.49,True,43.05,4095,43.2,4745,,,43.125,0.15,0.0035,0.0,43.05,3.805,-170928
2.1.0,20260828_110703_000,2026-08-28T11:07:03+05:30,2026-08-28T11:07:03+05:30,Asia/Kolkata,UPSTOX,NIFTY,2026-09-01,65,56c87f59f6f25677,0.0,False,24154.95,24154.95,24122.6,24188.3,24106.55,24090.85,10.77,24150,24150,24150,-4.95,ATM,,60.0,60.0,NSE_FO|46991,117650,57413,,234,1430156,4773,False,145.0,18.15,14.3082,12.45,True,144.65,1105,144.85,325,,,144.75,0.2,0.0014,4.95,140.05,NSE_FO|46992,253772,199522,,509,2034074,8469,False,57.5,-21.45,-27.1691,7.0,True,57.4,1040,57.5,975,,,57.45,0.1,0.0017,0.0,57.5,2.157,-142109
2.1.0,20260828_110703_000,2026-08-28T11:07:03+05:30,2026-08-28T11:07:03+05:30,Asia/Kolkata,UPSTOX,NIFTY,2026-09-01,65,56c87f59f6f25677,0.0,False,24154.95,24154.95,24122.6,24188.3,24106.55,24090.85,10.77,24150,24150,24200,45.05,ABOVE_SPOT,,60.0,60.0,NSE_FO|46993,248662,94974,,722,1981088,7237,False,113.8,15.05,15.2405,11.89,True,113.55,2340,113.8,260,,,113.675,0.25,0.0022,0.0,113.8,NSE_FO|46994,296143,194965,,921,1795306,8166,False,76.0,-26.8,-26.07,6.44,True,75.75,4680,76.0,4940,,,75.875,0.25,0.0033,45.05,30.95,1.1909,-99991
2.1.0,20260828_110703_000,2026-08-28T11:07:03+05:30,2026-08-28T11:07:03+05:30,Asia/Kolkata,UPSTOX,NIFTY,2026-09-01,65,56c87f59f6f25677,0.0,False,24154.95,24154.95,24122.6,24188.3,24106.55,24090.85,10.77,24150,24150,24250,95.05,ABOVE_SPOT,,60.0,60.0,NSE_FO|46995,157712,68700,,1011,1127377,6687,False,86.35,9.45,12.2887,11.37,True,86.15,195,86.35,4030,,,86.25,0.2,0.0023,0.0,86.35,NSE_FO|46996,94751,54221,,341,585451,2753,False,98.45,-30.4,-23.5933,5.62,True,98.65,1430,98.9,1690,,,98.775,0.25,0.0025,95.05,3.4,0.6008,14479
2.1.0,20260828_110703_000,2026-08-28T11:07:03+05:30,2026-08-28T11:07:03+05:30,Asia/Kolkata,UPSTOX,NIFTY,2026-09-01,65,56c87f59f6f25677,0.0,False,24154.95,24154.95,24122.6,24188.3,24106.55,24090.85,10.77,24150,24150,24300,145.05,ABOVE_SPOT,,60.0,60.0,NSE_FO|46997,261308,57978,,727,1431841,5345,False,63.8,5.85,10.0949,10.96,True,63.75,2665,63.85,3575,,,63.8,0.1,0.0016,0.0,63.8,NSE_FO|46998,115521,39481,,218,660538,2496,False,125.95,-36.4,-22.4207,4.24,True,126.45,130,126.6,1495,,,126.525,0.15,0.0012,145.05,-19.1,0.4421,18497
2.1.0,20260828_110703_000,2026-08-28T11:07:03+05:30,2026-08-28T11:07:03+05:30,Asia/Kolkata,UPSTOX,NIFTY,2026-09-01,65,56c87f59f6f25677,0.0,False,24154.95,24154.95,24122.6,24188.3,24106.55,24090.85,10.77,24150,24150,24350,195.05,ABOVE_SPOT,,60.0,60.0,NSE_FO|46999,166986,43671,,88,770941,3143,False,45.7,2.15,4.9369,10.59,True,45.7,130,45.75,4680,,,45.725,0.05,0.0011,0.0,45.7,NSE_FO|47000,35334,9794,,167,143571,855,False,158.0,-37.0,-18.9744,0.0,False,157.85,715,158.25,325,,,158.05,0.4,0.0025,195.05,-37.05,0.2116,33877
2.1.0,20260828_110703_000,2026-08-28T11:07:03+05:30,2026-08-28T11:07:03+05:30,Asia/Kolkata,UPSTOX,NIFTY,2026-09-01,65,56c87f59f6f25677,0.0,False,24154.95,24154.95,24122.6,24188.3,24106.55,24090.85,10.77,24150,24150,24400,245.05,ABOVE_SPOT,,60.0,60.0,NSE_FO|47001,227887,39674,,331,959108,4087,False,32.1,0.3,0.9434,10.39,True,32.1,7150,32.2,715,,,32.15,0.1,0.0031,0.0,32.1,NSE_FO|47002,41742,6939,,78,157657,713,False,194.75,-39.9,-17.004,0.0,False,194.2,325,194.65,195,,,194.425,0.45,0.0023,245.05,-50.3,0.1832,32735
2.1.0,20260828_110703_000,2026-08-28T11:07:03+05:30,2026-08-28T11:07:03+05:30,Asia/Kolkata,UPSTOX,NIFTY,2026-09-01,65,56c87f59f6f25677,0.0,False,24154.95,24154.95,24122.6,24188.3,24106.55,24090.85,10.77,24150,24150,24450,295.05,ABOVE_SPOT,,60.0,60.0,NSE_FO|47003,96435,15334,,142,521107,2034,False,22.3,-1.15,-4.9041,10.28,True,22.25,8450,22.35,10595,,,22.3,0.1,0.0045,0.0,22.3,NSE_FO|47004,10695,1737,,33,24335,105,False,234.6,-40.05,-14.5822,0.0,False,234.6,325,235.0,390,,,234.8,0.4,0.0017,295.05,-60.45,0.1109,13597
2.1.0,20260828_110703_000,2026-08-28T11:07:03+05:30,2026-08-28T11:07:03+05:30,Asia/Kolkata,UPSTOX,NIFTY,2026-09-01,65,56c87f59f6f25677,0.0,False,24154.95,24154.95,24122.6,24188.3,24106.55,24090.85,10.77,24150,24150,24500,345.05,ABOVE_SPOT,,60.0,60.0,NSE_FO|47005,219931,27038,,424,876935,4542,False,15.4,-2.25,-12.7479,10.28,True,15.35,27105,15.45,26065,,,15.4,0.1,0.0065,0.0,15.4,NSE_FO|47006,35456,3853,,3,67983,290,False,277.0,-40.5,-12.7559,0.0,False,277.45,975,277.9,65,,,277.675,0.45,0.0016,345.05,-68.05,0.1612,23185
2.1.0,20260828_110703_000,2026-08-28T11:07:03+05:30,2026-08-28T11:07:03+05:30,Asia/Kolkata,UPSTOX,NIFTY,2026-09-01,65,56c87f59f6f25677,0.0,False,24154.95,24154.95,24122.6,24188.3,24106.55,24090.85,10.77,24150,24150,24550,395.05,ABOVE_SPOT,,60.0,60.0,NSE_FO|47007,80244,15944,,-12,406677,981,False,10.6,-2.1,-16.5354,10.31,True,10.55,6435,10.6,3380,,,10.575,0.05,0.0047,0.0,10.6,NSE_FO|47008,3090,113,,7,5944,23,False,322.3,-41.5,-11.4074,0.0,False,322.05,260,323.05,325,,,322.55,1.0,0.0031,395.05,-72.75,0.0385,15831
2.1.0,20260828_110703_000,2026-08-28T11:07:03+05:30,2026-08-28T11:07:03+05:30,Asia/Kolkata,UPSTOX,NIFTY,2026-09-01,65,56c87f59f6f25677,0.0,False,24154.95,24154.95,24122.6,24188.3,24106.55,24090.85,10.77,24150,24150,24600,445.05,ABOVE_SPOT,,60.0,60.0,NSE_FO|47009,146354,23066,,-149,487483,827,False,7.4,-2.05,-21.6931,10.47,True,7.4,85995,7.45,195,,,7.425,0.05,0.0067,0.0,7.4,NSE_FO|47010,7964,-691,,-1,9624,16,False,369.2,-41.7,-10.1485,0.0,False,369.0,390,370.0,325,,,369.5,1.0,0.0027,445.05,-75.85,0.0544,23757
2.1.0,20260828_110703_000,2026-08-28T11:07:03+05:30,2026-08-28T11:07:03+05:30,Asia/Kolkata,UPSTOX,NIFTY,2026-09-01,65,56c87f59f6f25677,0.0,False,24154.95,24154.95,24122.6,24188.3,24106.55,24090.85,10.77,24150,24150,24650,495.05,ABOVE_SPOT,,60.0,60.0,NSE_FO|47011,61526,17711,,-7,273459,403,False,5.5,-1.95,-26.1745,10.71,True,5.45,16575,5.5,26715,,,5.475,0.05,0.0091,0.0,5.5,NSE_FO|47012,1821,-212,,1,1335,3,False,418.45,-44.7,-9.6513,0.0,False,416.8,390,418.5,715,,,417.65,1.7,0.0041,495.05,-76.6,0.0296,17923
2.1.0,20260828_110703_000,2026-08-28T11:07:03+05:30,2026-08-28T11:07:03+05:30,Asia/Kolkata,UPSTOX,NIFTY,2026-09-01,65,56c87f59f6f25677,0.0,False,24154.95,24154.95,24122.6,24188.3,24106.55,24090.85,10.77,24150,24150,24700,545.05,ABOVE_SPOT,,60.0,60.0,NSE_FO|47013,116870,16253,,70,361289,207,False,4.15,-1.65,-28.4483,11.05,True,4.15,122460,4.2,33150,,,4.175,0.05,0.012,0.0,4.15,NSE_FO|47014,6226,2096,,2,6895,3,False,465.0,-48.4,-9.4273,0.0,False,466.1,130,467.65,390,,,466.875,1.55,0.0033,545.05,-80.05,0.0533,14157
2.1.0,20260828_110703_000,2026-08-28T11:07:03+05:30,2026-08-28T11:07:03+05:30,Asia/Kolkata,UPSTOX,NIFTY,2026-09-01,65,56c87f59f6f25677,0.0,False,24154.95,24154.95,24122.6,24188.3,24106.55,24090.85,10.77,24150,24150,24750,595.05,ABOVE_SPOT,,60.0,60.0,NSE_FO|47015,57531,12176,,-4,176569,237,False,3.45,-1.4,-28.866,11.47,True,3.4,32825,3.45,41860,,,3.425,0.05,0.0146,0.0,3.45,NSE_FO|47016,1197,-40,,0,215,0,False,507.1,-49.1,-8.8278,0.0,False,514.4,260,517.0,65,,,515.7,2.6,0.005,595.05,-87.95,0.0208,12216
2.1.0,20260828_110803_000,2026-08-28T11:08:03+05:30,2026-08-28T11:08:03+05:30,Asia/Kolkata,UPSTOX,NIFTY,2026-09-01,65,0e46395dd88eb6d2,0.0,False,24151.0,24151.0,24122.6,24188.3,24106.55,24090.85,10.69,24150,24150,23550,-601.0,BELOW_SPOT,,60.0,60.0,NSE_FO|46967,250,-15,,0,37,0,False,690.65,41.35,6.3684,26.29,True,686.3,65,689.95,130,,,688.125,3.65,0.0053,601.0,89.65,NSE_FO|46968,39840,30106,,50,119780,432,False,3.65,-0.1,-2.6667,12.94,True,3.6,42900,3.65,45630,,,3.625,0.05,0.0138,0.0,3.65,159.36,-30121
2.1.0,20260828_110803_000,2026-08-28T11:08:03+05:30,2026-08-28T11:08:03+05:30,Asia/Kolkata,UPSTOX,NIFTY,2026-09-01,65,0e46395dd88eb6d2,0.0,False,24151.0,24151.0,24122.6,24188.3,24106.55,24090.85,10.69,24150,24150,23600,-551.0,BELOW_SPOT,,60.0,60.0,NSE_FO|46969,592,-104,,0,515,0,False,649.35,57.25,9.669,26.18,True,637.3,130,639.95,65,,,638.625,2.65,0.0041,551.0,98.35,NSE_FO|46970,77457,26097,,71,210991,908,False,4.05,-0.4,-8.9888,12.27,True,4.0,23465,4.05,73060,,,4.025,0.05,0.0124,0.0,4.05,130.8395,-26201
2.1.0,20260828_110803_000,2026-08-28T11:08:03+05:30,2026-08-28T11:08:03+05:30,Asia/Kolkata,UPSTOX,NIFTY,2026-09-01,65,0e46395dd88eb6d2,0.0,False,24151.0,24151.0,24122.6,24188.3,24106.55,24090.85,10.69,24150,24150,23650,-501.0,BELOW_SPOT,,60.0,60.0,NSE_FO|46971,318,12,,0,187,0,False,590.4,48.05,8.8596,23.51,True,588.1,65,590.6,65,,,589.35,2.5,0.0042,501.0,89.4,NSE_FO|46972,38267,16182,,-3,170559,241,False,4.5,-0.9,-16.6667,11.6,True,4.5,19175,4.55,39520,,,4.525,0.05,0.011,0.0,4.5,120.3365,-16170
2.1.0,20260828_110803_000,2026-08-28T11:08:03+05:30,2026-08-28T11:08:03+05:30,Asia/Kolkata,UPSTOX,NIFTY,2026-09-01,65,0e46395dd88eb6d2,0.0,False,24151.0,24151.0,24122.6,24188.3,24106.55,24090.85,10.69,24150,24150,23700,-451.0,BELOW_SPOT,,60.0,60.0,NSE_FO|46973,2783,-1,,-2,1478,8,False,540.05,37.75,7.5154,22.05,True,538.55,130,540.65,195,,,539.6,2.1,0.0039,451.0,89.05,NSE_FO|46974,99481,20877,,-95,292397,584,False,5.25,-1.5,-22.2222,10.99,True,5.25,45435,5.3,41730,,,5.275,0.05,0.0095,0.0,5.25,35.746,-20878
2.1.0,20260828_110803_000,2026-08-28T11:08:03+05:30,2026-08-28T11:08:03+05:30,Asia/Kolkata,UPSTOX,NIFTY,2026-09-01,65,0e46395dd88eb6d2,0.0,False,24151.0,24151.0,24122.6,24188.3,24106.55,24090.85,10.69,24150,24150,23750,-401.0,BELOW_SPOT,,60.0,60.0,NSE_FO|46975,668,118,,0,1090,0,False,500.15,46.45,10.238,21.97,True,490.2,130,492.0,130,,,491.1,1.8,0.0037,401.0,99.15,NSE_FO|46976,48122,17093,,73,246763,523,False,6.4,-2.2,-25.5814,10.47,True,6.35,21840,6.4,16120,,,6.375,0.05,0.0078,0.0,6.4,72.0389,-16975
2.1.0,20260828_110803_000,2026-08-28T11:08:03+05:30,2026-08-28T11:08:03+05:30,Asia/Kolkata,UPSTOX,NIFTY,2026-09-01,65,0e46395dd88eb6d2,0.0,False,24151.0,24151.0,24122.6,24188.3,24106.55,24090.85,10.69,24150,24150,23800,-351.0,BELOW_SPOT,,60.0,60.0,NSE_FO|46977,3103,193,,-4,7489,43,False,441.15,38.75,9.6297,19.32,True,441.65,130,443.1,195,,,442.375,1.45,0.0033,351.0,90.15,NSE_FO|46978,131784,34175,,-73,459124,1362,False,7.8,-3.3,-29.7297,9.92,True,7.75,40365,7.8,7930,,,7.775,0.05,0.0064,0.0,7.8,42.4699,-33982
2.1.0,20260828_110803_000,2026-08-28T11:08:03+05:30,2026-08-28T11:08:03+05:30,Asia/Kolkata,UPSTOX,NIFTY,2026-09-01,65,0e46395dd88eb6d2,0.0,False,24151.0,24151.0,24122.6,24188.3,24106.55,24090.85,10.69,24150,24150,23850,-301.0,BELOW_SPOT,,60.0,60.0,NSE_FO|46979,1414,435,,-17,3961,42,False,395.05,39.8,11.2034,18.31,True,394.05,780,395.25,130,,,394.65,1.2,0.003,301.0,94.05,NSE_FO|46980,53437,24653,,-158,277667,2157,False,9.95,-4.35,-30.4196,9.43,True,9.9,31330,10.0,34255,,,9.95,0.1,0.0101,0.0,9.95,37.7914,-24218
2.1.0,20260828_110803_000,2026-08-28T11:08:03+05:30,2026-08-28T11:08:03+05:30,Asia/Kolkata,UPSTOX,NIFTY,2026-09-01,65,0e46395dd88eb6d2,0.0,False,24151.0,24151.0,24122.6,24188.3,24106.55,24090.85,10.69,24150,24150,23900,-251.0,BELOW_SPOT,,60.0,60.0,NSE_FO|46981,4991,1391,,-21,24344,140,False,348.4,34.65,11.0438,17.18,True,347.45,130,348.35,260,,,347.9,0.9,0.0026,251.0,97.4,NSE_FO|46982,114773,46790,,69,550823,2512,False,13.1,-6.15,-31.9481,9.0,True,13.05,15665,13.1,390,,,13.075,0.05,0.0038,0.0,13.1,22.996,-45399
2.1.0,20260828_110803_000,2026-08-28T11:08:03+05:30,2026-08-28T11:08:03+05:30,Asia/Kolkata,UPSTOX,NIFTY,2026-09-01,65,0e46395dd88eb6d2,0.0,False,24151.0,24151.0,24122.6,24188.3,24106.55,24090.85,10.69,24150,24150,23950,-201.0,BELOW_SPOT,,60.0,60.0,NSE_FO|46983,3728,1553,,-44,24014,154,False,302.3,33.05,12.2748,15.98,True,301.9,390,302.75,455,,,302.325,0.85,0.0028,201.0,101.3,NSE_FO|46984,62318,30500,,-54,402493,1729,False,17.6,-7.95,-31.1155,8.61,True,17.5,8840,17.55,1105,,,17.525,0.05,0.0029,0.0,17.6,16.7162,-28947
2.1.0,20260828_110803_000,2026-08-28T11:08:03+05:30,2026-08-28T11:08:03+05:30,Asia/Kolkata,UPSTOX,NIFTY,2026-09-01,65,0e46395dd88eb6d2,0.0,False,24151.0,24151.0,24122.6,24188.3,24106.55,24090.85,10.69,24150,24150,24000,-151.0,BELOW_SPOT,,60.0,60.0,NSE_FO|46985,32077,6020,,4,226979,1335,False,258.3,30.55,13.4138,15.06,True,258.4,260,258.95,585,,,258.675,0.55,0.0021,151.0,107.3,NSE_FO|46986,206134,96816,,-2019,1186975,9295,False,23.9,-11.2,-31.9088,8.22,True,23.8,7995,23.9,13585,,,23.85,0.1,0.0042,0.0,23.9,6.4262,-90796
2.1.0,20260828_110803_000,2026-08-28T11:08:03+05:30,2026-08-28T11:08:03+05:30,Asia/Kolkata,UPSTOX,NIFTY,2026-09-01,65,0e46395dd88eb6d2,0.0,False,24151.0,24151.0,24122.6,24188.3,24106.55,24090.85,10.69,24150,24150,24050,-101.0,BELOW_SPOT,,60.0,60.0,NSE_FO|46987,15752,5329,,-261,188870,1244,False,216.7,25.4,13.2776,14.08,True,216.75,390,217.3,520,,,217.025,0.55,0.0025,101.0,115.7,NSE_FO|46988,110503,73557,,621,767157,4690,False,32.2,-14.45,-30.9753,7.78,True,32.1,520,32.2,6825,,,32.15,0.1,0.0031,0.0,32.2,7.0152,-68228
2.1.0,20260828_110803_000,2026-08-28T11:08:03+05:30,2026-08-28T11:08:03+05:30,Asia/Kolkata,UPSTOX,NIFTY,2026-09-01,65,0e46395dd88eb6d2,0.0,False,24151.0,24151.0,24122.6,24188.3,24106.55,24090.85,10.69,24150,24150,24100,-51.0,BELOW_SPOT,,60.0,60.0,NSE_FO|46989,74043,27558,,-334,1059641,6180,False,178.65,23.4,15.0725,13.2,True,178.2,195,178.6,1105,,,178.4,0.4,0.0022,51.0,127.65,NSE_FO|46990,279711,195528,,-3292,2077824,12985,False,43.55,-18.6,-29.9276,7.39,True,43.6,4290,43.75,9555,,,43.675,0.15,0.0034,0.0,43.55,3.7777,-167970
2.1.0,20260828_110803_000,2026-08-28T11:08:03+05:30,2026-08-28T11:08:03+05:30,Asia/Kolkata,UPSTOX,NIFTY,2026-09-01,65,0e46395dd88eb6d2,0.0,False,24151.0,24151.0,24122.6,24188.3,24106.55,24090.85,10.69,24150,24150,24150,-1.0,ATM,,60.0,60.0,NSE_FO|46991,117516,57279,,-134,1438725,8569,False,143.25,16.4,12.9287,12.54,True,142.95,195,143.25,455,,,143.1,0.3,0.0021,1.0,142.25,NSE_FO|46992,249158,194908,,-4614,2053838,19764,False,58.1,-20.85,-26.4091,6.88,True,58.05,4550,58.25,4875,,,58.15,0.2,0.0034,0.0,58.1,2.1202,-137629
2.1.0,20260828_110803_000,2026-08-28T11:08:03+05:30,2026-08-28T11:08:03+05:30,Asia/Kolkata,UPSTOX,NIFTY,2026-09-01,65,0e46395dd88eb6d2,0.0,False,24151.0,24151.0,24122.6,24188.3,24106.55,24090.85,10.69,24150,24150,24200,49.0,ABOVE_SPOT,,60.0,60.0,NSE_FO|46993,249046,95358,,384,1996339,15251,False,111.8,13.05,13.2152,11.92,True,111.8,390,111.95,260,,,111.875,0.15,0.0013,0.0,111.8,NSE_FO|46994,295334,194156,,-809,1813637,18331,False,77.25,-25.55,-24.8541,6.31,True,77.1,520,77.15,65,,,77.125,0.05,0.0006,49.0,28.25,1.1859,-98798
2.1.0,20260828_110803_000,2026-08-28T11:08:03+05:30,2026-08-28T11:08:03+05:30,Asia/Kolkata,UPSTOX,NIFTY,2026-09-01,65,0e46395dd88eb6d2,0.0,False,24151.0,24151.0,24122.6,24188.3,24106.55,24090.85,10.69,24150,24150,24250,99.0,ABOVE_SPOT,,60.0,60.0,NSE_FO|46995,157769,68757,,57,1138426,11049,False,85.1,8.2,10.6632,11.4,True,84.9,130,85.05,1690,,,84.975,0.15,0.0018,0.0,85.1,NSE_FO|46996,94755,54225,,4,592587,7136,False,100.0,-28.85,-22.3904,5.46,True,99.95,1560,100.2,260,,,100.075,0.25,0.0025,99.0,1.0,0.6006,14532
2.1.0,20260828_110803_000,2026-08-28T11:08:03+05:30,2026-08-28T11:08:03+05:30,Asia/Kolkata,UPSTOX,NIFTY,2026-09-01,65,0e46395dd88eb6d2,0.0,False,24151.0,24151.0,24122.6,24188.3,24106.55,24090.85,10.69,24150,24150,24300,149.0,ABOVE_SPOT,,60.0,60.0,NSE_FO|46997,263161,59831,,1853,1444595,12754,False,62.85,4.9,8.4556,11.0,True,62.8,65,62.9,520,,,62.85,0.1,0.0016,0.0,62.85,NSE_FO|46998,114184,38144,,-1337,666335,5797,False,128.15,-34.2,-21.0656,3.78,True,127.65,1755,128.0,1170,,,127.825,0.35,0.0027,149.0,-20.85,0.4339,21687
2.1.0,20260828_110803_000,2026-08-28T11:08:03+05:30,2026-08-28T11:08:03+05:30,Asia/Kolkata,UPSTOX,NIFTY,2026-09-01,65,0e46395dd88eb6d2,0.0,False,24151.0,24151.0,24122.6,24188.3,24106.55,24090.85,10.69,24150,24150,24350,199.0,ABOVE_SPOT,,60.0,60.0,NSE_FO|46999,166972,43657,,-14,776284,5343,False,44.85,1.3,2.9851,10.67,True,44.85,5980,45.0,8320,,,44.925,0.15,0.0033,0.0,44.85,NSE_FO|47000,34881,9341,,-453,145368,1797,False,159.95,-35.05,-17.9744,0.0,False,159.95,390,160.35,975,,,160.15,0.4,0.0025,199.0,-39.05,0.2089,34316
2.1.0,20260828_110803_000,2026-08-28T11:08:03+05:30,2026-08-28T11:08:03+05:30,Asia/Kolkata,UPSTOX,NIFTY,2026-09-01,65,0e46395dd88eb6d2,0.0,False,24151.0,24151.0,24122.6,24188.3,24106.55,24090.85,10.69,24150,24150,24400,249.0,ABOVE_SPOT,,60.0,60.0,NSE_FO|47001,227591,39378,,-296,966233,7125,False,31.55,-0.25,-0.7862,10.47,True,31.55,6500,31.65,6175,,,31.6,0.1,0.0032,0.0,31.55,NSE_FO|47002,41564,6761,,-178,159150,1493,False,196.85,-37.8,-16.1091,0.0,False,196.55,65,196.95,390,,,196.75,0.4,0.002,249.0,-52.15,0.1826,32617
2.1.0,20260828_110803_000,2026-08-28T11:08:03+05:30,2026-08-28T11:08:03+05:30,Asia/Kolkata,UPSTOX,NIFTY,2026-09-01,65,0e46395dd88eb6d2,0.0,False,24151.0,24151.0,24122.6,24188.3,24106.55,24090.85,10.69,24150,24150,24450,299.0,ABOVE_SPOT,,60.0,60.0,NSE_FO|47003,96777,15676,,342,524539,3432,False,21.85,-1.6,-6.823,10.36,True,21.85,7410,21.95,10465,,,21.9,0.1,0.0046,0.0,21.85,NSE_FO|47004,10676,1718,,-19,24540,205,False,236.75,-37.9,-13.7994,0.0,False,236.75,520,237.0,65,,,236.875,0.25,0.0011,299.0,-62.25,0.1103,13958
2.1.0,20260828_110803_000,2026-08-28T11:08:03+05:30,2026-08-28T11:08:03+05:30,Asia/Kolkata,UPSTOX,NIFTY,2026-09-01,65,0e46395dd88eb6d2,0.0,False,24151.0,24151.0,24122.6,24188.3,24106.55,24090.85,10.69,24150,24150,24500,349.0,ABOVE_SPOT,,60.0,60.0,NSE_FO|47005,218811,25918,,-1120,884239,7304,False,15.1,-2.55,-14.4476,10.33,True,15.1,21385,15.2,33930,,,15.15,0.1,0.0066,0.0,15.1,NSE_FO|47006,35368,3765,,-88,68373,390,False,280.5,-37.0,-11.6535,0.0,False,280.0,195,280.4,780,,,280.2,0.4,0.0014,349.0,-68.5,0.1616,22153
2.1.0,20260828_110803_000,2026-08-28T11:08:03+05:30,2026-08-28T11:08:03+05:30,Asia/Kolkata,UPSTOX,NIFTY,2026-09-01,65,0e46395dd88eb6d2,0.0,False,24151.0,24151.0,24122.6,24188.3,24106.55,24090.85,10.69,24150,24150,24550,399.0,ABOVE_SPOT,,60.0,60.0,NSE_FO|47007,80560,16260,,316,408533,1856,False,10.45,-2.25,-17.7165,10.38,True,10.4,4550,10.45,17095,,,10.425,0.05,0.0048,0.0,10.45,NSE_FO|47008,3072,95,,-18,5983,39,False,325.65,-38.15,-10.4865,0.0,False,324.85,260,325.65,195,,,325.25,0.8,0.0025,399.0,-73.35,0.0381,16165
2.1.0,20260828_110803_000,2026-08-28T11:08:03+05:30,2026-08-28T11:08:03+05:30,Asia/Kolkata,UPSTOX,NIFTY,2026-09-01,65,0e46395dd88eb6d2,0.0,False,24151.0,24151.0,24122.6,24188.3,24106.55,24090.85,10.69,24150,24150,24600,449.0,ABOVE_SPOT,,60.0,60.0,NSE_FO|47009,146295,23007,,-59,489116,1633,False,7.3,-2.15,-22.7513,10.53,True,7.3,16120,7.35,59995,,,7.325,0.05,0.0068,0.0,7.3,NSE_FO|47010,7938,-717,,-26,9660,36,False,372.0,-38.9,-9.467,0.0,False,371.6,585,372.65,1625,,,372.125,1.05,0.0028,449.0,-77.0,0.0543,23724
2.1.0,20260828_110803_000,2026-08-28T11:08:03+05:30,2026-08-28T11:08:03+05:30,Asia/Kolkata,UPSTOX,NIFTY,2026-09-01,65,0e46395dd88eb6d2,0.0,False,24151.0,24151.0,24122.6,24188.3,24106.55,24090.85,10.69,24150,24150,24650,499.0,ABOVE_SPOT,,60.0,60.0,NSE_FO|47011,61586,17771,,60,273989,530,False,5.4,-2.05,-27.5168,10.77,True,5.35,25805,5.4,29770,,,5.375,0.05,0.0093,0.0,5.4,NSE_FO|47012,1821,-212,,0,1336,1,False,418.0,-45.15,-9.7485,0.0,False,419.15,130,421.05,845,,,420.1,1.9,0.0045,499.0,-81.0,0.0296,17983
2.1.0,20260828_110803_000,2026-08-28T11:08:03+05:30,2026-08-28T11:08:03+05:30,Asia/Kolkata,UPSTOX,NIFTY,2026-09-01,65,0e46395dd88eb6d2,0.0,False,24151.0,24151.0,24122.6,24188.3,24106.55,24090.85,10.69,24150,24150,24700,549.0,ABOVE_SPOT,,60.0,60.0,NSE_FO|47013,116902,16285,,32,361975,686,False,4.15,-1.65,-28.4483,11.08,True,4.1,125580,4.15,56290,,,4.125,0.05,0.0121,0.0,4.15,NSE_FO|47014,6226,2096,,0,6997,102,False,470.0,-43.4,-8.4534,0.0,False,468.6,130,470.1,260,,,469.35,1.5,0.0032,549.0,-79.0,0.0533,14189
2.1.0,20260828_110803_000,2026-08-28T11:08:03+05:30,2026-08-28T11:08:03+05:30,Asia/Kolkata,UPSTOX,NIFTY,2026-09-01,65,0e46395dd88eb6d2,0.0,False,24151.0,24151.0,24122.6,24188.3,24106.55,24090.85,10.69,24150,24150,24750,599.0,ABOVE_SPOT,,60.0,60.0,NSE_FO|47015,57389,12034,,-142,177310,741,False,3.4,-1.45,-29.8969,11.54,True,3.35,35425,3.4,49920,,,3.375,0.05,0.0148,0.0,3.4,NSE_FO|47016,1197,-40,,0,215,0,False,507.1,-49.1,-8.8278,0.0,False,517.05,65,519.35,65,,,518.2,2.3,0.0044,599.0,-91.9,0.0209,12074
2.1.0,20260828_110902_999,2026-08-28T11:09:02+05:30,2026-08-28T11:09:02+05:30,Asia/Kolkata,UPSTOX,NIFTY,2026-09-01,65,1887247172cd230c,0.0,False,24149.9,24149.9,24122.6,24188.3,24106.55,24090.85,10.69,24150,24150,23550,-599.9,BELOW_SPOT,,59.0,59.0,NSE_FO|46967,250,-15,,0,38,1,False,690.3,41.0,6.3145,26.12,True,684.6,65,687.65,65,,,686.125,3.05,0.0044,599.9,90.4,NSE_FO|46968,39845,30111,,5,120024,244,False,3.65,-0.1,-2.6667,12.94,True,3.6,46670,3.65,33995,,,3.625,0.05,0.0138,0.0,3.65,159.38,-30126
2.1.0,20260828_110902_999,2026-08-28T11:09:02+05:30,2026-08-28T11:09:02+05:30,Asia/Kolkata,UPSTOX,NIFTY,2026-09-01,65,1887247172cd230c,0.0,False,24149.9,24149.9,24122.6,24188.3,24106.55,24090.85,10.69,24150,24150,23600,-549.9,BELOW_SPOT,,59.0,59.0,NSE_FO|46969,592,-104,,0,515,0,False,649.35,57.25,9.669,26.08,True,635.35,195,638.3,65,,,636.825,2.95,0.0046,549.9,99.45,NSE_FO|46970,77478,26118,,21,211319,328,False,4.0,-0.45,-10.1124,12.27,True,4.0,72215,4.05,49595,,,4.025,0.05,0.0124,0.0,4.0,130.875,-26222
2.1.0,20260828_110902_999,2026-08-28T11:09:02+05:30,2026-08-28T11:09:02+05:30,Asia/Kolkata,UPSTOX,NIFTY,2026-09-01,65,1887247172cd230c,0.0,False,24149.9,24149.9,24122.6,24188.3,24106.55,24090.85,10.69,24150,24150,23650,-499.9,BELOW_SPOT,,59.0,59.0,NSE_FO|46971,318,12,,0,187,0,False,590.4,48.05,8.8596,23.39,True,586.55,130,589.0,130,,,587.775,2.45,0.0042,499.9,90.5,NSE_FO|46972,38305,16220,,38,170996,437,False,4.55,-0.85,-15.7407,11.66,True,4.55,11765,4.6,39130,,,4.575,0.05,0.0109,0.0,4.55,120.456,-16208
2.1.0,20260828_110902_999,2026-08-28T11:09:02+05:30,2026-08-28T11:09:02+05:30,Asia/Kolkata,UPSTOX,NIFTY,2026-09-01,65,1887247172cd230c,0.0,False,24149.9,24149.9,24122.6,24188.3,24106.55,24090.85,10.69,24150,24150,23700,-449.9,BELOW_SPOT,,59.0,59.0,NSE_FO|46973,2783,-1,,0,1478,0,False,540.05,37.75,7.5154,21.94,True,536.7,130,538.95,195,,,537.825,2.25,0.0042,449.9,90.15,NSE_FO|46974,99492,20888,,11,293954,1557,False,5.3,-1.45,-21.4815,11.05,True,5.3,24440,5.35,52845,,,5.325,0.05,0.0094,0.0,5.3,35.7499,-20889
2.1.0,20260828_110902_999,2026-08-28T11:09:02+05:30,2026-08-28T11:09:02+05:30,Asia/Kolkata,UPSTOX,NIFTY,2026-09-01,65,1887247172cd230c,0.0,False,24149.9,24149.9,24122.6,24188.3,24106.55,24090.85,10.69,24150,24150,23750,-399.9,BELOW_SPOT,,59.0,59.0,NSE_FO|46975,668,118,,0,1090,0,False,500.15,46.45,10.238,21.87,True,488.2,650,490.15,715,,,489.175,1.95,0.004,399.9,100.25,NSE_FO|46976,48106,17077,,-16,247427,664,False,6.45,-2.15,-25.0,10.53,True,6.45,9750,6.5,27365,,,6.475,0.05,0.0077,0.0,6.45,72.015,-16959
2.1.0,20260828_110902_999,2026-08-28T11:09:02+05:30,2026-08-28T11:09:02+05:30,Asia/Kolkata,UPSTOX,NIFTY,2026-09-01,65,1887247172cd230c,0.0,False,24149.9,24149.9,24122.6,24188.3,24106.55,24090.85,10.69,24150,24150,23800,-349.9,BELOW_SPOT,,59.0,59.0,NSE_FO|46977,3104,194,,1,7495,6,False,441.45,39.05,9.7043,19.32,True,440.05,585,441.55,520,,,440.8,1.5,0.0034,349.9,91.55,NSE_FO|46978,131792,34183,,8,460473,1349,False,7.9,-3.2,-28.8288,9.98,True,7.85,34645,7.9,4680,,,7.875,0.05,0.0063,0.0,7.9,42.4588,-33989
2.1.0,20260828_110902_999,2026-08-28T11:09:02+05:30,2026-08-28T11:09:02+05:30,Asia/Kolkata,UPSTOX,NIFTY,2026-09-01,65,1887247172cd230c,0.0,False,24149.9,24149.9,24122.6,24188.3,24106.55,24090.85,10.69,24150,24150,23850,-299.9,BELOW_SPOT,,59.0,59.0,NSE_FO|46979,1410,431,,-4,3967,6,False,395.0,39.75,11.1893,18.2,True,392.3,715,393.5,325,,,392.9,1.2,0.0031,299.9,95.1,NSE_FO|46980,53433,24649,,-4,278994,1327,False,10.1,-4.2,-29.3706,9.49,True,10.05,10920,10.1,5070,,,10.075,0.05,0.005,0.0,10.1,37.8957,-24218
2.1.0,20260828_110902_999,2026-08-28T11:09:02+05:30,2026-08-28T11:09:02+05:30,Asia/Kolkata,UPSTOX,NIFTY,2026-09-01,65,1887247172cd230c,0.0,False,24149.9,24149.9,24122.6,24188.3,24106.55,24090.85,10.69,24150,24150,23900,-249.9,BELOW_SPOT,,59.0,59.0,NSE_FO|46981,4977,1377,,-14,24441,97,False,346.0,32.25,10.2789,16.88,True,346.0,195,346.55,455,,,346.275,0.55,0.0016,249.9,96.1,NSE_FO|46982,114874,46891,,101,553014,2191,False,13.25,-6.0,-31.1688,9.06,True,13.2,23010,13.3,30875,,,13.25,0.1,0.0075,0.0,13.25,23.081,-45514
2.1.0,20260828_110902_999,2026-08-28T11:09:02+05:30,2026-08-28T11:09:02+05:30,Asia/Kolkata,UPSTOX,NIFTY,2026-09-01,65,1887247172cd230c,0.0,False,24149.9,24149.9,24122.6,24188.3,24106.55,24090.85,10.69,24150,24150,23950,-199.9,BELOW_SPOT,,59.0,59.0,NSE_FO|46983,3722,1547,,-6,24039,25,False,301.1,31.85,11.8292,15.79,True,300.4,195,301.25,325,,,300.825,0.85,0.0028,199.9,101.2,NSE_FO|46984,62297,30479,,-21,403922,1429,False,17.8,-7.75,-30.3327,8.65,True,17.75,5135,17.8,4420,,,17.775,0.05,0.0028,0.0,17.8,16.7375,-28932
2.1.0,20260828_110902_999,2026-08-28T11:09:02+05:30,2026-08-28T11:09:02+05:30,Asia/Kolkata,UPSTOX,NIFTY,2026-09-01,65,1887247172cd230c,0.0,False,24149.9,24149.9,24122.6,24188.3,24106.55,24090.85,10.69,24150,24150,24000,-149.9,BELOW_SPOT,,59.0,59.0,NSE_FO|46985,32052,5995,,-25,227468,489,False,257.05,29.3,12.865,14.72,True,257.05,585,257.6,195,,,257.325,0.55,0.0021,149.9,107.15,NSE_FO|46986,206400,97082,,266,1190903,3928,False,24.1,-11.0,-31.339,8.27,True,24.05,4875,24.15,10790,,,24.1,0.1,0.0041,0.0,24.1,6.4395,-91087
2.1.0,20260828_110902_999,2026-08-28T11:09:02+05:30,2026-08-28T11:09:02+05:30,Asia/Kolkata,UPSTOX,NIFTY,2026-09-01,65,1887247172cd230c,0.0,False,24149.9,24149.9,24122.6,24188.3,24106.55,24090.85,10.69,24150,24150,24050,-99.9,BELOW_SPOT,,59.0,59.0,NSE_FO|46987,15870,5447,,118,189261,391,False,216.0,24.7,12.9117,13.81,True,215.55,130,216.05,520,,,215.8,0.5,0.0023,99.9,116.1,NSE_FO|46988,110897,73951,,394,771234,4077,False,32.4,-14.25,-30.5466,7.86,True,32.5,1365,32.6,8710,,,32.55,0.1,0.0031,0.0,32.4,6.9878,-68504
2.1.0,20260828_110902_999,2026-08-28T11:09:02+05:30,2026-08-28T11:09:02+05:30,Asia/Kolkata,UPSTOX,NIFTY,2026-09-01,65,1887247172cd230c,0.0,False,24149.9,24149.9,24122.6,24188.3,24106.55,24090.85,10.69,24150,24150,24100,-49.9,BELOW_SPOT,,59.0,59.0,NSE_FO|46989,74656,28171,,613,1061817,2176,False,177.05,21.8,14.0419,13.03,True,177.05,390,177.45,195,,,177.25,0.4,0.0023,49.9,127.15,NSE_FO|46990,280857,196674,,1146,2086890,9066,False,44.2,-17.95,-28.8817,7.48,True,44.05,5525,44.2,7930,,,44.125,0.15,0.0034,0.0,44.2,3.762,-168503
2.1.0,20260828_110902_999,2026-08-28T11:09:02+05:30,2026-08-28T11:09:02+05:30,Asia/Kolkata,UPSTOX,NIFTY,2026-09-01,65,1887247172cd230c,0.0,False,24149.9,24149.9,24122.6,24188.3,24106.55,24090.85,10.69,24150,24150,24150,0.1,ATM,,59.0,59.0,NSE_FO|46991,117982,57745,,466,1444039,5314,False,142.0,15.15,11.9432,12.32,True,142.0,65,142.1,585,,,142.05,0.1,0.0007,0.0,142.0,NSE_FO|46992,249925,195675,,767,2063674,9836,False,58.9,-20.05,-25.3958,6.99,True,58.75,1950,58.9,1820,,,58.825,0.15,0.0025,0.1,58.8,2.1183,-137930
2.1.0,20260828_110902_999,2026-08-28T11:09:02+05:30,2026-08-28T11:09:02+05:30,Asia/Kolkata,UPSTOX,NIFTY,2026-09-01,65,1887247172cd230c,0.0,False,24149.9,24149.9,24122.6,24188.3,24106.55,24090.85,10.69,24150,24150,24200,50.1,ABOVE_SPOT,,59.0,59.0,NSE_FO|46993,250593,96905,,1547,2005075,8736,False,111.05,12.3,12.4557,11.76,True,110.75,2860,111.05,520,,,110.9,0.3,0.0027,0.0,111.05,NSE_FO|46994,295899,194721,,565,1824759,11122,False,78.0,-24.8,-24.1245,6.45,True,77.8,845,77.95,195,,,77.875,0.15,0.0019,50.1,27.9,1.1808,-97816
2.1.0,20260828_110902_999,2026-08-28T11:09:02+05:30,2026-08-28T11:09:02+05:30,Asia/Kolkata,UPSTOX,NIFTY,2026-09-01,65,1887247172cd230c,0.0,False,24149.9,24149.9,24122.6,24188.3,24106.55,24090.85,10.69,24150,24150,24250,100.1,ABOVE_SPOT,,59.0,59.0,NSE_FO|46995,157905,68893,,136,1142940,4514,False,83.9,7.0,9.1027,11.25,True,83.9,1365,84.1,585,,,84.0,0.2,0.0024,0.0,83.9,NSE_FO|46996,94679,54149,,-76,595341,2754,False,100.95,-27.9,-21.6531,5.64,True,100.85,715,101.0,325,,,100.925,0.15,0.0015,100.1,0.85,0.5996,14744
2.1.0,20260828_110902_999,2026-08-28T11:09:02+05:30,2026-08-28T11:09:02+05:30,Asia/Kolkata,UPSTOX,NIFTY,2026-09-01,65,1887247172cd230c,0.0,False,24149.9,24149.9,24122.6,24188.3,24106.55,24090.85,10.69,24150,24150,24300,150.1,ABOVE_SPOT,,59.0,59.0,NSE_FO|46997,264078,60748,,917,1450337,5742,False,62.2,4.25,7.3339,10.86,True,62.0,6825,62.15,65,,,62.075,0.15,0.0024,0.0,62.2,NSE_FO|46998,113983,37943,,-201,670079,3744,False,129.15,-33.2,-20.4496,4.24,True,128.95,260,129.15,520,,,129.05,0.2,0.0015,150.1,-20.95,0.4316,22805
2.1.0,20260828_110902_999,2026-08-28T11:09:02+05:30,2026-08-28T11:09:02+05:30,Asia/Kolkata,UPSTOX,NIFTY,2026-09-01,65,1887247172cd230c,0.0,False,24149.9,24149.9,24122.6,24188.3,24106.55,24090.85,10.69,24150,24150,24350,200.1,ABOVE_SPOT,,59.0,59.0,NSE_FO|46999,167181,43866,,209,779538,3254,False,44.4,0.85,1.9518,10.56,True,44.4,9880,44.55,3835,,,44.475,0.15,0.0034,0.0,44.4,NSE_FO|47000,34878,9338,,-3,146118,750,False,161.65,-33.35,-17.1026,0.0,False,161.2,390,161.6,325,,,161.4,0.4,0.0025,200.1,-38.45,0.2086,34528
2.1.0,20260828_110902_999,2026-08-28T11:09:02+05:30,2026-08-28T11:09:02+05:30,Asia/Kolkata,UPSTOX,NIFTY,2026-09-01,65,1887247172cd230c,0.0,False,24149.9,24149.9,24122.6,24188.3,24106.55,24090.85,10.69,24150,24150,24400,250.1,ABOVE_SPOT,,59.0,59.0,NSE_FO|47001,228448,40235,,857,969715,3482,False,31.35,-0.45,-1.4151,10.39,True,31.2,5330,31.3,845,,,31.25,0.1,0.0032,0.0,31.35,NSE_FO|47002,41626,6823,,62,159893,743,False,197.9,-36.75,-15.6616,0.0,False,198.05,130,198.5,260,,,198.275,0.45,0.0023,250.1,-52.2,0.1822,33412
2.1.0,20260828_110902_999,2026-08-28T11:09:02+05:30,2026-08-28T11:09:02+05:30,Asia/Kolkata,UPSTOX,NIFTY,2026-09-01,65,1887247172cd230c,0.0,False,24149.9,24149.9,24122.6,24188.3,24106.55,24090.85,10.69,24150,24150,24450,300.1,ABOVE_SPOT,,59.0,59.0,NSE_FO|47003,96839,15738,,62,526066,1527,False,21.8,-1.65,-7.0362,10.28,True,21.7,2145,21.75,2080,,,21.725,0.05,0.0023,0.0,21.8,NSE_FO|47004,10706,1748,,30,24619,79,False,238.0,-36.65,-13.3443,0.0,False,238.25,585,238.95,390,,,238.6,0.7,0.0029,300.1,-62.1,0.1106,13990
2.1.0,20260828_110902_999,2026-08-28T11:09:02+05:30,2026-08-28T11:09:02+05:30,Asia/Kolkata,UPSTOX,NIFTY,2026-09-01,65,1887247172cd230c,0.0,False,24149.9,24149.9,24122.6,24188.3,24106.55,24090.85,10.69,24150,24150,24500,350.1,ABOVE_SPOT,,59.0,59.0,NSE_FO|47005,219609,26716,,798,888348,4109,False,15.1,-2.55,-14.4476,10.28,True,15.0,43940,15.05,6370,,,15.025,0.05,0.0033,0.0,15.1,NSE_FO|47006,35396,3793,,28,68527,154,False,281.3,-36.2,-11.4016,0.0,False,281.25,260,281.95,65,,,281.6,0.7,0.0025,350.1,-68.8,0.1612,22923
2.1.0,20260828_110902_999,2026-08-28T11:09:02+05:30,2026-08-28T11:09:02+05:30,Asia/Kolkata,UPSTOX,NIFTY,2026-09-01,65,1887247172cd230c,0.0,False,24149.9,24149.9,24122.6,24188.3,24106.55,24090.85,10.69,24150,24150,24550,400.1,ABOVE_SPOT,,59.0,59.0,NSE_FO|47007,79517,15217,,-1043,411587,3054,False,10.35,-2.35,-18.5039,10.35,True,10.35,7345,10.4,8580,,,10.375,0.05,0.0048,0.0,10.35,NSE_FO|47008,3117,140,,45,6060,77,False,326.0,-37.8,-10.3903,0.0,False,326.45,520,327.35,260,,,326.9,0.9,0.0028,400.1,-74.1,0.0392,15077
2.1.0,20260828_110902_999,2026-08-28T11:09:02+05:30,2026-08-28T11:09:02+05:30,Asia/Kolkata,UPSTOX,NIFTY,2026-09-01,65,1887247172cd230c,0.0,False,24149.9,24149.9,24122.6,24188.3,24106.55,24090.85,10.69,24150,24150,24600,450.1,ABOVE_SPOT,,59.0,59.0,NSE_FO|47009,146223,22935,,-72,490295,1179,False,7.3,-2.15,-22.7513,10.5,True,7.3,16055,7.35,77740,,,7.325,0.05,0.0068,0.0,7.3,NSE_FO|47010,7942,-713,,4,9677,17,False,373.15,-37.75,-9.1872,0.0,False,373.15,780,374.0,130,,,373.575,0.85,0.0023,450.1,-76.95,0.0543,23648
2.1.0,20260828_110902_999,2026-08-28T11:09:02+05:30,2026-08-28T11:09:02+05:30,Asia/Kolkata,UPSTOX,NIFTY,2026-09-01,65,1887247172cd230c,0.0,False,24149.9,24149.9,24122.6,24188.3,24106.55,24090.85,10.69,24150,24150,24650,500.1,ABOVE_SPOT,,59.0,59.0,NSE_FO|47011,61596,17781,,10,274586,597,False,5.35,-2.1,-28.1879,10.74,True,5.35,21905,5.4,18005,,,5.375,0.05,0.0093,0.0,5.35,NSE_FO|47012,1820,-213,,-1,1342,6,False,419.7,-43.45,-9.3814,0.0,False,421.15,130,422.8,325,,,421.975,1.65,0.0039,500.1,-80.4,0.0295,17994
2.1.0,20260828_110902_999,2026-08-28T11:09:02+05:30,2026-08-28T11:09:02+05:30,Asia/Kolkata,UPSTOX,NIFTY,2026-09-01,65,1887247172cd230c,0.0,False,24149.9,24149.9,24122.6,24188.3,24106.55,24090.85,10.69,24150,24150,24700,550.1,ABOVE_SPOT,,59.0,59.0,NSE_FO|47013,116938,16321,,36,362509,534,False,4.15,-1.65,-28.4483,11.11,True,4.1,104130,4.15,72085,,,4.125,0.05,0.0121,0.0,4.15,NSE_FO|47014,6128,1998,,-98,7036,39,False,469.8,-43.6,-8.4924,0.0,False,470.4,130,471.85,455,,,471.125,1.45,0.0031,550.1,-80.3,0.0524,14323
2.1.0,20260828_110902_999,2026-08-28T11:09:02+05:30,2026-08-28T11:09:02+05:30,Asia/Kolkata,UPSTOX,NIFTY,2026-09-01,65,1887247172cd230c,0.0,False,24149.9,24149.9,24122.6,24188.3,24106.55,24090.85,10.69,24150,24150,24750,600.1,ABOVE_SPOT,,59.0,59.0,NSE_FO|47015,57310,11955,,-79,177554,244,False,3.35,-1.5,-30.9278,11.51,True,3.35,34060,3.4,49530,,,3.375,0.05,0.0148,0.0,3.35,NSE_FO|47016,1197,-40,,0,215,0,False,507.1,-49.1,-8.8278,0.0,False,518.8,65,521.3,65,,,520.05,2.5,0.0048,600.1,-93.0,0.0209,11995
2.1.0,20260828_111003_000,2026-08-28T11:10:03+05:30,2026-08-28T11:10:03+05:30,Asia/Kolkata,UPSTOX,NIFTY,2026-09-01,65,d34b51c981cb2f6a,0.0,False,24142.65,24142.9,24122.6,24188.3,24106.55,24090.85,10.72,24150,24150,23550,-592.65,BELOW_SPOT,,61.0,61.0,NSE_FO|46967,250,-15,,0,39,1,False,684.0,34.7,5.3442,26.38,True,675.8,130,679.35,130,,,677.575,3.55,0.0052,592.65,91.35,NSE_FO|46968,39855,30121,,10,120464,440,False,3.6,-0.15,-4.0,12.76,True,3.6,44785,3.65,39000,,,3.625,0.05,0.0138,0.0,3.6,159.42,-30136
2.1.0,20260828_111003_000,2026-08-28T11:10:03+05:30,2026-08-28T11:10:03+05:30,Asia/Kolkata,UPSTOX,NIFTY,2026-09-01,65,d34b51c981cb2f6a,0.0,False,24142.65,24142.9,24122.6,24188.3,24106.55,24090.85,10.72,24150,24150,23600,-542.65,BELOW_SPOT,,61.0,61.0,NSE_FO|46969,593,-103,,1,518,3,False,630.9,38.8,6.5529,24.55,True,626.75,195,629.55,130,,,628.15,2.8,0.0045,542.65,88.25,NSE_FO|46970,77443,26083,,-35,212444,1125,False,4.0,-0.45,-10.1124,12.15,True,4.0,76830,4.05,36270,,,4.025,0.05,0.0124,0.0,4.0,130.5953,-26186
2.1.0,20260828_111003_000,2026-08-28T11:10:03+05:30,2026-08-28T11:10:03+05:30,Asia/Kolkata,UPSTOX,NIFTY,2026-09-01,65,d34b51c981cb2f6a,0.0,False,24142.65,24142.9,24122.6,24188.3,24106.55,24090.85,10.72,24150,24150,23650,-492.65,BELOW_SPOT,,61.0,61.0,NSE_FO|46971,318,12,,0,187,0,False,590.4,48.05,8.8596,24.51,True,577.45,195,579.95,195,,,578.7,2.5,0.0043,492.65,97.75,NSE_FO|46972,38401,16316,,96,171978,982,False,4.6,-0.8,-14.8148,11.47,True,4.55,41015,4.6,18395,,,4.575,0.05,0.0109,0.0,4.6,120.7579,-16304
2.1.0,20260828_111003_000,2026-08-28T11:10:03+05:30,2026-08-28T11:10:03+05:30,Asia/Kolkata,UPSTOX,NIFTY,2026-09-01,65,d34b51c981cb2f6a,0.0,False,24142.65,24142.9,24122.6,24188.3,24106.55,24090.85,10.72,24150,24150,23700,-442.65,BELOW_SPOT,,61.0,61.0,NSE_FO|46973,2785,1,,2,1488,10,False,528.4,26.1,5.1961,21.41,True,529.1,130,531.15,130,,,530.125,2.05,0.0039,442.65,85.75,NSE_FO|46974,99399,20795,,-93,296764,2810,False,5.4,-1.35,-20.0,10.96,True,5.4,29380,5.45,47450,,,5.425,0.05,0.0092,0.0,5.4,35.6908,-20794
2.1.0,20260828_111003_000,2026-08-28T11:10:03+05:30,2026-08-28T11:10:03+05:30,Asia/Kolkata,UPSTOX,NIFTY,2026-09-01,65,d34b51c981cb2f6a,0.0,False,24142.65,24142.9,24122.6,24188.3,24106.55,24090.85,10.72,24150,24150,23750,-392.65,BELOW_SPOT,,61.0,61.0,NSE_FO|46975,667,117,,-1,1114,24,False,480.4,26.7,5.8849,20.26,True,480.5,130,482.1,130,,,481.3,1.6,0.0033,392.65,87.75,NSE_FO|46976,47929,16900,,-177,249686,2259,False,6.6,-2.0,-23.2558,10.38,True,6.6,5005,6.65,24440,,,6.625,0.05,0.0075,0.0,6.6,71.8576,-16783
2.1.0,20260828_111003_000,2026-08-28T11:10:03+05:30,2026-08-28T11:10:03+05:30,Asia/Kolkata,UPSTOX,NIFTY,2026-09-01,65,d34b51c981cb2f6a,0.0,False,24142.65,24142.9,24122.6,24188.3,24106.55,24090.85,10.72,24150,24150,23800,-342.65,BELOW_SPOT,,61.0,61.0,NSE_FO|46977,3099,189,,-5,7575,80,False,433.8,31.4,7.8032,19.18,True,432.5,195,434.0,195,,,433.25,1.5,0.0035,342.65,91.15,NSE_FO|46978,131946,34337,,154,464829,4356,False,8.15,-2.95,-26.5766,9.89,True,8.15,1950,8.2,35490,,,8.175,0.05,0.0061,0.0,8.15,42.577,-34148
2.1.0,20260828_111003_000,2026-08-28T11:10:03+05:30,2026-08-28T11:10:03+05:30,Asia/Kolkata,UPSTOX,NIFTY,2026-09-01,65,d34b51c981cb2f6a,0.0,False,24142.65,24142.9,24122.6,24188.3,24106.55,24090.85,10.72,24150,24150,23850,-292.65,BELOW_SPOT,,61.0,61.0,NSE_FO|46979,1407,428,,-3,4019,52,False,384.4,29.15,8.2055,17.81,True,384.85,390,386.15,1170,,,385.5,1.3,0.0034,292.65,91.75,NSE_FO|46980,53535,24751,,102,282752,3758,False,10.45,-3.85,-26.9231,9.38,True,10.45,4810,10.5,9295,,,10.475,0.05,0.0048,0.0,10.45,38.049,-24323
2.1.0,20260828_111003_000,2026-08-28T11:10:03+05:30,2026-08-28T11:10:03+05:30,Asia/Kolkata,UPSTOX,NIFTY,2026-09-01,65,d34b51c981cb2f6a,0.0,False,24142.65,24142.9,24122.6,24188.3,24106.55,24090.85,10.72,24150,24150,23900,-242.65,BELOW_SPOT,,61.0,61.0,NSE_FO|46981,4998,1398,,21,24710,269,False,339.0,25.25,8.0478,16.69,True,338.25,585,339.0,65,,,338.625,0.75,0.0022,242.65,96.35,NSE_FO|46982,114483,46500,,-391,557511,4497,False,13.85,-5.4,-28.0519,8.97,True,13.85,9815,13.9,7085,,,13.875,0.05,0.0036,0.0,13.85,22.9058,-45102
2.1.0,20260828_111003_000,2026-08-28T11:10:03+05:30,2026-08-28T11:10:03+05:30,Asia/Kolkata,UPSTOX,NIFTY,2026-09-01,65,d34b51c981cb2f6a,0.0,False,24142.65,24142.9,24122.6,24188.3,24106.55,24090.85,10.72,24150,24150,23950,-192.65,BELOW_SPOT,,61.0,61.0,NSE_FO|46983,3728,1553,,6,24269,230,False,294.05,24.8,9.2108,15.56,True,293.5,130,294.25,130,,,293.875,0.75,0.0026,192.65,101.4,NSE_FO|46984,62470,30652,,173,408777,4855,False,18.65,-6.9,-27.0059,8.58,True,18.65,8970,18.7,1040,,,18.675,0.05,0.0027,0.0,18.65,16.757,-29099
2.1.0,20260828_111003_000,2026-08-28T11:10:03+05:30,2026-08-28T11:10:03+05:30,Asia/Kolkata,UPSTOX,NIFTY,2026-09-01,65,d34b51c981cb2f6a,0.0,False,24142.65,24142.9,24122.6,24188.3,24106.55,24090.85,10.72,24150,24150,24000,-142.65,BELOW_SPOT,,61.0,61.0,NSE_FO|46985,31890,5833,,-162,230427,2959,False,251.0,23.25,10.2086,14.76,True,249.65,585,250.25,195,,,249.95,0.6,0.0024,142.65,108.35,NSE_FO|46986,205472,96154,,-928,1206862,15959,False,25.45,-9.65,-27.4929,8.21,True,25.55,6695,25.65,5135,,,25.6,0.1,0.0039,0.0,25.45,6.4431,-90321
2.1.0,20260828_111003_000,2026-08-28T11:10:03+05:30,2026-08-28T11:10:03+05:30,Asia/Kolkata,UPSTOX,NIFTY,2026-09-01,65,d34b51c981cb2f6a,0.0,False,24142.65,24142.9,24122.6,24188.3,24106.55,24090.85,10.72,24150,24150,24050,-92.65,BELOW_SPOT,,61.0,61.0,NSE_FO|46987,15867,5444,,-3,191259,1998,False,209.35,18.05,9.4354,13.82,True,209.4,260,209.75,130,,,209.575,0.35,0.0017,92.65,116.7,NSE_FO|46988,110448,73502,,-449,782045,10811,False,34.3,-12.35,-26.4737,7.8,True,34.2,3185,34.3,1105,,,34.25,0.1,0.0029,0.0,34.3,6.9609,-68058
2.1.0,20260828_111003_000,2026-08-28T11:10:03+05:30,2026-08-28T11:10:03+05:30,Asia/Kolkata,UPSTOX,NIFTY,2026-09-01,65,d34b51c981cb2f6a,0.0,False,24142.65,24142.9,24122.6,24188.3,24106.55,24090.85,10.72,24150,24150,24100,-42.65,BELOW_SPOT,,61.0,61.0,NSE_FO|46989,73873,27388,,-783,1072971,11154,False,171.5,16.25,10.467,13.03,True,171.0,455,171.45,1105,,,171.225,0.45,0.0026,42.65,128.85,NSE_FO|46990,275170,190987,,-5687,2122127,35237,False,46.4,-15.75,-25.3419,7.4,True,46.7,65,46.75,585,,,46.725,0.05,0.0011,0.0,46.4,3.7249,-163599
2.1.0,20260828_111003_000,2026-08-28T11:10:03+05:30,2026-08-28T11:10:03+05:30,Asia/Kolkata,UPSTOX,NIFTY,2026-09-01,65,d34b51c981cb2f6a,0.0,False,24142.65,24142.9,24122.6,24188.3,24106.55,24090.85,10.72,24150,24150,24150,7.35,ATM,,61.0,61.0,NSE_FO|46991,117433,57196,,-549,1461501,17462,False,137.15,10.3,8.1198,12.34,True,136.6,585,136.95,390,,,136.775,0.35,0.0026,0.0,137.15,NSE_FO|46992,247841,193591,,-2084,2108683,45009,False,61.8,-17.15,-21.7226,6.89,True,62.0,260,62.1,6955,,,62.05,0.1,0.0016,7.35,54.45,2.1105,-136395
2.1.0,20260828_111003_000,2026-08-28T11:10:03+05:30,2026-08-28T11:10:03+05:30,Asia/Kolkata,UPSTOX,NIFTY,2026-09-01,65,d34b51c981cb2f6a,0.0,False,24142.65,24142.9,24122.6,24188.3,24106.55,24090.85,10.72,24150,24150,24200,57.35,ABOVE_SPOT,,61.0,61.0,NSE_FO|46993,250313,96625,,-280,2033112,28037,False,107.15,8.4,8.5063,11.79,True,106.95,650,107.15,260,,,107.05,0.2,0.0019,0.0,107.15,NSE_FO|46994,292823,191645,,-3076,1866589,41830,False,81.75,-21.05,-20.4767,6.3,True,81.5,455,81.7,3445,,,81.6,0.2,0.0025,57.35,24.4,1.1698,-95020
2.1.0,20260828_111003_000,2026-08-28T11:10:03+05:30,2026-08-28T11:10:03+05:30,Asia/Kolkata,UPSTOX,NIFTY,2026-09-01,65,d34b51c981cb2f6a,0.0,False,24142.65,24142.9,24122.6,24188.3,24106.55,24090.85,10.72,24150,24150,24250,107.35,ABOVE_SPOT,,61.0,61.0,NSE_FO|46995,156639,67627,,-1266,1161214,18274,False,80.75,3.85,5.0065,11.29,True,80.65,65,80.75,390,,,80.7,0.1,0.0012,0.0,80.75,NSE_FO|46996,93199,52669,,-1480,610037,14696,False,105.45,-23.4,-18.1607,5.4,True,105.7,130,105.85,715,,,105.775,0.15,0.0014,107.35,-1.9,0.595,14958
2.1.0,20260828_111003_000,2026-08-28T11:10:03+05:30,2026-08-28T11:10:03+05:30,Asia/Kolkata,UPSTOX,NIFTY,2026-09-01,65,d34b51c981cb2f6a,0.0,False,24142.65,24142.9,24122.6,24188.3,24106.55,24090.85,10.72,24150,24150,24300,157.35,ABOVE_SPOT,,61.0,61.0,NSE_FO|46997,263874,60544,,-204,1469901,19564,False,59.7,1.75,3.0198,10.93,True,59.5,4290,59.7,8710,,,59.6,0.2,0.0034,0.0,59.7,NSE_FO|46998,112250,36210,,-1733,686459,16380,False,134.0,-28.35,-17.4623,3.57,True,134.0,975,134.3,520,,,134.15,0.3,0.0022,157.35,-23.35,0.4254,24334
2.1.0,20260828_111003_000,2026-08-28T11:10:03+05:30,2026-08-28T11:10:03+05:30,Asia/Kolkata,UPSTOX,NIFTY,2026-09-01,65,d34b51c981cb2f6a,0.0,False,24142.65,24142.9,24122.6,24188.3,24106.55,24090.85,10.72,24150,24150,24350,207.35,ABOVE_SPOT,,61.0,61.0,NSE_FO|46999,166863,43548,,-318,790343,10805,False,42.6,-0.95,-2.1814,10.65,True,42.3,5330,42.45,650,,,42.375,0.15,0.0035,0.0,42.6,NSE_FO|47000,34600,9060,,-278,149400,3282,False,167.6,-27.4,-14.0513,0.0,False,167.95,390,168.35,325,,,168.15,0.4,0.0024,207.35,-39.75,0.2074,34488
2.1.0,20260828_111003_000,2026-08-28T11:10:03+05:30,2026-08-28T11:10:03+05:30,Asia/Kolkata,UPSTOX,NIFTY,2026-09-01,65,d34b51c981cb2f6a,0.0,False,24142.65,24142.9,24122.6,24188.3,24106.55,24090.85,10.72,24150,24150,24400,257.35,ABOVE_SPOT,,61.0,61.0,NSE_FO|47001,228601,40388,,153,984246,14531,False,29.9,-1.9,-5.9748,10.45,True,29.9,6500,30.0,7410,,,29.95,0.1,0.0033,0.0,29.9,NSE_FO|47002,41307,6504,,-319,163230,3337,False,204.75,-29.9,-12.7424,0.0,False,204.6,650,205.0,585,,,204.8,0.4,0.002,257.35,-52.6,0.1807,33884
2.1.0,20260828_111003_000,2026-08-28T11:10:03+05:30,2026-08-28T11:10:03+05:30,Asia/Kolkata,UPSTOX,NIFTY,2026-09-01,65,d34b51c981cb2f6a,0.0,False,24142.65,24142.9,24122.6,24188.3,24106.55,24090.85,10.72,24150,24150,24450,307.35,ABOVE_SPOT,,61.0,61.0,NSE_FO|47003,96584,15483,,-255,531628,5562,False,20.8,-2.65,-11.3006,10.36,True,20.7,10270,20.8,7670,,,20.75,0.1,0.0048,0.0,20.8,NSE_FO|47004,10651,1693,,-55,25074,455,False,245.3,-29.35,-10.6863,0.0,False,245.6,195,246.3,780,,,245.95,0.7,0.0028,307.35,-62.05,0.1103,13790
2.1.0,20260828_111003_000,2026-08-28T11:10:03+05:30,2026-08-28T11:10:03+05:30,Asia/Kolkata,UPSTOX,NIFTY,2026-09-01,65,d34b51c981cb2f6a,0.0,False,24142.65,24142.9,24122.6,24188.3,24106.55,24090.85,10.72,24150,24150,24500,357.35,ABOVE_SPOT,,61.0,61.0,NSE_FO|47005,219964,27071,,355,897770,9422,False,14.5,-3.15,-17.847,10.41,True,14.4,15470,14.45,6565,,,14.425,0.05,0.0035,0.0,14.5,NSE_FO|47006,35164,3561,,-232,69996,1469,False,288.3,-29.2,-9.1969,0.0,False,289.0,65,289.45,130,,,289.225,0.45,0.0016,357.35,-69.05,0.1599,23510
2.1.0,20260828_111003_000,2026-08-28T11:10:03+05:30,2026-08-28T11:10:03+05:30,Asia/Kolkata,UPSTOX,NIFTY,2026-09-01,65,d34b51c981cb2f6a,0.0,False,24142.65,24142.9,24122.6,24188.3,24106.55,24090.85,10.72,24150,24150,24550,407.35,ABOVE_SPOT,,61.0,61.0,NSE_FO|47007,79696,15396,,179,416317,4730,False,10.05,-2.65,-20.8661,10.44,True,10.0,14300,10.05,6695,,,10.025,0.05,0.005,0.0,10.05,NSE_FO|47008,3407,430,,290,6522,462,False,334.95,-28.85,-7.9302,0.0,False,333.7,130,334.65,260,,,334.175,0.95,0.0028,407.35,-72.4,0.0427,14966
2.1.0,20260828_111003_000,2026-08-28T11:10:03+05:30,2026-08-28T11:10:03+05:30,Asia/Kolkata,UPSTOX,NIFTY,2026-09-01,65,d34b51c981cb2f6a,0.0,False,24142.65,24142.9,24122.6,24188.3,24106.55,24090.85,10.72,24150,24150,24600,457.35,ABOVE_SPOT,,61.0,61.0,NSE_FO|47009,146069,22781,,-154,495834,5539,False,7.1,-2.35,-24.8677,10.59,True,7.05,1755,7.1,125060,,,7.075,0.05,0.0071,0.0,7.1,NSE_FO|47010,7933,-722,,-9,9844,167,False,380.8,-30.1,-7.3254,0.0,False,380.85,130,381.95,260,,,381.4,1.1,0.0029,457.35,-76.55,0.0543,23503
2.1.0,20260828_111003_000,2026-08-28T11:10:03+05:30,2026-08-28T11:10:03+05:30,Asia/Kolkata,UPSTOX,NIFTY,2026-09-01,65,d34b51c981cb2f6a,0.0,False,24142.65,24142.9,24122.6,24188.3,24106.55,24090.85,10.72,24150,24150,24650,507.35,ABOVE_SPOT,,61.0,61.0,NSE_FO|47011,61484,17669,,-112,276406,1820,False,5.25,-2.2,-29.5302,10.86,True,5.2,19435,5.25,28405,,,5.225,0.05,0.0096,0.0,5.25,NSE_FO|47012,1821,-212,,1,1351,9,False,432.95,-30.2,-6.5206,0.0,False,429.4,130,430.95,130,,,430.175,1.55,0.0036,507.35,-74.4,0.0296,17881
2.1.0,20260828_111003_000,2026-08-28T11:10:03+05:30,2026-08-28T11:10:03+05:30,Asia/Kolkata,UPSTOX,NIFTY,2026-09-01,65,d34b51c981cb2f6a,0.0,False,24142.65,24142.9,24122.6,24188.3,24106.55,24090.85,10.72,24150,24150,24700,557.35,ABOVE_SPOT,,61.0,61.0,NSE_FO|47013,116969,16352,,31,365284,2775,False,4.05,-1.75,-30.1724,11.23,True,4.05,74295,4.1,82810,,,4.075,0.05,0.0123,0.0,4.05,NSE_FO|47014,6006,1876,,-122,7364,328,False,480.1,-33.3,-6.4862,0.0,False,478.6,195,480.25,260,,,479.425,1.65,0.0034,557.35,-77.25,0.0513,14476
2.1.0,20260828_111003_000,2026-08-28T11:10:03+05:30,2026-08-28T11:10:03+05:30,Asia/Kolkata,UPSTOX,NIFTY,2026-09-01,65,d34b51c981cb2f6a,0.0,False,24142.65,24142.9,24122.6,24188.3,24106.55,24090.85,10.72,24150,24150,24750,607.35,ABOVE_SPOT,,61.0,61.0,NSE_FO|47015,57319,11964,,9,177806,252,False,3.35,-1.5,-30.9278,11.66,True,3.3,67665,3.35,35490,,,3.325,0.05,0.015,0.0,3.35,NSE_FO|47016,1197,-40,,0,215,0,False,507.1,-49.1,-8.8278,0.0,False,526.5,65,529.45,260,,,527.975,2.95,0.0056,607.35,-100.25,0.0209,12004
2.1.0,20260828_111103_000,2026-08-28T11:11:03+05:30,2026-08-28T11:11:03+05:30,Asia/Kolkata,UPSTOX,NIFTY,2026-09-01,65,4832de26243e5215,0.0,False,24146.2,24146.25,24122.6,24188.3,24106.55,24090.85,10.71,24150,24150,23550,-596.2,BELOW_SPOT,,60.0,60.0,NSE_FO|46967,250,-15,,0,39,0,False,684.0,34.7,5.3442,25.97,True,679.2,65,682.4,130,,,680.8,3.2,0.0047,596.2,87.8,NSE_FO|46968,39740,30006,,-115,120606,142,False,3.65,-0.1,-2.6667,12.82,True,3.6,43355,3.65,44980,,,3.625,0.05,0.0138,0.0,3.65,158.96,-30021
2.1.0,20260828_111103_000,2026-08-28T11:11:03+05:30,2026-08-28T11:11:03+05:30,Asia/Kolkata,UPSTOX,NIFTY,2026-09-01,65,4832de26243e5215,0.0,False,24146.2,24146.25,24122.6,24188.3,24106.55,24090.85,10.71,24150,24150,23600,-546.2,BELOW_SPOT,,60.0,60.0,NSE_FO|46969,593,-103,,0,518,0,False,630.9,38.8,6.5529,24.14,True,630.0,65,632.8,195,,,631.4,2.8,0.0044,546.2,84.7,NSE_FO|46970,76942,25582,,-501,213903,1459,False,4.05,-0.4,-8.9888,12.15,True,4.0,58825,4.05,49855,,,4.025,0.05,0.0124,0.0,4.05,129.7504,-25685
2.1.0,20260828_111103_000,2026-08-28T11:11:03+05:30,2026-08-28T11:11:03+05:30,Asia/Kolkata,UPSTOX,NIFTY,2026-09-01,65,4832de26243e5215,0.0,False,24146.2,24146.25,24122.6,24188.3,24106.55,24090.85,10.71,24150,24150,23650,-496.2,BELOW_SPOT,,60.0,60.0,NSE_FO|46971,317,11,,-1,195,8,False,578.95,36.6,6.7484,22.48,True,580.75,260,583.55,130,,,582.15,2.8,0.0048,496.2,82.75,NSE_FO|46972,38331,16246,,-70,172253,275,False,4.55,-0.85,-15.7407,11.54,True,4.55,22685,4.6,36725,,,4.575,0.05,0.0109,0.0,4.55,120.918,-16235
2.1.0,20260828_111103_000,2026-08-28T11:11:03+05:30,2026-08-28T11:11:03+05:30,Asia/Kolkata,UPSTOX,NIFTY,2026-09-01,65,4832de26243e5215,0.0,False,24146.2,24146.25,24122.6,24188.3,24106.55,24090.85,10.71,24150,24150,23700,-446.2,BELOW_SPOT,,60.0,60.0,NSE_FO|46973,2785,1,,0,1489,1,False,532.8,30.5,6.0721,21.65,True,531.55,195,533.35,130,,,532.45,1.8,0.0034,446.2,86.6,NSE_FO|46974,98229,19625,,-1170,298835,2071,False,5.35,-1.4,-20.7407,10.99,True,5.35,46735,5.4,23400,,,5.375,0.05,0.0093,0.0,5.35,35.2707,-19624
2.1.0,20260828_111103_000,2026-08-28T11:11:03+05:30,2026-08-28T11:11:03+05:30,Asia/Kolkata,UPSTOX,NIFTY,2026-09-01,65,4832de26243e5215,0.0,False,24146.2,24146.25,24122.6,24188.3,24106.55,24090.85,10.71,24150,24150,23750,-396.2,BELOW_SPOT,,60.0,60.0,NSE_FO|46975,667,117,,0,1116,2,False,483.75,30.05,6.6233,20.36,True,483.25,390,484.9,455,,,484.075,1.65,0.0034,396.2,87.55,NSE_FO|46976,48163,17134,,234,251163,1477,False,6.55,-2.05,-23.8372,10.44,True,6.5,28795,6.55,22750,,,6.525,0.05,0.0077,0.0,6.55,72.2084,-17017
2.1.0,20260828_111103_000,2026-08-28T11:11:03+05:30,2026-08-28T11:11:03+05:30,Asia/Kolkata,UPSTOX,NIFTY,2026-09-01,65,4832de26243e5215,0.0,False,24146.2,24146.25,24122.6,24188.3,24106.55,24090.85,10.71,24150,24150,23800,-346.2,BELOW_SPOT,,60.0,60.0,NSE_FO|46977,3100,190,,1,7601,26,False,435.9,33.5,8.325,19.18,True,434.8,195,436.3,260,,,435.55,1.5,0.0034,346.2,89.7,NSE_FO|46978,132052,34443,,106,466138,1309,False,8.05,-3.05,-27.4775,9.92,True,8.0,2795,8.05,18265,,,8.025,0.05,0.0062,0.0,8.05,42.5974,-34253
2.1.0,20260828_111103_000,2026-08-28T11:11:03+05:30,2026-08-28T11:11:03+05:30,Asia/Kolkata,UPSTOX,NIFTY,2026-09-01,65,4832de26243e5215,0.0,False,24146.2,24146.25,24122.6,24188.3,24106.55,24090.85,10.71,24150,24150,23850,-296.2,BELOW_SPOT,,60.0,60.0,NSE_FO|46979,1402,423,,-5,4041,22,False,387.1,31.85,8.9655,17.83,True,387.25,520,388.5,390,,,387.875,1.25,0.0032,296.2,90.9,NSE_FO|46980,52600,23816,,-935,284324,1572,False,10.3,-4.0,-27.972,9.4,True,10.25,22035,10.35,16445,,,10.3,0.1,0.0097,0.0,10.3,37.5178,-23393
2.1.0,20260828_111103_000,2026-08-28T11:11:03+05:30,2026-08-28T11:11:03+05:30,Asia/Kolkata,UPSTOX,NIFTY,2026-09-01,65,4832de26243e5215,0.0,False,24146.2,24146.25,24122.6,24188.3,24106.55,24090.85,10.71,24150,24150,23900,-246.2,BELOW_SPOT,,60.0,60.0,NSE_FO|46981,5024,1424,,26,24867,157,False,341.1,27.35,8.7171,16.91,True,341.0,130,341.95,195,,,341.475,0.95,0.0028,246.2,94.9,NSE_FO|46982,114306,46323,,-177,561109,3598,False,13.65,-5.6,-29.0909,9.0,True,13.6,1300,13.65,16445,,,13.625,0.05,0.0037,0.0,13.65,22.752,-44899
2.1.0,20260828_111103_000,2026-08-28T11:11:03+05:30,2026-08-28T11:11:03+05:30,Asia/Kolkata,UPSTOX,NIFTY,2026-09-01,65,4832de26243e5215,0.0,False,24146.2,24146.25,24122.6,24188.3,24106.55,24090.85,10.71,24150,24150,23950,-196.2,BELOW_SPOT,,60.0,60.0,NSE_FO|46983,3723,1548,,-5,24377,108,False,297.45,28.2,10.4735,15.87,True,296.0,195,296.6,195,,,296.3,0.6,0.002,196.2,101.25,NSE_FO|46984,62600,30782,,130,411851,3074,False,18.4,-7.15,-27.9843,8.61,True,18.4,715,18.45,5135,,,18.425,0.05,0.0027,0.0,18.4,16.8144,-29234
2.1.0,20260828_111103_000,2026-08-28T11:11:03+05:30,2026-08-28T11:11:03+05:30,Asia/Kolkata,UPSTOX,NIFTY,2026-09-01,65,4832de26243e5215,0.0,False,24146.2,24146.25,24122.6,24188.3,24106.55,24090.85,10.71,24150,24150,24000,-146.2,BELOW_SPOT,,60.0,60.0,NSE_FO|46985,32210,6153,,320,232014,1587,False,253.4,25.65,11.2623,14.72,True,252.8,650,253.4,390,,,253.1,0.6,0.0024,146.2,107.2,NSE_FO|46986,204897,95579,,-575,1217463,10601,False,24.95,-10.15,-28.9174,8.22,True,24.85,11440,24.95,6955,,,24.9,0.1,0.004,0.0,24.95,6.3613,-89426
2.1.0,20260828_111103_000,2026-08-28T11:11:03+05:30,2026-08-28T11:11:03+05:30,Asia/Kolkata,UPSTOX,NIFTY,2026-09-01,65,4832de26243e5215,0.0,False,24146.2,24146.25,24122.6,24188.3,24106.55,24090.85,10.71,24150,24150,24050,-96.2,BELOW_SPOT,,60.0,60.0,NSE_FO|46987,16057,5634,,190,192304,1045,False,211.85,20.55,10.7423,13.87,True,211.25,325,211.8,260,,,211.525,0.55,0.0026,96.2,115.65,NSE_FO|46988,110469,73523,,21,787923,5878,False,33.75,-12.9,-27.6527,7.81,True,33.75,2990,33.85,1755,,,33.8,0.1,0.003,0.0,33.75,6.8798,-67889
2.1.0,20260828_111103_000,2026-08-28T11:11:03+05:30,2026-08-28T11:11:03+05:30,Asia/Kolkata,UPSTOX,NIFTY,2026-09-01,65,4832de26243e5215,0.0,False,24146.2,24146.25,24122.6,24188.3,24106.55,24090.85,10.71,24150,24150,24100,-46.2,BELOW_SPOT,,60.0,60.0,NSE_FO|46989,75178,28693,,1305,1079307,6336,False,173.8,18.55,11.9485,13.06,True,173.4,1560,173.8,390,,,173.6,0.4,0.0023,46.2,127.6,NSE_FO|46990,276056,191873,,886,2138417,16290,False,45.7,-16.45,-26.4682,7.43,True,45.6,325,45.7,650,,,45.65,0.1,0.0022,0.0,45.7,3.672,-163180
2.1.0,20260828_111103_000,2026-08-28T11:11:03+05:30,2026-08-28T11:11:03+05:30,Asia/Kolkata,UPSTOX,NIFTY,2026-09-01,65,4832de26243e5215,0.0,False,24146.2,24146.25,24122.6,24188.3,24106.55,24090.85,10.71,24150,24150,24150,3.8,ATM,,60.0,60.0,NSE_FO|46991,118824,58587,,1391,1469602,8101,False,138.4,11.55,9.1052,12.36,True,138.35,1170,138.7,390,,,138.525,0.35,0.0025,0.0,138.4,NSE_FO|46992,246061,191811,,-1780,2131098,22415,False,60.7,-18.25,-23.1159,6.91,True,60.7,4550,60.9,5655,,,60.8,0.2,0.0033,3.8,56.9,2.0708,-133224
2.1.0,20260828_111103_000,2026-08-28T11:11:03+05:30,2026-08-28T11:11:03+05:30,Asia/Kolkata,UPSTOX,NIFTY,2026-09-01,65,4832de26243e5215,0.0,False,24146.2,24146.25,24122.6,24188.3,24106.55,24090.85,10.71,24150,24150,24200,53.8,ABOVE_SPOT,,60.0,60.0,NSE_FO|46993,253347,99659,,3034,2045116,12004,False,108.3,9.55,9.6709,11.8,True,108.0,8255,108.3,3185,,,108.15,0.3,0.0028,0.0,108.3,NSE_FO|46994,286923,185745,,-5900,1886620,20031,False,80.25,-22.55,-21.9358,6.36,True,80.25,1170,80.45,1105,,,80.35,0.2,0.0025,53.8,26.45,1.1325,-86086
2.1.0,20260828_111103_000,2026-08-28T11:11:03+05:30,2026-08-28T11:11:03+05:30,Asia/Kolkata,UPSTOX,NIFTY,2026-09-01,65,4832de26243e5215,0.0,False,24146.2,24146.25,24122.6,24188.3,24106.55,24090.85,10.71,24150,24150,24250,103.8,ABOVE_SPOT,,60.0,60.0,NSE_FO|46995,156768,67756,,129,1167534,6320,False,81.85,4.95,6.4369,11.28,True,81.65,130,81.85,2600,,,81.75,0.2,0.0024,0.0,81.85,NSE_FO|46996,90665,50135,,-2534,617047,7010,False,103.85,-25.0,-19.4024,5.49,True,103.85,1170,104.0,65,,,103.925,0.15,0.0014,103.8,0.05,0.5783,17621
2.1.0,20260828_111103_000,2026-08-28T11:11:03+05:30,2026-08-28T11:11:03+05:30,Asia/Kolkata,UPSTOX,NIFTY,2026-09-01,65,4832de26243e5215,0.0,False,24146.2,24146.25,24122.6,24188.3,24106.55,24090.85,10.71,24150,24150,24300,153.8,ABOVE_SPOT,,60.0,60.0,NSE_FO|46997,262952,59622,,-922,1478630,8729,False,60.4,2.45,4.2278,10.93,True,60.4,5070,60.55,260,,,60.475,0.15,0.0025,0.0,60.4,NSE_FO|46998,109175,33135,,-3075,693352,6893,False,132.65,-29.7,-18.2938,3.88,True,132.7,65,132.85,325,,,132.775,0.15,0.0011,153.8,-21.15,0.4152,26487
2.1.0,20260828_111103_000,2026-08-28T11:11:03+05:30,2026-08-28T11:11:03+05:30,Asia/Kolkata,UPSTOX,NIFTY,2026-09-01,65,4832de26243e5215,0.0,False,24146.2,24146.25,24122.6,24188.3,24106.55,24090.85,10.71,24150,24150,24350,203.8,ABOVE_SPOT,,60.0,60.0,NSE_FO|46999,166715,43400,,-148,794875,4532,False,43.45,-0.1,-0.2296,10.65,True,43.3,2860,43.4,715,,,43.35,0.1,0.0023,0.0,43.45,NSE_FO|47000,34551,9011,,-49,151647,2247,False,165.65,-29.35,-15.0513,0.0,False,165.3,65,165.55,455,,,165.425,0.25,0.0015,203.8,-38.15,0.2072,34389
2.1.0,20260828_111103_000,2026-08-28T11:11:03+05:30,2026-08-28T11:11:03+05:30,Asia/Kolkata,UPSTOX,NIFTY,2026-09-01,65,4832de26243e5215,0.0,False,24146.2,24146.25,24122.6,24188.3,24106.55,24090.85,10.71,24150,24150,24400,253.8,ABOVE_SPOT,,60.0,60.0,NSE_FO|47001,227514,39301,,-1087,988036,3790,False,30.45,-1.35,-4.2453,10.46,True,30.45,1430,30.55,6240,,,30.5,0.1,0.0033,0.0,30.45,NSE_FO|47002,41090,6287,,-217,164477,1247,False,203.0,-31.65,-13.4882,0.0,False,202.55,260,203.0,260,,,202.775,0.45,0.0022,253.8,-50.8,0.1806,33014
2.1.0,20260828_111103_000,2026-08-28T11:11:03+05:30,2026-08-28T11:11:03+05:30,Asia/Kolkata,UPSTOX,NIFTY,2026-09-01,65,4832de26243e5215,0.0,False,24146.2,24146.25,24122.6,24188.3,24106.55,24090.85,10.71,24150,24150,24450,303.8,ABOVE_SPOT,,60.0,60.0,NSE_FO|47003,96052,14951,,-532,534166,2538,False,21.1,-2.35,-10.0213,10.36,True,21.1,7020,21.2,9100,,,21.15,0.1,0.0047,0.0,21.1,NSE_FO|47004,10469,1511,,-182,25373,299,False,243.15,-31.5,-11.4691,0.0,False,242.7,390,243.35,390,,,243.025,0.65,0.0027,303.8,-60.65,0.109,13440
2.1.0,20260828_111103_000,2026-08-28T11:11:03+05:30,2026-08-28T11:11:03+05:30,Asia/Kolkata,UPSTOX,NIFTY,2026-09-01,65,4832de26243e5215,0.0,False,24146.2,24146.25,24122.6,24188.3,24106.55,24090.85,10.71,24150,24150,24500,353.8,ABOVE_SPOT,,60.0,60.0,NSE_FO|47005,220216,27323,,252,902561,4791,False,14.65,-3.0,-16.9972,10.38,True,14.65,130,14.7,35880,,,14.675,0.05,0.0034,0.0,14.65,NSE_FO|47006,35112,3509,,-52,70450,454,False,286.05,-31.45,-9.9055,0.0,False,286.05,455,286.7,390,,,286.375,0.65,0.0023,353.8,-67.75,0.1594,23814
2.1.0,20260828_111103_000,2026-08-28T11:11:03+05:30,2026-08-28T11:11:03+05:30,Asia/Kolkata,UPSTOX,NIFTY,2026-09-01,65,4832de26243e5215,0.0,False,24146.2,24146.25,24122.6,24188.3,24106.55,24090.85,10.71,24150,24150,24550,403.8,ABOVE_SPOT,,60.0,60.0,NSE_FO|47007,78757,14457,,-939,417271,954,False,10.15,-2.55,-20.0787,10.44,True,10.1,9230,10.15,6630,,,10.125,0.05,0.0049,0.0,10.15,NSE_FO|47008,3396,419,,-11,6542,20,False,333.55,-30.25,-8.315,0.0,False,331.6,130,332.55,260,,,332.075,0.95,0.0029,403.8,-70.25,0.0431,14038
2.1.0,20260828_111103_000,2026-08-28T11:11:03+05:30,2026-08-28T11:11:03+05:30,Asia/Kolkata,UPSTOX,NIFTY,2026-09-01,65,4832de26243e5215,0.0,False,24146.2,24146.25,24122.6,24188.3,24106.55,24090.85,10.71,24150,24150,24600,453.8,ABOVE_SPOT,,60.0,60.0,NSE_FO|47009,149888,26600,,3819,499435,3601,False,7.1,-2.35,-24.8677,10.56,True,7.1,18135,7.15,78780,,,7.125,0.05,0.007,0.0,7.1,NSE_FO|47010,7909,-746,,-24,9895,51,False,378.0,-32.9,-8.0068,0.0,False,378.2,325,379.2,260,,,378.7,1.0,0.0026,453.8,-75.8,0.0528,27346
2.1.0,20260828_111103_000,2026-08-28T11:11:03+05:30,2026-08-28T11:11:03+05:30,Asia/Kolkata,UPSTOX,NIFTY,2026-09-01,65,4832de26243e5215,0.0,False,24146.2,24146.25,24122.6,24188.3,24106.55,24090.85,10.71,24150,24150,24650,503.8,ABOVE_SPOT,,60.0,60.0,NSE_FO|47011,61367,17552,,-117,277142,736,False,5.35,-2.1,-28.1879,10.86,True,5.25,27365,5.3,23530,,,5.275,0.05,0.0095,0.0,5.35,NSE_FO|47012,1815,-218,,-6,1357,6,False,425.9,-37.25,-8.0428,0.0,False,426.5,130,428.2,130,,,427.35,1.7,0.004,503.8,-77.9,0.0296,17770
2.1.0,20260828_111103_000,2026-08-28T11:11:03+05:30,2026-08-28T11:11:03+05:30,Asia/Kolkata,UPSTOX,NIFTY,2026-09-01,65,4832de26243e5215,0.0,False,24146.2,24146.25,24122.6,24188.3,24106.55,24090.85,10.71,24150,24150,24700,553.8,ABOVE_SPOT,,60.0,60.0,NSE_FO|47013,117229,16612,,260,366375,1091,False,4.05,-1.75,-30.1724,11.17,True,4.05,150475,4.1,101270,,,4.075,0.05,0.0123,0.0,4.05,NSE_FO|47014,5919,1789,,-87,7382,18,False,477.9,-35.5,-6.9147,0.0,False,475.2,520,476.0,975,,,475.6,0.8,0.0017,553.8,-75.9,0.0505,14823
2.1.0,20260828_111103_000,2026-08-28T11:11:03+05:30,2026-08-28T11:11:03+05:30,Asia/Kolkata,UPSTOX,NIFTY,2026-09-01,65,4832de26243e5215,0.0,False,24146.2,24146.25,24122.6,24188.3,24106.55,24090.85,10.71,24150,24150,24750,603.8,ABOVE_SPOT,,60.0,60.0,NSE_FO|47015,57356,12001,,37,178032,226,False,3.3,-1.55,-31.9588,11.6,True,3.3,64870,3.35,42315,,,3.325,0.05,0.015,0.0,3.3,NSE_FO|47016,1196,-41,,-1,217,2,False,527.2,-29.0,-5.214,0.0,False,524.05,65,526.95,260,,,525.5,2.9,0.0055,603.8,-76.6,0.0209,12042
2.1.0,20260828_111203_000,2026-08-28T11:12:03+05:30,2026-08-28T11:12:03+05:30,Asia/Kolkata,UPSTOX,NIFTY,2026-09-01,65,da0e26bcc50b7d5d,0.0,False,24147.15,24146.85,24122.6,24188.3,24106.55,24090.85,10.73,24150,24150,23550,-597.15,BELOW_SPOT,,60.0,60.0,NSE_FO|46967,250,-15,,0,39,0,False,684.0,34.7,5.3442,25.89,True,678.05,195,681.25,130,,,679.65,3.2,0.0047,597.15,86.85,NSE_FO|46968,39789,30055,,49,120742,136,False,3.65,-0.1,-2.6667,12.88,True,3.6,46085,3.65,53820,,,3.625,0.05,0.0138,0.0,3.65,159.156,-30070
2.1.0,20260828_111203_000,2026-08-28T11:12:03+05:30,2026-08-28T11:12:03+05:30,Asia/Kolkata,UPSTOX,NIFTY,2026-09-01,65,da0e26bcc50b7d5d,0.0,False,24147.15,24146.85,24122.6,24188.3,24106.55,24090.85,10.73,24150,24150,23600,-547.15,BELOW_SPOT,,60.0,60.0,NSE_FO|46969,594,-102,,1,520,2,False,631.15,39.05,6.5952,24.11,True,629.0,130,631.5,65,,,630.25,2.5,0.004,547.15,84.0,NSE_FO|46970,77134,25774,,192,214304,401,False,4.0,-0.45,-10.1124,12.15,True,4.0,109005,4.05,43810,,,4.025,0.05,0.0124,0.0,4.0,129.8552,-25876
2.1.0,20260828_111203_000,2026-08-28T11:12:03+05:30,2026-08-28T11:12:03+05:30,Asia/Kolkata,UPSTOX,NIFTY,2026-09-01,65,da0e26bcc50b7d5d,0.0,False,24147.15,24146.85,24122.6,24188.3,24106.55,24090.85,10.73,24150,24150,23650,-497.15,BELOW_SPOT,,60.0,60.0,NSE_FO|46971,317,11,,0,195,0,False,578.95,36.6,6.7484,22.42,True,580.0,130,582.15,130,,,581.075,2.15,0.0037,497.15,81.8,NSE_FO|46972,38346,16261,,15,172630,377,False,4.6,-0.8,-14.8148,11.57,True,4.55,32500,4.6,42315,,,4.575,0.05,0.0109,0.0,4.6,120.9653,-16250
2.1.0,20260828_111203_000,2026-08-28T11:12:03+05:30,2026-08-28T11:12:03+05:30,Asia/Kolkata,UPSTOX,NIFTY,2026-09-01,65,da0e26bcc50b7d5d,0.0,False,24147.15,24146.85,24122.6,24188.3,24106.55,24090.85,10.73,24150,24150,23700,-447.15,BELOW_SPOT,,60.0,60.0,NSE_FO|46973,2786,2,,1,1497,8,False,532.0,29.7,5.9128,21.48,True,530.45,130,532.25,130,,,531.35,1.8,0.0034,447.15,84.85,NSE_FO|46974,97863,19259,,-366,299974,1139,False,5.35,-1.4,-20.7407,10.96,True,5.35,24960,5.4,61685,,,5.375,0.05,0.0093,0.0,5.35,35.1267,-19257
2.1.0,20260828_111203_000,2026-08-28T11:12:03+05:30,2026-08-28T11:12:03+05:30,Asia/Kolkata,UPSTOX,NIFTY,2026-09-01,65,da0e26bcc50b7d5d,0.0,False,24147.15,24146.85,24122.6,24188.3,24106.55,24090.85,10.73,24150,24150,23750,-397.15,BELOW_SPOT,,60.0,60.0,NSE_FO|46975,664,114,,-3,1117,1,False,481.15,27.45,6.0503,19.94,True,481.85,130,483.6,130,,,482.725,1.75,0.0036,397.15,84.0,NSE_FO|46976,48303,17274,,140,252731,1568,False,6.5,-2.1,-24.4186,10.44,True,6.5,22555,6.55,21905,,,6.525,0.05,0.0077,0.0,6.5,72.7455,-17160
2.1.0,20260828_111203_000,2026-08-28T11:12:03+05:30,2026-08-28T11:12:03+05:30,Asia/Kolkata,UPSTOX,NIFTY,2026-09-01,65,da0e26bcc50b7d5d,0.0,False,24147.15,24146.85,24122.6,24188.3,24106.55,24090.85,10.73,24150,24150,23800,-347.15,BELOW_SPOT,,60.0,60.0,NSE_FO|46977,3113,203,,13,7631,30,False,432.9,30.5,7.5795,18.74,True,433.55,195,434.95,195,,,434.25,1.4,0.0032,347.15,85.75,NSE_FO|46978,132074,34465,,22,468874,2736,False,8.05,-3.05,-27.4775,9.89,True,8.0,9490,8.05,26910,,,8.025,0.05,0.0062,0.0,8.05,42.4266,-34262
2.1.0,20260828_111203_000,2026-08-28T11:12:03+05:30,2026-08-28T11:12:03+05:30,Asia/Kolkata,UPSTOX,NIFTY,2026-09-01,65,da0e26bcc50b7d5d,0.0,False,24147.15,24146.85,24122.6,24188.3,24106.55,24090.85,10.73,24150,24150,23850,-297.15,BELOW_SPOT,,60.0,60.0,NSE_FO|46979,1414,435,,12,4053,12,False,385.9,30.65,8.6277,17.56,True,386.05,455,387.3,260,,,386.675,1.25,0.0032,297.15,88.75,NSE_FO|46980,52736,23952,,136,285083,759,False,10.35,-3.95,-27.6224,9.43,True,10.3,17680,10.35,5460,,,10.325,0.05,0.0048,0.0,10.35,37.2956,-23517
2.1.0,20260828_111203_000,2026-08-28T11:12:03+05:30,2026-08-28T11:12:03+05:30,Asia/Kolkata,UPSTOX,NIFTY,2026-09-01,65,da0e26bcc50b7d5d,0.0,False,24147.15,24146.85,24122.6,24188.3,24106.55,24090.85,10.73,24150,24150,23900,-247.15,BELOW_SPOT,,60.0,60.0,NSE_FO|46981,5063,1463,,39,24964,97,False,340.85,27.1,8.6375,16.45,True,339.9,130,340.75,325,,,340.325,0.85,0.0025,247.15,93.7,NSE_FO|46982,114894,46911,,588,563011,1902,False,13.65,-5.6,-29.0909,9.02,True,13.65,12545,13.7,7930,,,13.675,0.05,0.0037,0.0,13.65,22.6929,-45448
2.1.0,20260828_111203_000,2026-08-28T11:12:03+05:30,2026-08-28T11:12:03+05:30,Asia/Kolkata,UPSTOX,NIFTY,2026-09-01,65,da0e26bcc50b7d5d,0.0,False,24147.15,24146.85,24122.6,24188.3,24106.55,24090.85,10.73,24150,24150,23950,-197.15,BELOW_SPOT,,60.0,60.0,NSE_FO|46983,3742,1567,,19,24426,49,False,295.35,26.1,9.6936,15.55,True,294.55,130,295.35,65,,,294.95,0.8,0.0027,197.15,98.2,NSE_FO|46984,63050,31232,,450,414653,2802,False,18.55,-7.0,-27.3973,8.62,True,18.45,8255,18.5,1235,,,18.475,0.05,0.0027,0.0,18.55,16.8493,-29665
2.1.0,20260828_111203_000,2026-08-28T11:12:03+05:30,2026-08-28T11:12:03+05:30,Asia/Kolkata,UPSTOX,NIFTY,2026-09-01,65,da0e26bcc50b7d5d,0.0,False,24147.15,24146.85,24122.6,24188.3,24106.55,24090.85,10.73,24150,24150,24000,-147.15,BELOW_SPOT,,60.0,60.0,NSE_FO|46985,32779,6722,,569,233209,1195,False,251.35,23.6,10.3622,14.54,True,251.35,325,251.95,650,,,251.65,0.6,0.0024,147.15,104.2,NSE_FO|46986,205334,96016,,437,1230659,13196,False,25.15,-9.95,-28.3476,8.26,True,25.2,3705,25.3,13845,,,25.25,0.1,0.004,0.0,25.15,6.2642,-89294
2.1.0,20260828_111203_000,2026-08-28T11:12:03+05:30,2026-08-28T11:12:03+05:30,Asia/Kolkata,UPSTOX,NIFTY,2026-09-01,65,da0e26bcc50b7d5d,0.0,False,24147.15,24146.85,24122.6,24188.3,24106.55,24090.85,10.73,24150,24150,24050,-97.15,BELOW_SPOT,,60.0,60.0,NSE_FO|46987,16165,5742,,108,193087,783,False,210.35,19.05,9.9582,13.64,True,210.5,65,210.85,260,,,210.675,0.35,0.0017,97.15,113.2,NSE_FO|46988,110811,73865,,342,792217,4294,False,34.0,-12.65,-27.1168,7.86,True,33.9,1430,34.0,5070,,,33.95,0.1,0.0029,0.0,34.0,6.855,-68123
2.1.0,20260828_111203_000,2026-08-28T11:12:03+05:30,2026-08-28T11:12:03+05:30,Asia/Kolkata,UPSTOX,NIFTY,2026-09-01,65,da0e26bcc50b7d5d,0.0,False,24147.15,24146.85,24122.6,24188.3,24106.55,24090.85,10.73,24150,24150,24100,-47.15,BELOW_SPOT,,60.0,60.0,NSE_FO|46989,76507,30022,,1329,1082798,3491,False,172.75,17.5,11.2721,12.94,True,172.7,390,172.8,195,,,172.75,0.1,0.0006,47.15,125.6,NSE_FO|46990,278462,194279,,2406,2151892,13475,False,45.85,-16.3,-26.2269,7.46,True,45.9,5655,45.95,1365,,,45.925,0.05,0.0011,0.0,45.85,3.6397,-164257
2.1.0,20260828_111203_000,2026-08-28T11:12:03+05:30,2026-08-28T11:12:03+05:30,Asia/Kolkata,UPSTOX,NIFTY,2026-09-01,65,da0e26bcc50b7d5d,0.0,False,24147.15,24146.85,24122.6,24188.3,24106.55,24090.85,10.73,24150,24150,24150,2.85,ATM,,60.0,60.0,NSE_FO|46991,121086,60849,,2262,1474998,5396,False,137.9,11.05,8.7111,12.21,True,137.55,910,137.95,1885,,,137.75,0.4,0.0029,0.0,137.9,NSE_FO|46992,246151,191901,,90,2149400,18302,False,61.4,-17.55,-22.2293,6.96,True,61.1,845,61.25,1820,,,61.175,0.15,0.0025,2.85,58.55,2.0329,-131052
2.1.0,20260828_111203_000,2026-08-28T11:12:03+05:30,2026-08-28T11:12:03+05:30,Asia/Kolkata,UPSTOX,NIFTY,2026-09-01,65,da0e26bcc50b7d5d,0.0,False,24147.15,24146.85,24122.6,24188.3,24106.55,24090.85,10.73,24150,24150,24200,52.85,ABOVE_SPOT,,60.0,60.0,NSE_FO|46993,256089,102401,,2742,2052546,7430,False,107.2,8.45,8.557,11.67,True,107.25,1365,107.5,975,,,107.375,0.25,0.0023,0.0,107.2,NSE_FO|46994,286432,185254,,-491,1901071,14451,False,81.0,-21.8,-21.2062,6.41,True,80.9,65,81.0,1755,,,80.95,0.1,0.0012,52.85,28.15,1.1185,-82853
2.1.0,20260828_111203_000,2026-08-28T11:12:03+05:30,2026-08-28T11:12:03+05:30,Asia/Kolkata,UPSTOX,NIFTY,2026-09-01,65,da0e26bcc50b7d5d,0.0,False,24147.15,24146.85,24122.6,24188.3,24106.55,24090.85,10.73,24150,24150,24250,102.85,ABOVE_SPOT,,60.0,60.0,NSE_FO|46995,158011,68999,,1243,1172806,5272,False,81.1,4.2,5.4616,11.22,True,81.15,4225,81.4,3315,,,81.275,0.25,0.0031,0.0,81.1,NSE_FO|46996,90704,50174,,39,621325,4278,False,104.65,-24.2,-18.7815,5.58,True,104.5,585,104.75,1105,,,104.625,0.25,0.0024,102.85,1.8,0.574,18825
2.1.0,20260828_111203_000,2026-08-28T11:12:03+05:30,2026-08-28T11:12:03+05:30,Asia/Kolkata,UPSTOX,NIFTY,2026-09-01,65,da0e26bcc50b7d5d,0.0,False,24147.15,24146.85,24122.6,24188.3,24106.55,24090.85,10.73,24150,24150,24300,152.85,ABOVE_SPOT,,60.0,60.0,NSE_FO|46997,264498,61168,,1546,1484901,6271,False,59.95,2.0,3.4513,10.85,True,59.85,2080,60.0,4810,,,59.925,0.15,0.0025,0.0,59.95,NSE_FO|46998,108935,32895,,-240,697287,3935,False,133.4,-28.95,-17.8318,4.12,True,133.2,2210,133.6,1950,,,133.4,0.4,0.003,152.85,-19.45,0.4119,28273
2.1.0,20260828_111203_000,2026-08-28T11:12:03+05:30,2026-08-28T11:12:03+05:30,Asia/Kolkata,UPSTOX,NIFTY,2026-09-01,65,da0e26bcc50b7d5d,0.0,False,24147.15,24146.85,24122.6,24188.3,24106.55,24090.85,10.73,24150,24150,24350,202.85,ABOVE_SPOT,,60.0,60.0,NSE_FO|46999,167070,43755,,355,798482,3607,False,43.0,-0.55,-1.2629,10.57,True,42.9,1560,43.0,3445,,,42.95,0.1,0.0023,0.0,43.0,NSE_FO|47000,34808,9268,,257,152871,1224,False,166.7,-28.3,-14.5128,0.0,False,166.35,845,166.8,585,,,166.575,0.45,0.0027,202.85,-36.15,0.2083,34487
2.1.0,20260828_111203_000,2026-08-28T11:12:03+05:30,2026-08-28T11:12:03+05:30,Asia/Kolkata,UPSTOX,NIFTY,2026-09-01,65,da0e26bcc50b7d5d,0.0,False,24147.15,24146.85,24122.6,24188.3,24106.55,24090.85,10.73,24150,24150,24400,252.85,ABOVE_SPOT,,60.0,60.0,NSE_FO|47001,228200,39987,,686,991379,3343,False,30.2,-1.6,-5.0314,10.39,True,30.15,2015,30.25,5655,,,30.2,0.1,0.0033,0.0,30.2,NSE_FO|47002,41002,6199,,-88,165607,1130,False,203.5,-31.15,-13.2751,0.0,False,203.4,325,203.9,195,,,203.65,0.5,0.0025,252.85,-49.35,0.1797,33788
2.1.0,20260828_111203_000,2026-08-28T11:12:03+05:30,2026-08-28T11:12:03+05:30,Asia/Kolkata,UPSTOX,NIFTY,2026-09-01,65,da0e26bcc50b7d5d,0.0,False,24147.15,24146.85,24122.6,24188.3,24106.55,24090.85,10.73,24150,24150,24450,302.85,ABOVE_SPOT,,60.0,60.0,NSE_FO|47003,96314,15213,,262,536375,2209,False,20.9,-2.55,-10.8742,10.31,True,20.9,2795,20.95,975,,,20.925,0.05,0.0024,0.0,20.9,NSE_FO|47004,10463,1505,,-6,25547,174,False,245.0,-29.65,-10.7956,0.0,False,244.0,325,244.7,975,,,244.35,0.7,0.0029,302.85,-57.85,0.1086,13708
2.1.0,20260828_111203_000,2026-08-28T11:12:03+05:30,2026-08-28T11:12:03+05:30,Asia/Kolkata,UPSTOX,NIFTY,2026-09-01,65,da0e26bcc50b7d5d,0.0,False,24147.15,24146.85,24122.6,24188.3,24106.55,24090.85,10.73,24150,24150,24500,352.85,ABOVE_SPOT,,60.0,60.0,NSE_FO|47005,220223,27330,,7,905271,2710,False,14.5,-3.15,-17.847,10.31,True,14.5,21385,14.6,27755,,,14.55,0.1,0.0069,0.0,14.5,NSE_FO|47006,35081,3478,,-31,70877,427,False,287.0,-30.5,-9.6063,0.0,False,287.3,130,287.95,130,,,287.625,0.65,0.0023,352.85,-65.85,0.1593,23852
2.1.0,20260828_111203_000,2026-08-28T11:12:03+05:30,2026-08-28T11:12:03+05:30,Asia/Kolkata,UPSTOX,NIFTY,2026-09-01,65,da0e26bcc50b7d5d,0.0,False,24147.15,24146.85,24122.6,24188.3,24106.55,24090.85,10.73,24150,24150,24550,402.85,ABOVE_SPOT,,60.0,60.0,NSE_FO|47007,78767,14467,,10,419151,1880,False,10.0,-2.7,-21.2598,10.38,True,10.05,2015,10.1,15405,,,10.075,0.05,0.005,0.0,10.0,NSE_FO|47008,3395,418,,-1,6570,28,False,334.9,-28.9,-7.9439,0.0,False,332.75,780,333.75,325,,,333.25,1.0,0.003,402.85,-67.95,0.0431,14049
2.1.0,20260828_111203_000,2026-08-28T11:12:03+05:30,2026-08-28T11:12:03+05:30,Asia/Kolkata,UPSTOX,NIFTY,2026-09-01,65,da0e26bcc50b7d5d,0.0,False,24147.15,24146.85,24122.6,24188.3,24106.55,24090.85,10.73,24150,24150,24600,452.85,ABOVE_SPOT,,60.0,60.0,NSE_FO|47009,149823,26535,,-65,500880,1445,False,7.05,-2.4,-25.3968,10.53,True,7.05,44915,7.1,23010,,,7.075,0.05,0.0071,0.0,7.05,NSE_FO|47010,7913,-742,,4,9919,24,False,379.55,-31.35,-7.6296,0.0,False,379.45,260,380.6,325,,,380.025,1.15,0.003,452.85,-73.3,0.0528,27277
2.1.0,20260828_111203_000,2026-08-28T11:12:03+05:30,2026-08-28T11:12:03+05:30,Asia/Kolkata,UPSTOX,NIFTY,2026-09-01,65,da0e26bcc50b7d5d,0.0,False,24147.15,24146.85,24122.6,24188.3,24106.55,24090.85,10.73,24150,24150,24650,502.85,ABOVE_SPOT,,60.0,60.0,NSE_FO|47011,61477,17662,,110,277803,661,False,5.25,-2.2,-29.5302,10.8,True,5.25,7605,5.3,29055,,,5.275,0.05,0.0095,0.0,5.25,NSE_FO|47012,1814,-219,,-1,1359,2,False,429.55,-33.6,-7.2547,0.0,False,427.5,195,429.3,390,,,428.4,1.8,0.0042,502.85,-73.3,0.0295,17881
2.1.0,20260828_111203_000,2026-08-28T11:12:03+05:30,2026-08-28T11:12:03+05:30,Asia/Kolkata,UPSTOX,NIFTY,2026-09-01,65,da0e26bcc50b7d5d,0.0,False,24147.15,24146.85,24122.6,24188.3,24106.55,24090.85,10.73,24150,24150,24700,552.85,ABOVE_SPOT,,60.0,60.0,NSE_FO|47013,117278,16661,,49,366719,344,False,4.1,-1.7,-29.3103,11.14,True,4.05,140205,4.1,72475,,,4.075,0.05,0.0123,0.0,4.1,NSE_FO|47014,5922,1792,,3,7403,21,False,479.0,-34.4,-6.7004,0.0,False,476.85,260,478.35,650,,,477.6,1.5,0.0031,552.85,-73.85,0.0505,14869
2.1.0,20260828_111203_000,2026-08-28T11:12:03+05:30,2026-08-28T11:12:03+05:30,Asia/Kolkata,UPSTOX,NIFTY,2026-09-01,65,da0e26bcc50b7d5d,0.0,False,24147.15,24146.85,24122.6,24188.3,24106.55,24090.85,10.73,24150,24150,24750,602.85,ABOVE_SPOT,,60.0,60.0,NSE_FO|47015,57372,12017,,16,178139,107,False,3.3,-1.55,-31.9588,11.6,True,3.3,67730,3.35,36205,,,3.325,0.05,0.015,0.0,3.3,NSE_FO|47016,1196,-41,,0,217,0,False,527.2,-29.0,-5.214,0.0,False,525.25,130,527.55,130,,,526.4,2.3,0.0044,602.85,-75.65,0.0208,12058
2.1.0,20260828_111303_000,2026-08-28T11:13:03+05:30,2026-08-28T11:13:03+05:30,Asia/Kolkata,UPSTOX,NIFTY,2026-09-01,65,646d36d71cdae718,0.0,False,24156.3,24156.3,24122.6,24188.3,24106.55,24090.85,10.72,24150,24150,23550,-606.3,BELOW_SPOT,,60.0,60.0,NSE_FO|46967,250,-15,,0,39,0,False,684.0,34.7,5.3442,24.69,True,688.15,65,692.05,65,,,690.1,3.9,0.0057,606.3,77.7,NSE_FO|46968,39276,29542,,-513,121542,800,False,3.55,-0.2,-5.3333,12.94,True,3.5,21515,3.55,53885,,,3.525,0.05,0.0142,0.0,3.55,157.104,-29557
2.1.0,20260828_111303_000,2026-08-28T11:13:03+05:30,2026-08-28T11:13:03+05:30,Asia/Kolkata,UPSTOX,NIFTY,2026-09-01,65,646d36d71cdae718,0.0,False,24156.3,24156.3,24122.6,24188.3,24106.55,24090.85,10.72,24150,24150,23600,-556.3,BELOW_SPOT,,60.0,60.0,NSE_FO|46969,593,-103,,-1,521,1,False,639.45,47.35,7.997,24.22,True,638.95,65,641.5,65,,,640.225,2.55,0.004,556.3,83.15,NSE_FO|46970,77362,26002,,228,215418,1114,False,3.9,-0.55,-12.3596,12.27,True,3.85,82680,3.9,34645,,,3.875,0.05,0.0129,0.0,3.9,130.4587,-26105
2.1.0,20260828_111303_000,2026-08-28T11:13:03+05:30,2026-08-28T11:13:03+05:30,Asia/Kolkata,UPSTOX,NIFTY,2026-09-01,65,646d36d71cdae718,0.0,False,24156.3,24156.3,24122.6,24188.3,24106.55,24090.85,10.72,24150,24150,23650,-506.3,BELOW_SPOT,,60.0,60.0,NSE_FO|46971,317,11,,0,195,0,False,578.95,36.6,6.7484,21.26,True,589.9,130,592.5,65,,,591.2,2.6,0.0044,506.3,72.65,NSE_FO|46972,38211,16126,,-135,173626,996,False,4.4,-1.0,-18.5185,11.66,True,4.35,12415,4.4,43550,,,4.375,0.05,0.0114,0.0,4.4,120.5394,-16115
2.1.0,20260828_111303_000,2026-08-28T11:13:03+05:30,2026-08-28T11:13:03+05:30,Asia/Kolkata,UPSTOX,NIFTY,2026-09-01,65,646d36d71cdae718,0.0,False,24156.3,24156.3,24122.6,24188.3,24106.55,24090.85,10.72,24150,24150,23700,-456.3,BELOW_SPOT,,60.0,60.0,NSE_FO|46973,2786,2,,0,1506,9,False,543.4,41.1,8.1824,21.96,True,540.5,260,542.55,130,,,541.525,2.05,0.0038,456.3,87.1,NSE_FO|46974,97662,19058,,-201,301294,1320,False,5.1,-1.65,-24.4444,11.05,True,5.1,13000,5.15,61685,,,5.125,0.05,0.0098,0.0,5.1,35.0546,-19056
2.1.0,20260828_111303_000,2026-08-28T11:13:03+05:30,2026-08-28T11:13:03+05:30,Asia/Kolkata,UPSTOX,NIFTY,2026-09-01,65,646d36d71cdae718,0.0,False,24156.3,24156.3,24122.6,24188.3,24106.55,24090.85,10.72,24150,24150,23750,-406.3,BELOW_SPOT,,60.0,60.0,NSE_FO|46975,664,114,,0,1121,4,False,491.7,38.0,8.3756,20.42,True,491.65,65,492.3,585,,,491.975,0.65,0.0013,406.3,85.4,NSE_FO|46976,48257,17228,,-46,253699,968,False,6.2,-2.4,-27.907,10.47,True,6.15,6630,6.2,35555,,,6.175,0.05,0.0081,0.0,6.2,72.6762,-17114
2.1.0,20260828_111303_000,2026-08-28T11:13:03+05:30,2026-08-28T11:13:03+05:30,Asia/Kolkata,UPSTOX,NIFTY,2026-09-01,65,646d36d71cdae718,0.0,False,24156.3,24156.3,24122.6,24188.3,24106.55,24090.85,10.72,24150,24150,23800,-356.3,BELOW_SPOT,,60.0,60.0,NSE_FO|46977,3114,204,,1,7649,18,False,443.4,41.0,10.1889,19.17,True,443.05,260,444.4,195,,,443.725,1.35,0.003,356.3,87.1,NSE_FO|46978,131568,33959,,-506,471264,2390,False,7.5,-3.6,-32.4324,9.95,True,7.45,31460,7.5,1170,,,7.475,0.05,0.0067,0.0,7.5,42.2505,-33755
2.1.0,20260828_111303_000,2026-08-28T11:13:03+05:30,2026-08-28T11:13:03+05:30,Asia/Kolkata,UPSTOX,NIFTY,2026-09-01,65,646d36d71cdae718,0.0,False,24156.3,24156.3,24122.6,24188.3,24106.55,24090.85,10.72,24150,24150,23850,-306.3,BELOW_SPOT,,60.0,60.0,NSE_FO|46979,1410,431,,-4,4066,13,False,395.45,40.2,11.316,17.96,True,395.2,1365,396.0,130,,,395.6,0.8,0.002,306.3,89.15,NSE_FO|46980,52839,24055,,103,286797,1714,False,9.6,-4.7,-32.8671,9.46,True,9.55,1235,9.6,34450,,,9.575,0.05,0.0052,0.0,9.6,37.4745,-23624
2.1.0,20260828_111303_000,2026-08-28T11:13:03+05:30,2026-08-28T11:13:03+05:30,Asia/Kolkata,UPSTOX,NIFTY,2026-09-01,65,646d36d71cdae718,0.0,False,24156.3,24156.3,24122.6,24188.3,24106.55,24090.85,10.72,24150,24150,23900,-256.3,BELOW_SPOT,,60.0,60.0,NSE_FO|46981,5051,1451,,-12,25128,164,False,349.6,35.85,11.4263,16.89,True,348.7,455,349.0,130,,,348.85,0.3,0.0009,256.3,93.3,NSE_FO|46982,113813,45830,,-1081,569732,6721,False,12.6,-6.65,-34.5455,9.03,True,12.55,12675,12.65,35490,,,12.6,0.1,0.0079,0.0,12.6,22.5328,-44379
2.1.0,20260828_111303_000,2026-08-28T11:13:03+05:30,2026-08-28T11:13:03+05:30,Asia/Kolkata,UPSTOX,NIFTY,2026-09-01,65,646d36d71cdae718,0.0,False,24156.3,24156.3,24122.6,24188.3,24106.55,24090.85,10.72,24150,24150,23950,-206.3,BELOW_SPOT,,60.0,60.0,NSE_FO|46983,3744,1569,,2,24565,139,False,303.35,34.1,12.6648,15.82,True,303.05,325,303.8,130,,,303.425,0.75,0.0025,206.3,97.05,NSE_FO|46984,63355,31537,,305,418229,3576,False,16.9,-8.65,-33.8552,8.59,True,16.95,780,17.0,5395,,,16.975,0.05,0.0029,0.0,16.9,16.9217,-29968
2.1.0,20260828_111303_000,2026-08-28T11:13:03+05:30,2026-08-28T11:13:03+05:30,Asia/Kolkata,UPSTOX,NIFTY,2026-09-01,65,646d36d71cdae718,0.0,False,24156.3,24156.3,24122.6,24188.3,24106.55,24090.85,10.72,24150,24150,24000,-156.3,BELOW_SPOT,,60.0,60.0,NSE_FO|46985,32885,6828,,106,234962,1753,False,260.35,32.6,14.3139,14.76,True,259.45,845,260.05,65,,,259.75,0.6,0.0023,156.3,104.05,NSE_FO|46986,205114,95796,,-220,1251929,21270,False,23.1,-12.0,-34.188,8.22,True,23.05,715,23.1,6955,,,23.075,0.05,0.0022,0.0,23.1,6.2373,-88968
2.1.0,20260828_111303_000,2026-08-28T11:13:03+05:30,2026-08-28T11:13:03+05:30,Asia/Kolkata,UPSTOX,NIFTY,2026-09-01,65,646d36d71cdae718,0.0,False,24156.3,24156.3,24122.6,24188.3,24106.55,24090.85,10.72,24150,24150,24050,-106.3,BELOW_SPOT,,60.0,60.0,NSE_FO|46987,16305,5882,,140,194473,1386,False,218.0,26.7,13.9571,13.82,True,217.95,260,218.55,780,,,218.25,0.6,0.0027,106.3,111.7,NSE_FO|46988,110422,73476,,-389,798318,6101,False,31.25,-15.4,-33.0118,7.81,True,31.15,1300,31.25,4225,,,31.2,0.1,0.0032,0.0,31.25,6.7723,-67594
2.1.0,20260828_111303_000,2026-08-28T11:13:03+05:30,2026-08-28T11:13:03+05:30,Asia/Kolkata,UPSTOX,NIFTY,2026-09-01,65,646d36d71cdae718,0.0,False,24156.3,24156.3,24122.6,24188.3,24106.55,24090.85,10.72,24150,24150,24100,-56.3,BELOW_SPOT,,60.0,60.0,NSE_FO|46989,76182,29697,,-325,1090948,8150,False,179.45,24.2,15.5878,13.0,True,179.0,325,179.45,585,,,179.225,0.45,0.0025,56.3,123.15,NSE_FO|46990,276969,192786,,-1493,2171860,19968,False,42.5,-19.65,-31.6171,7.45,True,42.5,390,42.6,5655,,,42.55,0.1,0.0024,0.0,42.5,3.6356,-163089
2.1.0,20260828_111303_000,2026-08-28T11:13:03+05:30,2026-08-28T11:13:03+05:30,Asia/Kolkata,UPSTOX,NIFTY,2026-09-01,65,646d36d71cdae718,0.0,False,24156.3,24156.3,24122.6,24188.3,24106.55,24090.85,10.72,24150,24150,24150,-6.3,ATM,,60.0,60.0,NSE_FO|46991,122118,61881,,1032,1486073,11075,False,143.6,16.75,13.2046,12.31,True,143.65,910,144.0,20865,,,143.825,0.35,0.0024,6.3,137.3,NSE_FO|46992,244750,190500,,-1401,2177290,27890,False,56.9,-22.05,-27.9291,7.0,True,56.75,4030,56.9,650,,,56.825,0.15,0.0026,0.0,56.9,2.0042,-128619
2.1.0,20260828_111303_000,2026-08-28T11:13:03+05:30,2026-08-28T11:13:03+05:30,Asia/Kolkata,UPSTOX,NIFTY,2026-09-01,65,646d36d71cdae718,0.0,False,24156.3,24156.3,24122.6,24188.3,24106.55,24090.85,10.72,24150,24150,24200,43.7,ABOVE_SPOT,,60.0,60.0,NSE_FO|46993,255530,101842,,-559,2072157,19611,False,112.4,13.65,13.8228,11.74,True,112.35,650,112.65,2210,,,112.5,0.3,0.0027,0.0,112.4,NSE_FO|46994,281680,180502,,-4752,1923090,22019,False,75.65,-27.15,-26.4105,6.45,True,75.65,3185,75.85,1430,,,75.75,0.2,0.0026,43.7,31.95,1.1023,-78660
2.1.0,20260828_111303_000,2026-08-28T11:13:03+05:30,2026-08-28T11:13:03+05:30,Asia/Kolkata,UPSTOX,NIFTY,2026-09-01,65,646d36d71cdae718,0.0,False,24156.3,24156.3,24122.6,24188.3,24106.55,24090.85,10.72,24150,24150,24250,93.7,ABOVE_SPOT,,60.0,60.0,NSE_FO|46995,157765,68753,,-246,1182478,9672,False,85.55,8.65,11.2484,11.23,True,85.35,3770,85.6,3250,,,85.475,0.25,0.0029,0.0,85.55,NSE_FO|46996,89416,48886,,-1288,628731,7406,False,98.5,-30.35,-23.5545,5.67,True,98.55,1170,98.8,650,,,98.675,0.25,0.0025,93.7,4.8,0.5668,19867
2.1.0,20260828_111303_000,2026-08-28T11:13:03+05:30,2026-08-28T11:13:03+05:30,Asia/Kolkata,UPSTOX,NIFTY,2026-09-01,65,646d36d71cdae718,0.0,False,24156.3,24156.3,24122.6,24188.3,24106.55,24090.85,10.72,24150,24150,24300,143.7,ABOVE_SPOT,,60.0,60.0,NSE_FO|46997,264193,60863,,-305,1496963,12062,False,63.35,5.4,9.3184,10.91,True,63.2,2795,63.25,65,,,63.225,0.05,0.0008,0.0,63.35,NSE_FO|46998,107905,31865,,-1030,704147,6860,False,126.6,-35.75,-22.0203,4.44,True,126.4,195,126.6,65,,,126.5,0.2,0.0016,143.7,-17.1,0.4084,28998
2.1.0,20260828_111303_000,2026-08-28T11:13:03+05:30,2026-08-28T11:13:03+05:30,Asia/Kolkata,UPSTOX,NIFTY,2026-09-01,65,646d36d71cdae718,0.0,False,24156.3,24156.3,24122.6,24188.3,24106.55,24090.85,10.72,24150,24150,24350,193.7,ABOVE_SPOT,,60.0,60.0,NSE_FO|46999,166753,43438,,-317,804560,6078,False,45.6,2.05,4.7072,10.6,True,45.45,2340,45.55,4550,,,45.5,0.1,0.0022,0.0,45.6,NSE_FO|47000,34876,9336,,68,154873,2002,False,158.9,-36.1,-18.5128,0.0,False,158.7,195,159.0,1040,,,158.85,0.3,0.0019,193.7,-34.8,0.2091,34102
2.1.0,20260828_111303_000,2026-08-28T11:13:03+05:30,2026-08-28T11:13:03+05:30,Asia/Kolkata,UPSTOX,NIFTY,2026-09-01,65,646d36d71cdae718,0.0,False,24156.3,24156.3,24122.6,24188.3,24106.55,24090.85,10.72,24150,24150,24400,243.7,ABOVE_SPOT,,60.0,60.0,NSE_FO|47001,229774,41561,,1574,1003370,11991,False,32.15,0.35,1.1006,10.42,True,32.05,5655,32.15,325,,,32.1,0.1,0.0031,0.0,32.15,NSE_FO|47002,41028,6225,,26,167402,1795,False,195.05,-39.6,-16.8762,0.0,False,195.0,5525,195.4,1170,,,195.2,0.4,0.002,243.7,-48.65,0.1786,35336
2.1.0,20260828_111303_000,2026-08-28T11:13:03+05:30,2026-08-28T11:13:03+05:30,Asia/Kolkata,UPSTOX,NIFTY,2026-09-01,65,646d36d71cdae718,0.0,False,24156.3,24156.3,24122.6,24188.3,24106.55,24090.85,10.72,24150,24150,24450,293.7,ABOVE_SPOT,,60.0,60.0,NSE_FO|47003,96674,15573,,360,539169,2794,False,22.25,-1.2,-5.1173,10.27,True,22.2,1560,22.25,4420,,,22.225,0.05,0.0022,0.0,22.25,NSE_FO|47004,10418,1460,,-45,25834,287,False,235.65,-39.0,-14.1999,0.0,False,235.2,260,235.85,520,,,235.525,0.65,0.0028,293.7,-58.05,0.1078,14113
2.1.0,20260828_111303_000,2026-08-28T11:13:03+05:30,2026-08-28T11:13:03+05:30,Asia/Kolkata,UPSTOX,NIFTY,2026-09-01,65,646d36d71cdae718,0.0,False,24156.3,24156.3,24122.6,24188.3,24106.55,24090.85,10.72,24150,24150,24500,343.7,ABOVE_SPOT,,60.0,60.0,NSE_FO|47005,219515,26622,,-708,910484,5213,False,15.5,-2.15,-12.1813,10.28,True,15.4,27235,15.45,3055,,,15.425,0.05,0.0032,0.0,15.5,NSE_FO|47006,35053,3450,,-28,71406,529,False,278.55,-38.95,-12.2677,0.0,False,278.0,1365,278.45,130,,,278.225,0.45,0.0016,343.7,-65.15,0.1597,23172
2.1.0,20260828_111303_000,2026-08-28T11:13:03+05:30,2026-08-28T11:13:03+05:30,Asia/Kolkata,UPSTOX,NIFTY,2026-09-01,65,646d36d71cdae718,0.0,False,24156.3,24156.3,24122.6,24188.3,24106.55,24090.85,10.72,24150,24150,24550,393.7,ABOVE_SPOT,,60.0,60.0,NSE_FO|47007,78754,14454,,-13,420439,1288,False,10.65,-2.05,-16.1417,10.33,True,10.6,16965,10.65,2860,,,10.625,0.05,0.0047,0.0,10.65,NSE_FO|47008,3397,420,,2,6705,135,False,324.2,-39.6,-10.8851,0.0,False,323.35,260,324.3,195,,,323.825,0.95,0.0029,393.7,-69.5,0.0431,14034
2.1.0,20260828_111303_000,2026-08-28T11:13:03+05:30,2026-08-28T11:13:03+05:30,Asia/Kolkata,UPSTOX,NIFTY,2026-09-01,65,646d36d71cdae718,0.0,False,24156.3,24156.3,24122.6,24188.3,24106.55,24090.85,10.72,24150,24150,24600,443.7,ABOVE_SPOT,,60.0,60.0,NSE_FO|47009,149897,26609,,74,502484,1604,False,7.4,-2.05,-21.6931,10.44,True,7.4,43745,7.45,975,,,7.425,0.05,0.0067,0.0,7.4,NSE_FO|47010,7920,-735,,7,9980,61,False,370.0,-40.9,-9.9538,0.0,False,369.8,130,370.85,130,,,370.325,1.05,0.0028,443.7,-73.7,0.0528,27344
2.1.0,20260828_111303_000,2026-08-28T11:13:03+05:30,2026-08-28T11:13:03+05:30,Asia/Kolkata,UPSTOX,NIFTY,2026-09-01,65,646d36d71cdae718,0.0,False,24156.3,24156.3,24122.6,24188.3,24106.55,24090.85,10.72,24150,24150,24650,493.7,ABOVE_SPOT,,60.0,60.0,NSE_FO|47011,61532,17717,,55,278221,418,False,5.45,-2.0,-26.8456,10.71,True,5.45,7345,5.5,28860,,,5.475,0.05,0.0091,0.0,5.45,NSE_FO|47012,1814,-219,,0,1360,1,False,418.7,-44.45,-9.5973,0.0,False,417.4,780,419.2,195,,,418.3,1.8,0.0043,493.7,-75.0,0.0295,17936
2.1.0,20260828_111303_000,2026-08-28T11:13:03+05:30,2026-08-28T11:13:03+05:30,Asia/Kolkata,UPSTOX,NIFTY,2026-09-01,65,646d36d71cdae718,0.0,False,24156.3,24156.3,24122.6,24188.3,24106.55,24090.85,10.72,24150,24150,24700,543.7,ABOVE_SPOT,,60.0,60.0,NSE_FO|47013,117123,16506,,-155,367659,940,False,4.15,-1.65,-28.4483,11.05,True,4.15,125450,4.2,54340,,,4.175,0.05,0.012,0.0,4.15,NSE_FO|47014,5931,1801,,9,7451,48,False,467.9,-45.5,-8.8625,0.0,False,466.85,195,468.3,325,,,467.575,1.45,0.0031,543.7,-75.8,0.0506,14705
2.1.0,20260828_111303_000,2026-08-28T11:13:03+05:30,2026-08-28T11:13:03+05:30,Asia/Kolkata,UPSTOX,NIFTY,2026-09-01,65,646d36d71cdae718,0.0,False,24156.3,24156.3,24122.6,24188.3,24106.55,24090.85,10.72,24150,24150,24750,593.7,ABOVE_SPOT,,60.0,60.0,NSE_FO|47015,57391,12036,,19,178367,228,False,3.4,-1.45,-29.8969,11.47,True,3.35,53560,3.4,27495,,,3.375,0.05,0.0148,0.0,3.4,NSE_FO|47016,1196,-41,,0,217,0,False,527.2,-29.0,-5.214,0.0,False,515.35,130,517.45,195,,,516.4,2.1,0.0041,593.7,-66.5,0.0208,12077
